"csd","pr","q_instab_can","q_ethno_can","q_econ_can","q_vuln_can","q_instab_pr","q_ethno_pr","q_econ_pr","q_vuln_pr"
1001101,"10",3,1,5,5,4,1,3,5
1001105,"10",1,1,5,2,2,1,5,1
1001113,"10",2,2,5,4,4,3,5,4
1001120,"10",5,1,5,1,5,1,5,1
1001124,"10",2,3,4,2,3,4,2,1
1001126,"10",2,3,4,3,3,5,2,2
1001131,"10",2,2,5,3,3,2,3,2
1001136,"10",4,1,5,3,5,1,3,3
1001144,"10",1,1,5,1,2,1,5,1
1001149,"10",1,2,5,4,3,2,5,3
1001155,"10",4,1,5,1,5,2,4,1
1001169,"10",2,1,5,3,4,1,5,3
1001174,"10",1,2,5,4,1,3,5,3
1001178,"10",2,1,5,1,4,1,5,1
1001181,"10",1,2,5,2,3,3,4,1
1001186,"10",1,1,5,1,2,1,5,1
1001192,"10",4,2,5,3,5,2,5,3
1001197,"10",5,1,3,3,5,1,1,2
1001203,"10",3,1,5,2,4,1,3,2
1001207,"10",3,1,5,1,5,1,5,1
1001214,"10",1,1,4,1,2,1,2,1
1001219,"10",5,2,3,1,5,2,1,1
1001225,"10",1,1,3,2,1,1,1,1
1001228,"10",5,2,5,3,5,3,2,2
1001234,"10",3,1,3,3,4,1,1,3
1001240,"10",3,2,5,2,5,3,3,2
1001254,"10",4,1,4,4,5,1,1,4
1001259,"10",1,1,5,2,3,1,5,1
1001263,"10",3,1,5,1,4,1,3,1
1001267,"10",2,1,5,4,3,1,3,4
1001270,"10",3,2,4,3,5,2,2,2
1001274,"10",1,3,4,4,1,4,1,4
1001277,"10",1,3,5,1,2,4,3,1
1001281,"10",3,1,5,2,5,1,5,2
1001285,"10",2,2,5,2,3,3,3,2
1001289,"10",1,2,5,2,1,3,2,2
1001293,"10",1,1,4,2,2,2,2,1
1001298,"10",3,3,4,3,5,4,2,2
1001304,"10",1,3,5,3,3,4,3,2
1001308,"10",1,1,3,1,1,1,1,1
1001312,"10",3,3,5,3,4,4,3,3
1001316,"10",3,1,5,4,5,1,5,4
1001321,"10",1,2,5,2,2,3,4,1
1001325,"10",4,1,5,4,5,2,5,4
1001328,"10",5,1,5,2,5,1,5,1
1001332,"10",2,2,5,3,4,2,4,3
1001335,"10",1,3,5,4,1,4,4,3
1001339,"10",3,2,5,4,4,3,4,3
1001343,"10",2,2,4,2,3,3,2,1
1001347,"10",2,2,5,3,3,3,3,2
1001352,"10",4,1,5,3,5,1,3,2
1001357,"10",1,3,5,2,2,4,4,2
1001361,"10",3,3,5,3,4,4,2,2
1001365,"10",3,3,5,3,4,5,2,3
1001370,"10",4,3,5,3,5,4,2,2
1001374,"10",1,2,2,1,1,2,1,1
1001375,"10",1,4,5,3,1,5,4,3
1001379,"10",3,3,5,4,5,5,3,3
1001385,"10",1,4,5,3,2,5,3,2
1001394,"10",3,2,4,3,4,3,2,2
1001396,"10",2,3,5,3,3,5,2,3
1001409,"10",2,3,4,3,3,4,1,2
1001415,"10",2,3,5,4,3,4,3,3
1001421,"10",2,3,4,2,3,4,2,2
1001426,"10",3,3,5,2,4,4,3,1
1001429,"10",4,1,4,2,5,2,2,1
1001434,"10",2,2,3,3,3,2,1,2
1001437,"10",3,4,5,4,5,5,4,4
1001441,"10",2,3,2,4,4,5,1,3
1001446,"10",3,4,5,3,4,5,4,3
1001452,"10",3,3,5,3,5,4,3,2
1001456,"10",2,4,5,4,4,5,3,3
1001461,"10",3,3,5,3,5,5,3,2
1001464,"10",4,2,4,2,5,2,2,2
1001469,"10",3,2,4,2,4,3,2,1
1001472,"10",2,3,4,1,3,4,1,1
1001485,"10",2,3,1,1,3,4,1,1
1001490,"10",4,2,5,4,5,2,5,4
1001494,"10",5,3,5,5,5,5,5,5
1001504,"10",1,3,1,1,2,4,1,1
1001505,"10",2,2,2,2,3,3,1,1
1001507,"10",1,3,1,1,2,5,1,1
1001509,"10",1,3,1,1,2,4,1,1
1001511,"10",1,2,1,1,1,3,1,1
1001512,"10",3,1,2,2,4,2,1,1
1001517,"10",2,2,1,1,3,3,1,1
1001519,"10",5,4,2,2,5,5,1,1
1001542,"10",3,3,2,2,5,4,1,1
1001551,"10",2,1,1,2,4,2,1,1
1001557,"10",1,3,2,2,3,5,1,1
1001559,"10",1,3,2,1,1,4,1,1
1001565,"10",3,5,1,4,4,5,1,4
1002001,"10",2,2,5,1,4,3,5,1
1002002,"10",1,2,3,1,2,3,1,1
1002005,"10",2,2,4,3,3,3,2,2
1002006,"10",3,2,3,3,4,3,1,3
1002008,"10",3,2,4,4,4,3,2,3
1002011,"10",1,2,4,3,2,3,2,3
1002012,"10",1,1,5,4,2,2,2,4
1002013,"10",1,4,5,5,2,5,3,5
1002014,"10",4,1,5,5,5,1,5,5
1002015,"10",1,1,5,5,2,1,4,5
1002016,"10",4,1,5,1,5,1,3,1
1002017,"10",2,2,5,3,4,3,4,3
1002018,"10",3,2,5,4,4,2,4,3
1002019,"10",3,2,5,3,4,2,4,2
1002021,"10",1,2,5,2,1,2,3,1
1002022,"10",2,2,4,2,4,3,2,1
1002023,"10",1,2,2,1,2,3,1,1
1002024,"10",4,3,5,3,5,5,2,2
1002025,"10",2,2,4,3,3,2,2,2
1002026,"10",1,3,5,4,1,5,4,4
1002027,"10",4,1,5,4,5,1,5,3
1002030,"10",1,5,5,5,1,5,4,5
1002031,"10",1,2,5,4,2,2,4,3
1002033,"10",4,1,5,4,5,1,4,3
1002034,"10",2,2,5,4,3,4,4,4
1002036,"10",1,4,5,4,1,5,4,4
1002037,"10",1,1,5,2,2,1,2,1
1002039,"10",1,4,5,5,2,5,3,5
1002040,"10",1,3,4,3,2,4,2,2
1002041,"10",1,1,5,2,3,1,5,2
1002048,"10",1,1,5,3,2,2,4,2
1002055,"10",5,3,5,5,5,5,2,5
1003002,"10",3,3,5,3,4,4,3,2
1003003,"10",1,2,5,4,1,2,3,4
1003004,"10",4,3,5,5,5,5,3,5
1003005,"10",1,4,5,5,2,5,4,5
1003008,"10",2,3,3,4,3,4,1,3
1003009,"10",5,2,5,1,5,3,3,1
1003010,"10",1,1,4,4,1,2,2,3
1003011,"10",1,2,5,4,2,2,2,3
1003012,"10",3,1,5,5,4,1,5,5
1003014,"10",2,2,4,4,3,2,2,4
1003018,"10",1,1,5,3,2,2,4,2
1003019,"10",1,1,5,5,2,2,3,5
1003020,"10",3,1,4,3,5,1,2,2
1003021,"10",1,1,5,1,1,1,5,1
1003024,"10",1,2,5,4,1,3,3,4
1003026,"10",2,1,5,3,4,1,5,2
1003028,"10",1,1,5,4,2,2,4,4
1003031,"10",1,3,5,4,1,5,3,3
1003032,"10",1,2,5,4,3,3,5,3
1003033,"10",1,3,5,3,1,4,3,2
1003034,"10",3,2,5,3,4,3,3,2
1003038,"10",1,1,5,5,1,1,3,5
1003045,"10",1,2,5,4,1,2,4,3
1003801,"10",1,4,3,5,2,5,1,5
1004001,"10",3,1,5,3,4,2,4,2
1004006,"10",1,2,5,5,3,3,4,5
1004011,"10",4,1,5,5,5,1,5,5
1004013,"10",1,2,5,5,2,3,3,5
1004016,"10",3,2,5,5,5,2,3,5
1004017,"10",3,1,4,5,4,1,2,5
1004018,"10",3,3,5,5,5,4,3,5
1004019,"10",5,3,5,5,5,5,2,5
1004020,"10",1,1,3,4,1,2,1,4
1004021,"10",3,2,5,5,4,3,4,5
1004022,"10",2,3,5,5,3,4,4,5
1004033,"10",1,3,5,5,3,4,4,5
1004037,"10",2,3,5,5,4,4,3,5
1004042,"10",2,1,5,4,4,1,4,4
1005001,"10",1,2,5,5,3,3,2,5
1005003,"10",1,2,5,4,1,3,5,4
1005004,"10",3,3,4,4,5,4,2,3
1005005,"10",1,2,5,4,1,2,4,4
1005006,"10",1,2,5,3,1,2,5,2
1005007,"10",1,2,5,4,1,2,5,4
1005008,"10",2,4,5,5,3,5,2,5
1005009,"10",2,4,4,4,4,5,2,4
1005010,"10",1,2,1,2,2,3,1,2
1005011,"10",1,1,4,1,2,1,2,1
1005012,"10",2,2,3,2,3,2,1,2
1005014,"10",2,2,4,4,3,3,1,4
1005015,"10",1,2,3,5,1,2,1,5
1005016,"10",1,2,3,1,1,3,1,1
1005017,"10",2,2,1,2,3,3,1,2
1005018,"10",5,3,4,4,5,4,2,3
1005020,"10",1,2,3,5,3,2,1,5
1005022,"10",1,2,5,5,2,3,3,5
1005023,"10",2,3,5,5,4,4,4,5
1005024,"10",2,1,5,4,4,1,4,4
1005025,"10",3,2,4,5,4,3,1,5
1005028,"10",1,3,3,4,1,4,1,3
1005030,"10",1,1,4,4,2,2,2,4
1005033,"10",1,2,3,4,1,3,1,3
1005035,"10",1,2,5,5,3,3,3,5
1006001,"10",1,3,5,3,2,5,2,3
1006003,"10",2,3,5,5,3,5,4,5
1006008,"10",2,1,5,5,3,2,4,5
1006009,"10",4,3,2,2,5,4,1,2
1006011,"10",1,2,4,3,2,2,2,3
1006012,"10",1,2,4,4,2,4,2,4
1006014,"10",1,4,5,1,2,5,5,1
1006015,"10",1,1,5,1,1,2,4,1
1006017,"10",4,3,4,3,5,4,2,2
1006019,"10",3,2,5,4,4,3,3,3
1006021,"10",3,4,5,5,4,5,3,5
1006022,"10",4,3,5,4,5,4,3,4
1006026,"10",1,2,5,3,1,3,4,2
1006028,"10",1,2,4,1,1,2,2,1
1006031,"10",5,1,5,3,5,1,4,2
1007001,"10",1,2,5,3,2,3,5,2
1007006,"10",1,2,5,3,3,3,2,3
1007009,"10",2,3,5,4,4,5,3,4
1007013,"10",4,3,2,2,5,4,1,1
1007014,"10",4,1,5,4,5,1,3,3
1007015,"10",1,1,5,2,2,2,3,2
1007016,"10",1,2,3,3,2,2,1,2
1007018,"10",1,1,5,4,3,1,5,3
1007020,"10",2,4,5,4,4,5,3,3
1007022,"10",4,3,5,4,5,5,4,4
1007023,"10",3,3,5,4,5,4,2,4
1007024,"10",5,1,5,4,5,1,5,4
1007027,"10",5,1,5,4,5,1,5,3
1007028,"10",1,2,5,3,2,2,5,2
1007031,"10",2,3,5,4,3,4,2,3
1007032,"10",3,2,5,1,4,3,5,1
1007036,"10",3,2,5,3,4,3,3,2
1007037,"10",1,3,5,1,2,4,4,1
1007038,"10",3,2,5,2,4,3,5,2
1007039,"10",2,1,5,1,3,2,4,1
1007040,"10",4,1,5,1,5,1,5,1
1007041,"10",2,3,5,4,3,4,5,4
1007042,"10",5,3,5,2,5,4,5,1
1007043,"10",3,2,5,4,4,3,4,3
1007044,"10",1,2,5,3,2,3,3,2
1007045,"10",1,1,3,4,1,1,1,3
1007046,"10",1,4,3,5,1,5,1,5
1007047,"10",2,3,5,3,4,4,3,3
1007048,"10",1,1,5,2,1,2,5,2
1007049,"10",1,3,5,4,2,5,4,4
1007050,"10",1,3,5,4,2,5,5,4
1007054,"10",1,3,5,4,2,4,3,4
1007056,"10",1,3,5,4,1,4,5,3
1007057,"10",2,4,5,5,3,5,3,5
1007060,"10",2,3,4,3,4,4,2,2
1007067,"10",1,3,5,5,2,5,4,5
1008001,"10",1,3,5,2,1,4,4,1
1008004,"10",1,1,5,2,2,1,3,2
1008006,"10",1,3,5,4,1,5,4,4
1008008,"10",2,3,5,5,3,4,4,5
1008011,"10",3,3,5,4,4,4,5,4
1008024,"10",1,1,5,2,3,1,4,1
1008026,"10",3,1,3,1,4,1,1,1
1008029,"10",2,4,5,4,3,5,3,3
1008031,"10",1,3,5,4,2,4,4,4
1008032,"10",3,2,5,5,4,3,5,5
1008033,"10",2,4,5,4,4,5,4,4
1008035,"10",3,2,5,3,4,3,5,2
1008036,"10",1,4,5,4,2,5,5,4
1008037,"10",1,3,5,4,2,4,3,4
1008038,"10",1,1,5,4,3,2,4,4
1008039,"10",1,3,5,3,2,4,4,3
1008040,"10",1,3,5,2,1,4,4,1
1008042,"10",1,3,5,4,1,5,3,4
1008043,"10",1,3,4,4,2,4,2,4
1008044,"10",3,2,5,3,4,3,3,2
1008045,"10",1,2,5,4,2,3,4,4
1008046,"10",3,3,5,5,5,4,5,5
1008047,"10",1,1,4,3,1,2,2,2
1008048,"10",2,2,4,4,4,2,2,3
1008049,"10",2,2,5,4,4,3,5,4
1008053,"10",4,3,5,4,5,5,4,4
1008054,"10",1,2,4,3,3,3,2,2
1008055,"10",1,4,4,3,1,5,2,2
1008056,"10",4,1,5,3,5,1,5,2
1008058,"10",2,2,5,3,3,2,4,2
1008059,"10",3,3,5,4,5,4,3,4
1008060,"10",2,2,5,4,3,3,4,4
1008061,"10",4,3,5,3,5,4,3,3
1008063,"10",3,1,5,4,4,1,5,4
1008065,"10",2,1,5,4,3,1,4,4
1008066,"10",3,1,4,4,4,1,2,3
1008067,"10",1,1,5,3,1,2,3,3
1008069,"10",2,2,4,3,3,3,2,2
1008071,"10",1,2,3,4,1,3,1,4
1008072,"10",1,3,4,4,1,5,1,4
1008074,"10",2,3,5,5,3,5,4,5
1008075,"10",4,4,5,4,5,5,4,3
1008076,"10",2,1,4,4,3,2,2,3
1008077,"10",4,1,5,5,5,1,5,5
1008078,"10",1,2,5,5,1,3,5,5
1008079,"10",2,3,4,3,3,5,2,2
1008091,"10",1,2,5,5,3,3,4,5
1008092,"10",1,1,2,4,1,2,1,3
1008093,"10",3,1,5,4,5,1,4,4
1008095,"10",1,3,5,5,1,4,4,5
1008096,"10",1,3,5,5,1,5,5,5
1008098,"10",2,3,5,4,4,4,5,4
1008099,"10",1,2,4,3,2,2,2,3
1009001,"10",1,2,5,5,1,3,5,5
1009004,"10",1,3,5,5,3,4,5,5
1009007,"10",1,3,4,4,2,4,2,4
1009008,"10",1,1,5,3,1,1,5,2
1009010,"10",4,4,5,5,5,5,3,5
1009011,"10",1,3,5,4,1,5,5,4
1009012,"10",1,3,5,4,1,4,4,3
1009013,"10",2,3,5,4,3,4,3,3
1009015,"10",1,1,5,4,2,1,3,4
1009016,"10",1,2,5,4,2,3,3,3
1009017,"10",3,1,5,4,5,2,5,4
1009018,"10",1,3,5,5,3,5,3,5
1009019,"10",2,2,3,5,4,3,1,5
1009020,"10",1,2,5,5,2,2,4,5
1009021,"10",1,3,5,4,2,4,4,4
1009022,"10",2,2,5,4,4,2,3,4
1009023,"10",1,4,5,4,1,5,5,3
1009024,"10",4,1,5,4,5,1,5,3
1009026,"10",1,2,4,3,2,3,2,2
1009028,"10",2,2,5,4,3,3,5,3
1009029,"10",2,4,4,2,4,5,2,1
1009030,"10",3,1,5,4,4,2,4,3
1009031,"10",1,3,5,4,1,4,4,4
1009032,"10",1,3,4,3,2,4,2,2
1009034,"10",2,1,5,4,4,1,5,3
1009035,"10",1,4,5,4,2,5,5,4
1009039,"10",2,4,4,4,3,5,1,4
1009041,"10",1,1,5,4,2,1,5,3
1009042,"10",3,1,5,2,5,1,5,1
1009047,"10",2,4,5,5,3,5,5,5
1009048,"10",2,1,3,4,3,1,1,4
1010001,"10",5,1,1,1,5,1,1,1
1010002,"10",1,4,5,4,1,5,3,4
1010003,"10",2,1,5,3,4,1,3,3
1010004,"10",1,1,3,4,1,2,1,4
1010005,"10",1,1,4,4,1,1,2,4
1010006,"10",2,1,5,1,3,2,3,1
1010007,"10",2,1,3,1,3,1,1,1
1010008,"10",1,1,4,5,1,2,2,5
1010009,"10",1,2,3,5,1,2,1,5
1010010,"10",1,1,4,5,1,1,2,5
1010011,"10",1,1,4,5,1,2,2,5
1010012,"10",1,1,4,5,2,1,2,5
1010013,"10",1,2,3,5,1,3,1,5
1010022,"10",1,2,2,5,2,3,1,5
1010025,"10",2,4,1,5,4,5,1,5
1010029,"10",4,1,1,1,5,1,1,1
1010032,"10",2,4,1,1,3,5,1,1
1010034,"10",1,2,1,1,2,2,1,1
1010801,"10",1,5,1,5,2,5,1,5
1011010,"10",1,5,3,5,1,5,1,5
1011015,"10",1,2,2,5,1,2,1,5
1011020,"10",1,3,2,5,1,4,1,5
1011030,"10",1,5,2,5,1,5,1,5
1011035,"10",1,5,1,5,1,5,1,5
1101002,"11",3,2,5,2,3,2,5,3
1101003,"11",3,1,2,3,3,1,4,4
1101004,"11",5,3,4,4,5,3,5,5
1101005,"11",2,3,2,3,2,2,4,4
1101020,"11",3,3,1,4,3,3,1,5
1101025,"11",1,4,4,4,1,5,5,5
1101027,"11",2,3,3,4,3,4,4,5
1101030,"11",2,3,1,1,2,3,2,1
1101033,"11",5,1,2,1,5,1,4,1
1101035,"11",3,1,1,2,3,1,2,3
1101036,"11",5,4,4,4,5,5,5,5
1101037,"11",4,5,2,4,4,5,4,5
1101040,"11",2,3,4,2,2,3,5,3
1101043,"11",2,2,3,2,2,2,4,3
1101044,"11",5,3,2,1,5,4,3,1
1101045,"11",5,4,3,3,4,4,4,4
1101048,"11",2,1,1,1,1,1,2,2
1101052,"11",2,4,1,3,3,4,2,4
1102002,"11",2,3,3,2,2,3,4,3
1102003,"11",3,1,2,2,3,1,3,3
1102005,"11",5,3,1,1,4,3,1,1
1102010,"11",2,2,1,1,1,2,1,2
1102011,"11",4,2,3,1,4,2,4,2
1102013,"11",4,4,2,1,4,4,3,1
1102015,"11",4,1,1,1,4,1,1,2
1102016,"11",2,3,1,2,2,3,2,3
1102017,"11",2,3,2,2,2,3,3,2
1102018,"11",3,3,2,2,3,4,3,3
1102019,"11",3,1,3,2,3,1,4,3
1102020,"11",2,2,1,1,2,2,1,1
1102021,"11",3,3,1,3,4,3,2,4
1102022,"11",2,3,1,1,1,3,1,1
1102030,"11",1,3,1,5,1,3,1,5
1102032,"11",1,2,2,1,1,2,4,1
1102034,"11",5,2,2,5,5,2,3,5
1102035,"11",5,3,1,1,5,4,1,2
1102037,"11",3,1,1,1,3,1,2,1
1102040,"11",3,3,1,2,3,2,3,3
1102043,"11",5,1,2,2,5,1,3,3
1102045,"11",1,2,2,2,1,2,4,3
1102046,"11",5,4,5,2,5,4,5,3
1102050,"11",1,4,4,3,1,5,5,4
1102051,"11",1,4,2,4,1,4,3,4
1102055,"11",2,2,1,1,1,2,1,2
1102057,"11",1,5,2,5,1,5,3,5
1102059,"11",5,2,1,4,5,2,1,5
1102061,"11",5,3,1,1,4,3,1,2
1102064,"11",2,3,1,1,2,3,2,2
1102066,"11",4,5,1,1,4,5,1,2
1102067,"11",3,3,1,1,3,4,2,1
1102068,"11",2,3,1,1,1,4,3,1
1102069,"11",4,3,1,1,4,3,1,1
1102070,"11",4,4,1,1,4,5,1,1
1102071,"11",2,2,2,1,2,2,3,2
1102072,"11",1,1,1,1,1,1,1,1
1102073,"11",3,4,1,2,3,4,2,3
1102075,"11",5,5,2,2,5,5,3,2
1102080,"11",4,5,1,1,4,5,2,1
1102085,"11",5,5,1,1,4,5,2,1
1103002,"11",2,1,1,1,1,1,1,2
1103003,"11",2,2,2,2,2,2,3,2
1103004,"11",2,1,1,1,2,1,2,2
1103005,"11",5,5,2,3,4,5,3,4
1103007,"11",2,2,2,1,2,2,4,2
1103008,"11",4,1,1,1,4,1,1,1
1103014,"11",5,4,4,3,5,4,5,4
1103015,"11",5,2,1,5,5,2,1,5
1103018,"11",5,1,1,1,5,1,2,1
1103020,"11",2,1,2,2,1,1,3,3
1103021,"11",2,2,1,2,1,2,2,3
1103022,"11",2,1,1,3,2,1,2,4
1103023,"11",1,4,3,4,1,4,4,5
1103024,"11",3,2,1,1,4,2,2,1
1103025,"11",5,4,3,3,5,5,4,4
1103027,"11",4,1,3,2,4,1,4,2
1103029,"11",5,3,4,2,5,3,5,3
1103033,"11",5,4,5,3,4,5,5,4
1103035,"11",3,4,1,5,3,5,1,5
1103039,"11",2,1,4,3,2,2,5,4
1103040,"11",2,4,1,1,2,4,3,2
1103042,"11",5,5,4,4,5,5,5,4
1103043,"11",3,3,3,4,3,4,4,5
1103050,"11",2,1,1,1,2,1,1,1
1103052,"11",5,4,4,3,5,4,5,4
1103053,"11",3,3,4,3,3,4,5,4
1103055,"11",1,4,1,4,1,4,2,5
1103057,"11",5,1,5,1,5,1,5,2
1103059,"11",5,5,3,3,5,5,4,4
1103060,"11",4,5,1,4,4,5,3,5
1103061,"11",1,3,2,2,1,3,3,3
1103062,"11",2,4,4,4,3,5,5,5
1103063,"11",3,4,5,4,3,5,5,5
1103064,"11",2,3,1,3,2,3,2,4
1103065,"11",2,3,3,3,2,3,4,4
1103066,"11",1,1,3,4,1,1,5,5
1103067,"11",2,2,1,2,2,2,2,3
1103068,"11",3,3,4,1,3,3,5,2
1201001,"12",3,2,3,4,2,1,3,4
1201004,"12",4,1,3,5,3,1,1,5
1201006,"12",3,2,4,4,2,1,4,3
1201008,"12",5,3,4,4,4,3,3,4
1201009,"12",5,1,5,3,4,1,5,3
1202001,"12",1,1,4,4,1,1,3,4
1202004,"12",2,2,3,4,1,1,2,3
1202006,"12",5,4,4,5,5,4,3,5
1202040,"12",4,5,4,5,3,5,3,5
1203001,"12",2,2,4,4,1,1,4,4
1203004,"12",4,3,5,4,3,3,5,4
1203006,"12",5,4,5,4,5,5,5,4
1203009,"12",4,5,2,5,3,5,1,5
1204010,"12",3,3,5,4,2,2,5,4
1204015,"12",4,4,2,5,3,4,1,5
1205001,"12",2,3,4,4,1,2,3,3
1205004,"12",4,3,5,3,2,2,5,3
1205008,"12",5,1,5,1,5,1,5,1
1205009,"12",4,3,4,3,3,2,4,2
1205014,"12",4,2,3,4,2,1,2,3
1205016,"12",5,4,4,4,5,4,4,3
1206001,"12",2,3,4,3,1,2,3,1
1206004,"12",5,4,4,3,5,4,3,2
1206006,"12",5,4,4,1,4,4,4,1
1206008,"12",5,4,5,1,4,4,5,1
1206009,"12",3,3,4,3,2,2,4,2
1206011,"12",5,5,3,5,4,5,2,5
1207001,"12",3,3,3,3,2,2,1,2
1207002,"12",5,3,2,4,5,2,1,4
1207004,"12",5,4,4,2,4,4,4,1
1207011,"12",5,4,3,2,4,4,2,1
1207012,"12",5,4,2,2,5,3,1,1
1207016,"12",4,4,3,3,3,3,2,2
1207021,"12",2,3,3,2,1,3,2,1
1207024,"12",5,5,3,2,5,5,2,1
1207027,"12",5,5,2,5,5,5,1,5
1208003,"12",3,3,3,3,2,3,2,2
1208008,"12",2,3,2,3,1,3,1,1
1208014,"12",5,4,2,5,4,4,1,5
1209019,"12",5,4,5,4,5,3,5,4
1209034,"12",5,5,1,2,4,5,1,1
1210001,"12",3,3,3,3,1,2,1,2
1210002,"12",5,2,3,3,4,1,2,2
1210003,"12",4,5,3,5,3,5,2,5
1210006,"12",5,4,3,3,5,4,3,3
1210008,"12",3,3,3,3,2,3,2,1
1210012,"12",3,2,4,3,2,1,3,2
1211001,"12",4,2,5,4,3,1,5,3
1211006,"12",4,2,4,4,3,1,4,4
1211009,"12",2,2,4,2,1,1,3,1
1211011,"12",5,4,4,4,5,3,3,4
1211012,"12",5,5,4,4,5,5,4,4
1211014,"12",3,2,5,3,2,1,5,3
1212001,"12",2,2,4,3,1,1,4,1
1212004,"12",5,4,4,4,4,3,4,3
1212006,"12",3,3,4,3,2,2,3,2
1212008,"12",5,4,4,4,4,3,3,3
1212009,"12",5,3,3,4,4,2,2,3
1212011,"12",2,3,4,3,1,2,3,2
1212014,"12",5,4,3,3,5,4,3,3
1212016,"12",4,3,3,4,3,3,3,4
1212019,"12",4,4,1,5,3,4,1,5
1213001,"12",3,1,5,4,2,1,5,3
1213004,"12",3,3,5,4,2,3,5,4
1213008,"12",2,3,4,4,1,3,4,4
1214001,"12",3,4,3,1,2,4,1,1
1214002,"12",5,5,3,3,5,5,2,2
1214006,"12",2,3,3,3,1,2,1,2
1214010,"12",5,5,2,5,5,5,1,5
1215001,"12",2,3,4,2,1,2,4,1
1215002,"12",5,4,3,3,4,4,2,2
1215006,"12",4,3,4,3,3,3,4,1
1215008,"12",4,5,1,5,3,5,1,5
1215011,"12",3,3,5,3,2,2,5,2
1216001,"12",3,3,5,4,1,2,5,4
1216006,"12",4,3,4,3,3,2,4,2
1216011,"12",3,4,5,3,2,4,5,3
1216014,"12",4,5,2,5,3,5,1,5
1217008,"12",5,5,3,5,4,5,2,5
1217020,"12",4,5,3,5,3,5,2,5
1217030,"12",5,4,4,4,4,4,4,3
1218001,"12",3,3,5,3,1,3,5,2
1218003,"12",5,5,3,5,4,5,2,5
1218006,"12",3,4,4,4,1,4,4,4
1301001,"13",2,3,4,3,2,4,3,3
1301002,"13",5,1,5,3,5,1,5,2
1301004,"13",2,3,2,2,1,3,1,2
1301006,"13",5,5,2,3,5,5,2,3
1301016,"13",2,2,3,2,2,2,2,2
1302001,"13",2,1,4,2,3,1,4,2
1302004,"13",2,5,5,3,2,5,5,3
1302006,"13",4,3,4,2,4,4,4,2
1302008,"13",3,1,4,3,3,1,3,2
1302011,"13",2,3,3,3,3,3,2,3
1302012,"13",4,5,3,4,4,5,2,4
1302014,"13",5,1,4,2,5,1,4,1
1302016,"13",2,4,2,3,2,5,2,2
1302018,"13",4,4,2,2,4,5,2,1
1302021,"13",2,2,5,3,1,2,5,2
1302024,"13",1,3,3,1,1,4,3,1
1302026,"13",5,3,3,1,5,4,3,1
1302028,"13",3,4,3,2,3,5,2,2
1302031,"13",1,2,4,1,1,3,3,1
1302034,"13",2,2,3,3,2,2,2,3
1302037,"13",5,4,3,3,5,5,3,3
1302039,"13",1,2,3,4,1,3,2,4
1302042,"13",3,4,4,3,3,5,3,3
1302044,"13",2,3,4,3,2,3,4,3
1302052,"13",4,1,2,3,4,1,1,3
1303001,"13",2,1,2,3,2,1,2,3
1303004,"13",3,2,2,3,3,3,2,3
1303005,"13",1,2,3,5,1,1,2,5
1303006,"13",2,3,4,4,2,5,4,4
1303008,"13",2,2,1,2,3,2,1,2
1303011,"13",1,3,1,3,1,3,1,3
1303012,"13",5,1,1,2,5,1,1,2
1303013,"13",5,5,3,5,5,5,2,5
1303014,"13",2,3,3,2,3,4,2,1
1303016,"13",2,2,1,2,2,2,1,2
1303018,"13",3,2,4,4,4,2,4,4
1304001,"13",2,1,3,3,2,1,3,3
1304004,"13",2,2,3,4,2,1,2,4
1304005,"13",3,1,4,1,3,1,4,1
1304006,"13",4,3,5,3,4,4,5,3
1304008,"13",3,1,5,2,3,1,4,2
1304011,"13",1,2,5,4,1,2,5,4
1304013,"13",3,2,5,2,3,1,5,2
1304014,"13",4,2,4,3,4,2,4,3
1304016,"13",2,3,5,4,2,3,5,5
1304018,"13",2,2,5,4,2,2,5,4
1304021,"13",2,2,4,2,2,1,4,2
1304022,"13",5,3,4,4,5,4,4,5
1304024,"13",2,1,4,3,2,1,4,3
1304025,"13",4,2,5,4,4,2,5,3
1305001,"13",4,3,4,4,4,4,3,4
1305004,"13",3,3,2,4,3,3,2,4
1305006,"13",1,3,2,2,1,3,2,2
1305007,"13",3,2,2,2,3,2,1,1
1305008,"13",1,4,1,1,1,5,1,1
1305011,"13",2,2,2,2,2,1,1,1
1305014,"13",2,2,2,2,1,1,2,1
1305015,"13",2,2,1,1,1,2,1,1
1305016,"13",1,2,2,2,1,2,1,1
1305018,"13",2,2,2,3,2,3,1,3
1305021,"13",2,2,2,3,2,3,1,2
1305022,"13",5,4,4,3,5,5,3,3
1305023,"13",4,3,4,2,4,3,4,2
1305024,"13",3,2,3,1,3,2,2,1
1305026,"13",3,1,3,3,3,1,2,3
1305028,"13",2,2,3,4,3,2,2,3
1305031,"13",2,2,3,2,2,2,2,2
1305034,"13",2,2,2,2,1,2,1,2
1305036,"13",1,1,3,1,1,1,2,1
1305038,"13",3,2,4,3,3,1,4,3
1305045,"13",3,3,1,1,3,4,1,1
1305057,"13",1,4,1,1,1,5,1,1
1306001,"13",2,1,3,4,3,1,3,3
1306003,"13",5,1,5,5,5,1,5,5
1306004,"13",2,3,5,4,2,4,5,4
1306006,"13",3,2,5,2,3,2,5,2
1306008,"13",3,2,4,3,3,2,4,3
1306011,"13",2,2,3,4,1,2,2,4
1306014,"13",1,3,2,2,1,3,1,1
1306020,"13",4,4,2,1,4,5,1,1
1306025,"13",4,2,3,2,4,2,3,2
1307001,"13",2,2,3,2,2,2,3,2
1307002,"13",5,4,5,5,5,5,5,5
1307004,"13",2,2,5,2,2,3,5,1
1307005,"13",2,3,3,2,1,4,2,2
1307007,"13",4,5,3,2,4,5,2,1
1307008,"13",2,3,2,3,2,4,1,2
1307009,"13",5,4,3,2,5,5,2,1
1307011,"13",2,3,4,4,1,4,3,3
1307012,"13",3,1,4,4,3,1,4,5
1307013,"13",2,2,2,2,2,3,1,1
1307016,"13",2,2,3,2,2,2,2,1
1307019,"13",1,2,1,1,1,2,1,1
1307022,"13",5,5,1,2,5,5,1,1
1307024,"13",2,3,3,3,2,4,2,3
1307028,"13",4,3,2,3,4,4,2,3
1307029,"13",4,3,3,3,4,4,3,3
1307045,"13",5,5,1,1,5,5,1,1
1307052,"13",5,4,3,1,5,5,3,1
1308001,"13",2,3,3,2,2,4,3,2
1308002,"13",3,2,3,2,3,3,2,2
1308003,"13",3,4,1,5,4,5,1,5
1308004,"13",2,3,4,4,2,4,3,4
1308005,"13",5,4,3,4,5,5,3,4
1308006,"13",2,4,4,3,2,5,4,3
1308007,"13",4,2,2,2,4,2,1,2
1308008,"13",2,3,4,4,2,4,4,4
1308010,"13",3,1,5,4,3,1,5,5
1308014,"13",3,2,4,4,3,2,4,5
1308015,"13",4,5,4,5,4,5,3,5
1308016,"13",2,4,3,4,1,5,3,5
1308017,"13",4,4,3,2,4,5,3,1
1308018,"13",5,5,5,4,5,5,5,5
1308019,"13",2,3,4,4,2,4,3,5
1308020,"13",2,5,4,5,2,5,3,5
1308021,"13",2,3,4,4,1,4,3,4
1308022,"13",5,4,5,5,5,5,5,5
1308024,"13",2,2,5,4,1,2,5,4
1308026,"13",3,3,5,4,3,3,5,5
1309001,"13",2,3,4,4,2,4,4,5
1309004,"13",3,3,3,4,3,4,3,3
1309006,"13",2,2,2,1,1,1,1,1
1309011,"13",3,2,4,2,3,1,3,1
1309014,"13",2,2,2,2,1,2,1,2
1309016,"13",2,3,5,4,2,4,5,5
1309017,"13",5,3,5,4,5,4,5,5
1309018,"13",2,4,5,4,2,5,5,4
1309019,"13",3,2,3,3,3,2,2,3
1309021,"13",1,2,5,4,1,3,5,4
1309022,"13",4,2,4,4,4,1,4,4
1309023,"13",5,1,1,5,5,1,1,5
1309026,"13",2,2,3,2,2,2,3,1
1309027,"13",3,3,5,4,3,3,5,4
1309028,"13",3,3,3,4,3,4,3,4
1309031,"13",1,4,5,4,1,5,5,4
1309035,"13",5,4,2,5,5,5,2,5
1309036,"13",2,4,5,5,2,5,5,5
1309038,"13",4,3,4,4,4,4,4,4
1309044,"13",4,5,3,5,5,5,2,5
1309050,"13",5,3,3,3,5,4,3,2
1310001,"13",1,2,1,1,1,2,1,1
1310002,"13",1,3,1,1,1,4,1,1
1310004,"13",2,2,3,2,2,2,2,1
1310005,"13",5,2,4,1,5,1,4,1
1310006,"13",4,2,4,4,4,2,4,4
1310007,"13",5,2,5,1,5,3,5,1
1310008,"13",4,1,5,1,4,1,5,1
1310011,"13",3,1,4,1,3,1,4,1
1310012,"13",2,2,4,1,2,3,4,1
1310013,"13",2,1,3,1,1,1,2,1
1310014,"13",2,4,3,1,1,5,2,1
1310016,"13",2,2,3,3,2,2,2,2
1310017,"13",1,2,1,1,1,3,1,1
1310018,"13",1,2,2,1,1,2,1,1
1310019,"13",5,4,3,5,5,5,2,5
1310021,"13",2,2,4,2,2,1,4,1
1310024,"13",2,2,3,4,2,2,2,3
1310025,"13",5,2,5,3,5,3,5,3
1310026,"13",1,3,3,3,1,4,2,3
1310028,"13",1,2,1,2,1,3,1,2
1310031,"13",1,3,1,2,1,3,1,2
1310032,"13",5,5,1,1,5,5,1,1
1310034,"13",4,5,2,5,4,5,2,5
1310036,"13",1,3,4,4,1,4,4,5
1310037,"13",4,1,4,2,4,1,4,2
1310054,"13",4,2,5,2,4,2,5,2
1311001,"13",1,4,2,3,1,5,1,3
1311004,"13",3,3,1,2,3,4,1,2
1311005,"13",5,4,1,5,5,5,1,5
1311006,"13",5,4,2,3,5,5,2,2
1311008,"13",3,5,2,1,3,5,1,1
1311011,"13",2,2,2,4,2,3,1,4
1311012,"13",5,2,2,1,5,2,1,1
1311014,"13",3,2,2,2,3,1,1,2
1311018,"13",2,2,3,3,2,3,3,3
1311019,"13",5,1,4,1,5,1,3,1
1311021,"13",4,2,1,2,4,2,1,2
1311024,"13",3,3,3,4,4,4,2,4
1311026,"13",3,2,4,4,3,2,4,5
1311027,"13",4,3,2,1,4,4,1,1
1311028,"13",3,3,3,4,3,3,3,4
1311030,"13",5,1,3,4,5,1,3,4
1311031,"13",1,2,2,4,1,2,1,3
1312001,"13",1,4,3,4,1,5,3,4
1312002,"13",5,2,5,4,5,2,5,4
1312004,"13",1,2,3,4,1,3,3,3
1312006,"13",5,3,4,4,5,4,4,4
1312007,"13",4,4,2,5,4,5,1,5
1312008,"13",3,3,4,4,3,4,4,3
1312009,"13",5,1,5,3,5,1,5,2
1312011,"13",3,1,5,1,3,1,5,1
1312014,"13",2,2,4,4,2,3,4,4
1312016,"13",3,2,2,3,3,3,2,3
1312019,"13",5,3,4,3,5,4,4,2
1312021,"13",1,2,2,3,1,1,1,3
1312023,"13",3,2,2,3,4,1,2,3
1313002,"13",2,2,3,4,1,3,2,4
1313004,"13",2,1,1,2,2,1,1,2
1313006,"13",5,4,3,4,5,5,2,3
1313008,"13",4,4,4,4,4,5,4,5
1313011,"13",2,3,4,4,1,4,4,5
1313012,"13",4,3,5,4,4,3,5,4
1313014,"13",4,2,4,3,4,2,3,3
1313015,"13",2,3,4,4,1,4,4,4
1313018,"13",2,3,4,3,3,3,4,3
1313020,"13",5,2,2,5,5,2,2,5
1313022,"13",1,2,2,2,1,3,2,2
1313024,"13",2,3,3,3,2,3,3,2
1313027,"13",5,3,4,2,5,3,3,2
1313031,"13",3,3,3,3,3,4,2,2
1313037,"13",2,1,5,3,2,1,5,3
1314001,"13",4,3,5,5,4,4,5,5
1314003,"13",4,1,5,4,4,1,5,4
1314004,"13",2,2,4,2,1,1,4,2
1314005,"13",2,4,4,5,1,5,4,5
1314006,"13",3,2,3,3,3,1,2,3
1314008,"13",2,1,3,3,3,1,3,2
1314010,"13",4,3,2,5,5,3,1,5
1314011,"13",2,2,3,4,3,1,3,4
1314012,"13",3,2,4,4,3,2,3,4
1314013,"13",3,2,4,4,3,3,3,4
1314014,"13",5,3,4,4,5,4,4,4
1314015,"13",1,1,3,1,1,1,3,1
1314016,"13",5,2,5,5,5,3,5,5
1314017,"13",5,2,5,4,5,3,5,4
1314020,"13",4,2,4,4,4,3,4,4
1314021,"13",2,3,2,4,2,4,1,4
1314022,"13",5,2,3,4,5,1,3,4
1314025,"13",4,2,5,4,4,2,5,5
1314026,"13",4,4,1,5,4,5,1,5
1315002,"13",3,4,4,4,4,5,4,5
1315006,"13",2,3,5,4,2,3,5,5
1315008,"13",1,2,3,3,1,3,3,3
1315010,"13",5,3,1,5,5,3,1,5
1315011,"13",5,3,4,3,5,4,4,3
1315012,"13",2,2,3,3,2,3,3,3
1315013,"13",1,2,4,4,1,2,4,4
1315014,"13",5,3,4,3,5,4,4,2
1315015,"13",4,2,4,2,4,2,4,2
1315016,"13",2,1,5,4,3,1,5,4
1315017,"13",4,2,5,5,4,3,5,5
1315019,"13",4,4,5,5,4,5,5,5
1315020,"13",4,2,4,4,4,3,3,4
1315021,"13",4,4,5,5,4,5,4,5
1315022,"13",3,2,4,3,4,3,4,3
1315024,"13",3,3,5,4,3,4,5,4
1315026,"13",3,3,4,4,4,3,3,5
1315027,"13",3,2,5,4,4,2,5,5
1315028,"13",5,2,4,3,5,2,3,2
1315029,"13",3,3,5,5,3,4,5,5
1315030,"13",2,3,4,4,2,4,4,5
1315031,"13",5,3,3,4,5,4,3,4
1315032,"13",4,3,4,4,4,4,3,4
1315033,"13",3,2,5,5,4,2,5,5
1315036,"13",3,2,5,4,3,2,5,4
1315037,"13",3,3,4,3,3,4,4,2
1315038,"13",3,3,5,3,4,3,5,3
1315040,"13",5,2,5,4,5,1,5,5
2401023,"24",3,2,3,3,3,3,3,4
2401042,"24",3,3,4,4,2,4,4,5
2402005,"24",4,2,5,5,4,4,5,5
2402010,"24",2,2,4,4,1,3,4,5
2402015,"24",5,4,5,5,5,5,5,5
2402028,"24",5,3,5,4,4,4,5,5
2402047,"24",4,3,5,5,4,5,5,5
2403005,"24",4,3,3,3,3,4,3,4
2403010,"24",3,1,5,4,3,1,5,4
2403015,"24",4,1,5,4,4,1,5,5
2403020,"24",3,1,5,2,3,1,5,2
2403025,"24",5,1,4,4,5,1,4,4
2404005,"24",5,1,5,4,5,1,5,5
2404010,"24",4,3,5,5,3,4,5,5
2404015,"24",3,1,4,4,3,1,4,5
2404020,"24",5,2,5,5,5,3,5,5
2404025,"24",3,2,5,5,3,3,5,5
2404030,"24",1,2,3,5,1,4,3,5
2404037,"24",5,3,5,4,5,4,5,5
2404047,"24",4,2,5,4,4,3,5,4
2404902,"24",2,2,4,5,2,3,5,5
2405010,"24",4,2,5,4,4,2,5,5
2405015,"24",4,2,5,4,3,3,5,5
2405020,"24",2,5,4,5,1,5,4,5
2405025,"24",4,1,5,4,4,2,5,4
2405032,"24",4,2,5,4,4,3,5,4
2405040,"24",3,3,5,4,3,4,5,5
2405045,"24",5,2,4,3,5,3,4,3
2405050,"24",3,2,4,5,2,3,4,5
2405055,"24",3,2,3,2,3,3,3,2
2405060,"24",4,2,4,3,4,2,5,3
2405065,"24",3,2,4,2,2,4,4,3
2405070,"24",4,2,4,4,4,3,4,4
2405077,"24",3,2,4,4,2,3,4,4
2406005,"24",4,2,4,2,3,3,4,1
2406013,"24",5,2,4,2,5,2,4,2
2406020,"24",4,2,4,3,3,2,4,3
2406025,"24",2,4,5,5,2,5,5,5
2406030,"24",5,3,4,4,5,4,4,5
2406035,"24",3,3,5,4,2,4,5,5
2406040,"24",5,3,5,4,5,4,5,4
2406045,"24",5,1,5,3,5,1,5,3
2406050,"24",4,1,5,3,4,2,5,3
2406055,"24",3,2,5,5,2,2,5,5
2406060,"24",4,1,5,5,4,1,5,5
2406802,"24",4,4,1,5,3,5,1,5
2407005,"24",4,2,4,4,3,3,5,5
2407010,"24",4,1,5,5,3,1,5,5
2407018,"24",5,2,4,4,5,2,4,4
2407025,"24",2,1,4,4,2,1,4,4
2407030,"24",2,2,4,2,1,2,4,2
2407035,"24",3,1,5,4,3,1,5,5
2407040,"24",3,1,2,2,2,1,2,2
2407047,"24",5,2,4,2,5,2,4,2
2407057,"24",4,1,3,3,4,2,3,4
2407065,"24",3,4,4,4,2,5,4,4
2407070,"24",4,2,5,4,3,2,5,5
2407075,"24",5,1,5,3,5,1,5,4
2407080,"24",5,2,4,3,4,3,4,4
2407085,"24",4,2,5,4,4,3,5,4
2407090,"24",3,4,5,5,2,5,5,5
2407095,"24",5,1,5,4,5,1,5,5
2407100,"24",5,1,4,4,5,1,4,5
2407105,"24",2,1,4,3,1,1,4,3
2408005,"24",4,2,5,4,4,2,5,5
2408010,"24",4,4,5,5,3,5,5,5
2408015,"24",5,2,5,5,5,3,5,5
2408023,"24",4,2,4,4,4,2,5,5
2408030,"24",4,2,5,4,3,2,5,4
2408035,"24",2,1,4,4,1,1,4,5
2408040,"24",2,1,4,2,1,1,4,2
2408053,"24",5,2,4,3,5,2,4,3
2408065,"24",4,1,4,3,4,1,4,4
2408073,"24",3,1,4,2,2,1,4,2
2408080,"24",4,1,4,2,3,1,4,2
2409005,"24",3,2,5,5,3,3,5,5
2409010,"24",2,3,5,5,1,4,5,5
2409015,"24",5,2,5,4,5,2,5,5
2409020,"24",4,2,4,3,4,2,4,3
2409025,"24",4,1,3,3,4,2,3,4
2409030,"24",3,1,1,3,3,1,1,4
2409035,"24",5,3,5,4,5,4,5,5
2409040,"24",2,2,5,4,1,3,5,4
2409048,"24",4,1,5,3,4,1,5,4
2409055,"24",2,1,4,4,1,1,4,5
2409060,"24",5,1,5,3,5,1,5,3
2409065,"24",4,2,4,4,4,3,4,5
2409070,"24",2,1,4,1,2,1,4,1
2409077,"24",5,2,5,4,5,3,5,4
2409085,"24",4,1,4,2,4,2,4,2
2409092,"24",4,1,3,2,4,2,3,2
2410005,"24",4,2,5,4,4,3,5,5
2410010,"24",5,1,5,4,5,1,5,5
2410015,"24",3,2,4,3,2,2,4,3
2410025,"24",4,1,4,2,3,1,4,2
2410030,"24",3,2,2,1,2,2,1,1
2410043,"24",5,2,3,1,5,3,3,1
2410060,"24",2,2,2,3,2,3,2,4
2410070,"24",4,1,4,4,3,2,4,4
2410075,"24",4,2,4,4,4,4,4,4
2411005,"24",5,1,3,4,5,1,3,4
2411010,"24",4,2,4,4,4,3,4,4
2411015,"24",4,1,5,3,4,2,5,4
2411020,"24",5,1,5,5,5,1,5,5
2411025,"24",5,1,4,4,5,1,4,5
2411030,"24",4,1,4,4,3,1,4,5
2411035,"24",1,1,3,2,1,1,3,2
2411040,"24",5,1,5,3,5,1,5,3
2411045,"24",3,1,4,3,2,1,4,3
2411050,"24",3,1,2,2,3,1,2,2
2411055,"24",2,1,5,1,2,1,5,1
2412005,"24",4,1,2,3,4,1,2,3
2412010,"24",3,1,4,3,3,1,4,4
2412015,"24",4,1,1,2,3,2,1,1
2412020,"24",2,2,1,2,1,3,1,2
2412025,"24",5,1,3,3,5,1,3,3
2412030,"24",4,1,3,3,4,1,3,4
2412035,"24",3,1,4,4,3,1,4,5
2412043,"24",5,1,3,2,4,1,3,2
2412045,"24",2,1,5,1,1,1,5,1
2412057,"24",4,2,3,2,4,2,3,2
2412065,"24",2,1,2,1,2,2,2,1
2412072,"24",5,3,3,2,5,4,3,2
2412080,"24",2,1,3,1,2,1,3,1
2413005,"24",5,2,4,4,5,2,4,4
2413010,"24",4,1,5,4,4,1,5,5
2413015,"24",2,1,4,3,1,2,4,3
2413020,"24",4,1,4,3,4,1,4,4
2413025,"24",4,2,5,4,4,3,5,5
2413030,"24",4,2,3,4,3,3,3,4
2413040,"24",3,1,5,4,2,2,5,5
2413045,"24",4,3,3,4,4,4,3,4
2413050,"24",4,2,5,5,4,3,5,5
2413055,"24",5,1,5,3,5,1,5,3
2413060,"24",3,2,5,3,3,2,5,4
2413065,"24",3,1,5,3,3,1,5,3
2413073,"24",5,2,4,3,5,2,4,3
2413075,"24",4,1,3,4,4,1,3,5
2413080,"24",3,1,4,2,3,1,4,1
2413085,"24",3,3,3,5,2,4,3,5
2413090,"24",3,2,4,4,3,3,5,5
2413095,"24",3,1,4,3,3,1,5,3
2413100,"24",4,2,4,5,3,3,4,5
2414005,"24",4,2,5,2,3,2,5,3
2414010,"24",3,2,3,3,2,3,3,4
2414018,"24",4,2,4,2,4,2,4,2
2414025,"24",3,1,3,3,2,1,3,4
2414030,"24",2,1,2,3,1,2,2,3
2414035,"24",3,2,2,2,3,3,2,2
2414040,"24",5,1,2,1,5,2,2,1
2414045,"24",3,1,1,1,2,1,1,1
2414050,"24",3,1,4,1,2,1,4,1
2414055,"24",1,1,4,3,1,1,4,3
2414060,"24",4,2,4,4,4,2,4,4
2414065,"24",2,2,4,2,2,2,4,2
2414070,"24",4,2,5,2,4,3,5,3
2414075,"24",3,2,4,3,2,2,4,4
2414080,"24",4,2,4,3,3,2,4,3
2414085,"24",5,1,3,2,5,2,3,2
2414090,"24",2,2,3,2,1,3,3,2
2415005,"24",3,1,5,1,2,1,5,1
2415013,"24",4,2,4,2,4,3,4,2
2415025,"24",1,3,4,2,1,4,4,2
2415030,"24",2,2,3,2,2,3,3,2
2415035,"24",5,2,4,2,5,2,4,2
2415058,"24",3,2,5,2,3,2,5,2
2415065,"24",5,1,5,5,5,1,5,5
2415902,"24",5,4,2,1,5,5,2,1
2415904,"24",3,4,5,3,2,5,5,4
2416005,"24",2,2,3,1,1,3,3,1
2416013,"24",5,3,4,2,5,4,4,2
2416023,"24",4,1,5,1,4,1,5,1
2416048,"24",3,3,4,1,2,5,4,1
2416050,"24",3,2,3,3,3,3,3,3
2416055,"24",3,2,4,2,2,3,4,2
2417005,"24",5,1,3,3,5,1,3,3
2417010,"24",4,1,4,4,3,1,5,4
2417015,"24",3,1,4,5,2,1,4,5
2417020,"24",3,1,5,2,2,1,5,2
2417025,"24",2,1,4,4,2,1,4,5
2417030,"24",4,2,4,4,4,2,4,5
2417035,"24",4,1,5,5,4,1,5,5
2417040,"24",3,1,4,4,3,1,4,4
2417045,"24",4,2,4,3,4,2,5,4
2417055,"24",4,2,4,2,3,3,4,3
2417060,"24",4,1,3,2,3,2,3,2
2417065,"24",3,3,3,2,3,4,3,1
2417070,"24",5,2,4,2,5,2,4,2
2417078,"24",4,2,3,3,4,2,3,3
2418005,"24",5,1,5,4,5,1,5,5
2418010,"24",2,1,5,4,1,1,5,5
2418015,"24",4,1,5,4,4,1,5,4
2418020,"24",5,1,5,4,5,1,5,4
2418025,"24",4,1,5,5,4,1,5,5
2418030,"24",4,2,5,4,4,3,5,4
2418035,"24",3,1,5,4,3,2,5,5
2418040,"24",4,1,4,4,4,1,4,5
2418045,"24",3,2,3,2,3,3,3,2
2418050,"24",5,2,4,3,5,4,4,3
2418055,"24",3,1,2,2,3,1,2,1
2418060,"24",3,2,3,2,3,3,3,2
2418065,"24",3,2,3,1,3,2,3,1
2418070,"24",4,1,1,2,3,1,1,2
2419005,"24",5,1,5,4,5,2,5,4
2419010,"24",3,1,3,3,3,1,3,3
2419015,"24",2,1,4,4,2,2,5,5
2419020,"24",4,1,5,4,4,1,5,4
2419025,"24",4,1,2,3,4,2,2,3
2419030,"24",5,2,3,3,5,3,3,3
2419037,"24",4,2,5,4,4,3,5,4
2419045,"24",2,1,5,1,1,1,5,1
2419050,"24",4,2,1,2,3,2,1,2
2419055,"24",4,2,2,2,4,2,2,1
2419062,"24",4,3,2,1,4,5,2,1
2419068,"24",4,2,1,1,3,3,1,1
2419070,"24",2,2,1,1,2,2,1,1
2419075,"24",3,2,1,1,2,2,1,1
2419082,"24",3,2,3,3,3,3,3,4
2419090,"24",3,2,3,2,2,3,3,2
2419097,"24",3,2,1,1,3,3,1,1
2419105,"24",1,2,1,1,1,3,1,1
2419110,"24",2,2,3,1,1,3,3,1
2419117,"24",4,1,2,1,3,1,2,1
2420005,"24",1,1,2,1,1,1,2,1
2420010,"24",1,2,4,1,1,3,4,1
2420015,"24",3,4,3,1,3,5,3,1
2420020,"24",1,2,2,1,1,2,2,1
2420025,"24",3,2,2,1,2,2,2,1
2420030,"24",2,3,4,1,1,4,4,1
2421005,"24",4,2,3,3,4,2,3,4
2421010,"24",3,1,2,1,3,1,2,1
2421020,"24",4,3,3,2,3,4,3,2
2421025,"24",5,2,3,1,5,2,3,1
2421030,"24",5,3,4,3,5,4,4,4
2421035,"24",3,2,2,2,3,3,2,2
2421040,"24",3,2,1,1,2,3,1,1
2421045,"24",1,3,1,1,1,4,1,1
2422005,"24",3,2,1,1,2,3,1,1
2422010,"24",2,1,1,1,1,1,1,1
2422015,"24",1,1,5,1,1,2,5,1
2422020,"24",3,2,1,1,2,2,1,1
2422025,"24",3,3,1,1,2,4,1,1
2422030,"24",2,3,1,1,1,4,1,1
2422035,"24",2,2,1,1,1,2,1,1
2422040,"24",1,2,1,1,1,4,1,1
2422045,"24",2,2,1,1,1,3,1,1
2423027,"24",5,4,2,1,5,5,2,1
2423057,"24",4,3,2,1,3,4,2,1
2423072,"24",3,3,2,1,2,4,2,1
2423802,"24",4,1,2,5,3,1,2,5
2425213,"24",5,3,1,1,5,4,1,1
2426005,"24",2,1,3,2,2,1,3,2
2426010,"24",1,3,2,2,1,4,2,1
2426015,"24",4,1,2,2,4,1,2,1
2426022,"24",3,2,1,1,3,3,1,1
2426030,"24",4,3,2,1,4,4,1,1
2426035,"24",4,1,1,3,4,2,1,3
2426040,"24",3,2,2,1,3,2,2,1
2426048,"24",3,2,1,1,2,3,1,1
2426055,"24",3,3,1,3,2,4,1,3
2426063,"24",3,2,1,1,3,3,1,1
2426070,"24",2,2,1,1,1,4,1,1
2427008,"24",2,1,3,2,2,2,3,2
2427015,"24",2,3,1,3,1,4,1,3
2427028,"24",5,2,2,3,4,3,2,3
2427035,"24",2,2,3,3,2,3,3,3
2427043,"24",4,2,2,2,4,3,2,2
2427050,"24",2,2,2,2,1,2,2,3
2427055,"24",2,2,2,3,1,3,2,3
2427060,"24",4,2,3,2,3,3,3,2
2427065,"24",4,2,2,3,3,3,2,3
2427070,"24",3,2,5,3,3,3,5,3
2428005,"24",3,2,4,4,2,3,4,5
2428015,"24",4,1,4,4,4,1,4,4
2428020,"24",4,2,3,2,3,3,3,2
2428025,"24",3,2,2,3,2,2,2,4
2428030,"24",3,1,2,3,3,1,2,3
2428035,"24",2,1,4,3,1,1,4,3
2428040,"24",1,2,5,4,1,3,5,4
2428045,"24",4,3,2,2,3,5,2,2
2428053,"24",5,2,4,2,4,2,4,2
2428060,"24",4,2,5,3,4,3,5,4
2428065,"24",5,1,5,1,4,1,5,1
2428070,"24",5,1,5,4,5,1,5,5
2428075,"24",4,1,5,4,4,2,5,5
2429005,"24",3,1,3,5,3,1,3,5
2429013,"24",3,3,3,4,2,4,3,4
2429020,"24",3,2,3,3,2,3,3,3
2429025,"24",2,4,3,3,2,5,3,3
2429030,"24",5,4,3,2,5,5,3,2
2429038,"24",4,2,2,3,4,3,2,4
2429045,"24",4,2,2,3,4,3,2,4
2429050,"24",2,4,1,2,2,5,1,3
2429057,"24",3,2,3,3,2,3,3,3
2429065,"24",2,2,3,3,2,2,3,3
2429073,"24",5,3,3,2,5,4,3,2
2429095,"24",1,1,3,1,1,1,3,1
2429100,"24",3,2,2,3,3,2,1,4
2429112,"24",3,2,2,3,2,2,2,4
2429120,"24",4,1,1,2,4,2,1,1
2429125,"24",2,2,1,1,1,2,1,1
2430005,"24",3,2,4,4,2,4,4,4
2430010,"24",4,4,5,4,4,5,5,5
2430015,"24",4,1,5,2,4,1,5,2
2430020,"24",2,4,5,3,1,5,5,4
2430025,"24",2,2,2,2,1,2,2,1
2430030,"24",5,2,4,2,5,3,5,2
2430035,"24",3,2,3,3,2,2,3,4
2430040,"24",3,2,3,3,2,4,3,4
2430045,"24",3,3,2,3,3,4,2,4
2430050,"24",1,2,3,2,1,2,3,2
2430055,"24",3,3,3,3,2,4,3,3
2430070,"24",1,3,4,5,1,4,4,5
2430072,"24",3,2,2,4,2,2,2,4
2430080,"24",4,1,3,4,4,1,3,4
2430085,"24",2,1,3,3,2,1,3,3
2430090,"24",4,4,4,4,4,5,5,5
2430095,"24",4,1,4,4,4,2,4,4
2430100,"24",2,1,4,3,1,1,4,3
2430105,"24",2,1,2,2,1,1,2,2
2430110,"24",3,1,5,1,2,1,5,1
2431008,"24",3,2,5,2,2,2,5,2
2431015,"24",5,2,5,3,5,2,5,3
2431020,"24",3,2,4,2,2,3,4,2
2431025,"24",5,1,5,1,5,1,5,1
2431030,"24",4,1,2,4,4,1,2,4
2431035,"24",2,2,5,2,1,2,5,3
2431040,"24",1,2,4,2,1,2,4,2
2431045,"24",4,2,5,3,3,3,5,3
2431050,"24",1,4,5,3,1,5,5,4
2431056,"24",2,2,3,2,2,2,3,1
2431060,"24",2,4,1,3,1,5,1,3
2431084,"24",5,2,4,2,5,3,4,2
2431095,"24",2,2,2,3,1,3,2,3
2431100,"24",4,1,2,2,4,1,2,2
2431105,"24",3,3,2,3,2,4,2,3
2431122,"24",4,2,4,3,4,3,4,3
2431130,"24",2,2,3,3,1,2,3,3
2431135,"24",3,1,3,2,3,1,3,2
2431140,"24",2,3,4,2,1,4,4,1
2432013,"24",4,1,4,2,3,2,4,1
2432023,"24",1,2,3,3,1,2,2,3
2432033,"24",5,2,2,3,5,3,2,3
2432040,"24",5,3,4,2,5,4,4,2
2432045,"24",2,2,2,2,1,3,2,2
2432050,"24",4,1,2,4,4,1,2,4
2432058,"24",4,1,3,3,4,1,3,3
2432065,"24",4,4,3,3,4,5,3,4
2432072,"24",3,1,3,3,2,1,3,3
2432080,"24",2,2,2,3,2,4,2,3
2432085,"24",3,3,2,4,2,4,2,5
2433007,"24",3,1,2,2,3,1,2,1
2433017,"24",4,1,2,3,3,1,2,3
2433025,"24",3,2,2,3,2,2,2,3
2433030,"24",4,2,1,1,3,3,1,1
2433035,"24",4,2,2,2,4,3,2,2
2433040,"24",4,2,2,4,4,2,2,4
2433045,"24",4,2,1,2,4,3,1,2
2433052,"24",4,3,2,3,3,4,2,3
2433060,"24",5,2,2,2,5,3,2,2
2433065,"24",3,2,4,3,2,3,4,3
2433070,"24",3,3,2,4,3,5,2,5
2433080,"24",4,3,2,3,4,5,2,3
2433085,"24",2,2,1,2,1,2,1,1
2433090,"24",4,2,1,1,4,3,1,1
2433095,"24",2,2,3,1,2,4,3,1
2433102,"24",5,2,3,2,5,3,3,2
2433115,"24",4,1,5,1,4,1,5,1
2433123,"24",4,1,4,3,4,1,4,3
2434007,"24",2,2,2,1,1,2,2,1
2434017,"24",3,3,1,1,3,4,1,1
2434025,"24",5,3,2,1,5,4,2,1
2434030,"24",2,2,2,1,1,2,2,1
2434038,"24",4,2,3,3,4,2,3,3
2434048,"24",4,2,4,2,4,3,4,2
2434058,"24",4,1,3,2,4,1,3,2
2434060,"24",2,1,3,1,1,2,3,1
2434065,"24",5,2,4,3,5,3,4,3
2434078,"24",4,1,4,3,4,1,4,3
2434085,"24",4,2,4,4,4,2,5,4
2434090,"24",4,1,5,3,3,2,5,3
2434097,"24",5,1,4,3,5,1,4,3
2434105,"24",4,2,4,1,3,2,4,1
2434115,"24",4,2,3,2,4,2,3,2
2434120,"24",2,1,3,1,1,1,3,1
2434128,"24",4,2,2,2,3,2,2,2
2434135,"24",2,1,4,4,1,2,5,4
2435005,"24",5,1,5,3,5,1,5,4
2435010,"24",4,1,5,2,4,1,5,1
2435015,"24",4,1,4,2,3,1,4,2
2435020,"24",4,1,3,2,4,1,3,2
2435027,"24",5,1,5,3,5,1,5,3
2435035,"24",3,2,4,3,3,3,4,3
2435040,"24",4,1,5,1,3,1,5,1
2435045,"24",3,1,2,3,3,1,1,4
2435050,"24",5,2,5,3,5,2,5,3
2435055,"24",4,1,5,2,4,1,5,2
2436033,"24",5,2,4,3,5,4,4,3
2437067,"24",5,3,3,2,5,5,3,2
2437205,"24",5,1,5,3,5,2,5,3
2437210,"24",3,1,5,1,3,2,5,1
2437215,"24",4,1,4,2,3,1,4,2
2437220,"24",3,1,4,1,3,1,4,1
2437225,"24",3,1,2,3,2,1,2,4
2437230,"24",2,2,1,2,2,3,1,2
2437235,"24",3,2,2,2,2,3,2,2
2437240,"24",4,3,4,3,4,4,4,3
2437245,"24",4,1,4,2,4,1,4,2
2437250,"24",5,1,5,2,5,1,5,2
2438005,"24",3,2,3,2,2,2,3,3
2438010,"24",4,2,2,2,4,2,2,2
2438015,"24",4,1,4,2,4,1,4,2
2438020,"24",4,3,3,4,4,4,3,5
2438028,"24",4,2,5,4,4,3,5,5
2438035,"24",3,3,2,4,2,4,2,4
2438040,"24",4,1,4,4,4,1,5,5
2438047,"24",3,2,5,3,3,3,5,3
2438055,"24",3,4,5,3,3,5,5,4
2438060,"24",2,3,1,3,1,4,1,3
2438065,"24",4,3,4,3,4,4,5,4
2438070,"24",5,2,5,2,5,2,5,3
2438802,"24",5,1,2,5,5,1,2,5
2439005,"24",3,1,5,4,2,1,5,5
2439010,"24",5,3,5,3,4,4,5,4
2439015,"24",5,2,2,4,5,3,2,5
2439020,"24",2,2,3,2,1,3,3,1
2439025,"24",3,2,2,2,2,3,2,2
2439030,"24",3,2,2,3,2,3,2,3
2439035,"24",4,2,1,1,3,3,1,1
2439043,"24",2,3,2,3,1,4,2,3
2439060,"24",1,2,1,1,1,3,1,1
2439062,"24",5,3,3,2,5,4,3,2
2439077,"24",5,3,2,2,5,4,2,2
2439085,"24",2,2,1,3,1,3,1,4
2439090,"24",2,4,1,4,1,5,1,4
2439097,"24",2,1,1,1,2,2,1,1
2439105,"24",4,4,3,2,4,5,3,2
2439117,"24",3,2,3,3,2,2,3,3
2439130,"24",3,3,2,3,3,4,2,4
2439135,"24",2,2,2,2,1,3,2,2
2439145,"24",2,3,1,4,1,4,1,4
2439152,"24",5,2,3,4,5,3,3,4
2439165,"24",4,3,4,3,4,4,4,3
2439170,"24",3,2,2,3,2,3,2,4
2440005,"24",3,1,5,1,2,1,5,1
2440010,"24",3,3,3,3,2,4,3,4
2440017,"24",3,1,3,2,2,2,3,2
2440025,"24",4,1,3,2,4,1,3,2
2440032,"24",1,2,3,2,1,3,3,2
2440043,"24",5,3,5,4,5,4,5,4
2440047,"24",4,2,3,3,4,2,3,4
2441012,"24",4,1,4,3,3,1,4,3
2441020,"24",3,2,4,3,3,2,4,3
2441027,"24",5,2,4,4,4,3,5,5
2441037,"24",3,2,3,3,3,2,3,4
2441038,"24",4,2,2,3,3,4,2,3
2441055,"24",3,3,1,2,2,4,1,1
2441060,"24",5,3,3,4,5,4,3,4
2441065,"24",2,3,3,3,2,5,3,3
2441070,"24",3,3,4,4,2,4,4,4
2441075,"24",4,1,5,5,3,2,5,5
2441080,"24",3,1,4,5,3,2,4,5
2441085,"24",4,1,4,3,4,1,4,3
2441098,"24",5,2,4,3,5,3,4,4
2441117,"24",3,2,3,2,3,2,3,2
2442005,"24",2,2,2,1,1,3,2,1
2442020,"24",3,2,1,2,3,3,1,2
2442025,"24",2,2,1,1,1,3,1,1
2442032,"24",2,2,2,1,1,2,2,1
2442040,"24",3,2,3,2,3,2,3,2
2442045,"24",5,3,3,4,5,4,3,4
2442050,"24",2,2,2,3,2,3,2,4
2442055,"24",5,2,3,2,5,3,3,2
2442060,"24",2,1,3,2,1,1,3,2
2442065,"24",2,3,4,4,2,4,4,4
2442070,"24",5,1,2,4,5,1,1,5
2442075,"24",1,2,3,2,1,2,3,2
2442078,"24",2,2,1,1,1,3,1,1
2442088,"24",5,2,2,3,5,3,2,3
2442095,"24",3,2,1,2,2,2,1,3
2442098,"24",5,2,3,3,5,2,3,4
2442100,"24",2,2,2,2,1,3,2,2
2442110,"24",3,2,3,2,2,3,3,3
2443027,"24",5,5,2,2,5,5,2,2
2444003,"24",2,1,2,4,2,1,2,4
2444005,"24",5,1,5,1,5,1,5,1
2444010,"24",3,1,4,3,3,1,4,4
2444015,"24",1,2,3,3,1,4,3,3
2444023,"24",3,3,1,4,2,4,1,5
2444037,"24",5,3,3,3,5,4,3,3
2444045,"24",3,2,3,2,2,3,3,2
2444050,"24",2,3,3,2,2,4,3,2
2444055,"24",2,1,1,3,1,1,1,4
2444060,"24",3,1,3,1,3,1,3,1
2444071,"24",3,2,2,2,2,3,2,2
2444080,"24",5,3,1,3,4,5,1,3
2445008,"24",5,3,4,4,5,5,4,5
2445020,"24",2,5,5,2,1,5,5,1
2445025,"24",2,2,4,1,1,4,4,1
2445030,"24",3,2,5,2,3,4,5,2
2445035,"24",5,2,2,2,5,3,2,2
2445043,"24",1,1,3,1,1,2,3,1
2445050,"24",5,3,5,1,5,5,5,1
2445055,"24",1,2,2,1,1,4,2,1
2445060,"24",2,2,3,1,1,3,3,1
2445072,"24",5,3,4,2,5,4,4,2
2445085,"24",2,2,4,1,2,2,4,1
2445093,"24",3,2,3,1,3,3,3,1
2445095,"24",3,2,5,1,2,3,5,1
2445100,"24",3,1,4,1,2,2,4,1
2445105,"24",2,2,3,2,2,2,2,2
2445115,"24",2,1,2,1,1,2,2,1
2446005,"24",5,1,5,1,5,1,5,1
2446010,"24",4,3,3,1,3,4,3,1
2446017,"24",4,2,3,2,3,3,3,1
2446025,"24",3,3,4,3,2,4,4,3
2446030,"24",4,2,1,1,3,2,1,1
2446035,"24",5,3,4,3,5,4,4,4
2446040,"24",1,2,2,2,1,3,2,2
2446045,"24",2,3,4,4,1,4,4,4
2446050,"24",3,2,2,1,2,3,2,1
2446058,"24",5,2,5,1,5,3,5,1
2446065,"24",2,2,4,1,1,3,4,1
2446070,"24",2,4,4,1,1,5,4,1
2446075,"24",4,2,4,1,4,3,4,1
2446078,"24",4,2,1,1,4,3,1,1
2446080,"24",5,3,3,3,5,5,3,3
2446085,"24",4,2,2,1,4,3,2,1
2446090,"24",2,2,2,2,1,3,2,2
2446095,"24",2,4,2,3,1,5,2,3
2446100,"24",4,1,2,3,4,1,2,3
2446105,"24",2,3,1,2,1,4,1,2
2446112,"24",5,3,2,3,5,5,2,3
2447010,"24",1,3,1,2,1,4,1,2
2447017,"24",5,4,3,2,5,5,3,2
2447025,"24",5,4,3,4,5,5,3,4
2447030,"24",4,3,4,4,4,4,4,4
2447035,"24",1,2,2,1,1,3,2,1
2447040,"24",2,3,2,3,1,5,2,3
2447047,"24",3,3,1,3,3,4,1,3
2447055,"24",2,3,1,3,1,4,1,3
2448005,"24",3,3,3,3,2,5,3,4
2448010,"24",5,3,3,4,5,4,3,4
2448015,"24",2,3,2,3,1,4,2,3
2448020,"24",4,3,4,4,3,4,4,5
2448028,"24",5,3,3,3,5,4,3,4
2448038,"24",4,3,2,3,4,4,2,3
2448045,"24",3,3,2,3,2,4,2,3
2448050,"24",1,4,2,2,1,5,2,2
2449005,"24",3,2,3,4,3,2,3,4
2449015,"24",4,3,2,4,3,4,2,4
2449020,"24",3,3,1,3,2,4,1,3
2449025,"24",2,3,2,2,1,4,2,2
2449030,"24",3,3,2,3,3,4,2,3
2449040,"24",4,3,1,3,3,5,1,3
2449048,"24",4,3,1,2,4,4,1,2
2449058,"24",5,4,3,2,5,5,3,2
2449070,"24",3,3,1,2,2,4,1,2
2449075,"24",5,3,2,2,5,4,2,3
2449080,"24",2,2,3,3,1,3,3,3
2449085,"24",3,4,2,3,2,5,2,4
2449095,"24",2,3,1,2,1,4,1,2
2449100,"24",1,2,1,1,1,2,1,1
2449105,"24",3,2,2,3,3,3,2,4
2449113,"24",4,1,2,4,3,2,2,4
2449125,"24",2,2,2,2,1,3,2,2
2449130,"24",1,2,2,2,1,4,2,2
2450005,"24",4,2,2,3,3,2,2,3
2450013,"24",5,3,1,4,5,4,1,5
2450023,"24",2,3,3,2,1,4,4,3
2450030,"24",5,1,2,2,5,1,2,2
2450035,"24",2,1,1,3,2,2,1,3
2450042,"24",4,2,2,3,4,3,2,3
2450050,"24",4,1,2,1,3,2,2,1
2450057,"24",4,1,1,2,4,1,1,2
2450065,"24",2,3,1,1,1,4,1,1
2450072,"24",5,2,3,2,5,3,3,2
2450085,"24",3,1,3,4,3,1,3,4
2450090,"24",3,2,2,4,2,3,2,4
2450095,"24",2,1,3,2,1,2,3,2
2450100,"24",2,2,3,3,1,2,3,3
2450113,"24",5,2,4,4,5,3,4,4
2450128,"24",5,1,4,3,5,1,4,3
2450802,"24",4,1,2,5,3,1,2,5
2451008,"24",5,3,4,3,4,5,4,3
2451015,"24",5,3,5,4,5,5,5,4
2451020,"24",4,3,3,4,4,4,3,4
2451025,"24",3,2,3,4,3,3,3,4
2451030,"24",3,2,3,1,3,3,3,1
2451035,"24",3,2,3,4,2,2,3,4
2451040,"24",4,1,3,3,4,2,3,4
2451045,"24",3,2,5,4,2,3,5,4
2451050,"24",3,3,4,4,2,5,4,4
2451055,"24",5,1,5,4,5,2,5,5
2451060,"24",5,2,4,4,4,2,4,4
2451065,"24",5,3,5,4,4,4,5,4
2451070,"24",4,1,3,2,3,1,3,1
2451075,"24",3,1,4,2,2,2,4,2
2451080,"24",4,3,3,3,4,4,3,3
2451085,"24",3,2,2,2,2,3,2,1
2451090,"24",2,2,2,2,1,2,2,1
2452007,"24",4,4,2,3,3,5,1,3
2452017,"24",4,3,2,2,3,4,2,2
2452030,"24",3,3,2,3,2,4,2,3
2452035,"24",5,4,4,4,5,5,4,5
2452040,"24",2,3,3,3,2,4,3,3
2452045,"24",3,2,3,1,3,3,3,1
2452050,"24",3,2,4,2,2,4,4,2
2452055,"24",4,2,3,4,4,3,3,5
2452062,"24",4,3,3,4,3,4,3,5
2452070,"24",3,3,3,4,3,4,3,4
2452075,"24",3,2,4,4,2,2,4,5
2452080,"24",5,4,5,4,5,5,5,5
2452085,"24",4,2,4,3,3,2,4,3
2452090,"24",3,2,5,2,3,4,5,2
2452095,"24",4,2,5,4,4,3,5,4
2453005,"24",3,3,2,4,3,4,2,4
2453010,"24",5,3,4,5,5,5,4,5
2453015,"24",2,2,1,2,1,2,1,2
2453020,"24",2,2,3,3,1,3,3,3
2453025,"24",2,2,2,1,2,2,2,1
2453032,"24",3,2,3,2,2,3,3,2
2453040,"24",3,2,1,2,3,3,1,2
2453050,"24",5,4,5,5,5,5,5,5
2453052,"24",5,3,4,3,5,4,4,3
2453065,"24",2,2,3,1,2,2,3,1
2453072,"24",4,2,3,4,4,2,3,4
2453085,"24",5,2,3,3,5,3,3,4
2454008,"24",4,3,1,3,4,4,1,3
2454017,"24",3,2,1,2,2,3,1,2
2454025,"24",4,2,1,2,4,3,1,2
2454030,"24",3,2,1,2,2,3,1,2
2454035,"24",3,2,1,1,3,3,1,1
2454048,"24",5,5,3,2,5,5,3,2
2454060,"24",4,3,1,2,3,4,1,2
2454065,"24",2,2,1,3,1,3,1,3
2454072,"24",3,3,1,2,2,4,1,3
2454090,"24",3,3,1,3,2,4,1,3
2454095,"24",4,3,1,3,4,4,1,3
2454100,"24",2,2,1,2,2,3,1,2
2454105,"24",3,2,2,3,2,3,2,3
2454110,"24",2,3,2,2,2,4,2,2
2454115,"24",3,1,2,3,2,1,2,3
2454120,"24",3,2,2,4,2,2,2,4
2454125,"24",5,1,3,3,5,1,3,3
2455008,"24",5,2,1,2,5,3,1,2
2455015,"24",3,3,2,3,2,4,2,3
2455023,"24",5,3,1,3,5,4,1,3
2455030,"24",2,2,1,3,1,3,1,3
2455037,"24",4,4,1,3,4,5,1,3
2455048,"24",5,4,1,2,5,5,1,2
2455057,"24",5,3,2,2,5,5,2,1
2455065,"24",3,3,2,2,3,4,2,1
2456005,"24",4,2,5,1,3,3,5,1
2456010,"24",3,3,5,2,3,5,5,2
2456015,"24",4,4,3,4,3,5,3,4
2456023,"24",4,3,2,3,4,4,2,3
2456030,"24",1,3,2,1,1,4,2,1
2456035,"24",3,3,3,3,3,4,3,3
2456042,"24",4,3,2,3,3,5,2,4
2456050,"24",2,3,1,2,2,5,1,2
2456055,"24",3,3,1,3,2,4,1,3
2456060,"24",3,3,1,3,2,4,1,3
2456065,"24",2,2,1,2,1,3,1,2
2456083,"24",5,4,2,2,5,5,2,2
2456097,"24",1,3,1,2,1,5,1,2
2456105,"24",3,3,1,3,2,4,1,3
2457005,"24",4,4,1,1,4,5,1,1
2457010,"24",2,4,1,1,1,5,1,1
2457020,"24",2,4,1,1,2,5,1,1
2457025,"24",5,3,1,2,5,4,1,1
2457030,"24",2,3,1,1,2,4,1,1
2457033,"24",4,3,1,2,3,4,1,2
2457035,"24",3,3,1,1,3,4,1,1
2457040,"24",4,3,1,1,4,5,1,1
2457045,"24",2,2,1,1,1,3,1,1
2457050,"24",1,2,1,1,1,3,1,1
2457057,"24",2,2,2,1,2,2,2,1
2457068,"24",4,3,2,2,3,4,2,2
2457075,"24",2,2,1,1,1,2,1,1
2458007,"24",5,5,2,1,5,5,2,1
2458012,"24",5,5,2,1,5,5,2,1
2458033,"24",2,4,2,1,2,5,2,1
2458037,"24",2,4,2,1,1,5,2,1
2458227,"24",5,5,2,2,5,5,2,2
2459010,"24",3,4,1,1,2,5,1,1
2459015,"24",4,4,1,2,3,5,1,3
2459020,"24",3,3,1,1,2,4,1,1
2459025,"24",3,3,2,2,2,4,1,1
2459030,"24",1,1,2,2,1,2,2,2
2459035,"24",5,4,1,1,5,5,1,1
2460005,"24",5,5,3,2,5,5,3,2
2460013,"24",4,5,2,1,3,5,2,1
2460020,"24",4,3,1,2,4,5,1,2
2460028,"24",4,4,1,2,4,5,1,1
2460037,"24",4,4,1,3,4,5,1,4
2461005,"24",4,3,1,2,3,5,1,2
2461013,"24",5,3,2,3,5,5,2,3
2461020,"24",5,4,2,3,5,5,2,4
2461025,"24",5,5,4,4,5,5,4,4
2461027,"24",4,3,2,2,4,4,2,2
2461030,"24",5,3,3,2,5,4,3,1
2461035,"24",5,3,4,2,5,5,5,2
2461040,"24",4,3,2,2,3,5,2,2
2461045,"24",4,3,2,3,3,4,2,3
2461050,"24",4,3,2,2,3,4,2,3
2462007,"24",5,3,3,3,5,5,3,3
2462015,"24",4,2,4,3,4,3,4,3
2462020,"24",4,2,4,3,4,3,4,3
2462025,"24",5,2,4,3,5,3,4,3
2462030,"24",4,3,3,3,3,4,3,3
2462037,"24",5,4,4,4,5,5,4,4
2462047,"24",5,3,5,4,5,4,5,4
2462053,"24",4,1,4,1,4,1,4,1
2462055,"24",5,1,5,1,5,1,5,1
2462060,"24",5,2,5,2,5,3,5,2
2462065,"24",4,2,5,3,4,4,5,4
2462070,"24",5,3,5,4,4,4,5,4
2462075,"24",5,3,5,3,4,4,5,3
2462080,"24",5,2,5,2,5,2,5,3
2462085,"24",5,2,5,4,5,2,5,4
2462802,"24",1,5,1,5,1,5,1,5
2462912,"24",1,1,3,4,1,1,3,5
2463005,"24",4,3,2,3,3,5,2,4
2463013,"24",5,3,2,3,5,4,2,3
2463023,"24",3,2,1,2,3,3,1,2
2463030,"24",5,2,2,3,5,3,2,3
2463035,"24",4,4,2,3,4,5,2,3
2463040,"24",1,3,2,2,1,5,2,2
2463048,"24",5,4,1,3,4,5,1,4
2463055,"24",4,4,4,4,4,5,4,5
2463060,"24",4,3,2,3,3,5,2,4
2463065,"24",2,2,2,2,2,2,2,2
2464008,"24",4,5,1,2,3,5,1,2
2464015,"24",4,4,1,1,4,5,1,1
2465005,"24",5,5,2,2,4,5,2,1
2466007,"24",5,5,1,4,5,5,1,5
2466023,"24",5,5,2,2,5,5,1,2
2466032,"24",5,5,2,1,5,5,2,1
2466047,"24",3,5,1,1,2,5,1,1
2466058,"24",5,5,3,1,5,5,3,1
2466062,"24",3,5,1,1,2,5,1,1
2466072,"24",4,5,1,1,3,5,1,1
2466087,"24",5,5,2,2,5,5,2,1
2466097,"24",4,5,2,1,4,5,2,1
2466102,"24",1,5,2,1,1,5,2,1
2466107,"24",1,5,1,1,1,5,1,1
2466112,"24",1,5,2,1,1,5,2,1
2466117,"24",5,5,1,1,5,5,1,1
2466127,"24",1,5,2,1,1,5,2,1
2466142,"24",3,5,2,1,2,5,2,1
2467005,"24",2,3,1,2,2,4,1,2
2467010,"24",3,4,1,1,3,5,1,1
2467015,"24",4,5,1,1,4,5,1,1
2467020,"24",3,5,1,1,3,5,1,1
2467025,"24",4,5,1,2,4,5,1,1
2467030,"24",4,5,1,2,4,5,1,1
2467035,"24",3,5,1,1,3,5,1,1
2467040,"24",3,4,1,2,2,5,1,2
2467045,"24",3,5,1,1,2,5,1,1
2467050,"24",4,5,2,2,4,5,2,2
2467055,"24",2,3,2,1,2,4,2,1
2468005,"24",1,3,2,4,1,4,2,4
2468010,"24",5,4,3,4,5,5,3,4
2468015,"24",2,4,3,3,2,5,3,3
2468020,"24",4,4,1,4,4,5,1,4
2468025,"24",3,3,1,4,2,5,1,4
2468030,"24",5,4,2,2,5,5,1,2
2468035,"24",2,2,2,2,1,3,2,2
2468040,"24",2,2,1,2,2,3,1,1
2468045,"24",2,4,1,3,1,5,1,3
2468050,"24",2,3,1,2,2,4,1,2
2468055,"24",5,4,2,3,5,5,2,3
2469005,"24",4,3,4,4,3,5,4,5
2469010,"24",3,2,4,2,2,3,4,2
2469017,"24",4,4,3,4,4,5,3,5
2469025,"24",5,2,1,4,5,3,1,4
2469030,"24",2,4,1,3,1,5,1,3
2469037,"24",5,3,3,3,5,4,3,4
2469045,"24",4,2,4,4,3,3,4,4
2469050,"24",3,2,4,3,2,3,4,3
2469055,"24",5,3,4,5,5,5,4,5
2469060,"24",3,3,3,3,3,4,3,3
2469065,"24",4,3,3,3,3,5,3,3
2469070,"24",3,3,4,3,2,4,4,3
2469075,"24",1,3,4,4,1,4,4,4
2470005,"24",2,3,1,2,2,4,1,2
2470012,"24",4,3,1,2,4,5,1,3
2470022,"24",5,4,2,3,5,5,2,3
2470030,"24",2,2,1,1,1,3,1,1
2470035,"24",3,3,1,2,3,4,1,2
2470040,"24",3,2,2,2,3,3,2,2
2470052,"24",5,4,3,3,5,5,3,4
2471005,"24",2,3,1,2,1,4,1,2
2471015,"24",3,3,3,2,3,4,3,2
2471020,"24",5,3,1,3,5,4,1,3
2471025,"24",5,4,1,2,4,5,1,1
2471033,"24",5,3,1,2,5,5,1,2
2471040,"24",3,3,1,1,3,5,1,1
2471045,"24",3,3,1,3,3,4,1,3
2471050,"24",2,4,1,2,1,5,1,1
2471055,"24",5,5,1,1,5,5,1,1
2471060,"24",5,5,1,2,5,5,1,2
2471065,"24",1,5,1,1,1,5,1,1
2471070,"24",3,5,1,1,2,5,1,1
2471075,"24",4,4,1,2,4,5,1,2
2471083,"24",4,5,1,1,4,5,1,1
2471090,"24",1,5,2,1,1,5,2,1
2471095,"24",1,5,3,1,1,5,3,1
2471100,"24",2,4,3,1,2,5,3,1
2471105,"24",1,4,1,1,1,5,1,1
2471110,"24",2,1,1,3,1,1,1,4
2471115,"24",3,3,2,3,3,5,2,3
2471125,"24",1,3,1,2,1,4,1,2
2471133,"24",4,4,2,2,3,5,2,2
2471140,"24",3,2,2,3,3,3,2,4
2472005,"24",5,5,2,2,4,5,2,2
2472010,"24",5,5,1,2,4,5,1,2
2472015,"24",3,5,1,1,2,5,1,1
2472020,"24",4,4,1,4,4,5,1,4
2472025,"24",3,3,1,1,3,5,1,1
2472032,"24",2,2,2,2,2,3,2,2
2472043,"24",4,2,3,3,3,4,3,3
2473005,"24",5,5,1,2,5,5,1,2
2473010,"24",5,4,2,2,5,5,2,2
2473015,"24",3,5,1,1,3,5,1,1
2473020,"24",1,5,2,1,1,5,2,1
2473025,"24",1,4,1,1,1,5,1,1
2473030,"24",5,5,1,2,5,5,1,2
2473035,"24",4,4,1,3,4,5,1,3
2474005,"24",5,4,1,1,5,5,1,1
2475005,"24",2,3,1,1,1,5,1,1
2475017,"24",5,4,3,3,5,5,3,3
2475028,"24",4,3,1,3,3,5,1,3
2475040,"24",3,3,1,1,2,4,1,1
2475045,"24",4,3,1,2,3,4,1,1
2476008,"24",4,2,3,2,4,3,3,2
2476020,"24",5,4,4,4,5,5,4,4
2476025,"24",4,2,3,3,3,3,3,3
2476030,"24",2,3,3,2,1,4,3,2
2476035,"24",4,1,4,1,4,1,4,1
2476043,"24",4,3,3,3,4,4,3,4
2476052,"24",4,2,4,3,3,3,4,4
2476055,"24",5,3,4,4,5,5,4,4
2476065,"24",5,3,5,3,5,4,5,3
2477011,"24",4,1,4,1,3,1,4,1
2477012,"24",4,2,3,2,4,2,3,2
2477022,"24",5,3,3,2,5,4,3,2
2477030,"24",5,2,4,1,5,3,4,1
2477035,"24",3,2,2,1,2,3,2,1
2477043,"24",5,2,4,1,5,4,4,1
2477050,"24",4,3,3,1,3,4,3,1
2477055,"24",5,1,5,1,5,1,5,1
2477060,"24",4,2,4,3,4,3,4,3
2477065,"24",5,2,4,2,5,2,4,2
2478005,"24",5,3,3,2,4,4,3,2
2478010,"24",5,4,3,2,5,5,3,2
2478015,"24",4,3,4,3,4,4,4,4
2478020,"24",5,2,3,3,5,3,3,3
2478032,"24",5,3,4,3,5,5,4,3
2478042,"24",4,1,4,1,3,1,4,1
2478047,"24",5,2,2,3,4,3,2,3
2478055,"24",4,3,5,2,4,4,5,2
2478060,"24",4,2,5,3,4,4,5,4
2478065,"24",5,1,4,3,5,1,4,3
2478070,"24",4,2,5,3,4,3,5,3
2478075,"24",4,2,3,3,4,2,3,3
2478095,"24",5,2,3,3,5,2,3,3
2478100,"24",4,2,4,3,4,2,4,4
2478102,"24",5,3,3,2,5,4,3,2
2478115,"24",4,2,3,2,4,2,3,2
2478120,"24",5,2,4,3,5,3,4,4
2478127,"24",1,1,1,1,1,1,1,1
2478130,"24",4,1,5,1,3,1,5,1
2479005,"24",4,1,5,3,3,1,5,3
2479010,"24",3,3,5,3,2,4,5,4
2479015,"24",5,1,5,3,4,1,5,3
2479022,"24",3,2,4,3,2,2,4,4
2479025,"24",4,1,5,3,4,1,5,3
2479030,"24",4,2,5,3,4,3,5,3
2479037,"24",5,2,5,4,5,3,5,4
2479047,"24",5,1,5,2,5,1,5,2
2479050,"24",4,1,5,4,4,1,5,5
2479060,"24",5,2,5,4,5,2,5,4
2479065,"24",4,3,5,4,3,4,5,5
2479078,"24",4,2,4,4,4,4,4,4
2479088,"24",5,2,3,4,5,3,3,4
2479097,"24",4,2,4,4,4,2,4,4
2479105,"24",4,1,5,3,4,1,5,3
2479110,"24",3,3,5,4,2,5,5,5
2479115,"24",5,2,5,5,5,3,5,5
2480005,"24",5,1,5,3,5,1,5,3
2480010,"24",5,3,4,3,5,4,4,3
2480015,"24",2,1,3,4,1,1,3,4
2480020,"24",5,3,4,5,5,5,4,5
2480027,"24",5,3,4,4,4,4,4,4
2480037,"24",5,3,4,4,5,4,4,4
2480045,"24",4,2,3,2,4,2,3,2
2480050,"24",5,3,3,4,5,4,3,4
2480055,"24",2,4,4,2,2,5,4,2
2480060,"24",2,4,1,3,2,5,1,3
2480065,"24",2,2,1,1,1,4,1,1
2480070,"24",2,1,4,4,1,1,4,5
2480078,"24",3,3,4,3,3,4,4,3
2480085,"24",3,1,4,3,3,1,4,3
2480090,"24",4,3,5,4,4,4,5,5
2480095,"24",3,2,5,2,2,2,5,2
2480103,"24",5,3,5,5,5,4,5,5
2480110,"24",4,2,5,4,4,3,5,5
2480115,"24",3,2,5,4,2,3,5,4
2480125,"24",4,4,4,5,4,5,5,5
2480130,"24",5,1,5,3,5,1,5,3
2480135,"24",3,2,5,2,3,3,5,2
2480140,"24",4,1,5,4,3,2,5,4
2480145,"24",3,2,5,4,2,2,5,4
2481017,"24",5,5,1,2,5,5,1,2
2482005,"24",1,3,1,1,1,4,1,1
2482010,"24",4,2,1,4,4,2,1,4
2482015,"24",2,3,1,2,2,4,1,2
2482020,"24",1,3,1,1,1,4,1,1
2482025,"24",1,3,1,1,1,5,1,1
2482030,"24",1,3,1,3,1,4,1,4
2482035,"24",2,3,2,2,2,4,2,3
2483005,"24",3,2,4,5,3,3,4,5
2483010,"24",4,2,3,4,4,3,3,4
2483015,"24",3,4,5,5,3,5,5,5
2483020,"24",4,1,5,2,4,2,5,2
2483032,"24",3,2,4,4,3,3,4,5
2483040,"24",4,3,5,5,4,5,5,5
2483045,"24",3,2,5,3,3,4,5,4
2483050,"24",4,1,4,4,4,2,4,4
2483055,"24",3,2,5,4,3,2,5,5
2483060,"24",3,2,4,4,2,3,4,5
2483065,"24",5,2,4,5,5,3,4,5
2483070,"24",3,3,4,4,2,4,4,5
2483075,"24",5,1,4,2,4,1,4,2
2483085,"24",4,1,2,4,3,1,2,5
2483088,"24",3,4,4,4,3,5,5,5
2483090,"24",2,3,4,4,2,4,5,5
2483095,"24",5,2,4,4,5,2,4,5
2483802,"24",4,3,4,5,4,4,4,5
2484005,"24",2,1,4,4,2,2,4,4
2484010,"24",5,2,4,4,5,3,4,5
2484015,"24",2,2,3,4,1,3,3,4
2484020,"24",5,1,4,5,5,1,5,5
2484025,"24",4,3,5,5,4,5,5,5
2484030,"24",5,3,4,5,5,4,5,5
2484035,"24",5,1,4,5,4,1,4,5
2484040,"24",3,2,3,4,3,2,3,4
2484045,"24",4,1,5,4,4,1,5,5
2484050,"24",5,1,5,5,5,1,5,5
2484055,"24",3,3,5,5,3,4,5,5
2484060,"24",4,4,4,5,4,5,4,5
2484065,"24",2,3,3,5,1,5,3,5
2484070,"24",3,3,4,5,2,4,4,5
2484082,"24",2,2,3,4,2,3,3,4
2484090,"24",1,2,4,5,1,2,4,5
2484095,"24",3,2,5,3,2,3,5,4
2484100,"24",2,3,3,4,1,4,3,5
2485005,"24",4,2,4,4,4,2,4,5
2485010,"24",1,1,2,4,1,1,2,5
2485015,"24",2,2,3,4,2,2,3,4
2485020,"24",5,1,3,2,5,1,3,2
2485025,"24",5,2,4,2,5,4,4,2
2485030,"24",2,3,3,2,1,4,3,2
2485037,"24",4,2,2,3,4,2,2,4
2485045,"24",3,2,2,2,2,2,2,2
2485052,"24",3,2,3,2,3,2,3,2
2485055,"24",2,5,2,5,1,5,2,5
2485060,"24",5,1,5,5,5,1,5,5
2485065,"24",5,1,5,5,5,1,5,5
2485070,"24",2,5,1,5,2,5,1,5
2485075,"24",5,2,5,5,5,2,5,5
2485085,"24",1,1,2,2,1,2,2,2
2485090,"24",5,2,4,4,5,2,4,5
2485095,"24",1,3,2,4,1,5,1,4
2485100,"24",3,4,2,4,2,5,2,5
2485105,"24",5,1,5,5,5,2,5,5
2485802,"24",3,2,3,5,3,2,3,5
2485806,"24",4,3,2,5,3,5,2,5
2485905,"24",5,1,5,3,5,2,5,3
2486042,"24",5,2,2,2,5,4,2,2
2487005,"24",4,2,5,3,4,3,5,3
2487010,"24",1,2,2,4,1,4,1,4
2487015,"24",3,4,3,4,3,5,3,4
2487020,"24",1,1,2,3,1,1,1,3
2487025,"24",2,1,2,2,1,1,2,1
2487030,"24",2,2,2,3,2,3,2,3
2487035,"24",4,2,3,4,3,3,3,5
2487042,"24",4,2,4,4,4,2,4,5
2487050,"24",4,1,5,4,4,1,5,4
2487058,"24",3,2,3,3,2,2,3,4
2487070,"24",1,3,3,2,1,4,3,3
2487075,"24",3,2,4,4,3,2,4,4
2487080,"24",2,1,4,5,2,2,4,5
2487085,"24",2,1,2,3,1,2,2,4
2487090,"24",5,2,3,3,5,2,3,3
2487095,"24",3,1,3,4,3,1,3,4
2487100,"24",1,3,4,4,1,4,4,5
2487105,"24",2,4,4,4,1,5,4,4
2487110,"24",1,1,2,3,1,2,2,4
2487115,"24",5,2,3,5,5,2,3,5
2487120,"24",2,1,4,4,1,1,4,5
2488005,"24",4,1,4,5,4,1,4,5
2488010,"24",5,1,4,3,5,1,4,3
2488015,"24",1,1,5,4,1,1,5,5
2488022,"24",4,2,3,4,4,2,3,4
2488030,"24",1,1,1,2,1,1,1,2
2488035,"24",3,2,2,4,3,2,2,4
2488040,"24",1,1,1,2,1,1,1,1
2488045,"24",4,1,3,2,4,2,3,2
2488050,"24",1,1,1,2,1,1,1,2
2488055,"24",5,2,2,3,5,3,2,3
2488060,"24",2,2,1,3,2,3,1,3
2488065,"24",2,2,4,4,1,2,5,5
2488070,"24",1,3,4,5,1,4,4,5
2488075,"24",2,2,2,3,1,3,2,3
2488080,"24",2,1,2,3,1,1,2,3
2488085,"24",1,3,2,4,1,4,2,4
2488090,"24",2,1,1,2,1,1,1,2
2488802,"24",2,5,1,5,1,5,1,5
2488904,"24",1,1,1,5,1,1,1,5
2489008,"24",5,3,2,3,5,4,2,3
2489010,"24",1,1,2,2,1,1,2,2
2489015,"24",5,3,2,4,5,4,2,5
2489040,"24",5,2,4,4,5,3,4,5
2489045,"24",2,2,4,3,1,2,4,4
2489050,"24",4,1,4,5,4,1,5,5
2489802,"24",1,5,1,5,1,5,1,5
2489804,"24",3,1,3,5,2,1,3,5
2490012,"24",5,1,4,4,5,2,4,4
2490017,"24",2,1,4,2,1,1,4,1
2490027,"24",5,2,5,1,5,2,5,1
2490802,"24",2,5,2,5,1,5,2,5
2490804,"24",1,5,3,5,1,5,3,5
2491005,"24",5,1,5,4,5,2,5,5
2491010,"24",3,1,4,3,3,1,4,4
2491015,"24",3,2,5,3,2,2,5,3
2491020,"24",4,1,4,2,4,2,4,3
2491025,"24",5,2,4,3,5,2,4,4
2491030,"24",3,2,4,3,2,3,4,4
2491035,"24",3,2,3,3,2,2,3,4
2491042,"24",4,2,3,2,4,2,3,2
2491050,"24",3,1,4,3,2,2,4,3
2491802,"24",2,3,3,5,1,4,3,5
2492005,"24",4,1,3,5,4,1,3,5
2492010,"24",3,1,4,1,2,1,4,1
2492015,"24",3,1,2,2,2,1,2,2
2492022,"24",5,2,3,3,5,2,3,3
2492030,"24",2,1,3,2,1,1,3,3
2492040,"24",4,2,2,3,3,2,2,3
2492045,"24",3,1,5,2,2,1,5,2
2492050,"24",2,1,3,3,1,1,3,4
2492055,"24",3,1,4,3,3,1,4,3
2492060,"24",5,1,5,4,5,1,5,5
2492065,"24",2,1,2,3,1,1,2,4
2492070,"24",3,1,3,1,2,1,3,1
2492902,"24",2,2,4,4,2,3,4,4
2493005,"24",4,2,4,3,3,2,4,3
2493012,"24",4,2,4,2,4,3,4,2
2493020,"24",3,2,2,2,2,2,2,2
2493025,"24",4,1,2,2,3,1,2,2
2493030,"24",4,2,1,2,4,2,1,2
2493035,"24",2,1,3,1,2,1,3,1
2493042,"24",5,2,3,2,5,3,3,2
2493045,"24",2,2,2,3,2,2,2,4
2493055,"24",2,3,4,4,1,4,4,4
2493060,"24",2,1,5,4,1,2,5,5
2493065,"24",3,3,3,4,2,4,3,4
2493070,"24",1,2,5,2,1,3,5,2
2493075,"24",1,1,3,3,1,1,3,3
2493080,"24",4,1,3,4,3,1,3,5
2494068,"24",5,2,3,2,5,3,3,2
2494205,"24",2,2,5,4,2,3,5,4
2494210,"24",3,2,5,3,3,3,5,3
2494215,"24",4,1,4,4,3,1,4,4
2494220,"24",2,3,3,3,2,4,3,3
2494225,"24",2,1,3,3,2,2,3,3
2494230,"24",3,3,5,4,2,4,5,4
2494235,"24",4,2,3,2,3,3,3,2
2494240,"24",2,2,2,2,2,3,1,2
2494245,"24",2,1,3,2,2,2,3,2
2494250,"24",2,1,4,3,1,2,4,3
2494255,"24",3,2,2,2,3,3,2,3
2494260,"24",2,2,2,2,2,2,2,2
2494265,"24",3,2,2,2,2,2,2,2
2494928,"24",4,3,1,1,4,4,1,1
2495005,"24",5,3,4,3,4,4,4,4
2495010,"24",4,2,3,4,3,4,3,4
2495018,"24",4,1,4,4,4,2,4,5
2495025,"24",5,2,4,4,4,2,4,5
2495032,"24",3,2,5,5,3,2,5,5
2495040,"24",3,1,5,4,3,1,5,4
2495045,"24",5,1,4,4,5,1,4,5
2495050,"24",2,2,5,4,2,3,5,5
2495802,"24",1,2,3,5,1,3,3,5
2496005,"24",2,1,5,4,1,1,5,5
2496010,"24",3,1,5,5,2,2,5,5
2496015,"24",5,1,4,4,5,1,5,5
2496020,"24",5,2,2,2,4,2,2,2
2496025,"24",2,1,2,3,2,1,2,4
2496030,"24",2,2,2,3,1,2,2,3
2496035,"24",5,1,4,4,5,1,4,5
2496040,"24",2,3,5,4,1,4,5,5
2496802,"24",3,5,3,5,2,5,3,5
2496902,"24",4,1,4,5,4,1,4,5
2497007,"24",5,2,2,3,4,3,2,3
2497022,"24",3,2,3,3,3,3,3,4
2497035,"24",4,1,1,1,3,1,1,1
2497040,"24",5,5,1,5,5,5,1,5
2497802,"24",2,5,3,5,2,5,3,5
2497804,"24",2,5,2,5,1,5,2,5
2497806,"24",3,5,2,5,2,5,2,5
2497904,"24",3,2,1,3,2,4,1,4
2498005,"24",2,3,2,4,1,5,2,5
2498010,"24",1,3,5,4,1,4,5,5
2498012,"24",1,3,4,5,1,4,4,5
2498014,"24",2,1,4,4,1,1,4,5
2498015,"24",2,1,3,3,1,1,3,4
2498020,"24",5,1,3,3,5,1,3,3
2498025,"24",3,1,1,3,3,1,1,4
2498030,"24",5,1,3,4,5,1,3,4
2498035,"24",2,1,4,1,1,1,4,1
2498040,"24",2,2,2,2,1,4,2,2
2498045,"24",2,1,3,2,1,1,3,2
2498050,"24",4,1,5,4,4,2,5,5
2498055,"24",5,1,5,5,5,1,5,5
2498806,"24",1,5,1,5,1,5,1,5
2498808,"24",2,5,2,5,2,5,2,5
2499005,"24",2,3,2,2,1,4,2,2
2499015,"24",2,1,2,2,2,2,2,2
2499020,"24",3,2,2,4,3,2,2,5
2499025,"24",4,2,1,3,4,4,1,3
2499060,"24",3,4,1,5,2,5,1,5
2499075,"24",4,5,1,5,4,5,1,5
2499080,"24",4,5,2,5,3,5,2,5
2499085,"24",2,5,2,5,1,5,2,5
2499090,"24",2,5,1,5,2,5,1,5
2499095,"24",4,5,1,5,4,5,1,5
2499105,"24",3,5,1,5,3,5,1,5
2499110,"24",2,5,1,5,1,5,1,5
2499115,"24",4,5,1,5,3,5,1,5
2499120,"24",1,5,1,5,1,5,1,5
2499125,"24",2,5,3,5,1,5,3,5
2499130,"24",5,5,1,5,4,5,1,5
2499135,"24",2,5,2,5,1,5,2,5
2499140,"24",2,5,2,5,2,5,2,5
2499802,"24",1,5,1,5,1,5,1,5
2499804,"24",1,5,2,5,1,5,2,5
2499806,"24",1,5,1,5,1,5,1,5
2499808,"24",1,5,1,5,1,5,1,5
2499810,"24",1,5,1,5,1,5,1,5
2499812,"24",1,5,1,5,1,5,1,5
2499814,"24",1,5,1,5,1,5,1,5
2499816,"24",1,5,1,5,1,5,1,5
2499818,"24",2,5,1,5,1,5,1,5
3501005,"35",2,4,3,1,2,3,3,2
3501011,"35",2,4,3,2,2,2,2,2
3501012,"35",5,5,4,4,5,4,4,4
3501020,"35",3,4,4,3,3,2,4,3
3501030,"35",3,4,2,2,3,2,2,2
3501042,"35",2,4,1,2,3,2,1,2
3501050,"35",4,3,3,3,4,2,3,3
3502001,"35",3,3,3,2,3,2,2,2
3502008,"35",5,4,5,4,5,4,5,4
3502010,"35",3,4,4,2,3,2,4,2
3502023,"35",4,4,2,3,4,3,2,3
3502025,"35",2,4,1,2,2,2,1,2
3502036,"35",2,4,2,1,3,4,1,2
3502044,"35",4,4,1,1,4,3,1,1
3502048,"35",2,4,1,1,2,3,1,1
3506008,"35",5,5,2,1,5,5,1,1
3507004,"35",3,4,3,3,3,2,3,3
3507006,"35",1,3,3,2,1,2,3,2
3507008,"35",5,4,4,4,5,3,5,4
3507014,"35",2,3,3,2,2,2,3,2
3507015,"35",5,5,4,3,5,4,5,3
3507017,"35",2,3,3,3,2,2,4,3
3507021,"35",2,4,3,1,2,2,3,2
3507024,"35",5,4,4,3,5,3,4,3
3507033,"35",5,3,5,1,5,1,5,1
3507040,"35",2,4,4,2,2,2,4,2
3507042,"35",2,3,3,2,2,1,3,2
3507052,"35",3,4,3,1,3,2,3,1
3507065,"35",2,4,2,1,2,3,2,1
3509001,"35",1,4,2,2,1,2,2,2
3509004,"35",5,4,4,4,5,4,4,4
3509010,"35",1,4,3,1,1,2,3,1
3509015,"35",1,3,4,1,1,2,4,2
3509021,"35",5,4,5,2,5,2,5,2
3509024,"35",1,4,1,1,1,2,1,1
3509028,"35",5,4,2,2,5,4,2,2
3509030,"35",3,4,3,1,3,3,3,1
3509039,"35",2,4,3,3,2,2,4,3
3510005,"35",1,3,5,1,1,1,5,1
3510010,"35",5,5,3,2,5,5,2,2
3510020,"35",1,4,2,1,1,2,2,1
3510035,"35",2,4,5,4,3,2,5,4
3510045,"35",3,3,5,1,3,1,5,2
3511005,"35",3,4,3,2,3,4,3,2
3511015,"35",4,4,4,2,4,3,4,3
3511030,"35",1,4,2,2,1,2,2,2
3511035,"35",3,4,5,4,4,3,5,4
3512001,"35",1,4,2,2,1,3,1,2
3512002,"35",4,4,4,5,4,4,4,4
3512004,"35",2,4,4,5,2,3,4,5
3512005,"35",5,5,3,3,5,4,3,3
3512015,"35",4,4,3,2,4,4,3,3
3512020,"35",3,4,3,3,3,3,3,3
3512026,"35",2,4,4,2,3,2,4,3
3512030,"35",3,4,4,3,3,3,4,3
3512036,"35",2,4,4,3,2,4,4,3
3512046,"35",4,4,5,3,5,3,5,3
3512048,"35",3,4,5,5,3,3,5,4
3512051,"35",3,4,5,4,3,3,5,4
3512054,"35",3,4,5,4,4,3,5,4
3512058,"35",4,3,5,3,5,1,5,3
3512061,"35",5,4,5,4,5,3,5,4
3512065,"35",2,3,4,3,2,1,5,4
3512076,"35",2,4,5,3,2,2,5,4
3513020,"35",3,4,5,1,3,3,5,1
3514004,"35",2,4,5,1,3,4,5,1
3514014,"35",3,4,3,2,3,3,3,2
3514019,"35",1,4,3,1,1,3,2,1
3514020,"35",3,4,4,2,4,4,4,2
3514021,"35",5,5,5,2,5,4,5,2
3514024,"35",1,4,3,1,1,4,2,1
3514027,"35",4,4,4,5,4,3,5,5
3514045,"35",3,4,4,2,4,4,5,3
3515003,"35",2,4,3,2,3,2,3,2
3515005,"35",2,4,3,1,2,3,3,1
3515008,"35",2,3,4,5,2,1,4,5
3515013,"35",1,4,2,1,1,4,2,1
3515014,"35",5,5,3,3,5,4,3,3
3515015,"35",2,4,4,1,2,3,4,1
3515019,"35",3,4,4,5,3,2,5,5
3515023,"35",1,4,3,1,1,3,3,2
3515030,"35",3,4,5,3,3,3,5,3
3515037,"35",3,4,5,1,3,3,5,2
3515044,"35",2,4,5,1,2,3,5,1
3516010,"35",3,4,4,2,3,4,4,2
3518001,"35",2,5,2,1,2,5,1,1
3518005,"35",2,5,1,1,2,5,1,1
3518009,"35",2,5,1,1,2,5,1,1
3518013,"35",5,5,2,3,5,5,2,3
3518017,"35",2,5,2,1,2,5,1,1
3518020,"35",2,5,3,1,2,4,2,1
3518022,"35",2,4,4,5,3,2,4,5
3518029,"35",2,5,2,1,2,4,2,1
3518039,"35",3,4,2,2,3,4,2,2
3519028,"35",1,5,2,1,1,5,2,1
3519036,"35",1,5,3,1,1,5,3,1
3519038,"35",2,5,2,1,2,5,2,1
3519044,"35",1,5,2,1,1,5,2,1
3519046,"35",2,5,1,1,3,5,1,1
3519048,"35",3,5,2,1,3,5,1,1
3519049,"35",1,5,2,1,1,5,1,1
3519054,"35",2,5,1,1,3,5,1,1
3519070,"35",3,5,2,2,3,5,2,3
3519076,"35",4,2,4,5,4,1,4,5
3520005,"35",5,5,2,2,5,5,2,2
3521005,"35",4,5,2,1,4,5,2,1
3521010,"35",3,5,1,2,3,5,1,2
3521024,"35",1,5,1,1,1,5,1,1
3522001,"35",1,5,1,1,1,4,1,1
3522008,"35",1,5,1,1,1,5,1,2
3522010,"35",3,5,1,2,4,5,1,2
3522012,"35",1,5,2,1,1,5,2,1
3522014,"35",4,5,1,2,4,5,1,2
3522016,"35",1,5,2,1,1,4,2,1
3522019,"35",2,5,1,3,2,4,1,3
3522021,"35",3,5,1,2,4,5,1,2
3523001,"35",1,5,2,1,1,5,2,1
3523008,"35",5,5,2,1,5,5,1,1
3523009,"35",1,5,1,1,1,4,1,1
3523017,"35",1,5,1,1,1,4,1,1
3523025,"35",3,5,2,1,3,4,2,1
3523033,"35",1,5,1,3,1,4,1,3
3523043,"35",3,5,2,3,4,4,2,3
3523050,"35",4,4,2,3,4,4,2,3
3524001,"35",3,5,1,1,3,5,1,1
3524002,"35",3,5,2,1,4,5,2,1
3524009,"35",2,5,1,1,3,5,1,1
3524015,"35",2,5,1,1,2,5,1,1
3525005,"35",4,5,2,2,5,5,2,3
3526003,"35",4,5,4,2,4,5,4,2
3526011,"35",4,4,4,3,5,4,4,3
3526014,"35",1,4,3,1,1,3,2,2
3526021,"35",1,5,2,1,1,4,2,1
3526028,"35",2,5,3,1,2,4,3,1
3526032,"35",5,5,3,3,5,5,4,3
3526037,"35",5,5,2,2,5,5,2,3
3526043,"35",5,5,3,2,5,5,4,3
3526047,"35",2,5,5,1,2,5,5,1
3526053,"35",5,5,3,2,5,5,3,2
3526057,"35",2,5,2,1,2,4,2,1
3526065,"35",3,5,2,1,3,5,2,1
3528018,"35",2,5,3,2,2,4,2,2
3528052,"35",3,5,4,2,3,4,4,2
3529005,"35",2,5,2,1,2,4,2,1
3529006,"35",5,5,3,3,5,5,2,3
3530004,"35",1,5,1,1,1,4,1,1
3530010,"35",4,5,2,2,4,5,1,2
3530013,"35",5,5,2,2,5,5,1,2
3530016,"35",5,5,1,1,5,5,1,1
3530020,"35",1,4,2,1,1,4,2,1
3530027,"35",1,5,1,3,1,5,1,3
3530035,"35",2,5,1,1,2,5,1,1
3531011,"35",5,5,3,2,5,4,3,2
3531013,"35",1,3,1,1,1,1,1,1
3531016,"35",3,4,3,1,4,3,3,1
3531025,"35",3,4,1,1,3,2,1,1
3531030,"35",1,5,1,3,1,4,1,3
3531040,"35",4,5,2,2,4,4,1,2
3532002,"35",2,5,1,2,2,4,1,2
3532004,"35",5,5,4,2,5,4,4,2
3532012,"35",1,5,2,2,1,4,1,2
3532018,"35",4,4,2,2,4,4,2,2
3532027,"35",2,4,1,1,2,2,1,1
3532038,"35",3,4,1,1,3,3,1,1
3532042,"35",5,5,2,2,5,5,2,2
3532045,"35",1,4,1,1,1,3,1,1
3534005,"35",1,5,3,4,1,5,3,4
3534010,"35",1,5,2,3,1,5,1,3
3534011,"35",4,5,3,3,5,5,3,3
3534020,"35",2,4,3,1,2,3,2,1
3534021,"35",5,5,3,2,5,4,3,3
3534024,"35",1,4,2,1,1,2,1,1
3534030,"35",2,4,2,2,3,2,2,2
3534042,"35",3,4,3,3,3,3,3,3
3536020,"35",4,4,4,3,4,4,4,3
3536029,"35",4,3,4,5,4,1,4,5
3537001,"35",4,2,4,1,5,1,4,1
3537003,"35",4,5,3,4,4,5,3,4
3537013,"35",2,5,3,2,2,4,3,2
3537016,"35",3,4,3,2,3,4,3,2
3537028,"35",2,4,3,1,2,4,2,1
3537034,"35",1,5,2,1,1,5,2,1
3537039,"35",5,5,3,3,5,5,3,3
3537048,"35",2,5,3,1,2,5,3,1
3537064,"35",1,5,2,1,1,5,2,1
3538003,"35",2,4,3,1,2,2,3,2
3538007,"35",1,4,3,2,1,3,3,3
3538015,"35",2,3,3,3,3,2,2,3
3538016,"35",1,4,2,2,1,3,2,2
3538018,"35",2,3,2,2,2,2,2,2
3538019,"35",4,4,3,2,4,2,3,2
3538025,"35",4,4,4,5,4,3,4,5
3538030,"35",5,5,4,2,5,4,4,3
3538031,"35",4,3,5,1,4,1,5,1
3538035,"35",1,4,3,1,1,3,3,1
3538040,"35",3,4,4,1,3,2,5,1
3538043,"35",3,4,2,2,3,3,2,2
3538056,"35",2,4,4,5,3,3,5,5
3539002,"35",5,5,2,3,5,4,2,3
3539005,"35",3,4,3,3,4,2,3,3
3539015,"35",3,4,2,1,4,4,2,2
3539018,"35",4,4,3,5,4,3,3,5
3539027,"35",1,4,2,1,1,3,1,1
3539033,"35",1,4,2,1,1,4,1,1
3539036,"35",5,5,2,2,5,5,2,2
3539041,"35",2,4,2,1,2,2,2,1
3539047,"35",1,4,1,1,1,3,1,1
3539060,"35",3,4,1,1,3,2,1,1
3540005,"35",4,4,4,2,4,2,4,2
3540010,"35",3,3,3,1,3,1,3,1
3540025,"35",3,3,3,1,3,2,3,2
3540028,"35",5,4,4,2,5,3,5,2
3540040,"35",3,4,2,2,3,3,2,3
3540046,"35",2,5,1,3,2,4,1,3
3540050,"35",1,4,1,2,1,3,1,2
3540055,"35",4,4,3,3,5,3,3,3
3540063,"35",1,4,4,2,1,3,4,2
3541004,"35",2,3,2,2,2,1,2,2
3541015,"35",2,4,3,2,2,4,3,2
3541024,"35",3,4,3,1,3,3,3,1
3541032,"35",3,4,3,2,3,2,3,2
3541043,"35",3,4,2,2,3,2,2,3
3541045,"35",3,4,3,1,3,4,3,1
3541055,"35",4,4,5,2,4,2,5,2
3541057,"35",3,4,4,5,3,4,4,5
3541060,"35",4,4,4,5,5,3,4,5
3541069,"35",3,3,5,1,3,1,5,1
3542004,"35",2,4,3,2,2,3,3,2
3542005,"35",3,5,2,3,3,5,2,3
3542015,"35",2,4,3,2,3,4,3,2
3542029,"35",5,4,4,3,5,3,4,3
3542037,"35",2,4,3,2,2,3,3,3
3542045,"35",3,4,4,1,4,3,4,1
3542047,"35",3,4,4,1,3,3,4,1
3542053,"35",1,4,3,1,1,2,3,1
3542059,"35",5,5,4,3,5,4,4,3
3543003,"35",1,5,2,2,1,4,1,2
3543005,"35",2,4,2,2,2,3,2,2
3543007,"35",3,5,2,1,3,5,1,1
3543009,"35",1,5,1,1,1,4,1,1
3543014,"35",2,5,1,1,2,5,1,1
3543015,"35",2,4,3,2,2,3,3,2
3543017,"35",3,5,2,2,3,5,2,2
3543019,"35",2,4,4,2,2,3,4,2
3543021,"35",3,5,1,2,3,5,1,2
3543023,"35",1,4,2,1,1,3,2,1
3543031,"35",5,5,4,1,5,4,4,1
3543042,"35",4,5,2,2,5,5,1,2
3543052,"35",5,5,4,3,5,4,4,3
3543064,"35",3,5,5,1,4,4,5,2
3543068,"35",2,4,4,2,2,3,4,2
3543069,"35",3,4,2,5,4,3,1,5
3543071,"35",2,4,3,3,3,3,3,3
3543072,"35",4,4,4,4,4,3,4,4
3543074,"35",5,5,4,4,5,4,4,4
3544002,"35",4,4,4,2,5,3,4,3
3544018,"35",4,4,3,1,4,3,3,2
3544027,"35",3,3,4,1,3,1,4,1
3544042,"35",3,4,3,2,4,3,3,2
3544053,"35",3,3,4,1,3,1,4,1
3544065,"35",3,4,5,2,3,2,5,3
3546005,"35",3,4,5,4,4,3,5,4
3546015,"35",3,4,5,2,4,3,5,2
3546018,"35",3,4,5,1,3,2,5,1
3546024,"35",3,3,5,1,4,2,5,1
3547002,"35",5,4,4,2,5,4,4,3
3547003,"35",1,3,2,2,1,2,2,2
3547008,"35",2,3,5,2,2,1,5,2
3547020,"35",2,4,5,4,3,2,5,4
3547030,"35",4,4,5,3,4,3,5,3
3547033,"35",3,3,5,3,3,2,5,3
3547035,"35",4,3,5,3,4,2,5,3
3547037,"35",3,4,3,5,3,3,3,5
3547043,"35",1,3,2,2,1,2,2,3
3547046,"35",2,3,3,3,2,1,3,3
3547048,"35",5,3,5,4,5,2,5,4
3547056,"35",2,3,3,3,2,1,3,3
3547064,"35",5,4,4,4,5,3,4,4
3547070,"35",2,3,4,3,2,2,4,3
3547075,"35",2,4,3,2,2,2,2,3
3547076,"35",4,4,1,2,5,2,1,2
3547090,"35",2,3,3,2,2,1,2,3
3547096,"35",3,5,4,2,4,4,4,2
3547098,"35",1,4,5,3,1,3,5,3
3548001,"35",3,3,5,5,4,1,5,4
3548013,"35",1,3,4,4,1,1,4,4
3548019,"35",4,4,5,4,5,2,5,4
3548021,"35",5,3,5,5,5,2,5,4
3548022,"35",3,2,3,3,3,1,2,4
3548027,"35",2,4,3,4,2,2,3,4
3548031,"35",1,5,4,4,1,4,4,4
3548034,"35",1,3,2,2,1,1,2,2
3548044,"35",5,4,3,3,5,3,3,4
3548055,"35",4,4,4,4,4,3,4,4
3548069,"35",4,2,5,3,5,1,5,3
3548073,"35",2,3,3,5,3,2,3,5
3548091,"35",1,4,5,5,1,4,5,4
3548094,"35",2,3,4,4,2,1,4,4
3549003,"35",2,4,4,1,2,2,4,2
3549012,"35",3,3,5,3,3,1,5,3
3549014,"35",3,4,4,3,3,3,4,3
3549018,"35",4,2,5,2,4,1,5,2
3549019,"35",2,4,5,3,2,3,5,3
3549022,"35",5,4,3,4,5,3,3,4
3549024,"35",3,4,4,2,4,3,5,2
3549028,"35",2,4,5,1,2,2,5,1
3549031,"35",2,3,3,1,2,1,3,1
3549032,"35",5,4,4,4,5,4,4,4
3549036,"35",2,3,4,1,2,1,4,1
3549039,"35",2,4,5,2,2,2,5,2
3549043,"35",3,3,5,3,4,2,5,3
3549046,"35",3,4,4,3,3,2,5,3
3549048,"35",4,3,5,1,4,2,5,1
3549051,"35",2,5,5,4,3,4,5,4
3549054,"35",3,3,5,1,3,1,5,1
3549056,"35",5,4,5,4,5,2,5,4
3549060,"35",3,3,4,2,3,2,4,2
3549066,"35",2,3,3,1,2,1,3,1
3549071,"35",2,4,4,2,2,2,4,2
3549072,"35",5,3,3,5,5,2,3,5
3549073,"35",2,4,3,5,2,3,3,5
3549076,"35",4,5,2,5,5,4,2,5
3549077,"35",3,2,4,5,4,1,5,5
3549078,"35",5,5,4,5,5,4,4,5
3549095,"35",5,5,4,4,5,4,4,4
3549096,"35",3,3,5,2,4,1,5,2
3551001,"35",2,4,5,2,2,2,5,2
3551006,"35",4,3,5,2,4,1,5,2
3551011,"35",2,3,4,3,2,1,4,3
3551017,"35",3,3,4,3,4,1,4,3
3551021,"35",2,3,5,3,2,1,5,3
3551026,"35",5,3,3,4,5,2,4,4
3551027,"35",2,3,5,1,3,1,5,2
3551028,"35",1,5,5,4,1,4,5,4
3551040,"35",3,4,3,5,4,4,3,5
3551041,"35",3,3,2,5,3,2,2,5
3551042,"35",4,4,2,5,4,3,2,5
3551043,"35",4,5,3,5,5,4,3,5
3551044,"35",5,3,2,5,5,1,2,5
3551045,"35",4,4,4,5,4,3,4,5
3551094,"35",5,3,5,3,5,1,5,3
3552001,"35",3,3,5,3,3,1,5,3
3552004,"35",3,3,4,4,3,2,5,4
3552013,"35",2,4,3,4,2,3,3,4
3552023,"35",2,4,4,4,2,2,5,4
3552026,"35",4,4,4,4,4,2,4,4
3552028,"35",1,3,5,2,1,2,5,2
3552031,"35",2,4,2,4,3,3,2,4
3552036,"35",2,1,5,4,2,1,5,4
3552051,"35",2,5,2,5,2,4,1,5
3552052,"35",4,4,2,5,4,3,1,5
3552054,"35",5,5,4,5,5,5,4,5
3552056,"35",1,1,2,5,1,1,1,5
3552092,"35",3,3,3,4,4,1,3,4
3552093,"35",1,2,4,3,1,1,5,3
3553005,"35",4,4,2,3,5,4,2,3
3553040,"35",1,4,3,5,1,3,2,5
3554001,"35",1,3,4,2,1,2,4,2
3554006,"35",3,1,5,3,3,1,5,3
3554008,"35",5,4,4,5,5,2,4,4
3554014,"35",1,4,3,3,1,2,3,3
3554020,"35",4,3,4,3,5,1,4,3
3554021,"35",2,2,3,1,2,1,3,1
3554024,"35",1,3,2,3,1,2,2,3
3554026,"35",2,4,2,3,2,3,2,3
3554029,"35",1,2,2,5,1,1,1,4
3554032,"35",2,5,5,5,2,5,5,4
3554034,"35",3,4,4,4,3,4,4,4
3554036,"35",5,4,3,4,5,2,3,4
3554038,"35",4,1,4,4,5,1,5,4
3554042,"35",4,1,3,3,4,1,3,3
3554044,"35",1,2,1,4,1,1,1,4
3554049,"35",2,3,2,2,2,1,1,3
3554052,"35",5,3,4,4,5,1,4,4
3554054,"35",2,2,5,4,2,1,5,4
3554056,"35",4,1,3,5,4,1,3,4
3554057,"35",1,2,3,5,1,1,3,5
3554058,"35",4,3,5,5,5,1,5,4
3554062,"35",4,3,5,4,4,1,5,4
3554066,"35",4,5,3,4,5,5,3,4
3554068,"35",5,4,4,4,5,2,4,4
3554094,"35",1,3,4,3,1,2,4,3
3556014,"35",3,4,3,4,3,3,3,4
3556027,"35",4,4,2,4,5,3,2,4
3556031,"35",4,3,4,4,4,1,4,4
3556033,"35",5,4,2,5,5,3,1,5
3556042,"35",4,3,3,4,4,2,3,4
3556048,"35",3,2,5,3,4,1,5,4
3556052,"35",3,3,5,4,4,1,5,4
3556056,"35",1,3,4,3,1,1,4,3
3556066,"35",5,3,4,4,5,1,4,4
3556070,"35",1,4,2,4,1,3,2,4
3556073,"35",3,1,5,5,3,1,5,5
3556076,"35",5,3,3,2,5,1,3,3
3556077,"35",2,1,5,5,2,1,5,4
3556092,"35",1,4,3,5,1,2,3,4
3556093,"35",1,5,1,5,1,5,1,5
3556094,"35",2,5,2,5,2,5,1,5
3556102,"35",4,5,1,5,4,4,1,5
3556106,"35",4,5,1,5,4,5,1,5
3557001,"35",2,2,5,1,2,1,5,1
3557004,"35",1,4,5,1,1,4,5,1
3557006,"35",5,3,4,1,5,1,4,1
3557008,"35",2,4,4,2,2,3,5,3
3557011,"35",1,3,3,2,1,1,3,2
3557014,"35",2,4,3,2,2,3,3,2
3557016,"35",1,5,3,4,1,4,2,4
3557019,"35",4,3,4,4,4,2,4,4
3557021,"35",3,3,5,3,3,1,5,4
3557026,"35",1,4,4,5,1,3,4,5
3557028,"35",4,3,5,4,4,1,5,4
3557035,"35",2,4,5,4,2,3,5,4
3557038,"35",4,3,4,4,5,1,4,4
3557039,"35",4,2,5,5,4,1,5,4
3557040,"35",1,3,5,3,1,1,5,3
3557041,"35",5,4,5,4,5,3,5,4
3557051,"35",1,3,2,2,1,1,2,3
3557061,"35",5,4,4,3,5,3,4,3
3557066,"35",1,3,3,2,1,1,3,2
3557071,"35",3,5,4,5,3,4,4,5
3557072,"35",4,5,4,5,5,4,4,5
3557073,"35",4,4,3,5,4,3,3,5
3557074,"35",2,4,3,5,2,3,3,5
3557076,"35",4,2,2,4,4,1,2,4
3557078,"35",5,1,3,5,5,1,3,5
3557079,"35",3,2,3,4,3,1,3,4
3557091,"35",2,2,2,5,2,1,2,4
3557095,"35",2,3,4,4,2,1,4,4
3557096,"35",4,2,2,4,4,1,1,4
3558001,"35",1,3,3,2,1,2,3,3
3558003,"35",2,5,4,5,2,4,5,5
3558004,"35",5,5,3,4,5,4,3,4
3558011,"35",1,4,3,2,1,2,3,2
3558012,"35",1,4,2,4,1,4,2,4
3558016,"35",1,3,1,2,1,1,1,2
3558019,"35",1,4,1,3,1,3,1,3
3558028,"35",1,3,4,1,1,1,4,1
3558034,"35",2,3,4,4,2,1,4,4
3558041,"35",3,4,4,5,4,2,4,4
3558044,"35",2,1,4,4,3,1,4,4
3558051,"35",3,3,4,4,3,1,4,4
3558054,"35",4,4,4,3,4,3,4,3
3558059,"35",3,4,2,4,4,3,2,4
3558060,"35",4,5,4,5,5,4,4,5
3558061,"35",4,5,2,5,5,4,1,5
3558062,"35",3,4,3,5,3,2,2,5
3558063,"35",4,5,1,5,4,4,1,5
3558064,"35",3,5,3,5,3,4,3,5
3558066,"35",4,4,4,4,4,2,4,4
3558067,"35",4,5,4,5,4,5,5,5
3558068,"35",2,5,5,5,2,5,5,5
3558069,"35",5,5,3,5,5,4,3,5
3558075,"35",3,3,3,5,3,1,3,4
3558076,"35",4,5,4,5,5,5,4,5
3558080,"35",4,1,1,5,4,1,1,5
3558085,"35",3,5,3,5,3,5,3,5
3558090,"35",2,3,4,4,2,2,4,4
3558097,"35",1,5,4,5,1,5,4,5
3559001,"35",3,2,4,4,4,1,4,4
3559011,"35",1,4,2,3,1,2,2,3
3559012,"35",4,3,3,4,5,1,3,4
3559016,"35",1,2,1,2,1,1,1,3
3559019,"35",3,3,1,2,3,1,1,3
3559024,"35",1,4,1,4,1,3,1,4
3559026,"35",5,5,2,5,5,5,2,5
3559031,"35",1,2,4,3,1,1,4,3
3559040,"35",2,3,5,1,2,1,5,1
3559042,"35",4,4,4,5,5,2,5,4
3559047,"35",1,4,5,2,1,2,5,3
3559051,"35",4,5,2,5,4,5,2,5
3559053,"35",3,5,1,5,4,4,1,5
3559060,"35",2,5,1,5,2,4,1,5
3559061,"35",4,4,1,5,4,4,1,5
3559063,"35",3,4,2,5,3,3,2,5
3559064,"35",3,5,1,5,4,5,1,5
3559066,"35",4,5,3,5,4,5,3,5
3559068,"35",4,5,4,5,4,5,4,5
3559090,"35",1,3,3,2,1,1,3,3
3560001,"35",4,4,5,4,4,2,5,4
3560004,"35",4,5,2,5,4,5,1,5
3560005,"35",4,5,2,5,4,5,2,5
3560008,"35",2,4,5,2,2,4,5,3
3560010,"35",4,3,2,4,4,2,2,4
3560021,"35",1,3,5,4,1,1,5,4
3560024,"35",5,5,3,5,5,4,3,5
3560027,"35",4,3,3,4,5,2,3,4
3560032,"35",3,3,3,4,4,1,3,4
3560034,"35",3,4,1,5,4,4,1,4
3560042,"35",2,4,1,4,3,2,1,4
3560049,"35",5,4,1,5,5,2,1,5
3560051,"35",1,5,3,5,1,5,2,5
3560052,"35",2,5,3,5,3,5,2,5
3560053,"35",2,5,2,5,2,5,1,5
3560054,"35",1,5,3,5,1,5,4,5
3560055,"35",3,5,2,5,3,5,2,5
3560056,"35",4,5,2,5,4,5,2,5
3560057,"35",5,4,4,5,5,2,4,5
3560058,"35",3,5,2,5,3,5,2,5
3560059,"35",2,5,2,5,1,5,1,5
3560060,"35",3,2,2,5,3,1,2,5
3560061,"35",2,5,2,5,2,5,2,5
3560063,"35",3,5,1,5,4,5,1,5
3560064,"35",5,1,3,5,5,1,3,5
3560066,"35",3,5,2,5,3,4,2,5
3560067,"35",1,5,3,5,1,5,2,5
3560068,"35",4,5,2,5,5,5,1,5
3560069,"35",2,5,3,5,2,4,3,5
3560070,"35",1,5,2,5,1,5,1,5
3560071,"35",2,5,2,5,2,5,2,5
3560075,"35",1,5,3,5,1,5,3,5
3560076,"35",2,5,1,5,2,5,1,5
3560079,"35",1,5,3,5,1,5,3,5
3560080,"35",4,5,2,5,4,5,2,5
3560082,"35",4,1,1,5,5,1,1,5
3560083,"35",4,5,1,5,4,5,1,5
3560084,"35",5,1,1,5,5,1,1,5
3560085,"35",1,5,2,5,1,5,1,5
3560086,"35",4,5,1,5,4,5,1,5
3560088,"35",3,4,2,5,3,3,1,5
3560089,"35",4,5,2,5,4,4,2,5
3560090,"35",1,3,3,4,1,1,3,4
3560093,"35",4,5,1,5,4,5,1,5
3560095,"35",4,5,1,5,5,5,1,5
3560096,"35",2,5,2,5,2,5,2,5
3560098,"35",2,5,1,5,2,5,1,5
3560104,"35",1,5,2,5,1,5,1,5
4601035,"46",2,5,3,5,2,4,3,4
4601039,"46",3,4,4,5,4,3,5,3
4601043,"46",1,4,3,4,1,3,3,3
4601046,"46",2,4,3,4,2,2,4,3
4601051,"46",2,3,5,1,2,2,5,1
4601057,"46",1,3,5,3,1,2,5,2
4601060,"46",4,4,4,4,4,3,4,3
4601070,"46",1,3,5,3,1,2,5,2
4601071,"46",2,3,5,4,3,2,5,3
4601075,"46",4,3,5,5,4,2,5,4
4601078,"46",3,1,5,1,3,1,5,1
4601094,"46",2,2,5,1,2,1,5,1
4602024,"46",2,4,3,4,3,2,3,3
4602026,"46",5,5,4,5,5,4,5,5
4602027,"46",4,5,4,5,4,5,4,5
4602032,"46",1,5,1,4,1,3,1,3
4602037,"46",4,5,3,4,4,3,4,3
4602041,"46",1,5,1,3,2,4,1,2
4602044,"46",5,5,2,3,5,5,2,2
4602046,"46",3,5,1,2,3,3,1,1
4602053,"46",2,5,1,4,2,5,1,3
4602057,"46",1,5,2,3,1,4,2,2
4602061,"46",5,5,2,4,5,3,2,3
4602069,"46",1,4,1,3,1,3,1,2
4602075,"46",1,4,1,3,2,3,1,2
4603030,"46",2,3,2,3,3,2,1,2
4603040,"46",5,5,2,2,5,4,2,1
4603041,"46",1,5,1,4,1,4,1,3
4603047,"46",1,5,1,3,1,5,1,2
4603050,"46",4,5,2,3,4,5,2,2
4603053,"46",5,5,2,2,5,4,2,1
4603058,"46",2,4,2,3,2,3,2,2
4603062,"46",1,4,1,4,2,3,1,3
4603065,"46",1,5,1,3,1,3,1,2
4603067,"46",4,4,2,4,4,3,3,3
4603072,"46",1,4,1,3,1,3,1,2
4603074,"46",5,4,4,2,5,3,5,1
4604034,"46",3,2,2,2,3,1,3,2
4604040,"46",3,3,3,2,4,1,3,1
4604052,"46",4,5,2,2,4,4,3,1
4604057,"46",3,2,2,3,4,1,2,2
4604064,"46",3,3,2,2,3,2,2,1
4605025,"46",4,4,4,2,4,2,4,1
4605032,"46",3,3,3,2,3,1,3,1
4605038,"46",3,1,3,2,3,1,3,1
4605044,"46",2,1,3,3,2,1,4,2
4605052,"46",3,2,4,3,3,1,4,2
4605056,"46",1,1,2,2,1,1,2,1
4605062,"46",3,3,2,3,3,2,2,2
4605071,"46",3,1,3,2,3,1,3,2
4606016,"46",2,2,2,4,2,1,2,3
4606023,"46",2,3,3,3,2,1,3,2
4606029,"46",5,5,4,5,5,4,5,5
4606031,"46",2,2,1,1,2,1,1,1
4606034,"46",5,5,3,2,5,3,3,1
4606040,"46",4,5,4,5,4,4,4,5
4607039,"46",3,1,3,1,3,1,3,1
4607046,"46",2,3,2,3,2,2,2,2
4607052,"46",4,4,3,3,4,3,3,2
4607057,"46",1,3,1,1,1,2,1,1
4607060,"46",4,4,1,2,4,2,1,1
4607062,"46",5,5,2,3,5,5,1,2
4607066,"46",1,4,1,1,1,2,1,1
4607068,"46",5,4,3,2,5,2,3,1
4607071,"46",1,3,1,3,1,2,1,2
4607076,"46",3,4,2,2,3,3,2,1
4608032,"46",2,2,3,3,2,1,3,2
4608042,"46",2,1,3,1,2,1,4,1
4608046,"46",2,3,2,3,2,2,2,2
4608055,"46",1,3,3,4,1,2,4,3
4608060,"46",4,5,3,4,4,4,3,3
4608069,"46",1,5,4,5,2,5,5,5
4609018,"46",3,3,2,3,3,2,2,2
4609024,"46",2,3,1,3,2,2,1,3
4609025,"46",5,5,3,5,5,4,4,5
4609026,"46",5,5,5,5,5,4,5,5
4609027,"46",5,5,3,5,5,5,3,5
4609029,"46",5,5,2,4,5,4,2,3
4610035,"46",1,4,1,1,1,3,1,1
4610043,"46",1,4,1,3,1,2,1,2
4610052,"46",1,4,1,2,1,2,1,1
4611040,"46",5,5,2,3,5,5,2,2
4611042,"46",1,4,1,1,1,3,1,1
4612047,"46",1,4,1,1,1,2,1,1
4612054,"46",1,4,2,3,1,3,1,2
4612056,"46",5,3,3,4,5,2,4,3
4613032,"46",1,4,2,1,1,3,2,1
4613037,"46",1,5,1,1,1,4,1,1
4613043,"46",1,4,2,3,1,3,2,2
4613047,"46",5,5,3,5,5,4,4,4
4613049,"46",4,3,5,3,4,2,5,2
4613056,"46",1,4,2,3,1,3,2,2
4613062,"46",4,5,2,5,4,4,3,4
4614015,"46",2,5,2,3,2,3,2,2
4614031,"46",1,3,1,3,1,1,1,2
4614036,"46",1,3,1,3,1,2,1,2
4614039,"46",3,4,2,2,3,2,2,1
4614042,"46",5,3,3,4,5,1,3,3
4615020,"46",5,5,1,1,5,5,1,1
4615032,"46",4,2,2,3,4,1,1,2
4615037,"46",3,3,3,2,3,2,3,1
4615042,"46",4,5,5,5,4,5,5,5
4615047,"46",2,1,1,4,2,1,1,3
4615056,"46",2,2,3,2,3,1,3,1
4615063,"46",3,2,4,2,3,1,4,2
4615067,"46",5,5,2,5,5,4,2,4
4615070,"46",3,2,5,1,3,1,5,1
4615071,"46",4,5,1,5,4,4,1,4
4615074,"46",1,2,2,2,1,1,2,1
4615075,"46",5,3,3,3,5,2,3,2
4615078,"46",2,3,3,5,2,2,4,4
4615092,"46",4,2,5,4,4,1,5,3
4616005,"46",3,1,3,4,3,1,4,3
4616017,"46",4,5,3,5,4,4,4,4
4616020,"46",1,1,2,2,1,1,2,1
4616025,"46",5,1,3,5,5,1,3,4
4616030,"46",4,4,2,2,4,3,2,1
4616046,"46",5,3,4,5,5,2,5,5
4616048,"46",4,2,4,4,4,1,4,3
4617026,"46",2,4,4,5,2,3,5,4
4617029,"46",4,5,4,5,4,5,4,5
4617035,"46",3,1,3,3,3,1,4,2
4617041,"46",2,2,5,5,3,1,5,4
4617048,"46",2,2,2,2,2,1,2,1
4617050,"46",5,4,3,5,5,3,4,3
4617054,"46",4,3,3,4,4,2,4,3
4617058,"46",4,2,5,4,4,1,5,3
4617064,"46",5,5,3,4,5,3,3,3
4617072,"46",5,3,4,5,5,2,4,4
4617075,"46",3,4,2,4,3,3,3,3
4617092,"46",4,1,5,1,4,1,5,1
4618031,"46",3,3,5,2,4,2,5,1
4618034,"46",5,4,5,4,5,3,5,3
4618037,"46",2,4,4,4,2,3,4,3
4618040,"46",3,4,4,5,3,3,5,4
4618044,"46",3,3,3,4,4,2,3,3
4618055,"46",3,5,4,5,3,5,4,5
4618056,"46",4,3,3,4,4,2,3,3
4618060,"46",3,2,3,4,3,1,4,3
4618061,"46",5,5,5,5,5,5,5,4
4618063,"46",5,5,4,5,5,4,5,4
4618067,"46",4,5,4,5,4,5,4,4
4618068,"46",3,5,3,5,3,4,3,4
4618074,"46",5,5,2,4,5,4,2,3
4618076,"46",2,5,3,4,2,4,3,3
4618091,"46",1,4,5,1,1,3,5,1
4619045,"46",2,4,5,5,3,3,5,4
4619050,"46",2,5,3,5,2,4,4,5
4619052,"46",2,5,5,5,2,5,5,5
4619053,"46",3,5,4,5,3,4,5,4
4619054,"46",3,5,4,5,3,4,5,5
4619056,"46",4,5,4,5,4,4,4,4
4619058,"46",4,5,2,5,4,5,2,4
4619059,"46",2,5,4,5,2,4,4,5
4619061,"46",3,5,3,5,3,4,3,5
4619062,"46",5,5,4,5,5,5,4,4
4619065,"46",5,5,5,5,5,4,5,5
4619068,"46",3,5,5,5,3,4,5,5
4619069,"46",3,5,5,5,3,4,5,4
4619070,"46",4,5,4,5,4,4,4,5
4619072,"46",3,5,4,5,3,5,4,5
4619077,"46",1,5,3,5,1,5,3,5
4620032,"46",3,4,4,5,3,3,4,4
4620042,"46",1,1,2,4,1,1,2,3
4620048,"46",5,4,3,4,5,3,4,3
4620051,"46",4,2,2,4,4,1,2,3
4620055,"46",4,1,5,5,4,1,5,4
4620060,"46",5,5,4,5,5,5,4,5
4621027,"46",2,5,4,5,2,5,5,5
4621029,"46",2,5,3,5,2,5,4,5
4621033,"46",1,5,3,5,2,4,3,4
4621040,"46",1,3,3,5,1,2,4,4
4621043,"46",2,5,2,5,2,5,2,4
4621045,"46",5,5,1,5,5,4,1,4
4621052,"46",2,3,2,5,2,2,2,4
4621058,"46",1,5,4,5,1,5,4,5
4621064,"46",5,4,2,4,5,2,2,3
4621071,"46",3,2,1,4,3,1,1,3
4621078,"46",1,3,5,3,1,2,5,2
4622026,"46",5,5,1,5,5,4,1,4
4622045,"46",3,5,1,5,3,5,1,5
4622046,"46",2,5,3,5,3,4,3,4
4622049,"46",1,5,3,5,1,5,3,5
4622051,"46",2,5,3,5,2,5,3,5
4622052,"46",2,5,2,5,2,5,3,5
4622055,"46",1,5,2,5,1,5,2,5
4622056,"46",1,5,2,5,1,5,2,5
4622058,"46",2,5,3,5,2,5,3,5
4622059,"46",2,5,2,5,3,5,2,5
4622063,"46",1,5,2,5,2,5,1,5
4622064,"46",1,5,1,5,1,3,1,4
4622065,"46",4,5,2,5,4,4,2,4
4622067,"46",1,5,3,5,1,5,3,5
4622801,"46",2,5,2,5,2,5,2,5
4622802,"46",5,1,1,5,5,1,1,4
4623022,"46",4,5,1,5,4,3,1,4
4623023,"46",4,5,4,5,4,5,5,4
4623027,"46",5,5,2,5,5,3,2,4
4623034,"46",2,5,5,5,2,4,5,4
4623037,"46",1,5,4,5,1,5,4,5
4623040,"46",4,5,3,5,4,5,4,5
4623047,"46",3,4,3,5,3,3,3,4
4623056,"46",5,5,1,5,5,4,1,4
4623067,"46",2,5,3,5,2,5,3,5
4701001,"47",1,1,1,2,2,2,1,3
4701002,"47",5,1,2,4,5,1,3,4
4701004,"47",5,4,1,3,5,4,2,3
4701006,"47",5,1,2,1,5,2,2,2
4701008,"47",4,3,2,2,4,4,3,2
4701011,"47",1,1,1,1,1,2,1,1
4701012,"47",4,1,2,1,4,2,2,1
4701014,"47",2,4,1,1,3,5,2,2
4701016,"47",1,1,1,1,1,2,1,1
4701017,"47",1,4,1,4,1,4,1,4
4701018,"47",4,3,1,3,4,3,1,4
4701019,"47",3,1,3,4,3,1,4,4
4701021,"47",2,4,1,4,3,4,2,4
4701022,"47",1,3,1,2,1,4,2,2
4701024,"47",4,5,1,2,4,5,2,2
4701027,"47",1,1,1,2,1,2,1,2
4701031,"47",2,2,1,2,2,3,1,2
4701032,"47",2,3,2,3,3,4,3,3
4701036,"47",1,1,1,2,1,2,1,3
4701037,"47",2,1,3,2,3,2,4,3
4701039,"47",1,1,2,1,1,2,3,1
4701041,"47",5,1,4,4,5,1,5,4
4701043,"47",1,2,1,1,1,3,1,2
4701044,"47",1,1,1,1,1,2,1,1
4701047,"47",1,1,1,1,1,1,1,1
4701049,"47",5,3,3,1,5,3,4,1
4701053,"47",3,5,1,2,3,5,2,3
4701054,"47",4,1,2,4,4,2,3,4
4701056,"47",5,5,1,1,5,5,1,2
4701058,"47",2,1,2,1,2,1,3,2
4701059,"47",2,3,1,3,3,4,1,3
4701061,"47",4,2,1,5,4,3,1,5
4701063,"47",2,1,1,1,2,1,1,1
4701066,"47",5,4,3,4,5,4,4,4
4701069,"47",1,1,1,3,2,1,2,3
4701072,"47",1,2,2,2,1,3,3,3
4701076,"47",1,1,2,1,2,2,2,2
4701077,"47",5,1,1,4,5,2,2,4
4701078,"47",5,1,4,4,5,2,5,4
4701079,"47",1,1,3,1,1,2,4,1
4701091,"47",1,2,1,4,1,3,1,4
4701094,"47",1,2,4,2,2,3,4,3
4701096,"47",2,3,2,2,3,3,2,2
4701808,"47",2,5,4,5,3,5,5,5
4701809,"47",5,1,2,5,5,2,2,5
4701819,"47",5,3,1,5,5,4,2,5
4702001,"47",1,3,1,1,1,4,1,1
4702002,"47",2,4,4,5,3,4,5,5
4702006,"47",5,1,1,1,5,2,1,1
4702011,"47",1,1,2,3,1,1,2,3
4702014,"47",4,4,1,3,4,5,1,4
4702016,"47",5,1,1,3,5,1,1,3
4702018,"47",4,1,3,2,4,1,4,2
4702023,"47",5,1,4,3,5,1,5,3
4702024,"47",2,1,1,1,2,1,2,1
4702026,"47",1,1,3,1,1,1,3,2
4702028,"47",5,1,2,5,5,1,3,5
4702029,"47",1,2,1,1,1,3,1,1
4702031,"47",4,3,2,1,4,3,2,2
4702033,"47",1,1,3,3,2,1,3,3
4702037,"47",1,1,2,1,1,2,2,1
4702038,"47",2,1,2,4,3,1,2,4
4702039,"47",2,3,2,3,2,4,3,4
4702041,"47",2,4,1,5,3,4,2,5
4702042,"47",1,4,1,2,2,4,1,2
4702044,"47",1,3,1,1,2,3,1,2
4702047,"47",5,5,2,2,5,5,2,2
4702048,"47",1,3,2,1,1,4,3,1
4702051,"47",1,1,2,4,2,2,3,4
4702052,"47",2,1,3,2,3,1,4,2
4702054,"47",4,1,1,4,4,2,2,4
4702057,"47",2,1,3,1,2,1,4,1
4702058,"47",4,5,2,3,4,5,2,3
4702061,"47",5,1,1,3,5,1,1,4
4702062,"47",2,1,2,1,2,2,2,1
4702066,"47",1,3,2,1,1,3,3,1
4702067,"47",2,3,2,2,2,4,3,3
4702069,"47",2,5,1,1,2,5,1,1
4702071,"47",3,1,4,3,3,2,5,3
4702072,"47",2,2,3,2,2,3,3,2
4702073,"47",1,2,2,3,1,3,3,3
4702076,"47",3,1,2,2,3,2,3,2
4702078,"47",5,3,1,4,5,3,1,4
4702079,"47",3,4,4,4,3,4,4,4
4703001,"47",1,1,1,1,1,1,1,1
4703004,"47",5,1,2,1,5,2,3,2
4703006,"47",1,1,1,1,1,2,1,1
4703009,"47",5,3,5,3,5,3,5,3
4703011,"47",4,1,1,1,4,1,2,1
4703016,"47",1,1,2,1,2,1,2,1
4703018,"47",2,1,1,2,2,1,1,3
4703019,"47",5,1,5,4,5,1,5,4
4703022,"47",2,1,1,1,3,1,1,2
4703026,"47",2,1,2,2,3,1,2,3
4703028,"47",5,1,4,4,5,2,5,4
4703029,"47",1,1,2,4,1,2,2,4
4703034,"47",1,5,1,4,1,5,1,4
4703036,"47",5,4,4,2,5,4,4,3
4703038,"47",1,1,2,1,2,1,3,1
4703041,"47",5,1,1,4,5,1,1,4
4703042,"47",1,3,3,3,1,3,4,3
4703044,"47",4,1,4,5,4,2,4,5
4703048,"47",1,4,1,3,1,4,2,3
4703051,"47",5,4,3,4,5,4,4,4
4703052,"47",4,3,2,4,4,4,2,4
4703054,"47",1,5,1,2,1,5,1,2
4703058,"47",3,5,5,4,4,5,5,4
4703059,"47",4,5,1,4,4,5,1,4
4703061,"47",1,4,3,5,1,4,4,5
4703062,"47",5,4,1,4,5,4,1,4
4703064,"47",1,1,2,1,1,1,2,1
4703068,"47",3,1,1,1,3,1,1,2
4703071,"47",4,4,3,1,4,4,4,1
4703074,"47",2,5,3,2,2,5,4,3
4703092,"47",4,1,3,2,4,1,4,2
4703093,"47",1,1,2,1,1,1,3,1
4703096,"47",1,1,2,2,2,1,3,3
4704002,"47",5,1,1,1,5,1,1,2
4704003,"47",4,1,1,4,4,1,1,4
4704006,"47",2,1,1,1,2,1,1,2
4704009,"47",5,2,3,4,4,3,4,4
4704011,"47",1,1,1,1,2,2,1,1
4704012,"47",5,5,2,2,5,5,2,2
4704019,"47",3,1,1,3,3,1,1,3
4704024,"47",1,1,1,1,2,1,1,1
4704026,"47",5,1,4,1,5,2,5,1
4704028,"47",2,4,1,1,2,4,1,2
4704029,"47",5,1,5,1,5,2,5,1
4704034,"47",1,3,2,2,1,3,3,2
4704036,"47",5,3,2,3,5,4,3,3
4704038,"47",4,4,2,4,4,4,3,4
4704045,"47",3,1,1,2,3,1,2,3
4704048,"47",4,4,4,2,4,4,4,3
4704050,"47",2,1,1,2,3,1,1,3
4704054,"47",1,1,2,1,1,1,2,1
4704058,"47",2,1,1,1,3,2,1,2
4704061,"47",3,1,2,1,3,1,2,1
4704802,"47",5,5,2,5,5,5,3,5
4705001,"47",1,3,1,1,1,3,1,2
4705002,"47",3,1,4,4,3,1,4,4
4705004,"47",5,5,2,1,5,5,3,1
4705007,"47",2,1,2,1,2,1,3,1
4705009,"47",1,1,1,2,2,2,1,2
4705011,"47",1,1,1,1,1,2,2,1
4705014,"47",2,1,2,1,2,2,3,1
4705016,"47",5,5,3,1,5,5,3,2
4705018,"47",1,1,1,2,1,1,1,3
4705019,"47",5,1,5,1,5,1,5,1
4705021,"47",5,2,4,3,5,3,5,4
4705024,"47",4,4,4,3,4,4,5,3
4705027,"47",2,1,1,2,2,2,2,3
4705028,"47",1,1,1,4,2,1,1,4
4705029,"47",5,4,4,3,5,4,5,3
4705031,"47",4,2,5,4,4,3,5,4
4705033,"47",1,2,1,3,1,2,1,3
4705034,"47",5,2,3,4,5,3,4,4
4705037,"47",1,2,1,1,1,3,1,1
4705038,"47",4,3,2,3,4,4,2,3
4705041,"47",1,1,2,1,1,2,3,2
4705042,"47",3,1,5,1,3,1,5,2
4705043,"47",1,1,2,1,1,2,3,1
4705044,"47",2,4,3,5,2,4,4,5
4705047,"47",1,2,1,2,1,3,1,3
4705048,"47",5,4,2,1,4,5,3,2
4705051,"47",1,1,2,1,1,2,3,1
4705052,"47",4,4,2,1,4,4,3,2
4705055,"47",1,5,1,1,2,5,2,1
4705056,"47",2,1,5,2,3,1,5,2
4705057,"47",1,4,2,1,1,5,2,1
4705058,"47",3,4,5,5,3,4,5,5
4705059,"47",5,1,5,3,5,1,5,3
4705062,"47",4,1,3,4,4,1,4,4
4705063,"47",2,1,1,1,3,1,2,2
4705064,"47",5,1,5,5,5,2,5,4
4705066,"47",3,1,3,2,3,1,3,2
4705067,"47",1,4,1,1,2,4,2,2
4705071,"47",4,4,4,1,4,4,4,2
4705073,"47",1,3,1,2,1,3,2,2
4705074,"47",5,3,3,3,5,4,4,3
4705077,"47",1,2,2,2,1,3,3,2
4705078,"47",4,4,5,3,4,4,5,3
4705079,"47",3,4,3,4,3,4,4,4
4705093,"47",2,1,1,2,3,2,1,2
4705094,"47",3,2,1,2,3,3,2,2
4705803,"47",4,4,2,5,4,4,3,5
4705804,"47",5,5,2,5,5,5,3,5
4705805,"47",4,4,1,5,4,5,2,5
4705806,"47",5,5,1,5,5,5,2,5
4705807,"47",1,3,5,2,1,4,5,3
4705808,"47",5,2,5,5,5,3,5,5
4706001,"47",1,2,1,1,1,3,1,2
4706002,"47",4,2,4,3,4,3,5,3
4706003,"47",5,1,3,5,5,1,4,5
4706004,"47",1,3,1,2,1,3,1,2
4706006,"47",5,1,3,3,5,2,3,3
4706007,"47",3,1,1,2,3,2,2,2
4706008,"47",1,3,3,2,2,4,4,3
4706009,"47",3,5,3,3,3,5,3,4
4706011,"47",1,2,2,2,2,3,2,3
4706013,"47",1,1,1,1,2,2,1,1
4706014,"47",2,4,1,4,2,4,1,4
4706016,"47",1,1,2,1,2,1,3,1
4706017,"47",2,3,1,3,2,3,1,3
4706018,"47",1,1,4,1,2,2,4,1
4706019,"47",5,4,3,4,5,4,3,4
4706021,"47",1,1,3,1,1,1,3,1
4706022,"47",5,1,1,2,5,1,2,3
4706023,"47",1,3,1,3,1,4,1,3
4706026,"47",1,2,1,1,2,3,2,1
4706027,"47",5,5,1,3,5,5,2,3
4706028,"47",1,4,1,1,1,4,1,1
4706029,"47",1,3,1,1,1,4,1,1
4706030,"47",1,4,1,1,1,4,1,1
4706031,"47",1,3,1,1,2,4,1,2
4706032,"47",1,3,1,1,2,3,1,2
4706033,"47",1,1,1,3,1,2,1,3
4706034,"47",1,3,1,1,1,3,1,2
4706036,"47",4,2,3,3,4,3,3,3
4706037,"47",3,2,1,2,4,3,2,2
4706038,"47",1,2,1,1,1,2,1,1
4706039,"47",4,4,2,2,4,4,3,3
4706041,"47",5,3,3,5,5,4,4,5
4706042,"47",3,1,2,2,3,2,2,2
4706045,"47",2,2,4,1,3,3,5,1
4706046,"47",4,2,4,5,4,3,4,5
4706047,"47",5,4,3,5,5,4,4,5
4706048,"47",1,1,4,1,1,2,5,1
4706049,"47",4,2,4,5,4,3,5,5
4706050,"47",2,2,5,1,2,3,5,1
4706051,"47",5,5,4,4,5,5,5,4
4706052,"47",1,2,5,1,1,3,5,1
4706053,"47",1,1,1,1,1,2,1,1
4706054,"47",5,3,1,4,5,3,1,4
4706055,"47",1,1,2,1,1,2,3,1
4706056,"47",2,3,1,2,2,4,2,2
4706057,"47",5,1,5,1,5,1,5,1
4706058,"47",2,3,4,2,3,3,4,3
4706059,"47",1,1,2,1,2,2,2,2
4706060,"47",2,2,5,1,2,2,5,1
4706061,"47",3,2,2,4,4,3,3,4
4706063,"47",2,1,1,1,2,1,2,1
4706064,"47",5,2,1,3,4,3,2,3
4706065,"47",4,1,5,1,4,2,5,1
4706067,"47",2,4,4,4,2,4,4,4
4706068,"47",5,1,1,3,5,1,2,3
4706069,"47",3,1,4,1,3,2,4,2
4706070,"47",1,1,1,1,1,2,1,1
4706071,"47",1,1,1,1,2,2,2,1
4706072,"47",1,2,1,1,2,3,2,1
4706073,"47",1,1,5,1,1,2,5,1
4706074,"47",5,3,5,1,5,4,5,2
4706075,"47",1,4,5,1,1,4,5,1
4706077,"47",3,2,5,1,4,3,5,1
4706078,"47",2,3,1,4,3,4,2,4
4706079,"47",5,1,5,4,5,1,5,4
4706080,"47",5,1,5,4,5,1,5,4
4706081,"47",1,1,4,2,1,1,4,2
4706091,"47",2,2,1,2,2,3,1,2
4706092,"47",2,2,2,2,3,3,2,2
4706094,"47",3,1,4,3,3,2,4,3
4706096,"47",3,2,3,2,3,3,3,2
4706097,"47",5,1,5,2,5,1,5,2
4706098,"47",3,1,5,4,3,2,5,4
4706099,"47",3,2,1,2,3,3,1,3
4706809,"47",5,5,3,5,5,5,4,5
4706810,"47",5,5,4,5,4,5,5,5
4706811,"47",5,5,2,5,5,5,3,5
4706812,"47",5,5,2,5,4,5,3,5
4706813,"47",5,5,3,5,4,5,4,5
4706814,"47",4,4,4,5,4,4,4,5
4706815,"47",5,5,5,5,5,5,5,5
4706816,"47",4,5,4,5,4,5,4,5
4706818,"47",4,5,4,5,4,5,5,5
4706820,"47",5,5,2,5,5,5,2,5
4707001,"47",1,3,3,1,2,4,3,2
4707004,"47",3,5,1,4,3,5,1,4
4707006,"47",1,1,3,1,2,1,4,1
4707011,"47",1,1,3,1,2,1,3,1
4707014,"47",3,1,1,2,3,1,1,2
4707016,"47",4,5,1,2,4,5,1,2
4707018,"47",1,2,2,1,1,3,3,1
4707020,"47",1,1,5,1,2,2,5,1
4707021,"47",2,1,1,1,2,2,2,1
4707022,"47",3,1,3,2,3,2,3,2
4707023,"47",5,4,4,4,5,5,4,4
4707024,"47",1,1,1,2,1,1,2,2
4707026,"47",3,3,3,3,4,4,4,3
4707027,"47",4,1,5,2,4,1,5,2
4707029,"47",2,1,3,1,3,1,4,1
4707031,"47",5,4,3,5,4,4,3,5
4707032,"47",1,1,1,4,2,1,2,4
4707034,"47",4,4,3,4,4,4,4,4
4707036,"47",1,3,1,2,2,3,1,3
4707037,"47",3,4,2,3,3,4,2,3
4707038,"47",3,1,1,2,4,2,1,2
4707039,"47",5,5,3,3,5,5,3,3
4707042,"47",1,1,1,1,1,2,1,1
4707043,"47",3,4,1,4,3,4,1,4
4707044,"47",5,2,5,1,5,3,5,1
4707045,"47",1,2,5,1,1,2,5,1
4707047,"47",3,1,1,2,3,1,2,3
4707048,"47",3,1,2,4,3,1,3,4
4707049,"47",5,2,3,4,5,3,4,4
4707051,"47",1,4,5,1,1,4,5,2
4707053,"47",1,3,1,1,2,4,1,1
4707054,"47",5,1,4,1,5,1,5,2
4707058,"47",4,1,1,4,4,1,1,4
4707059,"47",4,1,4,3,4,2,5,3
4707062,"47",2,1,1,1,3,1,2,1
4707063,"47",1,1,1,2,2,1,1,3
4707066,"47",1,1,1,2,1,1,1,3
4707067,"47",4,1,1,1,4,1,2,1
4707068,"47",4,3,1,1,4,3,2,1
4707071,"47",5,3,3,1,5,3,4,1
4707072,"47",4,4,5,4,4,4,5,4
4707076,"47",3,1,4,1,3,1,4,1
4707077,"47",4,1,4,4,4,1,5,4
4707091,"47",3,1,2,1,3,2,2,1
4707092,"47",4,1,4,4,4,2,4,4
4708001,"47",2,1,1,1,2,2,1,1
4708004,"47",5,5,2,2,5,5,3,2
4708006,"47",1,1,3,1,2,1,4,1
4708008,"47",3,2,3,5,4,3,4,4
4708009,"47",1,1,1,1,1,1,2,1
4708011,"47",3,2,2,3,3,3,3,3
4708012,"47",5,1,5,2,4,1,5,3
4708016,"47",4,1,1,2,4,2,1,3
4708021,"47",1,1,1,1,1,2,2,1
4708022,"47",3,4,2,1,3,4,3,1
4708024,"47",2,1,1,1,2,2,1,1
4708026,"47",4,2,2,1,4,3,2,2
4708028,"47",2,1,1,2,3,1,1,2
4708029,"47",1,3,2,3,1,4,2,3
4708031,"47",1,1,2,1,2,1,3,1
4708032,"47",5,4,4,3,5,4,4,4
4708034,"47",1,2,3,4,1,3,4,4
4708038,"47",1,2,1,2,2,3,1,2
4708039,"47",5,3,1,3,5,3,2,3
4708042,"47",1,1,1,1,2,2,2,2
4708044,"47",5,1,3,2,5,1,4,3
4708046,"47",1,1,1,1,2,1,1,1
4708048,"47",5,1,4,3,5,1,5,3
4708049,"47",5,3,5,5,5,4,5,5
4708053,"47",4,1,2,1,4,1,3,2
4708054,"47",2,2,5,5,3,3,5,4
4708056,"47",1,2,3,1,1,3,3,2
4708057,"47",4,5,1,2,4,5,1,3
4708058,"47",3,3,1,2,3,3,2,3
4708061,"47",5,1,1,1,5,1,1,2
4708062,"47",3,1,3,2,3,2,3,2
4708065,"47",1,1,1,2,1,1,1,2
4708068,"47",4,4,1,4,4,4,2,4
4708071,"47",1,1,1,3,2,1,1,3
4708074,"47",1,3,1,1,2,4,2,1
4708076,"47",4,1,3,2,4,2,3,2
4708092,"47",3,1,1,1,3,1,1,1
4708094,"47",3,4,2,1,3,4,3,2
4709001,"47",2,1,3,1,2,2,4,2
4709002,"47",5,1,5,1,5,1,5,1
4709006,"47",1,2,2,2,2,2,2,2
4709009,"47",1,4,1,5,1,4,2,5
4709011,"47",1,3,2,2,1,4,3,2
4709012,"47",5,5,2,3,5,5,3,3
4709014,"47",3,3,1,4,3,3,2,4
4709016,"47",4,3,2,3,4,4,3,3
4709019,"47",1,1,2,3,1,2,2,3
4709023,"47",3,1,1,1,3,2,2,1
4709024,"47",2,1,5,4,3,1,5,4
4709028,"47",4,2,5,4,4,3,5,4
4709029,"47",1,2,4,1,1,3,5,1
4709032,"47",5,3,4,4,5,4,5,4
4709033,"47",3,1,4,4,3,2,5,4
4709037,"47",2,1,3,1,2,1,4,1
4709038,"47",5,1,2,4,5,1,3,4
4709039,"47",5,3,4,5,5,4,4,4
4709042,"47",1,1,5,2,1,1,5,2
4709044,"47",5,2,5,5,5,3,5,5
4709046,"47",1,3,5,1,1,4,5,1
4709049,"47",4,2,4,5,4,3,5,4
4709053,"47",5,1,4,4,5,1,5,4
4709054,"47",1,1,3,3,1,1,4,3
4709056,"47",4,1,5,4,4,1,5,4
4709058,"47",4,5,1,4,4,5,2,4
4709060,"47",2,3,4,4,2,4,4,4
4709061,"47",5,3,5,2,5,3,5,2
4709062,"47",1,5,4,4,2,5,4,4
4709064,"47",5,4,4,2,5,4,5,3
4709065,"47",1,3,5,5,1,3,5,4
4709066,"47",4,4,4,3,4,4,4,3
4709067,"47",1,1,2,4,2,2,3,4
4709069,"47",5,4,1,3,5,4,1,4
4709071,"47",5,1,4,5,5,1,5,5
4709072,"47",4,1,5,4,4,1,5,4
4709075,"47",1,2,2,4,1,3,3,4
4709819,"47",4,5,4,5,4,5,5,5
4709820,"47",4,5,3,5,4,5,4,5
4709821,"47",5,5,4,5,4,5,5,5
4710002,"47",5,1,1,5,5,2,2,5
4710003,"47",1,2,4,3,2,3,4,4
4710004,"47",5,4,5,4,5,4,5,4
4710008,"47",3,1,2,4,3,2,2,4
4710009,"47",5,2,5,5,5,3,5,5
4710014,"47",1,3,2,5,1,3,3,5
4710022,"47",5,5,5,1,5,5,5,2
4710024,"47",1,1,1,2,2,2,1,2
4710027,"47",4,1,2,4,4,2,2,4
4710028,"47",5,1,5,5,5,1,5,4
4710029,"47",3,5,4,5,3,5,4,5
4710031,"47",3,2,3,2,3,2,4,3
4710036,"47",2,1,2,1,3,1,3,2
4710038,"47",5,3,5,3,4,4,5,3
4710041,"47",1,1,3,3,1,1,4,3
4710043,"47",2,1,3,3,2,1,4,3
4710046,"47",2,1,3,1,3,1,4,2
4710047,"47",5,4,3,2,4,4,4,3
4710052,"47",1,1,3,1,2,1,3,2
4710054,"47",2,2,5,5,2,3,5,4
4710056,"47",1,1,1,2,2,1,1,2
4710058,"47",3,5,1,1,3,5,2,1
4710061,"47",1,1,1,1,2,2,1,1
4710062,"47",5,3,3,3,5,4,4,3
4710064,"47",5,4,5,2,5,4,5,3
4710066,"47",1,1,5,2,1,2,5,2
4710068,"47",5,1,4,1,5,2,5,2
4710071,"47",1,1,3,1,2,2,3,1
4710072,"47",5,1,5,4,5,1,5,4
4710822,"47",5,5,3,5,5,5,4,5
4710823,"47",4,5,3,5,4,5,4,5
4710824,"47",5,1,1,5,5,1,2,5
4710825,"47",4,5,2,5,4,5,3,5
4710826,"47",5,5,3,5,5,5,4,5
4711002,"47",4,5,1,2,4,5,2,2
4711003,"47",1,1,2,1,1,1,2,1
4711004,"47",5,1,5,4,5,2,5,4
4711006,"47",1,1,4,1,2,1,4,1
4711008,"47",3,4,3,4,3,4,4,4
4711009,"47",5,1,4,1,5,1,5,1
4711011,"47",1,1,1,2,1,1,2,2
4711014,"47",5,3,2,2,5,4,3,2
4711016,"47",1,1,1,1,2,1,1,1
4711018,"47",1,2,3,1,2,3,4,1
4711019,"47",3,5,3,1,3,5,4,1
4711021,"47",5,1,3,3,5,2,4,3
4711022,"47",2,4,5,2,2,4,5,2
4711024,"47",3,2,1,5,3,3,1,5
4711026,"47",1,3,2,1,1,4,3,1
4711027,"47",5,4,4,1,5,4,4,2
4711028,"47",1,4,1,4,1,4,1,4
4711031,"47",1,2,1,1,1,3,1,1
4711032,"47",4,4,3,4,4,4,3,4
4711034,"47",1,1,2,1,1,2,3,1
4711036,"47",3,3,1,2,4,3,2,3
4711038,"47",5,5,1,5,4,5,1,4
4711039,"47",1,1,3,2,1,2,3,2
4711041,"47",4,4,4,5,4,4,4,5
4711042,"47",2,1,1,1,3,1,2,1
4711044,"47",4,1,3,4,4,1,3,4
4711046,"47",1,1,2,2,2,2,3,2
4711048,"47",5,5,4,1,5,5,4,2
4711049,"47",2,4,2,1,3,4,3,2
4711052,"47",1,1,2,1,1,1,3,1
4711053,"47",4,4,3,1,4,4,4,2
4711054,"47",5,2,5,2,5,3,5,2
4711056,"47",4,4,4,5,4,4,4,4
4711059,"47",2,1,1,5,2,2,1,5
4711060,"47",1,2,1,1,1,3,2,1
4711061,"47",1,4,1,1,1,4,1,1
4711063,"47",3,3,1,4,3,3,1,4
4711064,"47",1,1,1,1,2,2,2,1
4711065,"47",1,4,1,1,1,4,2,1
4711066,"47",5,5,1,2,5,5,2,3
4711067,"47",2,4,1,2,3,4,2,2
4711068,"47",2,4,1,1,2,4,1,2
4711069,"47",1,3,1,2,1,4,2,3
4711070,"47",2,4,1,2,2,4,1,2
4711071,"47",4,1,1,1,4,2,1,1
4711072,"47",4,3,1,3,4,3,2,3
4711073,"47",1,2,1,1,2,3,1,2
4711075,"47",1,4,1,1,2,4,1,2
4711076,"47",1,2,1,1,2,3,2,1
4711077,"47",1,4,1,1,1,4,2,2
4711078,"47",5,1,5,4,5,2,5,4
4711079,"47",2,4,2,4,2,4,3,4
4711091,"47",1,1,1,1,1,2,2,1
4711092,"47",5,2,3,5,5,3,3,5
4711094,"47",4,1,5,1,4,2,5,1
4711096,"47",1,1,1,1,1,1,1,1
4711828,"47",4,5,1,5,4,5,2,5
4712001,"47",3,1,1,1,3,2,1,1
4712004,"47",1,1,1,1,2,2,2,2
4712006,"47",5,4,2,2,5,4,3,2
4712008,"47",5,1,1,5,5,2,2,5
4712011,"47",2,1,5,2,3,1,5,3
4712012,"47",5,5,4,4,5,5,5,4
4712016,"47",3,1,4,2,3,2,4,2
4712019,"47",5,1,5,1,5,1,5,2
4712020,"47",2,4,1,1,2,4,1,1
4712022,"47",2,1,5,1,3,2,5,2
4712026,"47",1,3,1,3,2,3,2,4
4712029,"47",2,1,3,1,2,1,4,1
4712032,"47",5,2,5,2,4,3,5,3
4712034,"47",1,1,2,1,1,1,3,1
4712038,"47",4,1,1,1,4,1,1,1
4712042,"47",1,1,1,2,1,2,2,3
4712046,"47",5,4,3,2,5,4,4,3
4712050,"47",1,1,1,1,2,2,1,1
4712051,"47",2,4,3,2,3,4,3,2
4712054,"47",1,2,1,2,1,3,2,2
4712056,"47",2,2,2,3,3,3,3,3
4712058,"47",2,3,2,2,2,4,3,3
4712059,"47",4,4,1,3,4,4,1,3
4712064,"47",1,4,3,4,2,4,4,4
4712069,"47",2,2,3,2,2,3,4,3
4712072,"47",2,1,4,2,3,1,5,3
4712078,"47",1,3,2,3,1,3,3,3
4712079,"47",3,3,2,4,3,4,2,4
4712829,"47",5,5,5,5,4,5,5,5
4712830,"47",5,2,5,5,5,3,5,5
4712832,"47",4,5,5,5,4,5,5,5
4712833,"47",3,5,4,5,4,5,5,5
4713002,"47",4,1,1,2,4,2,1,2
4713006,"47",1,3,1,2,2,3,1,3
4713008,"47",5,5,1,2,5,5,1,2
4713009,"47",1,4,4,2,2,4,5,3
4713011,"47",4,1,1,4,4,2,1,4
4713014,"47",5,5,1,3,5,5,1,3
4713016,"47",1,1,1,1,1,1,1,1
4713019,"47",1,1,1,1,1,1,1,1
4713024,"47",1,4,1,1,1,4,2,1
4713026,"47",3,1,1,4,3,1,1,4
4713028,"47",1,1,1,1,1,2,1,2
4713029,"47",5,1,1,2,5,2,2,3
4713031,"47",5,5,1,1,5,5,1,1
4713032,"47",1,1,1,1,1,2,1,1
4713038,"47",3,1,1,1,3,1,1,2
4713041,"47",1,5,1,1,1,5,2,1
4713042,"47",4,3,2,3,4,3,3,3
4713044,"47",2,2,4,2,3,3,5,3
4713046,"47",1,1,1,1,1,2,2,2
4713049,"47",1,2,1,1,1,3,1,2
4713051,"47",3,3,2,3,3,4,2,3
4713054,"47",2,1,4,3,3,1,4,3
4713056,"47",1,1,2,1,2,2,3,1
4713059,"47",2,1,1,1,2,1,1,1
4713062,"47",5,1,5,4,5,1,5,4
4713064,"47",1,1,1,1,1,2,2,2
4713067,"47",5,1,2,4,5,2,3,4
4713068,"47",1,1,1,1,1,1,1,2
4713069,"47",4,3,2,2,4,4,3,3
4713072,"47",1,1,1,1,1,2,1,2
4713074,"47",4,3,2,2,4,4,3,2
4713076,"47",3,1,1,1,3,2,1,2
4713079,"47",1,1,1,2,2,1,2,3
4713091,"47",4,4,2,5,4,4,2,5
4713092,"47",3,1,1,3,3,1,2,3
4713094,"47",3,4,3,4,3,4,4,4
4713096,"47",1,1,3,1,1,2,4,1
4713098,"47",3,4,2,5,3,4,2,5
4713835,"47",5,4,4,5,5,5,5,5
4713836,"47",4,5,5,5,4,5,5,5
4714001,"47",1,2,3,3,2,3,4,3
4714004,"47",4,2,5,3,4,3,5,3
4714006,"47",1,1,2,2,1,1,3,2
4714007,"47",4,3,4,3,4,4,4,3
4714009,"47",5,1,5,2,5,1,5,3
4714021,"47",2,1,2,2,2,1,3,2
4714022,"47",5,4,5,3,5,4,5,3
4714023,"47",2,1,3,1,2,1,4,1
4714024,"47",4,1,3,4,4,2,3,4
4714026,"47",1,3,2,2,1,3,3,3
4714028,"47",5,1,2,4,5,2,2,4
4714030,"47",4,1,1,5,4,2,1,5
4714032,"47",5,1,4,2,4,1,5,2
4714034,"47",2,1,4,3,2,2,5,3
4714035,"47",1,2,3,2,1,3,3,3
4714036,"47",3,1,4,4,3,1,4,4
4714038,"47",2,2,4,4,3,3,5,4
4714041,"47",4,1,3,3,4,1,3,3
4714043,"47",1,2,2,1,1,2,2,2
4714044,"47",5,2,3,2,5,3,4,2
4714047,"47",1,1,2,3,1,1,2,3
4714049,"47",5,2,3,5,5,3,4,5
4714051,"47",5,4,2,3,5,4,3,3
4714053,"47",1,1,3,2,2,2,3,3
4714056,"47",1,3,2,1,1,4,2,2
4714058,"47",4,5,4,1,4,5,4,1
4714059,"47",1,1,4,1,1,1,4,1
4714061,"47",5,5,3,4,5,5,4,4
4714062,"47",4,1,4,3,4,2,5,3
4714067,"47",1,3,1,4,1,3,2,4
4714068,"47",1,1,3,1,1,1,3,2
4714069,"47",4,1,2,3,4,2,3,3
4714072,"47",1,1,2,2,2,2,3,2
4714073,"47",5,5,2,2,5,5,3,2
4714074,"47",5,1,1,5,5,2,1,4
4714076,"47",5,4,3,4,5,4,4,4
4714077,"47",1,1,3,3,2,2,4,3
4714079,"47",5,2,5,5,5,3,5,5
4714091,"47",3,1,1,3,3,1,1,3
4714092,"47",5,2,4,4,5,3,5,4
4714093,"47",2,5,5,5,2,5,5,5
4714839,"47",2,5,3,5,2,5,4,5
4714840,"47",2,5,2,5,2,5,2,5
4714841,"47",5,5,4,5,5,5,4,5
4714842,"47",5,5,4,5,5,5,4,5
4714843,"47",5,4,1,5,5,4,1,5
4714845,"47",1,5,2,5,2,5,3,5
4715001,"47",3,1,1,1,3,2,1,1
4715002,"47",1,5,1,1,1,5,2,1
4715003,"47",3,1,1,4,3,1,1,4
4715004,"47",2,1,4,1,3,2,4,1
4715005,"47",3,1,4,1,3,1,4,1
4715006,"47",1,1,1,3,1,2,2,3
4715007,"47",1,1,1,1,1,2,2,1
4715008,"47",4,5,2,1,4,5,3,1
4715011,"47",1,1,1,2,1,2,1,2
4715012,"47",3,2,5,3,3,3,5,3
4715014,"47",1,3,1,1,1,3,1,2
4715016,"47",4,5,2,4,4,5,3,4
4715017,"47",4,5,2,3,4,5,2,3
4715018,"47",1,3,1,1,1,4,1,1
4715019,"47",2,3,1,2,2,4,1,2
4715026,"47",1,3,1,2,2,4,1,2
4715027,"47",2,4,1,2,2,4,2,3
4715028,"47",3,4,1,2,3,4,2,3
4715029,"47",2,2,3,4,2,3,3,4
4715031,"47",1,4,1,2,2,4,1,2
4715032,"47",4,5,3,4,4,5,4,4
4715034,"47",4,5,1,2,4,5,1,2
4715036,"47",1,3,2,4,2,4,2,4
4715038,"47",5,4,5,5,5,4,5,5
4715039,"47",1,1,1,1,2,1,2,1
4715041,"47",4,1,4,3,4,2,5,3
4715042,"47",5,3,5,4,5,3,5,4
4715043,"47",3,1,2,1,3,1,2,1
4715044,"47",1,3,2,1,2,3,2,2
4715045,"47",2,1,4,3,2,2,5,4
4715047,"47",2,2,4,1,2,3,4,1
4715048,"47",1,2,1,1,1,3,1,1
4715049,"47",4,5,1,1,4,5,1,1
4715051,"47",1,1,1,1,1,1,1,1
4715054,"47",2,1,4,3,2,2,4,3
4715057,"47",1,2,2,4,1,3,3,4
4715059,"47",3,4,2,5,3,4,3,5
4715061,"47",1,3,2,4,1,4,3,4
4715062,"47",4,4,2,5,4,4,2,5
4715064,"47",1,2,1,4,2,3,2,4
4715066,"47",5,5,2,5,5,5,3,5
4715067,"47",1,1,2,1,1,2,3,2
4715068,"47",4,3,3,5,4,3,4,4
4715070,"47",3,2,5,1,3,3,5,1
4715071,"47",1,4,3,4,2,4,3,4
4715072,"47",1,2,5,5,1,3,5,5
4715074,"47",4,3,4,5,4,4,4,4
4715075,"47",1,1,5,1,2,2,5,1
4715076,"47",2,3,1,3,3,4,2,3
4715079,"47",1,3,1,3,1,3,2,3
4715085,"47",1,2,2,4,1,3,3,4
4715091,"47",4,1,1,4,4,1,1,4
4715092,"47",3,2,2,5,3,3,3,5
4715094,"47",1,3,2,3,1,3,3,3
4715098,"47",3,1,1,5,3,1,1,5
4715099,"47",1,4,3,2,2,4,4,3
4715844,"47",2,5,5,5,2,5,5,5
4715845,"47",3,5,4,5,3,5,4,5
4715847,"47",4,5,3,5,4,5,4,5
4715848,"47",2,5,2,5,3,5,3,5
4715849,"47",2,5,4,5,3,5,4,5
4715850,"47",5,2,4,5,5,3,4,5
4715851,"47",3,5,3,5,3,5,4,5
4715853,"47",4,4,2,5,4,5,3,5
4716002,"47",5,5,5,5,5,5,5,5
4716004,"47",4,4,5,5,4,4,5,5
4716005,"47",1,1,1,1,1,2,2,2
4716008,"47",1,3,4,1,1,3,4,1
4716009,"47",5,2,5,4,5,3,5,4
4716011,"47",3,3,3,2,3,3,3,3
4716013,"47",2,2,1,2,2,3,1,3
4716014,"47",5,2,5,5,5,2,5,4
4716016,"47",5,4,2,5,5,4,3,4
4716018,"47",1,1,3,3,1,2,3,3
4716022,"47",4,1,4,4,4,2,5,4
4716023,"47",1,2,2,3,2,3,3,3
4716024,"47",5,5,5,5,5,5,5,5
4716028,"47",1,2,2,2,1,3,2,2
4716029,"47",5,5,2,4,5,5,3,4
4716033,"47",3,1,2,3,3,2,2,3
4716038,"47",2,1,2,4,3,2,3,4
4716041,"47",3,1,3,1,3,1,4,1
4716042,"47",5,3,5,5,5,4,5,4
4716043,"47",2,2,1,1,3,3,1,1
4716044,"47",4,2,3,1,4,3,3,1
4716046,"47",1,2,2,3,1,3,3,3
4716047,"47",4,3,3,3,4,4,4,3
4716051,"47",2,1,2,1,2,2,3,2
4716052,"47",4,3,5,3,4,3,5,3
4716054,"47",4,3,5,2,4,3,5,3
4716056,"47",2,1,2,3,2,2,3,3
4716057,"47",3,3,5,5,3,4,5,5
4716058,"47",4,5,2,3,4,5,3,3
4716061,"47",4,1,2,5,4,2,3,5
4716062,"47",1,1,2,4,1,2,2,4
4716063,"47",5,2,4,5,5,3,4,5
4716072,"47",5,2,2,4,5,3,2,4
4716075,"47",1,1,3,3,1,2,4,3
4716077,"47",1,4,5,5,2,5,5,5
4716855,"47",3,5,3,5,4,5,4,5
4716856,"47",2,5,4,5,2,5,5,5
4716858,"47",3,5,3,5,3,5,3,5
4716860,"47",4,5,4,5,4,5,4,5
4716862,"47",4,5,2,5,4,5,3,5
4716863,"47",3,5,2,5,3,5,3,5
4717001,"47",1,2,3,1,1,3,4,2
4717002,"47",2,1,5,2,3,2,5,2
4717004,"47",1,4,5,3,1,4,5,3
4717006,"47",2,1,4,2,2,1,5,2
4717008,"47",2,1,2,3,3,2,3,3
4717011,"47",5,1,2,4,5,2,3,4
4717013,"47",1,1,2,2,1,1,3,2
4717014,"47",2,1,3,5,3,1,4,5
4717017,"47",1,2,4,1,1,3,4,1
4717018,"47",4,3,1,4,4,4,2,4
4717019,"47",3,2,1,3,3,3,1,3
4717022,"47",1,1,1,2,1,2,2,2
4717024,"47",1,3,1,4,2,4,1,4
4717026,"47",2,3,2,3,2,3,3,3
4717028,"47",1,3,1,2,1,4,1,3
4717029,"47",5,5,1,4,5,5,1,4
4717032,"47",1,2,1,2,2,3,2,2
4717034,"47",2,3,1,3,3,3,2,4
4717036,"47",5,4,3,5,5,4,4,4
4717039,"47",2,3,4,5,3,3,4,4
4717041,"47",2,2,2,4,3,3,3,4
4717042,"47",2,1,5,1,2,2,5,1
4717045,"47",2,2,4,2,2,3,4,2
4717047,"47",1,2,3,4,2,3,3,4
4717048,"47",5,2,5,5,5,3,5,5
4717052,"47",4,5,1,5,4,5,2,5
4717054,"47",1,2,1,3,1,3,2,3
4717055,"47",5,5,5,4,5,5,5,4
4717056,"47",1,1,4,4,1,2,5,4
4717057,"47",4,1,5,5,4,1,5,5
4717058,"47",5,2,5,5,4,3,5,5
4717062,"47",1,2,2,4,2,3,2,4
4717066,"47",5,3,5,4,5,4,5,4
4717067,"47",5,4,2,4,5,4,3,4
4717801,"47",3,5,4,5,3,5,5,5
4717802,"47",3,5,3,5,3,5,4,5
4717803,"47",3,5,4,5,3,5,4,5
4717805,"47",3,5,2,5,3,5,2,5
4717806,"47",4,5,2,5,4,5,3,5
4717807,"47",4,5,3,5,4,5,4,5
4717809,"47",3,5,3,5,3,5,3,5
4717810,"47",1,5,5,5,2,5,5,5
4717811,"47",4,5,3,5,4,5,4,5
4717812,"47",4,5,4,5,4,5,4,5
4717813,"47",5,5,4,5,5,5,5,5
4717816,"47",4,5,2,5,4,5,2,5
4718005,"47",4,5,4,5,4,5,5,5
4718012,"47",4,5,4,5,4,5,5,5
4718015,"47",3,3,2,5,3,3,3,5
4718021,"47",4,5,4,5,4,5,4,5
4718028,"47",3,5,1,5,3,5,2,5
4718030,"47",4,5,5,5,4,5,5,5
4718033,"47",3,4,1,5,3,5,1,5
4718041,"47",5,5,1,5,5,5,1,5
4718042,"47",2,5,1,5,3,5,1,5
4718049,"47",2,3,2,4,2,3,3,4
4718051,"47",2,2,3,4,3,3,4,4
4718052,"47",3,1,3,2,3,2,3,3
4718055,"47",4,5,2,5,4,5,3,5
4718058,"47",3,5,2,5,3,5,3,5
4718065,"47",3,5,3,5,3,5,4,5
4718067,"47",2,5,3,5,3,5,4,5
4718069,"47",5,4,4,5,4,4,4,5
4718070,"47",1,4,1,5,2,4,2,5
4718071,"47",3,5,5,5,3,5,5,5
4718074,"47",3,5,3,5,3,5,4,5
4718075,"47",3,5,3,5,3,5,3,5
4718090,"47",1,4,3,5,2,5,4,5
4718100,"47",1,5,2,5,1,5,3,5
4718802,"47",3,5,3,5,3,5,4,5
4718803,"47",3,5,4,5,3,5,4,5
4718806,"47",2,5,4,5,2,5,4,5
4718807,"47",3,5,4,5,3,5,4,5
4718808,"47",2,5,4,5,2,5,5,5
4718809,"47",2,5,3,5,3,5,4,5
4718811,"47",2,5,4,5,3,5,4,5
4718812,"47",3,5,4,5,3,5,5,5
4718814,"47",3,5,4,5,3,5,4,5
4718815,"47",5,4,3,5,5,5,3,5
4718817,"47",4,5,3,5,4,5,4,5
4718818,"47",3,5,3,5,3,5,4,5
4718819,"47",4,5,2,5,4,5,3,5
4718820,"47",1,5,4,5,2,5,4,5
4718822,"47",1,5,2,5,1,5,3,5
4718824,"47",1,5,3,5,1,5,4,5
4718826,"47",2,5,1,5,3,5,2,5
4718827,"47",4,5,3,5,4,5,4,5
4718831,"47",3,5,5,5,3,5,5,5
4718832,"47",1,5,3,5,2,5,4,5
4718839,"47",3,5,3,5,3,5,4,5
4718852,"47",2,5,3,5,3,5,4,5
4801003,"48",1,4,1,1,1,3,1,1
4801006,"48",5,5,3,2,5,4,3,2
4801008,"48",1,5,2,3,1,5,2,4
4801009,"48",4,5,2,2,4,4,3,2
4801014,"48",3,5,2,4,3,5,2,4
4801018,"48",3,5,2,3,3,4,3,3
4802001,"48",2,4,2,1,2,2,2,1
4802002,"48",2,1,4,4,2,1,4,4
4802004,"48",5,3,5,4,5,2,5,4
4802006,"48",4,4,5,3,4,3,5,3
4802008,"48",2,4,3,3,2,4,3,3
4802009,"48",1,5,2,2,2,4,2,2
4802011,"48",1,5,1,2,1,4,1,2
4802012,"48",5,5,2,2,5,5,2,2
4802013,"48",3,4,1,3,3,3,1,3
4802014,"48",1,5,2,2,2,5,2,2
4802016,"48",3,5,5,5,3,5,5,5
4802018,"48",3,5,2,3,3,5,3,4
4802019,"48",3,5,2,2,3,4,2,2
4802021,"48",1,5,2,4,2,5,2,4
4802022,"48",4,5,2,4,4,5,2,4
4802023,"48",1,5,3,4,1,5,3,4
4802029,"48",3,5,3,5,3,5,3,5
4802031,"48",1,4,1,2,2,3,1,2
4802034,"48",5,5,1,3,5,5,1,3
4802036,"48",2,5,1,4,2,4,2,4
4802038,"48",2,4,2,4,2,3,3,4
4802039,"48",3,4,3,3,3,2,4,3
4803001,"48",1,3,2,1,1,2,2,1
4803002,"48",3,4,3,2,3,3,4,1
4803003,"48",4,3,3,1,4,2,3,1
4803004,"48",3,5,3,3,3,4,4,3
4803006,"48",3,4,4,3,3,3,4,3
4803008,"48",2,5,5,2,2,5,5,2
4803011,"48",2,3,2,1,2,2,3,1
4803014,"48",4,4,3,3,4,3,4,3
4803016,"48",5,1,2,2,5,1,3,2
4803018,"48",2,3,2,2,2,2,2,1
4803019,"48",4,4,4,4,4,4,4,4
4803022,"48",5,4,4,2,5,2,5,2
4803024,"48",4,3,4,2,4,2,5,2
4803026,"48",4,3,3,2,4,2,3,2
4803801,"48",3,5,4,5,2,5,4,5
4803802,"48",2,5,4,5,2,5,4,5
4804001,"48",5,1,3,2,4,1,4,1
4804004,"48",1,1,1,1,1,1,2,1
4804006,"48",4,4,4,5,4,3,5,5
4804011,"48",4,4,3,3,4,2,3,3
4804012,"48",2,1,1,1,2,1,2,1
4804014,"48",3,3,4,1,3,2,4,1
4804019,"48",3,4,4,4,3,2,4,4
4804020,"48",1,3,1,1,1,1,1,1
4804021,"48",5,1,5,4,5,1,5,4
4804022,"48",4,4,1,3,4,3,1,4
4805001,"48",2,3,1,1,2,2,2,1
4805002,"48",5,1,5,4,4,1,5,4
4805004,"48",3,3,4,3,3,2,5,3
4805006,"48",4,4,5,1,4,2,5,1
4805008,"48",3,5,5,5,3,4,5,5
4805009,"48",5,1,1,4,5,1,2,4
4805011,"48",1,5,4,2,2,4,4,2
4805012,"48",1,4,1,2,2,2,1,1
4805018,"48",4,5,2,2,4,4,2,2
4805019,"48",1,4,2,3,1,4,2,2
4805021,"48",2,3,3,3,2,2,4,3
4805022,"48",4,4,3,3,4,2,3,3
4805026,"48",5,5,2,3,5,4,3,3
4805031,"48",2,1,2,2,2,1,3,2
4805034,"48",3,2,5,4,3,1,5,4
4805036,"48",1,1,3,2,1,1,3,2
4805038,"48",4,4,4,2,4,3,5,2
4805041,"48",1,3,1,2,1,2,2,2
4805042,"48",5,2,4,4,5,1,4,4
4805044,"48",3,4,2,2,3,3,3,2
4805046,"48",5,5,1,3,5,4,1,3
4805048,"48",4,5,3,2,4,4,4,2
4805049,"48",4,5,2,3,4,5,3,3
4805802,"48",4,5,2,5,4,5,3,5
4806001,"48",1,4,2,1,1,3,2,1
4806006,"48",4,5,3,1,4,5,4,1
4806008,"48",3,3,3,2,3,1,4,2
4806009,"48",2,4,3,2,2,3,3,2
4806011,"48",4,4,4,1,4,3,4,1
4806012,"48",2,5,1,1,2,4,1,1
4806014,"48",1,5,1,1,1,4,2,1
4806016,"48",4,5,1,1,4,5,1,1
4806017,"48",1,5,1,1,1,5,1,1
4806019,"48",3,5,1,1,3,4,1,1
4806021,"48",4,5,1,1,3,5,1,1
4806022,"48",2,4,2,3,2,4,2,3
4806024,"48",4,4,1,5,4,3,2,5
4806026,"48",3,4,1,2,3,3,1,2
4806028,"48",1,3,1,1,2,2,2,1
4806029,"48",2,4,2,1,2,3,2,1
4806031,"48",4,3,4,3,4,2,5,3
4806032,"48",4,4,3,2,4,3,3,2
4806034,"48",4,5,2,2,4,4,3,2
4806036,"48",5,4,3,3,5,3,4,3
4807001,"48",1,1,2,1,1,1,2,1
4807002,"48",4,4,1,2,4,3,1,2
4807004,"48",4,4,4,4,4,2,4,4
4807006,"48",3,4,3,4,3,3,4,4
4807008,"48",2,1,1,3,2,1,2,3
4807011,"48",1,1,1,1,1,1,1,1
4807012,"48",5,3,2,3,5,2,3,3
4807014,"48",4,3,5,3,4,1,5,3
4807016,"48",4,1,5,5,4,1,5,5
4807019,"48",1,3,1,2,1,2,1,2
4807021,"48",3,2,5,4,3,1,5,4
4807026,"48",5,4,2,3,5,4,3,2
4807027,"48",1,1,5,1,1,1,5,1
4807028,"48",2,1,5,1,2,1,5,1
4807029,"48",5,1,5,4,5,1,5,4
4807031,"48",1,2,2,2,1,1,3,2
4807032,"48",5,2,5,4,5,1,5,4
4807036,"48",4,1,5,2,4,1,5,2
4807038,"48",3,2,5,4,3,1,5,4
4807039,"48",3,2,4,3,3,1,5,3
4807042,"48",3,1,2,1,3,1,3,1
4807044,"48",3,1,3,1,3,1,4,1
4807046,"48",4,5,5,5,4,5,5,5
4807048,"48",3,4,1,3,3,3,1,3
4807049,"48",1,2,1,1,2,1,1,1
4807051,"48",2,1,4,3,2,1,4,3
4807052,"48",4,2,3,2,4,1,4,2
4807054,"48",5,5,1,2,5,4,1,2
4807056,"48",3,3,2,2,3,2,3,2
4808001,"48",1,4,2,1,2,2,2,1
4808002,"48",5,1,3,3,5,1,3,3
4808004,"48",3,3,3,4,3,2,3,4
4808005,"48",1,4,3,1,1,3,4,1
4808006,"48",5,4,3,4,5,2,4,4
4808008,"48",4,4,3,3,4,3,4,3
4808009,"48",3,4,1,3,3,3,1,3
4808011,"48",5,5,1,3,5,5,2,2
4808012,"48",5,4,1,3,5,4,1,3
4808013,"48",1,3,5,1,1,2,5,1
4808022,"48",1,3,2,2,2,2,2,1
4808023,"48",1,3,2,1,1,2,3,1
4808024,"48",3,3,4,2,3,2,4,2
4808025,"48",1,1,3,1,1,1,4,1
4808026,"48",3,4,3,5,3,2,4,5
4808028,"48",1,4,5,1,1,3,5,1
4808029,"48",3,5,1,2,3,4,1,2
4808031,"48",4,5,2,2,4,4,2,2
4808032,"48",3,4,1,2,3,3,1,2
4808034,"48",3,4,3,4,3,3,4,4
4808038,"48",1,4,1,2,1,2,2,2
4808039,"48",5,5,2,3,5,4,3,3
4808042,"48",1,5,5,2,1,5,5,1
4808044,"48",5,3,5,3,5,2,5,3
4808811,"48",1,5,3,5,2,5,4,5
4808813,"48",2,5,3,5,2,5,4,5
4809002,"48",1,3,2,3,2,2,3,2
4809010,"48",5,4,5,5,5,3,5,5
4809015,"48",5,5,2,4,4,4,2,4
4809806,"48",3,5,3,5,3,5,3,5
4810001,"48",1,3,2,2,1,2,2,2
4810002,"48",5,3,5,3,5,2,5,3
4810003,"48",3,1,4,1,3,1,5,1
4810006,"48",2,2,1,2,2,1,1,2
4810009,"48",3,4,3,4,3,3,3,4
4810011,"48",5,5,3,2,5,4,3,2
4810012,"48",1,1,2,1,1,1,3,1
4810014,"48",4,3,1,3,4,2,1,3
4810016,"48",1,3,2,2,1,2,3,2
4810018,"48",4,4,2,3,4,3,3,3
4810019,"48",5,4,3,5,5,2,4,5
4810021,"48",5,4,5,3,5,3,5,3
4810022,"48",5,3,2,2,5,1,3,1
4810026,"48",1,2,2,3,2,1,3,3
4810028,"48",5,4,3,3,5,3,4,3
4810031,"48",5,1,5,5,5,1,5,5
4810034,"48",4,4,3,4,4,2,4,4
4810036,"48",1,2,1,2,1,1,1,1
4810038,"48",4,4,4,5,4,3,4,5
4810039,"48",4,5,1,2,4,4,1,2
4810041,"48",2,5,1,3,2,4,1,3
4810042,"48",4,4,2,2,4,3,3,2
4810044,"48",3,2,1,4,3,1,1,4
4810048,"48",1,5,3,4,1,4,4,4
4810051,"48",5,1,5,4,5,1,5,4
4810052,"48",4,5,4,5,4,5,4,5
4810058,"48",2,3,2,3,2,2,3,3
4810059,"48",5,4,4,4,4,3,5,4
4810061,"48",3,1,4,3,3,1,5,3
4810062,"48",4,2,5,5,4,1,5,5
4810064,"48",3,4,3,4,3,3,4,4
4810066,"48",2,3,2,3,2,2,2,3
4810805,"48",5,5,4,5,5,4,4,5
4811001,"48",1,3,2,2,1,2,3,2
4811002,"48",5,5,3,4,5,4,3,4
4811004,"48",1,1,5,1,1,1,5,1
4811005,"48",1,1,5,1,1,1,5,1
4811006,"48",5,2,5,1,5,1,5,1
4811007,"48",3,4,5,2,3,3,5,2
4811008,"48",1,1,5,1,1,1,5,1
4811011,"48",2,4,3,3,2,4,4,4
4811012,"48",1,4,1,2,1,3,2,1
4811013,"48",2,5,1,1,2,5,1,1
4811016,"48",4,5,1,2,4,5,1,2
4811018,"48",3,4,2,2,3,3,2,2
4811019,"48",3,4,1,3,3,2,2,3
4811021,"48",3,4,2,4,3,3,3,4
4811023,"48",1,3,5,1,1,2,5,1
4811024,"48",3,5,4,4,3,4,5,4
4811026,"48",5,3,5,4,5,2,5,4
4811031,"48",5,5,1,3,5,4,1,3
4811032,"48",1,4,2,3,1,3,2,3
4811034,"48",1,4,2,2,1,3,2,2
4811038,"48",5,1,5,3,5,1,5,3
4811046,"48",1,3,1,2,1,2,1,2
4811048,"48",4,4,2,2,4,4,3,2
4811049,"48",4,5,1,2,4,4,1,2
4811052,"48",2,5,1,1,2,4,2,1
4811056,"48",4,5,1,1,4,4,1,1
4811059,"48",1,4,1,2,1,3,1,1
4811061,"48",5,5,1,2,5,5,2,2
4811062,"48",2,5,1,1,2,4,2,1
4811064,"48",2,3,1,3,2,2,1,3
4811065,"48",4,4,3,4,4,3,4,4
4811066,"48",2,4,1,4,2,3,1,4
4811068,"48",3,4,1,2,3,3,1,2
4811069,"48",3,3,1,3,3,2,2,4
4811801,"48",2,5,2,5,2,5,3,5
4811802,"48",4,5,4,5,4,4,5,5
4811803,"48",1,5,2,5,2,5,3,5
4811804,"48",5,5,2,5,5,5,3,5
4811805,"48",2,5,2,5,2,5,3,5
4811806,"48",1,5,3,5,1,5,4,5
4812002,"48",5,5,1,3,4,4,1,3
4812004,"48",1,3,1,3,1,2,1,3
4812009,"48",5,5,1,4,5,4,1,4
4812011,"48",5,2,1,3,5,1,1,3
4812012,"48",3,5,1,3,3,4,1,3
4812013,"48",1,4,2,2,1,3,2,2
4812014,"48",1,3,2,3,1,2,3,3
4812016,"48",5,4,2,3,5,4,2,3
4812018,"48",5,5,2,4,5,4,2,4
4812020,"48",5,5,3,5,5,4,4,5
4812022,"48",1,4,4,5,1,3,4,5
4812024,"48",4,4,3,5,4,3,4,5
4812026,"48",5,5,4,2,5,5,5,2
4812029,"48",5,3,5,4,5,2,5,4
4812037,"48",1,5,2,4,2,4,2,4
4812802,"48",2,5,4,5,2,5,4,5
4812804,"48",1,5,2,5,1,5,2,5
4812808,"48",1,5,2,5,1,5,2,5
4812810,"48",3,5,3,5,3,5,4,5
4812811,"48",1,5,3,5,1,5,4,5
4812813,"48",3,4,1,5,3,4,2,5
4812815,"48",1,5,5,5,2,5,5,5
4812828,"48",2,5,3,5,2,5,3,5
4812840,"48",1,5,3,5,1,5,3,5
4813001,"48",1,3,2,3,2,2,3,3
4813002,"48",4,4,2,5,4,3,3,5
4813005,"48",3,1,4,5,3,1,5,5
4813006,"48",3,3,4,4,3,2,5,4
4813007,"48",3,1,5,1,3,1,5,1
4813008,"48",1,4,5,1,1,2,5,1
4813010,"48",3,1,5,2,3,1,5,2
4813011,"48",1,4,2,2,2,3,2,2
4813012,"48",3,3,3,2,3,2,4,2
4813013,"48",1,5,3,2,1,4,4,2
4813014,"48",3,5,3,4,3,4,4,4
4813015,"48",5,4,3,3,5,3,4,3
4813016,"48",4,2,5,4,4,1,5,4
4813017,"48",2,2,5,1,2,1,5,1
4813018,"48",1,4,2,2,1,3,3,2
4813019,"48",5,5,4,3,5,4,4,3
4813028,"48",1,3,2,3,1,2,3,3
4813029,"48",1,3,1,3,1,2,1,3
4813030,"48",4,5,1,4,4,4,1,4
4813031,"48",5,5,4,4,5,4,4,4
4813032,"48",4,1,1,4,4,1,1,4
4813033,"48",1,4,5,1,1,4,5,1
4813036,"48",2,3,3,3,2,2,4,3
4813044,"48",1,3,2,3,2,2,3,3
4813045,"48",1,1,5,1,1,1,5,1
4813046,"48",4,4,3,3,4,3,3,3
4813047,"48",5,2,5,1,5,1,5,1
4813048,"48",5,5,2,4,5,4,2,4
4813049,"48",2,2,4,4,2,1,5,4
4813051,"48",3,1,1,4,3,1,1,4
4813053,"48",2,2,4,1,2,1,5,1
4813055,"48",1,1,2,1,1,1,3,1
4813057,"48",1,4,1,1,1,3,1,1
4813061,"48",1,2,5,5,1,1,5,5
4813811,"48",3,5,4,5,3,5,5,5
4814003,"48",1,4,2,3,2,3,3,3
4814019,"48",4,5,1,3,4,4,1,3
4814024,"48",4,5,1,4,4,4,1,4
4815007,"48",3,3,4,2,3,2,4,2
4815013,"48",5,2,1,3,5,1,1,3
4815015,"48",3,4,1,1,3,3,1,1
4815023,"48",5,5,1,1,5,5,1,1
4815027,"48",1,3,5,1,1,2,5,1
4815032,"48",5,5,1,1,5,5,1,1
4815033,"48",5,5,1,1,5,5,1,1
4815035,"48",5,5,1,1,5,5,1,1
4815045,"48",4,1,2,1,4,1,3,1
4816037,"48",3,5,1,2,3,5,1,2
4816051,"48",1,5,2,5,1,5,2,5
4816810,"48",4,5,1,5,4,4,2,5
4816817,"48",3,5,4,5,3,5,5,5
4816821,"48",4,5,3,5,4,4,3,5
4816822,"48",3,5,4,5,3,5,4,5
4816850,"48",2,5,3,5,2,5,4,5
4816852,"48",3,4,4,5,3,3,5,5
4817021,"48",5,5,1,5,5,5,1,5
4817024,"48",2,3,2,4,2,2,2,4
4817026,"48",1,4,2,2,1,3,2,2
4817027,"48",2,4,3,5,2,3,4,5
4817029,"48",4,5,1,4,4,5,1,4
4817031,"48",2,5,2,5,2,5,2,5
4817033,"48",1,3,2,4,1,2,3,4
4817039,"48",5,5,1,4,5,4,1,4
4817062,"48",1,5,2,5,1,5,3,5
4817064,"48",5,4,3,4,5,2,3,4
4817076,"48",1,4,2,4,1,3,2,4
4817078,"48",5,5,2,3,5,4,2,3
4817093,"48",5,5,1,4,5,5,1,4
4817095,"48",1,5,2,5,1,5,3,5
4817097,"48",5,4,1,3,5,3,1,2
4817824,"48",3,5,4,5,3,5,4,5
4817827,"48",1,5,5,5,2,5,5,5
4817828,"48",5,5,4,5,5,4,4,5
4817829,"48",3,5,3,5,3,4,4,5
4817831,"48",2,5,4,5,2,5,5,5
4817832,"48",5,1,2,5,5,1,2,5
4817835,"48",1,5,3,5,1,5,4,5
4817853,"48",3,5,2,5,3,5,2,5
4817856,"48",1,5,4,5,2,5,5,5
4817860,"48",1,5,1,5,1,5,2,5
4817865,"48",5,1,2,5,5,1,2,5
4818002,"48",2,5,1,3,2,4,1,3
4818015,"48",2,4,1,3,2,3,2,3
4818018,"48",5,5,1,5,5,5,2,5
4818816,"48",4,5,3,5,4,5,4,5
4819006,"48",1,4,1,2,1,3,1,2
4819008,"48",3,5,3,4,3,4,4,4
4819009,"48",4,4,2,3,4,3,3,3
4819011,"48",3,4,1,4,3,3,1,4
4819012,"48",5,5,1,3,5,5,1,3
4819014,"48",3,4,1,3,3,3,1,3
4819038,"48",5,5,1,4,5,5,1,4
4819041,"48",1,1,1,2,1,1,1,2
4819042,"48",2,4,1,5,2,4,2,5
4819044,"48",5,4,2,2,5,3,2,2
4819046,"48",5,4,2,3,5,3,3,3
4819048,"48",4,3,4,1,4,2,4,1
4819049,"48",2,2,3,3,2,1,4,3
4819054,"48",1,1,2,2,1,1,2,2
4819056,"48",5,4,3,4,5,4,4,4
4819058,"48",4,3,3,4,4,2,4,4
4819059,"48",1,2,1,3,1,1,1,3
4819066,"48",1,3,2,4,2,2,2,4
4819068,"48",4,4,2,3,4,3,3,3
4819071,"48",1,3,2,4,1,2,3,4
4819072,"48",2,4,2,5,2,2,3,5
4819074,"48",4,4,2,4,4,3,2,4
4819815,"48",3,5,2,5,3,5,2,5
4819826,"48",4,5,2,5,4,4,2,5
5901003,"59",3,3,1,1,2,1,1,2
5901006,"59",4,3,1,2,4,1,1,2
5901012,"59",4,5,1,1,4,4,1,1
5901017,"59",1,3,1,1,1,1,1,1
5901019,"59",2,3,3,2,2,1,3,2
5901022,"59",4,4,2,2,4,3,2,2
5901028,"59",4,4,2,2,4,2,2,2
5901035,"59",1,3,2,1,1,1,2,2
5901037,"59",2,3,4,1,1,1,4,1
5901039,"59",5,4,2,1,5,2,2,2
5901040,"59",5,5,2,1,5,4,2,1
5901043,"59",2,4,3,3,2,2,2,3
5901046,"59",3,3,4,1,2,1,4,1
5901048,"59",3,3,2,3,2,1,2,3
5901801,"59",2,5,2,5,1,5,2,5
5901803,"59",1,5,1,5,1,4,1,5
5901804,"59",3,4,4,5,2,2,4,4
5901806,"59",5,4,1,4,5,2,1,3
5903004,"59",5,4,5,2,5,2,5,2
5903010,"59",2,4,5,1,2,2,5,2
5903011,"59",5,3,4,3,5,1,4,3
5903013,"59",3,4,4,3,3,3,4,3
5903015,"59",5,5,2,2,5,4,1,2
5903017,"59",2,4,4,2,2,2,4,2
5903019,"59",5,4,5,5,5,3,5,4
5903023,"59",5,4,5,1,5,2,5,2
5903027,"59",3,4,5,1,3,2,5,1
5903032,"59",5,4,5,4,5,2,5,3
5903039,"59",4,4,4,3,4,3,4,3
5903041,"59",4,4,3,2,3,2,3,2
5903043,"59",2,4,3,1,2,2,2,1
5903045,"59",4,4,3,2,4,3,3,2
5903047,"59",3,4,3,4,3,3,3,3
5903050,"59",5,3,4,2,5,1,4,2
5903052,"59",4,4,3,4,4,3,3,3
5903056,"59",3,3,2,2,3,1,2,2
5903058,"59",2,4,2,1,2,2,2,2
5903060,"59",2,4,5,2,2,3,5,2
5903807,"59",5,4,2,5,5,3,2,4
5905005,"59",3,3,3,1,2,1,3,2
5905009,"59",3,2,3,2,2,1,3,2
5905014,"59",5,4,4,3,5,2,4,3
5905018,"59",4,3,3,1,4,1,3,2
5905023,"59",3,4,1,1,3,2,1,1
5905026,"59",1,2,2,2,1,1,2,2
5905030,"59",1,2,4,1,1,1,4,2
5905032,"59",5,4,4,3,5,2,4,2
5905037,"59",4,3,5,3,4,1,5,2
5905042,"59",4,5,5,4,4,4,5,4
5905050,"59",3,3,5,1,3,1,5,1
5905052,"59",3,3,4,1,2,1,4,1
5905054,"59",5,4,3,2,5,3,3,2
5907005,"59",4,5,5,1,4,5,5,1
5907009,"59",5,4,5,2,5,2,5,2
5907014,"59",4,5,5,2,4,5,5,2
5907022,"59",2,5,4,1,1,5,4,1
5907024,"59",5,4,4,3,4,2,4,3
5907026,"59",3,5,3,4,3,5,3,3
5907028,"59",3,5,5,2,3,5,5,2
5907035,"59",3,4,4,1,3,3,4,1
5907041,"59",5,5,4,2,5,4,4,2
5907047,"59",3,4,4,1,2,2,4,1
5907048,"59",1,4,3,1,1,3,3,1
5907049,"59",2,4,4,1,2,3,4,1
5907051,"59",1,4,2,1,1,2,2,1
5907053,"59",4,5,5,3,3,4,5,3
5907055,"59",3,4,5,3,3,2,5,2
5907802,"59",3,5,5,3,2,4,5,3
5907803,"59",2,5,5,4,2,4,5,4
5907805,"59",5,5,2,5,5,5,2,5
5907807,"59",1,5,1,5,1,4,1,5
5907809,"59",2,5,4,5,1,4,5,5
5909009,"59",4,5,4,3,4,4,4,3
5909014,"59",5,4,5,5,5,2,5,4
5909016,"59",5,5,4,5,4,4,4,4
5909020,"59",4,5,2,2,4,5,2,2
5909027,"59",4,5,5,1,4,4,5,1
5909032,"59",3,5,3,2,3,4,3,2
5909034,"59",2,5,2,1,1,4,2,1
5909035,"59",3,3,3,1,3,1,3,1
5909036,"59",3,4,4,3,3,2,3,3
5909048,"59",2,4,5,1,2,3,5,1
5909052,"59",4,5,2,2,4,5,2,2
5909056,"59",3,5,1,2,3,5,1,2
5909060,"59",3,5,1,3,3,4,1,3
5909062,"59",3,5,3,4,3,5,2,3
5909804,"59",4,5,4,5,3,5,4,5
5909806,"59",4,3,5,5,4,1,5,4
5909807,"59",5,5,4,5,5,5,4,5
5909810,"59",5,5,2,5,5,5,1,4
5909812,"59",4,5,2,5,4,5,2,5
5909816,"59",3,5,4,5,3,4,4,5
5909821,"59",5,3,5,1,5,1,5,1
5909827,"59",2,4,4,5,2,3,4,4
5909830,"59",3,4,5,1,3,3,5,1
5909831,"59",5,5,4,5,5,5,3,5
5909832,"59",3,5,3,5,3,5,3,5
5909837,"59",4,5,3,5,4,4,2,5
5909839,"59",1,5,2,5,1,4,2,5
5909841,"59",5,5,4,5,5,4,4,4
5909842,"59",5,1,5,5,5,1,5,5
5909856,"59",4,4,4,4,4,2,4,4
5909875,"59",5,5,5,5,4,5,5,5
5909876,"59",3,4,3,4,3,3,3,4
5909877,"59",1,5,4,5,1,4,4,4
5909879,"59",3,5,4,5,3,4,4,4
5909880,"59",3,4,3,5,3,2,3,4
5909881,"59",4,3,5,4,4,2,5,3
5909882,"59",1,5,1,5,1,4,1,4
5909884,"59",3,4,5,2,3,3,5,2
5909885,"59",4,5,4,5,3,4,4,4
5915001,"59",3,5,1,1,2,5,1,1
5915002,"59",5,5,2,2,5,5,2,2
5915004,"59",4,5,1,1,4,5,1,2
5915007,"59",5,5,4,1,5,5,4,1
5915011,"59",3,5,2,1,2,5,2,1
5915015,"59",4,5,3,1,4,5,3,1
5915020,"59",5,5,1,1,5,5,1,1
5915022,"59",5,5,1,1,5,5,1,1
5915025,"59",5,5,2,1,5,5,2,1
5915029,"59",5,5,1,1,5,5,1,1
5915034,"59",4,5,1,1,4,5,1,1
5915036,"59",1,5,3,1,1,4,3,1
5915038,"59",1,5,1,1,1,5,1,1
5915039,"59",3,5,1,1,3,5,1,1
5915043,"59",3,5,1,1,3,5,1,1
5915046,"59",2,5,1,1,2,5,1,1
5915051,"59",5,5,1,1,5,5,1,1
5915055,"59",3,5,3,1,3,5,3,1
5915062,"59",2,5,1,1,1,4,1,1
5915065,"59",1,5,1,1,1,5,1,1
5915070,"59",3,5,1,1,3,5,1,1
5915075,"59",3,5,1,1,3,5,1,1
5915801,"59",3,4,4,5,3,3,3,4
5915802,"59",5,5,1,1,5,5,1,1
5915803,"59",4,5,3,5,4,5,2,4
5915805,"59",4,4,1,5,3,2,1,4
5915806,"59",5,5,1,1,5,5,1,1
5915807,"59",3,5,3,5,2,5,2,4
5915808,"59",5,5,3,5,5,5,3,4
5915811,"59",2,5,1,5,1,5,1,4
5915825,"59",4,1,5,1,4,1,5,1
5917005,"59",1,4,4,1,1,3,4,1
5917010,"59",5,5,5,1,5,4,5,1
5917015,"59",2,5,2,1,2,4,2,1
5917021,"59",4,5,2,1,4,5,2,1
5917027,"59",4,5,4,1,3,4,4,1
5917029,"59",4,4,5,1,4,3,5,1
5917030,"59",3,5,4,1,3,5,4,1
5917034,"59",5,5,2,1,5,5,2,1
5917040,"59",5,5,2,2,5,5,2,2
5917041,"59",3,5,1,1,3,4,1,1
5917042,"59",1,4,3,1,1,3,2,1
5917044,"59",5,5,1,1,5,5,1,1
5917047,"59",4,5,2,1,4,5,1,1
5917049,"59",1,4,1,1,1,3,1,1
5917052,"59",3,5,2,2,3,4,2,2
5917054,"59",2,4,3,1,2,3,2,2
5917801,"59",2,5,4,5,2,4,4,5
5917803,"59",4,4,5,4,4,2,5,4
5917804,"59",2,5,4,5,1,5,3,4
5917809,"59",2,5,2,5,1,5,2,4
5917812,"59",5,5,4,5,5,5,4,4
5917815,"59",2,5,1,5,1,4,1,5
5917819,"59",2,4,2,5,2,2,2,4
5919008,"59",4,5,4,2,4,4,3,2
5919012,"59",5,4,5,4,5,3,5,3
5919013,"59",2,4,3,1,2,3,3,1
5919015,"59",1,4,5,1,1,3,5,1
5919016,"59",4,4,4,3,3,2,4,3
5919017,"59",2,4,4,1,2,2,4,1
5919021,"59",4,4,4,1,3,3,4,1
5919033,"59",3,4,4,3,3,3,4,3
5919035,"59",4,3,4,1,3,1,4,2
5919043,"59",2,5,3,1,2,4,3,1
5919046,"59",2,4,1,2,2,2,1,2
5919049,"59",1,4,5,1,1,3,5,1
5919051,"59",2,4,2,2,2,3,2,2
5919801,"59",1,5,3,5,1,4,2,4
5919804,"59",1,5,4,5,1,5,4,5
5919809,"59",2,5,3,5,2,5,3,5
5919814,"59",4,5,2,5,3,4,2,5
5919816,"59",1,5,3,5,1,5,3,5
5919818,"59",5,5,2,5,5,5,2,4
5921007,"59",5,5,3,2,5,5,2,2
5921008,"59",2,4,3,1,1,3,3,1
5921010,"59",2,4,3,2,2,3,3,2
5921014,"59",4,4,5,1,3,3,5,1
5921016,"59",1,4,2,1,1,3,2,2
5921018,"59",5,5,5,1,4,4,5,1
5921023,"59",3,4,5,1,2,3,5,1
5921030,"59",1,4,5,1,1,3,5,1
5921032,"59",4,4,3,3,4,3,3,3
5921034,"59",1,4,5,1,1,3,5,1
5921036,"59",3,5,5,1,2,4,5,1
5921804,"59",2,5,4,5,1,5,4,5
5921805,"59",3,4,1,5,3,3,1,5
5921806,"59",4,1,2,5,4,1,2,4
5921807,"59",1,5,3,5,1,5,3,5
5923008,"59",5,4,4,4,5,3,4,3
5923019,"59",5,5,1,2,5,4,1,2
5923025,"59",5,5,1,2,5,4,1,2
5923033,"59",2,4,4,3,1,2,3,3
5923035,"59",2,3,4,1,2,1,4,2
5923037,"59",2,3,3,3,2,1,3,3
5923039,"59",2,3,4,3,2,1,4,3
5923047,"59",5,4,4,5,5,2,4,4
5923049,"59",3,5,3,5,3,5,3,4
5923801,"59",2,4,3,5,2,2,3,4
5923803,"59",4,4,4,5,4,2,3,5
5923807,"59",2,5,2,5,2,5,2,5
5923808,"59",1,5,1,5,1,5,1,5
5923813,"59",1,5,2,5,1,5,2,5
5923816,"59",2,5,3,5,2,4,3,4
5923823,"59",1,3,1,5,1,1,1,5
5924025,"59",4,3,4,3,4,1,4,3
5924029,"59",5,4,5,5,5,3,5,4
5924030,"59",5,1,5,5,5,1,5,4
5924034,"59",4,4,3,2,4,3,3,2
5924039,"59",5,3,5,3,4,1,5,3
5924042,"59",2,4,3,1,1,3,3,2
5924048,"59",4,4,4,4,3,3,4,3
5924052,"59",5,4,5,3,5,3,5,3
5924054,"59",3,4,5,1,3,3,5,1
5924804,"59",1,4,3,5,1,2,2,4
5924806,"59",3,5,1,5,3,5,1,5
5924812,"59",1,4,2,5,1,2,2,4
5924817,"59",1,2,4,5,1,1,4,4
5924835,"59",2,5,4,5,2,5,4,5
5924840,"59",5,5,4,5,4,5,4,5
5926005,"59",4,4,4,1,3,3,4,1
5926010,"59",5,5,3,2,5,4,3,2
5926014,"59",5,5,1,2,5,4,1,2
5926021,"59",3,4,4,2,2,3,4,2
5926022,"59",2,4,3,1,2,2,3,1
5926024,"59",2,4,3,1,2,3,3,2
5926801,"59",2,4,3,5,2,2,3,4
5927008,"59",4,5,4,2,4,4,4,2
5927010,"59",4,4,5,2,4,2,5,2
5927012,"59",3,3,5,1,3,1,5,1
5927016,"59",4,5,5,3,4,4,5,3
5927018,"59",4,4,5,3,4,2,5,2
5927020,"59",5,4,4,3,5,3,4,3
5927802,"59",3,4,3,5,3,2,3,4
5929005,"59",5,5,4,1,5,4,4,1
5929011,"59",4,5,4,1,4,4,4,1
5929018,"59",3,4,5,2,3,3,5,2
5929022,"59",3,5,4,1,3,4,4,1
5929024,"59",3,4,3,1,3,3,3,1
5929026,"59",3,5,3,1,2,4,3,1
5929028,"59",4,5,4,1,4,4,4,1
5929803,"59",4,4,4,5,3,3,5,4
5931006,"59",4,5,1,1,4,5,1,1
5931012,"59",5,5,1,1,5,5,1,1
5931017,"59",4,4,1,2,3,4,1,2
5931020,"59",5,5,1,1,5,5,1,1
5931021,"59",2,5,2,1,1,5,2,1
5931026,"59",4,3,4,4,4,1,4,4
5931032,"59",3,4,2,4,3,3,2,4
5931034,"59",5,5,4,2,5,4,4,2
5931812,"59",1,5,4,5,1,4,3,4
5931815,"59",2,2,5,5,2,1,5,5
5931828,"59",3,5,1,5,3,5,1,4
5931842,"59",1,5,1,5,1,4,1,4
5931843,"59",2,5,3,5,1,5,3,5
5931844,"59",3,5,3,5,2,4,3,4
5933006,"59",4,4,4,4,4,4,4,3
5933008,"59",2,4,4,2,2,2,4,2
5933012,"59",1,3,3,2,1,1,2,2
5933015,"59",5,1,4,5,5,1,3,4
5933019,"59",4,3,5,3,4,1,5,2
5933024,"59",5,4,5,4,5,2,5,3
5933028,"59",5,4,5,5,4,3,5,4
5933032,"59",4,3,5,3,4,1,5,3
5933035,"59",4,3,5,2,4,1,5,2
5933037,"59",3,4,4,4,2,2,4,3
5933039,"59",3,3,2,2,2,1,2,2
5933042,"59",4,5,2,2,4,4,2,2
5933044,"59",2,3,2,1,1,1,2,2
5933045,"59",5,5,1,1,5,5,1,1
5933054,"59",4,4,5,3,4,2,5,2
5933060,"59",2,4,3,1,2,2,2,2
5933067,"59",5,4,4,4,4,2,4,3
5933068,"59",3,4,5,4,3,3,5,3
5933070,"59",4,4,1,3,4,3,1,3
5933072,"59",1,4,4,2,1,3,4,2
5933074,"59",4,4,5,4,3,2,5,3
5933801,"59",3,5,3,5,2,4,3,5
5933802,"59",1,3,3,5,1,1,2,4
5933806,"59",1,5,4,5,1,4,4,4
5933807,"59",3,4,3,5,3,3,2,4
5933808,"59",3,4,4,5,3,3,4,5
5933814,"59",5,5,2,5,5,5,2,5
5933849,"59",3,5,4,5,2,5,5,5
5933877,"59",4,4,1,5,4,2,1,4
5933880,"59",4,4,3,3,3,2,3,3
5933884,"59",1,5,4,5,1,4,4,4
5933887,"59",4,3,2,5,3,1,2,4
5933896,"59",1,5,3,5,1,5,3,5
5935010,"59",5,5,2,1,5,5,2,1
5935012,"59",1,4,3,1,1,3,2,1
5935016,"59",3,4,1,1,3,3,1,1
5935018,"59",3,4,5,1,3,3,5,1
5935020,"59",3,4,4,2,3,3,3,2
5935029,"59",3,5,2,1,2,4,2,1
5935801,"59",4,4,5,3,4,3,5,3
5935802,"59",5,4,5,3,5,3,5,3
5935803,"59",3,4,2,1,3,2,2,2
5937005,"59",3,4,3,3,3,3,3,3
5937010,"59",1,4,2,1,1,2,2,1
5937014,"59",5,5,3,2,5,4,3,2
5937017,"59",2,4,3,1,2,3,3,1
5937021,"59",2,4,2,1,2,3,2,1
5937022,"59",2,4,3,3,1,2,3,3
5937023,"59",3,4,4,4,2,2,4,3
5937024,"59",2,4,2,2,2,2,2,2
5937028,"59",4,4,3,1,4,2,3,2
5937033,"59",5,4,5,2,5,2,5,2
5937041,"59",2,4,3,3,2,2,3,3
5937801,"59",2,4,5,3,2,2,5,3
5937803,"59",5,2,5,1,5,1,5,1
5939007,"59",5,5,1,2,5,4,1,2
5939011,"59",3,4,2,2,3,2,1,2
5939019,"59",4,5,1,1,4,4,1,2
5939023,"59",4,5,4,1,3,4,4,1
5939032,"59",4,4,3,2,4,3,3,2
5939037,"59",2,4,5,1,2,2,5,1
5939039,"59",3,4,3,3,2,2,3,3
5939043,"59",4,4,3,4,3,2,3,3
5939044,"59",3,3,5,1,3,2,5,2
5939045,"59",4,4,4,3,4,2,4,3
5939801,"59",5,5,4,5,4,4,4,4
5939802,"59",4,3,5,4,4,1,5,3
5939803,"59",5,3,5,5,5,1,5,4
5939805,"59",4,4,3,5,4,2,2,4
5939808,"59",3,5,3,5,3,4,3,5
5939811,"59",2,5,5,5,2,5,5,4
5941005,"59",5,5,5,4,5,4,5,4
5941009,"59",5,4,2,4,5,3,2,4
5941010,"59",2,3,2,3,2,1,2,3
5941012,"59",1,3,2,3,1,1,2,3
5941013,"59",5,4,3,4,5,3,3,3
5941014,"59",2,4,3,3,2,2,3,2
5941015,"59",2,4,5,3,2,2,5,2
5941016,"59",4,4,5,3,3,2,5,3
5941017,"59",3,4,5,3,2,2,5,3
5941019,"59",2,3,3,4,1,2,3,3
5941021,"59",2,4,3,3,2,2,3,3
5941025,"59",5,1,2,4,5,1,2,4
5941026,"59",2,4,4,4,2,2,4,3
5941027,"59",2,3,4,4,2,1,4,4
5941039,"59",4,5,5,3,4,4,5,3
5941041,"59",4,4,3,5,4,3,3,4
5941801,"59",4,5,2,5,4,5,2,5
5941806,"59",5,2,1,5,5,1,1,5
5941809,"59",5,5,3,5,5,4,3,5
5941812,"59",3,5,3,5,3,4,3,5
5941821,"59",1,5,4,5,1,5,3,5
5941837,"59",4,1,5,5,4,1,5,5
5941839,"59",1,5,4,5,1,5,3,5
5941841,"59",1,5,3,5,1,5,3,5
5941850,"59",4,5,4,5,3,5,4,5
5941880,"59",5,3,5,5,5,1,5,5
5943008,"59",4,2,5,4,4,1,5,4
5943012,"59",4,3,1,3,4,1,1,3
5943017,"59",5,3,5,4,4,1,5,3
5943023,"59",5,4,2,5,5,2,2,4
5943031,"59",2,3,2,2,1,1,2,2
5943033,"59",3,3,4,5,2,1,5,4
5943037,"59",4,3,5,3,3,1,5,3
5943804,"59",5,4,3,5,5,2,3,4
5943806,"59",1,5,3,5,1,5,3,5
5943815,"59",1,4,2,5,1,2,2,5
5943816,"59",1,4,3,5,1,3,3,5
5943837,"59",2,4,4,5,1,2,4,5
5945006,"59",5,2,3,4,5,1,2,3
5945010,"59",4,3,3,3,3,1,3,3
5945012,"59",2,3,2,5,2,1,2,4
5945014,"59",5,1,5,4,5,1,5,3
5945801,"59",2,4,2,5,1,2,2,5
5945802,"59",3,5,3,5,3,4,3,5
5945803,"59",5,1,1,5,5,1,1,5
5947007,"59",1,3,1,5,1,1,1,4
5947012,"59",4,5,1,5,4,4,1,4
5947016,"59",5,1,5,3,4,1,5,3
5947023,"59",4,2,3,5,4,1,3,4
5947026,"59",5,5,2,4,5,5,2,4
5947027,"59",4,5,2,3,3,4,2,3
5947030,"59",5,1,4,5,5,1,4,4
5947032,"59",4,2,1,4,4,1,1,3
5947802,"59",1,4,2,5,1,3,2,5
5947803,"59",3,4,4,5,3,2,4,5
5947804,"59",3,3,2,5,3,1,2,4
5947806,"59",1,2,1,5,1,1,1,4
5947807,"59",4,5,4,5,3,4,4,5
5947809,"59",1,5,4,5,1,4,4,5
5947823,"59",5,5,3,5,5,4,2,4
5949005,"59",3,4,2,3,3,3,1,3
5949011,"59",4,4,1,3,4,3,1,3
5949013,"59",1,3,1,3,1,1,1,3
5949018,"59",3,3,1,5,3,1,1,4
5949022,"59",5,4,3,5,5,3,2,4
5949024,"59",4,4,3,5,4,3,3,4
5949028,"59",2,4,4,5,2,2,4,4
5949032,"59",4,3,1,4,3,1,1,3
5949035,"59",1,5,2,5,1,4,2,5
5949038,"59",4,4,1,5,4,3,1,4
5949041,"59",3,5,3,4,2,4,3,3
5949802,"59",2,4,5,5,1,2,5,5
5949803,"59",2,4,4,5,2,3,4,5
5949804,"59",1,4,2,5,1,3,2,4
5949807,"59",2,5,2,5,1,4,1,4
5949810,"59",3,4,3,5,3,3,2,5
5949811,"59",4,5,5,5,4,4,5,5
5949812,"59",2,4,4,5,1,3,4,5
5949813,"59",2,5,4,5,1,4,3,5
5949814,"59",1,5,5,5,1,5,5,5
5949815,"59",2,5,4,5,1,5,4,5
5949816,"59",3,5,5,5,2,5,5,5
5949817,"59",3,5,4,5,3,5,4,5
5949818,"59",2,5,4,5,2,5,3,5
5949819,"59",3,4,4,5,2,3,4,5
5949820,"59",3,5,2,5,2,5,2,5
5949843,"59",3,4,3,5,2,3,3,5
5949844,"59",2,5,2,5,1,5,2,5
5949845,"59",4,1,2,5,3,1,2,5
5949847,"59",4,4,1,5,4,2,1,5
5951007,"59",4,4,1,3,4,3,1,3
5951009,"59",4,4,4,4,3,2,3,3
5951013,"59",4,4,1,4,4,3,1,4
5951015,"59",1,3,2,3,1,1,2,3
5951017,"59",3,5,4,4,2,4,4,3
5951019,"59",1,4,2,3,1,2,2,3
5951022,"59",5,3,1,4,5,2,1,3
5951028,"59",2,3,2,5,1,1,2,4
5951031,"59",2,4,3,3,2,3,3,2
5951032,"59",5,2,5,4,4,1,5,3
5951034,"59",4,4,1,3,4,2,1,3
5951038,"59",3,4,1,3,2,3,1,2
5951043,"59",5,4,1,2,5,3,1,2
5951051,"59",1,3,1,2,1,2,1,2
5951053,"59",1,4,4,4,1,2,3,3
5951801,"59",5,5,4,5,5,5,4,5
5951802,"59",2,4,2,5,2,3,2,4
5951803,"59",2,5,4,5,2,4,4,5
5951805,"59",4,4,3,5,3,3,3,5
5951807,"59",2,5,3,5,2,4,3,5
5951809,"59",5,4,4,5,4,3,4,5
5951810,"59",2,5,4,5,2,5,3,5
5951820,"59",3,5,1,5,3,5,1,5
5951827,"59",1,5,3,5,1,5,3,5
5951828,"59",5,5,5,5,5,4,5,5
5951829,"59",3,5,5,5,2,4,5,5
5951848,"59",4,5,1,5,4,4,1,5
5953007,"59",5,5,3,4,5,4,2,3
5953012,"59",5,5,3,3,5,4,3,3
5953019,"59",2,4,3,2,2,2,3,2
5953023,"59",5,5,1,3,4,4,1,3
5953033,"59",4,3,2,3,4,1,2,3
5953038,"59",1,3,1,2,1,1,1,2
5953042,"59",1,3,1,2,1,1,1,2
5953044,"59",1,3,1,3,1,1,1,3
5953046,"59",3,4,4,4,3,2,4,4
5953048,"59",2,4,2,4,2,2,2,4
5953050,"59",3,3,4,4,2,1,4,3
5953801,"59",5,1,2,5,5,1,2,5
5953802,"59",5,4,4,5,5,3,4,4
5955003,"59",4,3,1,3,4,1,1,2
5955005,"59",3,3,2,4,2,1,2,4
5955010,"59",4,5,1,4,4,4,1,4
5955014,"59",5,5,1,4,5,4,1,3
5955021,"59",1,3,1,2,1,1,1,2
5955023,"59",1,3,1,4,1,1,1,3
5955025,"59",4,3,4,2,3,1,4,2
5955030,"59",2,3,1,4,2,1,1,3
5955034,"59",5,5,1,3,5,4,1,3
5955040,"59",1,5,1,3,1,4,1,3
5955042,"59",1,3,1,3,1,1,1,3
5955802,"59",5,1,4,5,5,1,4,5
5955803,"59",3,4,5,5,3,2,5,5
5955804,"59",5,1,5,5,5,1,5,5
5957022,"59",5,3,5,2,4,1,5,2
5957803,"59",5,1,4,5,5,1,4,5
5957814,"59",5,4,2,5,5,2,1,5
5959007,"59",4,4,1,4,4,2,1,4
5959806,"59",2,4,3,5,2,3,3,5
5959810,"59",5,4,2,5,4,2,1,4
