"csd","pr","score_cisv","q_cisv_can","q_score_pr"
1001101,"10",0.36648,4,3
1001105,"10",0.36501,4,2
1001113,"10",0.671734543209877,5,4
1001120,"10",0.69524,5,4
1001124,"10",-0.175400254916242,2,1
1001126,"10",0.0684,3,1
1001131,"10",0.77149,5,4
1001136,"10",0.27836,4,2
1001144,"10",0.88283,5,5
1001149,"10",0.59972,5,4
1001155,"10",0.56288,5,3
1001169,"10",0.64208,5,4
1001174,"10",0.65785,5,4
1001178,"10",0.6091,5,4
1001181,"10",0.58773,5,4
1001186,"10",0.29891,4,2
1001192,"10",1.17819,5,5
1001197,"10",0.19021,4,2
1001203,"10",0.49705,4,3
1001207,"10",0.38886,4,3
1001214,"10",0.32683,4,2
1001219,"10",-0.09366,2,1
1001225,"10",-0.17335,2,1
1001228,"10",0.58104,5,4
1001234,"10",0.31907,4,2
1001240,"10",0.238835269078747,4,2
1001254,"10",0.35087,4,2
1001259,"10",0.334824119448698,4,2
1001263,"10",0.09207,3,1
1001267,"10",0.40667,4,3
1001270,"10",0.224075840248963,4,2
1001274,"10",0.2485,4,2
1001277,"10",0.49642,4,3
1001281,"10",0.82116,5,4
1001285,"10",0.22084,4,2
1001289,"10",0.00108,3,1
1001293,"10",0.0516678695293146,3,1
1001298,"10",0.387932439790576,4,3
1001304,"10",0.3940149664903,4,3
1001308,"10",-0.36015,1,1
1001312,"10",0.68055,5,4
1001316,"10",0.91614,5,5
1001321,"10",0.19108,4,2
1001325,"10",1.00349,5,5
1001328,"10",1.23018,5,5
1001332,"10",0.42943,4,3
1001335,"10",0.58216,5,4
1001339,"10",0.467546658696952,4,3
1001343,"10",-0.0686,3,1
1001347,"10",0.14262,3,2
1001352,"10",0.4395,4,3
1001357,"10",0.30462,4,2
1001361,"10",0.33068,4,2
1001365,"10",0.373557732207479,4,3
1001370,"10",0.515880549403748,4,3
1001374,"10",-0.22025,2,1
1001375,"10",0.27844,4,2
1001379,"10",0.472446055078684,4,3
1001385,"10",0.505222997858672,4,3
1001394,"10",0.34063,4,2
1001396,"10",0.414878897338403,4,3
1001409,"10",0.104883039839304,3,1
1001415,"10",0.370678421052632,4,3
1001421,"10",0.151076113537118,3,2
1001426,"10",0.2338,4,2
1001429,"10",0.307820307142857,4,2
1001434,"10",-0.03187,3,1
1001437,"10",0.657851273247496,5,4
1001441,"10",0.17787,4,2
1001446,"10",0.442499227467811,4,3
1001452,"10",0.444782472858866,4,3
1001456,"10",0.34176,4,2
1001461,"10",0.521549006410256,4,3
1001464,"10",0.32058,4,2
1001469,"10",-0.148601436619718,2,1
1001472,"10",-0.112167409955484,2,1
1001485,"10",-0.238163315297409,2,1
1001490,"10",1.29423,5,5
1001494,"10",1.10838519008264,5,5
1001504,"10",-0.38547115983363,1,1
1001505,"10",-0.144899015996122,2,1
1001507,"10",-0.509547003484321,1,1
1001509,"10",-0.366716723127866,1,1
1001511,"10",-0.609052567681895,1,1
1001512,"10",-0.2887,2,1
1001517,"10",-0.45791876159777,1,1
1001519,"10",0.0968591934856367,3,1
1001542,"10",-0.090035319660097,2,1
1001551,"10",-0.168246863780359,2,1
1001557,"10",-0.241850689655172,2,1
1001559,"10",-0.339534414634146,1,1
1001565,"10",-0.42786,1,1
1002001,"10",0.25159,4,2
1002002,"10",-0.16428,2,1
1002005,"10",0.200505981224855,4,2
1002006,"10",-0.49357,1,1
1002008,"10",0.270269605381166,4,2
1002011,"10",0.33159910806175,4,2
1002012,"10",0.15451,3,2
1002013,"10",0.7922,5,4
1002014,"10",1.41859,5,5
1002015,"10",1.34707,5,5
1002016,"10",0.25993,4,2
1002017,"10",0.38596,4,3
1002018,"10",0.541007906614786,4,3
1002019,"10",0.439841714684015,4,3
1002021,"10",0.22263,4,2
1002022,"10",-0.0434,3,1
1002023,"10",-0.19469,2,1
1002024,"10",0.403759953881629,4,3
1002025,"10",-0.11983,2,1
1002026,"10",0.89676,5,5
1002027,"10",1.07639,5,5
1002030,"10",0.81665,5,4
1002031,"10",0.4865,4,3
1002033,"10",1.02898,5,5
1002034,"10",0.94904,5,5
1002036,"10",0.50502,4,3
1002037,"10",0.39246,4,3
1002039,"10",0.4699,4,3
1002040,"10",-0.04626,3,1
1002041,"10",0.81345,5,4
1002048,"10",0.30887,4,2
1002055,"10",1.22793,5,5
1003002,"10",1.26754,5,5
1003003,"10",0.68001,5,4
1003004,"10",1.4462,5,5
1003005,"10",1.13566,5,5
1003008,"10",0.334109174001354,4,2
1003009,"10",1.07929,5,5
1003010,"10",0.19061,4,2
1003011,"10",0.24136,4,2
1003012,"10",0.70165,5,4
1003014,"10",0.3651,4,3
1003018,"10",0.491713153961136,4,3
1003019,"10",0.487192018502944,4,3
1003020,"10",-0.29129,2,1
1003021,"10",0.11585,3,1
1003024,"10",0.36839,4,3
1003026,"10",1.13392,5,5
1003028,"10",0.644155620748299,5,4
1003031,"10",0.13486,3,1
1003032,"10",0.669016529516995,5,4
1003033,"10",0.015988,3,1
1003034,"10",0.190752506343389,4,2
1003038,"10",0.40632,4,3
1003045,"10",0.52098,4,3
1003801,"10",0.621124711437566,5,4
1004001,"10",0.408640895424837,4,3
1004006,"10",0.981713929824562,5,5
1004011,"10",0.938244111675127,5,5
1004013,"10",0.864734784899034,5,5
1004016,"10",0.958825396039604,5,5
1004017,"10",0.69224,5,4
1004018,"10",1.11977909424725,5,5
1004019,"10",0.94200524617737,5,5
1004020,"10",0.044638897937025,3,1
1004021,"10",0.96355,5,5
1004022,"10",1.23828867757328,5,5
1004033,"10",1.22171,5,5
1004037,"10",1.16736,5,5
1004042,"10",0.68223,5,4
1005001,"10",0.50125,4,3
1005003,"10",0.63546,5,4
1005004,"10",0.323598525904605,4,2
1005005,"10",0.5961,5,4
1005006,"10",0.73369,5,4
1005007,"10",1.06064,5,5
1005008,"10",0.63599,5,4
1005009,"10",0.40775,4,3
1005010,"10",-0.13477,2,1
1005011,"10",-0.07226,3,1
1005012,"10",-0.0200644211123723,3,1
1005014,"10",0.3266,4,2
1005015,"10",-0.04498,3,1
1005016,"10",-0.25852,2,1
1005017,"10",-0.40891,1,1
1005018,"10",0.2890584348006,4,2
1005020,"10",0.556714124918673,5,3
1005022,"10",0.53021,4,3
1005023,"10",0.79238,5,4
1005024,"10",0.76978,5,4
1005025,"10",0.42049,4,3
1005028,"10",0.13193,3,1
1005030,"10",0.249620253968254,4,2
1005033,"10",0.16165,4,2
1005035,"10",0.3957,4,3
1006001,"10",0.27561,4,2
1006003,"10",0.778580677966102,5,4
1006008,"10",1.22859,5,5
1006009,"10",0.0439503324915825,3,1
1006011,"10",0.12436,3,1
1006012,"10",0.422089120433018,4,3
1006014,"10",0.19405,4,2
1006015,"10",0.03493,3,1
1006017,"10",0.316014098751173,4,2
1006019,"10",0.395661881894873,4,3
1006021,"10",1.11781161825726,5,5
1006022,"10",0.732400928725702,5,4
1006026,"10",0.131430850439883,3,1
1006028,"10",-0.28754,2,1
1006031,"10",0.697562813559322,5,4
1007001,"10",0.388049148706897,4,3
1007006,"10",0.436413000845308,4,3
1007009,"10",0.35891618466899,4,2
1007013,"10",0.0610497777446301,3,1
1007014,"10",0.91683,5,5
1007015,"10",0.13622,3,1
1007016,"10",0.15194,3,2
1007018,"10",1.03839,5,5
1007020,"10",0.35855,4,2
1007022,"10",0.532479502728927,4,3
1007023,"10",0.555980746081505,5,3
1007024,"10",0.64624,5,4
1007027,"10",0.94434,5,5
1007028,"10",0.627550794223827,5,4
1007031,"10",0.460756377769141,4,3
1007032,"10",0.56167,5,3
1007036,"10",0.4652,4,3
1007037,"10",0.36447,4,2
1007038,"10",0.81945,5,4
1007039,"10",0.1108,3,1
1007040,"10",0.09044,3,1
1007041,"10",0.77769,5,4
1007042,"10",1.05941,5,5
1007043,"10",0.22068,4,2
1007044,"10",0.417604332648871,4,3
1007045,"10",-0.22045,2,1
1007046,"10",0.93968,5,5
1007047,"10",0.59942688876652,5,4
1007048,"10",0.70473,5,4
1007049,"10",1.04965227027027,5,5
1007050,"10",0.854263431899642,5,5
1007054,"10",0.46698,4,3
1007056,"10",0.64895,5,4
1007057,"10",0.74402,5,4
1007060,"10",0.138448860078278,3,2
1007067,"10",0.87819,5,5
1008001,"10",0.11928,3,1
1008004,"10",0.08538,3,1
1008006,"10",0.851680274841438,5,5
1008008,"10",0.782285043290043,5,4
1008011,"10",0.793287232142857,5,4
1008024,"10",0.39803,4,3
1008026,"10",0.42349,4,3
1008029,"10",0.5442,4,3
1008031,"10",1.00341890939597,5,5
1008032,"10",1.06774,5,5
1008033,"10",0.719511826086957,5,4
1008035,"10",0.659291004243281,5,4
1008036,"10",0.93909,5,5
1008037,"10",0.45364,4,3
1008038,"10",0.58893,5,4
1008039,"10",0.41218,4,3
1008040,"10",0.26146,4,2
1008042,"10",0.603359769319493,5,4
1008043,"10",0.46279,4,3
1008044,"10",0.363045407542579,4,2
1008045,"10",0.81866,5,4
1008046,"10",1.09274,5,5
1008047,"10",0.12741,3,1
1008048,"10",0.23213,4,2
1008049,"10",0.82507,5,5
1008053,"10",1.26012,5,5
1008054,"10",0.234828013392857,4,2
1008055,"10",0.17054,4,2
1008056,"10",0.79907,5,4
1008058,"10",0.60972,5,4
1008059,"10",0.85867,5,5
1008060,"10",0.796873393351801,5,4
1008061,"10",0.439657804384486,4,3
1008063,"10",0.68514,5,4
1008065,"10",0.97641,5,5
1008066,"10",-0.0403,3,1
1008067,"10",0.30545,4,2
1008069,"10",0.3346,4,2
1008071,"10",0.50519,4,3
1008072,"10",0.58031,5,4
1008074,"10",1.01846,5,5
1008075,"10",0.77851,5,4
1008076,"10",0.34465843902439,4,2
1008077,"10",2.00503,5,5
1008078,"10",1.38793,5,5
1008079,"10",0.138098977879481,3,2
1008091,"10",0.76839,5,4
1008092,"10",-0.01533,3,1
1008093,"10",0.77683,5,4
1008095,"10",0.563,5,3
1008096,"10",1.23501,5,5
1008098,"10",1.11259,5,5
1008099,"10",0.329277524799244,4,2
1009001,"10",1.38246,5,5
1009004,"10",1.08945,5,5
1009007,"10",0.650750010775862,5,4
1009008,"10",0.52641,4,3
1009010,"10",0.95453,5,5
1009011,"10",0.54838,4,3
1009012,"10",0.26923,4,2
1009013,"10",0.530482721451441,4,3
1009015,"10",0.1198,3,1
1009016,"10",0.3345,4,2
1009017,"10",1.04473,5,5
1009018,"10",0.3168,4,2
1009019,"10",0.23014814159292,4,2
1009020,"10",0.92572,5,5
1009021,"10",0.564186252252252,5,3
1009022,"10",0.725758140161725,5,4
1009023,"10",0.56864,5,4
1009024,"10",0.74766,5,4
1009026,"10",0.30129,4,2
1009028,"10",1.04062,5,5
1009029,"10",0.0979448440366973,3,1
1009030,"10",0.72646,5,4
1009031,"10",0.788075355805243,5,4
1009032,"10",0.0518313101160863,3,1
1009034,"10",1.04346,5,5
1009035,"10",1.04025,5,5
1009039,"10",0.83593,5,5
1009041,"10",0.56243,5,3
1009042,"10",0.73932,5,4
1009047,"10",0.83912,5,5
1009048,"10",0.55846,5,3
1010001,"10",0.23402,4,2
1010002,"10",0.70266,5,4
1010003,"10",1.08101,5,5
1010004,"10",-0.00766,3,1
1010005,"10",0.27427,4,2
1010006,"10",0.29628,4,2
1010007,"10",0.30199,4,2
1010008,"10",0.99077,5,5
1010009,"10",0.70978,5,4
1010010,"10",0.46382,4,3
1010011,"10",0.69028,5,4
1010012,"10",1.01311,5,5
1010013,"10",0.67497,5,4
1010022,"10",0.02291,3,1
1010025,"10",-0.154175838308458,2,1
1010029,"10",-1.20425,1,1
1010032,"10",-0.606380964651916,1,1
1010034,"10",-0.784478574338086,1,1
1010801,"10",0.81201,5,4
1011010,"10",1.1446,5,5
1011015,"10",0.75714,5,4
1011020,"10",0.77622,5,4
1011030,"10",0.91426,5,5
1011035,"10",0.520704427390791,4,3
1101002,"11",0.4537,4,5
1101003,"11",-0.02403,3,3
1101004,"11",0.86713,5,5
1101005,"11",0.073902770745429,3,4
1101020,"11",0.06458,3,4
1101025,"11",0.46294,4,5
1101027,"11",0.05663,3,3
1101030,"11",0.02597,3,3
1101033,"11",0.03157,3,3
1101035,"11",-0.0548627406568517,3,3
1101036,"11",0.621813160333642,5,5
1101037,"11",0.36784,4,5
1101040,"11",-0.09427,2,3
1101043,"11",-0.185552555831265,2,2
1101044,"11",-0.11963,2,3
1101045,"11",0.212552327793987,4,4
1101048,"11",-0.57979,1,1
1101052,"11",-0.05486,3,3
1102002,"11",0.0216079016004742,3,3
1102003,"11",0.11563,3,4
1102005,"11",-0.13714,2,2
1102010,"11",-0.24187878429263,2,2
1102011,"11",-0.06381,3,3
1102013,"11",-0.24879,2,1
1102015,"11",-0.30241,2,1
1102016,"11",-0.274576058423369,2,1
1102017,"11",-0.15001758475567,2,2
1102018,"11",-0.159854239130435,2,2
1102019,"11",0.11764,3,4
1102020,"11",-0.28216,2,1
1102021,"11",-0.17766,2,2
1102022,"11",-0.587186084608461,1,1
1102030,"11",-0.01824,3,3
1102032,"11",-0.28474,2,1
1102034,"11",0.389,4,5
1102035,"11",-0.94281,1,1
1102037,"11",-0.36571,1,1
1102040,"11",-0.0844079598662207,2,3
1102043,"11",0.06188,3,4
1102045,"11",-0.13965,2,2
1102046,"11",0.81161,5,5
1102050,"11",0.29752,4,4
1102051,"11",-0.10278,2,3
1102055,"11",-0.414380273037543,1,1
1102057,"11",0.59219,5,5
1102059,"11",0.39657,4,5
1102061,"11",-0.61041,1,1
1102064,"11",-0.244390589510186,2,1
1102066,"11",0.0558859380692168,3,3
1102067,"11",-0.332863908,1,1
1102068,"11",-0.365785326806795,1,1
1102069,"11",-0.17384,2,2
1102070,"11",-0.23794,2,2
1102071,"11",-0.0920990466798159,2,3
1102072,"11",-0.63548,1,1
1102073,"11",-0.21543946440678,2,2
1102075,"11",0.196548756731686,4,4
1102080,"11",-0.214688510112565,2,2
1102085,"11",-0.1629831046547,2,2
1103002,"11",-0.2257,2,2
1103003,"11",-0.251677540856031,2,1
1103004,"11",-0.16628,2,2
1103005,"11",0.373560342639594,4,5
1103007,"11",-0.166101351805206,2,2
1103008,"11",-0.31388,1,1
1103014,"11",0.264267113686534,4,4
1103015,"11",0.328429646302251,4,4
1103018,"11",0.0395,3,3
1103020,"11",-0.184460927664274,2,2
1103021,"11",-0.30393,1,1
1103022,"11",-0.19825,2,2
1103023,"11",0.36746,4,5
1103024,"11",-0.29126,2,1
1103025,"11",0.253091444909693,4,4
1103027,"11",0.03359,3,3
1103029,"11",0.11842,3,4
1103033,"11",0.48008,4,5
1103035,"11",0.89271,5,5
1103039,"11",0.35528,4,5
1103040,"11",-0.0896047836538462,2,3
1103042,"11",0.821454178082192,5,5
1103043,"11",0.3194219574845,4,4
1103050,"11",-0.34796,1,1
1103052,"11",0.497027916986933,4,5
1103053,"11",0.24159,4,4
1103055,"11",-0.2331,2,2
1103057,"11",0.89521,5,5
1103059,"11",0.260620564516129,4,4
1103060,"11",0.79479,5,5
1103061,"11",-0.14576135,2,2
1103062,"11",0.15533,3,4
1103063,"11",0.381063103764922,4,5
1103064,"11",-0.166812215246637,2,2
1103065,"11",0.208558456742011,4,4
1103066,"11",0.15613,3,4
1103067,"11",-0.0892107358870968,2,3
1103068,"11",0.12707,3,4
1201001,"12",0.228965696765292,4,2
1201004,"12",0.49867,4,4
1201006,"12",0.310744075184502,4,2
1201008,"12",0.496428315085158,4,4
1201009,"12",0.5497,4,4
1202001,"12",0.177596418043202,4,2
1202004,"12",0.161607680540379,4,1
1202006,"12",0.827582173085371,5,5
1202040,"12",1.14146,5,5
1203001,"12",0.327725717634801,4,3
1203004,"12",0.541812271471969,4,4
1203006,"12",0.923130724637681,5,5
1203009,"12",0.51609,4,4
1204010,"12",0.516768763193245,4,4
1204015,"12",0.63298,5,5
1205001,"12",0.268820701869465,4,2
1205004,"12",0.399183919732441,4,3
1205008,"12",0.90535,5,5
1205009,"12",0.328868221059516,4,3
1205014,"12",0.17740606937524,4,2
1205016,"12",0.607543497063534,5,4
1206001,"12",0.0475512024496526,3,1
1206004,"12",0.430354242320819,4,3
1206006,"12",0.281719770450751,4,2
1206008,"12",0.327129097744361,4,3
1206009,"12",0.205846345272608,4,2
1206011,"12",0.86409,5,5
1207001,"12",0.073353729367032,3,1
1207002,"12",0.28784,4,2
1207004,"12",0.382920720977597,4,3
1207011,"12",0.188157278390034,4,2
1207012,"12",0.177427858220211,4,2
1207016,"12",0.162667706468078,4,2
1207021,"12",-0.0322278343465046,3,1
1207024,"12",0.393016424757761,4,3
1207027,"12",0.67687,5,5
1208003,"12",0.103738026551848,3,1
1208008,"12",-0.111242804563535,2,1
1208014,"12",0.6942828988682,5,5
1209019,"12",0.583950384615385,5,4
1209034,"12",0.00933023282304766,3,1
1210001,"12",-0.0133730749395649,3,1
1210002,"12",0.246329049454078,4,2
1210003,"12",0.695421520086862,5,5
1210006,"12",0.5798722479543,5,4
1210008,"12",0.0229013591840856,3,1
1210012,"12",0.194277682083998,4,2
1211001,"12",0.609695348328647,5,4
1211006,"12",0.532300257883879,4,4
1211009,"12",0.0914308886547243,3,1
1211011,"12",0.519215519991493,4,4
1211012,"12",0.574052675213675,5,4
1211014,"12",0.244763621293486,4,2
1212001,"12",0.0509416122216805,3,1
1212004,"12",0.529919095590602,4,4
1212006,"12",0.0574778963663027,3,1
1212008,"12",0.34810240960452,4,3
1212009,"12",0.237488495133516,4,2
1212011,"12",0.122457553064632,3,1
1212014,"12",0.448302260584944,4,3
1212016,"12",0.327662567511425,4,3
1212019,"12",0.627,5,5
1213001,"12",0.404812531235539,4,3
1213004,"12",0.598313138495093,5,4
1213008,"12",0.36876,4,3
1214001,"12",-0.128502676559188,2,1
1214002,"12",0.509786589347079,4,4
1214006,"12",-0.00957377484522647,3,1
1214010,"12",1.29909637096774,5,5
1215001,"12",0.0551755162614462,3,1
1215002,"12",0.328008429906542,4,3
1215006,"12",0.141439718396711,3,1
1215008,"12",0.6904,5,5
1215011,"12",0.322233107355483,4,3
1216001,"12",0.341067547831633,4,3
1216006,"12",0.24814671538666,4,2
1216011,"12",0.552281888198758,4,4
1216014,"12",0.76786,5,5
1217008,"12",0.81804,5,5
1217020,"12",1.23197791252485,5,5
1217030,"12",0.403007146989135,4,3
1218001,"12",0.216070049055678,4,2
1218003,"12",1.22091,5,5
1218006,"12",0.464223138795361,4,3
1301001,"13",0.0853231520815633,3,3
1301002,"13",0.4233,4,4
1301004,"13",-0.240573084589829,2,1
1301006,"13",0.276792951277098,4,4
1301016,"13",-0.0315402793296089,3,2
1302001,"13",0.28079,4,4
1302004,"13",0.509271348788198,4,5
1302006,"13",0.120175,3,3
1302008,"13",0.130719937733499,3,3
1302011,"13",0.0821004905490549,3,3
1302012,"13",0.243607155457552,4,4
1302014,"13",0.43849,4,4
1302016,"13",-0.0676072304609218,3,2
1302018,"13",0.049295636478784,3,2
1302021,"13",0.49845,4,5
1302024,"13",-0.10726,2,1
1302026,"13",-0.152402421875,2,1
1302028,"13",-0.01658,3,2
1302031,"13",-0.11205,2,1
1302034,"13",0.191293381208857,4,3
1302037,"13",0.344356671840355,4,4
1302039,"13",0.036559765625,3,2
1302042,"13",0.209418054421769,4,3
1302044,"13",0.23014,4,3
1302052,"13",0.028676655105973,3,2
1303001,"13",0.140187181467181,3,3
1303004,"13",-0.01894,3,2
1303005,"13",0.39193,4,4
1303006,"13",0.17843,4,3
1303008,"13",-0.196612154541827,2,1
1303011,"13",-0.0671091248068006,3,2
1303012,"13",-0.364086798231067,1,1
1303013,"13",0.74492,5,5
1303014,"13",0.103707094594595,3,3
1303016,"13",-0.423411044018059,1,1
1303018,"13",0.41009,4,4
1304001,"13",0.140170591549296,3,3
1304004,"13",-0.16017,2,1
1304005,"13",0.13692,3,3
1304006,"13",0.20257,4,3
1304008,"13",0.26862,4,4
1304011,"13",0.41441,4,4
1304013,"13",0.41273,4,4
1304014,"13",0.36247,4,4
1304016,"13",0.23387,4,4
1304018,"13",0.203745348837209,4,3
1304021,"13",0.113881138132296,3,3
1304022,"13",0.567298236347359,5,5
1304024,"13",0.245267432590856,4,4
1304025,"13",0.506327618651124,4,5
1305001,"13",0.43034,4,4
1305004,"13",0.0732491525423729,3,2
1305006,"13",-0.207920148198046,2,1
1305007,"13",-0.186047497155859,2,1
1305008,"13",-0.49682,1,1
1305011,"13",-0.194915747398297,2,1
1305014,"13",-0.179078010618364,2,1
1305015,"13",-0.387940108717536,1,1
1305016,"13",-0.254835705660377,2,1
1305018,"13",-0.0271340992907801,3,2
1305021,"13",-0.0836592206281504,2,2
1305022,"13",0.453210716216216,4,4
1305023,"13",-0.00473362825788752,3,2
1305024,"13",-0.06688,3,2
1305026,"13",0.0930032405424697,3,3
1305028,"13",0.0441270633397313,3,2
1305031,"13",-0.0777377289481146,3,2
1305034,"13",-0.126784186471664,2,1
1305036,"13",-0.41006,1,1
1305038,"13",0.0648868294849023,3,2
1305045,"13",-0.374113083409869,1,1
1305057,"13",-0.529494942455243,1,1
1306001,"13",0.152712747068677,3,3
1306003,"13",0.70843,5,5
1306004,"13",0.37122,4,4
1306006,"13",0.35626,4,4
1306008,"13",0.346899107142857,4,4
1306011,"13",-0.0467539155332856,3,2
1306014,"13",-0.270311156105749,2,1
1306020,"13",-0.199409109016712,2,1
1306025,"13",0.07001396884273,3,2
1307001,"13",-0.0940838314944834,2,2
1307002,"13",0.57581,5,5
1307004,"13",0.468406625,4,5
1307005,"13",-0.129370696635904,2,1
1307007,"13",0.0711350962720197,3,2
1307008,"13",-0.00540227574750832,3,2
1307009,"13",0.0581985997704542,3,2
1307011,"13",0.262099246575342,4,4
1307012,"13",0.51419,4,5
1307013,"13",-0.284517794790217,2,1
1307016,"13",-0.122113973561431,2,1
1307019,"13",-0.319087467301943,1,1
1307022,"13",0.135964682521706,3,3
1307024,"13",-0.0957687059520284,2,2
1307028,"13",0.111381855886049,3,3
1307029,"13",-0.0353167615176152,3,2
1307045,"13",-0.265860148680373,2,1
1307052,"13",0.209862731254147,4,3
1308001,"13",-0.136872654662973,2,1
1308002,"13",-0.0940634929270947,2,2
1308003,"13",0.47323,4,5
1308004,"13",0.133141974483597,3,3
1308005,"13",0.355701380819737,4,4
1308006,"13",0.062706700150678,3,2
1308007,"13",-0.136365929648241,2,1
1308008,"13",0.300927651083238,4,4
1308010,"13",0.95482,5,5
1308014,"13",0.376091026217228,4,4
1308015,"13",1.22808702230844,5,5
1308016,"13",0.243951462829736,4,4
1308017,"13",0.167884061784897,4,3
1308018,"13",0.702960786676116,5,5
1308019,"13",0.209880064229249,4,3
1308020,"13",0.94223,5,5
1308021,"13",0.2474964375,4,4
1308022,"13",0.942859633027523,5,5
1308024,"13",0.724666223404255,5,5
1308026,"13",0.708043573298429,5,5
1309001,"13",0.464786241488879,4,5
1309004,"13",0.159985202349869,3,3
1309006,"13",-0.30653,1,1
1309011,"13",-0.0774954051172708,3,2
1309014,"13",-0.267575037674919,2,1
1309016,"13",0.679645,5,5
1309017,"13",0.951692548197821,5,5
1309018,"13",0.492804664328657,4,5
1309019,"13",0.0781212691466083,3,2
1309021,"13",0.33368,4,4
1309022,"13",0.548912054455446,4,5
1309023,"13",0.68069,5,5
1309026,"13",-0.109996320528211,2,1
1309027,"13",0.447374731034483,4,4
1309028,"13",0.135003540802213,3,3
1309031,"13",0.522179643167972,4,5
1309035,"13",0.77236,5,5
1309036,"13",0.437989952973721,4,4
1309038,"13",0.359821040189125,4,4
1309044,"13",1.17307084219133,5,5
1309050,"13",0.151920367962921,3,3
1310001,"13",-0.43304891660727,1,1
1310002,"13",-0.585928771972068,1,1
1310004,"13",-0.184576515625,2,1
1310005,"13",-0.32361,1,1
1310006,"13",0.589293231031543,5,5
1310007,"13",0.41406,4,4
1310008,"13",0.32137,4,4
1310011,"13",-0.07106,3,2
1310012,"13",-0.03843,3,2
1310013,"13",0.12739,3,3
1310014,"13",-0.31195,1,1
1310016,"13",-0.0557100646352724,3,2
1310017,"13",-0.44741816150116,1,1
1310018,"13",-0.435250151461782,1,1
1310019,"13",0.58016,5,5
1310021,"13",-0.0727759175424414,3,2
1310024,"13",0.0801807014028056,3,3
1310025,"13",0.16835,4,3
1310026,"13",-0.000467705758215266,3,2
1310028,"13",-0.247933609098568,2,1
1310031,"13",-0.250251424075531,2,1
1310032,"13",0.0155491018125357,3,2
1310034,"13",0.557696934579439,5,5
1310036,"13",0.320205293478261,4,4
1310037,"13",0.26905,4,4
1310054,"13",0.0757110395010395,3,2
1311001,"13",-0.0846024313186813,2,2
1311004,"13",-0.162161662911221,2,1
1311005,"13",0.51799,4,5
1311006,"13",0.231087772375293,4,3
1311008,"13",-0.0806469173333333,2,2
1311011,"13",0.160936365914787,3,3
1311012,"13",-0.103275498392283,2,1
1311014,"13",-0.0488288978692138,3,2
1311018,"13",0.216571186790506,4,3
1311019,"13",0.07865,3,2
1311021,"13",-0.20494,2,1
1311024,"13",0.129469899833055,3,3
1311026,"13",0.335478275862069,4,4
1311027,"13",-0.144692472981564,2,1
1311028,"13",0.166321215666328,4,3
1311030,"13",0.55587,5,5
1311031,"13",-0.120807976115651,2,1
1312001,"13",0.115921672354949,3,3
1312002,"13",0.59984,5,5
1312004,"13",0.142550506208214,3,3
1312006,"13",0.297215584498094,4,4
1312007,"13",1.06951358974359,5,5
1312008,"13",0.328269749839641,4,4
1312009,"13",0.457438622754491,4,4
1312011,"13",0.93513,5,5
1312014,"13",0.263380674157303,4,4
1312016,"13",0.0722769637883008,3,2
1312019,"13",0.209866457854406,4,3
1312021,"13",-0.201744673031026,2,1
1312023,"13",-0.0397831412894376,3,2
1313002,"13",0.100585373467113,3,3
1313004,"13",-0.424799603729604,1,1
1313006,"13",0.0277598638426626,3,2
1313008,"13",0.43609,4,4
1313011,"13",0.375159487179487,4,4
1313012,"13",0.467359584736251,4,5
1313014,"13",0.187982580645161,4,3
1313015,"13",0.164168127853881,4,3
1313018,"13",0.14194,3,3
1313020,"13",-0.0983,2,1
1313022,"13",-0.28320969012266,2,1
1313024,"13",-0.111442633171913,2,1
1313027,"13",0.0486795212021659,3,2
1313031,"13",-0.0623027806191117,3,2
1313037,"13",0.0622752700729927,3,2
1314001,"13",1.23519347368421,5,5
1314003,"13",0.58852,5,5
1314004,"13",-0.123976553287982,2,1
1314005,"13",0.57856,5,5
1314006,"13",0.0108426824703681,3,2
1314008,"13",0.0226241203703704,3,2
1314010,"13",0.58499,5,5
1314011,"13",0.0826519739696312,3,3
1314012,"13",0.186694920634921,4,3
1314013,"13",0.120915389057751,3,3
1314014,"13",0.613410363275153,5,5
1314015,"13",-0.185699779179811,2,1
1314016,"13",0.729106795252226,5,5
1314017,"13",0.422929100217189,4,4
1314020,"13",0.374486168177241,4,4
1314021,"13",-0.00664734042553191,3,2
1314022,"13",0.159029238673517,3,3
1314025,"13",0.872773735849057,5,5
1314026,"13",0.08647,3,3
1315002,"13",0.405055789440878,4,4
1315006,"13",0.492590877373012,4,5
1315008,"13",-0.0173293761814745,3,2
1315010,"13",0.52916,4,5
1315011,"13",0.379727233692523,4,4
1315012,"13",-0.0314027369097334,3,2
1315013,"13",0.168117630057803,4,3
1315014,"13",0.340715890481064,4,4
1315015,"13",0.155387808570098,3,3
1315016,"13",0.298451366666667,4,4
1315017,"13",0.938246081300813,5,5
1315019,"13",0.680176928888889,5,5
1315020,"13",0.26579,4,4
1315021,"13",0.629087980182927,5,5
1315022,"13",0.0171028888888889,3,2
1315024,"13",0.481666127265065,4,5
1315026,"13",0.392804425059477,4,4
1315027,"13",0.47855882532418,4,5
1315028,"13",0.0423163897316219,3,2
1315029,"13",0.490291275883706,4,5
1315030,"13",0.170504646194927,4,3
1315031,"13",0.127016163922156,3,3
1315032,"13",0.432265503458878,4,4
1315033,"13",0.808427317073171,5,5
1315036,"13",0.135293252385082,3,3
1315037,"13",0.128304483450351,3,3
1315038,"13",0.276344938440492,4,4
1315040,"13",0.35182,4,4
2401023,"24",-0.07399705414274,3,3
2401042,"24",0.5104,4,5
2402005,"24",0.472960943457189,4,5
2402010,"24",0.0236726864147089,3,4
2402015,"24",0.473277006501182,4,5
2402028,"24",0.265762221628838,4,5
2402047,"24",0.295370158520476,4,5
2403005,"24",-0.0896708159065259,2,3
2403010,"24",0.232238319604613,4,5
2403015,"24",0.02764,3,4
2403020,"24",-0.0281686072423398,3,4
2403025,"24",0.167043545878694,4,4
2404005,"24",1.0169,5,5
2404010,"24",0.667946504297994,5,5
2404015,"24",0.00769,3,4
2404020,"24",1.63345,5,5
2404025,"24",0.74894,5,5
2404030,"24",0.46197,4,5
2404037,"24",0.378311787289659,4,5
2404047,"24",0.478124065977742,4,5
2404902,"24",0.45285,4,5
2405010,"24",0.18004,4,4
2405015,"24",0.56267,5,5
2405020,"24",0.6384,5,5
2405025,"24",0.20303,4,5
2405032,"24",0.141121444114738,3,4
2405040,"24",0.439122904191617,4,5
2405045,"24",0.0237083315038419,3,4
2405050,"24",0.42952,4,5
2405055,"24",-0.306621888980945,1,2
2405060,"24",-0.0669596032553408,3,3
2405065,"24",-0.14856,2,3
2405070,"24",0.0351843307086614,3,4
2405077,"24",0.04739,3,4
2406005,"24",-0.274299144927536,2,2
2406013,"24",-0.0422995074736584,3,4
2406020,"24",0.0312895005611672,3,4
2406025,"24",0.54095,4,5
2406030,"24",0.611506299093656,5,5
2406035,"24",0.50021,4,5
2406040,"24",0.41926,4,5
2406045,"24",0.3234,4,5
2406050,"24",0.41937,4,5
2406055,"24",0.68320736377025,5,5
2406060,"24",0.98975,5,5
2406802,"24",0.47491,4,5
2407005,"24",-0.11313,2,3
2407010,"24",0.41304,4,5
2407018,"24",0.170759343269679,4,4
2407025,"24",0.31533,4,5
2407030,"24",-0.0346776549586777,3,4
2407035,"24",0.35502,4,5
2407040,"24",-0.19315,2,3
2407047,"24",-0.0520054875812635,3,3
2407057,"24",-0.203952358870968,2,3
2407065,"24",0.18112,4,4
2407070,"24",0.23784,4,5
2407075,"24",0.42215,4,5
2407080,"24",0.0538103781979978,3,4
2407085,"24",0.314367233294256,4,5
2407090,"24",0.54721,4,5
2407095,"24",0.25325,4,5
2407100,"24",0.1604,3,4
2407105,"24",-0.26948,2,2
2408005,"24",0.690920763819095,5,5
2408010,"24",0.82683,5,5
2408015,"24",0.61263,5,5
2408023,"24",0.0846538181818182,3,4
2408030,"24",0.20852,4,5
2408035,"24",0.152105161290323,3,4
2408040,"24",-0.05958,3,3
2408053,"24",0.0670393930077929,3,4
2408065,"24",0.3309,4,5
2408073,"24",-0.191044639438417,2,3
2408080,"24",-0.08668,2,3
2409005,"24",0.86121,5,5
2409010,"24",0.66278,5,5
2409015,"24",0.37417,4,5
2409020,"24",-0.20139,2,3
2409025,"24",0.0191371622769753,3,4
2409030,"24",-0.351915808383233,1,2
2409035,"24",0.215943387259858,4,5
2409040,"24",0.0893,3,4
2409048,"24",0.56504,5,5
2409055,"24",0.39289,4,5
2409060,"24",0.20315,4,5
2409065,"24",0.190608149219202,4,5
2409070,"24",-0.36868,1,2
2409077,"24",0.322210330513784,4,5
2409085,"24",-0.199637610619469,2,3
2409092,"24",-0.314428175746924,1,2
2410005,"24",0.62911,5,5
2410010,"24",0.36225,4,5
2410015,"24",-0.0755991881918819,3,3
2410025,"24",0.15344,3,4
2410030,"24",-0.523464749917191,1,1
2410043,"24",-0.197464674910577,2,3
2410060,"24",-0.298111622516556,2,2
2410070,"24",0.00756911668484188,3,4
2410075,"24",0.15111,3,4
2411005,"24",-0.27805,2,2
2411010,"24",-0.00689332525741975,3,4
2411015,"24",0.30288,4,5
2411020,"24",1.88177,5,5
2411025,"24",0.05408,3,4
2411030,"24",0.44257,4,5
2411035,"24",-0.3745,1,2
2411040,"24",0.243463900481541,4,5
2411045,"24",-0.138622110552764,2,3
2411050,"24",-0.34963,1,2
2411055,"24",0.1122,3,4
2412005,"24",-0.235750148423006,2,2
2412010,"24",-0.121022209631728,2,3
2412015,"24",-0.459632789303827,1,1
2412020,"24",-0.462056610169492,1,1
2412025,"24",-0.09785,2,3
2412030,"24",-0.0525020813397129,3,3
2412035,"24",0.02993,3,4
2412043,"24",-0.105442610619469,2,3
2412045,"24",-0.26776,2,2
2412057,"24",-0.287902965367965,2,2
2412065,"24",-0.540374240963855,1,1
2412072,"24",-0.186126699970176,2,3
2412080,"24",-0.441672276234568,1,1
2413005,"24",0.0165201421636616,3,4
2413010,"24",0.26113,4,5
2413015,"24",-0.30891,1,2
2413020,"24",0.35037,4,5
2413025,"24",0.558010190325139,5,5
2413030,"24",-0.18295,2,3
2413040,"24",0.31825,4,5
2413045,"24",-0.07619,3,3
2413050,"24",0.4258,4,5
2413055,"24",0.02432,3,4
2413060,"24",0.29197,4,5
2413065,"24",0.0968609200743495,3,4
2413073,"24",-0.107918276612584,2,3
2413075,"24",0.02922,3,4
2413080,"24",-0.171328893974066,2,3
2413085,"24",0.10219,3,4
2413090,"24",0.200805111402359,4,5
2413095,"24",-0.116311704957678,2,3
2413100,"24",0.11365,3,4
2414005,"24",0.0556996551724138,3,4
2414010,"24",-0.13461,2,3
2414018,"24",-0.130685997167139,2,3
2414025,"24",-0.344379393939394,1,2
2414030,"24",-0.36517,1,2
2414035,"24",-0.363042829268293,1,2
2414040,"24",-0.27961,2,2
2414045,"24",-0.60728,1,1
2414050,"24",-0.29645,2,2
2414055,"24",-0.34453,1,2
2414060,"24",-0.00703880195599022,3,4
2414065,"24",-0.354928753768844,1,2
2414070,"24",-0.265868006644518,2,2
2414075,"24",-0.04879,3,4
2414080,"24",-0.12557,2,3
2414085,"24",-0.139780483079941,2,3
2414090,"24",-0.42209164057608,1,1
2415005,"24",-0.13202,2,3
2415013,"24",-0.0987905330904675,2,3
2415025,"24",-0.237529201520913,2,2
2415030,"24",-0.395827582037997,1,1
2415035,"24",-0.0815991843393148,2,3
2415058,"24",0.0703516944688323,3,4
2415065,"24",1.81415,5,5
2415902,"24",-0.3474,1,2
2415904,"24",0.02592,3,4
2416005,"24",-0.4171,1,1
2416013,"24",-0.151180580653914,2,3
2416023,"24",-0.0641739605734767,3,3
2416048,"24",-0.23866185665529,2,2
2416050,"24",-0.228688184991274,2,2
2416055,"24",-0.150597318181818,2,3
2417005,"24",0.00079,3,4
2417010,"24",-0.149842058047493,2,3
2417015,"24",-0.07371,3,3
2417020,"24",-0.35985,1,2
2417025,"24",0.21057,4,5
2417030,"24",0.0933456967930029,3,4
2417035,"24",0.39538,4,5
2417040,"24",0.02518,3,4
2417045,"24",-0.08848,2,3
2417055,"24",-0.230067196391395,2,2
2417060,"24",-0.25127,2,2
2417065,"24",-0.336396230366492,1,2
2417070,"24",-0.176909687593872,2,3
2417078,"24",-0.2509261740731,2,2
2418005,"24",0.671268325508607,5,5
2418010,"24",0.81876,5,5
2418015,"24",0.248437428571429,4,5
2418020,"24",0.23402,4,5
2418025,"24",0.29339,4,5
2418030,"24",0.022939976442874,3,4
2418035,"24",-0.01141,3,4
2418040,"24",0.58637,5,5
2418045,"24",-0.281051487576638,2,2
2418050,"24",0.0130671188289844,3,4
2418055,"24",-0.442201285714286,1,1
2418060,"24",-0.350287582278481,1,2
2418065,"24",-0.426674868119266,1,1
2418070,"24",-0.64344,1,1
2419005,"24",0.352867647058824,4,5
2419010,"24",-0.259970286831812,2,2
2419015,"24",0.07227,3,4
2419020,"24",0.269606737044146,4,5
2419025,"24",-0.324292363527295,1,2
2419030,"24",-0.162013544638141,2,3
2419037,"24",0.223871195274496,4,5
2419045,"24",-0.322744032258065,1,2
2419050,"24",-0.452345870870871,1,1
2419055,"24",-0.498765887691435,1,1
2419062,"24",-0.408268851000741,1,1
2419068,"24",-0.620257381730604,1,1
2419070,"24",-0.537265584562997,1,1
2419075,"24",-0.580421183348924,1,1
2419082,"24",-0.246692119609439,2,2
2419090,"24",-0.38836,1,1
2419097,"24",-0.514446627951994,1,1
2419105,"24",-0.658989002695418,1,1
2419110,"24",-0.455230048102619,1,1
2419117,"24",-0.443088079534433,1,1
2420005,"24",-0.30437,1,2
2420010,"24",-0.396166235294118,1,1
2420015,"24",-0.358029814814815,1,2
2420020,"24",-0.50890670192906,1,1
2420025,"24",-0.49797265060241,1,1
2420030,"24",-0.425431440758294,1,1
2421005,"24",-0.000299807180851069,3,4
2421010,"24",-0.445586313715187,1,1
2421020,"24",-0.326527673440785,1,2
2421025,"24",-0.30864107359728,1,2
2421030,"24",0.0843793905817175,3,4
2421035,"24",-0.396369821468927,1,1
2421040,"24",-0.597066267568975,1,1
2421045,"24",-0.792280806706354,1,1
2422005,"24",-0.589014102108505,1,1
2422010,"24",-0.566822939406962,1,1
2422015,"24",-0.61878,1,1
2422020,"24",-0.715823672263682,1,1
2422025,"24",-0.630569671113869,1,1
2422030,"24",-0.71789,1,1
2422035,"24",-0.636041267300145,1,1
2422040,"24",-0.811703233708966,1,1
2422045,"24",-0.719406965044875,1,1
2423027,"24",-0.253273289326528,2,2
2423057,"24",-0.54708478314673,1,1
2423072,"24",-0.683833070779123,1,1
2423802,"24",-0.176918745454545,2,3
2425213,"24",-0.519228322053941,1,1
2426005,"24",-0.44355627960275,1,1
2426010,"24",-0.569682655367232,1,1
2426015,"24",-0.438873122317597,1,1
2426022,"24",-0.675619123141441,1,1
2426030,"24",-0.501012409014771,1,1
2426035,"24",-0.465350638297872,1,1
2426040,"24",-0.503145701388889,1,1
2426048,"24",-0.590880596258769,1,1
2426055,"24",-0.511337025641026,1,1
2426063,"24",-0.548972166768107,1,1
2426070,"24",-0.613307237787883,1,1
2427008,"24",-0.474232114137484,1,1
2427015,"24",-0.59516,1,1
2427028,"24",-0.400861464834276,1,1
2427035,"24",-0.379416417910448,1,2
2427043,"24",-0.449556242520941,1,1
2427050,"24",-0.6444,1,1
2427055,"24",-0.60435,1,1
2427060,"24",-0.272827182175623,2,2
2427065,"24",-0.414158338028169,1,1
2427070,"24",0.21911,4,5
2428005,"24",-0.148247393111639,2,3
2428015,"24",-0.217703551401869,2,3
2428020,"24",-0.311087805895439,1,2
2428025,"24",-0.287364311926605,2,2
2428030,"24",-0.382444486486486,1,2
2428035,"24",-0.24315,2,2
2428040,"24",0.00795,3,4
2428045,"24",-0.258669710065646,2,2
2428053,"24",-0.170018202581927,2,3
2428060,"24",0.0377,3,4
2428065,"24",-0.01148,3,4
2428070,"24",0.382165508819539,4,5
2428075,"24",0.42338,4,5
2429005,"24",-0.15067,2,3
2429013,"24",-0.260344209268992,2,2
2429020,"24",-0.1032,2,3
2429025,"24",-0.25963,2,2
2429030,"24",-0.241211130193906,2,2
2429038,"24",-0.385732154340836,1,2
2429045,"24",-0.296876410355487,2,2
2429050,"24",-0.38694,1,2
2429057,"24",-0.301324081757169,2,2
2429065,"24",-0.5404,1,1
2429073,"24",-0.239383622893578,2,2
2429095,"24",-0.7592,1,1
2429100,"24",-0.361070599876314,1,2
2429112,"24",-0.409803560051657,1,1
2429120,"24",-0.510140960264901,1,1
2429125,"24",-0.45457,1,1
2430005,"24",0.05596,3,4
2430010,"24",0.10247,3,4
2430015,"24",-0.1266,2,3
2430020,"24",0.09695,3,4
2430025,"24",-0.527987730535616,1,1
2430030,"24",0.164088054637202,4,4
2430035,"24",-0.14269,2,3
2430040,"24",-0.09114,2,3
2430045,"24",-0.179497817002882,2,3
2430050,"24",-0.343087010550996,1,2
2430055,"24",-0.31773,1,2
2430070,"24",-0.18153,2,3
2430072,"24",-0.196901824953445,2,3
2430080,"24",-0.157775313964386,2,3
2430085,"24",-0.190827240356083,2,3
2430090,"24",0.127379336609337,3,4
2430095,"24",-0.164551754601227,2,3
2430100,"24",-0.22453,2,2
2430105,"24",-0.25636,2,2
2430110,"24",-0.120257451737452,2,3
2431008,"24",0.0315273147153598,3,4
2431015,"24",0.181824033898305,4,4
2431020,"24",-0.199124359415305,2,3
2431025,"24",0.12645,3,4
2431030,"24",-0.11264,2,3
2431035,"24",0.17793,4,4
2431040,"24",-0.255605183946488,2,2
2431045,"24",0.102469335164835,3,4
2431050,"24",-0.15864,2,3
2431056,"24",-0.414864843265587,1,1
2431060,"24",-0.43387,1,1
2431084,"24",-0.0917878762657257,2,3
2431095,"24",-0.25642,2,2
2431100,"24",-0.61342,1,1
2431105,"24",-0.3156,1,2
2431122,"24",-0.215928643238434,2,3
2431130,"24",-0.25278,2,2
2431135,"24",-0.246376872890889,2,2
2431140,"24",-0.172153656821378,2,3
2432013,"24",-0.203427797708022,2,3
2432023,"24",-0.53546,1,1
2432033,"24",-0.299434171759408,2,2
2432040,"24",-0.0747675038977237,3,3
2432045,"24",-0.538367284369115,1,1
2432050,"24",-0.18611,2,3
2432058,"24",-0.219624065934066,2,3
2432065,"24",-0.156347926906112,2,3
2432072,"24",-0.291647996953542,2,2
2432080,"24",-0.30236,2,2
2432085,"24",-0.16952,2,3
2433007,"24",-0.403938871442591,1,1
2433017,"24",-0.266237921830315,2,2
2433025,"24",-0.439562759242561,1,1
2433030,"24",-0.631982083333333,1,1
2433035,"24",-0.278988731958763,2,2
2433040,"24",-0.249538385026738,2,2
2433045,"24",-0.36980087715422,1,2
2433052,"24",-0.341385688696726,1,2
2433060,"24",-0.280679494163424,2,2
2433065,"24",-0.20091984244671,2,3
2433070,"24",-0.114552352941176,2,3
2433080,"24",-0.324934129032258,1,2
2433085,"24",-0.57002553633218,1,1
2433090,"24",-0.552031531124498,1,1
2433095,"24",-0.471215469678954,1,1
2433102,"24",-0.170979810201661,2,3
2433115,"24",-0.133737251461988,2,3
2433123,"24",-0.13009,2,3
2434007,"24",-0.577052297206704,1,1
2434017,"24",-0.527218763956131,1,1
2434025,"24",-0.259408192576654,2,2
2434030,"24",-0.551841163049527,1,1
2434038,"24",-0.163683528977482,2,3
2434048,"24",-0.145028573145089,2,3
2434058,"24",-0.371347172259508,1,2
2434060,"24",-0.38403,1,2
2434065,"24",0.0396974146845915,3,4
2434078,"24",-0.00620090407177364,3,4
2434085,"24",0.08718,3,4
2434090,"24",0.0244622802197802,3,4
2434097,"24",-0.0294811036789298,3,4
2434105,"24",-0.09955,2,3
2434115,"24",-0.212850631578947,2,3
2434120,"24",-0.37998,1,2
2434128,"24",-0.321974436442204,1,2
2434135,"24",-0.03485,3,4
2435005,"24",0.311324785276074,4,5
2435010,"24",0.070062347826087,3,4
2435015,"24",-0.235211171366594,2,2
2435020,"24",0.0108803448275862,3,4
2435027,"24",0.0930007244008715,3,4
2435035,"24",-0.126076415508413,2,3
2435040,"24",-0.06265,3,3
2435045,"24",-0.19026,2,3
2435050,"24",0.226625734989648,4,5
2435055,"24",0.1872,4,5
2436033,"24",0.161011444578799,4,4
2437067,"24",-0.0841390602387129,2,3
2437205,"24",0.111545809945839,3,4
2437210,"24",-0.197049102296451,2,3
2437215,"24",-0.234783453307393,2,2
2437220,"24",-0.394925965688987,1,1
2437225,"24",-0.34666,1,2
2437230,"24",-0.442724286130536,1,1
2437235,"24",-0.376503100800523,1,2
2437240,"24",-0.0436124764019989,3,4
2437245,"24",-0.19576978021978,2,3
2437250,"24",-0.09052,2,3
2438005,"24",-0.0928020992366412,2,3
2438010,"24",-0.380556992109726,1,2
2438015,"24",0.09641,3,4
2438020,"24",0.04783,3,4
2438028,"24",0.309869516728625,4,5
2438035,"24",-0.12086,2,3
2438040,"24",0.176246605113636,4,4
2438047,"24",0.09374,3,4
2438055,"24",-0.03493,3,4
2438060,"24",-0.60333,1,1
2438065,"24",-0.158518833474218,2,3
2438070,"24",0.200264547461369,4,5
2438802,"24",0.20465,4,5
2439005,"24",0.2763,4,5
2439010,"24",0.0792489614935823,3,4
2439015,"24",0.12133,3,4
2439020,"24",-0.35084,1,2
2439025,"24",-0.299814932614555,2,2
2439030,"24",-0.514636351197263,1,1
2439035,"24",-0.57172,1,1
2439043,"24",-0.419733183640738,1,1
2439060,"24",-0.553938473159756,1,1
2439062,"24",-0.098208875,2,3
2439077,"24",-0.224344491435822,2,3
2439085,"24",-0.569803658536585,1,1
2439090,"24",-0.46112,1,1
2439097,"24",-0.687573796576032,1,1
2439105,"24",-0.15578,2,3
2439117,"24",-0.182295303902751,2,3
2439130,"24",-0.19554,2,3
2439135,"24",-0.53227882996633,1,1
2439145,"24",-0.0463931545064378,3,4
2439152,"24",-0.0100217288135593,3,4
2439165,"24",-0.13227,2,3
2439170,"24",-0.177187899628253,2,3
2440005,"24",-0.04284,3,4
2440010,"24",0.08473,3,4
2440017,"24",-0.210501918687589,2,3
2440025,"24",-0.33122,1,2
2440032,"24",-0.309770250521921,1,2
2440043,"24",0.354763198363431,4,5
2440047,"24",0.0191278420781893,3,4
2441012,"24",0.0660273402674592,3,4
2441020,"24",-0.03953,3,4
2441027,"24",0.32967,4,5
2441037,"24",-0.01112,3,4
2441038,"24",-0.245736923652695,2,2
2441055,"24",-0.485947078384798,1,1
2441060,"24",-0.0572402421875,3,3
2441065,"24",-0.11587419325433,2,3
2441070,"24",0.0555149600638978,3,4
2441075,"24",0.45658,4,5
2441080,"24",0.37099,4,5
2441085,"24",0.18893,4,5
2441098,"24",0.102504341957255,3,4
2441117,"24",-0.237962689458689,2,2
2442005,"24",-0.463356313868613,1,1
2442020,"24",-0.536465354394492,1,1
2442025,"24",-0.559336941663039,1,1
2442032,"24",-0.50143552238806,1,1
2442040,"24",-0.27897,2,2
2442045,"24",-0.12862,2,3
2442050,"24",-0.36868,1,2
2442055,"24",0.00252219261337074,3,4
2442060,"24",-0.345193090379009,1,2
2442065,"24",-0.19158,2,3
2442070,"24",-0.40094,1,1
2442075,"24",-0.345188594890511,1,2
2442078,"24",-0.32003,1,2
2442088,"24",-0.133590593124292,2,3
2442095,"24",-0.417461891083184,1,1
2442098,"24",0.142124706965327,3,4
2442100,"24",-0.334501454864154,1,2
2442110,"24",-0.216155983554712,2,3
2443027,"24",-0.107277147483346,2,3
2444003,"24",-0.21109,2,3
2444005,"24",-0.28944,2,2
2444010,"24",-0.16779,2,3
2444015,"24",-0.21218,2,3
2444023,"24",-0.20639,2,3
2444037,"24",-0.158369844366753,2,3
2444045,"24",-0.12316,2,3
2444050,"24",-0.19203,2,3
2444055,"24",-0.34796,1,2
2444060,"24",-0.30191,2,2
2444071,"24",-0.467300006116208,1,1
2444080,"24",-0.242468248807976,2,2
2445008,"24",0.238980364730878,4,5
2445020,"24",-0.13079,2,3
2445025,"24",-0.113392578397213,2,3
2445030,"24",-0.0939828827037773,2,3
2445035,"24",-0.186040296610169,2,3
2445043,"24",-0.56966,1,1
2445050,"24",-0.07236,3,3
2445055,"24",-0.518487542600897,1,1
2445060,"24",-0.523265377599416,1,1
2445072,"24",-0.0234454906046906,3,4
2445085,"24",-0.293256681922197,2,2
2445093,"24",-0.376320675734971,1,2
2445095,"24",-0.13561,2,3
2445100,"24",-0.2142,2,3
2445105,"24",-0.227979264448336,2,2
2445115,"24",-0.528331927301777,1,1
2446005,"24",-0.21485,2,3
2446010,"24",-0.327700133570793,1,2
2446017,"24",-0.268196522801303,2,2
2446025,"24",0.01064,3,4
2446030,"24",-0.71065,1,1
2446035,"24",0.176793870211102,4,4
2446040,"24",-0.419335592705167,1,1
2446045,"24",-0.0676122541966427,3,3
2446050,"24",-0.450648021672687,1,1
2446058,"24",-0.157655565083553,2,3
2446065,"24",-0.22254,2,3
2446070,"24",0.03419,3,4
2446075,"24",-0.128161352355225,2,3
2446078,"24",-0.578082824689619,1,1
2446080,"24",0.100055306551136,3,4
2446085,"24",-0.28085,2,2
2446090,"24",-0.432572173531989,1,1
2446095,"24",-0.37952,1,2
2446100,"24",-0.17156,2,3
2446105,"24",-0.442956470588235,1,1
2446112,"24",-0.0368069169376293,3,4
2447010,"24",-0.518657132595031,1,1
2447017,"24",-0.07706763538874,3,3
2447025,"24",0.162917908536585,4,4
2447030,"24",0.28966,4,5
2447035,"24",-0.542286737901558,1,1
2447040,"24",-0.338283611111111,1,2
2447047,"24",-0.291520198863636,2,2
2447055,"24",-0.302798583143508,1,2
2448005,"24",-0.26482,2,2
2448010,"24",0.111632186081694,3,4
2448015,"24",-0.279851282511211,2,2
2448020,"24",0.13089,3,4
2448028,"24",-0.0029954674556213,3,4
2448038,"24",-0.141555351906158,2,3
2448045,"24",-0.410595057544757,1,1
2448050,"24",-0.414007863636364,1,1
2449005,"24",-0.0821401607501674,2,3
2449015,"24",-0.116226726926736,2,3
2449020,"24",-0.207599459459459,2,3
2449025,"24",-0.349633748148148,1,2
2449030,"24",-0.196454558578567,2,3
2449040,"24",-0.263633850019327,2,2
2449048,"24",-0.478636483136936,1,1
2449058,"24",-0.0706867858134195,3,3
2449070,"24",-0.493644796747967,1,1
2449075,"24",-0.242327658079625,2,2
2449080,"24",-0.260496858757062,2,2
2449085,"24",-0.36709,1,2
2449095,"24",-0.515249479768786,1,1
2449100,"24",-0.44701,1,1
2449105,"24",-0.109709402985075,2,3
2449113,"24",0.0167428303152247,3,4
2449125,"24",-0.345983189493433,1,2
2449130,"24",-0.4887,1,1
2450005,"24",-0.243174959349593,2,2
2450013,"24",-0.19068,2,3
2450023,"24",-0.330802699228792,1,2
2450030,"24",-0.41704,1,1
2450035,"24",-0.50236,1,1
2450042,"24",-0.288598988142293,2,2
2450050,"24",-0.326817227074236,1,2
2450057,"24",-0.44443,1,1
2450065,"24",-0.57459,1,1
2450072,"24",-0.219427583526682,2,3
2450085,"24",-0.28686,2,2
2450090,"24",-0.131569900990099,2,3
2450095,"24",-0.39482,1,1
2450100,"24",-0.289417991675338,2,2
2450113,"24",0.162538726235741,4,4
2450128,"24",-0.00625017913593255,3,4
2450802,"24",0.25898,4,5
2451008,"24",-0.110546181661644,2,3
2451015,"24",0.340279559945504,4,5
2451020,"24",-0.0779546427301813,3,3
2451025,"24",-0.198271214165261,2,3
2451030,"24",-0.37619,1,2
2451035,"24",-0.0535975898030128,3,3
2451040,"24",-0.0257576383763838,3,4
2451045,"24",0.236657887617066,4,5
2451050,"24",0.21862,4,5
2451055,"24",0.1595,3,4
2451060,"24",0.0546348085658663,3,4
2451065,"24",0.433286345448483,4,5
2451070,"24",-0.203957449392713,2,3
2451075,"24",-0.134563081695967,2,3
2451080,"24",-0.114912379110251,2,3
2451085,"24",-0.494451468192397,1,1
2451090,"24",-0.430020453844459,1,1
2452007,"24",-0.273387370537262,2,2
2452017,"24",-0.280751680950526,2,2
2452030,"24",-0.294122316546763,2,2
2452035,"24",0.331019256725946,4,5
2452040,"24",-0.262920097647581,2,2
2452045,"24",-0.2096629296875,2,3
2452050,"24",-0.30685,1,2
2452055,"24",0.00165326305701965,3,4
2452062,"24",0.214641136738056,4,5
2452070,"24",-0.00758749056603774,3,4
2452075,"24",0.1436,3,4
2452080,"24",0.842391023902961,5,5
2452085,"24",-0.0616969597615499,3,3
2452090,"24",0.08986,3,4
2452095,"24",0.263739123994922,4,5
2453005,"24",-0.103591169724771,2,3
2453010,"24",0.53539,4,5
2453015,"24",-0.3873,1,2
2453020,"24",-0.160877076668505,2,3
2453025,"24",-0.428828351648352,1,1
2453032,"24",-0.195518328496808,2,3
2453040,"24",-0.371785705402254,1,2
2453050,"24",1.03149304870335,5,5
2453052,"24",0.0206935339115598,3,4
2453065,"24",-0.39771357744416,1,1
2453072,"24",-0.00139142281105991,3,4
2453085,"24",-0.00537,3,4
2454008,"24",-0.363517255002565,1,2
2454017,"24",-0.454567642010625,1,1
2454025,"24",-0.359352985008818,1,2
2454030,"24",-0.491113783031989,1,1
2454035,"24",-0.609781178923427,1,1
2454048,"24",-0.00459606090253149,3,4
2454060,"24",-0.456583600875593,1,1
2454065,"24",-0.404652116581777,1,1
2454072,"24",-0.553209835309618,1,1
2454090,"24",-0.411289444444444,1,1
2454095,"24",-0.388883242924528,1,1
2454100,"24",-0.368664552238806,1,2
2454105,"24",-0.413720914760915,1,1
2454110,"24",-0.218426244343891,2,3
2454115,"24",-0.23645,2,2
2454120,"24",-0.08073,2,3
2454125,"24",0.01149,3,4
2455008,"24",-0.503393423329872,1,1
2455015,"24",-0.293815890505891,2,2
2455023,"24",-0.202561245813798,2,3
2455030,"24",-0.419517603938731,1,1
2455037,"24",-0.341605159495549,1,2
2455048,"24",-0.337345110307095,1,2
2455057,"24",-0.29936674851968,2,2
2455065,"24",-0.409420728433099,1,1
2456005,"24",0.0723354660347551,3,4
2456010,"24",0.0905238821490468,3,4
2456015,"24",0.102511191819464,3,4
2456023,"24",-0.173745169867061,2,3
2456030,"24",-0.48552,1,1
2456035,"24",-0.0713314432508174,3,3
2456042,"24",-0.206794422177689,2,3
2456050,"24",-0.37545,1,2
2456055,"24",-0.335605653472741,1,2
2456060,"24",-0.378774367708819,1,2
2456065,"24",-0.326578814531549,1,2
2456083,"24",-0.231321995544337,2,2
2456097,"24",-0.419241565688776,1,1
2456105,"24",-0.522081932773109,1,1
2457005,"24",-0.542346371644829,1,1
2457010,"24",-0.619824465076661,1,1
2457020,"24",-0.69025984108368,1,1
2457025,"24",-0.454974260444744,1,1
2457030,"24",-0.603982985021819,1,1
2457033,"24",-0.296069251336898,2,2
2457035,"24",-0.55442052441805,1,1
2457040,"24",-0.426762321606372,1,1
2457045,"24",-0.665807632113821,1,1
2457050,"24",-0.547464218262806,1,1
2457057,"24",-0.542915365994236,1,1
2457068,"24",-0.256781748610517,2,2
2457075,"24",-0.590342779056387,1,1
2458007,"24",-0.0277600291819225,3,4
2458012,"24",-0.253962252537235,2,2
2458033,"24",-0.62201817796204,1,1
2458037,"24",-0.664804209644883,1,1
2458227,"24",-0.0500109701237411,3,4
2459010,"24",-0.72924864003994,1,1
2459015,"24",-0.39725808287044,1,1
2459020,"24",-0.657048474856119,1,1
2459025,"24",-0.472219788157666,1,1
2459030,"24",-0.39976,1,1
2459035,"24",-0.31985652742616,1,2
2460005,"24",-0.12659024278007,2,3
2460013,"24",-0.393613625586909,1,1
2460020,"24",-0.351826291666667,1,2
2460028,"24",-0.395076920911185,1,1
2460037,"24",-0.142608700889339,2,3
2461005,"24",-0.457961739262869,1,1
2461013,"24",-0.271471831528279,2,2
2461020,"24",-0.07478,3,3
2461025,"24",0.48286479657688,4,5
2461027,"24",-0.345252068077803,1,2
2461030,"24",-0.157653790518425,2,3
2461035,"24",0.133545233235198,3,4
2461040,"24",-0.353312229828851,1,2
2461045,"24",-0.112060474371219,2,3
2461050,"24",-0.296939963076923,2,2
2462007,"24",-0.0377544630824373,3,4
2462015,"24",-0.0308789127738735,3,4
2462020,"24",0.0511328571428571,3,4
2462025,"24",0.0402404761904762,3,4
2462030,"24",-0.0578339944289694,3,3
2462037,"24",0.108109044287055,3,4
2462047,"24",0.247223087818697,4,5
2462053,"24",-0.0700785578747628,3,3
2462055,"24",0.0700125341841386,3,4
2462060,"24",0.0862635606226705,3,4
2462065,"24",0.24398281068525,4,5
2462070,"24",0.431906094198736,4,5
2462075,"24",0.0865467655662348,3,4
2462080,"24",0.163678572513288,4,4
2462085,"24",0.222070893429487,4,5
2462802,"24",0.89275665,5,5
2462912,"24",0.1549,3,4
2463005,"24",0.00913209664209664,3,4
2463013,"24",-0.204993679683868,2,3
2463023,"24",-0.435360291970803,1,1
2463030,"24",-0.24403329686723,2,2
2463035,"24",-0.28980668989547,2,2
2463040,"24",-0.44764,1,1
2463048,"24",-0.156632182688306,2,3
2463055,"24",0.278388122791519,4,5
2463060,"24",-0.133553335720039,2,3
2463065,"24",-0.481025353339787,1,1
2464008,"24",-0.407136386063496,1,1
2464015,"24",-0.470823114901432,1,1
2465005,"24",-0.162506226281235,2,3
2466007,"24",0.307246101502048,4,5
2466023,"24",0.195097363029512,4,5
2466032,"24",-0.156067421914742,2,3
2466047,"24",-0.445015569892473,1,1
2466058,"24",0.290256829353119,4,5
2466062,"24",-0.568760061105585,1,1
2466072,"24",-0.356448138214098,1,2
2466087,"24",-0.102161818464408,2,3
2466097,"24",-0.165859810678452,2,3
2466102,"24",-0.470127028795137,1,1
2466107,"24",-0.593017041552109,1,1
2466112,"24",-0.572974218916047,1,1
2466117,"24",-0.268777226512227,2,2
2466127,"24",-0.423034374342797,1,1
2466142,"24",-0.182173579736793,2,3
2467005,"24",-0.45983073535699,1,1
2467010,"24",-0.572237059365539,1,1
2467015,"24",-0.391498358327653,1,1
2467020,"24",-0.566291174501022,1,1
2467025,"24",-0.405839014169068,1,1
2467030,"24",-0.379645605003747,1,2
2467035,"24",-0.502717011083662,1,1
2467040,"24",-0.446274637053088,1,1
2467045,"24",-0.499999049637632,1,1
2467050,"24",-0.104429722326085,2,3
2467055,"24",-0.39058020083682,1,1
2468005,"24",-0.261951621271077,2,2
2468010,"24",-0.02607,3,4
2468015,"24",-0.139894260651629,2,3
2468020,"24",0.0152229818594104,3,4
2468025,"24",-0.340772679572084,1,2
2468030,"24",-0.278298577114428,2,2
2468035,"24",-0.476684236311239,1,1
2468040,"24",-0.464017746319366,1,1
2468045,"24",-0.273898095238095,2,2
2468050,"24",-0.442589894916217,1,1
2468055,"24",-0.167288543038964,2,3
2469005,"24",0.156004259259259,3,4
2469010,"24",-0.239790214067278,2,2
2469017,"24",0.0480339852827266,3,4
2469025,"24",-0.31221,1,2
2469030,"24",-0.26642763666947,2,2
2469037,"24",-0.00323334184324737,3,4
2469045,"24",0.0958313900320073,3,4
2469050,"24",-0.15824,2,3
2469055,"24",0.777010966353678,5,5
2469060,"24",-0.114949044903778,2,3
2469065,"24",-0.103774431323804,2,3
2469070,"24",-0.0499275962236747,3,4
2469075,"24",0.23791,4,5
2470005,"24",-0.499029369369369,1,1
2470012,"24",-0.367533781006379,1,2
2470022,"24",-0.144113811409298,2,3
2470030,"24",-0.61668,1,1
2470035,"24",-0.404955769230769,1,1
2470040,"24",-0.27517,2,2
2470052,"24",0.0800904321406034,3,4
2471005,"24",-0.387929654479711,1,1
2471015,"24",0.04377,3,4
2471020,"24",-0.270134451939292,2,2
2471025,"24",-0.344940040548971,1,2
2471033,"24",-0.408224522417154,1,1
2471040,"24",-0.529767417369196,1,1
2471045,"24",-0.282859647058824,2,2
2471050,"24",-0.506995668151448,1,1
2471055,"24",-0.28303,2,2
2471060,"24",-0.201532141261385,2,3
2471065,"24",-0.665181444823663,1,1
2471070,"24",-0.387113351637177,1,2
2471075,"24",-0.331885384207737,1,2
2471083,"24",-0.303391491171304,1,2
2471090,"24",-0.434639889786921,1,1
2471095,"24",-0.66594,1,1
2471100,"24",-0.366823629643319,1,2
2471105,"24",-0.662088473651248,1,1
2471110,"24",-0.437015207100592,1,1
2471115,"24",-0.0827559556494192,2,3
2471125,"24",-0.30571,1,2
2471133,"24",-0.271562700534759,2,2
2471140,"24",-0.05416,3,3
2472005,"24",-0.268278944473893,2,2
2472010,"24",-0.307207538933854,1,2
2472015,"24",-0.472122387230388,1,1
2472020,"24",-0.19287421111288,2,3
2472025,"24",-0.443207280614422,1,1
2472032,"24",-0.345283734209197,1,2
2472043,"24",-0.0386068217488789,3,4
2473005,"24",-0.290385371273138,2,2
2473010,"24",-0.0420041567105114,3,4
2473015,"24",-0.588775331750781,1,1
2473020,"24",-0.606396773598297,1,1
2473025,"24",-0.745156799621132,1,1
2473030,"24",-0.328530878039177,1,2
2473035,"24",-0.272127004139018,2,2
2474005,"24",-0.437336586862604,1,1
2475005,"24",-0.502908941375423,1,1
2475017,"24",0.093088042337277,3,4
2475028,"24",-0.311549766039823,1,2
2475040,"24",-0.499548633508618,1,1
2475045,"24",-0.300223905708126,2,2
2476008,"24",-0.105967844742876,2,3
2476020,"24",0.273561535460993,4,5
2476025,"24",-0.0688020762155059,3,3
2476030,"24",-0.176513823358512,2,3
2476035,"24",-0.11072,2,3
2476043,"24",-0.0507504374223817,3,4
2476052,"24",0.0922443704474506,3,4
2476055,"24",0.180259691629956,4,4
2476065,"24",0.61896,5,5
2477011,"24",-0.14719,2,3
2477012,"24",0.0684154274649985,3,4
2477022,"24",-0.0567852762312634,3,3
2477030,"24",-0.167833060989643,2,3
2477035,"24",-0.411859479544278,1,1
2477043,"24",-0.102273456822107,2,3
2477050,"24",-0.202519711415135,2,3
2477055,"24",0.00256,3,4
2477060,"24",0.0957635406698565,3,4
2477065,"24",0.0732508315899582,3,4
2478005,"24",-0.0385714665385847,3,4
2478010,"24",-0.0429317632241814,3,4
2478015,"24",0.34834,4,5
2478020,"24",0.0475129480968858,3,4
2478032,"24",0.213625142270984,4,5
2478042,"24",-0.19132,2,3
2478047,"24",-0.102697708994709,2,3
2478055,"24",0.0851,3,4
2478060,"24",0.08598,3,4
2478065,"24",0.0940889571263036,3,4
2478070,"24",0.312685740740741,4,5
2478075,"24",0.0162056194251734,3,4
2478095,"24",-0.044019345841785,3,4
2478100,"24",0.09071,3,4
2478102,"24",-0.0337636162663756,3,4
2478115,"24",-0.0903944531761624,2,3
2478120,"24",0.0134989620253165,3,4
2478127,"24",-0.88181,1,1
2478130,"24",0.0632765517241379,3,4
2479005,"24",0.290709647398844,4,5
2479010,"24",0.2298,4,5
2479015,"24",0.55003,4,5
2479022,"24",0.00435,3,4
2479025,"24",0.0533,3,4
2479030,"24",0.220529432372506,4,5
2479037,"24",0.341732941049449,4,5
2479047,"24",0.227447047531993,4,5
2479050,"24",0.69387255839822,5,5
2479060,"24",0.07728,3,4
2479065,"24",0.367744918190568,4,5
2479078,"24",0.117848703639515,3,4
2479088,"24",0.0768023963328632,3,4
2479097,"24",0.156544771723122,3,4
2479105,"24",0.22961,4,5
2479110,"24",0.40532,4,5
2479115,"24",0.62927,5,5
2480005,"24",0.23803,4,5
2480010,"24",-0.00451743040685226,3,4
2480015,"24",-0.25751,2,2
2480020,"24",0.66857,5,5
2480027,"24",0.122024688377316,3,4
2480037,"24",0.160006990246168,3,4
2480045,"24",-0.00755090345438439,3,4
2480050,"24",0.139999867055772,3,4
2480055,"24",-0.1126,2,3
2480060,"24",-0.37059,1,2
2480065,"24",-0.42855,1,1
2480070,"24",0.1303,3,4
2480078,"24",-0.164092299711816,2,3
2480085,"24",0.00584,3,4
2480090,"24",0.34665,4,5
2480095,"24",-0.00563,3,4
2480103,"24",0.63844,5,5
2480110,"24",0.60036,5,5
2480115,"24",0.0643,3,4
2480125,"24",0.73582,5,5
2480130,"24",0.37414,4,5
2480135,"24",0.12695,3,4
2480140,"24",0.24183,4,5
2480145,"24",0.59586,5,5
2481017,"24",-0.154680205366254,2,3
2482005,"24",-0.569716941986234,1,1
2482010,"24",0.05362,3,4
2482015,"24",-0.361913197028812,1,2
2482020,"24",-0.666220045418814,1,1
2482025,"24",-0.65229398375,1,1
2482030,"24",-0.296158202539889,2,2
2482035,"24",-0.275125545391385,2,2
2483005,"24",0.35199,4,5
2483010,"24",0.0908692058823529,3,4
2483015,"24",0.553649402121504,4,5
2483020,"24",-0.08457,2,3
2483032,"24",0.286248686868687,4,5
2483040,"24",0.34514,4,5
2483045,"24",0.17232,4,4
2483050,"24",0.20805,4,5
2483055,"24",0.36513,4,5
2483060,"24",0.118728755287009,3,4
2483065,"24",0.476489260047911,4,5
2483070,"24",0.168946821503132,4,4
2483075,"24",-0.07968,2,3
2483085,"24",0.088,3,4
2483088,"24",0.21749,4,5
2483090,"24",0.17743,4,4
2483095,"24",0.225429982743745,4,5
2483802,"24",0.848162234219269,5,5
2484005,"24",0.106565020850709,3,4
2484010,"24",0.37630623501199,4,5
2484015,"24",0.0292219037356322,3,4
2484020,"24",0.90203,5,5
2484025,"24",1.03056,5,5
2484030,"24",0.492511063829787,4,5
2484035,"24",0.38388,4,5
2484040,"24",0.21132,4,5
2484045,"24",0.50288,4,5
2484050,"24",1.09621,5,5
2484055,"24",0.628203054755043,5,5
2484060,"24",0.514252080792683,4,5
2484065,"24",0.0703635688888889,3,4
2484070,"24",0.27785,4,5
2484082,"24",0.0336852532561505,3,4
2484090,"24",0.37194,4,5
2484095,"24",0.09309,3,4
2484100,"24",0.38074,4,5
2485005,"24",0.0647723310810811,3,4
2485010,"24",-0.0981,2,3
2485015,"24",-0.24309,2,2
2485020,"24",-0.20804936440678,2,3
2485025,"24",0.114077414772727,3,4
2485030,"24",-0.30786,1,2
2485037,"24",-0.22396399688958,2,3
2485045,"24",-0.365024050632911,1,2
2485052,"24",-0.136240813093981,2,3
2485055,"24",-0.04009,3,4
2485060,"24",0.76496,5,5
2485065,"24",0.57167,5,5
2485070,"24",0.43348,4,5
2485075,"24",0.63855,5,5
2485085,"24",-0.39537,1,1
2485090,"24",0.253069158878505,4,5
2485095,"24",-0.11126,2,3
2485100,"24",-0.11487,2,3
2485105,"24",0.36666,4,5
2485802,"24",0.47739,4,5
2485806,"24",0.55519,5,5
2485905,"24",0.25941,4,5
2486042,"24",-0.303221774395576,1,2
2487005,"24",0.13331,3,4
2487010,"24",-0.29599,2,2
2487015,"24",-0.14015,2,3
2487020,"24",-0.28228,2,2
2487025,"24",-0.357807712842713,1,2
2487030,"24",-0.3185238575983,1,2
2487035,"24",-0.08983,2,3
2487042,"24",-0.0203358574610245,3,4
2487050,"24",0.09512,3,4
2487058,"24",-0.122491567055394,2,3
2487070,"24",-0.48886,1,1
2487075,"24",0.30862,4,5
2487080,"24",0.12538,3,4
2487085,"24",-0.421080765957447,1,1
2487090,"24",0.00659876868714324,3,4
2487095,"24",-0.3322,1,2
2487100,"24",0.06273,3,4
2487105,"24",-0.07148,3,3
2487110,"24",-0.31596,1,2
2487115,"24",0.30623733933162,4,5
2487120,"24",0.19505,4,5
2488005,"24",0.3987,4,5
2488010,"24",0.02003,3,4
2488015,"24",0.48744,4,5
2488022,"24",7.98439073514446e-05,3,4
2488030,"24",-0.54133,1,1
2488035,"24",-0.198196153846154,2,3
2488040,"24",-0.67424,1,1
2488045,"24",-0.5404,1,1
2488050,"24",-0.56335,1,1
2488055,"24",-0.201875715187377,2,3
2488060,"24",-0.339521617933723,1,2
2488065,"24",-0.01933,3,4
2488070,"24",-0.08294,2,3
2488075,"24",-0.331967077922078,1,2
2488080,"24",0.00053,3,4
2488085,"24",-0.168974779319042,2,3
2488090,"24",-0.34829,1,2
2488802,"24",0.41852,4,5
2488904,"24",0.30299,4,5
2489008,"24",-0.245150991695164,2,2
2489010,"24",-0.410129096989967,1,1
2489015,"24",-0.0154942767295597,3,4
2489040,"24",0.351873310567937,4,5
2489045,"24",-0.0591574542429285,3,3
2489050,"24",0.16289,4,4
2489802,"24",1.46146,5,5
2489804,"24",1.12639781322957,5,5
2490012,"24",-0.0268775685146913,3,4
2490017,"24",-0.39614,1,1
2490027,"24",0.03235,3,4
2490802,"24",0.879691278458844,5,5
2490804,"24",1.12762,5,5
2491005,"24",0.479227650042265,4,5
2491010,"24",0.28541,4,5
2491015,"24",0.11062,3,4
2491020,"24",-0.141272562929062,2,3
2491025,"24",-0.0760876361788618,3,3
2491030,"24",-0.170012390804598,2,3
2491035,"24",-0.300599076086956,2,2
2491042,"24",-0.219491741500644,2,3
2491050,"24",-0.171760441501104,2,3
2491802,"24",0.144759925373134,3,4
2492005,"24",0.02591,3,4
2492010,"24",-0.17251,2,3
2492015,"24",-0.305465476839237,1,2
2492022,"24",-0.141919697262719,2,3
2492030,"24",-0.431557083906465,1,1
2492040,"24",-0.239917612838516,2,2
2492045,"24",0.127695376955903,3,4
2492050,"24",-0.08352,2,3
2492055,"24",-0.187139695481336,2,3
2492060,"24",0.30125,4,5
2492065,"24",-0.33439,1,2
2492070,"24",-0.02833,3,4
2492902,"24",-0.17441,2,3
2493005,"24",0.0376983015075377,3,4
2493012,"24",-0.155965651540888,2,3
2493020,"24",-0.384675224,1,2
2493025,"24",-0.341759715215622,1,2
2493030,"24",-0.496180671950379,1,1
2493035,"24",-0.364524850711989,1,2
2493042,"24",-0.207259755036102,2,3
2493045,"24",-0.337035184820108,1,2
2493055,"24",-0.140077929216867,2,3
2493060,"24",0.29025,4,5
2493065,"24",0.00203198653198653,3,4
2493070,"24",-0.113019688667497,2,3
2493075,"24",-0.342001118881119,1,2
2493080,"24",0.21899,4,5
2494068,"24",-0.26146923294846,2,2
2494205,"24",0.188151,4,5
2494210,"24",-0.03913,3,4
2494215,"24",0.10205,3,4
2494220,"24",-0.22364,2,3
2494225,"24",-0.29864,2,2
2494230,"24",0.086,3,4
2494235,"24",-0.276493245997089,2,2
2494240,"24",-0.347250462672522,1,2
2494245,"24",-0.195435624165554,2,3
2494250,"24",-0.13748518213866,2,3
2494255,"24",-0.274111609580221,2,2
2494260,"24",-0.134,2,3
2494265,"24",-0.471917976264835,1,1
2494928,"24",-0.51183,1,1
2495005,"24",0.211996167076167,4,5
2495010,"24",0.0305772980997625,3,4
2495018,"24",0.01495,3,4
2495025,"24",-0.0230279431438127,3,4
2495032,"24",0.466137058823529,4,5
2495040,"24",0.365125016339869,4,5
2495045,"24",0.147855760719225,3,4
2495050,"24",0.453503921259843,4,5
2495802,"24",-0.03328,3,4
2496005,"24",0.5895,5,5
2496010,"24",0.47464,4,5
2496015,"24",0.00076,3,4
2496020,"24",-0.313833508483589,1,2
2496025,"24",-0.391082597688498,1,1
2496030,"24",-0.427553165969317,1,1
2496035,"24",0.1013216534867,3,4
2496040,"24",0.112136712328767,3,4
2496802,"24",0.741033978583196,5,5
2496902,"24",0.26461,4,5
2497007,"24",-0.297340663437665,2,2
2497022,"24",-0.239528759975445,2,2
2497035,"24",-0.934941928191489,1,1
2497040,"24",-0.2662,2,2
2497802,"24",1.14399703225806,5,5
2497804,"24",0.909610434782609,5,5
2497806,"24",0.62272,5,5
2497904,"24",-0.33802,1,2
2498005,"24",-0.0021232174688057,3,4
2498010,"24",0.316958208092486,4,5
2498012,"24",0.29912,4,5
2498014,"24",0.542,4,5
2498015,"24",-0.0635558576874206,3,3
2498020,"24",0.45066,4,5
2498025,"24",-0.36037,1,2
2498030,"24",-0.14261,2,3
2498035,"24",-0.37762,1,2
2498040,"24",-0.352835433023674,1,2
2498045,"24",-0.35173,1,2
2498050,"24",0.43945,4,5
2498055,"24",0.93865,5,5
2498806,"24",0.9277,5,5
2498808,"24",0.56126,5,5
2499005,"24",-0.468108015303682,1,1
2499015,"24",-0.40630440085592,1,1
2499020,"24",-0.0635655245231607,3,3
2499025,"24",-0.440904595603484,1,1
2499060,"24",0.300870022744503,4,5
2499075,"24",0.89512,5,5
2499080,"24",1.00254,5,5
2499085,"24",0.98363,5,5
2499090,"24",0.77909,5,5
2499095,"24",0.0889414242878561,3,4
2499105,"24",0.70603,5,5
2499110,"24",0.63243,5,5
2499115,"24",0.63686,5,5
2499120,"24",0.8861,5,5
2499125,"24",1.18306,5,5
2499130,"24",0.53021,4,5
2499135,"24",1.07364,5,5
2499140,"24",1.19018,5,5
2499802,"24",0.4614,4,5
2499804,"24",0.822035659411011,5,5
2499806,"24",0.626770347003155,5,5
2499808,"24",0.39275,4,5
2499810,"24",0.40596,4,5
2499812,"24",0.37489,4,5
2499814,"24",0.64456,5,5
2499816,"24",0.47768,4,5
2499818,"24",0.27995,4,5
3501005,"35",-0.229472154538635,2,2
3501011,"35",-0.287821075165807,2,1
3501012,"35",0.509536169923712,4,4
3501020,"35",0.0499430296993843,3,3
3501030,"35",-0.252519965498938,2,1
3501042,"35",-0.281310212162162,2,1
3501050,"35",0.0733370583596214,3,3
3502001,"35",-0.153991708601521,2,2
3502008,"35",0.627613145968217,5,4
3502010,"35",-0.177160931332949,2,2
3502023,"35",-0.109177344456729,2,2
3502025,"35",-0.413971470411985,1,1
3502036,"35",-0.340912774193548,1,1
3502044,"35",-0.291782931818182,2,1
3502048,"35",-0.555917299214206,1,1
3506008,"35",-0.127489388101922,2,2
3507004,"35",-0.015125708194537,3,3
3507006,"35",-0.277120871919848,2,1
3507008,"35",0.545276662579696,4,4
3507014,"35",-0.234189532906476,2,2
3507015,"35",0.473847185295714,4,4
3507017,"35",-0.0148430057803468,3,3
3507021,"35",-0.176316030191758,2,2
3507024,"35",0.300707176295746,4,4
3507033,"35",0.47777,4,4
3507040,"35",-0.0557924983919875,3,2
3507042,"35",-0.248684523339908,2,2
3507052,"35",-0.213330086124402,2,2
3507065,"35",-0.376803765865063,1,1
3509001,"35",-0.156337869187532,2,2
3509004,"35",0.589631046034147,5,4
3509010,"35",-0.287987813760235,2,1
3509015,"35",-0.118314052320675,2,2
3509021,"35",0.490540660071108,4,4
3509024,"35",-0.495762007537967,1,1
3509028,"35",-0.0766152888072222,3,2
3509030,"35",-0.306683650610583,1,1
3509039,"35",0.000507679972110857,3,3
3510005,"35",-0.238021554404145,2,2
3510010,"35",0.169569658796233,4,3
3510020,"35",-0.320666336437488,1,1
3510035,"35",0.368770212591987,4,4
3510045,"35",0.21696189059081,4,4
3511005,"35",-0.0590015270579056,3,2
3511015,"35",0.113739672373956,3,3
3511030,"35",-0.170782825198058,2,2
3511035,"35",0.725006566692975,5,5
3512001,"35",-0.343455744821507,1,1
3512002,"35",0.647373972524327,5,4
3512004,"35",0.66076541617357,5,4
3512005,"35",0.284319357236316,4,4
3512015,"35",0.0537178344072165,3,3
3512020,"35",0.0154343888334995,3,3
3512026,"35",0.143629283482608,3,3
3512030,"35",0.20639951376298,4,4
3512036,"35",0.156277854903717,3,3
3512046,"35",0.389005465198031,4,4
3512048,"35",0.827551337837838,5,5
3512051,"35",0.91602,5,5
3512054,"35",0.82946,5,5
3512058,"35",0.450369212158809,4,4
3512061,"35",0.692991869618696,5,5
3512065,"35",0.0415482896117523,3,3
3512076,"35",0.345375140250855,4,4
3513020,"35",-0.00995440398381574,3,3
3514004,"35",0.0119717211760819,3,3
3514014,"35",-0.121710115225073,2,2
3514019,"35",-0.318559864363867,1,1
3514020,"35",-0.00461233317913727,3,3
3514021,"35",0.160650149130075,3,3
3514024,"35",-0.272793174093403,2,1
3514027,"35",0.691363105590062,5,5
3514045,"35",0.141643527162542,3,3
3515003,"35",-0.0425955946758265,3,2
3515005,"35",-0.277535466346832,2,1
3515008,"35",0.51021,4,4
3515013,"35",-0.324337128594249,1,1
3515014,"35",0.311870594852423,4,4
3515015,"35",-0.253551214281885,2,1
3515019,"35",0.9325,5,5
3515023,"35",-0.294452252358491,2,1
3515030,"35",0.247228937635255,4,4
3515037,"35",0.129519402155023,3,3
3515044,"35",-0.0394130967541544,3,2
3516010,"35",0.030368846139286,3,3
3518001,"35",-0.220358148327385,2,2
3518005,"35",-0.148618241325108,2,2
3518009,"35",-0.289094222785395,2,1
3518013,"35",0.229330445710246,4,4
3518017,"35",-0.325836228519033,1,1
3518020,"35",-0.336153123580928,1,1
3518022,"35",0.78273,5,5
3518029,"35",-0.390887441547597,1,1
3518039,"35",-0.143807068512772,2,2
3519028,"35",-0.263425715019716,2,1
3519036,"35",0.122820760377308,3,3
3519038,"35",0.0566523521695657,3,3
3519044,"35",-0.28203731970961,2,1
3519046,"35",-0.224527899350597,2,2
3519048,"35",-0.11728227297537,2,2
3519049,"35",-0.556263085647386,1,1
3519054,"35",-0.196593615786587,2,2
3519070,"35",-0.0999446104277738,2,2
3519076,"35",0.72925,5,5
3520005,"35",0.347589713118614,4,4
3521005,"35",0.064357351533809,3,3
3521010,"35",0.0660485802505807,3,3
3521024,"35",-0.410633449799515,1,1
3522001,"35",-0.5234244452398,1,1
3522008,"35",-0.340408617980125,1,1
3522010,"35",-0.193949028823682,2,2
3522012,"35",-0.504634621590065,1,1
3522014,"35",-0.192535943249246,2,2
3522016,"35",-0.342592413889667,1,1
3522019,"35",-0.191284690293742,2,2
3522021,"35",-0.0465052386249861,3,2
3523001,"35",-0.553335837109768,1,1
3523008,"35",-0.0604123358146654,3,2
3523009,"35",-0.492835965189873,1,1
3523017,"35",-0.467777322427176,1,1
3523025,"35",-0.362463974206413,1,1
3523033,"35",-0.397349549773964,1,1
3523043,"35",-0.0892850021992523,2,2
3523050,"35",-0.0272363896709838,3,2
3524001,"35",-0.290986458298239,2,1
3524002,"35",-0.305815799940015,1,1
3524009,"35",-0.279696286932523,2,1
3524015,"35",-0.501268958082487,1,1
3525005,"35",0.100713285600091,3,3
3526003,"35",0.13053503145801,3,3
3526011,"35",0.239577003171825,4,4
3526014,"35",-0.278951431682881,2,1
3526021,"35",-0.406875916914715,1,1
3526028,"35",-0.400671043315743,1,1
3526032,"35",0.237331913363229,4,4
3526037,"35",0.131701224806853,3,3
3526043,"35",0.267214219456654,4,4
3526047,"35",-0.127037914920369,2,2
3526053,"35",0.232756423908832,4,4
3526057,"35",-0.352303446868074,1,1
3526065,"35",-0.301419043728145,2,1
3528018,"35",-0.19780440060143,2,2
3528052,"35",-0.0408342563342717,3,2
3529005,"35",-0.340912938389826,1,1
3529006,"35",0.175466369168745,4,3
3530004,"35",-0.558908152368396,1,1
3530010,"35",-0.0452287855920392,3,2
3530013,"35",0.0683379460273951,3,3
3530016,"35",-0.0724371053520106,3,2
3530020,"35",-0.529078013439731,1,1
3530027,"35",-0.390739792366142,1,1
3530035,"35",-0.450993593466425,1,1
3531011,"35",-0.00810183317284546,3,3
3531013,"35",-0.52733407309322,1,1
3531016,"35",-0.228686768210127,2,2
3531025,"35",-0.443671961717194,1,1
3531030,"35",-0.378296354902739,1,1
3531040,"35",-0.177007732655425,2,2
3532002,"35",-0.376548678145458,1,1
3532004,"35",0.106835868922912,3,3
3532012,"35",-0.386481118290914,1,1
3532018,"35",-0.0257318308624845,3,2
3532027,"35",-0.508977432777005,1,1
3532038,"35",-0.449156121668155,1,1
3532042,"35",0.0648078180066374,3,3
3532045,"35",-0.467299070720423,1,1
3534005,"35",0.126245782130778,3,3
3534010,"35",-0.245082878169317,2,2
3534011,"35",0.18155843745941,4,4
3534020,"35",-0.373288935690383,1,1
3534021,"35",0.121654672969188,3,3
3534024,"35",-0.517012921047207,1,1
3534030,"35",-0.210071088631985,2,2
3534042,"35",0.0978919980237154,3,3
3536020,"35",0.0787101165393224,3,3
3536029,"35",0.91584,5,5
3537001,"35",0.0448,3,3
3537003,"35",0.231698862533693,4,4
3537013,"35",-0.231680767213708,2,2
3537016,"35",-0.125088996512066,2,2
3537028,"35",-0.283266240010202,2,1
3537034,"35",-0.422560623147214,1,1
3537039,"35",0.441897077073808,4,4
3537048,"35",-0.312465927038627,1,1
3537064,"35",-0.393797436525612,1,1
3538003,"35",-0.296193509789208,2,1
3538007,"35",-0.192086148373984,2,2
3538015,"35",-0.182424209410767,2,2
3538016,"35",-0.339900396460177,1,1
3538018,"35",-0.35349,1,1
3538019,"35",-0.134536283053384,2,2
3538025,"35",0.88558,5,5
3538030,"35",0.0618288581463794,3,3
3538031,"35",-0.215661663212435,2,2
3538035,"35",-0.516260724602792,1,1
3538040,"35",-0.0482801818794207,3,2
3538043,"35",-0.14164572370228,2,2
3538056,"35",1.10802,5,5
3539002,"35",-0.07397,3,2
3539005,"35",-0.0365558068895299,3,2
3539015,"35",-0.210747125068131,2,2
3539018,"35",0.82865,5,5
3539027,"35",-0.463511108726752,1,1
3539033,"35",-0.632278521766695,1,1
3539036,"35",0.216588467445925,4,4
3539041,"35",-0.338138102108768,1,1
3539047,"35",-0.550510159415477,1,1
3539060,"35",-0.465179186619718,1,1
3540005,"35",-0.0135075713008049,3,3
3540010,"35",-0.244344111405836,2,2
3540025,"35",-0.140442433645339,2,2
3540028,"35",0.12717665905342,3,3
3540040,"35",-0.203598800462574,2,2
3540046,"35",-0.170376301606922,2,2
3540050,"35",-0.314078877437326,1,1
3540055,"35",0.0423399089469517,3,3
3540063,"35",-0.119113042148198,2,2
3541004,"35",-0.260655222789116,2,1
3541015,"35",-0.152951402304804,2,2
3541024,"35",-0.283741995435279,2,1
3541032,"35",-0.210449518601799,2,2
3541043,"35",-0.0269078808042818,3,2
3541045,"35",-0.268147983404576,2,1
3541055,"35",0.0685047693828245,3,3
3541057,"35",1.1938,5,5
3541060,"35",1.3211,5,5
3541069,"35",-0.000873315168029065,3,3
3542004,"35",-0.113949935267687,2,2
3542005,"35",-0.0127992691601652,3,3
3542015,"35",-0.0921593016116654,2,2
3542029,"35",0.170042348437304,4,3
3542037,"35",-0.0604032259887006,3,2
3542045,"35",-0.222106811501597,2,2
3542047,"35",0.00571498650413582,3,3
3542053,"35",-0.282342667567568,2,1
3542059,"35",0.419403467980751,4,4
3543003,"35",-0.358331019201019,1,1
3543005,"35",-0.229265051977859,2,2
3543007,"35",-0.190672719805224,2,2
3543009,"35",-0.478269031381042,1,1
3543014,"35",-0.137142740671642,2,2
3543015,"35",-0.185915932354555,2,2
3543017,"35",-0.0997140158334487,2,2
3543019,"35",0.0380024795220198,3,3
3543021,"35",-0.225204797909408,2,2
3543023,"35",-0.37222534517965,1,1
3543031,"35",0.0948119309983475,3,3
3543042,"35",-0.0110093460687686,3,3
3543052,"35",0.391587149704904,4,4
3543064,"35",0.180440525701874,4,4
3543068,"35",-0.0104581798550054,3,3
3543069,"35",0.93323,5,5
3543071,"35",0.0956426039130827,3,3
3543072,"35",0.241184592636697,4,4
3543074,"35",0.396805537969355,4,4
3544002,"35",0.213946358306685,4,4
3544018,"35",-0.0825632684195319,2,2
3544027,"35",-0.110815655759511,2,2
3544042,"35",-0.0523006629782002,3,2
3544053,"35",-0.0643150326711971,3,2
3544065,"35",0.0505165387968614,3,3
3546005,"35",0.555511699738903,5,4
3546015,"35",0.0545571424472816,3,3
3546018,"35",0.0232442503863988,3,3
3546024,"35",0.0192723851294904,3,3
3547002,"35",0.123964530065427,3,3
3547003,"35",-0.331393925701489,1,1
3547008,"35",0.104130803072626,3,3
3547020,"35",0.402030193298969,4,4
3547030,"35",0.207754125286478,4,4
3547033,"35",0.129629045643154,3,3
3547035,"35",0.215249214982042,4,4
3547037,"35",0.93441,5,5
3547043,"35",-0.269153409015025,2,1
3547046,"35",-0.164528783783784,2,2
3547048,"35",0.545959879120879,4,4
3547056,"35",-0.132448041522491,2,2
3547064,"35",0.512381795460874,4,4
3547070,"35",0.0468887270973963,3,3
3547075,"35",-0.245539132275132,2,2
3547076,"35",-0.39902923623348,1,1
3547090,"35",-0.283564831889081,2,1
3547096,"35",-0.114926246706587,2,2
3547098,"35",0.43543,4,4
3548001,"35",0.6671136492891,5,4
3548013,"35",0.113245682281059,3,3
3548019,"35",0.67004,5,5
3548021,"35",0.865829292929293,5,5
3548022,"35",0.11389,3,3
3548027,"35",0.0754024417520969,3,3
3548031,"35",0.178755190548781,4,4
3548034,"35",-0.271709086130206,2,1
3548044,"35",0.233245430291292,4,4
3548055,"35",0.335959033033445,4,4
3548069,"35",0.49427,4,4
3548073,"35",0.4757,4,4
3548091,"35",0.06773,3,3
3548094,"35",0.0288068321810182,3,3
3549003,"35",-0.160765367424242,2,2
3549012,"35",0.358077056229327,4,4
3549014,"35",0.0184184490566038,3,3
3549018,"35",0.07163,3,3
3549019,"35",0.248822453735435,4,4
3549022,"35",0.545285600835946,4,4
3549024,"35",0.09472,3,3
3549028,"35",0.0137461945031713,3,3
3549031,"35",-0.252563695335277,2,1
3549032,"35",0.469559991277802,4,4
3549036,"35",-0.25581601609658,2,1
3549039,"35",0.23549071627907,4,4
3549043,"35",0.370552019395322,4,4
3549046,"35",0.315671104725415,4,4
3549048,"35",0.261157004264392,4,4
3549051,"35",0.35517,4,4
3549054,"35",-0.0691440866873065,3,2
3549056,"35",0.946372779291553,5,5
3549060,"35",0.0341244650328751,3,3
3549066,"35",-0.25026299445005,2,1
3549071,"35",-0.0298035048049746,3,2
3549072,"35",1.31446,5,5
3549073,"35",1.03775,5,5
3549076,"35",0.93669,5,5
3549077,"35",0.5776,5,4
3549078,"35",1.73386,5,5
3549095,"35",0.3479,4,4
3549096,"35",0.408672953722334,4,4
3551001,"35",0.51373,4,4
3551006,"35",0.19198629082774,4,4
3551011,"35",-0.113079861111111,2,2
3551017,"35",-0.0278937296478607,3,2
3551021,"35",0.17298,4,3
3551026,"35",0.131563737623762,3,3
3551027,"35",0.24622,4,4
3551028,"35",0.09912,3,3
3551040,"35",0.77146,5,5
3551041,"35",0.98251,5,5
3551042,"35",1.24598,5,5
3551043,"35",1.10456154325513,5,5
3551044,"35",1.0512,5,5
3551045,"35",1.1127,5,5
3551094,"35",0.64857,5,4
3552001,"35",0.197669837340877,4,4
3552004,"35",0.352486831245394,4,4
3552013,"35",0.177323253323486,4,4
3552023,"35",0.432615903614458,4,4
3552026,"35",0.182858464802314,4,4
3552028,"35",0.04131,3,3
3552031,"35",-0.24859,2,2
3552036,"35",0.32957,4,4
3552051,"35",0.30879,4,4
3552052,"35",1.3269,5,5
3552054,"35",2.16481,5,5
3552056,"35",0.11454,3,3
3552092,"35",-0.0479904428424305,3,2
3552093,"35",0.113647532736044,3,3
3553005,"35",-0.0144250288547264,3,3
3553040,"35",0.44609,4,4
3554001,"35",0.03073,3,3
3554006,"35",0.29996,4,4
3554008,"35",0.786548432760364,5,5
3554014,"35",-0.29788,2,1
3554020,"35",0.0986071507162134,3,3
3554021,"35",-0.02944,3,2
3554024,"35",-0.10442,2,2
3554026,"35",0.02603,3,3
3554029,"35",0.21321,4,4
3554032,"35",0.95934,5,5
3554034,"35",0.45301,4,4
3554036,"35",0.154714395329441,3,3
3554038,"35",0.66868,5,5
3554042,"35",0.13207,3,3
3554044,"35",-0.10448,2,2
3554049,"35",-0.10937,2,2
3554052,"35",0.261693633841886,4,4
3554054,"35",0.42509,4,4
3554056,"35",0.17521,4,3
3554057,"35",0.69888,5,5
3554058,"35",0.44540609671848,4,4
3554062,"35",0.370408389261745,4,4
3554066,"35",0.83928,5,5
3554068,"35",0.509250236129032,4,4
3554094,"35",-0.0178492585669782,3,2
3556014,"35",0.174742204510109,4,3
3556027,"35",0.0356676517195285,3,3
3556031,"35",0.299541115889543,4,4
3556033,"35",1.54666,5,5
3556042,"35",0.0833651131725418,3,3
3556048,"35",0.237848891666667,4,4
3556052,"35",0.27253,4,4
3556056,"35",0.111789066551426,3,3
3556066,"35",0.139163665135907,3,3
3556070,"35",-0.0622924042272127,3,2
3556073,"35",0.84907,5,5
3556076,"35",-0.154993354192741,2,2
3556077,"35",0.457485756457565,4,4
3556092,"35",0.261806103692066,4,4
3556093,"35",0.97626064516129,5,5
3556094,"35",0.797544302325581,5,5
3556102,"35",0.75023,5,5
3556106,"35",0.330864556878307,4,4
3557001,"35",0.1745,4,3
3557004,"35",0.10221,3,3
3557006,"35",0.08624,3,3
3557008,"35",0.0785923141654979,3,3
3557011,"35",-0.257192595896521,2,1
3557014,"35",-0.37553,1,1
3557016,"35",0.09197,3,3
3557019,"35",0.51368,4,4
3557021,"35",0.59815,5,4
3557026,"35",1.0753,5,5
3557028,"35",0.4572425,4,4
3557035,"35",0.412908962365591,4,4
3557038,"35",0.40888507597896,4,4
3557039,"35",1.3180316119403,5,5
3557040,"35",0.1588,3,3
3557041,"35",0.947328085648962,5,5
3557051,"35",-0.236969721485411,2,2
3557061,"35",0.157898014600769,3,3
3557066,"35",-0.43262,1,1
3557071,"35",1.36352,5,5
3557072,"35",1.20636,5,5
3557073,"35",0.64425,5,4
3557074,"35",0.98145,5,5
3557076,"35",-0.00431058780036968,3,3
3557078,"35",0.94165,5,5
3557079,"35",-0.0158217708333333,3,3
3557091,"35",0.0952152603231598,3,3
3557095,"35",0.159485348640891,3,3
3557096,"35",-0.110498553719008,2,2
3558001,"35",-0.300416207050424,2,1
3558003,"35",1.01531,5,5
3558004,"35",0.101084611688395,3,3
3558011,"35",-0.360023438276719,1,1
3558012,"35",-0.03412,3,2
3558016,"35",-0.5536,1,1
3558019,"35",-0.30527,1,1
3558028,"35",-0.357886365876193,1,1
3558034,"35",0.12012,3,3
3558041,"35",0.0476125586592179,3,3
3558044,"35",0.194664154786151,4,4
3558051,"35",-0.0333770548604427,3,2
3558054,"35",0.110822205497382,3,3
3558059,"35",-0.181198690248566,2,2
3558060,"35",1.50007,5,5
3558061,"35",1.09167415841584,5,5
3558062,"35",0.55815,5,4
3558063,"35",0.73137,5,5
3558064,"35",0.63728,5,4
3558066,"35",0.264217922998987,4,4
3558067,"35",1.7258,5,5
3558068,"35",1.01936,5,5
3558069,"35",1.98496,5,5
3558075,"35",0.206325894639127,4,4
3558076,"35",1.42026,5,5
3558080,"35",1.45623,5,5
3558085,"35",2.60143,5,5
3558090,"35",0.0769999405240315,3,3
3558097,"35",1.51436,5,5
3559001,"35",0.217569212717638,4,4
3559011,"35",-0.277885995807128,2,1
3559012,"35",-0.0375669729440129,3,2
3559016,"35",-0.395281878172589,1,1
3559019,"35",-0.341502176079734,1,1
3559024,"35",-0.330296513761468,1,1
3559026,"35",1.28446,5,5
3559031,"35",-0.13568,2,2
3559040,"35",-0.34658,1,1
3559042,"35",0.325695558510638,4,4
3559047,"35",-0.02413,3,2
3559051,"35",1.27842,5,5
3559053,"35",0.6897,5,5
3559060,"35",1.27509,5,5
3559061,"35",0.6554,5,4
3559063,"35",0.68608,5,5
3559064,"35",0.66297,5,4
3559066,"35",1.78966,5,5
3559068,"35",1.04696,5,5
3559090,"35",-0.311755340829234,1,1
3560001,"35",0.268199950248756,4,4
3560004,"35",1.4275,5,5
3560005,"35",0.92025,5,5
3560008,"35",0.04668,3,3
3560010,"35",-0.0593156918554153,3,2
3560021,"35",0.227742885375494,4,4
3560024,"35",0.86553,5,5
3560027,"35",0.0256371034109366,3,3
3560032,"35",0.0989155411255411,3,3
3560034,"35",-0.162928581948964,2,2
3560042,"35",-0.329963583292623,1,1
3560049,"35",1.09831,5,5
3560051,"35",1.45325,5,5
3560052,"35",1.9277,5,5
3560053,"35",1.65121,5,5
3560054,"35",1.62343,5,5
3560055,"35",2.20911,5,5
3560056,"35",1.12199,5,5
3560057,"35",0.82172,5,5
3560058,"35",1.74423,5,5
3560059,"35",1.35625,5,5
3560060,"35",1.17502,5,5
3560061,"35",1.50394,5,5
3560063,"35",1.1238,5,5
3560064,"35",1.03262,5,5
3560066,"35",0.73504,5,5
3560067,"35",1.12633,5,5
3560068,"35",1.13349,5,5
3560069,"35",0.90804,5,5
3560070,"35",1.64162,5,5
3560071,"35",1.55297,5,5
3560075,"35",1.62095,5,5
3560076,"35",0.98625,5,5
3560079,"35",1.3597,5,5
3560080,"35",1.73265,5,5
3560082,"35",0.87442,5,5
3560083,"35",1.53442,5,5
3560084,"35",0.24585,4,4
3560085,"35",0.94403,5,5
3560086,"35",1.4326,5,5
3560088,"35",1.36941,5,5
3560089,"35",1.09175,5,5
3560090,"35",-0.105835823853843,2,2
3560093,"35",1.44195,5,5
3560095,"35",1.38898,5,5
3560096,"35",1.22871,5,5
3560098,"35",1.13224,5,5
3560104,"35",1.14765,5,5
4601035,"46",0.359271819757366,4,4
4601039,"46",0.351665187194791,4,3
4601043,"46",0.0374948511904762,3,3
4601046,"46",0.0523908895705521,3,3
4601051,"46",-0.177865994865212,2,2
4601057,"46",0.0012414931237721,3,3
4601060,"46",0.246963214285714,4,3
4601070,"46",-0.03903,3,2
4601071,"46",0.164289032174364,4,3
4601075,"46",0.580181234866828,5,4
4601078,"46",0.09094,3,3
4601094,"46",-0.12332,2,2
4602024,"46",0.0666415551908084,3,3
4602026,"46",1.98867,5,5
4602027,"46",1.70217,5,5
4602032,"46",-0.0766222843287392,3,2
4602037,"46",0.243578789272031,4,3
4602041,"46",-0.196013197606877,2,2
4602044,"46",0.120175270133663,3,3
4602046,"46",-0.364068521943837,1,1
4602053,"46",-0.0951746840148699,2,2
4602057,"46",-0.100517535816619,2,2
4602061,"46",0.210263967485299,4,3
4602069,"46",-0.420358348439074,1,1
4602075,"46",-0.457531424554827,1,1
4603030,"46",-0.0834215336463224,2,2
4603040,"46",-0.0462589547691587,3,2
4603041,"46",-0.173466401443547,2,2
4603047,"46",-0.283415844560739,2,1
4603050,"46",0.120609551109494,3,3
4603053,"46",0.101543952059623,3,3
4603058,"46",-0.187887984189723,2,2
4603062,"46",-0.378885502183406,1,1
4603065,"46",-0.3646925680551,1,1
4603067,"46",0.143609012658228,3,3
4603072,"46",-0.335031639795517,1,1
4603074,"46",-0.0225215061014772,3,2
4604034,"46",-0.170714131338321,2,2
4604040,"46",-0.128508004938272,2,2
4604052,"46",-0.157421616766467,2,2
4604057,"46",-0.301136740442656,2,1
4604064,"46",-0.362755464876033,1,1
4605025,"46",-0.04337803125,3,2
4605032,"46",-0.265682607189259,2,1
4605038,"46",-0.256306617050068,2,1
4605044,"46",-0.187552615384615,2,2
4605052,"46",-0.082123227665706,2,2
4605056,"46",-0.383877669642857,1,1
4605062,"46",-0.00689612128869235,3,2
4605071,"46",-0.101265409230769,2,2
4606016,"46",-0.123562615012107,2,2
4606023,"46",-0.171133628691983,2,2
4606029,"46",1.49109,5,5
4606031,"46",-0.491884148471616,1,1
4606034,"46",0.0330385728030789,3,3
4606040,"46",1.26501963103122,5,5
4607039,"46",-0.343755796972395,1,1
4607046,"46",-0.28503401592719,2,1
4607052,"46",0.0317787043580683,3,3
4607057,"46",-0.468606736152472,1,1
4607060,"46",-0.418062985989492,1,1
4607062,"46",0.0630792571083351,3,3
4607066,"46",-0.40596762537363,1,1
4607068,"46",0.0785332398239824,3,3
4607071,"46",-0.549550705329154,1,1
4607076,"46",-0.121235047143649,2,2
4608032,"46",-0.225740169491525,2,2
4608042,"46",-0.167604739057239,2,2
4608046,"46",-0.274975453384419,2,1
4608055,"46",-0.0282936363636364,3,2
4608060,"46",-0.0253830675221509,3,2
4608069,"46",1.74024364511162,5,5
4609018,"46",-0.162068375049662,2,2
4609024,"46",-0.296370768002323,2,1
4609025,"46",1.63326762546816,5,5
4609026,"46",1.73983,5,5
4609027,"46",1.88183911504425,5,5
4609029,"46",0.280019638281839,4,3
4610035,"46",-0.756347158866995,1,1
4610043,"46",-0.430969366028708,1,1
4610052,"46",-0.445723077984817,1,1
4611040,"46",0.0957089565493647,3,3
4611042,"46",-0.703006668205957,1,1
4612047,"46",-0.498797308883658,1,1
4612054,"46",-0.247222513852974,2,2
4612056,"46",0.157139491986695,3,3
4613032,"46",-0.71112666940874,1,1
4613037,"46",-0.439983349296618,1,1
4613043,"46",-0.41375078222298,1,1
4613047,"46",0.519662304836253,4,4
4613049,"46",0.29565,4,3
4613056,"46",-0.229593718037319,2,2
4613062,"46",1.06937,5,4
4614015,"46",-0.252395456692913,2,2
4614031,"46",-0.324154651040295,1,1
4614036,"46",-0.416455917061611,1,1
4614039,"46",-0.299318923900119,2,1
4614042,"46",-0.0170709197324415,3,2
4615020,"46",0.029216072119613,3,3
4615032,"46",-0.146805414937759,2,2
4615037,"46",-0.134238492706645,2,2
4615042,"46",1.87345,5,5
4615047,"46",-0.31448844765343,1,1
4615056,"46",-0.321950962517353,1,1
4615063,"46",0.0356173275393808,3,3
4615067,"46",0.99259,5,4
4615070,"46",-0.0825698812095032,2,2
4615071,"46",0.69943,5,4
4615074,"46",-0.479080927743087,1,1
4615075,"46",0.0829988909157242,3,3
4615078,"46",0.0701616141732283,3,3
4615092,"46",0.173857065217391,4,3
4616005,"46",-0.122429475847893,2,2
4616017,"46",1.41438936834634,5,5
4616020,"46",-0.423924909847434,1,1
4616025,"46",1.08699,5,4
4616030,"46",-0.113743285824345,2,2
4616046,"46",1.17794,5,4
4616048,"46",0.116946008416963,3,3
4617026,"46",0.670190438016529,5,4
4617029,"46",1.35377940298507,5,5
4617035,"46",-0.0296178877005348,3,2
4617041,"46",0.542469069767442,4,4
4617048,"46",-0.400597411048689,1,1
4617050,"46",0.388682490439771,4,4
4617054,"46",0.441996690140845,4,4
4617058,"46",0.257329915433404,4,3
4617064,"46",0.486018703703704,4,4
4617072,"46",1.13340124137931,5,4
4617075,"46",-0.051090455311973,3,2
4617092,"46",-0.54975,1,1
4618031,"46",0.115597740904247,3,3
4618034,"46",0.544560159833217,4,4
4618037,"46",0.0833414489069649,3,3
4618040,"46",0.638978210116732,5,4
4618044,"46",-0.00327563594821021,3,3
4618055,"46",1.72944,5,5
4618056,"46",0.296652975763016,4,3
4618060,"46",0.150029389671362,3,3
4618061,"46",1.73804,5,5
4618063,"46",1.52106,5,5
4618067,"46",1.14587,5,4
4618068,"46",0.174596926829268,4,3
4618074,"46",0.075935324472244,3,3
4618076,"46",0.0651120090361446,3,3
4618091,"46",0.37979,4,4
4619045,"46",0.741870288834097,5,4
4619050,"46",1.55683026328162,5,5
4619052,"46",1.63979,5,5
4619053,"46",1.02217,5,4
4619054,"46",1.77182,5,5
4619056,"46",1.09676235334714,5,4
4619058,"46",0.8581,5,4
4619059,"46",1.207395073698,5,4
4619061,"46",1.62398,5,5
4619062,"46",1.2328,5,4
4619065,"46",2.11627,5,5
4619068,"46",1.38741,5,5
4619069,"46",1.15909,5,4
4619070,"46",1.11432,5,4
4619072,"46",1.29213,5,5
4619077,"46",1.33763592592593,5,5
4620032,"46",0.38328,4,4
4620042,"46",-0.257729119246104,2,1
4620048,"46",0.364039456655964,4,4
4620051,"46",-0.0786008758664146,2,2
4620055,"46",0.558360167597765,5,4
4620060,"46",2.1267,5,5
4621027,"46",1.44899,5,5
4621029,"46",1.43409360759494,5,5
4621033,"46",0.75654,5,4
4621040,"46",0.39868,4,4
4621043,"46",1.0779237208238,5,4
4621045,"46",0.257136902560455,4,3
4621052,"46",-0.000404380469829552,3,3
4621058,"46",1.85112,5,5
4621064,"46",0.010971967611336,3,3
4621071,"46",-0.393608069852941,1,1
4621078,"46",-0.0331424372469636,3,2
4622026,"46",0.209850518261418,4,3
4622045,"46",1.57393,5,5
4622046,"46",0.902508020351526,5,4
4622049,"46",1.29537101683502,5,5
4622051,"46",1.48379427345845,5,5
4622052,"46",1.72517,5,5
4622055,"46",1.74051,5,5
4622056,"46",1.42519,5,5
4622058,"46",1.28915896916966,5,5
4622059,"46",1.16887021276596,5,4
4622063,"46",1.45937,5,5
4622064,"46",0.35332,4,4
4622065,"46",0.72468,5,4
4622067,"46",1.33696486238532,5,5
4622801,"46",1.46853935616037,5,5
4622802,"46",0.37343,4,4
4623022,"46",-0.345003733862959,1,1
4623023,"46",1.37407,5,5
4623027,"46",1.08973,5,4
4623034,"46",1.12151643874644,5,4
4623037,"46",1.41943,5,5
4623040,"46",2.05229,5,5
4623047,"46",1.09642,5,4
4623056,"46",0.364524712643678,4,4
4623067,"46",1.54093,5,5
4701001,"47",-0.48699,1,1
4701002,"47",0.51244,4,5
4701004,"47",-0.09689,2,3
4701006,"47",-0.2095,2,3
4701008,"47",-0.4650736,1,2
4701011,"47",-0.67871,1,1
4701012,"47",-0.49414,1,1
4701014,"47",-0.31409300155521,1,2
4701016,"47",-0.64671,1,1
4701017,"47",-0.47287,1,2
4701018,"47",-0.04219,3,3
4701019,"47",-0.17354,2,3
4701021,"47",-0.107961886227545,2,3
4701022,"47",-0.576401845191556,1,1
4701024,"47",-0.279509589899548,2,2
4701027,"47",-0.67705,1,1
4701031,"47",-0.46461,1,2
4701032,"47",-0.1975,2,3
4701036,"47",-0.67328,1,1
4701037,"47",-0.11502,2,3
4701039,"47",-0.63175,1,1
4701041,"47",-0.21503,2,3
4701043,"47",-0.7906,1,1
4701044,"47",-1.38929,1,1
4701047,"47",-0.80364,1,1
4701049,"47",-0.00438916666666671,3,4
4701053,"47",-0.2691,2,2
4701054,"47",0.25791,4,4
4701056,"47",-0.423175833333333,1,2
4701058,"47",-0.39692,1,2
4701059,"47",-0.36949,1,2
4701061,"47",-0.31916,1,2
4701063,"47",-0.64503,1,1
4701066,"47",0.09847,3,4
4701069,"47",-0.391,1,2
4701072,"47",-0.211,2,3
4701076,"47",-0.41776,1,2
4701077,"47",-0.20705,2,3
4701078,"47",0.23991,4,4
4701079,"47",-0.80528,1,1
4701091,"47",-0.34939,1,2
4701094,"47",-0.2522,2,2
4701096,"47",-0.48905,1,1
4701808,"47",1.08371,5,5
4701809,"47",1.49512,5,5
4701819,"47",0.85308,5,5
4702001,"47",-0.29097,2,2
4702002,"47",-0.13619,2,3
4702006,"47",-0.7377,1,1
4702011,"47",-0.51534,1,1
4702014,"47",-0.12868,2,3
4702016,"47",-0.28316,2,2
4702018,"47",-0.3251,1,2
4702023,"47",0.38865,4,4
4702024,"47",-0.33457,1,2
4702026,"47",-0.44008,1,2
4702028,"47",0.09878,3,4
4702029,"47",-0.78165,1,1
4702031,"47",-0.26123,2,2
4702033,"47",-0.3236,1,2
4702037,"47",-0.56946,1,1
4702038,"47",0.07783,3,4
4702039,"47",-0.16255,2,3
4702041,"47",0.22169,4,4
4702042,"47",-0.56836,1,1
4702044,"47",-0.62547523118767,1,1
4702047,"47",-0.135298204011253,2,3
4702048,"47",-0.43882,1,2
4702051,"47",-0.23048,2,3
4702052,"47",-0.17556,2,3
4702054,"47",0.08949,3,4
4702057,"47",-0.26664,2,2
4702058,"47",-0.09293,2,3
4702061,"47",-0.03027,3,3
4702062,"47",-0.82376,1,1
4702066,"47",-0.52158,1,1
4702067,"47",-0.27061,2,2
4702069,"47",-0.77142,1,1
4702071,"47",0.02589,3,4
4702072,"47",-0.34693,1,2
4702073,"47",-0.71066,1,1
4702076,"47",-0.61975,1,1
4702078,"47",0.04324,3,4
4702079,"47",0.00599,3,4
4703001,"47",-0.81925,1,1
4703004,"47",-0.217455882352941,2,3
4703006,"47",-0.48892,1,1
4703009,"47",0.09614,3,4
4703011,"47",-0.2347,2,3
4703016,"47",-0.08108,2,3
4703018,"47",-0.36687,1,2
4703019,"47",0.44759,4,4
4703022,"47",-0.77288,1,1
4703026,"47",-0.16708,2,3
4703028,"47",0.52553,4,5
4703029,"47",0.0981,3,4
4703034,"47",-0.21366,2,3
4703036,"47",0.0289891513073296,3,4
4703038,"47",-0.51343,1,1
4703041,"47",-0.05735,3,3
4703042,"47",-0.32693,1,2
4703044,"47",0.37668,4,4
4703048,"47",-0.59162,1,1
4703051,"47",0.43695,4,4
4703052,"47",-0.01142,3,3
4703054,"47",-0.4793,1,2
4703058,"47",0.33499,4,4
4703059,"47",-0.21511,2,3
4703061,"47",0.06446,3,4
4703062,"47",-0.297,2,2
4703064,"47",-0.67836,1,1
4703068,"47",-0.62091,1,1
4703071,"47",-0.271488012170385,2,2
4703074,"47",-0.16606,2,3
4703092,"47",-0.17712,2,3
4703093,"47",-0.49815,1,1
4703096,"47",-0.2699,2,2
4704002,"47",-0.19928,2,3
4704003,"47",-0.65223,1,1
4704006,"47",-0.71606,1,1
4704009,"47",0.43335,4,4
4704011,"47",-0.64589,1,1
4704012,"47",0.1275,3,4
4704019,"47",-0.37742,1,2
4704024,"47",-0.88209,1,1
4704026,"47",-0.21651,2,3
4704028,"47",-0.33033,1,2
4704029,"47",0.24855,4,4
4704034,"47",-0.56118,1,1
4704036,"47",-0.162265173766816,2,3
4704038,"47",0.28519,4,4
4704045,"47",-0.473081216795201,1,2
4704048,"47",0.0337467693014706,3,4
4704050,"47",-0.3533,1,2
4704054,"47",-0.72074,1,1
4704058,"47",-0.42536,1,2
4704061,"47",-0.59134,1,1
4704802,"47",1.13826,5,5
4705001,"47",-0.717605896487985,1,1
4705002,"47",0.19737,4,4
4705004,"47",-0.186476740684983,2,3
4705007,"47",-0.32394,1,2
4705009,"47",-0.53684,1,1
4705011,"47",-0.72016,1,1
4705014,"47",-0.43115,1,2
4705016,"47",0.00277282527881039,3,4
4705018,"47",-0.44697,1,2
4705019,"47",-0.27505,2,2
4705021,"47",0.14484,3,4
4705024,"47",0.145557183098592,3,4
4705027,"47",-0.43403,1,2
4705028,"47",-0.40681,1,2
4705029,"47",0.192613597733711,4,4
4705031,"47",0.35918,4,4
4705033,"47",-0.31635,1,2
4705034,"47",-0.0315863877118644,3,3
4705037,"47",-0.8177,1,1
4705038,"47",-0.382226197975253,1,2
4705041,"47",-0.43754,1,2
4705042,"47",-0.49808,1,1
4705043,"47",-0.68969,1,1
4705044,"47",0.46208,4,4
4705047,"47",-0.52393,1,1
4705048,"47",-0.16648013029316,2,3
4705051,"47",-0.442821499312242,1,2
4705052,"47",-0.274049317697228,2,2
4705055,"47",-0.54287,1,1
4705056,"47",-0.03289,3,3
4705057,"47",-0.45957,1,2
4705058,"47",0.88554,5,5
4705059,"47",0.14652,3,4
4705062,"47",0.56753,5,5
4705063,"47",-0.1925,2,3
4705064,"47",0.5751,5,5
4705066,"47",-0.18062,2,3
4705067,"47",-0.40198,1,2
4705071,"47",0.92352,5,5
4705073,"47",-0.476127953539823,1,2
4705074,"47",0.101694961050523,3,4
4705077,"47",-0.402005531628533,1,2
4705078,"47",0.186,4,4
4705079,"47",0.03643,3,4
4705093,"47",-0.698998116438356,1,1
4705094,"47",-0.395910369515012,1,2
4705803,"47",0.94757,5,5
4705804,"47",0.94632,5,5
4705805,"47",0.90755,5,5
4705806,"47",1.1917,5,5
4705807,"47",-0.29667,2,2
4705808,"47",1.78897,5,5
4706001,"47",-0.52056,1,1
4706002,"47",-0.0198,3,3
4706003,"47",1.154,5,5
4706004,"47",-0.71701,1,1
4706006,"47",0.29714,4,4
4706007,"47",-0.56834,1,1
4706008,"47",-0.49586,1,1
4706009,"47",-0.13025,2,3
4706011,"47",-0.47518821319797,1,2
4706013,"47",-0.63918,1,1
4706014,"47",-0.62567,1,1
4706016,"47",-0.73729,1,1
4706017,"47",-0.28193,2,2
4706018,"47",-0.36818,1,2
4706019,"47",0.39293,4,4
4706021,"47",-0.67259,1,1
4706022,"47",-0.68655,1,1
4706023,"47",-0.62638,1,1
4706026,"47",-0.65402266611977,1,1
4706027,"47",-0.00727000812742387,3,4
4706028,"47",-0.42771,1,2
4706029,"47",-0.799233978904847,1,1
4706030,"47",-0.972938589951378,1,1
4706031,"47",-0.471088574677786,1,2
4706032,"47",-0.713892141230068,1,1
4706033,"47",-0.87826,1,1
4706034,"47",-0.405619008935825,1,2
4706036,"47",0.03509,3,4
4706037,"47",-0.07504,3,3
4706038,"47",-0.59602,1,1
4706039,"47",-0.0302465509989485,3,3
4706041,"47",0.72294,5,5
4706042,"47",-0.17607,2,3
4706045,"47",-0.39784,1,2
4706046,"47",0.42983,4,4
4706047,"47",0.37987,4,4
4706048,"47",-0.467611666666667,1,2
4706049,"47",0.58799,5,5
4706050,"47",-0.30826,1,2
4706051,"47",0.403814401622718,4,4
4706052,"47",-0.13052,2,3
4706053,"47",-0.822308114837398,1,1
4706054,"47",0.12188,3,4
4706055,"47",-0.46026,1,2
4706056,"47",-0.457401294444444,1,2
4706057,"47",-0.73242,1,1
4706058,"47",-0.147957430340557,2,3
4706059,"47",-0.69034,1,1
4706060,"47",-0.50562,1,1
4706061,"47",-0.01565,3,3
4706063,"47",-0.74499,1,1
4706064,"47",-0.00149,3,4
4706065,"47",-0.26095,2,2
4706067,"47",-0.02804,3,3
4706068,"47",-0.37534,1,2
4706069,"47",-0.22297,2,3
4706070,"47",-0.742727965328467,1,1
4706071,"47",-0.54942,1,1
4706072,"47",-0.55078,1,1
4706073,"47",-0.43826,1,2
4706074,"47",0.21651,4,4
4706075,"47",-0.39048,1,2
4706077,"47",-0.00728,3,3
4706078,"47",0.06135,3,4
4706079,"47",0.33182,4,4
4706080,"47",0.15404,3,4
4706081,"47",-0.32151,1,2
4706091,"47",-0.66576,1,1
4706092,"47",-0.2846,2,2
4706094,"47",-0.1334,2,3
4706096,"47",-0.15641,2,3
4706097,"47",0.28219,4,4
4706098,"47",0.3905,4,4
4706099,"47",-0.25086,2,3
4706809,"47",1.26702,5,5
4706810,"47",1.07846,5,5
4706811,"47",0.77809,5,5
4706812,"47",1.08873,5,5
4706813,"47",0.88894,5,5
4706814,"47",1.69146,5,5
4706815,"47",1.08725,5,5
4706816,"47",1.23206,5,5
4706818,"47",1.72739,5,5
4706820,"47",0.73924,5,5
4707001,"47",-0.53939,1,1
4707004,"47",0.26269,4,4
4707006,"47",-0.7542,1,1
4707011,"47",-0.06007,3,3
4707014,"47",-0.72217,1,1
4707016,"47",-0.27589,2,2
4707018,"47",-0.58349,1,1
4707020,"47",-0.27794,2,2
4707021,"47",-0.446247326732673,1,2
4707022,"47",-0.16049,2,3
4707023,"47",0.32957,4,4
4707024,"47",-0.63884,1,1
4707026,"47",0.0913144415584416,3,4
4707027,"47",0.45864,4,4
4707029,"47",-0.78517,1,1
4707031,"47",0.42946,4,4
4707032,"47",-0.27174,2,2
4707034,"47",0.48767,4,5
4707036,"47",-0.5397,1,1
4707037,"47",-0.217979961277832,2,3
4707038,"47",-0.493510513670257,1,1
4707039,"47",0.104819444229912,3,4
4707042,"47",-0.70539,1,1
4707043,"47",-0.45109,1,2
4707044,"47",-0.26186,2,2
4707045,"47",-0.5556,1,1
4707047,"47",-0.12084,2,3
4707048,"47",-0.03073,3,3
4707049,"47",-0.13069,2,3
4707051,"47",0.18817,4,4
4707053,"47",-0.67318,1,1
4707054,"47",0.2745,4,4
4707058,"47",-0.10684,2,3
4707059,"47",-0.12574,2,3
4707062,"47",-0.5989,1,1
4707063,"47",-0.69683,1,1
4707066,"47",-0.43655,1,2
4707067,"47",-0.32712,1,2
4707068,"47",-0.35775,1,2
4707071,"47",-0.1276,2,3
4707072,"47",0.18988,4,4
4707076,"47",-0.42276,1,2
4707077,"47",0.46749,4,5
4707091,"47",-0.23673,2,3
4707092,"47",-0.03537,3,3
4708001,"47",-0.459714060150376,1,2
4708004,"47",-0.128826494925373,2,3
4708006,"47",-0.591,1,1
4708008,"47",0.57562,5,5
4708009,"47",-0.49489,1,1
4708011,"47",-0.0422680616740088,3,3
4708012,"47",0.74338,5,5
4708016,"47",-1.03134,1,1
4708021,"47",-0.79236,1,1
4708022,"47",-0.23336,2,3
4708024,"47",-0.64448,1,1
4708026,"47",-0.19772,2,3
4708028,"47",-0.51437,1,1
4708029,"47",-0.09658,2,3
4708031,"47",-0.65849,1,1
4708032,"47",0.25206,4,4
4708034,"47",0.04839,3,4
4708038,"47",-0.51888,1,1
4708039,"47",-0.34942,1,2
4708042,"47",-0.54293,1,1
4708044,"47",0.23234,4,4
4708046,"47",-0.26167,2,2
4708048,"47",0.27224,4,4
4708049,"47",0.25784,4,4
4708053,"47",-0.39445,1,2
4708054,"47",-0.05881,3,3
4708056,"47",-0.53489,1,1
4708057,"47",-0.21783,2,3
4708058,"47",-0.316942849035187,1,2
4708061,"47",-0.60713,1,1
4708062,"47",-0.42365,1,2
4708065,"47",-0.71773,1,1
4708068,"47",-0.2577,2,2
4708071,"47",-0.4214,1,2
4708074,"47",-0.48452,1,2
4708076,"47",-0.198440740740741,2,3
4708092,"47",-0.53797,1,1
4708094,"47",-0.45483,1,2
4709001,"47",0.01292,3,4
4709002,"47",0.79822,5,5
4709006,"47",-0.538004420206659,1,1
4709009,"47",-0.0181,3,3
4709011,"47",-0.486288116567728,1,1
4709012,"47",-0.00531767199017199,3,4
4709014,"47",0.28976,4,4
4709016,"47",-0.0447,3,3
4709019,"47",-0.50273,1,1
4709023,"47",-0.17658,2,3
4709024,"47",0.18846,4,4
4709028,"47",0.08101,3,4
4709029,"47",-0.182638967741935,2,3
4709032,"47",0.395033303059273,4,4
4709033,"47",0.086711301369863,3,4
4709037,"47",-0.18713,2,3
4709038,"47",-0.28342,2,2
4709039,"47",0.400382788083193,4,4
4709042,"47",-0.08092,2,3
4709044,"47",0.77928,5,5
4709046,"47",-0.20853,2,3
4709049,"47",0.29991,4,4
4709053,"47",0.56186,5,5
4709054,"47",-0.2125,2,3
4709056,"47",0.39943,4,4
4709058,"47",-0.07431,3,3
4709060,"47",0.16422,4,4
4709061,"47",0.20588,4,4
4709062,"47",0.13628417184265,3,4
4709064,"47",0.194735442561205,4,4
4709065,"47",0.40232,4,4
4709066,"47",0.14809,3,4
4709067,"47",-0.213800903328051,2,3
4709069,"47",0.05377,3,4
4709071,"47",0.84036,5,5
4709072,"47",0.4969,4,5
4709075,"47",-0.08198,2,3
4709819,"47",1.49408,5,5
4709820,"47",1.56122,5,5
4709821,"47",1.9179,5,5
4710002,"47",0.77734,5,5
4710003,"47",-0.30441,1,2
4710004,"47",0.68523,5,5
4710008,"47",0.307457046632124,4,4
4710009,"47",0.65908,5,5
4710014,"47",0.331632439678284,4,4
4710022,"47",0.68848,5,5
4710024,"47",-0.5187231826742,1,1
4710027,"47",-0.38151,1,2
4710028,"47",1.04245,5,5
4710029,"47",1.48903,5,5
4710031,"47",-0.45525,1,2
4710036,"47",-0.39551,1,2
4710038,"47",0.284274615384615,4,4
4710041,"47",-0.2144,2,3
4710043,"47",0.22354,4,4
4710046,"47",-0.35272,1,2
4710047,"47",-0.146264321345708,2,3
4710052,"47",-0.59923,1,1
4710054,"47",1.28865,5,5
4710056,"47",-0.64042,1,1
4710058,"47",-0.24625,2,3
4710061,"47",-0.76332,1,1
4710062,"47",-0.0376397454031117,3,3
4710064,"47",0.49943,4,5
4710066,"47",-0.25361,2,2
4710068,"47",-0.0821204885736801,2,3
4710071,"47",-0.40347864698647,1,2
4710072,"47",1.4029,5,5
4710822,"47",1.87477,5,5
4710823,"47",1.54079,5,5
4710824,"47",0.72991,5,5
4710825,"47",1.61238,5,5
4710826,"47",1.15321,5,5
4711002,"47",0.07905,3,4
4711003,"47",-0.49135,1,1
4711004,"47",0.93583,5,5
4711006,"47",-0.55155,1,1
4711008,"47",0.24066,4,4
4711009,"47",-0.15736,2,3
4711011,"47",-0.52369,1,1
4711014,"47",-0.232774425287356,2,3
4711016,"47",-0.74528,1,1
4711018,"47",-0.61151,1,1
4711019,"47",-0.23947,2,3
4711021,"47",0.12627,3,4
4711022,"47",-0.23899,2,3
4711024,"47",0.44223,4,4
4711026,"47",-0.31401,1,2
4711027,"47",-0.0744356713856714,3,3
4711028,"47",0.074,3,4
4711031,"47",-0.79234,1,1
4711032,"47",0.07875,3,4
4711034,"47",-0.40497,1,2
4711036,"47",-0.49643,1,1
4711038,"47",-0.26201,2,2
4711039,"47",-0.45393,1,2
4711041,"47",0.93702,5,5
4711042,"47",-0.59509,1,1
4711044,"47",0.15322,3,4
4711046,"47",-0.16639,2,3
4711048,"47",0.30675,4,4
4711049,"47",-0.402516929518493,1,2
4711052,"47",-0.39859,1,2
4711053,"47",-0.211221368078176,2,3
4711054,"47",0.35506,4,4
4711056,"47",0.61577,5,5
4711059,"47",-0.39025,1,2
4711060,"47",-0.52152,1,1
4711061,"47",-0.699094930985245,1,1
4711063,"47",-0.19221,2,3
4711064,"47",-0.4228,1,2
4711065,"47",-0.542645546077001,1,1
4711066,"47",0.00222089239022886,3,4
4711067,"47",-0.241669927536232,2,3
4711068,"47",-0.504673384330461,1,1
4711069,"47",-0.303494621975806,1,2
4711070,"47",-0.544300923310266,1,1
4711071,"47",-0.04517,3,3
4711072,"47",-0.04169,3,3
4711073,"47",-0.455588799546999,1,2
4711075,"47",-0.442542821742606,1,2
4711076,"47",-0.35502,1,2
4711077,"47",-0.55892,1,1
4711078,"47",0.77816,5,5
4711079,"47",-0.22048,2,3
4711091,"47",-0.40167,1,2
4711092,"47",0.44702,4,4
4711094,"47",-0.20096,2,3
4711096,"47",-0.79984,1,1
4711828,"47",0.69186,5,5
4712001,"47",-0.66022,1,1
4712004,"47",-0.60932,1,1
4712006,"47",-0.16068178699641,2,3
4712008,"47",0.29908,4,4
4712011,"47",-0.29206,2,2
4712012,"47",-0.09826,2,3
4712016,"47",0.01836,3,4
4712019,"47",0.81974,5,5
4712020,"47",-0.55093,1,1
4712022,"47",0.13799,3,4
4712026,"47",-0.3951,1,2
4712029,"47",-0.31781,1,2
4712032,"47",0.18572,4,4
4712034,"47",-0.39184,1,2
4712038,"47",-0.83561,1,1
4712042,"47",-0.54241520754717,1,1
4712046,"47",-0.0156758134083451,3,3
4712050,"47",-0.48388,1,2
4712051,"47",-0.19182,2,3
4712054,"47",-0.35425729903537,1,2
4712056,"47",-0.19127666015625,2,3
4712058,"47",-0.16776,2,3
4712059,"47",0.09031,3,4
4712064,"47",0.15391,3,4
4712069,"47",-0.31669,1,2
4712072,"47",0.26201,4,4
4712078,"47",-0.313136034985423,1,2
4712079,"47",-0.142600020454545,2,3
4712829,"47",1.08255,5,5
4712830,"47",1.47613,5,5
4712832,"47",1.36875,5,5
4712833,"47",1.4382,5,5
4713002,"47",-0.13467,2,3
4713006,"47",-0.50625333000997,1,1
4713008,"47",-0.209047094372674,2,3
4713009,"47",-0.10206,2,3
4713011,"47",-0.104146184738956,2,3
4713014,"47",-0.26982,2,2
4713016,"47",-0.04872,3,3
4713019,"47",-0.99567,1,1
4713024,"47",-0.75919,1,1
4713026,"47",-0.01852,3,3
4713028,"47",-0.79747,1,1
4713029,"47",0.02803,3,4
4713031,"47",-0.60579,1,1
4713032,"47",-0.76242,1,1
4713038,"47",-0.78335,1,1
4713041,"47",-0.33806,1,2
4713042,"47",-0.00756851546391752,3,3
4713044,"47",-0.2362,2,3
4713046,"47",-0.8973,1,1
4713049,"47",-0.53899,1,1
4713051,"47",-0.297228243785084,2,2
4713054,"47",0.38023,4,4
4713056,"47",-0.29844,2,2
4713059,"47",-0.8778,1,1
4713062,"47",0.74806,5,5
4713064,"47",-0.68559,1,1
4713067,"47",-0.25199,2,2
4713068,"47",-0.72455,1,1
4713069,"47",-0.178001631799163,2,3
4713072,"47",-0.74057,1,1
4713074,"47",-0.27433016025641,2,2
4713076,"47",-0.79512,1,1
4713079,"47",-0.47941,1,2
4713091,"47",0.19951,4,4
4713092,"47",-0.01087,3,3
4713094,"47",0.2697,4,4
4713096,"47",-0.59736,1,1
4713098,"47",0.50625,4,5
4713835,"47",1.71025,5,5
4713836,"47",1.52615,5,5
4714001,"47",-0.0505169257641921,3,3
4714004,"47",0.0782592373485388,3,4
4714006,"47",-0.327229171195652,1,2
4714007,"47",0.0562941003671971,3,4
4714009,"47",1.08937,5,5
4714021,"47",-0.34908,1,2
4714022,"47",0.232037243047158,4,4
4714023,"47",-0.37612,1,2
4714024,"47",0.10103,3,4
4714026,"47",-0.28326,2,2
4714028,"47",0.14572,3,4
4714030,"47",0.00281,3,4
4714032,"47",-0.06884,3,3
4714034,"47",-0.03877,3,3
4714035,"47",-0.24793,2,3
4714036,"47",0.23781,4,4
4714038,"47",-0.127982450331126,2,3
4714041,"47",-0.03208,3,3
4714043,"47",-0.549411062146893,1,1
4714044,"47",-0.0649746185010128,3,3
4714047,"47",-0.393369420468557,1,2
4714049,"47",0.34876,4,4
4714051,"47",0.0271169571788413,3,4
4714053,"47",-0.380941508052709,1,2
4714056,"47",-0.2792,2,2
4714058,"47",0.45166,4,4
4714059,"47",-0.51995,1,1
4714061,"47",0.45009,4,4
4714062,"47",-0.15146,2,3
4714067,"47",-0.21952042462845,2,3
4714068,"47",-0.36815,1,2
4714069,"47",-0.0566944186046512,3,3
4714072,"47",-0.20231248434238,2,3
4714073,"47",-0.12497,2,3
4714074,"47",0.04582,3,4
4714076,"47",0.263835555798687,4,4
4714077,"47",-0.150656603773585,2,3
4714079,"47",0.76439,5,5
4714091,"47",-0.40015,1,2
4714092,"47",0.46204,4,4
4714093,"47",0.25034,4,4
4714839,"47",1.93431,5,5
4714840,"47",1.18546,5,5
4714841,"47",2.09341,5,5
4714842,"47",1.63391,5,5
4714843,"47",1.12287,5,5
4714845,"47",1.46716,5,5
4715001,"47",-0.525422323651452,1,1
4715002,"47",-0.57448,1,1
4715003,"47",-0.17889,2,3
4715004,"47",0.06264,3,4
4715005,"47",0.27127,4,4
4715006,"47",-0.66444,1,1
4715007,"47",-0.622633860561915,1,1
4715008,"47",-0.188105400298359,2,3
4715011,"47",-0.43435,1,2
4715012,"47",0.15099,3,4
4715014,"47",-0.42968,1,2
4715016,"47",0.97468,5,5
4715017,"47",-0.06818,3,3
4715018,"47",-0.800665934291581,1,1
4715019,"47",-0.30987,1,2
4715026,"47",-0.704529340490798,1,1
4715027,"47",-0.35385,1,2
4715028,"47",-0.187614405820534,2,3
4715029,"47",0.03358,3,4
4715031,"47",-0.403252931661949,1,2
4715032,"47",0.190738982521848,4,4
4715034,"47",-0.24593,2,3
4715036,"47",-0.04664,3,3
4715038,"47",0.91884,5,5
4715039,"47",-0.413041770573566,1,2
4715041,"47",0.268833005181347,4,4
4715042,"47",0.800425950920245,5,5
4715043,"47",-0.15912,2,3
4715044,"47",-0.30775,1,2
4715045,"47",0.07141,3,4
4715047,"47",0.03239,3,4
4715048,"47",-0.7882,1,1
4715049,"47",-0.47857,1,2
4715051,"47",-0.822162987804878,1,1
4715054,"47",0.03103,3,4
4715057,"47",-0.0846674344023324,2,3
4715059,"47",0.67111,5,5
4715061,"47",-0.298870985074627,2,2
4715062,"47",0.72087,5,5
4715064,"47",-0.136530673745881,2,3
4715066,"47",0.394270943691069,4,4
4715067,"47",-0.586109589665654,1,1
4715068,"47",0.059618330206379,3,4
4715070,"47",-0.20991,2,3
4715071,"47",-0.310797334437086,1,2
4715072,"47",0.90182,5,5
4715074,"47",0.30096,4,4
4715075,"47",-0.209512353846154,2,3
4715076,"47",-0.27941,2,2
4715079,"47",-0.28573,2,2
4715085,"47",-0.69644,1,1
4715091,"47",1.38102,5,5
4715092,"47",-0.05302,3,3
4715094,"47",-0.386983149221849,1,2
4715098,"47",-0.09536,2,3
4715099,"47",-0.0954015219421102,2,3
4715844,"47",1.57987,5,5
4715845,"47",1.49706364291433,5,5
4715847,"47",1.05976,5,5
4715848,"47",1.57724,5,5
4715849,"47",1.47444,5,5
4715850,"47",1.27463,5,5
4715851,"47",1.48174,5,5
4715853,"47",1.35151,5,5
4716002,"47",1.30814,5,5
4716004,"47",0.81765,5,5
4716005,"47",-0.55546,1,1
4716008,"47",-0.5126,1,1
4716009,"47",0.58326,5,5
4716011,"47",-0.0984,2,3
4716013,"47",-0.48127,1,2
4716014,"47",1.29777,5,5
4716016,"47",0.26735,4,4
4716018,"47",-0.36173,1,2
4716022,"47",0.49934,4,5
4716023,"47",-0.25306,2,2
4716024,"47",4.04662,5,5
4716028,"47",-0.556672401746725,1,1
4716029,"47",0.272840784908933,4,4
4716033,"47",-0.0255305076142132,3,3
4716038,"47",0.01809,3,4
4716041,"47",-0.185332088681447,2,3
4716042,"47",0.54493,4,5
4716043,"47",-0.41446,1,2
4716044,"47",0.33539,4,4
4716046,"47",-0.249864554079696,2,3
4716047,"47",0.00887650993377482,3,4
4716051,"47",-0.341159844559585,1,2
4716052,"47",0.55464,5,5
4716054,"47",0.1949,4,4
4716056,"47",-0.198406056451613,2,3
4716057,"47",0.20545,4,4
4716058,"47",-0.10499347826087,2,3
4716061,"47",0.21005,4,4
4716062,"47",-0.06198,3,3
4716063,"47",0.27631,4,4
4716072,"47",0.1745,4,4
4716075,"47",-0.286215492957746,2,2
4716077,"47",0.59077,5,5
4716855,"47",1.45516,5,5
4716856,"47",1.24436922385621,5,5
4716858,"47",1.3829386970684,5,5
4716860,"47",1.54530922253923,5,5
4716862,"47",1.11889,5,5
4716863,"47",1.49124,5,5
4717001,"47",-0.438355621621622,1,2
4717002,"47",-0.32482,1,2
4717004,"47",0.47237,4,5
4717006,"47",-0.14777,2,3
4717008,"47",-0.49859,1,1
4717011,"47",-0.10809,2,3
4717013,"47",-0.60786,1,1
4717014,"47",0.76213,5,5
4717017,"47",-0.487201285714286,1,1
4717018,"47",-0.0814217204301075,2,3
4717019,"47",-0.26471,2,2
4717022,"47",-0.536263007467753,1,1
4717024,"47",-0.100764183908046,2,3
4717026,"47",-0.06292,3,3
4717028,"47",-0.433141572052402,1,2
4717029,"47",-0.00384673140251626,3,4
4717032,"47",-0.302673285140562,2,2
4717034,"47",0.07364,3,4
4717036,"47",0.40789,4,4
4717039,"47",0.36123,4,4
4717041,"47",-0.08436,2,3
4717042,"47",-0.2252,2,3
4717045,"47",-0.128418141437756,2,3
4717047,"47",-0.00207,3,4
4717048,"47",0.73221,5,5
4717052,"47",0.10589665539271,3,4
4717054,"47",-0.333849898159029,1,2
4717055,"47",0.40851,4,4
4717056,"47",0.0582825181598063,3,4
4717057,"47",1.41469,5,5
4717058,"47",0.82191,5,5
4717062,"47",-0.157100767423649,2,3
4717066,"47",0.87181,5,5
4717067,"47",0.16875,4,4
4717801,"47",1.64197128708352,5,5
4717802,"47",1.47407,5,5
4717803,"47",1.83631,5,5
4717805,"47",0.61465,5,5
4717806,"47",1.0545,5,5
4717807,"47",1.63579702434626,5,5
4717809,"47",2.04517,5,5
4717810,"47",1.90093,5,5
4717811,"47",1.99564,5,5
4717812,"47",1.39905,5,5
4717813,"47",1.65,5,5
4717816,"47",0.61633,5,5
4718005,"47",1.3706,5,5
4718012,"47",2.48723,5,5
4718015,"47",0.40367,4,4
4718021,"47",1.40253,5,5
4718028,"47",1.30785,5,5
4718030,"47",2.72334,5,5
4718033,"47",0.367104890510949,4,4
4718041,"47",0.203392697342325,4,4
4718042,"47",0.236125311355311,4,4
4718049,"47",-0.14954017167382,2,3
4718051,"47",-0.0481614630091438,3,3
4718052,"47",-0.30104,2,2
4718055,"47",1.14533,5,5
4718058,"47",1.46013,5,5
4718065,"47",1.0848,5,5
4718067,"47",1.00435694661922,5,5
4718069,"47",1.39746,5,5
4718070,"47",0.343872642998028,4,4
4718071,"47",2.02409,5,5
4718074,"47",1.28806311488673,5,5
4718075,"47",1.59489,5,5
4718090,"47",0.335276894360604,4,4
4718100,"47",0.66382,5,5
4718802,"47",1.54903454187192,5,5
4718803,"47",1.36516459904408,5,5
4718806,"47",2.00739,5,5
4718807,"47",0.55313,4,5
4718808,"47",1.7314,5,5
4718809,"47",1.33699051148999,5,5
4718811,"47",1.59537,5,5
4718812,"47",1.61297,5,5
4718814,"47",0.98885,5,5
4718815,"47",1.97458,5,5
4718817,"47",1.37249,5,5
4718818,"47",1.06819,5,5
4718819,"47",1.21205,5,5
4718820,"47",1.74624631464344,5,5
4718822,"47",1.15944,5,5
4718824,"47",1.32195,5,5
4718826,"47",1.0433,5,5
4718827,"47",1.41079496688742,5,5
4718831,"47",1.4548,5,5
4718832,"47",1.70947892103206,5,5
4718839,"47",1.37924,5,5
4718852,"47",1.75559384,5,5
4801003,"48",-0.363848140616693,1,1
4801006,"48",0.0602650388013466,3,3
4801008,"48",-0.304006228752521,1,1
4801009,"48",-0.23595,2,2
4801014,"48",0.0468126719056974,3,3
4801018,"48",0.031321490772263,3,3
4802001,"48",-0.370731926209871,1,1
4802002,"48",-0.00877,3,3
4802004,"48",0.370592317961165,4,4
4802006,"48",0.36677,4,4
4802008,"48",-0.0726598452012384,3,2
4802009,"48",-0.38118323024055,1,1
4802011,"48",-0.410249283596838,1,1
4802012,"48",-0.0237191407893801,3,3
4802013,"48",-0.177923394911119,2,2
4802014,"48",-0.22883,2,2
4802016,"48",1.08219,5,5
4802018,"48",-0.0775892538860104,3,2
4802019,"48",-0.197246833884392,2,2
4802021,"48",-0.0930508688062307,2,2
4802022,"48",-0.0371561712931618,3,3
4802023,"48",-0.04962,3,3
4802029,"48",0.300800256609642,4,4
4802031,"48",-0.27766654119223,2,1
4802034,"48",0.132837131466095,3,4
4802036,"48",-0.13044,2,2
4802038,"48",0.09817,3,3
4802039,"48",0.193266907894737,4,4
4803001,"48",-0.447201134678748,1,1
4803002,"48",-0.0277657436517533,3,3
4803003,"48",-0.69281,1,1
4803004,"48",0.035557156283566,3,3
4803006,"48",-0.09803,2,2
4803008,"48",0.28527,4,4
4803011,"48",-0.321848719135802,1,1
4803014,"48",0.104328997791276,3,3
4803016,"48",0.29056,4,4
4803018,"48",-0.381869481993093,1,1
4803019,"48",0.164066994237185,4,4
4803022,"48",0.204480628286015,4,4
4803024,"48",0.23541,4,4
4803026,"48",0.068924951545916,3,3
4803801,"48",1.37137556634304,5,5
4803802,"48",1.77515156374502,5,5
4804001,"48",-0.06517,3,3
4804004,"48",-0.651743924731183,1,1
4804006,"48",0.49237,4,4
4804011,"48",0.0996303091060986,3,3
4804012,"48",-0.452267320490368,1,1
4804014,"48",0.0725824318429662,3,3
4804019,"48",0.03446,3,3
4804020,"48",-0.666570663430421,1,1
4804021,"48",1.02616,5,5
4804022,"48",-0.11299,2,2
4805001,"48",-0.346076223743215,1,1
4805002,"48",0.78825,5,5
4805004,"48",0.41872,4,4
4805006,"48",0.210377897117015,4,4
4805008,"48",0.57608,5,5
4805009,"48",0.17051,4,4
4805011,"48",-0.12639,2,2
4805012,"48",-0.334025560769055,1,1
4805018,"48",-0.104047864565172,2,2
4805019,"48",0.21678,4,4
4805021,"48",-0.18871,2,2
4805022,"48",0.01363,3,3
4805026,"48",0.0748370768175583,3,3
4805031,"48",-0.376934843492586,1,1
4805034,"48",0.47073,4,4
4805036,"48",-0.06449,3,3
4805038,"48",-0.45549,1,1
4805041,"48",-0.338101470352564,1,1
4805042,"48",0.2311,4,4
4805044,"48",-0.09177,2,2
4805046,"48",0.04332,3,3
4805048,"48",-0.0465255424063116,3,3
4805049,"48",0.257504278557114,4,4
4805802,"48",1.21135642117054,5,5
4806001,"48",-0.548547869934838,1,1
4806006,"48",-0.0494414828260262,3,3
4806008,"48",-0.01186,3,3
4806009,"48",-0.138943106089621,2,2
4806011,"48",0.102930175824176,3,3
4806012,"48",-0.428506330866634,1,1
4806014,"48",-0.577004284878619,1,1
4806016,"48",-0.106340845634314,2,2
4806017,"48",-0.337039522971387,1,1
4806019,"48",-0.38186954874375,1,1
4806021,"48",-0.297593774493927,2,1
4806022,"48",-0.0753430788804071,3,2
4806024,"48",0.276699310344828,4,4
4806026,"48",-0.271183128646846,2,2
4806028,"48",-0.366552884215392,1,1
4806029,"48",-0.241905106165782,2,2
4806031,"48",0.28663,4,4
4806032,"48",0.061456291913215,3,3
4806034,"48",-0.0124609295254642,3,3
4806036,"48",0.140831526946108,3,4
4807001,"48",-0.456891709319169,1,1
4807002,"48",-0.3169956,1,1
4807004,"48",0.37302,4,4
4807006,"48",0.3051,4,4
4807008,"48",-0.1373,2,2
4807011,"48",-0.62484443718593,1,1
4807012,"48",-0.0226071543778802,3,3
4807014,"48",0.367422303860523,4,4
4807016,"48",0.04023,3,3
4807019,"48",-0.329944687388988,1,1
4807021,"48",0.29852,4,4
4807026,"48",0.0130623213345039,3,3
4807027,"48",-0.0495,3,3
4807028,"48",0.25826,4,4
4807029,"48",1.05148,5,5
4807031,"48",-0.438668527341635,1,1
4807032,"48",0.84759,5,5
4807036,"48",0.299836914498141,4,4
4807038,"48",0.5844,5,5
4807039,"48",-0.120344283903676,2,2
4807042,"48",-0.437968888888889,1,1
4807044,"48",-0.114812431011827,2,2
4807046,"48",0.89307,5,5
4807048,"48",-0.34263,1,1
4807049,"48",-0.626993077642657,1,1
4807051,"48",0.1062,3,3
4807052,"48",-0.24216,2,2
4807054,"48",-0.0326131410838631,3,3
4807056,"48",-0.26982,2,2
4808001,"48",-0.338277495108614,1,1
4808002,"48",0.06232,3,3
4808004,"48",0.03872,3,3
4808005,"48",-0.34488,1,1
4808006,"48",0.27601521875,4,4
4808008,"48",0.109264568566061,3,3
4808009,"48",-0.135254041331803,2,2
4808011,"48",0.0184950764547221,3,3
4808012,"48",-0.0418423963738668,3,3
4808013,"48",0.01012,3,3
4808022,"48",-0.278090407468638,2,1
4808023,"48",-0.56191,1,1
4808024,"48",0.367335798816568,4,4
4808025,"48",-0.32737,1,1
4808026,"48",0.561515278310941,5,5
4808028,"48",-0.20236,2,2
4808029,"48",-0.207761615090735,2,2
4808031,"48",0.00527594207226038,3,3
4808032,"48",-0.35037,1,1
4808034,"48",0.524370413436693,4,5
4808038,"48",-0.345202137427486,1,1
4808039,"48",0.0756711021688719,3,3
4808042,"48",0.19893,4,4
4808044,"48",0.467742064777328,4,4
4808811,"48",1.65284222939729,5,5
4808813,"48",1.64465,5,5
4809002,"48",-0.180453166455963,2,2
4809010,"48",0.88857,5,5
4809015,"48",0.0500051130820399,3,3
4809806,"48",1.21946736318408,5,5
4810001,"48",-0.29505245766698,2,1
4810002,"48",0.596353066037736,5,5
4810003,"48",-0.29997,2,1
4810006,"48",-0.19846,2,2
4810009,"48",-0.03123,3,3
4810011,"48",0.148462975708502,3,4
4810012,"48",-0.59525,1,1
4810014,"48",-0.15526,2,2
4810016,"48",-0.152162360259032,2,2
4810018,"48",0.0410330366748166,3,3
4810019,"48",0.78212,5,5
4810021,"48",0.9015,5,5
4810022,"48",0.0555585598377282,3,3
4810026,"48",-0.213979230258792,2,2
4810028,"48",0.173535533485674,4,4
4810031,"48",1.61568,5,5
4810034,"48",0.2762,4,4
4810036,"48",-0.473171853890418,1,1
4810038,"48",1.00681,5,5
4810039,"48",-0.19351399462992,2,2
4810041,"48",-0.07756,3,2
4810042,"48",-0.0937115526849037,2,2
4810044,"48",0.04599,3,3
4810048,"48",0.0343491676436108,3,3
4810051,"48",1.01062,5,5
4810052,"48",0.74422563559322,5,5
4810058,"48",-0.0948446830047949,2,2
4810059,"48",0.42945,4,4
4810061,"48",0.3178,4,4
4810062,"48",0.79052,5,5
4810064,"48",0.177149787844037,4,4
4810066,"48",-0.114557855530474,2,2
4810805,"48",2.00357,5,5
4811001,"48",-0.211351896182661,2,2
4811002,"48",0.443828319040813,4,4
4811004,"48",0.32825,4,4
4811005,"48",0.14659,3,4
4811006,"48",0.23565,4,4
4811007,"48",0.55926,5,5
4811008,"48",-0.50181,1,1
4811011,"48",0.124944862433862,3,4
4811012,"48",-0.316997251664817,1,1
4811013,"48",-0.481691596610494,1,1
4811016,"48",-0.135756734616061,2,2
4811018,"48",-0.127743449961803,2,2
4811019,"48",0.0490286211635364,3,3
4811021,"48",0.23799,4,4
4811023,"48",-0.35021,1,1
4811024,"48",0.55043,4,5
4811026,"48",0.50896,4,5
4811031,"48",-0.0921951186394184,2,2
4811032,"48",-0.217900362167433,2,2
4811034,"48",-0.334317049001928,1,1
4811038,"48",0.45519,4,4
4811046,"48",-0.42966,1,1
4811048,"48",-0.0246575060059221,3,3
4811049,"48",-0.179066134147961,2,2
4811052,"48",-0.504957284555304,1,1
4811056,"48",-0.298520497268163,2,1
4811059,"48",-0.488951672399183,1,1
4811061,"48",0.0780163603408745,3,3
4811062,"48",-0.386849495984289,1,1
4811064,"48",-0.203880534493474,2,2
4811065,"48",0.336166165484634,4,4
4811066,"48",0.0436806228610541,3,3
4811068,"48",-0.219441621569572,2,2
4811069,"48",0.0557671590909091,3,3
4811801,"48",1.2488,5,5
4811802,"48",1.88088,5,5
4811803,"48",1.50976054504164,5,5
4811804,"48",0.91102997260274,5,5
4811805,"48",1.06172357474466,5,5
4811806,"48",1.77724211009174,5,5
4812002,"48",-0.277258279164804,2,2
4812004,"48",-0.36451562414816,1,1
4812009,"48",0.132003052779513,3,4
4812011,"48",-0.18048,2,2
4812012,"48",0.12082,3,4
4812013,"48",-0.82669,1,1
4812014,"48",-0.30493914050111,1,1
4812016,"48",0.109976526090064,3,3
4812018,"48",0.0578709210301893,3,3
4812020,"48",0.89976,5,5
4812022,"48",0.562688033040785,5,5
4812024,"48",0.33346,4,4
4812026,"48",0.60615,5,5
4812029,"48",0.352910230700976,4,4
4812037,"48",-0.10601664147009,2,2
4812802,"48",1.2574,5,5
4812804,"48",1.03564,5,5
4812808,"48",1.11003490393413,5,5
4812810,"48",1.53073,5,5
4812811,"48",1.51709,5,5
4812813,"48",0.67471,5,5
4812815,"48",1.83828,5,5
4812828,"48",1.36652,5,5
4812840,"48",0.94267,5,5
4813001,"48",-0.08087800683161,2,2
4813002,"48",0.325362374900715,4,4
4813005,"48",0.8228,5,5
4813006,"48",0.20924,4,4
4813007,"48",0.27426,4,4
4813008,"48",0.18759,4,4
4813010,"48",0.35137,4,4
4813011,"48",0.08476,3,3
4813012,"48",0.08515,3,3
4813013,"48",-0.99654,1,1
4813014,"48",0.23656284679089,4,4
4813015,"48",0.52919,4,5
4813016,"48",0.6018,5,5
4813017,"48",-0.09306,2,2
4813018,"48",-0.266968101071975,2,2
4813019,"48",0.268408979166667,4,4
4813028,"48",-0.164879007792931,2,2
4813029,"48",-0.24417370118473,2,2
4813030,"48",-0.0203714102951546,3,3
4813031,"48",0.483734531599268,4,4
4813032,"48",0.03778,3,3
4813033,"48",-0.3938,1,1
4813036,"48",-0.0313344838921762,3,3
4813044,"48",-0.16431703980457,2,2
4813045,"48",-0.32288,1,1
4813046,"48",0.171123963636364,4,4
4813047,"48",0.13427,3,4
4813048,"48",0.22114540050743,4,4
4813049,"48",0.19139,4,4
4813051,"48",0.03839,3,3
4813053,"48",-0.11197,2,2
4813055,"48",-0.40908,1,1
4813057,"48",-0.96365,1,1
4813061,"48",0.15533,3,4
4813811,"48",1.70416363636364,5,5
4814003,"48",-0.0674207980049875,3,3
4814019,"48",-0.175740456351227,2,2
4814024,"48",-0.071270242417005,3,2
4815007,"48",-0.029245587357331,3,3
4815013,"48",-0.25994,2,2
4815015,"48",-0.384062575272261,1,1
4815023,"48",-0.326287594121326,1,1
4815027,"48",-0.37248,1,1
4815032,"48",-0.65907,1,1
4815033,"48",-0.371698395947657,1,1
4815035,"48",-0.227792002408188,2,2
4815045,"48",0.05829,3,3
4816037,"48",-0.581384072412063,1,1
4816051,"48",1.56705,5,5
4816810,"48",0.79362,5,5
4816817,"48",1.67972,5,5
4816821,"48",1.58441,5,5
4816822,"48",1.85134,5,5
4816850,"48",1.58236,5,5
4816852,"48",1.09328,5,5
4817021,"48",0.174695949579832,4,4
4817024,"48",0.0732343713572023,3,3
4817026,"48",-0.399456265341905,1,1
4817027,"48",0.414076650647722,4,4
4817029,"48",-0.0292498507899356,3,3
4817031,"48",0.869067288586635,5,5
4817033,"48",-0.18937267738553,2,2
4817039,"48",-0.15402,2,2
4817062,"48",0.265263988689288,4,4
4817064,"48",0.07765,3,3
4817076,"48",-0.180989774121584,2,2
4817078,"48",-0.0470370159857904,3,3
4817093,"48",-0.0715863029066803,3,2
4817095,"48",0.000106373056994827,3,3
4817097,"48",-0.99691,1,1
4817824,"48",1.96211,5,5
4817827,"48",2.41713,5,5
4817828,"48",1.57215,5,5
4817829,"48",1.06042,5,5
4817831,"48",0.91438,5,5
4817832,"48",0.42103,4,4
4817835,"48",2.00766291800643,5,5
4817853,"48",0.9693,5,5
4817856,"48",1.75779,5,5
4817860,"48",0.83017,5,5
4817865,"48",1.30378,5,5
4818002,"48",-0.240580683343502,2,2
4818015,"48",-0.186334163560112,2,2
4818018,"48",0.311531589958159,4,4
4818816,"48",1.20946279628195,5,5
4819006,"48",-0.450196461756861,1,1
4819008,"48",0.29996,4,4
4819009,"48",0.114271840598855,3,3
4819011,"48",-0.206843079608939,2,2
4819012,"48",-0.0966419722152925,2,2
4819014,"48",-0.192283090234858,2,2
4819038,"48",-0.1018897975525,2,2
4819041,"48",-0.383109714964371,1,1
4819042,"48",-0.0709629064748201,3,3
4819044,"48",0.12803,3,4
4819046,"48",-0.0893993406593407,2,2
4819048,"48",-0.02058,3,3
4819049,"48",-0.0934465171503958,2,2
4819054,"48",-0.249857395993837,2,2
4819056,"48",0.39805,4,4
4819058,"48",0.232562685512367,4,4
4819059,"48",-0.36139370402053,1,1
4819066,"48",-0.0215951012658228,3,3
4819068,"48",0.0204374298899539,3,3
4819071,"48",-0.210003320683112,2,2
4819072,"48",0.27691,4,4
4819074,"48",0.00956848519800076,3,3
4819815,"48",1.0293,5,5
4819826,"48",1.564,5,5
5901003,"59",-0.489273623135686,1,1
5901006,"59",-0.375890634040501,1,1
5901012,"59",-0.401018175632911,1,1
5901017,"59",-0.508809658666667,1,1
5901019,"59",-0.140719472899055,2,1
5901022,"59",-0.0699194502170838,3,2
5901028,"59",-0.212744209488601,2,1
5901035,"59",-0.360092682068544,1,1
5901037,"59",-0.202785462633452,2,1
5901039,"59",-0.21045988511616,2,1
5901040,"59",-0.04931,3,2
5901043,"59",0.01686,3,2
5901046,"59",-0.164432726498154,2,1
5901048,"59",-0.0761705320435308,3,2
5901801,"59",0.75217,5,4
5901803,"59",0.40465,4,4
5901804,"59",0.43192,4,4
5901806,"59",-0.12617,2,1
5903004,"59",0.393267495969909,4,4
5903010,"59",0.109513186077644,3,3
5903011,"59",0.58782548245614,5,4
5903013,"59",0.325654660558101,4,3
5903015,"59",-0.0171040725733838,3,2
5903017,"59",0.00152286101694914,3,2
5903019,"59",0.84381,5,5
5903023,"59",0.312728531935176,4,3
5903027,"59",0.2251,4,3
5903032,"59",1.02957,5,5
5903039,"59",0.181901094391245,4,3
5903041,"59",0.0118854785732615,3,2
5903043,"59",-0.259432888726919,2,1
5903045,"59",-0.0145320208683138,3,2
5903047,"59",0.300295818181818,4,3
5903050,"59",0.183062372561359,4,3
5903052,"59",0.17428307234886,4,3
5903056,"59",-0.124187123130035,2,1
5903058,"59",-0.157344466875178,2,1
5903060,"59",0.325585454035874,4,3
5903807,"59",0.75439,5,4
5905005,"59",-0.145533820224719,2,1
5905009,"59",-0.382933583415597,1,1
5905014,"59",0.264754428030303,4,3
5905018,"59",-0.159047820878494,2,1
5905023,"59",-0.348680599033816,1,1
5905026,"59",-0.218333084975369,2,1
5905030,"59",0.0865701265822785,3,2
5905032,"59",0.296583864299611,4,3
5905037,"59",0.13481,3,3
5905042,"59",1.06604,5,5
5905050,"59",-0.0575636877688998,3,2
5905052,"59",0.0287983787972722,3,2
5905054,"59",0.232091884154461,4,3
5907005,"59",0.233221205903528,4,3
5907009,"59",0.521219440298507,4,4
5907014,"59",0.218988983117393,4,3
5907022,"59",-0.103638288920056,2,2
5907024,"59",0.368083122612018,4,4
5907026,"59",0.250030086880973,4,3
5907028,"59",0.280950045158053,4,3
5907035,"59",-0.0661223235342966,3,2
5907041,"59",0.268603515792327,4,3
5907047,"59",0.0012183715139442,3,2
5907048,"59",-0.0498663459037711,3,2
5907049,"59",-0.22202899751861,2,1
5907051,"59",-0.369489153919694,1,1
5907053,"59",0.570839717145344,5,4
5907055,"59",0.213269287634409,4,3
5907802,"59",0.226235764375877,4,3
5907803,"59",0.388530096153846,4,4
5907805,"59",0.91853,5,5
5907807,"59",0.51971,4,4
5907809,"59",0.57533,5,4
5909009,"59",0.456725671552498,4,4
5909014,"59",0.86613,5,5
5909016,"59",0.564256237054085,5,4
5909020,"59",-0.0478564102206387,3,2
5909027,"59",0.119557002624672,3,3
5909032,"59",0.0351985069204152,3,2
5909034,"59",-0.292625,2,1
5909035,"59",0.0304928182187881,3,2
5909036,"59",0.117669713010204,3,3
5909048,"59",0.08595,3,2
5909052,"59",0.0374433064904943,3,2
5909056,"59",-0.0648937806787254,3,2
5909060,"59",0.16185610549133,4,3
5909062,"59",0.177528569739953,4,3
5909804,"59",1.12999,5,5
5909806,"59",1.04121,5,5
5909807,"59",1.10046,5,5
5909810,"59",1.86341,5,5
5909812,"59",0.11698,3,3
5909816,"59",1.54136,5,5
5909821,"59",0.83428,5,5
5909827,"59",0.55717,5,4
5909830,"59",0.222761625121398,4,3
5909831,"59",0.98309,5,5
5909832,"59",0.92702,5,5
5909837,"59",1.02785,5,5
5909839,"59",0.55986,5,4
5909841,"59",0.94321,5,5
5909842,"59",1.29772,5,5
5909856,"59",0.46255,4,4
5909875,"59",1.98731,5,5
5909876,"59",0.20484,4,3
5909877,"59",0.3233,4,3
5909879,"59",0.6823,5,4
5909880,"59",0.70502,5,4
5909881,"59",0.71769,5,4
5909882,"59",0.43764,4,4
5909884,"59",0.108932980671414,3,3
5909885,"59",0.86334,5,5
5915001,"59",-0.291803043596299,2,1
5915002,"59",0.220726886717536,4,3
5915004,"59",0.0583247102346909,3,2
5915007,"59",0.19985352158257,4,3
5915011,"59",-0.162253302936702,2,1
5915015,"59",0.256443733917028,4,3
5915020,"59",0.606624243246363,5,4
5915022,"59",0.14810654522116,3,3
5915025,"59",0.188667099769192,4,3
5915029,"59",0.159288078209742,3,3
5915034,"59",-0.0128937527250706,3,2
5915036,"59",-0.76784,1,1
5915038,"59",-0.70456539049236,1,1
5915039,"59",-0.164440307001854,2,1
5915043,"59",-0.359705134635456,1,1
5915046,"59",-0.415033424031395,1,1
5915051,"59",0.0107653924638679,3,2
5915055,"59",-0.0234959965974821,3,2
5915062,"59",-0.429447206296992,1,1
5915065,"59",-0.814914417266187,1,1
5915070,"59",-0.25566695027682,2,1
5915075,"59",-0.205079081217716,2,1
5915801,"59",0.74767,5,4
5915802,"59",-0.053312109929078,3,2
5915803,"59",0.063178730255164,3,2
5915805,"59",0.53937,4,4
5915806,"59",-0.06539,3,2
5915807,"59",0.6589,5,4
5915808,"59",0.660885191445326,5,4
5915811,"59",0.10718,3,3
5915825,"59",0.67088,5,4
5917005,"59",-0.4638110044953,1,1
5917010,"59",0.0343522942036045,3,2
5917015,"59",-0.367216292205925,1,1
5917021,"59",-0.167189227247632,2,1
5917027,"59",-0.0525057490330898,3,2
5917029,"59",0.0583820865431896,3,2
5917030,"59",-0.24014377487493,2,1
5917034,"59",0.215264213293237,4,3
5917040,"59",0.0975167809273941,3,2
5917041,"59",-0.265143084752914,2,1
5917042,"59",-0.33614562068285,1,1
5917044,"59",-0.140053860767646,2,1
5917047,"59",-0.153961218142549,2,1
5917049,"59",-0.43265482272361,1,1
5917052,"59",-0.0748497010473287,3,2
5917054,"59",-0.112423768511302,2,2
5917801,"59",1.56611,5,5
5917803,"59",0.482849592178771,4,4
5917804,"59",0.9889,5,5
5917809,"59",0.37468,4,4
5917812,"59",0.666465817884406,5,4
5917815,"59",0.39405,4,4
5917819,"59",0.574935,5,4
5919008,"59",0.0281785171982489,3,2
5919012,"59",0.649965155537943,5,4
5919013,"59",-0.22111464305949,2,1
5919015,"59",-0.151839848484848,2,1
5919016,"59",0.201510787969925,4,3
5919017,"59",-0.10710503649635,2,2
5919021,"59",-0.0558883047830923,3,2
5919033,"59",0.161888710394664,4,3
5919035,"59",0.0919536050597329,3,2
5919043,"59",-0.151737278238028,2,1
5919046,"59",-0.304354140538137,1,1
5919049,"59",-0.166342738803012,2,1
5919051,"59",-0.112427415941688,2,1
5919801,"59",0.84475,5,5
5919804,"59",1.11351,5,5
5919809,"59",1.00983,5,5
5919814,"59",0.95377,5,5
5919816,"59",0.80906,5,5
5919818,"59",1.0712,5,5
5921007,"59",0.0983101727763969,3,2
5921008,"59",-0.219310833115012,2,1
5921010,"59",-0.0604853000935704,3,2
5921014,"59",0.18282554,4,3
5921016,"59",-0.285673612440191,2,1
5921018,"59",0.201762086937399,4,3
5921023,"59",0.0405322143394604,3,2
5921030,"59",-0.168002403547672,2,1
5921032,"59",0.172757330817916,4,3
5921034,"59",-0.0799770649895178,2,2
5921036,"59",0.146320270333256,3,3
5921804,"59",1.19538,5,5
5921805,"59",1.08523,5,5
5921806,"59",0.45655,4,4
5921807,"59",0.75762,5,4
5923008,"59",0.49829165726491,4,4
5923019,"59",-0.171146258470474,2,1
5923025,"59",-0.271836947535771,2,1
5923033,"59",0.11646,3,3
5923035,"59",-0.112929886055345,2,1
5923037,"59",-0.00656908010862186,3,2
5923039,"59",0.0778264542235711,3,2
5923047,"59",0.05853,3,2
5923049,"59",0.61442,5,4
5923801,"59",1.11825,5,5
5923803,"59",1.17196,5,5
5923807,"59",1.01197,5,5
5923808,"59",0.78082,5,5
5923813,"59",1.06641,5,5
5923816,"59",0.56026,5,4
5923823,"59",0.37433,4,4
5924025,"59",0.298826861958266,4,3
5924029,"59",0.69363,5,4
5924030,"59",1.22485,5,5
5924034,"59",0.0765389281792843,3,2
5924039,"59",0.87627,5,5
5924042,"59",-0.0995497616181074,2,2
5924048,"59",0.511489025270758,4,4
5924052,"59",0.227493597733711,4,3
5924054,"59",0.0670062111801242,3,2
5924804,"59",0.16154,4,3
5924806,"59",0.54224,4,4
5924812,"59",0.39263,4,4
5924817,"59",1.07525,5,5
5924835,"59",1.06252,5,5
5924840,"59",0.94348,5,5
5926005,"59",-0.0730845346481156,3,2
5926010,"59",0.200744923293455,4,3
5926014,"59",-0.0754019428828424,3,2
5926021,"59",0.0683616553116326,3,2
5926022,"59",-0.154366573322511,2,1
5926024,"59",-0.12097112033195,2,1
5926801,"59",0.305868865979381,4,3
5927008,"59",0.231989426235387,4,3
5927010,"59",0.22226144,4,3
5927012,"59",0.05823765625,3,2
5927016,"59",0.395031288120164,4,4
5927018,"59",0.433090923623446,4,4
5927020,"59",0.53497,4,4
5927802,"59",0.487426035131744,4,4
5929005,"59",0.178501137032367,4,3
5929011,"59",0.0656306099935107,3,2
5929018,"59",0.204133043764396,4,3
5929022,"59",-0.0559769754125968,3,2
5929024,"59",-0.111269171160942,2,2
5929026,"59",-0.149871588977595,2,1
5929028,"59",-0.129189256335688,2,1
5929803,"59",0.720780288065844,5,4
5931006,"59",-0.409021241445905,1,1
5931012,"59",-0.417955197387949,1,1
5931017,"59",-0.294964795,2,1
5931020,"59",-0.2855091087521,2,1
5931021,"59",-0.27491,2,1
5931026,"59",0.426457888336097,4,4
5931032,"59",0.12337,3,3
5931034,"59",-0.04447,3,2
5931812,"59",0.673540736842105,5,4
5931815,"59",1.66777,5,5
5931828,"59",-0.19685,2,1
5931842,"59",0.35523,4,3
5931843,"59",0.978236022635408,5,5
5931844,"59",0.80026,5,5
5933006,"59",0.312329514962417,4,3
5933008,"59",0.131622748930971,3,3
5933012,"59",-0.195944839609484,2,1
5933015,"59",0.57266,5,4
5933019,"59",0.275282670658683,4,3
5933024,"59",0.566304468524252,5,4
5933028,"59",0.88438,5,5
5933032,"59",0.384566144578313,4,4
5933035,"59",0.223834616407982,4,3
5933037,"59",0.133838392675483,3,3
5933039,"59",-0.107423936525612,2,2
5933042,"59",-0.0949353832403832,2,2
5933044,"59",-0.261760222059541,2,1
5933045,"59",-0.17255,2,1
5933054,"59",0.41277304710296,4,4
5933060,"59",-0.12725386630533,2,1
5933067,"59",0.266087462311558,4,3
5933068,"59",0.51186166560712,4,4
5933070,"59",0.0118,3,2
5933072,"59",0.14659368351937,3,3
5933074,"59",0.599370039660057,5,4
5933801,"59",0.60246,5,4
5933802,"59",0.39298,4,4
5933806,"59",0.7936,5,5
5933807,"59",0.33279,4,3
5933808,"59",1.3342,5,5
5933814,"59",1.3238,5,5
5933849,"59",0.81369,5,5
5933877,"59",0.00258,3,2
5933880,"59",-0.0996564372798699,2,2
5933884,"59",0.48086,4,4
5933887,"59",-0.01901,3,2
5933896,"59",1.41357,5,5
5935010,"59",-0.081265065294378,2,2
5935012,"59",-0.318394884922499,1,1
5935016,"59",-0.214191682999305,2,1
5935018,"59",0.0170960856797374,3,2
5935020,"59",0.0168437866758716,3,2
5935029,"59",-0.249522616553024,2,1
5935801,"59",0.29431,4,3
5935802,"59",0.231040875848478,4,3
5935803,"59",-0.303092457531144,1,1
5937005,"59",0.143344003877848,3,3
5937010,"59",-0.38247867335064,1,1
5937014,"59",0.161723167805141,4,3
5937017,"59",-0.235653161270617,2,1
5937021,"59",-0.305942986034139,1,1
5937022,"59",0.0650701821931935,3,2
5937023,"59",0.546010641025641,4,4
5937024,"59",-0.105195142264933,2,2
5937028,"59",-0.0812316006011648,2,2
5937033,"59",0.361148497357992,4,3
5937041,"59",0.00384840898670334,3,2
5937801,"59",0.264080225030826,4,3
5937803,"59",0.5832,5,4
5939007,"59",-0.145654698946312,2,1
5939011,"59",-0.20000689924812,2,1
5939019,"59",-0.302958239274924,1,1
5939023,"59",-0.1226,2,1
5939032,"59",-0.021251977151091,3,2
5939037,"59",0.0101533355757372,3,2
5939039,"59",0.10093345,3,2
5939043,"59",0.46144909221902,4,4
5939044,"59",0.158930059375,3,3
5939045,"59",0.470802610026789,4,4
5939801,"59",0.46716,4,4
5939802,"59",0.22953,4,3
5939803,"59",0.67121,5,4
5939805,"59",0.57696,5,4
5939808,"59",1.00164,5,5
5939811,"59",0.662106794258373,5,4
5941005,"59",0.760219201244813,5,4
5941009,"59",0.15418984379282,3,3
5941010,"59",-0.149459459930314,2,1
5941012,"59",-0.110173604085603,2,2
5941013,"59",0.365883530185054,4,4
5941014,"59",-0.0359897015859766,3,2
5941015,"59",0.278439386295181,4,3
5941016,"59",0.38199872611465,4,4
5941017,"59",0.45555183895995,4,4
5941019,"59",0.0393315529259199,3,2
5941021,"59",0.120791169772257,3,3
5941025,"59",1.07477,5,5
5941026,"59",0.230611727199354,4,3
5941027,"59",0.457201723905724,4,4
5941039,"59",0.579686168831169,5,4
5941041,"59",0.32779,4,3
5941801,"59",0.74807,5,4
5941806,"59",0.58502,5,4
5941809,"59",1.15263,5,5
5941812,"59",1.0047,5,5
5941821,"59",1.32831,5,5
5941837,"59",2.26557,5,5
5941839,"59",1.03942,5,5
5941841,"59",0.82429,5,5
5941850,"59",1.42406,5,5
5941880,"59",1.99737,5,5
5943008,"59",0.41896,4,4
5943012,"59",-0.0396165237691002,3,2
5943017,"59",0.60367749661705,5,4
5943023,"59",0.349927314197847,4,3
5943031,"59",-0.0364466492146597,3,2
5943033,"59",0.661616657681941,5,4
5943037,"59",0.239296865671642,4,3
5943804,"59",0.69325,5,4
5943806,"59",1.24077,5,5
5943815,"59",0.85825,5,5
5943816,"59",0.81479,5,5
5943837,"59",0.68412,5,4
5945006,"59",0.50601,4,4
5945010,"59",-0.02971,3,2
5945012,"59",0.22321,4,3
5945014,"59",0.83843,5,5
5945801,"59",0.752930854987427,5,4
5945802,"59",1.29929889007471,5,5
5945803,"59",1.16494,5,5
5947007,"59",0.05531,3,2
5947012,"59",0.115086463414634,3,3
5947016,"59",0.23763,4,3
5947023,"59",0.404406229116945,4,4
5947026,"59",0.238988838174274,4,3
5947027,"59",-0.03192,3,2
5947030,"59",0.31783,4,3
5947032,"59",-0.28188,2,1
5947802,"59",1.14431,5,5
5947803,"59",0.97055,5,5
5947804,"59",0.35189,4,3
5947806,"59",-0.23786,2,1
5947807,"59",1.42359,5,5
5947809,"59",1.37403,5,5
5947823,"59",0.72117,5,4
5949005,"59",-0.0736276979116076,3,2
5949011,"59",-0.0948672077922078,2,2
5949013,"59",-0.191980906648758,2,1
5949018,"59",0.183268006103764,4,3
5949022,"59",0.274850194552529,4,3
5949024,"59",0.86346,5,5
5949028,"59",0.47812414532872,4,4
5949032,"59",-0.04978,3,2
5949035,"59",0.842352157190635,5,5
5949038,"59",-0.30586,1,1
5949041,"59",-0.14974,2,1
5949802,"59",0.83509,5,5
5949803,"59",1.14659,5,5
5949804,"59",0.80753,5,5
5949807,"59",0.43783,4,4
5949810,"59",0.62417,5,4
5949811,"59",1.17878,5,5
5949812,"59",0.87072,5,5
5949813,"59",1.21755,5,5
5949814,"59",1.55578,5,5
5949815,"59",1.15319,5,5
5949816,"59",1.74828,5,5
5949817,"59",1.04208,5,5
5949818,"59",0.95467,5,5
5949819,"59",1.31925,5,5
5949820,"59",0.65139,5,4
5949843,"59",0.74989,5,4
5949844,"59",0.68911,5,4
5949845,"59",0.5667,5,4
5949847,"59",0.57382,5,4
5951007,"59",-0.0697774689369535,3,2
5951009,"59",0.192330385416667,4,3
5951013,"59",-0.0402240702781845,3,2
5951015,"59",-0.0507347393364929,3,2
5951017,"59",0.302976428126945,4,3
5951019,"59",0.05157353994882,3,2
5951022,"59",-0.0347332285368803,3,2
5951028,"59",0.112080539273154,3,3
5951031,"59",-0.0662197619047619,3,2
5951032,"59",1.20903,5,5
5951034,"59",-0.0351769003931848,3,2
5951038,"59",-0.21715394843962,2,1
5951043,"59",-0.179715585719598,2,1
5951051,"59",-0.461377279398604,1,1
5951053,"59",0.265239318181818,4,3
5951801,"59",1.94245,5,5
5951802,"59",0.64748,5,4
5951803,"59",0.96489,5,5
5951805,"59",0.71347,5,4
5951807,"59",1.02089,5,5
5951809,"59",0.86493,5,5
5951810,"59",1.35508,5,5
5951820,"59",0.61089,5,4
5951827,"59",1.34674,5,5
5951828,"59",1.75145,5,5
5951829,"59",1.38094,5,5
5951848,"59",0.86069,5,5
5953007,"59",0.125571378326996,3,3
5953012,"59",0.34419,4,3
5953019,"59",-0.0736092888609188,3,2
5953023,"59",-0.019885760546488,3,2
5953033,"59",-0.090156571167327,2,2
5953038,"59",-0.307456202823394,1,1
5953042,"59",-0.458402897585346,1,1
5953044,"59",-0.292809497142857,2,1
5953046,"59",0.13904,3,3
5953048,"59",0.0969802722177742,3,2
5953050,"59",0.13156,3,3
5953801,"59",0.77666,5,5
5953802,"59",1.52932,5,5
5955003,"59",-0.179522459358066,2,1
5955005,"59",-0.0260929133858268,3,2
5955010,"59",-0.0920702176752285,2,2
5955014,"59",0.117552185344478,3,3
5955021,"59",-0.350155814729814,1,1
5955023,"59",-0.196199007518797,2,1
5955025,"59",-0.143084030915577,2,1
5955030,"59",0.0970798785117692,3,2
5955034,"59",-0.185207123689727,2,1
5955040,"59",-0.244179501014199,2,1
5955042,"59",-0.391671325037834,1,1
5955802,"59",0.32046,4,3
5955803,"59",1.08513,5,5
5955804,"59",0.92757,5,5
5957022,"59",0.169471503759398,4,3
5957803,"59",1.30979,5,5
5957814,"59",0.76318,5,4
5959007,"59",-0.0783845311268716,3,2
5959806,"59",0.92116,5,5
5959810,"59",0.55433,4,4
6001003,"60",0.328952488967343,4,3
6001004,"60",0.36186,4,4
6001006,"60",0.34935,4,3
6001009,"60",-0.273022872947768,2,1
6001012,"60",0.503616344086022,4,4
6001018,"60",0.0315051453488372,3,2
6001022,"60",0.32673,4,3
6001029,"60",0.15091491439442,3,2
6001032,"60",1.49724,5,5
6001036,"60",0.55262,4,4
6001037,"60",1.04851,5,5
6001039,"60",0.66869,5,5
6001041,"60",0.69483,5,5
6001042,"60",0.1835,4,3
6001044,"60",-0.23353,2,1
6001045,"60",0.117931951871658,3,2
6001048,"60",0.59038,5,4
6001055,"60",-0.27824,2,1
6001058,"60",-0.19637,2,2
6001059,"60",-0.218116429967427,2,1
6001060,"60",-0.32036,1,1
6101014,"61",0.73802,5,2
6101015,"61",1.09526,5,4
6101017,"61",0.0808713006056742,3,1
6101025,"61",1.36451,5,5
6101036,"61",1.33474815368196,5,5
6101041,"61",0.79727,5,3
6101095,"61",1.15367,5,4
6102003,"61",0.91609,5,4
6102005,"61",0.91322,5,3
6102007,"61",-0.52252,1,1
6102009,"61",0.74479,5,3
6102012,"61",0.8882,5,3
6103031,"61",1.02337621420389,5,4
6103034,"61",1.16737,5,4
6103049,"61",0.63769,5,2
6103052,"61",0.61529,5,2
6104009,"61",1.26053897435897,5,5
6104010,"61",1.43533,5,5
6104013,"61",0.60996,5,2
6104014,"61",0.83541,5,3
6104017,"61",1.36213,5,5
6104038,"61",0.421719963636364,4,2
6104044,"61",1.17634,5,5
6105001,"61",0.0124323754448398,3,1
6105003,"61",0.46331,4,2
6105016,"61",-0.108647500788892,2,1
6105018,"61",1.0728,5,4
6106021,"61",0.78162,5,3
6106023,"61",-0.412255186823992,1,1
6106097,"61",-0.48936,1,1
6204001,"62",1.59991,5,5
6204003,"62",-0.303829034863373,1,1
6204005,"62",0.99111,5,2
6204007,"62",1.19039113896848,5,3
6204010,"62",1.47463,5,4
6204011,"62",1.73352,5,5
6204012,"62",1.57114399707174,5,5
6204015,"62",1.6475283742591,5,5
6204018,"62",1.53208,5,4
6204022,"62",0.69372,5,1
6204025,"62",0.93866,5,2
6205014,"62",1.56441,5,4
6205015,"62",1.33037091131285,5,3
6205016,"62",1.25374,5,3
6205017,"62",0.41422891092437,4,1
6205019,"62",0.77573,5,1
6205023,"62",1.14220851043183,5,2
6205027,"62",1.5097,5,4
6208047,"62",1.24113,5,3
6208059,"62",1.12251500723589,5,2
6208073,"62",0.483116829545455,4,1
6208081,"62",1.05363647887324,5,2
6208087,"62",1.27184,5,3
