"DGUID","per65","lim","lim65","old","rep","per65_pct","lim_pct","lim65_pct","old_pct","rep_pct"
1001101,45.5,NA,NA,0,0,98.4,NA,NA,7,6.1
1001105,47.1,NA,NA,25,0,98.7,NA,NA,56.8,6.1
1001113,48.1,26,35,9.8,9.8,98.9,91.5,90.1,26.3,63.1
1001120,81.8,NA,NA,0,0,100,NA,NA,7,6.1
1001124,24.5,10.2,22,16.7,4,58,29.5,59.1,37.7,18.2
1001126,27.3,14.4,28,23.9,4.3,69.6,56.8,77.1,54.5,20.2
1001131,33.9,15.2,30,17.6,14.7,88.9,61.4,81.9,39.5,79.4
1001136,35.8,15,28,29.6,7.4,91.9,60.3,77.1,66.3,46.1
1001140,60,NA,NA,NA,NA,99.7,NA,NA,NA,NA
1001144,60,NA,NA,25,0,99.7,NA,NA,56.8,6.1
1001149,39.2,16,20,23.7,7.9,95.5,65.8,52,53.9,50.2
1001155,33,15.6,17,11.1,4.4,86.7,63.7,40.2,28.6,20.7
1001169,44.2,29,42,25,8.3,97.8,93.6,96.2,56.8,53.5
1001174,39.5,NA,NA,22.7,0,95.7,NA,NA,51.5,6.1
1001178,44.4,19,28,9.7,6.5,98,78.8,77.1,26.1,38.4
1001181,39.4,NA,NA,19,9.5,95.6,NA,NA,42.8,61.4
1001186,47.4,NA,NA,40,0,98.8,NA,NA,84.3,6.1
1001192,41.2,NA,NA,22.2,0,96.8,NA,NA,50.3,6.1
1001197,38.2,18.5,29,19,14.3,94.5,76.9,79.8,42.8,78.5
1001203,30.6,15,22,3.8,3.8,80.6,60.3,59.1,16.7,17.1
1001207,40,NA,NA,15.4,0,96.2,NA,NA,35.4,6.1
1001214,47.6,NA,NA,33.3,0,98.9,NA,NA,73.8,6.1
1001219,37.1,NA,NA,0,0,93.5,NA,NA,7,6.1
1001225,35.3,NA,NA,0,0,91,NA,NA,7,6.1
1001228,37.5,18,30,13.9,5.6,94,75.1,81.9,33,30.4
1001234,33.8,14.8,19,17.1,14.3,88.7,59.1,47.7,38.5,78.5
1001240,32.8,17.1,27.8,25.3,4.9,86.4,71.3,75.7,57.8,24.5
1001254,28.9,NA,NA,30.8,7.7,75.5,NA,NA,68.7,48.6
1001259,40.8,19.6,32.5,11.3,4.8,96.6,80.7,87.2,29,23.7
1001263,43.2,NA,NA,28.6,0,97.6,NA,NA,64.1,6.1
1001267,31.7,17.5,34,29.6,14.8,83.9,73.1,88.9,66.3,79.6
1001270,29,14.8,25,17.2,2.3,75.9,59.1,69.6,38.7,12.9
1001274,14.3,NA,NA,0,0,18,NA,NA,7,6.1
1001277,30.9,17,30,7.1,0,81.6,70.6,81.9,21.8,6.1
1001281,44.2,NA,NA,26.1,13,97.8,NA,NA,59.4,75
1001285,35.7,19.6,36,24.6,8.8,91.7,80.7,91.5,55.8,57.2
1001289,29.2,13.2,28,19,9.5,76.5,49.9,77.1,42.8,61.4
1001293,28.9,16.6,29.6,10.4,4.7,75.5,68.6,80.7,27.1,22.9
1001298,25.1,13.4,30,19,10.7,61.2,51,81.9,42.8,67.5
1001304,28.9,19.6,34.8,16.3,5.2,75.5,80.7,89.7,37.1,26.8
1001308,31.4,15.2,38,0,0,83.2,61.4,93.6,7,6.1
1001312,37.2,21.6,32,22.2,4.8,93.6,85.6,86,50.3,23.7
1001316,35.1,NA,NA,23.5,17.6,90.8,NA,NA,53.6,83
1001321,32.4,18.8,34,40,0,85.6,78,88.9,84.3,6.1
1001325,42.4,17.5,24,26.5,8.8,97.3,73.1,65.9,60.2,57.2
1001328,37.5,NA,NA,17.6,11.8,94,NA,NA,39.5,71.5
1001332,39.1,17.5,34,41.5,7.3,95.4,73.1,88.9,86,45.2
1001335,39.1,27.2,48,31.4,8.6,95.4,92.4,98.3,69.7,55.8
1001339,34.6,22.2,36,23.4,7.2,89.8,86.9,91.5,53.3,44.5
1001343,29.8,12.8,24,28.8,5.8,78.4,46.6,65.9,64.7,32.6
1001347,34.8,14.8,30,35.3,0,90.2,59.1,81.9,77.3,6.1
1001352,33.7,24,42,26.8,17.1,88.5,89.5,96.2,60.8,82.4
1001357,38.5,18.5,37,14.3,5.7,94.8,76.9,92.9,33.5,31.5
1001361,29.4,19.6,40,24.6,2.9,77.1,80.7,95.1,55.8,13.9
1001365,25.4,19.2,30.8,11.3,4.3,62.4,79.3,83.5,29,20.2
1001370,28.9,20.1,31,19.3,6.2,75.5,82.5,84,43.5,36.3
1001374,21.9,9.5,10,0,0,46.9,24.3,11.7,7,6.1
1001375,20.3,19.5,52,11.1,0,39.4,80,99.3,28.6,6.1
1001379,30.1,21.1,30.8,25.7,7.3,79.2,84.8,83.5,58.7,45.2
1001385,28.9,15.9,33,23.9,8.5,75.5,65,87.7,54.5,54.9
1001391,NA,NA,NA,NA,NA,NA,NA,NA,NA,NA
1001394,34,18,38,26.1,8.7,89.1,75.1,93.6,59.4,56.5
1001396,23.4,18.8,30.2,15.8,7.7,53.2,78,83,36.2,48.6
1001405,NA,NA,NA,NA,NA,NA,NA,NA,NA,NA
1001409,22.6,15.2,25.1,18.7,6,49.9,61.4,70.3,42.1,34.4
1001415,30.3,18.6,31.6,17.3,5.3,79.6,77.3,84.9,38.9,27.7
1001421,24,15.5,29.2,9.4,5.7,55.7,63,80.3,25.5,31.5
1001426,25,14.2,20,19.6,0,60.4,55.7,52,44.2,6.1
1001429,29.6,19.8,32.5,12.5,3.3,77.8,81.3,87.2,30.6,15.1
1001434,25.9,13,22,15.8,8.8,64.1,48.3,59.1,36.2,57.2
1001437,29.3,18.8,34,22.9,7.1,76.8,78,88.9,52,43.5
1001441,19.7,19,34,18.8,9.4,36.7,78.8,88.9,42.4,60.8
1001446,31.4,18.4,29,10.8,3.1,83.2,76.4,79.8,28,14.4
1001452,27.3,16.8,22,8.4,2.4,69.6,69.5,59.1,23.8,13.1
1001456,26.8,9.6,14,19.3,12.3,67.6,25.2,28,43.5,73.1
1001461,28.8,14.4,18,25.9,3.4,75.1,56.8,44,59,15.4
1001464,26.5,21.6,26,13.2,5.7,66.4,85.6,72.5,31.9,31.5
1001469,27.7,8.8,14.8,18.3,3.2,70.8,20.1,31.1,41.3,14.8
1001472,26.1,10.5,16.4,12.1,3,64.8,31.3,38.4,30.1,14.1
1001485,17.5,8.1,15.1,7.4,2.9,27.9,16,32.3,22.2,13.9
1001490,37.7,36.5,44,40,17.1,94.2,96.9,97,84.3,82.4
1001494,31.4,41.4,40.8,56.5,7.9,83.2,98.1,95.8,96.8,50.2
1001504,15.1,6.3,12.7,8.7,5.8,19.8,7.1,22.7,24.2,32.6
1001505,16.9,10.2,18,23,3.6,26,29.5,44,52.3,16.2
1001507,12.8,4.6,9.5,8.4,1.5,14.4,2.1,9.6,23.8,12.3
1001509,13.9,6.9,11.4,6.4,3.9,17,10.1,16.4,20.6,17.7
1001511,19,5.2,6.4,7.3,2.2,34,3.4,2.4,22.1,12.8
1001512,19.3,6,10,10.7,7.1,35.1,5.6,11.7,27.7,43.5
1001517,10.6,5.3,10.9,1.9,1.6,11.3,3.7,14.7,14.7,12.4
1001519,19.7,14.8,14.8,22.2,5,36.7,59.1,31.1,50.3,25.2
1001542,21.6,9.7,11,6.8,3.7,45.6,26,15.1,21.2,16.6
1001551,18.5,8.8,20,26.8,4.9,31.8,20.1,52,60.8,24.5
1001557,18.2,7.8,21,15,2.5,30.7,14.4,55.9,34.7,13.2
1001559,17.7,6.4,19.5,11.5,4.1,28.6,7.6,49,29.3,18.9
1001565,41.7,NA,NA,0,0,97,NA,NA,7,6.1
1002001,37.3,22,26,27.3,0,93.7,86.4,72.5,61.6,6.1
1002002,22.9,13.6,34,16.7,0,51.2,52.2,88.9,37.7,6.1
1002005,24.8,17.6,31.6,21.1,3.9,59.1,73.8,84.9,47.6,17.7
1002006,25,NA,NA,22.2,0,60.4,NA,NA,50.3,6.1
1002008,30.5,17.2,34,47.4,11.3,80.3,71.8,88.9,91.8,69.8
1002009,NA,NA,NA,NA,NA,NA,NA,NA,NA,NA
1002011,23.9,14.6,39,16.3,10.2,55.3,58,94.2,37.1,65.5
1002012,34.1,NA,NA,34.8,0,89.3,NA,NA,76.5,6.1
1002013,29,NA,NA,36.8,21.1,75.9,NA,NA,79.8,85.9
1002014,35.3,32.5,60,34.8,13,91,95.5,99.7,76.5,75
1002015,38.5,NA,NA,33.3,0,94.8,NA,NA,73.8,6.1
1002016,47.5,NA,NA,15.8,0,98.8,NA,NA,36.2,6.1
1002017,43.8,NA,NA,21.4,14.3,97.7,NA,NA,48.5,78.5
1002018,32.3,21.8,44,22,5.7,85.3,85.9,97,49.7,31.5
1002019,37.8,22.2,36.4,35.9,4.9,94.3,86.9,92.4,78.3,24.5
1002021,31.2,16,34,22,4,82.5,65.8,88.9,49.7,18.2
1002022,29.3,NA,NA,16.7,0,76.8,NA,NA,37.7,6.1
1002023,20,12,28,6.5,0,38,41.4,77.1,20.8,6.1
1002024,26.2,20.3,29.2,12.4,4.1,65.2,82.9,80.3,30.4,18.9
1002025,27.5,18.5,34,19.2,0,70.3,76.9,88.9,43.3,6.1
1002026,40,NA,NA,42.9,0,96.2,NA,NA,87.6,6.1
1002027,31.9,NA,NA,50,11.5,84.3,NA,NA,93.5,70.4
1002029,NA,NA,NA,NA,NA,NA,NA,NA,NA,NA
1002030,27.8,NA,NA,21.4,0,71.2,NA,NA,48.5,6.1
1002031,29.6,18.8,39,17.4,6.5,77.8,78,94.2,39.1,38.4
1002033,34.8,NA,NA,26.9,7.7,90.2,NA,NA,61,48.6
1002034,25.5,NA,NA,15,10,62.8,NA,NA,34.7,64.5
1002036,24.7,21.2,44,30,0,58.8,85,97,67.2,6.1
1002037,27.8,NA,NA,23.5,11.8,71.2,NA,NA,53.6,71.5
1002039,25,NA,NA,36.4,0,60.4,NA,NA,79.1,6.1
1002040,40,NA,NA,36.4,0,96.2,NA,NA,79.1,6.1
1002041,32.2,22.8,46,23.8,0,85.1,87.7,97.9,54.2,6.1
1002044,NA,NA,NA,NA,NA,NA,NA,NA,NA,NA
1002048,43,16.4,25,29.6,3.7,97.5,67.3,69.6,66.3,16.6
1002055,31.3,NA,NA,0,0,82.9,NA,NA,7,6.1
1003001,33.3,NA,NA,NA,NA,87.7,NA,NA,NA,NA
1003002,21.7,NA,NA,30,0,46.1,NA,NA,67.2,6.1
1003003,25.7,20.4,42,44.4,7.4,63.5,83.2,96.2,89.2,46.1
1003004,15.9,34.5,60,45.2,12.9,22.4,96.4,99.7,89.8,74.7
1003005,31,NA,NA,50,14.3,81.9,NA,NA,93.5,78.5
1003006,NA,NA,NA,NA,NA,NA,NA,NA,NA,NA
1003008,25.1,16.4,37.5,22,1.6,61.2,67.3,93.2,49.7,12.4
1003009,41.4,NA,NA,0,0,96.9,NA,NA,7,6.1
1003010,50,NA,NA,60,0,99.2,NA,NA,97.9,6.1
1003011,37,18,42,31.6,0,93.3,75.1,96.2,70.1,6.1
1003012,30,NA,NA,60,0,78.9,NA,NA,97.9,6.1
1003014,24.3,NA,NA,46.2,0,57.1,NA,NA,90.7,6.1
1003018,32.8,20.8,31,20.3,2.9,86.4,83.9,84,45.9,13.9
1003019,29,23.4,36,13.4,8,75.9,88.8,91.5,32.4,51.1
1003020,44.4,NA,NA,25,0,98,NA,NA,56.8,6.1
1003021,33.3,NA,NA,40,0,87.7,NA,NA,84.3,6.1
1003024,29.2,NA,NA,22.2,0,76.5,NA,NA,50.3,6.1
1003026,42.3,28,48,29.3,0,97.2,93.1,98.3,65.7,6.1
1003028,38.7,27.9,49.2,21.9,7,95,93,98.6,49.5,42.5
1003031,28.6,15,36,13.7,3.9,74.4,60.3,91.5,32.8,17.7
1003032,34.8,21.2,43,27.1,0,90.2,85,96.5,61.3,6.1
1003033,31.5,11.6,32,27.3,0,83.4,38.6,86,61.6,6.1
1003034,30,15.6,25.6,31.6,4.5,78.9,63.7,71,70.1,21.4
1003038,41.7,NA,NA,0,0,97,NA,NA,7,6.1
1003042,NA,NA,NA,NA,NA,NA,NA,NA,NA,NA
1003045,45.6,30,50,28.6,5.7,98.5,94.3,98.9,64.1,31.5
1003801,9.4,6.2,8,0,11.4,9.6,6.6,5.4,7,70
1004001,35.6,19.2,30.4,17.3,6,91.5,79.3,83.3,38.9,34.4
1004006,35.5,27.4,42.4,19.8,10.8,91.3,92.5,96.4,44.6,67.9
1004011,30.5,30.8,46,10.8,12.3,80.3,94.9,97.9,28,73.1
1004013,29.1,22.4,23,29.2,9.4,76.2,87.1,62.3,65.4,60.8
1004016,30.5,30.4,42,9.2,13.3,80.3,94.7,96.2,25.2,75.9
1004017,50,NA,NA,0,40,99.2,NA,NA,7,94.6
1004018,32.7,26.6,31.6,25.2,5.3,86.2,91.9,84.9,57.5,27.7
1004019,26.2,26.2,29.1,39,6.6,65.2,91.7,80.1,83.2,39.2
1004020,27.4,12.5,17.6,10.5,5.9,70,44.8,42.1,27.3,33.5
1004021,33.7,24,28,17.1,12.2,88.5,89.5,77.1,38.5,72.8
1004022,26.3,34.4,53.2,6.3,9.9,65.7,96.4,99.5,20.4,63.8
1004033,27.8,30.2,49,15.8,13.2,71.2,94.6,98.5,36.2,75.5
1004037,24,31.6,39,9.1,9.1,55.7,95.2,94.2,24.9,58.9
1004042,33.8,27.6,44,24.4,7.3,88.7,92.8,97,55.4,45.2
1005001,31,20,36,7.4,11.1,81.9,82,91.5,22.2,69
1005003,38.6,29.2,46,17.8,4.4,95,93.7,97.9,39.9,20.7
1005004,28.3,18,25.2,18.5,6.1,73.2,75.1,70.5,41.7,35.4
1005005,37.5,30,56,26.7,13.3,94,94.3,99.6,60.6,75.9
1005006,44.4,NA,NA,41.2,0,98,NA,NA,85.6,6.1
1005007,51.4,NA,NA,11.1,11.1,99.4,NA,NA,28.6,69
1005008,34.5,17,31,31.6,5.3,89.7,70.6,84,70.1,27.7
1005009,30,16.4,25,10.4,8.3,78.9,67.3,69.6,27.1,53.5
1005010,19.5,8.8,14,6.6,6.6,35.7,20.1,28,21,39.2
1005011,23.8,8.5,8,5.7,0,54.9,18.2,5.4,19.5,6.1
1005012,25.7,10.1,18.4,5.7,3.7,63.5,29,45.9,19.5,16.6
1005014,25.5,17.2,28,9.5,7.1,62.8,71.8,77.1,25.7,43.5
1005015,25.7,15.6,24,16.3,7,63.5,63.7,65.9,37.1,42.5
1005016,22.8,10,20,0,0,50.7,28,52,7,6.1
1005017,10.6,6,13,4,1.6,11.3,5.6,23.7,16.8,12.4
1005018,26.7,16.7,20.9,30.5,5.4,67.1,68.9,55.2,68.1,28.6
1005019,NA,NA,NA,NA,NA,NA,NA,NA,NA,NA
1005020,24.4,17.2,34,12.9,8.6,57.5,71.8,88.9,31.3,55.8
1005022,26.1,12.8,27,14.6,12.5,64.8,46.6,74.8,34.1,73.7
1005023,27.8,22.8,44,13.3,8.3,71.2,87.7,97,32.1,53.5
1005024,31.4,18,39,13,8.7,83.2,75.1,94.2,31.5,56.5
1005025,21,14,26,32.6,14,42.2,54.5,72.5,72.2,77.7
1005028,17,NA,NA,10.5,0,26.4,NA,NA,27.3,6.1
1005030,28.2,16.2,35,11.1,9.1,72.7,66.7,90.1,28.6,58.9
1005033,22.1,12.8,27,12.7,3.6,47.8,46.6,74.8,30.9,16.2
1005035,26.7,10.8,28,8.6,0,67.1,32.8,77.1,24,6.1
1006001,35.8,17.2,22,14.3,7.1,91.9,71.8,59.1,33.5,43.5
1006003,31.2,24.8,33,22.4,10.4,82.5,90.2,87.7,50.9,66.2
1006008,22.9,NA,NA,0,18.8,51.2,NA,NA,7,84.2
1006009,21.1,11.4,15.8,17.9,4.3,42.9,37.3,34.3,40.1,20.2
1006011,22.6,15,26,11.1,5.6,49.9,60.3,72.5,28.6,30.4
1006012,24.3,17.6,29,23.1,10.8,57.1,73.8,79.8,52.6,67.9
1006014,35.2,17,20,25,0,90.9,70.6,52,56.8,6.1
1006015,35.1,13.6,14,7.7,7.7,90.8,52.2,28,22.7,48.6
1006017,25,16.6,20.9,26.4,5.4,60.4,68.6,55.2,60,28.6
1006019,28.2,20.3,25.2,18.7,5.6,72.7,82.9,70.5,42.1,30.4
1006021,24.8,34.4,57,28.6,8.9,59.1,96.4,99.6,64.1,57.8
1006022,34.4,23.2,28.8,24,7.2,89.6,88.5,79.3,54.8,44.5
1006026,33.1,19.2,27,26.7,0,87,79.3,74.8,60.6,6.1
1006028,29.4,NA,NA,45.5,0,77.1,NA,NA,90.1,6.1
1006029,55,NA,NA,42.9,0,99.5,NA,NA,87.6,6.1
1006031,37.3,23.2,34,77.6,7.5,93.7,88.5,88.9,99.8,47
1007001,35,19.8,33.6,13.2,5.7,90.6,81.3,88.3,31.9,31.5
1007006,29.1,17.8,35.5,13.3,7.6,76.2,74.4,90.5,32.1,47.7
1007009,26.4,18.4,35.5,8.8,4.9,66.1,76.4,90.5,24.4,24.5
1007013,22.4,14.8,23.8,9.3,2.5,49.1,59.1,63.8,25.4,13.2
1007014,33.6,19.6,39,39.3,14.3,88.3,80.7,94.2,83.5,78.5
1007015,26.7,NA,NA,57.1,28.6,67.1,NA,NA,97,90.2
1007016,31.9,26.8,34,37.5,12.5,84.3,92.1,88.9,80.7,73.7
1007018,37.5,NA,NA,20,20,94,NA,NA,45.1,85.1
1007020,30.2,19.5,28,43.8,6.2,79.4,80,77.1,88.5,36.3
1007022,30.9,23.9,34.8,26.5,3.9,81.6,89.3,89.7,60.2,17.7
1007023,30.7,22.5,34.8,38.1,6.1,81,87.3,89.7,81.7,35.4
1007024,33.3,23,32,50,9.4,87.7,88.1,86,93.5,60.8
1007025,33.3,NA,NA,NA,NA,87.7,NA,NA,NA,NA
1007026,NA,NA,NA,NA,NA,NA,NA,NA,NA,NA
1007027,46.7,NA,NA,30,0,98.6,NA,NA,67.2,6.1
1007028,34.7,25.6,43,17.3,0,90,91,96.5,38.9,6.1
1007031,28.6,19.4,37.2,16.4,8.6,74.4,79.7,93.1,37.3,55.8
1007032,30.4,20,30,30.8,0,80,82,81.9,68.7,6.1
1007036,34,16,27,11.8,0,89.1,65.8,74.8,29.8,6.1
1007037,33.9,14.8,24,8.8,0,88.9,59.1,65.9,24.4,6.1
1007038,38.5,15,18,18.2,0,94.8,60.3,44,41,6.1
1007039,45.8,NA,NA,22.2,0,98.5,NA,NA,50.3,6.1
1007040,55,NA,NA,36.4,0,99.5,NA,NA,79.1,6.1
1007041,39.1,NA,NA,42.9,21.4,95.4,NA,NA,87.6,86.1
1007042,40,17.6,25,28.8,5.8,96.2,73.8,69.6,64.7,32.6
1007043,31.7,NA,NA,13.6,0,83.9,NA,NA,32.6,6.1
1007044,30.8,18.6,31.6,21.3,8.5,81.3,77.3,84.9,48.2,54.9
1007045,27.3,NA,NA,0,0,69.6,NA,NA,7,6.1
1007046,31.8,NA,NA,18.2,18.2,84.1,NA,NA,41,83.6
1007047,29.2,20.6,32.8,17.4,8.1,76.5,83.5,87.3,39.1,52
1007048,40,NA,NA,25,0,96.2,NA,NA,56.8,6.1
1007049,30.3,29.2,48,23.5,11.1,79.6,93.7,98.3,53.6,69
1007050,38.8,22,30,19,8,95.2,86.4,81.9,42.8,51.1
1007051,33.3,NA,NA,NA,NA,87.7,NA,NA,NA,NA
1007054,31.4,11,28,37.5,12.5,83.2,34.4,77.1,80.7,73.7
1007056,28.6,NA,NA,27.3,0,74.4,NA,NA,61.6,6.1
1007057,21.7,26.8,52,14,4,46.1,92.1,99.3,33.1,18.2
1007060,33.7,15.3,25.8,32,5.5,88.5,62.2,71.2,71.2,29.5
1007067,23.5,NA,NA,20,0,53.6,NA,NA,45.1,6.1
1008001,39.3,NA,NA,0,0,95.5,NA,NA,7,6.1
1008004,27.1,10.8,20,20.8,4.2,68.8,32.8,52,47,19.5
1008006,28.6,22.4,44,22,13.4,74.4,87.1,97,49.7,76.2
1008008,29.1,27.4,47,14,8,76.2,92.5,98.1,33.1,51.1
1008011,31.8,29,49,16.9,2.8,84.1,93.6,98.5,38.1,13.7
1008024,54.1,NA,NA,55,0,99.5,NA,NA,96,6.1
1008026,33.3,NA,NA,15.4,0,87.7,NA,NA,35.4,6.1
1008029,32.3,NA,NA,21.4,0,85.3,NA,NA,48.5,6.1
1008031,31.6,27.6,46.4,22.9,9.6,83.7,92.8,98,52,61.9
1008032,33.3,NA,NA,34.8,8.7,87.7,NA,NA,76.5,56.5
1008033,29.2,24.8,46,18.2,5.2,76.5,90.2,97.9,41,26.8
1008035,36.6,21,36.8,25.4,5,92.8,84.5,92.7,58,25.2
1008036,39,23.6,40,18.4,7.9,95.4,89.1,95.1,41.5,50.2
1008037,34.8,17.6,27,14,18.6,90.2,73.8,74.8,33.1,84.1
1008038,30.4,22,37,7,9.3,80,86.4,92.9,21.6,60.2
1008039,34.8,25.6,39,9.1,0,90.2,91,94.2,24.9,6.1
1008040,36,24,46,8.7,0,92,89.5,97.9,24.2,6.1
1008042,31,25.2,52,15.9,8.7,81.9,90.7,99.3,36.5,56.5
1008043,30.1,22.8,39,21.3,13.1,79.2,87.7,94.2,48.2,75.3
1008044,36.5,19.2,26.4,18.9,4.5,92.7,79.3,73.9,42.6,21.4
1008045,31.3,NA,NA,17.4,17.4,82.9,NA,NA,39.1,82.8
1008046,40,32.4,42,23.7,7.9,96.2,95.4,96.2,53.9,50.2
1008047,32.1,NA,NA,18.2,0,84.8,NA,NA,41,6.1
1008048,37.3,16.5,40,9.7,9.7,93.7,68,95.1,26.1,62.3
1008049,38.3,24,41,20,13.8,94.6,89.5,95.8,45.1,77.1
1008052,NA,NA,NA,NA,NA,NA,NA,NA,NA,NA
1008053,28.1,27,48,28.1,0,72.4,92.3,98.3,62.9,6.1
1008054,25.7,19.4,45,12.8,3.8,63.5,79.7,97.6,31.1,17.1
1008055,21.2,NA,NA,0,0,43.4,NA,NA,7,6.1
1008056,35.3,NA,NA,30,0,91,NA,NA,67.2,6.1
1008058,38.1,17.2,26,3.9,3.9,94.4,71.8,72.5,16.8,17.7
1008059,29.8,28.4,50,22.5,12.5,78.4,93.3,98.9,51.1,73.7
1008060,31.9,21.6,35.5,25.7,7.1,84.3,85.6,90.5,58.7,43.5
1008061,31.7,21.5,36,17.1,5.8,83.9,85.3,91.5,38.5,32.6
1008062,33.3,NA,NA,NA,NA,87.7,NA,NA,NA,NA
1008063,40,NA,NA,0,0,96.2,NA,NA,7,6.1
1008064,NA,NA,NA,NA,NA,NA,NA,NA,NA,NA
1008065,33.9,25,40,32.3,19.4,88.9,90.4,95.1,71.7,84.6
1008066,42.1,NA,NA,0,14.3,97.2,NA,NA,7,78.5
1008067,30.9,22,44,0,0,81.6,86.4,97,7,6.1
1008069,26.2,17.6,39,10.3,5.2,65.2,73.8,94.2,26.9,26.8
1008070,20,NA,NA,NA,NA,38,NA,NA,NA,NA
1008071,21.3,22,48,8,16,43.9,86.4,98.3,23,81.2
1008072,21.3,24,52,21.1,10.5,43.9,89.5,99.3,47.6,66.6
1008073,NA,NA,NA,NA,NA,NA,NA,NA,NA,NA
1008074,24.4,21.2,34,20.7,6.9,57.5,85,88.9,46.8,41.6
1008075,35.7,NA,NA,12.5,0,91.7,NA,NA,30.6,6.1
1008076,25.6,19.8,41,16.7,8.3,63.1,81.3,95.8,37.7,53.5
1008077,21.7,NA,NA,35.7,14.3,46.1,NA,NA,77.9,78.5
1008078,48.3,NA,NA,21.4,0,99,NA,NA,48.5,6.1
1008079,22.5,14.3,28.4,9,3.6,49.5,56.2,78.9,24.7,16.2
1008091,33.9,26,54,33.3,6.7,88.9,91.5,99.6,73.8,40.1
1008092,36.4,NA,NA,18.2,27.3,92.5,NA,NA,41,89.7
1008093,27,NA,NA,37.5,25,68.4,NA,NA,80.7,88.6
1008095,23.3,12,36,15.4,7.7,52.8,41.4,91.5,35.4,48.6
1008096,35.9,NA,NA,10,10,92,NA,NA,26.4,64.5
1008098,52.6,NA,NA,0,0,99.4,NA,NA,7,6.1
1008099,30.7,17.4,36.4,32.6,6.2,81,72.6,92.4,72.2,36.3
1009001,50,NA,NA,0,0,99.2,NA,NA,7,6.1
1009004,33.7,29.6,51,16.7,7.1,88.5,94,99.2,37.7,43.5
1009007,30.6,22.8,42,16,8,80.6,87.7,96.2,36.8,51.1
1009008,44.8,NA,NA,0,0,98.2,NA,NA,7,6.1
1009009,43.2,NA,NA,0,0,97.6,NA,NA,7,6.1
1009010,25.5,25.2,44,23.3,11.6,62.8,90.7,97,53.1,70.8
1009011,44.9,NA,NA,17.9,14.3,98.2,NA,NA,40.1,78.5
1009012,33.1,14.8,23,20,10.9,87,59.1,62.3,45.1,68.2
1009013,29.9,15,31.2,11.4,5.7,78.6,60.3,84.5,29.2,31.5
1009015,38.6,NA,NA,22.2,14.8,95,NA,NA,50.3,79.6
1009016,30.4,14.4,30,13.5,8.1,80,56.8,81.9,32.5,52
1009017,31.1,26.8,44,8.3,0,82.2,92.1,97,23.6,6.1
1009018,23.7,18,40,19,9.5,54.5,75.1,95.1,42.8,61.4
1009019,28.9,10.8,24,15.2,9.1,75.5,32.8,65.9,35,58.9
1009020,37.5,NA,NA,23.5,23.5,94,NA,NA,53.6,87.5
1009021,30.4,16.1,35.6,8.1,4,80,66.5,90.6,23.2,18.2
1009022,30.4,20.4,34,7.6,6.3,80,83.2,88.9,22.5,37.1
1009023,24.6,14.4,32,11.5,0,58.3,56.8,86,29.3,6.1
1009024,47.3,NA,NA,0,8,98.7,NA,NA,7,51.1
1009026,29.4,NA,NA,0,0,77.1,NA,NA,7,6.1
1009028,38.8,NA,NA,19.2,0,95.2,NA,NA,43.3,6.1
1009029,28.9,11.3,20.4,15.7,2.2,75.5,36.7,54.5,35.9,12.8
1009030,31.3,NA,NA,34.8,8.7,82.9,NA,NA,76.5,56.5
1009031,34,20,36,8.3,8.3,89.1,82,91.5,23.6,53.5
1009032,27.3,16,31,12.1,5.2,69.6,65.8,84,30.1,26.8
1009034,47.8,NA,NA,21.4,14.3,98.9,NA,NA,48.5,78.5
1009035,40,NA,NA,14.3,0,96.2,NA,NA,33.5,6.1
1009037,NA,NA,NA,NA,NA,NA,NA,NA,NA,NA
1009039,22.9,NA,NA,18.2,0,51.2,NA,NA,41,6.1
1009041,35.5,NA,NA,0,0,91.3,NA,NA,7,6.1
1009042,60,NA,NA,0,0,99.7,NA,NA,7,6.1
1009047,25,NA,NA,0,0,60.4,NA,NA,7,6.1
1009048,32.4,NA,NA,0,0,85.6,NA,NA,7,6.1
1010001,27.3,NA,NA,0,0,69.6,NA,NA,7,6.1
1010002,28.8,12.2,35,0,6,75.1,42.8,90.1,7,34.4
1010003,34.5,NA,NA,0,0,89.7,NA,NA,7,6.1
1010004,27.3,NA,NA,0,9.1,69.6,NA,NA,7,58.9
1010005,29.3,16,42,8.6,5.7,76.8,65.8,96.2,24,31.5
1010006,35,NA,NA,0,0,90.6,NA,NA,7,6.1
1010007,30.8,NA,NA,0,0,81.3,NA,NA,7,6.1
1010008,18.6,NA,NA,0,16.7,32.3,NA,NA,7,81.9
1010009,18.5,10.4,40,0,9.4,31.8,30.5,95.1,7,60.8
1010010,25,NA,NA,14.3,14.3,60.4,NA,NA,33.5,78.5
1010011,23.8,7.6,32,0,12.5,54.9,13.6,86,7,73.7
1010012,21.6,12.4,40,12.2,22,45.6,44.1,95.1,30.2,86.5
1010013,16.9,8,24,0,0,26,15.3,65.9,7,6.1
1010020,36.4,NA,NA,0,0,92.5,NA,NA,7,6.1
1010022,24.1,8.8,14,8.2,4.1,56.2,20.1,28,23.4,18.9
1010025,12.9,8,12,16,5.7,14.6,15.3,19.5,36.8,31.5
1010029,2.7,2.8,NA,0,0,0.8,0.2,NA,7,6.1
1010032,11.2,4.6,7.2,6.2,5.7,12.1,2.1,3.6,20.2,31.5
1010034,10.9,3.4,6,6.2,3.7,11.5,0.5,1.9,20.2,16.6
1010042,NA,NA,NA,NA,NA,NA,NA,NA,NA,NA
1010801,2.3,9.4,NA,0,43.6,0.7,23.8,NA,7,95.8
1010802,6.1,19.8,20,0,17.6,5.1,81.3,52,7,83
1011005,NA,NA,NA,NA,NA,NA,NA,NA,NA,NA
1011010,15.4,27.2,36,0,36,20.7,92.4,91.5,7,93.3
1011015,21.1,NA,NA,0,20,42.9,NA,NA,7,85.1
1011020,11,14,32,6.9,24.1,11.6,54.5,86,21.4,87.9
1011030,5.9,30.6,24,0,25.6,4.9,94.8,65.9,7,89.1
1011035,5.9,18.4,32,4.1,26.5,4.9,76.4,86,17,89.4
1011040,NA,NA,NA,NA,NA,NA,NA,NA,NA,NA
1101002,35.7,14,22,51.7,6.9,91.7,54.5,59.1,94.6,41.6
1101003,23.8,15.4,20,40,9.1,54.9,62.6,52,84.3,58.9
1101004,26.9,22,26,51.7,17.2,68,86.4,72.5,94.6,82.6
1101005,22.2,15.6,18.5,31.6,11.4,48.4,63.7,46.4,70.1,70
1101020,16,NA,NA,22.2,0,22.7,NA,NA,50.3,6.1
1101025,25.9,NA,NA,46.2,0,64.1,NA,NA,90.7,6.1
1101027,20.8,22.4,26,32.4,5.9,41.4,87.1,72.5,71.9,33.5
1101030,24.4,NA,NA,31.6,0,57.5,NA,NA,70.1,6.1
1101033,25,6.8,14,18.8,9.4,60.4,9.6,28,42.4,60.8
1101035,22.1,12.4,25.2,30.2,10.1,47.8,44.1,70.5,67.6,65.1
1101036,31,25.6,35,29.2,6.2,81.9,91,90.1,65.4,36.3
1101037,25.5,20,30,33.3,11.1,62.8,82,81.9,73.8,69
1101040,27,12.6,22,25,3.8,68.4,45.3,59.1,56.8,17.1
1101043,23.6,9.6,11,26.2,8.7,54.1,25.2,15.1,59.6,56.5
1101044,21.7,NA,NA,22.7,0,46.1,NA,NA,51.5,6.1
1101045,22.5,17.3,23.8,25.5,9.8,49.5,72.2,63.8,58.2,63.1
1101048,22.2,12,32,33.3,0,48.4,41.4,86,73.8,6.1
1101050,NA,NA,NA,NA,NA,NA,NA,NA,NA,NA
1101052,20.9,10.8,14,26.7,13.3,41.8,32.8,28,60.6,75.9
1102002,28.5,14.6,26,42.2,10.4,73.9,58,72.5,86.9,66.2
1102003,11.6,NA,NA,33.3,22.2,12.5,NA,NA,73.8,86.8
1102005,13.3,NA,NA,66.7,0,15.4,NA,NA,99.1,6.1
1102010,14,8.7,15.2,15.3,9.7,17.3,19.3,32.7,35.2,62.3
1102011,22.7,NA,NA,29.4,0,50.3,NA,NA,65.9,6.1
1102013,18,8.5,NA,15,0,29.8,18.2,NA,34.7,6.1
1102015,10.8,9.5,NA,10.7,0,11.4,24.3,NA,27.7,6.1
1102016,15.4,10.9,21.6,33.7,9.6,20.7,33.6,57.4,74.9,61.9
1102017,18.7,11,18.8,18.8,8.8,32.7,34.4,46.9,42.4,57.2
1102018,21.2,12.6,19,26.5,9.8,43.4,45.3,47.7,60.2,63.1
1102019,30.8,9,12,21.4,7.1,81.3,21.6,19.5,48.5,43.5
1102020,22.2,NA,NA,47.1,11.8,48.4,NA,NA,91.5,71.5
1102021,16.2,6.8,16,33.3,7.4,23.4,9.6,36.3,73.8,46.1
1102022,14,4.8,10,22.8,10.1,17.3,2.4,11.7,51.8,65.1
1102030,0,NA,NA,0,0,0.2,NA,NA,7,6.1
1102032,32.1,NA,NA,60,0,84.8,NA,NA,97.9,6.1
1102034,30.1,16.5,40,37.5,16.7,79.2,68,95.1,80.7,81.9
1102035,10,NA,NA,22.2,0,10.4,NA,NA,50.3,6.1
1102037,17.9,8,14,9.6,3.8,29.4,15.3,28,25.9,17.1
1102040,17.6,10.6,19,18.6,8.2,28.3,31.7,47.7,41.9,52.7
1102043,25.6,18,26,42.9,14.3,63.1,75.1,72.5,87.6,78.5
1102045,22.5,15.6,8,25.9,18.5,49.5,63.7,5.4,59,83.9
1102046,38.8,20,23,18.8,3.1,95.2,82,62.3,42.4,14.4
1102050,21.4,NA,NA,35.3,17.6,44.5,NA,NA,77.3,83
1102051,17.6,NA,NA,64.3,0,28.3,NA,NA,98.7,6.1
1102055,17.9,8,16,29.8,10.6,29.4,15.3,36.3,66.6,67
1102057,4.3,NA,NA,0,20,2.5,NA,NA,7,85.1
1102059,17.8,NA,NA,59.1,18.2,28.9,NA,NA,97.6,83.6
1102061,16.7,5,NA,26.7,0,25.1,2.8,NA,60.6,6.1
1102064,19.3,9.2,14.8,20.2,7.7,35.1,22.9,31.1,45.6,48.6
1102066,20,11.2,20,30.4,8.7,38,36,52,68,56.5
1102067,17.6,7.3,11.6,8.7,7.1,28.3,12.1,17.1,24.2,43.5
1102068,19.6,9.3,12.2,17.5,5.6,36.2,23.4,21.3,39.2,30.4
1102069,16.4,7.6,20,24,8,24,13.6,52,54.8,51.1
1102070,16,6.8,8,18.5,0,22.7,9.6,5.4,41.7,6.1
1102071,25.7,8.2,13.2,25.2,8.7,63.5,16.4,24.8,57.5,56.5
1102072,15.6,NA,NA,0,0,21.3,NA,NA,7,6.1
1102073,15.3,6.5,10,18,11.7,20.4,8.1,11.7,40.4,71.1
1102075,21,17.4,18.5,20.8,5.7,42.2,72.6,46.4,47,31.5
1102080,18.4,9.5,9.4,5.4,3.1,31.5,24.3,9.3,19.3,14.4
1102085,16.9,9.8,13.6,5.3,3.4,26,26.6,25.8,19,15.4
1103002,19.1,7.6,9,30.5,10.2,34.4,13.6,8.2,68.1,65.5
1103003,21.8,9.6,14,35.2,7.4,46.6,25.2,28,77.1,46.1
1103004,20.9,15.4,24,46.7,8.9,41.8,62.6,65.9,91.2,57.8
1103005,18.5,13.4,24,50.7,16.9,31.8,51,65.9,94.2,82.3
1103007,26.9,10,14,33.7,7.7,68,28,28,74.9,48.6
1103008,17.9,10.8,18,41.9,6.5,29.4,32.8,44,86.5,38.4
1103014,27.3,17.2,31.2,28.3,9.8,69.6,71.8,84.5,63.3,63.1
1103015,21,14,24,56.5,30.4,42.2,54.5,65.9,96.8,91
1103018,16.7,NA,NA,23.5,0,25.1,NA,NA,53.6,6.1
1103020,22.1,11.6,24.8,26.3,9.6,47.8,38.6,68.7,59.8,61.9
1103021,22.6,8.8,18,29.6,9.3,49.9,20.1,44,66.3,60.2
1103022,18.6,NA,NA,25,12.5,32.3,NA,NA,56.8,73.7
1103023,20.6,15.2,20,22.2,18.5,40.6,61.4,52,50.3,83.9
1103024,19.7,9.8,24,19.5,3.9,36.7,26.6,65.9,43.9,17.7
1103025,24.3,16.1,23.8,28.1,6.5,57.1,66.5,63.8,62.9,38.4
1103027,23.5,10,34,11.8,0,53.6,28,88.9,29.8,6.1
1103029,42.2,17,28,22.7,9.1,97.2,70.6,77.1,51.5,58.9
1103033,34.8,NA,NA,33.3,0,90.2,NA,NA,73.8,6.1
1103035,4.9,26,20,9.1,36.4,3.3,91.5,52,24.9,93.4
1103039,22.6,14.2,19,31.9,4.3,49.9,55.7,47.7,70.9,20.2
1103040,16.5,15.6,24,23.2,4.3,24.3,63.7,65.9,52.9,20.2
1103042,31.4,30,46,32.9,9.2,83.2,94.3,97.9,72.7,59.6
1103043,21.7,17.8,27,37.4,13.2,46.1,74.4,74.8,80.4,75.5
1103050,28.1,NA,NA,18.8,0,72.4,NA,NA,42.4,6.1
1103052,32.3,21,33,18.8,4.5,85.3,84.5,87.7,42.4,21.4
1103053,25.4,8,28,23.1,7.7,62.4,15.3,77.1,52.6,48.6
1103055,17,10,12,26.1,13,26.4,28,19.5,59.4,75
1103057,38.5,NA,NA,42.9,0,94.8,NA,NA,87.6,6.1
1103059,27.5,18,33,35.8,9,70.3,75.1,87.7,78.2,58.3
1103060,16.7,NA,NA,100,33.3,25.1,NA,NA,100,92.2
1103061,19.2,8.8,27.2,17.3,4.3,34.7,20.1,75.2,38.9,20.2
1103062,36.7,NA,NA,41.7,0,93,NA,NA,86.2,6.1
1103063,26.3,16.6,36.5,20.9,5.5,65.7,68.6,92.6,47.2,29.5
1103064,18.6,8.8,17.5,18.8,6.1,32.3,20.1,41.7,42.4,35.4
1103065,20.5,13.2,26,42.7,7.8,40.2,49.9,72.5,87.2,49.5
1103066,27.7,NA,NA,46.7,20,70.8,NA,NA,91.2,85.1
1103067,18.6,10.3,14.8,23.9,10.1,32.3,29.8,31.1,54.5,65.1
1103068,23.5,NA,NA,0,0,53.6,NA,NA,7,6.1
1201001,25.1,15.8,31.3,26.8,9.6,61.2,64.7,84.7,60.8,61.9
1201004,20.7,20.4,37,42.5,12.3,41,83.2,92.9,87.1,73.1
1201006,29,19,26.6,33.7,6.6,75.9,78.8,74.1,74.9,39.2
1201008,27.1,25.8,31.2,50.9,10.1,68.8,91.2,84.5,94.3,65.1
1201009,44.2,21.2,30,66,14.9,97.8,85,81.9,98.9,79.7
1202001,26.7,14.4,28.3,36.8,10,67.1,56.8,78.7,79.8,64.5
1202004,25.8,15,24.5,30.8,12,63.8,60.3,68.3,68.7,72.2
1202006,27.1,27.5,33.8,47.2,9,68.8,92.6,88.4,91.7,58.3
1202040,11.1,NA,NA,0,0,11.9,NA,NA,7,6.1
1203001,31,17.5,27.8,38.6,9.8,81.9,73.1,75.7,82.5,63.1
1203004,29.1,23.5,31.5,44.6,15.7,76.2,88.9,84.8,89.4,80.7
1203006,33.5,31.4,33.6,43.7,9.7,88.2,95.1,88.3,88.4,62.3
1203009,3.6,NA,NA,0,0,1.6,NA,NA,7,6.1
1204001,NA,NA,NA,NA,NA,NA,NA,NA,NA,NA
1204009,NA,NA,NA,NA,NA,NA,NA,NA,NA,NA
1204010,31.5,20.9,26,43.7,12.5,83.4,84.1,72.5,88.4,73.7
1204015,10,NA,NA,0,0,10.4,NA,NA,7,6.1
1205001,24.3,19,26.2,27.5,11.4,57.1,78.8,73.8,62,70
1205002,NA,NA,NA,NA,NA,NA,NA,NA,NA,NA
1205004,33.4,24,26.7,50.4,12.8,88.1,89.5,74.2,94,74.5
1205006,NA,NA,NA,NA,NA,NA,NA,NA,NA,NA
1205008,50.9,26,27,65.6,12.5,99.3,91.5,74.8,98.8,73.7
1205009,30.2,23,27.4,51,12.1,79.4,88.1,75.4,94.3,72.5
1205014,23.1,17.4,25.4,28.7,11.1,52,72.6,70.8,64.5,69
1205016,30.7,27.1,31.2,41.3,12,81,92.3,84.5,85.7,72.2
1206001,28.6,14.9,21.6,31.9,9.5,74.4,59.7,57.4,70.9,61.4
1206004,29.9,18.8,23.6,27.3,8.5,78.6,78,63.6,61.6,54.9
1206006,36.3,16.8,22.6,63.3,7.3,92.4,69.5,61.3,98.5,45.2
1206008,40.8,18.8,21,53.8,5.8,96.6,78,55.9,95.5,32.6
1206009,30.6,16.8,22,28.6,9.2,80.6,69.5,59.1,64.1,59.6
1206011,6.3,NA,NA,0,0,5.4,NA,NA,7,6.1
1206014,NA,NA,NA,NA,NA,NA,NA,NA,NA,NA
1206016,NA,NA,NA,NA,NA,NA,NA,NA,NA,NA
1207001,21.5,14.7,20.7,25.1,8,45.1,58.4,54.7,57.4,51.1
1207002,19.5,20,35,10.9,9.4,35.7,82,90.1,28.1,60.8
1207004,35.8,17.4,22,25.8,5.3,91.9,72.6,59.1,58.9,27.7
1207011,24.2,15.9,25,12.9,6.1,56.6,65,69.6,31.3,35.4
1207012,24.7,14.5,18,38.1,7.8,58.8,57.4,44,81.7,49.5
1207016,22,17.2,22.3,27.8,9.3,47.4,71.8,60.8,62.5,60.2
1207021,27.2,14.4,20.8,30.3,9,69.2,56.8,55,67.8,58.3
1207024,26.3,20.2,13.9,22.7,6.6,65.7,82.7,26.4,51.5,39.2
1207027,9.1,NA,NA,0,0,9,NA,NA,7,6.1
1208003,24.7,15.4,23.7,31.5,10.4,58.8,62.6,63.8,69.8,66.2
1208008,18.4,10.4,18,16.6,8,31.5,30.5,44,37.4,51.1
1208014,14.8,24.8,25.2,15.9,28.6,19,90.2,70.5,36.5,90.2
1209019,51.2,NA,NA,0,0,99.3,NA,NA,7,6.1
1209034,17.3,12,13.2,18.2,6.4,27.3,41.4,24.8,41,37.7
1209037,NA,NA,NA,NA,NA,NA,NA,NA,NA,NA
1209038,NA,NA,NA,NA,NA,NA,NA,NA,NA,NA
1209800,NA,NA,NA,NA,NA,NA,NA,NA,NA,NA
1210001,21.6,13,19.8,19.6,9.1,45.6,48.3,49.7,44.2,58.9
1210002,24,15.7,24,21.5,9.7,55.7,64.4,65.9,48.8,62.3
1210003,12.5,33.6,36,4.5,10.6,14,96.1,91.5,17.7,67
1210006,26.5,20.3,24.4,40.5,8.3,66.4,82.9,68.2,84.9,53.5
1210008,24.6,14.2,21.3,19.8,7.7,58.3,55.7,57,44.6,48.6
1210012,25.8,16.7,25.8,36.2,8.8,63.8,68.9,71.2,78.7,57.2
1211001,33.8,27.1,31.9,56.2,13.2,88.7,92.3,85.1,96.7,75.5
1211006,26.6,20.9,29.3,44.6,14,66.7,84.1,80.5,89.4,77.7
1211009,28.4,15.2,21.3,21.4,8.9,73.6,61.4,57,48.5,57.8
1211011,26.2,22,29.2,44.5,12.1,65.2,86.4,80.3,89.4,72.5
1211012,22.2,22.8,29,51.9,12.3,48.4,87.7,79.8,94.6,73.1
1211014,35.4,18.9,21.2,34.7,9.9,91.2,78.4,56.8,76.3,63.8
1212001,29.5,14.2,19.5,30,8.8,77.5,55.7,49,67.2,57.2
1212004,30.3,19.6,22.2,49.3,10,79.6,80.7,60.7,92.8,64.5
1212006,27.1,13.4,20.8,25.5,8.6,68.8,51,55,58.2,55.8
1212008,23.6,17.6,24.2,38,9.9,54.1,73.8,67.9,81.5,63.8
1212009,22.6,17.3,25.2,42.8,10.4,49.9,72.2,70.5,87.3,66.2
1212011,26.3,13.7,19.5,27.3,10.6,65.7,52.9,49,61.6,67
1212014,26.3,19.6,24.2,44.2,9.8,65.7,80.7,67.9,88.8,63.1
1212016,22.7,18.8,24.8,50.5,17.4,50.3,78,68.7,94.1,82.8
1212019,6.7,18.4,50,0,32.3,6,76.4,98.9,7,91.6
1212023,NA,NA,NA,NA,NA,NA,NA,NA,NA,NA
1213001,33.3,20.5,29.8,30,13.8,87.7,83.4,80.8,67.2,77.1
1213004,35.2,23.9,36.2,29.1,11.5,90.9,89.3,92.4,65.2,70.4
1213008,30.2,20.4,32,41.4,15.5,79.4,83.2,86,85.9,80.4
1214001,25.3,10.4,13.9,11.9,6.1,62,30.5,26.4,30,35.4
1214002,24.8,22,22.8,19.5,6.3,59.1,86.4,61.6,43.9,37.1
1214006,22.6,13,24.2,21.6,6.6,49.9,48.3,67.9,49,39.2
1214010,4.1,38.5,30,0,29.6,2.3,97.4,81.9,7,90.6
1215001,30.4,14.1,13.2,20.2,10.1,80,55.1,24.8,45.6,65.1
1215002,24.3,17.7,18.8,18,7.8,57.1,74.2,46.9,40.4,49.5
1215005,NA,NA,NA,NA,NA,NA,NA,NA,NA,NA
1215006,31.8,14.5,17.8,29.6,9,84.1,57.4,42.4,66.3,58.3
1215008,4.6,29.8,24,0,26.4,3,94.1,65.9,7,89.4
1215011,33.6,14.6,22.3,35.3,10.9,88.3,58,60.8,77.3,68.2
1216001,30.6,16.6,24.8,33.4,10,80.6,68.6,68.7,74.6,64.5
1216006,32.5,16.7,24.6,23.6,8.9,85.9,68.9,68.5,53.8,57.8
1216011,36.3,19.6,22.8,34.2,11.6,92.4,80.7,61.6,75.5,70.8
1216014,6.2,24,20,7.4,22.2,5.3,89.5,52,22.2,86.8
1217008,8.2,31.2,32,4.9,13.4,7.7,95.1,86,18.3,76.2
1217020,6.4,39.4,34,5.6,19,5.6,97.6,88.9,19.4,84.3
1217030,26.7,17.4,21.3,37.3,9.3,67.1,72.6,57,80.3,60.2
1218001,32.4,13.1,17.4,30.6,11.3,85.6,49.1,41.4,68.3,69.8
1218003,9.4,33.6,38,5,25,9.6,96.1,93.6,18.4,88.6
1218006,27.5,16.5,27,31.3,9.5,70.3,68,74.8,69.5,61.4
1301001,24.7,15.6,27,10.8,5.4,58.8,63.7,74.8,28,28.6
1301002,32.8,17,28,42.9,10.7,86.4,70.6,77.1,87.6,67.5
1301004,16.9,9.6,15.2,8.5,5.7,26,25.2,32.7,23.9,31.5
1301006,20.5,17.8,20.8,35.6,9.1,40.2,74.4,55,77.7,58.9
1301016,20.3,8.8,13,18.9,5.7,39.4,20.1,23.7,42.6,31.5
1302001,29.6,NA,NA,40,20,77.8,NA,NA,84.3,85.1
1302004,26.8,16.8,27,32.9,9.4,67.6,69.5,74.8,72.7,60.8
1302006,27.8,17.6,27,50.7,2.9,71.2,73.8,74.8,94.2,13.9
1302008,28.6,11.2,19,26,13,74.4,36,47.7,59.2,75
1302011,22.1,13.3,18.4,20.4,9.4,47.8,50.6,45.9,46.2,60.8
1302012,20.4,17.6,24,55.8,11.7,39.8,73.8,65.9,96.5,71.1
1302014,38.5,NA,NA,0,0,94.8,NA,NA,7,6.1
1302016,21,12.3,20.8,19.6,9.1,42.2,43.4,55,44.2,58.9
1302018,23.7,13.1,22.8,31.7,5.8,54.5,49.1,61.6,70.4,32.6
1302021,30.3,18,27,12.7,9.5,79.6,75.1,74.8,30.9,61.4
1302024,28.2,8.8,6,14.8,9.3,72.7,20.1,1.9,34.3,60.2
1302026,33.7,13.8,12,41.6,8.1,88.5,53.4,19.5,86.1,52
1302028,26.4,13.6,17,25.5,7.3,66.1,52.2,40.2,58.2,45.2
1302031,28.3,8.4,6,15.2,8.7,73.2,17.4,1.9,35,56.5
1302034,22.2,17.2,26.8,17,12.1,48.4,71.8,74.3,38.3,72.5
1302037,25.7,21,22.6,55.7,10.8,63.5,84.5,61.3,96.4,67.9
1302039,26,18.4,28,32.2,12.2,64.4,76.4,77.1,71.6,72.8
1302042,25.5,16.8,21,16,11.5,62.8,69.5,55.9,36.8,70.4
1302044,21.7,22,32,29,0,46.1,86.4,86,65.1,6.1
1302052,22,13.2,24,35.2,12.3,47.4,49.9,65.9,77.1,73.1
1303001,21.8,14.2,22,34.3,13.4,46.6,55.7,59.1,75.6,76.2
1303004,18.6,17.2,28,12.2,9.8,32.3,71.8,77.1,30.2,63.1
1303005,21.3,14.4,26,31.4,21.6,43.9,56.8,72.5,69.7,86.2
1303006,26.6,11.6,18,34.5,15.5,66.7,38.6,44,76.1,80.4
1303008,12.4,7.1,13,5.8,6.6,13.7,11.1,23.7,19.6,39.2
1303011,15.1,6.3,8.8,10.7,7.5,19.8,7.1,7.5,27.7,47
1303012,10.8,4.7,11.4,17.9,5.6,11.4,2.3,16.4,40.1,30.4
1303013,10.2,13,16,0,13.6,10.8,48.3,36.3,7,76.6
1303014,25.4,18.6,26,15.4,7.7,62.4,77.3,72.5,35.4,48.6
1303016,16.9,8.4,13.2,9.1,9.1,26,17.4,24.8,24.9,58.9
1303018,26.1,16.8,24,20.8,11.3,64.8,69.5,65.9,47,69.8
1304001,23.2,9.6,20,19.7,13.1,52.4,25.2,52,44.4,75.3
1304004,21.5,12.4,20,41.9,19.4,45.1,44.1,52,86.5,84.6
1304005,36.3,12.2,15,33.3,4.5,92.4,42.8,31.9,73.8,21.4
1304006,31.6,25,38,48.4,12.9,83.7,90.4,93.6,92.6,74.7
1304008,42.7,20,36,26.3,7.9,97.3,82,91.5,59.8,50.2
1304011,32.8,14.2,15,21.6,17.6,86.4,55.7,31.9,49,83
1304013,35,19.6,24,27.1,15.3,90.6,80.7,65.9,61.3,80.1
1304014,32.3,23.6,28,33.3,18.2,85.3,89.1,77.1,73.8,83.6
1304016,35.6,NA,NA,30,10,91.5,NA,NA,67.2,64.5
1304018,31.5,15.4,19,23.5,17.3,83.4,62.6,47.7,53.6,82.7
1304021,33,15.7,24,18.6,11.8,86.7,64.4,65.9,41.9,71.5
1304022,31.3,22.4,33.6,42.1,11,82.9,87.1,88.3,86.8,68.5
1304024,31.2,18.8,32,17.6,12.1,82.5,78,86,39.5,72.5
1304025,32.4,23.4,29.2,44.6,14.9,85.6,88.8,80.3,89.4,79.7
1305001,26.8,23,30,22.2,7.4,67.6,88.1,81.9,50.3,46.1
1305004,18.8,15.7,31.2,17.3,10.9,33.1,64.4,84.5,38.9,68.2
1305006,20.2,9.1,13.2,6.9,9.9,38.9,22.3,24.8,21.4,63.8
1305007,23.8,9.1,13.6,17.8,7.5,54.9,22.3,25.8,39.9,47
1305008,14.7,6.8,NA,13.3,0,18.8,9.6,NA,32.1,6.1
1305011,21.3,11.1,14.4,13.1,6.3,43.9,35.3,30.2,31.7,37.1
1305014,22.5,11.1,15.2,13.7,8.1,49.5,35.3,32.7,32.8,52
1305015,20.2,7,13,18.3,5.9,38.9,10.6,23.7,41.3,33.5
1305016,17,12.6,18.5,15.1,6.6,26.4,45.3,46.4,34.8,39.2
1305018,18.4,15.6,23,38.5,14.7,31.5,63.7,62.3,82.4,79.4
1305021,19.8,13.4,17.2,20.4,9.5,37.1,51,41.1,46.2,61.4
1305022,26.8,23.4,26,38.3,5.6,67.6,88.8,72.5,82.1,30.4
1305023,28.5,11.3,17.5,16.9,6.2,73.9,36.7,41.7,38.1,36.3
1305024,21.4,12.4,22,26.8,0,44.5,44.1,59.1,60.8,6.1
1305026,22.1,16.6,26,25.8,13.7,47.8,68.6,72.5,58.9,76.9
1305028,20.2,20.4,30,39.8,14.8,38.9,83.2,81.9,84,79.6
1305031,22.8,15.6,25.8,18.6,6.7,50.7,63.7,71.2,41.9,40.1
1305034,22.8,13.1,21,25.2,8.4,50.7,49.1,55.9,57.5,54.3
1305036,34.2,20,28,11.5,0,89.4,82,77.1,29.3,6.1
1305038,25.2,17,22,19.8,10.4,61.6,70.6,59.1,44.6,66.2
1305045,21.1,7.3,8.4,15.9,5.7,42.9,12.1,6.5,36.5,31.5
1305057,18.1,5.1,10.6,4.4,3.8,30.2,3.1,13.8,17.6,17.1
1306001,25,19.6,26,33.9,14.3,60.4,80.7,72.5,75.1,78.5
1306003,37.1,24,24,66.7,18.5,93.5,89.5,65.9,99.1,83.9
1306004,30.6,20,22,34.2,18.4,80.6,82,59.1,75.5,83.8
1306006,25,7,NA,38.5,7.7,60.4,10.6,NA,82.4,48.6
1306007,NA,NA,NA,NA,NA,NA,NA,NA,NA,NA
1306008,27.7,22,29.2,28.9,14.4,70.8,86.4,80.3,64.9,79
1306011,21.1,15.2,22,30.3,16.4,42.9,61.4,59.1,67.8,81.5
1306014,18.4,9.5,19.4,13.4,7,31.5,24.3,48.7,32.4,42.5
1306020,22.1,8.7,11.9,11.6,4.5,47.8,19.3,17.8,29.5,21.4
1306025,26,15.2,25,45.9,6.3,64.4,61.4,69.6,90.5,37.1
1307001,26.1,13.6,22,41,9.6,64.8,52.2,59.1,85.4,61.9
1307002,29.9,23,28,60.6,24.2,78.6,88.1,77.1,98.1,88
1307004,36.2,18.4,22.4,36.7,7.3,92.3,76.4,61,79.6,45.2
1307005,24,8.5,17.2,15.2,6.5,55.7,18.2,41.1,35,38.4
1307007,26.8,12.1,23.2,14.4,4,67.6,42.4,63,33.8,18.2
1307008,22.4,13.2,23,21.2,12.1,49.1,49.9,62.3,48,72.5
1307009,25.2,15.9,18.2,33.1,7.4,61.6,65,45.6,73,46.1
1307011,27.3,20.8,26,37.5,17.5,69.6,83.9,72.5,80.7,82.9
1307012,15.5,20.4,16,68.3,26.8,21.1,83.2,36.3,99.3,89.6
1307013,21.4,9.1,18.4,29.8,6.5,44.5,22.3,45.9,66.6,38.4
1307014,NA,NA,NA,NA,NA,NA,NA,NA,NA,NA
1307016,26.6,11,17.4,19.8,8.7,66.7,34.4,41.4,44.6,56.5
1307019,18.2,8.2,12.6,10.6,7,30.7,16.4,22.4,27.5,42.5
1307022,19.2,15.4,17.5,20.6,5.8,34.7,62.6,41.7,46.7,32.6
1307024,21.3,13.5,21.2,16.7,8.1,43.9,51.4,56.8,37.7,52
1307028,24.5,13.1,19.2,19.1,8.2,58,49.1,48.4,43.1,52.7
1307029,25.8,15.4,22.8,36.9,8.2,63.8,62.6,61.6,79.9,52.7
1307045,17,8.5,13.8,6.4,3.6,26.4,18.2,26.3,20.6,16.2
1307052,31.3,12.7,21.1,14.1,3.6,82.9,45.8,56.6,33.2,16.2
1308001,25.8,9.6,18,12.3,6.8,63.8,25.2,44,30.3,40.9
1308002,26.3,11.8,22,23,6.6,65.7,40,59.1,52.3,39.2
1308003,15,NA,NA,0,0,19.6,NA,NA,7,6.1
1308004,30.2,12.8,20.2,17.5,8.6,79.4,46.6,54.3,39.2,55.8
1308005,30.5,16.9,30.4,16.9,8.2,80.3,70,83.3,38.1,52.7
1308006,26.4,14.9,22.8,23.2,4.8,66.1,59.7,61.6,52.9,23.7
1308007,26.3,10.9,23.6,11.8,7.8,65.7,33.6,63.6,29.8,49.5
1308008,28,16.4,27,28.4,13.5,72,67.3,74.8,63.6,76.4
1308010,33.3,24,38,32.1,7.1,87.7,89.5,93.6,71.4,43.5
1308012,NA,NA,NA,NA,NA,NA,NA,NA,NA,NA
1308014,27.7,21,31.6,28.2,18.5,70.8,84.5,84.9,63.1,83.9
1308015,9,27.5,30,2,45.1,8.9,92.6,81.9,14.8,96.2
1308016,26.1,17.1,28.8,19,8.5,64.8,71.3,79.3,42.8,54.9
1308017,32,14.4,21,26.8,4.9,84.5,56.8,55.9,60.8,24.5
1308018,33.6,24.8,31.6,35.4,10,88.3,90.2,84.9,77.5,64.5
1308019,28.1,14.6,28.4,11.5,9.8,72.4,58,78.9,29.3,63.1
1308020,8.7,NA,NA,0,44.4,8.4,NA,NA,7,96.1
1308021,30.4,13.2,29.6,16.7,6,80,49.9,80.7,37.7,34.4
1308022,38.8,26.4,30.8,27.6,10.3,95.2,91.8,83.5,62.2,65.8
1308024,24.7,17.6,36,20.9,9,58.8,73.8,91.5,47.2,58.3
1308026,29.4,18.8,41,17.6,12.2,77.1,78,95.8,39.5,72.8
1309001,28.3,16.8,32.4,16.3,10.9,73.2,69.5,87,37.1,68.2
1309004,23.9,14.6,23.2,20.6,9.2,55.3,58,63,46.7,59.6
1309006,21.7,12.8,30,25.6,7,46.1,46.6,81.9,58.5,42.5
1309010,NA,NA,NA,NA,NA,NA,NA,NA,NA,NA
1309011,28.2,11.8,23,29.3,7.3,72.7,40,62.3,65.7,45.2
1309014,22.6,12.6,23,17.3,3.7,49.9,45.3,62.3,38.9,16.6
1309016,28.8,20.2,37,25.5,13.3,75.1,82.7,92.9,58.2,75.9
1309017,38.1,27,42.8,27.5,6.4,94.4,92.3,96.5,62,37.7
1309018,26.8,18.6,35.6,21.2,7.9,67.6,77.3,90.6,48,50.2
1309019,22.4,12.8,20,44.7,9.2,49.1,46.6,52,89.5,59.6
1309021,34.7,23.6,42,36.4,18.2,90,89.1,96.2,79.1,83.6
1309022,32.1,25.8,34,31.7,13.4,84.8,91.2,88.9,70.4,76.2
1309023,8.8,25.6,36,0,23.7,8.6,91,91.5,7,87.6
1309026,26.1,13.6,22.4,17.4,6.9,64.8,52.2,61,39.1,41.6
1309027,30.6,23.3,32.8,30.7,14.6,80.6,88.7,87.3,68.4,79.2
1309028,25.1,13.6,22.8,24.2,9.3,61.2,52.2,61.6,55.2,60.2
1309031,22.2,18,30,16.3,9.2,48.4,75.1,81.9,37.1,59.6
1309033,NA,NA,NA,NA,NA,NA,NA,NA,NA,NA
1309034,NA,NA,NA,NA,NA,NA,NA,NA,NA,NA
1309035,10.1,32.8,32,0,27.7,10.7,95.7,86,7,89.8
1309036,28.4,18.4,33.6,28.4,9.3,73.6,76.4,88.3,63.6,60.2
1309038,29.9,17,26.8,22.9,7.6,78.6,70.6,74.3,52,47.7
1309044,6.9,18,14,3.3,26.4,6.2,75.1,28,16,89.4
1309047,NA,NA,NA,NA,NA,NA,NA,NA,NA,NA
1309050,27.7,14.5,19.2,28.6,7.9,70.8,57.4,48.4,64.1,50.2
1310001,15.2,4.3,8,4.3,4.8,20.1,1.4,5.4,17.4,23.7
1310002,19.7,2.9,3.8,2.3,4.6,36.7,0.2,0.3,15.2,22.2
1310004,26,11.8,16.4,28.8,5.3,64.4,40,38.4,64.7,27.7
1310005,25.9,15.2,18,48.6,5.4,64.1,61.4,44,92.7,28.6
1310006,28.5,21.2,25,70.1,15.9,73.9,85,69.6,99.4,81
1310007,41.7,NA,NA,42.9,0,97,NA,NA,87.6,6.1
1310008,50.9,22,24,25,14.3,99.3,86.4,65.9,56.8,78.5
1310011,27.9,21.2,26,28.6,0,71.7,85,72.5,64.1,6.1
1310012,21.9,17.5,24,79.3,6.9,46.9,73.1,65.9,99.8,41.6
1310013,22.2,NA,NA,35,0,48.4,NA,NA,76.9,6.1
1310014,27.4,10.4,16,21.6,8.1,70,30.5,36.3,49,52
1310016,24.9,14.8,20,17.9,11.6,59.5,59.1,52,40.1,70.8
1310017,15.7,6.6,10.8,2.2,5.8,21.7,8.6,14.3,15,32.6
1310018,19.9,6.5,14,9.7,6.5,37.5,8.1,28,26.1,38.4
1310019,9.6,28.8,36,5.1,23.1,10,93.4,91.5,18.7,87.3
1310021,23.5,15.2,20,14.8,4.6,53.6,61.4,52,34.3,22.2
1310024,24.7,18.2,27.2,17.8,10.9,58.8,75.8,75.2,39.9,68.2
1310025,25.9,16.5,34,45.2,6.5,64.1,68,88.9,89.8,38.4
1310026,22.4,13,18,14.9,10.8,49.1,48.3,44,34.5,67.9
1310028,17.3,10.3,19,14.5,10.4,27.3,29.8,47.7,34,66.2
1310031,14.4,8.6,18.4,11,8.4,18.2,18.8,45.9,28.3,54.3
1310032,19.9,13.5,13.1,19.7,6.3,37.5,51.4,24.3,44.4,37.1
1310034,9.3,23.4,28,4.2,13.9,9.4,88.8,77.1,17.2,77.5
1310036,26.6,19.6,28,31.2,18.2,66.7,80.7,77.1,69.3,83.6
1310037,32.9,23.2,28,33.3,6.1,86.6,88.5,77.1,73.8,35.4
1310054,30.6,14.4,22,8.2,10.6,80.6,56.8,59.1,23.4,67
1311001,18.9,14.8,22,20.6,10.3,33.6,59.1,59.1,46.7,65.8
1311004,18.7,10.7,16,16.3,8.4,32.7,32,36.3,37.1,54.3
1311005,9.2,20.4,50,5.9,23.5,9.3,83.2,98.9,19.8,87.5
1311006,25,19.7,22.4,34.8,8.2,60.4,81.1,61,76.5,52.7
1311008,17.1,11.7,20,15.9,6.2,26.8,39.5,52,36.5,36.3
1311011,20.3,19.8,30.4,21.5,11.1,39.4,81.3,83.3,48.8,69
1311012,25.7,12.6,24,45.9,5.4,63.5,45.3,65.9,90.5,28.6
1311014,21.9,12.4,22,22.9,7.9,46.9,44.1,59.1,52,50.2
1311018,21.6,15.6,20,39.3,14.3,45.6,63.7,52,83.5,78.5
1311019,26.7,18.4,29,32.7,0,67.1,76.4,79.8,72.4,6.1
1311021,21.4,12.8,18,32.5,5,44.5,46.6,44,72.1,25.2
1311024,19.2,16.8,32,24.7,7.2,34.7,69.5,86,55.9,44.5
1311026,24.7,20.4,38,41.8,21.5,58.8,83.2,93.6,86.4,86.2
1311027,21.7,13.2,25.2,24.1,2.9,46.1,49.9,70.5,55,13.9
1311028,22.6,15.4,26.4,18.1,8.8,49.9,62.6,73.9,40.6,57.2
1311030,26.1,26.4,40,40,10,64.8,91.8,95.1,84.3,64.5
1311031,22,14.3,25.2,27.2,12.8,47.4,56.2,70.5,61.4,74.5
1312001,23.9,20.6,21,18.9,12.2,55.3,83.5,55.9,42.6,72.8
1312002,27.4,16,26,50,6.7,70,65.8,72.5,93.5,40.1
1312004,27.6,18.2,20,25,13,70.6,75.8,52,56.8,75
1312006,32.4,23.2,27.2,24.8,8.7,85.6,88.5,75.2,56.1,56.5
1312007,11.1,24.2,28,4.9,52.4,11.9,89.8,77.1,18.3,98.3
1312008,27.9,19.4,29.2,28.1,10.8,71.7,79.7,80.3,62.9,67.9
1312009,32.3,24.2,34,44.2,8.4,85.3,89.8,88.9,88.8,54.3
1312011,39.7,23,35,15.8,5.3,95.8,88.1,90.1,36.2,27.7
1312014,24.9,21,36.5,33.9,8.9,59.5,84.5,92.6,75.1,57.8
1312016,18.6,14.9,31,30.8,9.9,32.3,59.7,84,68.7,63.8
1312019,28.9,18.7,28.8,23,6,75.5,77.5,79.3,52.3,34.4
1312021,18.1,12.6,33.5,13.3,5.8,30.2,45.3,88.1,32.1,32.6
1312023,25.3,19.6,32,20,12.3,62,80.7,86,45.1,73.1
1313002,20.1,17.4,28.8,21.2,9.9,38.5,72.6,79.3,48,63.8
1313004,20.5,13.6,32,20.8,8.3,40.2,52.2,86,47,53.5
1313006,25,17.2,30,29.2,8,60.4,71.8,81.9,65.4,51.1
1313008,27.5,15,30,43.5,13,70.3,60.3,81.9,88.2,75
1313011,22.3,17.6,36,27.6,6.9,48.8,73.8,91.5,62.2,41.6
1313012,28.1,22.4,37,30.1,10.8,72.4,87.1,92.9,67.5,67.9
1313014,24.2,19.6,33,36.1,4.2,56.6,80.7,87.7,78.6,19.5
1313015,23.7,18.8,36,21.9,7.8,54.5,78,91.5,49.5,49.5
1313018,21.1,15.8,31,14.3,7.9,42.9,64.7,84,33.5,50.2
1313020,16.2,18.5,24,22.2,0,23.4,76.9,65.9,50.3,6.1
1313022,21.9,12,28.8,14.1,5.2,46.9,41.4,79.3,33.2,26.8
1313024,23.9,13.8,29.2,18.9,7.7,55.3,53.4,80.3,42.6,48.6
1313027,31.2,16.6,25.1,30,7.2,82.5,68.6,70.3,67.2,44.5
1313028,NA,NA,NA,NA,NA,NA,NA,NA,NA,NA
1313031,23.3,14.1,24.4,31.4,6.6,52.8,55.1,68.2,69.7,39.2
1313037,33.6,11.6,16,32.8,6,88.3,38.6,36.3,72.5,34.4
1314001,34.2,32.8,42,23.4,19.1,89.4,95.7,96.2,53.3,84.4
1314003,34,23,30,33.3,11.1,89.1,88.1,81.9,73.8,69
1314004,30.6,10.4,15.6,27.8,4,80.6,30.5,33.8,62.5,18.2
1314005,17.7,16.5,24,16.7,8.3,28.6,68,65.9,37.7,53.5
1314006,25.3,11.2,20,23.8,7.7,62,36,52,54.2,48.6
1314008,25.2,13.2,20,30,5,61.6,49.9,52,67.2,25.2
1314010,14.7,23,20,6.7,26.7,18.8,88.1,52,21.1,89.5
1314011,24.1,15.9,24.8,18.5,8.9,56.2,65,68.7,41.7,57.8
1314012,24.3,16,28,23.1,12.3,57.1,65.8,77.1,52.6,73.1
1314013,24.8,15.2,31,23.5,5.7,59.1,61.4,84,53.6,31.5
1314014,30.3,25,28.7,43.2,8.1,79.6,90.4,79.1,88,52
1314015,24.2,5.2,7,25,7.1,56.6,3.4,3.2,56.8,43.5
1314016,28.9,22,44,30.6,11.3,75.5,86.4,97,68.3,69.8
1314017,36.6,18.7,22.2,46.9,9.8,92.8,77.5,60.7,91.4,63.1
1314020,22.9,18.7,41.2,23,6.4,51.2,77.5,95.9,52.3,37.7
1314021,19.9,14.3,36.5,17.3,6.3,37.5,56.2,92.6,38.9,37.1
1314022,26.6,17.1,33,24.5,5.6,66.7,71.3,87.7,55.6,30.4
1314025,38.5,24.5,29.2,23.9,10.1,94.8,90.1,80.3,54.5,65.1
1314026,7.7,NA,NA,0,0,7.1,NA,NA,7,6.1
1315002,25.8,17.4,33.6,15.7,8.2,63.8,72.6,88.3,35.9,52.7
1315006,31.1,19.5,34.8,19.9,13.1,82.2,80,89.7,44.8,75.3
1315008,26.9,12.5,20.2,11.9,6.7,68,44.8,54.3,30,40.1
1315010,7.4,NA,NA,0,25,6.8,NA,NA,7,88.6
1315011,31.2,20.3,23.9,24.6,7.4,82.5,82.9,63.9,55.8,46.1
1315012,23.1,13.2,26.6,13.3,8.4,52,49.9,74.1,32.1,54.3
1315013,32.4,16,23,23.8,11.2,85.6,65.8,62.3,54.2,69.6
1315014,33.2,17.3,25.2,16.3,3.9,87.2,72.2,70.5,37.1,17.7
1315015,30,13.5,23.6,9.7,7.2,78.9,51.4,63.6,26.1,44.5
1315016,32.9,17.8,29.2,31.6,14.5,86.6,74.4,80.3,70.1,79
1315017,31.7,24,38,23,13.1,83.9,89.5,93.6,52.3,75.3
1315019,27.1,23.6,40.8,21.2,10.6,68.8,89.1,95.8,48,67
1315020,29.9,17.6,42,17.6,8.8,78.6,73.8,96.2,39.5,57.2
1315021,24,23.6,46,22.1,9.8,55.7,89.1,97.9,49.9,63.1
1315022,26.5,13.6,24,10.8,9.5,66.4,52.2,65.9,28,61.4
1315024,29.5,16.5,32.4,21.7,9.2,77.5,68,87,49.2,59.6
1315026,29.6,17,28.8,18.3,10.8,77.8,70.6,79.3,41.3,67.9
1315027,34,17.4,34.5,22,9.8,89.1,72.6,89.5,49.7,63.1
1315028,31.2,13.8,24.8,18.3,6.3,82.5,53.4,68.7,41.3,37.1
1315029,28.9,17.3,34.8,17.8,10,75.5,72.2,89.7,39.9,64.5
1315030,30,11.2,25,23.1,7.7,78.9,36,69.6,52.6,48.6
1315031,28.3,18,28.8,20.4,7.9,73.2,75.1,79.3,46.2,50.2
1315032,34.6,16.6,25.2,25.2,6.1,89.8,68.6,70.5,57.5,35.4
1315033,29.9,22,39.5,25.6,6.4,78.6,86.4,94.4,58.5,37.7
1315036,32,17.6,34.5,24.1,9.5,84.5,73.8,89.5,55,61.4
1315037,25.1,13.8,30,10.3,5.7,61.2,53.4,81.9,26.9,31.5
1315038,35.6,20.8,26,25.4,7,91.5,83.9,72.5,58,42.5
1315040,38.3,25.2,46,21.4,8.9,94.6,90.7,97.9,48.5,57.8
2401023,28.6,10.3,24.7,22.9,9.3,74.4,29.8,68.6,52,60.2
2401042,22.6,10,28,34,8,49.9,28,77.1,75.3,51.1
2402005,34.4,18.1,31.3,43.5,10.3,89.6,75.7,84.7,88.2,65.8
2402010,30.6,14.2,30,28.4,11.6,80.6,55.7,81.9,63.6,70.8
2402015,29.8,16.3,28.8,31.4,9.8,78.4,66.9,79.3,69.7,63.1
2402028,32.4,14.9,24.4,33.6,9.4,85.6,59.7,68.2,74.7,60.8
2402047,33.2,16.1,33.2,41.7,10.2,87.2,66.5,88,86.2,65.5
2402902,NA,NA,NA,NA,NA,NA,NA,NA,NA,NA
2403005,25.5,11.5,22.7,29.3,7.2,62.8,37.8,61.4,65.7,44.5
2403010,37.7,22,40,42.9,4.8,94.2,86.4,95.1,87.6,23.7
2403015,37.5,NA,NA,46.7,26.7,94,NA,NA,91.2,89.5
2403020,35.3,12,28.8,22.6,5.7,91,41.4,79.3,51.3,31.5
2403025,29.5,14.2,24,48.5,10.6,77.5,55.7,65.9,92.6,67
2403902,NA,NA,NA,NA,NA,NA,NA,NA,NA,NA
2403904,NA,NA,NA,NA,NA,NA,NA,NA,NA,NA
2404005,51.7,27.6,40,57.6,24.2,99.4,92.8,95.1,97.2,88
2404010,34.4,18.6,34.5,42,13,89.6,77.3,89.5,86.7,75
2404015,40.5,NA,NA,52.6,21.1,96.5,NA,NA,94.8,85.9
2404020,42.9,NA,NA,62.5,18.8,97.4,NA,NA,98.3,84.2
2404025,41.4,21,30,48.3,13.8,96.9,84.5,81.9,92.5,77.1
2404030,25.6,NA,NA,64.7,23.5,63.1,NA,NA,98.8,87.5
2404037,29.3,18.4,32.4,28.4,7.3,76.8,76.4,87,63.6,45.2
2404047,36.6,20.7,32.4,38,7.3,92.8,83.7,87,81.5,45.2
2404902,29.4,NA,NA,31.6,15.8,77.1,NA,NA,70.1,80.8
2404904,NA,NA,NA,NA,NA,NA,NA,NA,NA,NA
2405010,33.3,22,37,50,14.3,87.7,86.4,92.9,93.5,78.5
2405015,37.1,16,24,46.2,15.4,93.5,65.8,65.9,90.7,80.3
2405020,23.9,18,32,44.4,14.8,55.3,75.1,86,89.2,79.6
2405025,37.6,16.8,32,41.7,10,94.1,69.5,86,86.2,64.5
2405032,33.2,15.3,29.6,31.9,7.1,87.2,62.2,80.7,70.9,43.5
2405040,29.6,17.6,29.6,45.8,10,77.8,73.8,80.7,90.5,64.5
2405045,30.2,13.2,26,31.2,8.7,79.4,49.9,72.5,69.3,56.5
2405050,25,15.6,42,47.4,15.8,60.4,63.7,96.2,91.8,80.8
2405055,29.5,13.2,27.6,36.5,6.1,77.5,49.9,75.5,79.4,35.4
2405060,32.3,14.7,28.8,32.1,6,85.3,58.4,79.3,71.4,34.4
2405065,23.9,13.6,40,34.9,0,55.3,52.2,95.1,76.7,6.1
2405070,27,13.9,24.6,31.2,9.9,68.4,53.9,68.5,69.3,63.8
2405077,22.9,9.6,17,43.7,9.9,51.2,25.2,40.2,88.4,63.8
2405902,33.3,NA,NA,NA,NA,87.7,NA,NA,NA,NA
2406005,32.2,10.2,18,22.7,4.7,85.1,29.5,44,51.5,22.9
2406013,30.3,12.9,23.8,26.3,5.5,79.6,47.5,63.8,59.8,29.5
2406020,25.3,14.7,31.2,36.7,5.3,62,58.4,84.5,79.6,27.7
2406025,20.9,17.6,35,34,22,41.8,73.8,90.1,75.3,86.5
2406030,26.4,20.2,34,18,9.4,66.1,82.7,88.9,40.4,60.8
2406035,29.4,NA,NA,0,0,77.1,NA,NA,7,6.1
2406040,23.3,NA,NA,46.2,0,52.8,NA,NA,90.7,6.1
2406045,37.2,18.8,29,29.5,11.5,93.6,78,79.8,66.1,70.4
2406050,36.5,18,30,45.1,5.9,92.7,75.1,81.9,89.8,33.5
2406055,39.7,19.6,34.5,43.1,12.3,95.8,80.7,89.5,87.9,73.1
2406060,46.7,NA,NA,77.8,27.8,98.6,NA,NA,99.8,89.8
2406802,9.4,15,24,4.2,27.1,9.6,60.3,65.9,17.2,89.6
2406804,NA,NA,NA,NA,NA,NA,NA,NA,NA,NA
2406902,NA,NA,NA,NA,NA,NA,NA,NA,NA,NA
2406904,NA,NA,NA,NA,NA,NA,NA,NA,NA,NA
2407005,29.7,NA,NA,46.7,13.3,78.2,NA,NA,91.2,75.9
2407010,31.1,26.8,50,35.1,10.8,82.2,92.1,98.9,77,67.9
2407018,28.1,20.7,36.8,47.6,7.5,72.4,83.7,92.7,92,47
2407025,25,NA,NA,40.9,13.6,60.4,NA,NA,85.2,76.6
2407030,25.3,19.6,43,57.3,6.1,62,80.7,96.5,97.1,35.4
2407035,24.3,26.4,52,52.6,15.8,57.1,91.8,99.3,94.8,80.8
2407040,20.5,11.2,20,38.7,12.9,40.2,36,52,82.6,74.7
2407047,28.5,16.4,32.6,23.2,4,73.9,67.3,87.2,52.9,18.2
2407057,32.6,12.6,35.5,50.4,9.9,86.1,45.3,90.5,94,63.8
2407065,23.3,19,40,18.5,0,52.8,78.8,95.1,41.7,6.1
2407070,28,22,42,55.3,10.5,72,86.4,96.2,96.1,66.6
2407075,31.5,28.8,48,53.5,0,83.4,93.4,98.3,95.3,6.1
2407080,24.4,14.4,31,53.5,10.5,57.5,56.8,84,95.3,66.6
2407085,27,19.6,36.4,41.1,7.4,68.4,80.7,92.4,85.4,46.1
2407090,23.4,19.5,28,58.1,19.4,53.2,80,77.1,97.4,84.6
2407095,28.7,18.4,40,48.1,14.8,74.8,76.4,95.1,92.3,79.6
2407100,24.4,23.2,48,69.2,7.7,57.5,88.5,98.3,99.4,48.6
2407105,21.1,19,40,38.5,7.7,42.9,78.8,95.1,82.4,48.6
2407902,NA,NA,NA,NA,NA,NA,NA,NA,NA,NA
2407904,NA,NA,NA,NA,NA,NA,NA,NA,NA,NA
2407906,NA,NA,NA,NA,NA,NA,NA,NA,NA,NA
2407908,NA,NA,NA,NA,NA,NA,NA,NA,NA,NA
2407910,NA,NA,NA,NA,NA,NA,NA,NA,NA,NA
2407912,NA,NA,NA,NA,NA,NA,NA,NA,NA,NA
2407914,NA,NA,NA,NA,NA,NA,NA,NA,NA,NA
2408005,36.7,25.2,37.5,33,10.4,93,90.7,93.2,72.9,66.2
2408010,25,NA,NA,64.3,14.3,60.4,NA,NA,98.7,78.5
2408015,37.3,29.2,38,51.2,12.2,93.7,93.7,93.6,94.4,72.8
2408023,28.6,19,35.5,43.6,8.9,74.4,78.8,90.5,88.3,57.8
2408030,33,14.4,30,55.3,8.5,86.7,56.8,81.9,96.1,54.9
2408035,29.7,18.2,38.5,36.8,16.8,78.2,75.8,93.9,79.8,82.3
2408040,34.7,NA,NA,32,12,90,NA,NA,71.2,72.2
2408053,29.8,17,29.1,28.9,6.6,78.4,70.6,80.1,64.9,39.2
2408065,28,17,36,54.1,0,72,70.6,91.5,95.6,6.1
2408073,29.4,12.9,26,27.6,8.3,77.1,47.5,72.5,62.2,53.5
2408080,29.5,12.8,22,62.5,12.5,77.5,46.6,59.1,98.3,73.7
2408902,NA,NA,NA,NA,NA,NA,NA,NA,NA,NA
2409005,28.6,26.4,46,58.3,11.1,74.4,91.8,97.9,97.4,69
2409010,34.1,NA,NA,55,10,89.3,NA,NA,96,64.5
2409015,24.7,22,50,55,12.5,58.8,86.4,98.9,96,73.7
2409020,25.6,NA,NA,63.6,0,63.1,NA,NA,98.5,6.1
2409025,22,18.6,35.5,43.3,9.6,47.4,77.3,90.5,88,61.9
2409030,20.4,10.6,24,35.3,12.9,39.8,31.7,65.9,77.3,74.7
2409035,22.7,17.8,33,56,13.2,50.3,74.4,87.7,96.6,75.5
2409040,28,17,44,80,0,72,70.6,97,99.9,6.1
2409048,35.3,22.8,31,50,16.7,91,87.7,84,93.5,81.9
2409055,21.4,17.2,30,79.1,14,44.5,71.8,81.9,99.8,77.7
2409060,36.4,NA,NA,33.3,9.5,92.5,NA,NA,73.8,61.4
2409065,24,19,39.5,66.4,7.2,55.7,78.8,94.4,99,44.5
2409070,26.3,10.8,20,28.3,0,65.7,32.8,52,63.3,6.1
2409077,29.7,19.5,33,39.9,5.4,78.2,80,87.7,84,28.6
2409085,28.9,13.8,26,37.6,6.5,75.5,53.4,72.5,81.1,38.4
2409092,23.9,11.4,24,30.6,4.3,55.3,37.3,65.9,68.3,20.2
2409902,55.6,NA,NA,NA,NA,99.6,NA,NA,NA,NA
2409904,NA,NA,NA,NA,NA,NA,NA,NA,NA,NA
2410005,32.4,26,50,51.4,8.6,85.6,91.5,98.9,94.5,55.8
2410010,34.8,NA,NA,47.8,0,90.2,NA,NA,92.1,6.1
2410015,22.1,11.4,27,41.4,8.1,47.8,37.3,74.8,85.9,52
2410025,25.3,17,28,44.2,9.3,62,70.6,77.1,88.8,60.2
2410030,18.5,6.7,18.4,17.6,2.7,31.8,9.1,45.9,39.5,13.5
2410043,26.2,12.3,19.6,19.7,4.5,65.2,43.4,49.4,44.4,21.4
2410060,19.3,13.6,36,38.2,10.5,35.1,52.2,91.5,82,66.6
2410070,28.9,14.6,28.4,42.8,12.1,75.5,58,78.9,87.3,72.5
2410075,20.5,20.8,44,40.5,11.9,40.2,83.9,97,84.9,71.9
2410902,NA,NA,NA,NA,NA,NA,NA,NA,NA,NA
2411005,22.9,15.6,34,70.8,14.6,51.2,63.7,88.9,99.5,79.2
2411010,29.9,17.2,40,55,9.3,78.6,71.8,95.1,96,60.2
2411015,27.9,21,36,72.4,10.3,71.7,84.5,91.5,99.6,65.8
2411020,33.3,NA,NA,100,33.3,87.7,NA,NA,100,92.2
2411025,32.6,NA,NA,77.3,9.1,86.1,NA,NA,99.7,58.9
2411030,32.9,27.6,50,57.9,18.4,86.6,92.8,98.9,97.3,83.8
2411035,27.4,14,28,53.1,6.2,70,54.5,77.1,95.1,36.3
2411040,40,22.5,33.2,52.4,7.7,96.2,87.3,88,94.8,48.6
2411045,33.1,13.9,23.6,39.1,13,87,53.9,63.6,83.3,75
2411050,29,14.6,29,42.2,9.4,75.9,58,79.8,86.9,60.8
2411055,37.4,13.6,24,62.5,0,93.8,52.2,65.9,98.3,6.1
2411902,NA,NA,NA,NA,NA,NA,NA,NA,NA,NA
2412005,23.6,11.6,29,36.7,11.1,54.1,38.6,79.8,79.6,69
2412010,27,12,28.8,41.9,12.4,68.4,41.4,79.3,86.5,73.3
2412015,17.9,8.3,28.4,22,3.4,29.4,16.9,78.9,49.7,15.4
2412020,15.3,6.9,22,21.3,7.9,20.4,10.1,59.1,48.2,50.2
2412025,14.3,NA,NA,66.7,0,18,NA,NA,99.1,6.1
2412030,21,14.4,36,54.3,8.6,42.2,56.8,91.5,95.6,55.8
2412035,28.6,18.5,38,60,20,74.4,76.9,93.6,97.9,85.1
2412043,25.1,15.8,36.5,60.2,7,61.2,64.7,92.6,98,42.5
2412045,50,NA,NA,30,0,99.2,NA,NA,67.2,6.1
2412057,23.6,8.8,18,35.7,9.9,54.1,20.1,44,77.9,63.8
2412065,19.3,10,35,31.2,6.5,35.1,28,90.1,69.3,38.4
2412072,28.3,12.7,21.6,23.9,4.8,73.2,45.8,57.4,54.5,23.7
2412080,30.9,8.8,17.5,27.7,4.2,81.6,20.1,41.7,62.3,19.5
2413005,31.3,16.8,24,32.9,5.8,82.9,69.5,65.9,72.7,32.6
2413010,36.2,NA,NA,43.5,0,92.3,NA,NA,88.2,6.1
2413015,28.7,14.2,28,40.7,7.4,74.8,55.7,77.1,85.1,46.1
2413020,27.4,14.8,20,39.5,5.3,70,59.1,52,83.8,27.7
2413025,34.9,21.8,30.4,43.4,7.4,90.4,85.9,83.3,88.1,46.1
2413030,22.2,12.8,26,54.9,7.8,48.4,46.6,72.5,95.9,49.5
2413040,30.6,20.4,26,40.7,13,80.6,83.2,72.5,85.1,75
2413045,29.2,17,19,35,7.5,76.5,70.6,47.7,76.9,47
2413050,30.6,NA,NA,35.7,10.7,80.6,NA,NA,77.9,67.5
2413055,34.5,24.4,40,66.7,0,89.7,89.9,95.1,99.1,6.1
2413060,25.3,18.8,44,48,6,62,78,97,92.3,34.4
2413065,39.5,19.6,35,39,3,95.7,80.7,90.1,83.2,14.1
2413073,29.2,14.2,25.5,36.5,7.2,76.5,55.7,70.9,79.4,44.5
2413075,29.2,NA,NA,50,0,76.5,NA,NA,93.5,6.1
2413080,32.1,15.2,34,40.5,5.4,84.8,61.4,88.9,84.9,28.6
2413085,22.6,18,34,61.3,16.1,49.9,75.1,88.9,98.1,81.3
2413090,23.5,16,37,38.6,8.8,53.6,65.8,92.9,82.5,57.2
2413095,30.4,13,22.8,50.4,8.1,80,48.3,61.6,94,52
2413100,28.3,16,32,65.5,13.8,73.2,65.8,86,98.8,77.1
2414005,30.6,16.4,35,56.6,3.8,80.6,67.3,90.1,96.8,17.1
2414010,29.1,16,32,53.2,8.5,76.2,65.8,86,95.1,54.9
2414018,31.7,14.2,28.2,35.9,6.4,83.9,55.7,78.7,78.3,37.7
2414025,24.7,12.2,32,66.2,10.4,58.8,42.8,86,98.9,66.2
2414030,17.5,10,30,57.6,9.1,27.9,28,81.9,97.2,58.9
2414035,22.6,9.9,28,37.4,8,49.9,27.1,77.1,80.4,51.1
2414040,32.8,11.2,16,63.3,8.2,86.4,36,36.3,98.5,52.7
2414045,25.4,17,30,55.6,7.4,62.4,70.6,81.9,96.3,46.1
2414050,29.5,8.8,18,53.4,5.2,77.5,20.1,44,95.2,26.8
2414055,33.7,10.8,16,52.1,12.5,88.5,32.8,36.3,94.7,73.7
2414060,26.8,12.4,25,54.5,10.4,67.6,44.1,69.6,95.7,66.2
2414065,30.7,9.2,14,50.6,9,81,22.9,28,94.1,58.3
2414070,39.6,9.2,17,47.1,5,95.8,22.9,40.2,91.5,25.2
2414075,28.8,13.4,33,50,7.8,75.1,51,87.7,93.5,49.5
2414080,27.9,13.6,26,37.5,4.2,71.7,52.2,72.5,80.7,19.5
2414085,28.6,15.8,22.4,24.6,5.8,74.4,64.7,61,55.8,32.6
2414090,24.7,6.4,14.8,19.6,5.8,58.8,7.6,31.1,44.2,32.6
2414902,NA,NA,NA,NA,NA,NA,NA,NA,NA,NA
2414904,NA,NA,NA,NA,NA,NA,NA,NA,NA,NA
2415005,41.5,12,13,34.8,7.6,96.9,41.4,23.7,76.5,47.7
2415013,30.4,13.2,24.6,31.6,5.5,80,49.9,68.5,70.1,29.5
2415025,25.3,12,31,20.9,4.5,62,41.4,84,47.2,21.4
2415030,25.1,8,18,22.1,3.8,61.2,15.3,44,49.9,17.1
2415035,28.9,11.7,22,31.8,4.9,75.5,39.5,59.1,70.7,24.5
2415058,36.8,14.6,25.2,43.7,4.9,93.1,58,70.5,88.4,24.5
2415065,43.2,NA,NA,55,0,97.6,NA,NA,96,6.1
2415902,27.3,NA,NA,0,0,69.6,NA,NA,7,6.1
2415904,31.8,NA,NA,18.2,0,84.1,NA,NA,41,6.1
2416005,30.4,8.4,18,34.9,3.5,80,17.4,44,76.7,15.8
2416013,32.9,12.3,21.1,25.3,5.5,86.6,43.4,56.6,57.8,29.5
2416023,43.9,13.6,26,25.6,3.4,97.8,52.2,72.5,58.5,15.4
2416048,29.7,9.8,18,34.9,7,78.2,26.6,44,76.7,42.5
2416050,21.4,12.6,33,28.8,9.6,44.5,45.3,87.7,64.7,61.9
2416055,26.9,11.2,23.6,41,5.1,68,36,63.6,85.4,26
2416902,NA,NA,NA,NA,NA,NA,NA,NA,NA,NA
2417005,36.2,18,36,48.3,10.3,92.3,75.1,91.5,92.5,65.8
2417010,29.3,11.6,24.4,47.5,4.6,76.8,38.6,68.2,91.9,22.2
2417015,30.4,17.5,33,48.8,20.9,80,73.1,87.7,92.7,85.8
2417020,30.6,17,19,67.5,10,80.6,70.6,47.7,99.3,64.5
2417025,35.7,25.6,36,44.4,11.1,91.7,91,91.5,89.2,69
2417030,30,15.5,33,47.3,10.7,78.9,63,87.7,91.7,67.5
2417035,31.3,20.8,42,66.1,10.7,82.9,83.9,96.2,98.9,67.5
2417040,32.1,16.8,31,41.8,9.1,84.8,69.5,84,86.4,58.9
2417045,32.2,17.6,36.5,50.6,6.5,85.1,73.8,92.6,94.1,38.4
2417055,29.2,11.6,20,42.3,7.7,76.5,38.6,52,86.9,48.6
2417060,23.7,15.2,28,52.3,6.2,54.5,61.4,77.1,94.7,36.3
2417065,30.4,9.8,16,52.9,7.1,80,26.6,36.3,94.9,43.5
2417070,30.9,13,21.6,35.4,6.2,81.6,48.3,57.4,77.5,36.3
2417078,27.5,12,26.4,50.1,6.9,70.3,41.4,73.9,94,41.6
2418005,33.9,26.8,49,47.8,5.8,88.9,92.1,98.5,92.1,32.6
2418010,48.6,NA,NA,50,13.6,99,NA,NA,93.5,76.6
2418015,36,21.6,42,39.1,9.8,92,85.6,96.2,83.3,63.1
2418020,30.9,19.5,36,62.5,6.2,81.6,80,91.5,98.3,36.3
2418025,33.7,26,53,62.2,17.8,88.5,91.5,99.5,98.2,83.2
2418030,32.4,19.8,33.5,64.6,8.5,85.6,81.3,88.1,98.7,54.9
2418035,32.4,21,46,70.3,13.5,85.6,84.5,97.9,99.4,76.4
2418040,25.7,25.6,48,65,22.5,63.5,91,98.3,98.8,87
2418045,28.2,10.1,23,41,4.8,72.7,29,62.3,85.4,23.7
2418050,30.4,16.2,27.8,37.7,4.8,80,66.7,75.7,81.2,23.7
2418055,23.8,9.8,23,54.1,6.8,54.9,26.6,62.3,95.6,40.9
2418060,21.5,13.8,28.8,46.2,6.1,45.1,53.4,79.3,90.7,35.4
2418065,26.4,7.6,15.2,23.4,5.1,66.1,13.6,32.7,53.3,26
2418070,50,NA,NA,50,25,99.2,NA,NA,93.5,88.6
2419005,38.2,21.6,35,49.3,4.2,94.5,85.6,90.1,92.8,19.5
2419010,32.5,11.8,18.5,38.8,11.2,85.9,40,46.4,82.7,69.6
2419015,25,12.4,24,55.2,13.8,60.4,44.1,65.9,96.1,77.1
2419020,33.2,21.4,35.5,50.5,9.2,87.2,85.2,90.5,94.1,59.6
2419025,27.5,12.9,26.4,39.3,7.1,70.3,47.5,73.9,83.5,43.5
2419030,32.8,13.7,22,36.7,6,86.4,52.9,59.1,79.6,34.4
2419037,27.4,18.6,31.6,58.7,9.4,70,77.3,84.9,97.5,60.8
2419045,30.2,13.4,23,39.4,4.2,79.4,51,62.3,83.7,19.5
2419050,22.8,10.8,28,38.9,5.6,50.7,32.8,77.1,83,30.4
2419055,21.7,9,20,28.1,3.8,46.1,21.6,52,62.9,17.1
2419062,19.7,9,23,23,2.4,36.7,21.6,62.3,52.3,13.1
2419068,15.9,5.9,21,19.7,1.9,22.4,5.2,55.9,44.4,12.5
2419070,22.2,9.2,22,36.8,5.9,48.4,22.9,59.1,79.8,33.5
2419075,20.1,9,24.8,30.1,2.9,38.5,21.6,68.7,67.5,13.9
2419082,22,12.3,31.6,32.9,7.4,47.4,43.4,84.9,72.7,46.1
2419090,21.7,8.4,18,28.4,4.5,46.1,17.4,44,63.6,21.4
2419097,15.7,5.3,18.5,34.7,4.2,21.7,3.7,46.4,76.3,19.5
2419105,23.2,5.3,14,17,1.3,52.4,3.7,28,38.3,12.2
2419110,28.1,7.1,15.6,38.2,4.5,72.4,11.1,33.8,82,21.4
2419117,23.7,9,18,56.5,6.5,54.5,21.6,44,96.8,38.4
2420005,29,8.8,18,28.8,11.5,75.9,20.1,44,64.7,70.4
2420010,32.4,9.2,15,38.8,6,85.6,22.9,31.9,82.7,34.4
2420015,30.7,9.4,16,42.4,7.1,81,23.8,36.3,87,43.5
2420020,26.4,5.3,11.6,37.8,9.1,66.1,3.7,17.1,81.3,58.9
2420025,29.3,6.3,13.2,22.2,7.8,76.8,7.1,24.8,50.3,49.5
2420030,30.8,6,10,31.2,0,81.3,5.6,11.7,69.3,6.1
2421005,24.9,15.5,26.8,32.6,6.9,59.5,63,74.3,72.2,41.6
2421010,23,7.7,13,17.5,5.3,51.6,14,23.7,39.2,27.7
2421015,NA,NA,NA,NA,NA,NA,NA,NA,NA,NA
2421020,28.3,8.2,17,35.7,4.8,73.2,16.4,40.2,77.9,23.7
2421025,29.2,8,15.4,25,5.1,76.5,15.3,33.4,56.8,26
2421030,26.7,15.1,25.4,40.8,9.9,67.1,60.7,70.8,85.2,63.8
2421035,21.2,7.4,17.2,23.7,7.3,43.4,12.6,41.1,53.9,45.2
2421040,16.9,5.1,12,21.2,3.7,26,3.1,19.5,48,16.6
2421045,16.8,2.7,9.2,9.7,3.6,25.6,0.2,8.9,26.1,16.2
2421902,NA,NA,NA,NA,NA,NA,NA,NA,NA,NA
2421904,NA,NA,NA,NA,NA,NA,NA,NA,NA,NA
2422005,11.7,4.4,15,9.1,4.7,12.6,1.7,31.9,24.9,22.9
2422010,17.6,4.1,8.5,10.9,5.4,28.3,1.2,6.9,28.1,28.6
2422015,38.3,8.5,5,19.4,0,94.6,18.2,0.8,43.8,6.1
2422020,6.2,2.5,7.2,13.7,5.6,5.3,0.1,3.6,32.8,30.4
2422025,8.9,4,12,8.9,4.2,8.8,1,19.5,24.5,19.5
2422030,9.7,3.8,8,14.5,4.8,10.1,0.8,5.4,34,23.7
2422035,11.8,4.9,11.6,8.4,5.6,12.8,2.6,17.1,23.8,30.4
2422040,12.9,3.3,6,5.9,5.7,14.6,0.4,1.9,19.8,31.5
2422045,9.3,4.4,13.4,10.3,3.6,9.4,1.7,25.4,26.9,16.2
2422902,NA,NA,NA,NA,NA,NA,NA,NA,NA,NA
2423015,97.9,NA,NA,NA,NA,100,NA,NA,NA,NA
2423027,22.8,10.5,16.2,20.8,5.1,50.7,31.3,38.1,47,26
2423057,25.6,5.3,11.6,9.2,4.6,63.1,3.7,17.1,25.2,22.2
2423072,23.6,3.7,6,5.8,2.7,54.1,0.7,1.9,19.6,13.5
2423802,21.4,12.9,20.8,16.7,5.9,44.5,47.5,55,37.7,33.5
2425213,21.2,6.8,13.4,13.6,3.8,43.4,9.6,25.4,32.6,17.1
2426005,25.2,11.6,26,44.1,8.5,61.6,38.6,72.5,88.7,54.9
2426010,18.1,9.8,21,24,0,30.2,26.6,55.9,54.8,6.1
2426015,24.4,8.2,18.5,38.6,4.8,57.5,16.4,46.4,82.5,23.7
2426022,13.7,6.4,23,16,3.5,16.5,7.6,62.3,36.8,15.8
2426030,22.5,8.1,17.2,11.1,3.2,49.5,16,41.1,28.6,14.8
2426035,18.7,7.2,21,24.2,8.4,32.7,11.6,55.9,55.2,54.3
2426040,21.5,7.8,20,39.4,1.8,45.1,14.4,52,83.7,12.5
2426048,14,6.7,21,15.5,4.3,17.3,9.1,55.9,35.7,20.2
2426055,16,6.9,17,20.5,4.6,22.7,10.1,40.2,46.4,22.2
2426063,19,7.5,17.2,28.1,4.1,34,13.1,41.1,62.9,18.9
2426070,15.7,5.7,18,10.3,3.9,21.7,4.7,44,26.9,17.7
2427008,24,11.3,23.6,37.6,2,55.7,36.7,63.6,81.1,12.6
2427015,20.4,8,28,42.5,7.5,39.8,15.3,77.1,87.1,47
2427028,24.1,10.3,19.2,28.3,5.1,56.2,29.8,48.4,63.3,26
2427035,24.8,10,26.8,41.6,2.7,59.1,28,74.3,86.1,13.5
2427043,23,10.3,22.2,25.4,3.5,51.6,29.8,60.7,58,15.8
2427050,24,10,22,37,7.4,55.7,28,59.1,80,46.1
2427055,22.9,11.6,30,53.5,4.7,51.2,38.6,81.9,95.3,22.9
2427060,21,10,28.8,32.6,4.5,42.2,28,79.3,72.2,21.4
2427065,23.5,12.2,27,39.3,10.1,53.6,42.8,74.8,83.5,65.1
2427070,33.3,18.5,26,53.8,7.7,87.7,76.9,72.5,95.5,48.6
2428005,24.9,12.3,22.4,44.1,6.6,59.5,43.4,61,88.7,39.2
2428015,25.1,13,28,30.2,9.3,61.2,48.3,77.1,67.6,60.2
2428020,22.8,10.2,21,28.8,2.6,50.7,29.5,55.9,64.7,13.4
2428025,17,12,27,37.4,13.2,26.4,41.4,74.8,80.4,75.5
2428030,25,11.6,18,47.9,7,60.4,38.6,44,92.2,42.5
2428035,24.4,14.8,22,47.4,7.9,57.5,59.1,59.1,91.8,50.2
2428040,32.6,13.2,20,54.5,4.5,86.1,49.9,52,95.7,21.4
2428045,23.8,11,23.2,36.9,6.4,54.9,34.4,63,79.9,37.7
2428053,35.5,12.2,19.6,33.6,4,91.3,42.8,49.4,74.7,18.2
2428060,36.7,22,35,43.2,6.8,93,86.4,90.1,88,40.9
2428065,44.9,22,33,55.6,5.6,98.2,86.4,87.7,96.3,30.4
2428070,32,22.6,37,56.6,7.9,84.5,87.4,92.9,96.8,50.2
2428075,39.9,20,31,59.2,8.5,96,82,84,97.6,54.9
2429005,23.4,14.6,35,42.2,14.1,53.2,58,90.1,86.9,77.9
2429013,22,9.8,27.2,34.1,3.3,47.4,26.6,75.2,75.3,15.1
2429020,25,NA,NA,62.5,0,60.4,NA,NA,98.3,6.1
2429025,26.5,15.2,26,65.9,11.4,66.4,61.4,72.5,98.9,70
2429030,24.9,14.5,34.5,35,4.9,59.5,57.4,89.5,76.9,24.5
2429038,19.3,12.5,27,45.4,6.2,35.1,44.8,74.8,89.9,36.3
2429045,19.5,12.7,24,30.8,5.3,35.7,45.8,65.9,68.7,27.7
2429050,10.1,8.4,40,25.7,5.7,10.7,17.4,95.1,58.7,31.5
2429057,19.5,10.9,23.6,33.2,5.8,35.7,33.6,63.6,73.1,32.6
2429065,17.1,7.2,18,44.4,7.4,26.8,11.6,44,89.2,46.1
2429073,23.4,12.6,23.6,14,3.3,53.2,45.3,63.6,33.1,15.1
2429095,20.6,NA,NA,0,0,40.6,NA,NA,7,6.1
2429100,17.9,9.4,20,35.2,6.3,29.4,23.8,52,77.1,37.1
2429112,18.7,10.9,26.4,32.5,5.6,32.7,33.6,73.9,72.1,30.4
2429120,23.2,7.2,17.5,13.4,4.7,52.4,11.6,41.7,32.4,22.9
2429125,14.9,7.2,18,29.8,4.3,19.3,11.6,44,66.6,20.2
2430005,22.4,13.8,22,30.2,7.9,49.1,53.4,59.1,67.6,50.2
2430010,25.7,19,34.5,31.9,9.6,63.5,78.8,89.5,70.9,61.9
2430015,25,NA,NA,31.6,15.8,60.4,NA,NA,70.1,80.8
2430020,41.8,17.5,18,40.5,7.1,97.1,73.1,44,84.9,43.5
2430025,22.9,10,19,22.1,3.2,51.2,28,47.7,49.9,14.8
2430030,33.1,18.4,29.3,38.3,3.6,87,76.4,80.5,82.1,16.2
2430035,22.6,13.2,24,10.1,7.2,49.9,49.9,65.9,26.6,44.5
2430040,18.8,19,34,37,7.4,33.1,78.8,88.9,80,46.1
2430045,19.4,13.1,29.6,24.8,5.8,35.4,49.1,80.7,56.1,32.6
2430050,23.4,11,25,26.9,4.5,53.2,34.4,69.6,61,21.4
2430055,19.1,15.6,26,40.7,5.1,34.4,63.7,72.5,85.1,26
2430070,20.8,10,26,29.2,6.2,41.4,28,72.5,65.4,36.3
2430072,31.6,13.8,25,38.2,9,83.7,53.4,69.6,82,58.3
2430080,26.8,13,21,37.8,8.2,67.6,48.3,55.9,81.3,52.7
2430085,23,12.4,31,58.6,3.4,51.6,44.1,84,97.5,15.4
2430090,29.4,20.2,29,44.4,12.3,77.1,82.7,79.8,89.2,73.1
2430095,30.4,12.7,22.4,35.8,8.6,80,45.8,61,78.2,55.8
2430100,23.2,14,20,34.4,4.9,52.4,54.5,52,75.9,24.5
2430105,25.2,13.2,31,42.6,0,61.6,49.9,84,87.1,6.1
2430110,38.2,14.8,18.5,30.2,7.5,94.5,59.1,46.4,67.6,47
2431008,44.6,16.4,26.8,29.2,7.3,98.1,67.3,74.3,65.4,45.2
2431015,34.7,21.9,35.2,39.6,4.5,90,85.9,90.3,83.9,21.4
2431020,28.9,14.2,26,14.8,7.4,75.5,55.7,72.5,34.3,46.1
2431025,29.7,NA,NA,45,0,78.2,NA,NA,89.7,6.1
2431030,25.5,30,38,41.9,16.1,62.8,94.3,93.6,86.5,81.3
2431035,26.3,16,26,51.6,6.5,65.7,65.8,72.5,94.5,38.4
2431040,27.8,11.2,21,22.8,5.1,71.2,36,55.9,51.8,26
2431045,30.5,18.2,32.4,31.8,8.1,80.3,75.8,87,70.7,52
2431050,23.9,16,24,24.1,0,55.3,65.8,65.9,55,6.1
2431056,25.5,9.8,20.4,25.5,3.1,62.8,26.6,54.5,58.2,14.4
2431060,23.7,14,37,13.3,4.4,54.5,54.5,92.9,32.1,20.7
2431084,32.7,15,24.5,40.1,4.8,86.2,60.3,68.3,84.6,23.7
2431095,27.8,16.5,24,29.4,11.8,71.2,68,65.9,65.9,71.5
2431100,21.4,14.8,26,26.5,14.7,44.5,59.1,72.5,60.2,79.4
2431105,18.8,10.4,20,30.3,0,33.1,30.5,52,67.8,6.1
2431122,27.6,13.8,31.6,42.1,4,70.6,53.4,84.9,86.8,18.2
2431130,20.6,16.8,40,36.4,13.6,40.6,69.5,95.1,79.1,76.6
2431135,24.9,13,30,44.3,10.1,59.5,48.3,81.9,89,65.1
2431140,24.5,16.4,36,28.6,6.3,58,67.3,91.5,64.1,37.1
2432013,31.7,13,20.4,31,3.6,83.9,48.3,54.5,69,16.2
2432023,21,11.2,20,45.7,8.7,42.2,36,52,90.4,56.5
2432033,19.4,12.7,30.3,23.9,4.3,35.4,45.8,83.1,54.5,20.2
2432040,28.6,16.5,28.4,32.3,4,74.4,68,78.9,71.7,18.2
2432045,19.8,8.9,25.2,21.2,7.5,37.1,20.9,70.5,48,47
2432050,19.6,14,32,35.3,13.7,36.2,54.5,86,77.3,76.9
2432058,24.2,15,33,48.2,10.6,56.6,60.3,87.7,92.4,67
2432065,27.1,13.8,28,43.4,5.9,68.8,53.4,77.1,88.1,33.5
2432072,21.8,14.3,32,45.7,6.9,46.6,56.2,86,90.4,41.6
2432080,19,11,26,30.3,10.6,34,34.4,72.5,67.8,67
2432085,24.7,19.2,37,46.3,9.8,58.8,79.3,92.9,90.9,63.1
2433007,23,11.8,21,52.9,4.6,51.6,40,55.9,94.9,22.2
2433017,26.2,17.4,30,51.1,10.6,65.2,72.6,81.9,94.4,67
2433025,19.8,7.3,21,37.8,5.6,37.1,12.1,55.9,81.3,30.4
2433030,17.3,9,22,32.2,2.2,27.3,21.6,59.1,71.6,12.8
2433035,21.8,9.7,30.4,21.2,8.8,46.6,26,83.3,48,57.2
2433040,19.8,11.8,29,35.3,10.6,37.1,40,79.8,77.3,67
2433045,17.2,8.3,21.6,21.1,6.3,27.1,16.9,57.4,47.6,37.1
2433052,22.5,11.4,27,30.8,6.8,49.5,37.3,74.8,68.7,40.9
2433060,22.8,10.5,25.2,10.2,2.7,50.7,31.3,70.5,26.8,13.5
2433065,20.8,9.6,24,34,4.3,41.4,25.2,65.9,75.3,20.2
2433070,18.8,16.8,40,33,5.7,33.1,69.5,95.1,72.9,31.5
2433080,21.4,10.4,26,47.1,5.8,44.5,30.5,72.5,91.5,32.6
2433085,16.1,8.8,22,32.4,4.2,23.1,20.1,59.1,71.9,19.5
2433090,13.6,6.1,19.4,11.6,3.5,16.2,6.2,48.7,29.5,15.8
2433095,28.3,7.4,13.2,29.3,5.4,73.2,12.6,24.8,65.7,28.6
2433102,28.1,13.1,24,28.9,3.6,72.4,49.1,65.9,64.9,16.2
2433115,40.4,11.6,18,58.8,7.1,96.4,38.6,44,97.5,43.5
2433123,29.6,16.4,35,66.7,8.9,77.8,67.3,90.1,99.1,57.8
2434007,20.3,6.1,13,19.8,6.6,39.4,6.2,23.7,44.6,39.2
2434017,17.9,7.6,19.4,15.6,3.8,29.4,13.6,48.7,35.8,17.1
2434025,24.7,12.3,23.1,30.3,5,58.8,43.4,62.9,67.8,25.2
2434030,21.9,6.5,15.2,23.8,7.3,46.9,8.1,32.7,54.2,45.2
2434038,22.7,12.9,33.6,34.4,8.3,50.3,47.5,88.3,75.9,53.5
2434048,27,13.4,29,41.9,9.9,68.4,51,79.8,86.5,63.8
2434058,23.3,11.6,18.4,37.3,8.6,52.8,38.6,45.9,80.3,55.8
2434060,26.3,11,28,34.8,0,65.7,34.4,77.1,76.5,6.1
2434065,30.5,16.1,28.4,31.3,5.6,80.3,66.5,78.9,69.5,30.4
2434078,30.4,17.8,26.8,63,11.6,80,74.4,74.3,98.4,70.8
2434085,23.7,19.5,28,66.7,14.8,54.5,80,77.1,99.1,79.6
2434090,34.7,15.7,28.8,46.3,8.8,90,64.4,79.3,90.9,57.2
2434097,28,15.2,30.4,41.9,8.5,72,61.4,83.3,86.5,54.9
2434105,27.6,12.4,24,23.4,7.8,70.6,44.1,65.9,53.3,49.5
2434115,24.6,11,25,37,4.6,58.3,34.4,69.6,80,22.2
2434120,20.4,6.4,12,6.4,8.5,39.8,7.6,19.5,20.6,54.9
2434128,23.5,10.9,24.1,21.4,5,53.6,33.6,67.8,48.5,25.2
2434135,32,17.6,24,24.6,9.2,84.5,73.8,65.9,55.8,59.6
2434902,NA,NA,NA,NA,NA,NA,NA,NA,NA,NA
2434904,NA,NA,NA,NA,NA,NA,NA,NA,NA,NA
2434906,NA,NA,NA,NA,NA,NA,NA,NA,NA,NA
2435005,36.8,21.2,31.6,43.5,7.1,93.1,85,84.9,88.2,43.5
2435010,38.4,18.6,30.4,31.5,5.4,94.7,77.3,83.3,69.8,28.6
2435015,34.8,15,25,48.3,5.6,90.2,60.3,69.6,92.5,30.4
2435020,25.3,16.8,37,63.9,2.4,62,69.5,92.9,98.6,13.1
2435027,36.4,19.3,32.4,39.9,6.3,92.5,79.6,87,84,37.1
2435035,23.4,10.6,26,32,8.8,53.2,31.7,72.5,71.2,57.2
2435040,30.6,12.4,22,34,10,80.6,44.1,59.1,75.3,64.5
2435045,32.8,20,38,25,11.1,86.4,82,93.6,56.8,69
2435050,35.4,22.7,36.4,45.1,8,91.2,87.5,92.4,89.8,51.1
2435055,40.2,23.6,32,39.3,8.2,96.4,89.1,86,83.5,52.7
2435902,NA,NA,NA,NA,NA,NA,NA,NA,NA,NA
2435904,NA,NA,NA,NA,NA,NA,NA,NA,NA,NA
2435906,25,NA,NA,NA,NA,60.4,NA,NA,NA,NA
2435908,NA,NA,NA,NA,NA,NA,NA,NA,NA,NA
2436033,30.9,18.7,27.6,41.8,5.9,81.6,77.5,75.5,86.4,33.5
2437067,26.3,15,21.9,22.3,5.5,65.7,60.3,57.6,50.7,29.5
2437205,31.8,15.6,23.2,49.5,6.6,84.1,63.7,63,92.9,39.2
2437210,30.7,14.4,16,42.1,7.4,81,56.8,36.3,86.8,46.1
2437215,33.2,13.6,23,38.8,9.7,87.2,52.2,62.3,82.7,62.3
2437220,28.2,11,16.8,39.3,6.9,72.7,34.4,39.3,83.5,41.6
2437225,24.3,14.8,22,50,14,57.1,59.1,59.1,93.5,77.7
2437230,16.5,8.9,23.2,21.7,8.5,24.3,20.9,63,49.2,54.9
2437235,18.5,9,21.8,13.1,4.5,31.8,21.6,57.6,31.7,21.4
2437240,28.1,15.9,28.8,34.7,7.1,72.4,65,79.3,76.3,43.5
2437245,32.5,15.4,25.6,48.5,6.9,85.9,62.6,71,92.6,41.6
2437250,30.9,16,24,81.6,6.1,81.6,65.8,65.9,99.9,35.4
2438005,21.7,19.6,39,41.4,10,46.1,80.7,94.2,85.9,64.5
2438010,22.3,9.9,20.8,24.8,6,48.8,27.1,55,56.1,34.4
2438015,27,16,26,28.6,4.8,68.4,65.8,72.5,64.1,23.7
2438020,23.7,26,32,52.2,8.7,54.5,91.5,86,94.7,56.5
2438028,30.4,25.8,45,50.6,9.1,80,91.2,97.6,94.1,58.9
2438035,25.8,15.2,28,35.6,4.4,63.8,61.4,77.1,77.7,20.7
2438040,28.4,19.2,31,48.6,14.3,73.6,79.3,84,92.7,78.5
2438047,29.5,18.4,31,49.2,8.2,77.5,76.4,84,92.8,52.7
2438055,27.5,14,30,28.6,0,70.3,54.5,81.9,64.1,6.1
2438060,21.4,14.4,32,34.5,0,44.5,56.8,86,76.1,6.1
2438065,35.4,13,17.5,34.9,11.3,91.2,48.3,41.7,76.7,69.8
2438070,37,15.8,22,53.3,7.6,93.3,64.7,59.1,95.2,47.7
2438802,17.9,NA,NA,10,15,29.4,NA,NA,26.4,79.8
2439005,35.7,20,24,16.7,20,91.7,82,65.9,37.7,85.1
2439010,30.8,18.8,34.5,40.5,4.8,81.3,78,89.5,84.9,23.7
2439015,25.3,17,36,29.3,14.6,62,70.6,91.5,65.7,79.2
2439020,27,13.6,20,38.9,0,68.4,52.2,52,83,6.1
2439025,18.9,13,28.8,42.3,9.2,33.6,48.3,79.3,86.9,59.6
2439030,18.8,13.2,22,30.6,6.9,33.1,49.9,59.1,68.3,41.6
2439035,22.1,17,24,28.1,0,47.8,70.6,65.9,62.9,6.1
2439043,18,11.8,26,38.8,9.2,29.8,40,72.5,82.7,59.6
2439060,15.3,7.3,19.2,6.8,4.2,20.4,12.1,48.4,21.2,19.5
2439062,27.8,14.5,25.2,17.8,3.2,71.2,57.4,70.5,39.9,14.8
2439077,22.6,11.8,23.4,29.1,2.9,49.9,40,63.3,65.2,13.9
2439085,14,9.6,33,24.1,4.5,17.3,25.2,87.7,55,21.4
2439090,14.5,11.2,32,55.2,13.8,18.4,36,86,96.1,77.1
2439097,14.6,6.5,23,16.6,5.5,18.6,8.1,62.3,37.4,29.5
2439105,18.2,12.8,30,32.3,0,30.7,46.6,81.9,71.7,6.1
2439117,21.2,13.6,27.2,30.7,7.3,43.4,52.2,75.2,68.4,45.2
2439130,17.6,12.6,22,22.7,10.6,28.3,45.3,59.1,51.5,67
2439135,18.5,9,19.5,24.8,2,31.8,21.6,49,56.1,12.6
2439145,15,13.6,29,31,9.9,19.6,52.2,79.8,69,63.8
2439152,22.7,18.3,37.2,22.3,5.6,50.3,76,93.1,50.7,30.4
2439165,26.7,19.2,36,36.4,0,67.1,79.3,91.5,79.1,6.1
2439170,18.1,13.8,35,21.2,5.1,30.2,53.4,90.1,48,26
2440005,27.9,NA,NA,45.5,0,71.7,NA,NA,90.1,6.1
2440010,28.6,20.4,31,55.3,12.8,74.4,83.2,84,96.1,74.5
2440017,26.3,16.2,24.4,47.1,8.3,65.7,66.7,68.2,91.5,53.5
2440025,17.1,13.2,28,41.3,10.9,26.8,49.9,77.1,85.7,68.2
2440032,21.9,11.4,24,32.5,6.2,46.9,37.3,65.9,72.1,36.3
2440043,35.6,20.9,30.4,35.3,6.4,91.5,84.1,83.3,77.3,37.7
2440047,27.2,14.1,23.2,46.9,11.5,69.2,55.1,63,91.4,70.4
2441012,21.6,19.2,31,46.3,10.4,45.6,79.3,84,90.9,66.2
2441020,36.5,19,24,42.9,11.4,92.7,78.8,65.9,87.6,70
2441027,24.2,22.2,33,42.5,12.3,56.6,86.9,87.7,87.1,73.1
2441037,27.1,21.6,32,50,13.8,68.8,85.6,86,93.5,77.1
2441038,21,12.2,25.8,39.5,6.4,42.2,42.8,71.2,83.8,37.7
2441055,15.6,7.7,18,17.6,6.1,21.3,14,44,39.5,35.4
2441060,23.8,13.7,23.4,48.9,9.1,54.9,52.9,63.3,92.8,58.9
2441065,17.8,9.8,23,28.2,5.9,28.9,26.6,62.3,63.1,33.5
2441070,19.6,16.6,27,47.6,12.6,36.2,68.6,74.8,92,74.1
2441075,21.1,NA,NA,0,0,42.9,NA,NA,7,6.1
2441080,27.2,21.2,38,60,14,69.2,85,93.6,97.9,77.7
2441085,29.7,18,39,35.7,14.3,78.2,75.1,94.2,77.9,78.5
2441098,31.7,18.1,31,38.1,7.8,83.9,75.7,84,81.7,49.5
2441117,23.4,13.5,24.4,43.1,6.9,53.2,51.4,68.2,87.9,41.6
2442005,18.4,6.3,15.4,15.5,7.8,31.5,7.1,33.4,35.7,49.5
2442020,18,8.3,17.5,16.7,5.4,29.8,16.9,41.7,37.7,28.6
2442025,16.8,6.1,10.8,9.2,5.4,25.6,6.2,14.3,25.2,28.6
2442032,26.9,7.7,14.4,23.1,9.4,68,14,30.2,52.6,60.8
2442040,23.1,13,18,39.3,5.4,52,48.3,44,83.5,28.6
2442045,20.3,9.6,17,29.1,7.3,39.4,25.2,40.2,65.2,45.2
2442050,19.2,11.6,16,33.3,5.9,34.7,38.6,36.3,73.8,33.5
2442055,25.2,15.7,20,18.6,4.8,61.6,64.4,52,41.9,23.7
2442060,26.7,8.2,12,20,8.4,67.1,16.4,19.5,45.1,54.3
2442065,25.3,13.6,14,30,12.5,62,52.2,28,67.2,73.7
2442070,21.4,NA,NA,53.3,26.7,44.5,NA,NA,95.2,89.5
2442075,23.3,10.8,14,44.7,9.4,52.8,32.8,28,89.5,60.8
2442078,28.7,13.2,16,34.2,7.9,74.8,49.9,36.3,75.5,50.2
2442088,24.1,13.9,27.8,44.9,7,56.2,53.9,75.7,89.6,42.5
2442095,17.4,9,19,23.7,10.1,27.6,21.6,47.7,53.9,65.1
2442098,26.5,19.5,31.4,53.6,9.7,66.4,80,84.7,95.3,62.3
2442100,17.1,10.8,18,26.3,4,26.8,32.8,44,59.8,18.2
2442110,32.2,11.6,23.6,38.1,7.6,85.1,38.6,63.6,81.7,47.7
2443027,21.3,14.5,21.6,18.1,4.8,43.9,57.4,57.4,40.6,23.7
2444003,19.6,12,28,46.5,11.6,36.2,41.4,77.1,91,70.8
2444005,28.6,NA,NA,42.9,0,74.4,NA,NA,87.6,6.1
2444010,19.6,12,16,32,8,36.2,41.4,36.3,71.2,51.1
2444015,24.6,20,27,37.9,9.1,58.3,82,74.8,81.4,58.9
2444023,13.7,9.2,14,43.4,13.2,16.5,22.9,28,88.1,75.5
2444037,26.2,12.5,23.9,35.7,4.5,65.2,44.8,63.9,77.9,21.4
2444045,22,16.8,32,45.5,11.4,47.4,69.5,86,90.1,70
2444050,25,18.4,24,52,4,60.4,76.4,65.9,94.6,18.2
2444055,13.8,10.8,28,40.9,9.1,16.8,32.8,77.1,85.2,58.9
2444060,17,12,24,37.1,0,26.4,41.4,65.9,80.1,6.1
2444071,20.2,9.8,19.2,23.4,6.9,38.9,26.6,48.4,53.3,41.6
2444080,16.5,11,15.2,38.5,11,24.3,34.4,32.7,82.4,68.5
2445008,26.9,18.4,30.2,64.3,11,68,76.4,83,98.7,68.5
2445020,35.3,13.6,16.5,36.8,4.4,91,52.2,38.8,79.8,20.7
2445025,33.2,13.2,15.6,25.5,6.4,87.2,49.9,33.8,58.2,37.7
2445030,37.1,14.4,18.4,35.4,10.2,93.5,56.8,45.9,77.5,65.5
2445035,24.2,9.2,15.6,45.6,5.3,56.6,22.9,33.8,90.4,27.7
2445043,26,5.8,10,40.6,3.1,64.4,4.9,11.7,85,14.4
2445050,38.5,9.2,9.5,53.1,7.8,94.8,22.9,9.6,95.1,49.5
2445055,24.7,5.1,6.8,19.6,8.4,58.8,3.1,2.9,44.2,54.3
2445060,24.1,7,12.4,16.2,6,56.2,10.6,21.8,37,34.4
2445072,31.9,13.8,21.2,19.6,4.8,84.3,53.4,56.8,44.2,23.7
2445080,55.6,NA,NA,NA,NA,99.6,NA,NA,NA,NA
2445085,31.2,7.8,12,13.2,6.9,82.5,14.4,19.5,31.9,41.6
2445093,30.5,9.3,11.6,14.2,4.1,80.3,23.4,17.1,33.3,18.9
2445095,33,12.4,16.5,21.4,5.4,86.7,44.1,38.8,48.5,28.6
2445100,33.1,11.8,14,21.4,4.8,87,40,28,48.5,23.7
2445105,23.2,14.4,25,23.5,5.9,52.4,56.8,69.6,53.6,33.5
2445115,22,7,11,6.2,5.4,47.4,10.6,15.1,20.2,28.6
2446005,35.3,13.2,14,41,5.1,91,49.9,28,85.4,26
2446010,29.3,10.2,14.4,38.8,8.7,76.8,29.5,30.2,82.7,56.5
2446017,29.8,13.1,16.5,48.3,5.9,78.4,49.1,38.8,92.5,33.5
2446025,24,11.6,14,45.5,9.1,55.7,38.6,28,90.1,58.9
2446030,20.7,10,8,56.5,0,41,28,5.4,96.8,6.1
2446035,27.9,17.1,24.8,44.3,8.1,71.7,71.3,68.7,89,52
2446040,29.5,8,17,30.4,5.4,77.5,15.3,40.2,68,28.6
2446045,26.9,12,18.5,50,13.5,68,41.4,46.4,93.5,76.4
2446050,24.6,9.5,13.2,26.2,7,58.3,24.3,24.8,59.6,42.5
2446058,38.9,15.4,15.9,25.4,8.2,95.3,62.6,34.4,58,52.7
2446065,35.4,12.8,15,32.9,12.9,91.2,46.6,31.9,72.7,74.7
2446070,26.1,16,26,44.4,7.4,64.8,65.8,72.5,89.2,46.1
2446075,34.9,12.8,15.4,28.3,8.5,90.4,46.6,33.4,63.3,54.9
2446078,21.5,6.2,9.2,4.3,4,45.1,6.6,8.9,17.4,18.2
2446080,28.2,15.5,22.7,20.6,5.4,72.7,63,61.4,46.7,28.6
2446085,19.7,7,16,25.5,5.5,36.7,10.6,36.3,58.2,29.5
2446090,20.8,8.7,16,23,7.9,41.4,19.3,36.3,52.3,50.2
2446095,19.1,7.2,12,43.6,3.6,34.4,11.6,19.5,88.3,16.2
2446100,21.7,10.4,24,49.1,15.1,46.1,30.5,65.9,92.8,79.9
2446105,16.7,8.6,20,17.6,4.7,25.1,18.8,52,39.5,22.9
2446112,20.3,12.4,23.5,30.5,6.2,39.4,44.1,63.4,68.1,36.3
2447010,12,4.6,11.2,7.1,4.8,13.1,2.1,15.8,21.8,23.7
2447017,25.8,13,22,18.8,4.4,63.8,48.3,59.1,42.4,20.7
2447025,21.2,16,30.6,35.3,4.5,43.4,65.8,83.5,77.3,21.4
2447030,19.2,14,16,35.5,6.5,34.7,54.5,36.3,77.6,38.4
2447035,19.7,6.4,12.5,9.1,4.8,36.7,7.6,22.1,24.9,23.7
2447040,17.6,12.3,21,21.9,8.8,28.3,43.4,55.9,49.5,57.2
2447047,16.9,9.1,20,19.5,7.8,26,22.3,52,43.9,49.5
2447055,14.1,8.6,26,15.7,6,17.6,18.8,72.5,35.9,34.4
2448005,18.6,16.5,24,48.1,11.1,32.3,68,65.9,92.3,69
2448010,22.3,18.2,30.4,31.7,4.1,48.8,75.8,83.3,70.4,18.9
2448015,21.1,16.8,28,30.3,7.9,42.9,69.5,77.1,67.8,50.2
2448020,20.8,15,26,29.3,13.8,41.4,60.3,72.5,65.7,77.1
2448028,26.6,14.8,28.1,25.7,5.7,66.7,59.1,78.6,58.7,31.5
2448038,19.3,9.8,18,32.2,3.4,35.1,26.6,44,71.6,15.4
2448045,18.2,10.9,20,31.5,4.8,30.7,33.6,52,69.8,23.7
2448050,18.2,10.4,20,39,2.6,30.7,30.5,52,83.2,13.4
2449005,21.7,14.4,24,28.2,9.2,46.1,56.8,65.9,63.1,59.6
2449015,21,15,22,47.7,9.3,42.2,60.3,59.1,92.1,60.2
2449020,15.1,12.2,31,19.4,6.9,19.8,42.8,84,43.8,41.6
2449025,21.9,13.3,33.5,27.4,6.6,46.9,50.6,88.1,61.9,39.2
2449030,17.8,12.6,27.6,11.3,5.7,28.9,45.3,75.5,29,31.5
2449040,15.9,10.7,24.4,19.2,4.3,22.4,32,68.2,43.3,20.2
2449048,16,9.6,20.8,18.6,3.7,22.7,25.2,55,41.9,16.6
2449058,23.7,14.5,25.5,18.1,4.2,54.5,57.4,70.9,40.6,19.5
2449070,15.5,9.3,23,22.2,5.6,21.1,23.4,62.3,50.3,30.4
2449075,22.5,11.2,29.2,18.2,1.4,49.5,36,80.3,41,12.3
2449080,24.3,11.2,22,28.2,9,57.1,36,59.1,63.1,58.3
2449085,15,11.2,26,41.7,8.3,19.6,36,72.5,86.2,53.5
2449095,15.9,8.4,23,24.8,3.8,22.4,17.4,62.3,56.1,17.1
2449100,15.5,7,10,23.3,0,21.1,10.6,11.7,53.1,6.1
2449105,19.3,13,29,32.7,6.1,35.1,48.3,79.8,72.4,35.4
2449113,21.8,15.7,27.6,55.7,9.9,46.6,64.4,75.5,96.4,63.8
2449125,18.2,12.8,19,36,4.7,30.7,46.6,47.7,78.5,22.9
2449130,20.2,9.2,26,33.3,5.1,38.9,22.9,72.5,73.8,26
2450005,18.8,13.6,28,28,9.8,33.1,52.2,77.1,62.7,63.1
2450013,18,14.8,36,50,8.3,29.8,59.1,91.5,93.5,53.5
2450023,19.2,13,24,33,3,34.7,48.3,65.9,72.9,14.1
2450030,26.8,11.6,29,23,2.7,67.6,38.6,79.8,52.3,13.5
2450035,20.2,9.6,17,61.2,14.3,38.9,25.2,40.2,98.1,78.5
2450042,21.1,12.9,30,26.2,4.5,42.9,47.5,81.9,59.6,21.4
2450050,20.8,12.8,22,33.8,5,41.4,46.6,59.1,75,25.2
2450057,20.2,16.8,24,40.5,7.1,38.9,69.5,65.9,84.9,43.5
2450065,16.3,8.8,8,40,5,23.7,20.1,5.4,84.3,25.2
2450072,31.3,12.1,18.7,19.2,4.7,82.9,42.4,46.8,43.3,22.9
2450085,20.3,10,10,48.3,6.9,39.4,28,11.7,92.5,41.6
2450090,17.7,14.6,28,43.1,10.3,28.6,58,77.1,87.9,65.8
2450095,18,12,20,47.6,0,29.8,41.4,52,92,6.1
2450100,23.4,13.6,29,50.6,4.5,53.2,52.2,79.8,94.1,21.4
2450113,28.3,22.2,32.4,50.7,7.6,73.2,86.9,87,94.2,47.7
2450128,27.9,16.2,28.8,37.8,5.9,71.7,66.7,79.3,81.3,33.5
2450802,16.7,16.5,32,17.8,8.9,25.1,68,86,39.9,57.8
2451008,26.3,15.3,28.2,31.8,6,65.7,62.2,78.7,70.7,34.4
2451015,36.2,22.4,33.2,29.6,4.5,92.3,87.1,88,66.3,21.4
2451020,22.1,11,22.8,36,6.6,47.8,34.4,61.6,78.5,39.2
2451025,21.8,14.2,26,39.6,10.4,46.6,55.7,72.5,83.9,66.2
2451030,20.9,8.5,14,58.6,0,41.8,18.2,28,97.5,6.1
2451035,21.4,11.2,24,46.7,8,44.5,36,65.9,91.2,51.1
2451040,27.3,19.8,30.4,40,7.7,69.6,81.3,83.3,84.3,48.6
2451045,31.1,18.6,30,57.6,12,82.2,77.3,81.9,97.2,72.2
2451050,21.3,19.2,39,47.9,4.2,43.9,79.3,94.2,92.2,19.5
2451055,29.4,19.6,36,32.3,12.9,77.1,80.7,91.5,71.7,74.7
2451060,26,18.8,31.2,41.3,5.6,64.4,78,84.5,85.7,30.4
2451065,35.2,20.9,32.8,26.3,6,90.9,84.1,87.3,59.8,34.4
2451070,29.7,12.9,14.4,24.8,7.8,78.2,47.5,30.2,56.1,49.5
2451075,27.6,16.8,22.4,19.4,5.4,70.6,69.5,61,43.8,28.6
2451080,24.2,16.4,33.5,44.3,2.1,56.6,67.3,88.1,89,12.7
2451085,19.7,8.6,19.6,19.8,4.3,36.7,18.8,49.4,44.6,20.2
2451090,18.6,8.2,19,16,5.9,32.3,16.4,47.7,36.8,33.5
2452007,16.5,7.7,17.2,7,4.5,24.3,14,41.1,21.6,21.4
2452017,21.2,10.5,19.2,23.1,5.6,43.4,31.3,48.4,52.6,30.4
2452030,21.6,11.9,22,42.9,10.9,45.6,40.5,59.1,87.6,68.2
2452035,30.8,19.5,33,33.9,8.3,81.3,80,87.7,75.1,53.5
2452040,22.4,10.5,20,24.5,6.2,49.1,31.3,52,55.6,36.3
2452045,28.5,10.8,20.8,31.7,3.2,73.9,32.8,55,70.4,14.8
2452050,27,10,22,33.3,4.8,68.4,28,59.1,73.8,23.7
2452055,23,16.2,25.2,36.8,11.6,51.6,66.7,70.5,79.8,70.8
2452062,24.5,16.6,20.8,43.1,13.8,58,68.6,55,87.9,77.1
2452070,18.4,15.5,18,33.7,4.3,31.5,63,44,74.9,20.2
2452075,27.5,NA,NA,54.5,18.2,70.3,NA,NA,95.7,83.6
2452080,30.7,30.2,43.6,45.4,6.6,81,94.6,96.6,89.9,39.2
2452085,28.9,17.1,25,23,7.7,75.5,71.3,69.6,52.3,48.6
2452090,34.1,18.8,24,34.8,7.2,89.3,78,65.9,76.5,44.5
2452095,30.7,20.6,28.2,23.3,7.6,81,83.5,78.7,53.1,47.7
2453005,20.7,16.4,30,59.2,9.2,41,67.3,81.9,97.6,59.6
2453010,19.1,11.6,24,55.8,11.5,34.4,38.6,65.9,96.5,70.4
2453015,19.8,8,16,41.2,8.8,37.1,15.3,36.3,85.6,57.2
2453020,21,12.8,25.2,27.8,5.1,42.2,46.6,70.5,62.5,26
2453025,23.2,8.8,17.2,17.6,5.4,52.4,20.1,41.1,39.5,28.6
2453032,28.4,11,17,39.6,8.2,73.6,34.4,40.2,83.9,52.7
2453040,16.7,6.9,17,24,8,25.1,10.1,40.2,54.8,51.1
2453050,25,29.2,35.5,57,12.8,60.4,93.7,90.5,96.9,74.5
2453052,30.9,15.1,21.4,26,5.5,81.6,60.7,57.1,59.2,29.5
2453065,29.5,6.7,13.8,18.6,5.9,77.5,9.1,26.3,41.9,33.5
2453072,27.1,13.3,19.6,38.4,11.9,68.8,50.6,49.4,82.2,71.9
2453085,22.9,NA,NA,77.8,0,51.2,NA,NA,99.8,6.1
2454008,14.3,8,20.4,26.1,4.8,18,15.3,54.5,59.4,23.7
2454017,19,6.6,13.6,28.4,4.9,34,8.6,25.8,63.6,24.5
2454025,15.2,7.8,17,22.5,5.2,20.1,14.4,40.2,51.1,26.8
2454030,17,6.1,17.2,9,3.9,26.4,6.2,41.1,24.7,17.7
2454035,14.8,6.2,12.8,14.6,2.3,19,6.6,23,34.1,12.9
2454048,26.1,14.1,22.1,23.7,4.7,64.8,55.1,60.6,53.9,22.9
2454060,13.5,8.2,23.2,22.5,4.1,15.9,16.4,63,51.1,18.9
2454065,15.9,9.7,17.5,24.8,5.7,22.4,26,41.7,56.1,31.5
2454072,12.9,6.4,20,26.5,5.7,14.6,7.6,52,60.2,31.5
2454090,15.2,6.9,11,33.3,6.5,20.1,10.1,15.1,73.8,38.4
2454095,16.5,8.6,21,25.2,3.5,24.3,18.8,55.9,57.5,15.8
2454100,15.7,9,25,43.5,7.4,21.7,21.6,69.6,88.2,46.1
2454105,18.2,6,11,38.8,10,30.7,5.6,15.1,82.7,64.5
2454110,14,7.1,16,38.2,4.9,17.3,11.1,36.3,82,24.5
2454115,17.9,12.8,30,39.2,9.8,29.4,46.6,81.9,83.3,63.1
2454120,19.6,11,22,35.4,9.2,36.2,34.4,59.1,77.5,59.6
2454125,16.7,14,24,59.5,7.1,25.1,54.5,65.9,97.7,43.5
2455008,14.9,7.5,22,20.5,3.2,19.3,13.1,59.1,46.4,14.8
2455015,19.9,10.5,18.8,25.3,6.3,37.5,31.3,46.9,57.8,37.1
2455023,18.6,9.3,17.4,21.8,6.7,32.3,23.4,41.4,49.4,40.1
2455030,17.8,7.3,15.2,27.3,8.7,28.9,12.1,32.7,61.6,56.5
2455037,17.8,8.5,17,20.6,4.9,28.9,18.2,40.2,46.7,24.5
2455048,17.4,8,17.4,19.3,3.1,27.6,15.3,41.4,43.5,14.4
2455057,24.7,9.3,19.4,18,5,58.8,23.4,48.7,40.4,25.2
2455065,19.6,6.6,11.6,10.4,3.8,36.2,8.6,17.1,27.1,17.1
2456005,35,13.9,16,23.4,3.2,90.6,53.9,36.3,53.3,14.8
2456010,27.8,11.6,21,37.4,9.3,71.2,38.6,55.9,80.4,60.2
2456015,22.2,14.4,25.2,25.6,8.5,48.4,56.8,70.5,58.5,54.9
2456023,21.1,10.9,23.2,33.6,6.7,42.9,33.6,63,74.7,40.1
2456030,20.2,9,16,54.5,6.1,38.9,21.6,36.3,95.7,35.4
2456035,23.4,12.1,18.4,22.3,7.8,53.2,42.4,45.9,50.7,49.5
2456042,18.7,12.2,24,48.4,7.4,32.7,42.8,65.9,92.6,46.1
2456050,16.7,8.8,20,53.7,5.6,25.1,20.1,52,95.4,30.4
2456055,13.6,6.3,14.8,23,10.5,16.2,7.1,31.1,52.3,66.6
2456060,15.9,7.8,21,20.5,8,22.4,14.4,55.9,46.4,51.1
2456065,18.4,6.6,14.8,29.8,9.4,31.5,8.6,31.1,66.6,60.8
2456083,21.5,9.6,18.7,18.2,5.7,45.1,25.2,46.8,41,31.5
2456097,17.2,6.3,15.4,23.1,8,27.1,7.1,33.4,52.6,51.1
2456105,15.4,9,25,31.6,7,20.7,21.6,69.6,70.1,42.5
2457005,14.3,5.2,11.8,8.9,3.7,18,3.4,17.6,24.5,16.6
2457010,11.5,4.4,9.4,9.8,4.6,12.4,1.7,9.3,26.3,22.2
2457020,14.5,3.8,10.3,6.4,3.8,18.4,0.8,13.1,20.6,17.1
2457025,20.3,5.7,12,15.8,4.8,39.4,4.7,19.5,36.2,23.7
2457030,15.6,4.6,9.8,18.6,4.6,21.3,2.1,10.4,41.9,22.2
2457033,20.1,9.2,19.2,19.7,6.3,38.5,22.9,48.4,44.4,37.1
2457035,23.3,5.7,11,10.9,4,52.8,4.7,15.1,28.1,18.2
2457040,21,6,11.4,13.1,5,42.2,5.6,16.4,31.7,25.2
2457045,21,4,6.4,6.4,3.9,42.2,1,2.4,20.6,17.7
2457050,18.3,4.6,10,19.9,6.2,31.1,2.1,11.7,44.8,36.3
2457057,22.8,6.5,12,19.1,3.9,50.7,8.1,19.5,43.1,17.7
2457068,21.6,8.3,14,42.1,5.9,45.6,16.9,28,86.8,33.5
2457075,21.6,5,10,35.6,7.5,45.6,2.8,11.7,77.7,47
2458007,21.3,11.1,14.4,4.2,5.1,43.9,35.3,30.2,17.2,26
2458012,28.8,9.3,13.6,35,7,75.1,23.4,25.8,76.9,42.5
2458033,24.9,4.3,7.5,9.6,4.8,59.5,1.4,4,25.9,23.7
2458037,23.1,4.3,7.2,11.8,5.7,52,1.4,3.6,29.8,31.5
2458227,19,11.9,18.5,16.3,6.8,34,40.5,46.4,37.1,40.9
2459010,18,3.7,8.3,2.2,2.9,29.8,0.7,6.3,15,13.9
2459015,9.9,6.5,19.8,4.5,4.7,10.2,8.1,49.7,17.7,22.9
2459020,16.4,4.5,10.6,8.4,3.6,24,1.9,13.8,23.8,16.2
2459025,20.4,7,15.3,23.1,6.7,39.8,10.6,33.2,52.6,40.1
2459030,21.8,10.4,14,53.7,9.8,46.6,30.5,28,95.4,63.1
2459035,18.1,7.1,13.7,14.9,4.1,30.2,11.1,26.1,34.5,18.9
2460005,25.2,11.1,17,15.1,4.6,61.6,35.3,40.2,34.8,22.2
2460013,20.5,5.9,11.6,6.9,4.8,40.2,5.2,17.1,21.4,23.7
2460020,17.6,7.1,12.4,12.6,4.1,28.3,11.1,21.8,30.7,18.9
2460028,17.1,7,15.9,11.4,4,26.8,10.6,34.4,29.2,18.2
2460037,14.5,10.8,24.6,14.7,5.6,18.4,32.8,68.5,34.2,30.4
2461005,14.8,7.1,15,9.4,4.4,19,11.1,31.9,25.5,20.7
2461013,20.3,9.8,15.2,21.7,5.1,39.4,26.6,32.7,49.2,26
2461020,24.1,10,14,24,8,56.2,28,28,54.8,51.1
2461025,26.4,20.9,26.4,26.2,6.4,66.1,84.1,73.9,59.6,37.7
2461027,19.9,8.1,17.6,23.7,2.4,37.5,16,42.1,53.9,13.1
2461030,27.7,9.5,18.2,9,3,70.8,24.3,45.6,24.7,14.1
2461035,38.8,12.8,20.2,5.8,3.2,95.2,46.6,54.3,19.6,14.8
2461040,20.8,9.6,18.4,18,4.4,41.4,25.2,45.9,40.4,20.7
2461045,17.8,11.4,22.4,11.2,6.2,28.9,37.3,61,28.8,36.3
2461050,20.3,10.2,19.6,12.9,7.2,39.4,29.5,49.4,31.3,44.5
2462007,24.6,13.1,22.3,17.2,4.3,58.3,49.1,60.8,38.7,20.2
2462015,29.6,14.2,21,19.5,5.5,77.8,55.7,55.9,43.9,29.5
2462020,24.4,14.1,20,14.4,9.1,57.5,55.1,52,33.8,58.9
2462025,28.9,15,17.8,15.7,8.1,75.5,60.3,42.4,35.9,52
2462030,21.4,12.3,20.8,13.9,8.4,44.5,43.4,55,33,54.3
2462037,24.2,15.3,23.3,20.3,8.1,56.6,62.2,63.3,45.9,52
2462047,27.9,18.6,26,15.4,11,71.7,77.3,72.5,35.4,68.5
2462053,34.1,17,17.5,22.9,6.8,89.3,70.6,41.7,52,40.9
2462055,35.6,17.8,24.4,17.1,4.1,91.5,74.4,68.2,38.5,18.9
2462060,37.2,14.1,14.3,18.3,6.6,93.6,55.1,29.9,41.3,39.2
2462065,29.6,16.6,22.2,20.1,6.8,77.8,68.6,60.7,45.5,40.9
2462070,26.7,18.6,23.2,30.6,9.4,67.1,77.3,63,68.3,60.8
2462075,30.7,17,20,25,9,81,70.6,52,56.8,58.3
2462080,35.7,21.4,28,24.3,4.1,91.7,85.2,77.1,55.3,18.9
2462085,32.3,17.2,25.6,20.5,5.5,85.3,71.8,71,46.4,29.5
2462802,3.3,25,20,0,35.2,1.3,90.4,52,7,93
2462902,NA,NA,NA,NA,NA,NA,NA,NA,NA,NA
2462904,NA,NA,NA,NA,NA,NA,NA,NA,NA,NA
2462906,NA,NA,NA,NA,NA,NA,NA,NA,NA,NA
2462908,NA,NA,NA,NA,NA,NA,NA,NA,NA,NA
2462910,NA,NA,NA,NA,NA,NA,NA,NA,NA,NA
2462912,35,NA,NA,30,40,90.6,NA,NA,67.2,94.6
2462914,NA,NA,NA,NA,NA,NA,NA,NA,NA,NA
2462916,NA,NA,NA,NA,NA,NA,NA,NA,NA,NA
2462918,NA,NA,NA,NA,NA,NA,NA,NA,NA,NA
2462919,NA,NA,NA,NA,NA,NA,NA,NA,NA,NA
2462920,NA,NA,NA,NA,NA,NA,NA,NA,NA,NA
2462922,NA,NA,NA,NA,NA,NA,NA,NA,NA,NA
2463005,20.1,9,15,23.8,10.9,38.5,21.6,31.9,54.2,68.2
2463013,20.2,11.5,22.8,31.7,4.2,38.9,37.8,61.6,70.4,19.5
2463023,15,10.2,15,41.4,8.1,19.6,29.5,31.9,85.9,52
2463030,19.7,13.3,27.6,36.1,11.1,36.7,50.6,75.5,78.6,69
2463035,16.9,10.8,21.4,17.8,5.8,26,32.8,57.1,39.9,32.6
2463040,17,5,12,47.4,10.5,26.4,2.8,19.5,91.8,66.6
2463048,11.9,10,22.8,7.3,5,12.9,28,61.6,22.1,25.2
2463055,20.3,17,26.1,21.6,11.3,39.4,70.6,73.7,49,69.8
2463060,16.7,10.5,21.4,15.2,7,25.1,31.3,57.1,35,42.5
2463065,20.3,10.3,26,21.4,9.2,39.4,29.8,72.5,48.5,59.6
2464008,15.5,5.8,13,5,4.3,21.1,4.9,23.7,18.4,20.2
2464015,16.4,5.6,13.2,4.9,3,24,4.4,24.8,18.3,14.1
2465005,18.7,8.7,16.6,14.2,5.2,32.7,19.3,39.1,33.3,26.8
2466007,15.4,15.9,22,46.5,11.4,20.7,65,59.1,91,70
2466023,16.8,17.4,24.3,36,8.6,25.6,72.6,68,78.5,55.8
2466032,28.4,12.5,9.8,65.4,8.5,73.6,44.8,10.4,98.8,54.9
2466047,18.5,7.1,8.8,73.5,10.3,31.8,11.1,7.5,99.6,65.8
2466058,28.7,14.1,16.2,24.9,7.9,74.8,55.1,38.1,56.2,50.2
2466062,17.3,7.4,9,46.8,7.2,27.3,12.6,8.2,91.3,44.5
2466072,18.7,10.7,10,63.4,7,32.7,32,11.7,98.5,42.5
2466087,21,10.1,13.9,43.7,8.4,42.2,29,26.4,88.4,54.3
2466092,NA,NA,NA,NA,NA,NA,NA,NA,NA,NA
2466097,27.8,8.1,12.1,36.3,5.7,71.2,16,21.1,78.8,31.5
2466102,19.8,6.9,5.5,1.6,4.4,37.1,10.1,1.3,14.5,20.7
2466107,19.6,6.3,5.8,30.1,5.9,36.2,7.1,1.5,67.5,33.5
2466112,26.2,6.2,5.2,49.8,6,65.2,6.6,1,93,34.4
2466117,22.2,12,12.2,38,8.8,48.4,41.4,21.3,81.5,57.2
2466127,24.7,6.8,5,59.2,12.7,58.8,9.6,0.8,97.6,74.2
2466142,21.2,8.3,12.5,5.6,7,43.4,16.9,22.1,19.4,42.5
2467005,15,7.5,16.5,11.2,6.9,19.6,13.1,38.8,28.8,41.6
2467010,12.2,4.8,13.8,8.9,3,13.5,2.4,26.3,24.5,14.1
2467015,17.1,7.5,15.9,11,4.7,26.8,13.1,34.4,28.3,22.9
2467020,16.5,4.9,8.1,4.1,4.3,24.3,2.6,6,17,20.2
2467025,17.3,6.5,14.4,10.4,5.2,27.3,8.1,30.2,27.1,26.8
2467030,18.6,6.1,15.7,4.3,4.1,32.3,6.2,34.1,17.4,18.9
2467035,13.8,4.9,11.5,5.3,3.9,16.8,2.6,16.6,19,17.7
2467040,16.8,6.5,11.6,25.2,6.5,25.6,8.1,17.1,57.5,38.4
2467045,13.7,5.5,13.1,8,3.3,16.5,4.1,24.3,23,15.1
2467050,19.6,9.6,15.3,17.8,6.1,36.2,25.2,33.2,39.9,35.4
2467055,21.5,6.8,11.2,42.6,8.6,45.1,9.6,15.8,87.1,55.8
2467802,NA,NA,NA,NA,NA,NA,NA,NA,NA,NA
2468005,18.5,10.8,17,32.3,12.1,31.8,32.8,40.2,71.7,72.5
2468010,21.1,17.2,28,31.6,7.9,42.9,71.8,77.1,70.1,50.2
2468015,24.6,10.4,17,36.4,9.7,58.3,30.5,40.2,79.1,62.3
2468020,13.4,11.3,22,19.1,5.1,15.7,36.7,59.1,43.1,26
2468025,18.9,9.6,20,28.8,7.2,33.6,25.2,52,64.7,44.5
2468030,19.5,8.3,22,17.4,4.6,35.7,16.9,59.1,39.1,22.2
2468035,16.1,7.8,16.5,19,6.6,23.1,14.4,38.8,42.8,39.2
2468040,13.3,6.8,16,26.2,5,15.4,9.6,36.3,59.6,25.2
2468045,17.9,8.4,20,31.1,7.8,29.4,17.4,52,69.1,49.5
2468050,13.8,5.5,18,19.4,5.2,16.8,4.1,44,43.8,26.8
2468055,19,9.6,22.6,17,4.7,34,25.2,61.3,38.3,22.9
2469005,27.8,15.6,21,40.3,13.9,71.2,63.7,55.9,84.7,77.5
2469010,24.5,14.1,24.8,38.9,6.9,58,55.1,68.7,83,41.6
2469017,21.5,15.4,28.4,38.9,7.2,45.1,62.6,78.9,83,44.5
2469025,12.9,12.4,19,44.1,13.2,14.6,44.1,47.7,88.7,75.5
2469030,18.1,10.4,13,56.4,10.6,30.2,30.5,23.7,96.7,67
2469037,24.6,14.1,22.4,39.5,8.2,58.3,55.1,61,83.8,52.7
2469045,28.1,16.6,23.2,43.9,12.7,72.4,68.6,63,88.6,74.2
2469050,28.2,16,26,66.7,13.9,72.7,65.8,72.5,99.1,77.5
2469055,27.8,21,27.8,56,14.1,71.2,84.5,75.7,96.6,77.9
2469060,22.1,15.9,16.5,47.4,6,47.8,65,38.8,91.8,34.4
2469065,23.9,11.3,12.8,22.6,4.1,55.3,36.7,23,51.3,18.9
2469070,29.6,13.9,18,35.2,7.7,77.8,53.9,44,77.1,48.6
2469075,26,20,26,46.9,9.4,64.4,82,72.5,91.4,60.8
2469802,NA,NA,NA,NA,NA,NA,NA,NA,NA,NA
2470005,16.2,6,18,36.6,6.9,23.4,5.6,44,79.4,41.6
2470012,18.3,8.7,18,22.2,6.7,31.1,19.3,44,50.3,40.1
2470022,21.1,10.9,19.6,29.9,6.8,42.9,33.6,49.4,66.8,40.9
2470030,13.6,7.4,10,28.6,6,16.2,12.6,11.7,64.1,34.4
2470035,13.6,7.6,15,28.5,8.6,16.2,13.6,31.9,63.7,55.8
2470040,21,8.8,12.4,29.1,7.6,42.2,20.1,21.8,65.2,47.7
2470052,25.2,14.1,22.2,28.2,6.4,61.6,55.1,60.7,63.1,37.7
2471005,16.5,9.1,17,17.5,5,24.3,22.3,40.2,39.2,25.2
2471015,19.9,20,24,54.7,6.2,37.5,82,65.9,95.8,36.3
2471020,16.5,10.2,19.5,23.9,8,24.3,29.5,49,54.5,51.1
2471025,18,6.8,13.4,5.9,4,29.8,9.6,25.4,19.8,18.2
2471033,14.3,6.9,14.6,12.7,3.7,18,10.1,30.6,30.9,16.6
2471040,19.1,6.4,14.8,9.7,3.6,34.4,7.6,31.1,26.1,16.2
2471045,15.6,10.1,25,24.1,6.4,21.3,29,69.6,55,37.7
2471050,14.1,5.5,12.4,12.7,6.5,17.6,4.1,21.8,30.9,38.4
2471055,12.4,7.7,21,14.2,7.4,13.7,14,55.9,33.3,46.1
2471060,19.8,9.6,15.6,11,5.5,37.1,25.2,33.8,28.3,29.5
2471065,13.8,4.1,7.1,9.5,4.1,16.8,1.2,3.4,25.7,18.9
2471070,16.9,5.5,11.6,11.3,4.9,26,4.1,17.1,29,24.5
2471075,18,6,9.5,26.5,6.8,29.8,5.6,9.6,60.2,40.9
2471083,17,6.6,13.5,9.7,4,26.4,8.6,25.5,26.1,18.2
2471090,19.5,4.4,6,11.5,3.1,35.7,1.7,1.9,29.3,14.4
2471095,29.2,NA,NA,16.7,0,76.5,NA,NA,37.7,6.1
2471100,31,8.9,10.8,38.2,7.7,81.9,20.9,14.3,82,48.6
2471105,13.2,4.2,7.8,3.7,4.4,15.1,1.3,4.5,16.5,20.7
2471110,21.2,11.4,17,42,15.9,43.4,37.3,40.2,86.7,81
2471115,20,18,27,48.8,7.3,38,75.1,74.8,92.7,45.2
2471125,15.8,6.2,10,21.1,11.8,22,6.6,11.7,47.6,71.5
2471133,21.4,9.1,17,21.4,6.6,44.5,22.3,40.2,48.5,39.2
2471140,22.2,14,20,34.8,10.9,48.4,54.5,52,76.5,68.2
2472005,21.6,8.4,16.3,10.6,4.4,45.6,17.4,38.2,27.5,20.7
2472010,16.9,7.3,15.9,20.6,5.1,26,12.1,34.4,46.7,26
2472015,12.8,5.1,12.7,6.5,4.3,14.4,3.1,22.7,20.8,20.2
2472020,13.9,8.8,20.4,17.6,5.8,17,20.1,54.5,39.5,32.6
2472025,14.8,6.7,15.5,7.7,2.7,19,9.1,33.6,22.7,13.5
2472032,21.3,8.8,14.6,30,7.1,43.9,20.1,30.6,67.2,43.5
2472043,23.6,13.8,21.2,30.8,7.7,54.1,53.4,56.8,68.7,48.6
2472802,NA,NA,NA,NA,NA,NA,NA,NA,NA,NA
2473005,15.3,7.3,13.5,4.8,4.4,20.4,12.1,25.5,18.1,20.7
2473010,26.8,11.6,17.6,15.5,5.5,67.6,38.6,42.1,35.7,29.5
2473015,14.7,5.1,10.6,3.2,3.2,18.8,3.1,13.8,15.9,14.8
2473020,20,5,9.3,20.3,4.9,38,2.8,9.2,45.9,24.5
2473025,17.4,3,4.9,1.9,4.3,27.6,0.3,0.7,14.7,20.2
2473030,15.3,8,16,13.4,4.9,20.4,15.3,36.3,32.4,24.5
2473035,15,8.4,19,7.5,4.2,19.6,17.4,47.7,22.4,19.5
2474005,12.6,6.6,15.5,7,2.6,14.2,8.6,33.6,21.6,13.4
2475005,10.3,6.2,12.9,4.9,3.8,10.9,6.6,23.2,18.3,17.1
2475017,23.6,14,23.2,13,5,54.1,54.5,63,31.5,25.2
2475028,11.5,8.2,20,8.2,5.4,12.4,16.4,52,23.4,28.6
2475040,18.7,6.1,12.1,8.2,4.2,32.7,6.2,21.1,23.4,19.5
2475045,16.5,8.1,13.9,15.9,6.8,24.3,16,26.4,36.5,40.9
2476008,24.7,13,18.8,35.7,4.6,58.8,48.3,46.9,77.9,22.2
2476020,28.2,18.3,27.3,33.2,7,72.7,76,75.4,73.1,42.5
2476025,24.9,11.5,11.6,15.1,10.7,59.5,37.8,17.1,34.8,67.5
2476030,20.6,8.4,13.2,15.2,6,40.6,17.4,24.8,35,34.4
2476035,36.5,11.6,9.5,19.7,8.2,92.7,38.6,9.6,44.4,52.7
2476043,22.1,13.6,19.8,35.8,7.6,47.8,52.2,49.7,78.2,47.7
2476052,26.6,17.1,21,28,9.5,66.7,71.3,55.9,62.7,61.4
2476055,26.4,17.7,25.6,21.1,7.8,66.1,74.2,71,47.6,49.5
2476065,39.9,20.2,19,35.8,8.3,96,82.7,47.7,78.2,53.5
2477011,38.5,13,10,7.1,10.7,94.8,48.3,11.7,21.8,67.5
2477012,23.4,15.2,22.8,19.1,7.6,53.2,61.4,61.6,43.1,47.7
2477022,27.5,12.7,16,21,6.7,70.3,45.8,36.3,47.4,40.1
2477030,32.1,8.7,9.4,11.3,7.1,84.8,19.3,9.3,29,43.5
2477035,24.7,7.8,8.4,9.5,5.8,58.8,14.4,6.5,25.7,32.6
2477043,35.4,11.1,14.8,9.2,5.4,91.2,35.3,31.1,25.2,28.6
2477050,26.6,10.2,14.6,15.4,6.3,66.7,29.5,30.6,35.4,37.1
2477055,42.9,NA,NA,29.2,0,97.4,NA,NA,65.4,6.1
2477060,35,18.4,16.4,21.1,8,90.6,76.4,38.4,47.6,51.1
2477065,31.1,15.2,20.2,15,10.3,82.2,61.4,54.3,34.7,65.8
2478005,25.1,13,18,24.6,6.7,61.2,48.3,44,55.8,40.1
2478010,25.7,14.2,19,14.1,6.8,63.5,55.7,47.7,33.2,40.9
2478015,28.1,16.8,22,18.1,12,72.4,69.5,59.1,40.6,72.2
2478020,25.3,14.8,21,20.4,8,62,59.1,55.9,46.2,51.1
2478032,30.6,16.3,23.5,22.9,6.6,80.6,66.9,63.4,52,39.2
2478042,39.7,11.6,13,45.5,4.5,95.8,38.6,23.7,90.1,21.4
2478047,20.5,11.3,20.4,17.6,8.9,40.2,36.7,54.5,39.5,57.8
2478050,43.8,NA,NA,0,0,97.7,NA,NA,7,6.1
2478055,39.7,13,18.5,30.4,5.4,95.8,48.3,46.4,68,28.6
2478060,27.8,15.8,24,51.7,6.7,71.2,64.7,65.9,94.6,40.1
2478065,28.3,17.6,22,43.3,6.7,73.2,73.8,59.1,88,40.1
2478070,28.6,17.4,21.6,19.4,4.6,74.4,72.6,57.4,43.8,22.2
2478075,21.8,10.6,22,19.6,7.5,46.6,31.7,59.1,44.2,47
2478095,22.3,13.1,16.5,11,6,48.8,49.1,38.8,28.3,34.4
2478100,24.7,14.6,22,21.5,13.9,58.8,58,59.1,48.8,77.5
2478102,28.5,12.8,18.9,12.7,5.5,73.9,46.6,47.1,30.9,29.5
2478115,23,12.3,17.5,13.5,6.8,51.6,43.4,41.7,32.5,40.9
2478120,26.8,15.1,25.8,21.7,6.2,67.6,60.7,71.2,49.2,36.3
2478127,41.7,NA,NA,0,0,97,NA,NA,7,6.1
2478130,39.4,16.8,17.6,24.2,4.6,95.6,69.5,42.1,55.2,22.2
2478802,NA,NA,NA,NA,NA,NA,NA,NA,NA,NA
2479005,40.5,16,24,19.3,9.6,96.5,65.8,65.9,43.5,61.9
2479010,43,18,24,12.8,7.7,97.5,75.1,65.9,31.1,48.6
2479015,43.8,20.4,24,22.8,10.5,97.7,83.2,65.9,51.8,66.6
2479022,27,12.6,20,20.3,8.1,68.4,45.3,52,45.9,52
2479025,31,17.2,25,25.6,8.5,81.9,71.8,69.6,58.5,54.9
2479030,39.9,17.5,19.6,26.4,5.5,96,73.1,49.4,60,29.5
2479037,34.3,19.3,24.8,20.2,7.1,89.5,79.6,68.7,45.6,43.5
2479047,31.7,16.4,24,19.6,9.8,83.9,67.3,65.9,44.2,63.1
2479050,37.4,20.6,28.4,14.3,14.3,93.8,83.5,78.9,33.5,78.5
2479060,36.8,13.2,22,15.7,5.9,93.1,49.9,59.1,35.9,33.5
2479065,32.7,19,26,8.7,6.8,86.2,78.8,72.5,24.2,40.9
2479078,25.3,16.1,29.2,22.7,7.3,62,66.5,80.3,51.5,45.2
2479088,26.2,16.1,28.4,19.2,6.8,65.2,66.5,78.9,43.3,40.9
2479097,28.2,19.5,36,28.6,6.7,72.7,80,91.5,64.1,40.1
2479105,34.3,21.6,27,17,5.7,89.5,85.6,74.8,38.3,31.5
2479110,30.2,17.2,32,29.8,5.3,79.4,71.8,86,66.6,27.7
2479115,35.7,28,39,28.3,8.3,91.7,93.1,94.2,63.3,53.5
2479902,NA,NA,NA,NA,NA,NA,NA,NA,NA,NA
2479904,NA,NA,NA,NA,NA,NA,NA,NA,NA,NA
2479906,NA,NA,NA,NA,NA,NA,NA,NA,NA,NA
2479910,NA,NA,NA,NA,NA,NA,NA,NA,NA,NA
2479912,NA,NA,NA,NA,NA,NA,NA,NA,NA,NA
2479914,NA,NA,NA,NA,NA,NA,NA,NA,NA,NA
2479916,NA,NA,NA,NA,NA,NA,NA,NA,NA,NA
2479920,NA,NA,NA,NA,NA,NA,NA,NA,NA,NA
2479922,NA,NA,NA,NA,NA,NA,NA,NA,NA,NA
2479924,NA,NA,NA,NA,NA,NA,NA,NA,NA,NA
2479926,NA,NA,NA,NA,NA,NA,NA,NA,NA,NA
2480005,32.2,18.4,30,47.1,5.9,85.1,76.4,81.9,91.5,33.5
2480010,29.4,15.4,21,54.8,3.2,77.1,62.6,55.9,95.9,14.8
2480015,28.1,11,18,25.9,18.5,72.4,34.4,44,59,83.9
2480020,23,19.2,20,40.4,14,51.6,79.3,52,84.8,77.7
2480027,29.5,14.8,22.6,22.3,7.1,77.5,59.1,61.3,50.7,43.5
2480037,26.3,14.9,22,26.5,8.3,65.7,59.7,59.1,60.2,53.5
2480045,25.3,13.6,23,20.8,9.9,62,52.2,62.3,47,63.8
2480050,20.1,13.9,26.4,35.9,8.1,38.5,53.9,73.9,78.3,52
2480055,19.1,8,18,21.2,6.1,34.4,15.3,44,48,35.4
2480060,14.6,6.6,14,17.1,5.7,18.6,8.6,28,38.5,31.5
2480065,19.9,11.6,18,8.6,3.4,37.5,38.6,44,24,15.4
2480070,21.4,12,16,23.3,18.6,44.5,41.4,36.3,53.1,84.1
2480078,28.2,11.1,16,27,8.2,72.7,35.3,36.3,61.2,52.7
2480085,28.3,12.8,14,28.3,10.9,73.2,46.6,28,63.3,68.2
2480090,35.6,16.2,17,18.6,12.7,91.5,66.7,40.2,41.9,74.2
2480095,35.1,11,11.2,22.5,9,90.8,34.4,15.8,51.1,58.3
2480103,29.4,22.4,35,26,11.5,77.1,87.1,90.1,59.2,70.4
2480110,27,27.6,39,28.6,12.5,68.4,92.8,94.2,64.1,73.7
2480115,33.3,17,24,23.8,11.9,87.7,70.6,65.9,54.2,71.9
2480125,26.2,23.6,28,16.3,16.3,65.2,89.1,77.1,37.1,81.4
2480130,35.8,21.2,19,25,11.5,91.9,85,47.7,56.8,70.4
2480135,43.4,15.2,14,20.6,7.9,97.7,61.4,28,46.7,50.2
2480140,33.2,16.4,19.5,21.2,7.1,87.2,67.3,49,48,43.5
2480145,33.8,14,17,14.9,6,88.7,54.5,40.2,34.5,34.4
2481017,16.3,9.9,14,13.2,5.7,23.7,27.1,28,31.9,31.5
2482005,13.4,5.2,12.2,8.9,5.7,15.7,3.4,21.3,24.5,31.5
2482010,18.5,12.8,16,21.1,11.8,31.8,46.6,36.3,47.6,71.5
2482015,13.1,6.9,12.8,8.5,6.4,14.9,10.1,23,23.9,37.7
2482020,10.7,3.4,6.8,4.7,4.7,11.4,0.5,2.9,17.9,22.9
2482025,15.4,4.4,7.8,14.8,8.7,20.7,1.7,4.5,34.3,56.5
2482030,15.1,7.8,13.2,23.5,9.9,19.8,14.4,24.8,53.6,63.8
2482035,20.8,10.2,16.4,18.4,8.6,41.4,29.5,38.4,41.5,55.8
2483005,20.2,11.6,19,12.7,12.7,38.9,38.6,47.7,30.9,74.2
2483010,25.5,13.6,24,31.3,10.1,62.8,52.2,65.9,69.5,65.1
2483015,24,18.8,22,17.7,13.5,55.7,78,59.1,39.7,76.4
2483020,38.5,12.8,15.2,29.9,11.7,94.8,46.6,32.7,66.8,71.1
2483032,28.6,19.9,26.6,29.2,10.6,74.4,81.4,74.1,65.4,67
2483040,30.2,20,24,14.5,15.7,79.4,82,65.9,34,80.7
2483045,33.1,16,26,18.9,8.1,87,65.8,72.5,42.6,52
2483050,27.3,20.4,32,40.8,12.7,69.6,83.2,86,85.2,74.2
2483055,33.1,12.4,20,18,9.8,87,44.1,52,40.4,63.1
2483060,27.2,14.1,19.2,16.6,5.1,69.2,55.1,48.4,37.4,26
2483065,30.3,23,30.4,37.8,8,79.6,88.1,83.3,81.3,51.1
2483070,26.4,17.1,30,14.4,7.5,66.1,71.3,81.9,33.8,47
2483075,24.5,13.2,28,18,0,58,49.9,77.1,40.4,6.1
2483085,22,10.4,22,18.6,14,47.4,30.5,59.1,41.9,77.7
2483088,29,17.6,27,40.4,8.8,75.9,73.8,74.8,84.8,57.2
2483090,29.1,16.8,23,33.8,11.8,76.2,69.5,62.3,75,71.5
2483095,26.8,17.8,35,12.4,8,67.6,74.4,90.1,30.4,51.1
2483802,19.1,32.8,44,3.4,22.4,34.4,95.7,97,16.2,87
2483804,NA,NA,NA,NA,NA,NA,NA,NA,NA,NA
2483902,NA,NA,NA,NA,NA,NA,NA,NA,NA,NA
2483904,NA,NA,NA,NA,NA,NA,NA,NA,NA,NA
2483906,NA,NA,NA,NA,NA,NA,NA,NA,NA,NA
2483908,NA,NA,NA,NA,NA,NA,NA,NA,NA,NA
2483912,NA,NA,NA,NA,NA,NA,NA,NA,NA,NA
2484005,26.7,15.3,17,44.3,16,67.1,62.2,40.2,89,81.2
2484010,31.8,19,24.4,41.3,15.3,84.1,78.8,68.2,85.7,80.1
2484015,23.3,16.8,23,50.4,17.9,52.8,69.5,62.3,94,83.3
2484020,21.7,NA,NA,50,19.2,46.1,NA,NA,93.5,84.5
2484025,21.5,16,26,34.9,20.6,45.1,65.8,72.5,76.7,85.7
2484030,25.5,21.6,24,34.3,9,62.8,85.6,65.9,75.6,58.3
2484035,33.1,18.4,22,37.9,13.6,87,76.4,59.1,81.4,76.6
2484040,25,15.2,28,28.3,13.2,60.4,61.4,77.1,63.3,75.5
2484045,32.1,20,22,28.3,17.4,84.8,82,59.1,63.3,82.8
2484050,37,NA,NA,33.3,16.7,93.3,NA,NA,73.8,81.9
2484055,31.7,27.6,33,30.5,15.8,83.9,92.8,87.7,68.1,80.8
2484060,24,17.4,25,34.2,11.4,55.7,72.6,69.6,75.5,70
2484065,22.9,11.8,17.6,15.9,8.5,51.2,40,42.1,36.5,54.9
2484070,26.9,24.8,22,36.1,16.7,68,90.2,59.1,78.6,81.9
2484082,25.6,14.5,24.4,32.3,9.7,63.1,57.4,68.2,71.7,62.3
2484090,24.3,21,38,32.4,29.4,57.1,84.5,93.6,71.9,90.6
2484095,36.7,NA,NA,35.7,21.4,93,NA,NA,77.9,86.1
2484100,21.4,NA,NA,41.7,0,44.5,NA,NA,86.2,6.1
2484902,NA,NA,NA,NA,NA,NA,NA,NA,NA,NA
2485005,21.1,11,16.8,34.5,10.3,42.9,34.4,39.3,76.1,65.8
2485010,25.6,12,16,28.1,15.6,63.1,41.4,36.3,62.9,80.5
2485015,19.4,11.6,30,34.5,6.9,35.4,38.6,81.9,76.1,41.6
2485020,21.8,15.6,20,34.6,5.1,46.6,63.7,52,76.2,26
2485025,32.7,16,29.4,23.6,3.8,86.2,65.8,80.6,53.8,17.1
2485030,22.8,6.4,15,20.3,10.1,50.7,7.6,31.9,45.9,65.1
2485037,21,12.2,26,41.2,10.5,42.2,42.8,72.5,85.6,66.6
2485045,19.8,11.6,26,34.3,7.1,37.1,38.6,72.5,75.6,43.5
2485052,23.3,14.6,25,44.3,6.8,52.8,58,69.6,89,40.9
2485055,21.5,15.6,28,54.3,14.3,45.1,63.7,77.1,95.6,78.5
2485060,31.3,19.5,24,53.6,10.7,82.9,80,65.9,95.3,67.5
2485065,29.8,26,38,58.3,8.3,78.4,91.5,93.6,97.4,53.5
2485070,12.5,25.6,36,19,14.3,14,91,91.5,42.8,78.5
2485075,26.8,NA,NA,73.9,21.7,67.6,NA,NA,99.6,86.3
2485085,19.6,13.2,28,35.9,7.7,36.2,49.9,77.1,78.3,48.6
2485090,33.5,16.8,25,24.5,10.8,88.2,69.5,69.6,55.6,67.9
2485095,19.4,15.2,34,35.7,10.7,35.4,61.4,88.9,77.9,67.5
2485100,23.5,19.5,44,54.8,9.7,53.6,80,97,95.9,62.3
2485105,29.3,16,34,48.3,13.8,76.8,65.8,88.9,92.5,77.1
2485802,20,14.4,36,0,10,38,56.8,91.5,7,64.5
2485803,NA,NA,NA,NA,NA,NA,NA,NA,NA,NA
2485804,2.9,NA,NA,0,36.4,1,NA,NA,7,93.4
2485806,15.7,27.6,24,5,20,21.7,92.8,65.9,18.4,85.1
2485905,38.9,NA,NA,18.2,18.2,95.3,NA,NA,41,83.6
2485907,NA,NA,NA,NA,NA,NA,NA,NA,NA,NA
2486042,19.7,10.5,22.2,30.8,6.9,36.7,31.3,60.7,68.7,41.6
2487005,23.8,14.8,32,40.8,12.7,54.9,59.1,86,85.2,74.2
2487010,18.4,7.6,18,23.3,13.3,31.5,13.6,44,53.1,75.9
2487015,23.2,19.5,32,57.9,7.9,52.4,80,86,97.3,50.2
2487020,24.5,10.8,30,26.7,6.7,58,32.8,81.9,60.6,40.1
2487025,20.2,12,29.2,27.7,5,38.9,41.4,80.3,62.3,25.2
2487030,20.6,10.4,26,45.5,3.9,40.6,30.5,72.5,90.1,17.7
2487035,17.4,11.2,22,35.2,11.1,27.6,36,59.1,77.1,69
2487042,23.3,17.2,31,47.1,5.9,52.8,71.8,84,91.5,33.5
2487050,22.4,17.5,44,57.7,7.7,49.1,73.1,97,97.2,48.6
2487058,22,11.2,24.4,36.8,7.9,47.4,36,68.2,79.8,50.2
2487070,17.1,6.8,20,40,6.7,26.8,9.6,52,84.3,40.1
2487075,28.4,16.5,36,45.5,9.1,73.6,68,91.5,90.1,58.9
2487080,25.8,10,18,58.1,16.1,63.8,28,44,97.4,81.3
2487085,18.6,10.6,30,40.5,7.6,32.3,31.7,81.9,84.9,47.7
2487090,28.5,16.9,28.1,25.6,6.4,73.9,70,78.6,58.5,37.7
2487095,19.6,11,20,35,15,36.2,34.4,52,76.9,79.8
2487100,22.8,13,30,39.3,10.7,50.7,48.3,81.9,83.5,67.5
2487105,23.5,NA,NA,46.7,0,53.6,NA,NA,91.2,6.1
2487110,19.6,9.6,22,43.9,9.8,36.2,25.2,59.1,88.6,63.1
2487115,23.1,22.4,47,63.9,9.7,52,87.1,98.1,98.6,62.3
2487120,23.7,NA,NA,61.1,22.2,54.5,NA,NA,98.1,86.8
2487902,NA,NA,NA,NA,NA,NA,NA,NA,NA,NA
2487904,41.7,NA,NA,66.7,0,97,NA,NA,99.1,6.1
2488005,21.1,NA,NA,50,20,42.9,NA,NA,93.5,85.1
2488010,24.1,NA,NA,50,0,56.2,NA,NA,93.5,6.1
2488015,24.4,NA,NA,56.5,13,57.5,NA,NA,96.8,75
2488022,23.4,15.1,31.2,40.3,9.1,53.2,60.7,84.5,84.7,58.9
2488030,16.7,6.2,24,31.8,7.6,25.1,6.6,65.9,70.7,47.7
2488035,16.8,7.4,15,23.4,11.7,25.6,12.6,31.9,53.3,71.1
2488040,10.9,7,20,20,7.1,11.5,10.6,52,45.1,43.5
2488045,20.8,8.8,19,25,7.5,41.4,20.1,47.7,56.8,47
2488050,17.5,5.2,14,23.1,7.7,27.9,3.4,28,52.6,48.6
2488055,22.4,11.8,22.9,20.9,7,49.1,40,61.8,47.2,42.5
2488060,12.7,8.6,32,23.5,2.5,14.3,18.8,86,53.6,13.2
2488065,20.7,9.6,32,30,10,41,25.2,86,67.2,64.5
2488070,18.7,11.6,36,42.5,15,32.7,38.6,91.5,87.1,79.8
2488075,19.8,5.8,14,15.5,7.8,37.1,4.9,28,35.7,49.5
2488080,19,NA,NA,54.5,9.1,34,NA,NA,95.7,58.9
2488085,17.6,8.4,30,33.9,14.5,28.3,17.4,81.9,75.1,79
2488090,17.5,6,12,15.1,7,27.9,5.6,19.5,34.8,42.5
2488802,10.2,11.6,NA,0,25,10.8,38.6,NA,7,88.6
2488902,NA,NA,NA,NA,NA,NA,NA,NA,NA,NA
2488904,18.8,NA,NA,56.2,37.5,33.1,NA,NA,96.7,93.8
2489008,19.8,10.8,23.9,21.2,6.1,37.1,32.8,63.9,48,35.4
2489010,18.1,6.2,21,18.6,9.3,30.2,6.6,55.9,41.9,60.2
2489015,18.9,13.6,28.8,41.9,8.1,33.6,52.2,79.3,86.5,52
2489040,24.2,21.6,34.8,45,9,56.6,85.6,89.7,89.7,58.3
2489045,27,11.4,21,23.4,7.2,68.4,37.3,55.9,53.3,44.5
2489050,27.3,NA,NA,52.2,21.7,69.6,NA,NA,94.7,86.3
2489802,1.9,41,NA,0,56.2,0.6,98,NA,7,98.7
2489804,3.1,36.2,32,0,57.4,1.1,96.7,86,7,98.9
2489902,NA,NA,NA,NA,NA,NA,NA,NA,NA,NA
2489908,NA,NA,NA,NA,NA,NA,NA,NA,NA,NA
2489910,NA,NA,NA,NA,NA,NA,NA,NA,NA,NA
2489912,NA,NA,NA,NA,NA,NA,NA,NA,NA,NA
2490012,27.4,14.6,22.6,41.5,6.7,70,58,61.3,86,40.1
2490017,24.3,12.4,22,21.8,5.5,57.1,44.1,59.1,49.4,29.5
2490027,36.4,NA,NA,26.1,0,92.5,NA,NA,59.4,6.1
2490802,5.7,20.2,24,0,36.2,4.6,82.7,65.9,7,93.3
2490804,5.8,33.4,37,0,18.8,4.8,95.9,92.9,7,84.2
2491005,33.5,23,37.5,28.1,9.4,88.2,88.1,93.2,62.9,60.8
2491010,28.6,20,44,22.2,11.1,74.4,82,97,50.3,69
2491015,29.7,22.4,39,35.8,4.5,78.2,87.1,94.2,78.2,21.4
2491020,29.8,13.3,26.8,27.1,4.7,78.4,50.6,74.3,61.3,22.9
2491025,29.2,13.6,23.3,23.1,5.3,76.5,52.2,63.3,52.6,27.7
2491030,25.9,12.2,31,29.3,3.7,64.1,42.8,84,65.7,16.6
2491035,19.6,9.5,24.8,25.1,5.5,36.2,24.3,68.7,57.4,29.5
2491042,25.3,12.8,24.9,22.3,5.3,62,46.6,68.9,50.7,27.7
2491050,26.5,12.1,28.4,43.4,5.7,66.4,42.4,78.9,88.1,31.5
2491802,18.7,10.6,24.4,9.3,8.1,32.7,31.7,68.2,25.4,52
2491902,71.4,NA,NA,NA,NA,99.9,NA,NA,NA,NA
2492005,17.9,12.8,38,41.4,17.2,29.4,46.6,93.6,85.9,82.6
2492010,31.6,13.2,24,33.3,3.7,83.7,49.9,65.9,73.8,16.6
2492015,21.7,10.8,25,18.2,5.1,46.1,32.8,69.6,41,26
2492022,28.1,14.2,27.8,23.4,4.5,72.4,55.7,75.7,53.3,21.4
2492030,20.4,10.1,25.6,23.8,5.3,39.8,29,71,54.2,27.7
2492040,25.4,12.5,30,35.5,3.5,62.4,44.8,81.9,77.6,15.8
2492045,32.6,15.4,29,28.8,2.7,86.1,62.6,79.8,64.7,13.5
2492050,31,19,42,56.7,13.3,81.9,78.8,96.2,96.9,75.9
2492055,25,13.2,32,35.1,6.4,60.4,49.9,86,77,37.7
2492060,35.5,NA,NA,52.9,11.8,91.3,NA,NA,94.9,71.5
2492065,21.4,15.2,18,46.3,12.2,44.5,61.4,44,90.9,72.8
2492070,20,17.5,32,36.4,0,38,73.1,86,79.1,6.1
2492902,28.6,NA,NA,30.4,0,74.4,NA,NA,68,6.1
2492904,NA,NA,NA,NA,NA,NA,NA,NA,NA,NA
2493005,28.8,14.2,30.4,46.2,5.5,75.1,55.7,83.3,90.7,29.5
2493012,28.6,11.4,23,33.2,5.3,74.4,37.3,62.3,73.1,27.7
2493020,25.2,13.3,28.2,29.2,5.6,61.6,50.6,78.7,65.4,30.4
2493025,20.3,12.6,33,29.5,5.4,39.4,45.3,87.7,66.1,28.6
2493030,17.1,8,24,21.6,6.5,26.8,15.3,65.9,49,38.4
2493035,24.3,8.5,17.6,20.6,5.2,57.1,18.2,42.1,46.7,26.8
2493042,25,12.1,21.2,25,4.7,60.4,42.4,56.8,56.8,22.9
2493045,18.2,10.9,22.8,22.2,8.4,30.7,33.6,61.6,50.3,54.3
2493055,24.1,8.8,21,21.7,7,56.2,20.1,55.9,49.2,42.5
2493060,31.3,18.4,31,18.8,8.3,82.9,76.4,84,42.4,53.5
2493065,18.8,11.7,26.8,22.8,5.3,33.1,39.5,74.3,51.8,27.7
2493070,30.6,11.4,18.5,27.3,7.8,80.6,37.3,46.4,61.6,49.5
2493075,21.5,13,30,32,4,45.1,48.3,81.9,71.2,18.2
2493080,29.1,14.8,36,29.7,10.9,76.2,59.1,91.5,66.5,68.2
2493902,NA,NA,NA,NA,NA,NA,NA,NA,NA,NA
2493904,NA,NA,NA,NA,NA,NA,NA,NA,NA,NA
2493906,NA,NA,NA,NA,NA,NA,NA,NA,NA,NA
2493908,NA,NA,NA,NA,NA,NA,NA,NA,NA,NA
2494068,24.8,11.6,19.8,26,4.7,59.1,38.6,49.7,59.2,22.9
2494205,35.8,25.6,45,39.3,4.9,91.9,91,97.6,83.5,24.5
2494210,32.2,13.6,26,29.8,4,85.1,52.2,72.5,66.6,18.2
2494215,26.5,12.4,32,24.4,9.8,66.4,44.1,86,55.4,63.1
2494220,19,11.2,35,26.9,7.7,34,36,90.1,61,48.6
2494225,25.7,10,21,16.4,11.8,63.5,28,55.9,37.3,71.5
2494230,32.2,17.5,24,19,9.5,85.1,73.1,65.9,42.8,61.4
2494235,25.5,11.6,21.6,23.2,4.3,62.8,38.6,57.4,52.9,20.2
2494240,16.5,7.3,20.8,8.3,4.9,24.3,12.1,55,23.6,24.5
2494245,24,10.5,18,14.5,4.3,55.7,31.3,44,34,20.2
2494250,21.8,15.6,31,20.8,5.2,46.6,63.7,84,47,26.8
2494255,20.7,11.1,25.2,19.1,4.4,41,35.3,70.5,43.1,20.7
2494260,21.7,11.4,20,20.6,5.9,46.1,37.3,52,46.7,33.5
2494265,18.1,7.6,19.5,14.4,5.8,30.2,13.6,49,33.8,32.6
2494926,NA,NA,NA,NA,NA,NA,NA,NA,NA,NA
2494928,0,NA,NA,0,0,0.2,NA,NA,7,6.1
2494930,NA,NA,NA,NA,NA,NA,NA,NA,NA,NA
2495005,27.2,11.4,23,26.6,10.1,69.2,37.3,62.3,60.4,65.1
2495010,23.7,11.1,26.8,26.2,6.7,54.5,35.3,74.3,59.6,40.1
2495018,29.8,11.6,28,33.3,10,78.4,38.6,77.1,73.8,64.5
2495025,30.4,11.8,20.8,29.7,8.1,80,40,55,66.5,52
2495032,37,23.6,43,30.6,7.1,93.3,89.1,96.5,68.3,43.5
2495040,37.7,21.2,38.5,37.1,0,94.2,85,93.9,80.1,6.1
2495045,27,18.3,30.2,30.8,9.8,68.4,76,83,68.7,63.1
2495050,33.1,20.8,36,18.5,10.8,87,83.9,91.5,41.7,67.9
2495802,21,12,32,7.7,0,42.2,41.4,86,22.7,6.1
2495902,NA,NA,NA,NA,NA,NA,NA,NA,NA,NA
2496005,44.3,22.8,34,40.8,12.2,97.9,87.7,88.9,85.2,72.8
2496010,40,18,26,43.8,21.9,96.2,75.1,72.5,88.5,86.4
2496015,33.3,12,20,56.2,15.6,87.7,41.4,52,96.7,80.5
2496020,22.7,9,15.5,23.9,5.8,50.3,21.6,33.6,54.5,32.6
2496025,22,5.9,10,5.3,7.6,47.4,5.2,11.7,19,47.7
2496030,19.5,6.3,11,10.9,8.6,35.7,7.1,15.1,28.1,55.8
2496035,24.5,16.6,27.6,18,9.4,58,68.6,75.5,40.4,60.8
2496040,27.9,14,20,22,7.3,71.7,54.5,52,49.7,45.2
2496802,10.9,26.3,21,10.4,20.1,11.5,91.7,55.9,27.1,85.5
2496902,47.4,NA,NA,0,50,98.8,NA,NA,7,97.7
2497007,20.6,9.1,17.4,18.1,7.1,40.6,22.3,41.4,40.6,43.5
2497022,20.6,8.6,19.2,13.1,4.6,40.6,18.8,48.4,31.7,22.2
2497035,3.8,1.8,8,2.6,8.2,1.9,0,5.4,15.4,52.7
2497040,4.1,NA,NA,36,20,2.3,NA,NA,78.5,85.1
2497802,8.7,24,30,2,25.5,8.4,89.5,81.9,14.8,89
2497804,9,16.4,20,2.9,24.8,8.9,67.3,52,15.7,88.2
2497806,5.5,12,25,0,28.9,4.2,41.4,69.6,7,90.5
2497808,6.8,18,28,17.5,32.5,6.1,75.1,77.1,39.2,91.7
2497810,NA,NA,NA,NA,NA,NA,NA,NA,NA,NA
2497902,NA,NA,NA,NA,NA,NA,NA,NA,NA,NA
2497904,17.4,NA,NA,0,0,27.6,NA,NA,7,6.1
2497906,NA,NA,NA,NA,NA,NA,NA,NA,NA,NA
2497908,NA,NA,NA,NA,NA,NA,NA,NA,NA,NA
2497912,NA,NA,NA,NA,NA,NA,NA,NA,NA,NA
2497914,0,NA,NA,33.3,0,0.2,NA,NA,73.8,6.1
2498005,19.6,6.6,14,5.4,8.7,36.2,8.6,28,19.3,56.5
2498010,29,7.2,20,5.3,5.3,75.9,11.6,52,19,27.7
2498012,29.4,13.6,33,0,0,77.1,52.2,87.7,7,6.1
2498014,29.6,18,44,7.5,12.5,77.8,75.1,97,22.4,73.7
2498015,26.8,10.8,33,15.3,5.6,67.6,32.8,87.7,35.2,30.4
2498020,22.9,NA,NA,27.3,9.1,51.2,NA,NA,61.6,58.9
2498025,28.3,8.5,18,33.3,0,73.2,18.2,44,73.8,6.1
2498030,29.5,NA,NA,25,7.1,77.5,NA,NA,56.8,43.5
2498035,41.2,NA,NA,30,20,96.8,NA,NA,67.2,85.1
2498040,23.2,4.5,10.4,18.4,6,52.4,1.9,13.2,41.5,34.4
2498045,32.1,11.2,24,27.5,7.5,84.8,36,65.9,62,47
2498050,31.1,NA,NA,32.1,25,82.2,NA,NA,71.4,88.6
2498055,37.5,15.2,18,53.3,30,94,61.4,44,95.2,90.8
2498802,NA,NA,NA,NA,NA,NA,NA,NA,NA,NA
2498804,NA,NA,NA,NA,NA,NA,NA,NA,NA,NA
2498806,5.5,3,16,4.3,30.4,4.2,0.3,36.3,17.4,91
2498808,5.4,10.4,NA,0,18.8,4,30.5,NA,7,84.2
2498904,NA,NA,NA,NA,NA,NA,NA,NA,NA,NA
2498912,NA,NA,NA,NA,NA,NA,NA,NA,NA,NA
2499005,21.3,6.8,12.4,1.1,8.5,43.9,9.6,21.8,14.2,54.9
2499010,NA,NA,NA,NA,NA,NA,NA,NA,NA,NA
2499015,16.7,5.4,14,6.6,5,25.1,3.9,28,21,25.2
2499020,15.6,11.9,28,22.3,7.7,21.3,40.5,77.1,50.7,48.6
2499025,15.9,9.1,20.6,16.1,7.5,22.4,22.3,54.7,36.9,47
2499030,NA,NA,NA,NA,NA,NA,NA,NA,NA,NA
2499035,NA,NA,NA,NA,NA,NA,NA,NA,NA,NA
2499040,NA,NA,NA,NA,NA,NA,NA,NA,NA,NA
2499045,NA,NA,NA,NA,NA,NA,NA,NA,NA,NA
2499050,NA,NA,NA,NA,NA,NA,NA,NA,NA,NA
2499055,NA,NA,NA,NA,NA,NA,NA,NA,NA,NA
2499060,12.1,11.4,30,21.3,19.7,13.3,37.3,81.9,48.2,84.7
2499065,NA,NA,NA,NA,NA,NA,NA,NA,NA,NA
2499070,NA,NA,NA,NA,NA,NA,NA,NA,NA,NA
2499075,4.4,22,16,0,32.7,2.7,86.4,36.3,7,91.7
2499080,2.8,19.2,NA,0,24.2,0.9,79.3,NA,7,88
2499085,3.3,17.4,16,0,21.9,1.3,72.6,36.3,7,86.4
2499090,4.2,14.2,16,4.1,16.3,2.4,55.7,36.3,17,81.4
2499095,5.2,6.3,5,1,18.3,3.6,7.1,0.8,14.1,83.8
2499100,4.8,14.4,NA,0,9.5,3.2,56.8,NA,7,61.4
2499105,2.1,NA,NA,0,35.7,0.7,NA,NA,7,93.2
2499110,6.3,10.8,NA,0,32.4,5.4,32.8,NA,7,91.6
2499115,4.4,18.4,30,0,20.7,2.7,76.4,81.9,7,85.7
2499120,5.2,14.8,10,0,26.4,3.6,59.1,11.7,7,89.4
2499125,4.7,16.8,NA,0,16.2,3,69.5,NA,7,81.4
2499130,4.8,17.6,16,0,13.3,3.2,73.8,36.3,7,75.9
2499135,3.5,14.8,NA,2.3,24.4,1.5,59.1,NA,15.2,88.1
2499140,4.8,19.6,NA,0,24,3.2,80.7,NA,7,87.8
2499802,6.5,6.4,12,0,23.1,5.7,7.6,19.5,7,87.3
2499804,7.2,7.7,4,0,21.1,6.6,14,0.3,7,85.9
2499806,6.3,5,NA,0,21.2,5.4,2.8,NA,7,86
2499808,8.4,4.8,8,0,25,8.2,2.4,5.4,7,88.6
2499810,5.4,2.2,NA,0,29.5,4,0.1,NA,7,90.6
2499812,6.7,3.7,6,0,31.2,6,0.7,1.9,7,91.4
2499814,7.4,4.3,2.8,0,16.6,6.8,1.4,0.1,7,81.6
2499816,4.4,5.6,NA,0,48.9,2.7,4.4,NA,7,97.2
2499818,5.7,6.4,NA,0,27.3,4.6,7.6,NA,7,89.7
2499877,NA,NA,NA,NA,NA,NA,NA,NA,NA,NA
2499878,NA,NA,NA,NA,NA,NA,NA,NA,NA,NA
2499879,NA,NA,NA,NA,NA,NA,NA,NA,NA,NA
2499883,NA,NA,NA,NA,NA,NA,NA,NA,NA,NA
2499885,NA,NA,NA,NA,NA,NA,NA,NA,NA,NA
2499887,NA,NA,NA,NA,NA,NA,NA,NA,NA,NA
2499888,NA,NA,NA,NA,NA,NA,NA,NA,NA,NA
2499889,NA,NA,NA,NA,NA,NA,NA,NA,NA,NA
2499890,NA,NA,NA,NA,NA,NA,NA,NA,NA,NA
2499891,NA,NA,NA,NA,NA,NA,NA,NA,NA,NA
2499892,NA,NA,NA,NA,NA,NA,NA,NA,NA,NA
2499893,NA,NA,NA,NA,NA,NA,NA,NA,NA,NA
2499894,NA,NA,NA,NA,NA,NA,NA,NA,NA,NA
2499902,NA,NA,NA,NA,NA,NA,NA,NA,NA,NA
2499904,NA,NA,NA,NA,NA,NA,NA,NA,NA,NA
3501005,25.2,8.6,11.3,29.4,6.2,61.6,18.8,16.1,65.9,36.3
3501007,NA,NA,NA,NA,NA,NA,NA,NA,NA,NA
3501011,22.8,7.4,10.1,26,6.7,50.7,12.6,12.8,59.2,40.1
3501012,25.4,18.1,18.9,37.4,8.5,62.4,75.7,47.1,80.4,54.9
3501020,27.1,11.1,14.7,39.4,8.3,68.8,35.3,30.8,83.7,53.5
3501030,20.6,7.5,13.2,32,7.4,40.6,13.1,24.8,71.2,46.1
3501042,15.5,8.5,15.1,37.9,7,21.1,18.2,32.3,81.4,42.5
3501050,27.2,14.5,18.9,38.5,8.9,69.2,57.4,47.1,82.4,57.8
3502001,23.7,11.7,18,35.8,10.2,54.5,39.5,44,78.2,65.5
3502008,31.9,20.6,22,26.7,8.3,84.3,83.5,59.1,60.6,53.5
3502010,27.4,9.5,13.2,27.9,5.3,70,24.3,24.8,62.6,27.7
3502023,21,9.1,14.4,22.4,6,42.2,22.3,30.2,50.9,34.4
3502025,15.2,6.3,12.7,17.6,7.1,20.1,7.1,22.7,39.5,43.5
3502036,18.7,5.3,8.6,10.7,5.3,32.7,3.7,7.1,27.7,27.7
3502044,21,5.6,9.6,13.6,3.2,42.2,4.4,10,32.6,14.8
3502048,14.3,3.6,7.8,8.4,3.9,18,0.5,4.5,23.8,17.7
3506008,16.9,8.9,9.5,15.9,5.4,26,20.9,9.6,36.5,28.6
3507004,22.9,10,13.3,34.4,9.2,51.2,28,25.3,75.9,59.6
3507006,24.3,6,7.3,28.1,8,57.1,5.6,3.8,62.9,51.1
3507008,27.3,17.4,17.6,57.9,10.8,69.6,72.6,42.1,97.3,67.9
3507014,25,7.5,8.7,34.3,7.9,60.4,13.1,7.3,75.6,50.2
3507015,29.9,14.6,14.2,38.8,7.8,78.6,58,29.7,82.7,49.5
3507017,24.3,9.9,12.8,35.8,9.8,57.1,27.1,23,78.2,63.1
3507021,26.8,8.3,9.7,31.2,7.3,67.6,16.9,10.2,69.3,45.2
3507024,29.6,12.7,15.2,49.5,8.2,77.8,45.8,32.7,92.9,52.7
3507033,39.4,15,13,56.7,9,95.6,60.3,23.7,96.9,58.3
3507040,31,9.8,10.7,28.5,8.4,81.9,26.6,14,63.7,54.3
3507042,24.2,9.1,11.2,34.2,6.6,56.6,22.3,15.8,75.5,39.2
3507052,30.1,7.1,9.8,35.3,5,79.2,11.1,10.4,77.3,25.2
3507065,21.3,5.2,6.3,18,5.9,43.9,3.4,2.3,40.4,33.5
3509001,19.6,7.9,11,23.3,8,36.2,14.7,15.1,53.1,51.1
3509004,26.3,16.4,16,55.6,9.7,65.7,67.3,36.3,96.3,62.3
3509010,24.9,6.2,7.5,17.2,6.5,59.5,6.6,4,38.7,38.4
3509015,32.1,9.1,9.2,25.4,7,84.8,22.3,8.9,58,42.5
3509021,38.9,14,13.7,41.4,5.7,95.3,54.5,26.1,85.9,31.5
3509024,16.3,3.2,4.8,9.6,4.6,23.7,0.4,0.6,25.9,22.2
3509028,20.6,7.2,8.6,25,5.7,40.6,11.6,7.1,56.8,31.5
3509030,26.6,6.3,7.6,26.6,5,66.7,7.1,4.2,60.4,25.2
3509039,25.3,11.9,14.8,27.3,9.6,62,40.5,31.1,61.6,61.9
3510005,36.5,8.5,7.8,27.8,13.3,92.7,18.2,4.5,62.5,75.9
3510010,21.1,11.3,9.8,21.5,6.5,42.9,36.7,10.4,48.8,38.4
3510020,21.5,6.2,8.2,22.9,7.6,45.1,6.6,6.2,52,47.7
3510035,30.3,15.2,15.3,28.7,11.5,79.6,61.4,33.2,64.5,70.4
3510045,39.4,15.5,13.8,21.6,7,95.6,63,26.3,49,42.5
3511005,22.4,6.4,6.5,20.4,7.2,49.1,7.6,2.6,46.2,44.5
3511015,28.3,11.3,12.6,35.2,6.8,73.2,36.7,22.4,77.1,40.9
3511030,19.8,8,10.8,37.9,8.5,37.1,15.3,14.3,81.4,54.9
3511035,31.2,17.9,16.8,26.3,8.5,82.5,74.6,39.3,59.8,54.9
3512001,16.3,6,13.4,34.2,4.8,23.7,5.6,25.4,75.5,23.7
3512002,18.6,16.4,18.5,55.6,12.5,32.3,67.3,46.4,96.3,73.7
3512004,22.3,24.1,26.4,10.6,11.6,48.8,89.8,73.9,27.5,70.8
3512005,23.7,11.7,11.9,32.7,6,54.5,39.5,17.8,72.4,34.4
3512015,22.2,9.4,11.4,26.9,6.7,48.4,23.8,16.4,61,40.1
3512020,22.5,11.1,13.6,44.1,11.1,49.5,35.3,25.8,88.7,69
3512026,25.6,13.2,15.7,31.7,7.2,63.1,49.9,34.1,70.4,44.5
3512030,28.9,13,15.8,38,9.7,75.5,48.3,34.3,81.5,62.3
3512036,22.8,13.8,13.2,29.9,5.7,50.7,53.4,24.8,66.8,31.5
3512046,29.5,16.5,20.8,34,7.7,77.5,68,55,75.3,48.6
3512048,28.4,19.6,18,30,10,73.6,80.7,44,67.2,64.5
3512051,37.9,19.2,13,25.6,15.4,94.4,79.3,23.7,58.5,80.3
3512054,34,23.6,19.5,30.6,13.9,89.1,89.1,49,68.3,77.5
3512058,31.3,16.6,14,15.9,9.3,82.9,68.6,28,36.5,60.2
3512061,34.1,19.8,21.8,28.3,8.9,89.3,81.3,57.6,63.3,57.8
3512065,30,14.6,14,25.3,8.4,78.9,58,28,57.8,54.3
3512076,33.1,14,17,21.2,13.2,87,54.5,40.2,48,75.5
3513020,33.5,10.1,10.2,34.6,7.3,88.2,29,12.9,76.2,45.2
3514004,33.1,7.6,8.2,19.5,5.6,87,13.6,6.2,43.9,30.4
3514014,22.9,9,11.1,31,6.7,51.2,21.6,15.5,69,40.1
3514019,22.7,4.7,5.8,26.5,7.4,50.3,2.3,1.5,60.2,46.1
3514020,28,8,8.2,38.4,6.2,72,15.3,6.2,82.2,36.3
3514021,34,9.7,9.1,28,5.4,89.1,26,8.6,62.7,28.6
3514024,23.2,6.7,7.7,25.3,5.8,52.4,9.1,4.3,57.8,32.6
3514027,25,28,28,8,14,60.4,93.1,77.1,23,77.7
3514045,31.1,12.4,13.6,38.9,7.1,82.2,44.1,25.8,83,43.5
3515003,24,9.6,10.8,31.3,7.5,55.7,25.2,14.3,69.5,47
3515005,24,7.3,10.9,29.4,4.4,55.7,12.1,14.7,65.9,20.7
3515008,27.9,18.5,20,16.1,16.1,71.7,76.9,52,36.9,81.3
3515013,21.1,5.5,7.9,23.9,5.5,42.9,4.1,4.7,54.5,29.5
3515014,24.2,12.8,12.7,36.1,6.1,56.6,46.6,22.7,78.6,35.4
3515015,28.7,6.5,7.7,24.9,5.6,74.8,8.1,4.3,56.2,30.4
3515019,21.7,25.4,30,8.3,17.4,46.1,90.8,81.9,23.6,82.8
3515023,23.1,7.2,8.4,29.7,7.9,52,11.6,6.5,66.5,50.2
3515030,30,13.6,14.3,28.5,8.1,78.9,52.2,29.9,63.7,52
3515037,35.1,12,11.2,22.8,7.5,90.8,41.4,15.8,51.8,47
3515044,32.4,9.8,9,13.6,7.8,85.6,26.6,8.2,32.6,49.5
3516010,28.2,10.2,11.4,26.9,6.9,72.7,29.5,16.4,61,41.6
3518001,16.6,5.3,6.4,6.2,3.6,24.6,3.7,2.4,20.2,16.2
3518005,13.1,5.5,7.4,7,3.3,14.9,4.1,3.9,21.6,15.1
3518009,14.8,5.4,7.6,8.2,3.2,19,3.9,4.2,23.4,14.8
3518013,16.7,10.2,10.2,23.6,6.3,25.1,29.5,12.9,53.8,37.1
3518017,15.4,4.8,6.5,12.5,3.4,20.7,2.4,2.6,30.6,15.4
3518020,24.2,6.1,7.1,25.2,5.3,56.6,6.2,3.4,57.5,27.7
3518022,8,NA,NA,0,0,7.5,NA,NA,7,6.1
3518029,21.4,6,8.2,19.7,4.8,44.5,5.6,6.2,44.4,23.7
3518039,22,8.7,14.6,32.6,7.3,47.4,19.3,30.6,72.2,45.2
3519028,16.3,6.4,9.5,1.4,2.5,23.7,7.6,9.6,14.4,13.2
3519036,18.3,10.8,14.1,2.6,3,31.1,32.8,29.5,15.4,14.1
3519038,17.2,11.8,16.6,5,3.7,27.1,40,39.1,18.4,16.6
3519044,17.9,6.1,7.4,9.5,3.4,29.4,6.2,3.9,25.7,15.4
3519046,15.4,7.5,9,8.3,3,20.7,13.1,8.2,23.6,14.1
3519048,15.9,7.5,10.6,10.4,4,22.4,13.1,13.8,27.1,18.2
3519049,16.3,6.1,8.1,15.8,3.6,23.7,6.2,6,36.2,16.2
3519054,13.9,6.6,7.8,9.7,3.5,17,8.6,4.5,26.1,15.8
3519070,16.8,7.9,11.6,20.4,6.4,25.6,14.7,17.1,46.2,37.7
3519076,28.3,NA,NA,9.1,22.7,73.2,NA,NA,24.9,87.1
3520005,17.1,13.2,16.9,29.3,6.4,26.8,49.9,39.5,65.7,37.7
3521005,16.6,9.4,11.8,7.2,4.8,24.6,23.8,17.6,22,23.7
3521010,12.5,6.4,7.9,4.2,3.3,14,7.6,4.7,17.2,15.1
3521024,14.9,4.5,6.8,10.4,3.7,19.3,1.9,2.9,27.1,16.6
3522001,16.1,5.1,5.6,22.1,6.1,23.1,3.1,1.4,49.9,35.4
3522008,15.1,5.8,7.6,24.5,8.8,19.8,4.9,4.2,55.6,57.2
3522010,12.3,8.5,16.5,23.3,4.7,13.6,18.2,38.8,53.1,22.9
3522012,20.2,5,4.8,15,5.3,38.9,2.8,0.6,34.7,27.7
3522014,15.2,6,9.8,12.8,4.1,20.1,5.6,10.4,31.1,18.9
3522016,20.7,6.3,9.2,23.4,9,41,7.1,8.9,53.3,58.3
3522019,14.4,8.7,8.8,32.4,6.3,18.2,19.3,7.5,71.9,37.1
3522021,14.5,7.3,12.6,15.5,4.5,18.4,12.1,22.4,35.7,21.4
3523001,23,5.3,5.9,19.8,3.2,51.6,3.7,1.5,44.6,14.8
3523008,16.4,8.2,9.7,19.7,4.7,24,16.4,10.2,44.4,22.9
3523009,18.6,4.2,5.7,20.4,5.1,32.3,1.3,1.4,46.2,26
3523017,17.4,5.6,5.9,23.8,6.4,27.6,4.4,1.5,54.2,37.7
3523025,22.3,5.6,7.6,20,3.4,48.8,4.4,4.2,45.1,15.4
3523033,12.3,9.3,11,28.8,5.4,13.6,23.4,15.1,64.7,28.6
3523043,20.9,10.7,16.4,40.1,5.9,41.8,32,38.4,84.6,33.5
3523050,22,12.1,16,29.9,6.1,47.4,42.4,36.3,66.8,35.4
3524001,15.7,8.6,8.8,8.1,3.3,21.7,18.8,7.5,23.2,15.1
3524002,21,5.9,7.8,14,4.1,42.2,5.2,4.5,33.1,18.9
3524009,9.9,5.8,8.1,5.4,2.7,10.2,4.9,6,19.3,13.5
3524015,15.1,4.8,8,20,4.4,19.8,2.4,5.4,45.1,20.7
3525005,18.3,10.8,12,32.8,6.6,31.1,32.8,19.5,72.5,39.2
3526003,27.3,11.1,11.3,38.9,6.4,69.6,35.3,16.1,83,37.7
3526011,26.9,12.1,13.2,54.9,6.9,68,42.4,24.8,95.9,41.6
3526014,21,7.1,8.8,37.3,7.1,42.2,11.1,7.5,80.3,43.5
3526021,17.4,5.6,7.4,19.4,5.1,27.6,4.4,3.9,43.8,26
3526028,27.3,5,5.2,24,3.8,69.6,2.8,1,54.8,17.1
3526032,23,12,11.6,36.4,6.3,51.6,41.4,17.1,79.1,37.1
3526037,15.7,10.9,10.5,31.9,4.9,21.7,33.6,13.5,70.9,24.5
3526043,21.9,11.5,12.6,30.9,5.4,46.9,37.8,22.4,68.9,28.6
3526047,36.2,8.1,7.2,20.2,4.1,92.3,16,3.6,45.6,18.9
3526053,23.3,12.4,12.2,32.5,5.8,52.8,44.1,21.3,72.1,32.6
3526057,22.3,5.5,7.6,21.4,4,48.8,4.1,4.2,48.5,18.2
3526065,21.3,5.2,6.8,20.4,3.8,43.9,3.4,2.9,46.2,17.1
3528018,20.6,7.9,10.8,32.1,6,40.6,14.7,14.3,71.4,34.4
3528035,15.2,NA,NA,30,20,20.1,NA,NA,67.2,85.1
3528037,NA,NA,NA,NA,NA,NA,NA,NA,NA,NA
3528052,25.9,10,11.7,36.4,5.8,64.1,28,17.5,79.1,32.6
3529005,20.4,5.7,8.4,30.7,5.4,39.8,4.7,6.5,68.4,28.6
3529006,18.9,10.8,12.9,33.4,6,33.6,32.8,23.2,74.6,34.4
3529020,NA,NA,NA,NA,NA,NA,NA,NA,NA,NA
3529021,13.9,28.8,28,12.5,22.5,17,93.4,77.1,30.6,87
3530004,16.7,4.1,6.6,21.1,4.7,25.1,1.2,2.8,47.6,22.9
3530010,16,8.2,11.4,22.7,5.2,22.7,16.4,16.4,51.5,26.8
3530013,14.7,9.9,12.3,19.1,4.7,18.8,27.1,21.5,43.1,22.9
3530016,15.4,11.3,9,9.6,3.7,20.7,36.7,8.2,25.9,16.6
3530020,21,4.2,5.6,21.5,3.1,42.2,1.3,1.4,48.8,14.4
3530027,14.1,7.7,10.6,28.9,3.6,17.6,14,13.8,64.9,16.2
3530035,17.6,6.5,9.4,22.6,3.7,28.3,8.1,9.3,51.3,16.6
3531011,23.9,9.7,10.9,37.9,5.6,55.3,26,14.7,81.4,30.4
3531013,19.3,7.2,11.8,52.9,5,35.1,11.6,17.6,94.9,25.2
3531016,26.5,7.5,10.8,37.5,4.5,66.4,13.1,14.3,80.7,21.4
3531025,18.9,7.4,10.5,43.7,5.2,33.6,12.6,13.5,88.4,26.8
3531030,15.8,10.3,10.6,42.9,4.1,22,29.8,13.8,87.6,18.9
3531040,18.7,9,12.8,31.7,4.3,32.7,21.6,23,70.4,20.2
3532002,15.4,9.7,11.1,37.8,4.9,20.7,26,15.5,81.3,24.5
3532004,29.3,9.4,12.2,22.1,3.5,76.8,23.8,21.3,49.9,15.8
3532012,16.6,8.2,8.4,42.9,5.5,24.6,16.4,6.5,87.6,29.5
3532018,17.1,8,12,31,6,26.8,15.3,19.5,69,34.4
3532027,18.1,6.1,7.3,39.9,5.2,30.2,6.2,3.8,84,26.8
3532038,20.4,6.6,10,32.7,3.9,39.8,8.6,11.7,72.4,17.7
3532042,19.6,8.7,11.9,27.9,4.9,36.2,19.3,17.8,62.6,24.5
3532045,17.4,5,6.8,39.7,6.3,27.6,2.8,2.9,83.9,37.1
3534005,14.9,10.5,16.8,37.3,7.5,19.3,31.3,39.3,80.3,47
3534010,15.6,9.9,11.6,32,5.1,21.3,27.1,17.1,71.2,26
3534011,20.1,12.8,23.3,32.8,4.2,38.5,46.6,63.3,72.5,19.5
3534020,23,4.9,6.3,33.8,4.5,51.6,2.6,2.3,75,21.4
3534021,21.3,10.9,12.4,32.9,6.5,43.9,33.6,21.8,72.7,38.4
3534024,19.6,4.1,5.4,41.2,5,36.2,1.2,1.2,85.6,25.2
3534030,19.9,7.6,14,45.5,6.6,37.5,13.6,28,90.1,39.2
3534042,24.2,11.2,15.7,48,10.2,56.6,36,34.1,92.3,65.5
3536020,23.6,12,13.1,39.6,7.2,54.1,41.4,24.3,83.9,44.5
3536029,18.2,37.5,40,16.7,30,30.7,97,95.1,37.7,90.8
3537001,37,NA,NA,60.9,0,93.3,NA,NA,98.1,6.1
3537003,20.3,11.1,12.8,30.5,4.5,39.4,35.3,23,68.1,21.4
3537013,23,6.6,8.2,28.5,4.6,51.6,8.6,6.2,63.7,22.2
3537016,21.9,7.3,10,32.5,6.7,46.9,12.1,11.7,72.1,40.1
3537028,21.1,6.1,7.8,24.2,4.6,42.9,6.2,4.5,55.2,22.2
3537034,18.5,4.1,5.2,10.7,3.5,31.8,1.2,1,27.7,15.8
3537039,18.6,15.6,14.9,39.3,7.2,32.3,63.7,31.4,83.5,44.5
3537048,23.1,4.6,4.6,16.5,4.2,52,2.1,0.5,37.4,19.5
3537064,16.7,4.7,6.4,19.1,4.3,25.1,2.3,2.4,43.1,20.2
3538003,22.6,6.1,7.4,27.6,6.7,49.9,6.2,3.9,62.2,40.1
3538004,NA,NA,NA,NA,NA,NA,NA,NA,NA,NA
3538007,20.8,12.2,14.8,51,9.2,41.4,42.8,31.1,94.3,59.6
3538015,19.5,10.1,14.4,52.5,9.8,35.7,29,30.2,94.8,63.1
3538016,23.4,6.8,9.6,32.7,8.7,53.2,9.6,10,72.4,56.5
3538018,17.8,4,6,46.3,5.6,28.9,1,1.9,90.9,30.4
3538019,24,7.8,9.6,33.1,5.5,55.7,14.4,10,73,29.5
3538025,13.8,31.2,22,11.5,17.3,16.8,95.1,59.1,29.3,82.7
3538030,24.5,11.2,10.9,35.9,6.8,58,36,14.7,78.3,40.9
3538031,32.1,6.6,4.4,53.2,4.3,84.8,8.6,0.4,95.1,20.2
3538035,22,4.6,5.9,24.4,4.7,47.4,2.1,1.5,55.4,22.9
3538040,32.5,10,10.5,29.4,5.8,85.9,28,13.5,65.9,32.6
3538043,19.6,8.6,12,45.4,6.3,36.2,18.8,19.5,89.9,37.1
3538056,21.1,26,28,12.7,28.4,42.9,91.5,77.1,30.9,89.9
3539002,20.5,12,16,30.8,5.1,40.2,41.4,36.3,68.7,26
3539005,21.3,10.3,15.7,41,10.6,43.9,29.8,34.1,85.4,67
3539015,21.5,7.4,12,22.8,3.9,45.1,12.6,19.5,51.8,17.7
3539017,NA,NA,NA,NA,NA,NA,NA,NA,NA,NA
3539018,15.4,NA,NA,0,20,20.7,NA,NA,7,85.1
3539021,NA,NA,NA,NA,NA,NA,NA,NA,NA,NA
3539027,19.1,5.3,7.1,26.8,4.4,34.4,3.7,3.4,60.8,20.7
3539033,18.9,4.2,6.2,21,3.4,33.6,1.3,2.2,47.4,15.4
3539036,17.8,13.8,12.6,22.4,5.5,28.9,53.4,22.4,50.9,29.5
3539041,21.7,8.1,14.3,41.4,5.4,46.1,16,29.9,85.9,28.6
3539047,18.9,6.3,7.2,35,5.9,33.6,7.1,3.6,76.9,33.5
3539060,15.3,5.1,8.8,26.5,6.1,20.4,3.1,7.5,60.2,35.4
3540005,28.8,10,13.2,41.6,5.4,75.1,28,24.8,86.1,28.6
3540010,27.3,9,10.7,37.7,6.1,69.6,21.6,14,81.2,35.4
3540025,27,10.1,11.2,44.3,5.2,68.4,29,15.8,89,26.8
3540028,32,12,12.3,45.2,5.3,84.5,41.4,21.5,89.8,27.7
3540040,21.7,10.4,14.5,53,6.7,46.1,30.5,30.5,95,40.1
3540046,16.1,18,16.8,47.6,4.5,23.1,75.1,39.3,92,21.4
3540050,21.9,13,13.4,44.8,8.8,46.9,48.3,25.4,89.6,57.2
3540055,23,11.8,16,50.8,7.4,51.6,40,36.3,94.3,46.1
3540063,27.8,16.5,9.8,32.6,6.4,71.2,68,10.4,72.2,37.7
3541004,19.6,10.4,15.3,49.6,8.6,36.2,30.5,33.2,92.9,55.8
3541015,25.1,15,11.5,31.4,5.3,61.2,60.3,16.6,69.7,27.7
3541024,23.8,8,9.3,23.4,5.5,54.9,15.3,9.2,53.3,29.5
3541032,23.4,9.7,13.3,39.5,6.8,53.2,26,25.3,83.8,40.9
3541043,22.4,13.7,16.6,49.7,8.4,49.1,52.9,39.1,93,54.3
3541045,26.1,7.6,8.4,17.3,5,64.8,13.6,6.5,38.9,25.2
3541055,33.1,11.7,11.2,28.6,7.1,87,39.5,15.8,64.1,43.5
3541056,NA,NA,NA,NA,NA,NA,NA,NA,NA,NA
3541057,17.2,23.4,22,7.9,25.4,27.1,88.8,59.1,22.9,89
3541060,21.6,34.8,30,0,32.7,45.6,96.5,81.9,7,91.7
3541069,41.1,12.3,11.7,19.7,7,96.8,43.4,17.5,44.4,42.5
3542004,25.4,11.9,16,37.6,6.8,62.4,40.5,36.3,81.1,40.9
3542005,14.9,13.4,15.3,29,5.3,19.3,51,33.2,65.1,27.7
3542015,23.6,11.9,13.6,33.1,7.9,54.1,40.5,25.8,73,50.2
3542029,29.9,11.7,13.7,31.8,6.7,78.6,39.5,26.1,70.7,40.1
3542037,22,16.2,16.2,34.4,8.9,47.4,66.7,38.1,75.9,57.8
3542045,34.2,8.7,6.4,17.9,5.3,89.4,19.3,2.4,40.1,27.7
3542047,31.3,10.7,11.4,34.4,7.7,82.9,32,16.4,75.9,48.6
3542053,26.3,7.2,8.9,25.6,7.1,65.7,11.6,7.7,58.5,43.5
3542059,27.2,15.2,15.5,43.6,6.6,69.2,61.4,33.6,88.3,39.2
3543003,17.4,5.7,6.4,20.3,6.4,27.6,4.7,2.4,45.9,37.7
3543005,19.8,7.6,10.6,27.1,7.7,37.1,13.6,13.8,61.3,48.6
3543007,17.9,5.6,6.5,11,3.7,29.4,4.4,2.6,28.3,16.6
3543009,16.8,5.5,7.6,17,4.7,25.6,4.1,4.2,38.3,22.9
3543014,12.9,6.3,8.5,6.5,2.9,14.6,7.1,6.9,20.8,13.9
3543015,23.5,7.8,8.9,20.5,5.3,53.6,14.4,7.7,46.4,27.7
3543017,16.8,6.9,9.3,12.9,4.9,25.6,10.1,9.2,31.3,24.5
3543019,27.8,8.9,8.6,20.1,7,71.2,20.9,7.1,45.5,42.5
3543021,11.9,5.8,10.2,16.9,6.2,12.9,4.9,12.9,38.1,36.3
3543023,21.4,6,7.8,14.8,5.6,44.5,5.6,4.5,34.3,30.4
3543031,30,9.9,9.5,18.5,5.1,78.9,27.1,9.6,41.7,26
3543042,15.9,8.3,10.2,10.1,4.6,22.4,16.9,12.9,26.6,22.2
3543050,14,12.4,19,5.3,9.3,17.3,44.1,47.7,19,60.2
3543052,26,12.6,13.8,31.3,6.6,64.4,45.3,26.3,69.5,39.2
3543064,34.7,8.8,8.5,8.3,3.7,90,20.1,6.9,23.6,16.6
3543068,29.1,8.7,9.2,17.8,6.6,76.2,19.3,8.9,39.9,39.2
3543069,8.8,30.6,44,4.5,25,8.6,94.8,97,17.7,88.6
3543070,NA,NA,NA,NA,NA,NA,NA,NA,NA,NA
3543071,23.5,9.3,11.4,25.7,7.7,53.6,23.4,16.4,58.7,48.6
3543072,29.5,12,12.4,27.2,7,77.5,41.4,21.8,61.4,42.5
3543074,27.9,14.2,14.3,30,8,71.7,55.7,29.9,67.2,51.1
3544002,29.5,12.4,12.7,24.2,7.6,77.5,44.1,22.7,55.2,47.7
3544018,28,8.5,10.5,17.9,6.8,72,18.2,13.5,40.1,40.9
3544027,34.4,8.7,8.4,21.3,8,89.6,19.3,6.5,48.2,51.1
3544042,24.9,9.3,10.6,18.5,6.7,59.5,23.4,13.8,41.7,40.1
3544053,31.5,9.7,9.7,27.3,9.8,83.4,26,10.2,61.6,63.1
3544065,33.1,11.2,9.4,26.5,11.7,87,36,9.3,60.2,71.1
3544071,NA,NA,NA,NA,NA,NA,NA,NA,NA,NA
3544073,11.9,NA,NA,0,0,12.9,NA,NA,7,6.1
3546005,33.3,17.4,14.6,24.3,9.1,87.7,72.6,30.6,55.3,58.9
3546015,34.7,12.3,12.3,20.6,9,90,43.4,21.5,46.7,58.3
3546018,38.3,10.9,9.2,20.9,4.7,94.6,33.6,8.9,47.2,22.9
3546024,35.7,11.6,12.5,18.5,6.7,91.7,38.6,22.1,41.7,40.1
3547002,27.2,12,14.1,31.1,7,69.2,41.4,29.5,69.1,42.5
3547003,22,6,7.9,26.9,6.3,47.4,5.6,4.7,61,37.1
3547008,32.5,11.4,12.6,16.7,10.8,85.9,37.3,22.4,37.7,67.9
3547020,29.7,19,26.4,31.9,12.3,78.2,78.8,73.9,70.9,73.1
3547030,35.4,15.6,19.6,34.4,7.6,91.2,63.7,49.4,75.9,47.7
3547033,30.1,15.3,24.6,33.5,11.3,79.2,62.2,68.5,74.7,69.8
3547035,30.3,15.4,20.2,40.1,8.9,79.6,62.6,54.3,84.6,57.8
3547037,15.3,28.4,44,8.3,25,20.4,93.3,97,23.6,88.6
3547043,19.9,10.2,14.2,37,9.7,37.5,29.5,29.7,80,62.3
3547046,22.8,8.8,14.2,24,8.5,50.7,20.1,29.7,54.8,54.9
3547048,32.1,16.8,18.1,51.5,8.7,84.8,69.5,45.5,94.5,56.5
3547056,23.3,11.2,13.4,34.7,10,52.8,36,25.4,76.3,64.5
3547064,26.6,16.5,17.5,47.6,8.4,66.7,68,41.7,92,54.3
3547070,25.2,10.8,13,30.1,11.2,61.6,32.8,23.7,67.5,69.6
3547075,20.6,6.5,10.5,26.6,6.2,40.6,8.1,13.5,60.4,36.3
3547076,9.4,3.7,8.4,16.7,5.9,9.6,0.7,6.5,37.7,33.5
3547090,18.9,7.2,9.2,27.6,6,33.6,11.6,8.9,62.2,34.4
3547096,26.3,8,7.4,49.3,9.7,65.7,15.3,3.9,92.8,62.3
3547098,38.9,14,14,21.7,0,95.3,54.5,28,49.2,6.1
3548001,34.6,15.6,21,28.6,12.4,89.8,63.7,55.9,64.1,73.3
3548013,25,14.8,23,21.2,10.6,60.4,59.1,62.3,48,67
3548019,29,NA,NA,0,0,75.9,NA,NA,7,6.1
3548021,28.2,20.7,27.2,43.9,14.6,72.7,83.7,75.2,88.6,79.2
3548022,20.7,12.4,24,11.1,15.6,41,44.1,65.9,28.6,80.5
3548027,20.3,11.5,15.2,20.8,7.3,39.4,37.8,32.7,47,45.2
3548031,20.2,15.4,19,22.5,9.8,38.9,62.6,47.7,51.1,63.1
3548034,20.8,5.5,10.2,11.4,8.5,41.4,4.1,12.9,29.2,54.9
3548044,21.7,12.9,13.7,29.6,6.7,46.1,47.5,26.1,66.3,40.1
3548055,26.4,14.2,18.9,28.2,8.7,66.1,55.7,47.1,63.1,56.5
3548069,36.6,11.8,11,25.6,9.3,92.8,40,15.1,58.5,60.2
3548072,16.3,NA,NA,0,0,23.7,NA,NA,7,6.1
3548073,19.5,15.7,20,6.4,15.6,35.7,64.4,52,20.6,80.5
3548091,40,NA,NA,33.3,0,96.2,NA,NA,73.8,6.1
3548094,25.2,13.1,16.5,25.3,8.9,61.6,49.1,38.8,57.8,57.8
3549003,28.5,10.7,11.2,20.1,9.4,73.9,32,15.8,45.5,60.8
3549005,36.7,10.4,11.6,9,5,93,30.5,17.1,24.7,25.2
3549012,30.9,15.2,14,31.3,14.5,81.6,61.4,28,69.5,79
3549014,25.7,12.6,18.8,18.3,8.7,63.5,45.3,46.9,41.3,56.5
3549018,30.8,14.6,12,18.5,14.1,81.3,58,19.5,41.7,77.9
3549019,31.8,15.3,17.6,21.1,9,84.1,62.2,42.1,47.6,58.3
3549022,23.6,21.8,26,52.7,12.9,54.1,85.9,72.5,94.9,74.7
3549024,30.2,11.6,14,24.3,5.7,79.4,38.6,28,55.3,31.5
3549028,37.3,8.2,8,14.5,8,93.7,16.4,5.4,34,51.1
3549031,27.7,6.9,8.4,16,6.5,70.8,10.1,6.5,36.8,38.4
3549032,32,14.6,15.2,40.7,8.8,84.5,58,32.7,85.1,57.2
3549036,31.8,9.8,8.8,10.1,5.8,84.1,26.6,7.5,26.6,32.6
3549039,38.1,17.4,10.8,21.8,10,94.4,72.6,14.3,49.4,64.5
3549043,35,17.6,18,18.8,15.2,90.6,73.8,44,42.4,80
3549046,31,10.9,14.4,27.3,9.1,81.9,33.6,30.2,61.6,58.9
3549048,35.1,13.4,16,26.1,4.5,90.8,51,36.3,59.4,21.4
3549051,32.8,19,18,0,0,86.4,78.8,44,7,6.1
3549054,37.1,14.6,15.2,12.6,4.2,93.5,58,32.7,30.7,19.5
3549056,26.8,21,19.5,42.7,13.5,67.6,84.5,49,87.2,76.4
3549060,27.1,9.5,16,32,7.1,68.8,24.3,36.3,71.2,43.5
3549066,23.7,6.3,8,16.5,4.6,54.5,7.1,5.4,37.4,22.2
3549071,28,9.2,10.8,19,6.1,72,22.9,14.3,42.8,35.4
3549072,12.9,NA,NA,13.3,40,14.6,NA,NA,32.1,94.6
3549073,14.9,23.6,24,7.4,40.7,19.3,89.1,65.9,22.2,95
3549075,NA,NA,NA,NA,NA,NA,NA,NA,NA,NA
3549076,11.1,NA,NA,0,18.2,11.9,NA,NA,7,83.6
3549077,26.8,NA,NA,10.5,15.8,67.6,NA,NA,27.3,80.8
3549078,14.3,NA,NA,0,33.3,18,NA,NA,7,92.2
3549093,NA,NA,NA,NA,NA,NA,NA,NA,NA,NA
3549095,25,NA,NA,25,16.7,60.4,NA,NA,56.8,81.9
3549096,40.7,20.9,18.8,26.5,7.1,96.5,84.1,46.9,60.2,43.5
3551001,37.8,23.2,17,32.7,10.2,94.3,88.5,40.2,72.4,65.5
3551006,36.7,12.6,14,25.2,10,93,45.3,28,57.5,64.5
3551011,28.2,15.4,15.6,23.3,8.9,72.7,62.6,33.8,53.1,57.8
3551017,32.4,10.1,11.2,31.5,7.1,85.6,29,15.8,69.8,43.5
3551021,30.7,8.8,8,32.3,12.3,81,20.1,5.4,71.7,73.1
3551026,34.6,11.6,18.5,38.1,14.3,89.8,38.6,46.4,81.7,78.5
3551027,39.8,14.6,15,44.2,9.6,95.9,58,31.9,88.8,61.9
3551028,36.4,19.5,14,31.4,17.1,92.5,80,28,69.7,82.4
3551034,NA,NA,NA,NA,NA,NA,NA,NA,NA,NA
3551040,15.2,26.8,20,0,13.9,20.1,92.1,52,7,77.5
3551041,12,22.8,32,6.9,24.1,13.1,87.7,86,21.4,87.9
3551042,9.4,NA,NA,0,41.7,9.6,NA,NA,7,95.1
3551043,13,33.1,33,7.2,24.5,14.8,95.8,87.7,22,88.1
3551044,12,NA,NA,0,16.7,13.1,NA,NA,7,81.9
3551045,17.8,29.4,28,6.2,17.3,28.9,93.8,77.1,20.2,82.7
3551094,47.7,NA,NA,22.7,13.6,98.9,NA,NA,51.5,76.6
3551100,11.1,NA,NA,0,0,11.9,NA,NA,7,6.1
3552001,31.8,14.2,14,26.3,8.3,84.1,55.7,28,59.8,53.5
3552004,26.9,13.1,13.2,25,15.3,68,49.1,24.8,56.8,80.1
3552013,17.9,10.5,15.6,26.1,14,29.4,31.3,33.8,59.4,77.7
3552023,24.4,16.7,18,30.3,11.6,57.5,68.9,44,67.8,70.8
3552026,25.2,10.9,13.3,37.5,7.2,61.6,33.6,25.3,80.7,44.5
3552028,25.9,8.8,12,20.4,8.2,64.1,20.1,19.5,46.2,52.7
3552031,17.6,9.5,10,18.2,15.2,28.3,24.3,11.7,41,80
3552036,38.8,9.5,13,32.4,14.7,95.2,24.3,23.7,71.9,79.4
3552037,NA,NA,NA,NA,NA,NA,NA,NA,NA,NA
3552051,12.2,11.6,12,7.7,23.1,13.5,38.6,19.5,22.7,87.3
3552052,9.5,NA,NA,12.5,31.2,9.8,NA,NA,30.6,91.4
3552053,NA,NA,NA,NA,NA,NA,NA,NA,NA,NA
3552054,9.7,NA,NA,0,20,10.1,NA,NA,7,85.1
3552056,23.1,NA,NA,0,33.3,52,NA,NA,7,92.2
3552058,NA,NA,NA,NA,NA,NA,NA,NA,NA,NA
3552092,23.1,10.1,14,55,9.9,52,29,28,96,63.8
3552093,30.7,10.8,11.6,22.3,11,81,32.8,17.1,50.7,68.5
3553005,20.3,9.5,10,29.9,6.9,39.4,24.3,11.7,66.8,41.6
3553040,16,NA,NA,0,20,22.7,NA,NA,7,85.1
3554001,31.1,13.2,17,31.7,0,82.2,49.9,40.2,70.4,6.1
3554006,32.4,16.5,24,43.3,10,85.6,68,65.9,88,64.5
3554008,21.2,21.6,19.5,57.1,14.3,43.4,85.6,49,97,78.5
3554014,23.6,8.8,8,15.6,11.1,54.1,20.1,5.4,35.8,69
3554020,27.6,13,18.1,38.5,7.6,70.6,48.3,45.5,82.4,47.7
3554021,21.7,9.2,18,25.5,4.3,46.1,22.9,44,58.2,20.2
3554024,16.7,18.5,32,32,12,25.1,76.9,86,71.2,72.2
3554026,18.1,15.6,28,10.8,0,30.2,63.7,77.1,28,6.1
3554029,13.2,14.8,28,33.3,18.5,15.1,59.1,77.1,73.8,83.9
3554032,28.6,NA,NA,0,0,74.4,NA,NA,7,6.1
3554034,16.3,NA,NA,28.6,0,23.7,NA,NA,64.1,6.1
3554036,20,15,24,20.8,3,38,60.3,65.9,47,14.1
3554038,26.3,NA,NA,20,20,65.7,NA,NA,45.1,85.1
3554042,26.1,20,30,33.3,11.1,64.8,82,81.9,73.8,69
3554044,20.4,12.8,20,21.2,19.2,39.8,46.6,52,48,84.5
3554049,21,8.8,14,29.7,8.1,42.2,20.1,28,66.5,52
3554052,27.4,16.4,26.8,48.5,5.1,70,67.3,74.3,92.6,26
3554054,27.4,16.5,20,0,25,70,68,52,7,88.6
3554056,24.1,12,28,44.4,11.1,56.2,41.4,77.1,89.2,69
3554057,15.4,NA,NA,0,40,20.7,NA,NA,7,94.6
3554058,26.7,16.8,15,68.4,10.5,67.1,69.5,31.9,99.4,66.6
3554062,27.5,14.2,23,66.2,10.8,70.3,55.7,62.3,98.9,67.9
3554066,16.7,NA,NA,60,13.3,25.1,NA,NA,97.9,75.9
3554068,23.2,17.1,21.4,67,15.3,52.4,71.3,57.1,99.3,80.1
3554091,NA,NA,NA,NA,NA,NA,NA,NA,NA,NA
3554094,24.9,15.3,16,27.2,13,59.5,62.2,36.3,61.4,75
3556014,21.4,18.3,18,34.3,7.4,44.5,76,44,75.6,46.1
3556027,18.1,11.7,15.7,35.8,8.1,30.2,39.5,34.1,78.2,52
3556031,23.3,11.7,12.8,48.6,10.1,52.8,39.5,23,92.7,65.1
3556033,12.9,NA,NA,0,14.3,14.6,NA,NA,7,78.5
3556042,20.6,13.5,16.6,30.7,10.2,40.6,51.4,39.1,68.4,65.5
3556048,35,11,13.6,44,9.5,90.6,34.4,25.8,88.7,61.4
3556052,30.9,16,20,37.2,9.3,81.6,65.8,52,80.2,60.2
3556056,25.5,11.6,12,12.4,4.8,62.8,38.6,19.5,30.4,23.7
3556066,24.6,12.5,14.9,43.1,8.4,58.3,44.8,31.4,87.9,54.3
3556070,20.5,14,13,18,18,40.2,54.5,23.7,40.4,83.3
3556073,25.6,NA,NA,36.4,22.7,63.1,NA,NA,79.1,87.1
3556076,23.8,11.4,17.8,26.7,5.6,54.9,37.3,42.4,60.6,30.4
3556077,19.4,12,20,28.3,13.2,35.4,41.4,52,63.3,75.5
3556091,NA,NA,NA,NA,NA,NA,NA,NA,NA,NA
3556092,19.3,7.9,12.4,20.3,15.9,35.1,14.7,21.8,45.9,81
3556093,5.2,18.8,NA,0,45,3.6,78,NA,7,96.2
3556094,8.7,24.7,18,6.2,38.8,8.4,90.1,44,20.2,94.2
3556095,14.2,20,22,6.7,46.7,17.7,82,59.1,21.1,96.6
3556096,NA,NA,NA,NA,NA,NA,NA,NA,NA,NA
3556098,NA,NA,NA,NA,NA,NA,NA,NA,NA,NA
3556100,NA,NA,NA,NA,NA,NA,NA,NA,NA,NA
3556102,12,NA,NA,0,28.6,13.1,NA,NA,7,90.2
3556106,7.3,15.9,12,9.2,20.4,6.6,65,19.5,25.2,85.6
3557001,41.3,12,12,9.1,12.1,96.9,41.4,19.5,24.9,72.5
3557004,35.1,12,5,10.7,7.1,90.8,41.4,0.8,27.7,43.5
3557006,33.3,NA,NA,42.9,0,87.7,NA,NA,87.6,6.1
3557008,34,9,8,27,10.7,89.1,21.6,5.4,61.2,67.5
3557011,22.8,4.8,6,25.5,7.4,50.7,2.4,1.9,58.2,46.1
3557014,25.2,10.8,7,14.3,4.1,61.6,32.8,3.2,33.5,18.9
3557016,18.7,27.2,20,26.4,13.2,32.7,92.4,52,60,75.5
3557019,25.7,25.8,20,26.9,16.4,63.5,91.2,52,61,81.5
3557021,35.9,18.8,20,38.2,10.9,92,78,52,82,68.2
3557026,16.1,NA,NA,0,33.3,23.1,NA,NA,7,92.2
3557028,36.1,16.8,19,41.1,10.7,92.1,69.5,47.7,85.4,67.5
3557035,30.1,19,15.6,32.5,14.5,79.2,78.8,33.8,72.1,79
3557038,26.8,16.1,17.8,33.1,11.6,67.6,66.5,42.4,73,70.8
3557039,28.4,23.2,26,45.5,20,73.6,88.5,72.5,90.1,85.1
3557040,39.3,13.2,13,37,11.1,95.5,49.9,23.7,80,69
3557041,39.9,20,19.2,30.9,8.5,96,82,48.4,68.9,54.9
3557051,19.5,6.9,12,26.4,8.3,35.7,10.1,19.5,60,53.5
3557061,24.9,11.7,11.7,34.2,7.1,59.5,39.5,17.5,75.5,43.5
3557066,25.6,3,3,16.5,6.3,63.1,0.3,0.1,37.4,37.1
3557071,14.4,34.8,30,5.2,31.2,18.2,96.5,81.9,18.9,91.4
3557072,20,23.2,24,0,44.8,38,88.5,65.9,7,96.1
3557073,10.8,19.6,20,5.7,22.9,11.4,80.7,52,19.5,87.2
3557074,13.5,27,38,4.8,17.9,15.9,92.3,93.6,18.1,83.3
3557075,NA,NA,NA,NA,NA,NA,NA,NA,NA,NA
3557076,22.2,10,14.8,39.7,11.6,48.4,28,31.1,83.9,70.8
3557077,NA,NA,NA,NA,NA,NA,NA,NA,NA,NA
3557078,16.7,NA,NA,0,0,25.1,NA,NA,7,6.1
3557079,18.3,9.6,14,0,10.2,31.1,25.2,28,7,65.5
3557091,20.7,11.2,14,39,18.6,41,36,28,83.2,84.1
3557092,NA,NA,NA,NA,NA,NA,NA,NA,NA,NA
3557094,NA,NA,NA,NA,NA,NA,NA,NA,NA,NA
3557095,25.5,11.9,14.1,19.3,13.2,62.8,40.5,29.5,43.5,75.5
3557096,16.1,8.4,10,36.4,15.9,23.1,17.4,11.7,79.1,81
3558001,21.9,4.6,8.8,13.3,10.6,46.9,2.1,7.5,32.1,67
3558003,16.1,27.6,18,0,27.8,23.1,92.8,44,7,89.8
3558004,21.9,11.6,11,38.8,7.5,46.9,38.6,15.1,82.7,47
3558011,20.9,5.3,8.2,19.6,7.1,41.8,3.7,6.2,44.2,43.5
3558012,22.7,10,10,25.7,8.6,50.3,28,11.7,58.7,55.8
3558016,18.8,4.4,6,12.5,5.4,33.1,1.7,1.9,30.6,28.6
3558019,15.7,4.8,6,6.7,6.7,21.7,2.4,1.9,21.1,40.1
3558028,29.7,4,5.2,21.1,5.6,78.2,1,1,47.6,30.4
3558034,29.3,10.8,8,22.9,14.3,76.8,32.8,5.4,52,78.5
3558041,26.3,13.4,10,58.3,16.7,65.7,51,11.7,97.4,81.9
3558044,28.5,11.7,10.4,56.1,16.7,73.9,39.5,13.2,96.6,81.9
3558051,24,12.4,14,51,10.2,55.7,44.1,28,94.3,65.5
3558054,24.2,6.8,8.5,42.7,7.7,56.6,9.6,6.9,87.2,48.6
3558059,16.1,9.4,8.8,24,9.9,23.1,23.8,7.5,54.8,63.8
3558060,3.7,NA,NA,0,27.3,1.8,NA,NA,7,89.7
3558061,12,NA,NA,20,40,13.1,NA,NA,45.1,94.6
3558062,14.9,16.5,24,7.1,17.9,19.3,68,65.9,21.8,83.3
3558063,5,NA,NA,0,28.6,3.4,NA,NA,7,90.2
3558064,12.5,NA,NA,0,16.7,14,NA,NA,7,81.9
3558065,27.3,NA,NA,16.7,50,69.6,NA,NA,37.7,97.7
3558066,23.5,17.3,18.8,29.3,10.3,53.6,72.2,46.9,65.7,65.8
3558067,7.5,NA,NA,0,33.3,6.9,NA,NA,7,92.2
3558068,4.9,37,60,0,24,3.3,97,99.7,7,87.8
3558069,13.3,NA,NA,0,45.5,15.4,NA,NA,7,96.3
3558074,NA,NA,NA,NA,NA,NA,NA,NA,NA,NA
3558075,21.2,15.5,14,38.8,13,43.4,63,28,82.7,75
3558076,11.1,NA,NA,16.7,41.7,11.9,NA,NA,37.7,95.1
3558077,NA,NA,NA,NA,NA,NA,NA,NA,NA,NA
3558080,11.8,NA,NA,0,60,12.8,NA,NA,7,99.1
3558085,6.5,NA,NA,0,40,5.7,NA,NA,7,94.6
3558090,25.2,11.6,12.6,15.5,13.8,61.6,38.6,22.4,35.7,77.1
3558092,NA,NA,NA,NA,NA,NA,NA,NA,NA,NA
3558097,8.3,17,30,0,50,7.9,70.6,81.9,7,97.7
3558100,NA,NA,NA,NA,NA,NA,NA,NA,NA,NA
3559001,26.5,13.9,18.8,61.5,14.7,66.4,53.9,46.9,98.2,79.4
3559011,15.7,7,7,15.5,9.9,21.7,10.6,3.2,35.7,63.8
3559012,23.4,10.9,13.2,44.7,9.7,53.2,33.6,24.8,89.5,62.3
3559016,18.5,9.2,12,13.4,9,31.8,22.9,19.5,32.4,58.3
3559019,18.8,8.6,13,24.5,5.3,33.1,18.8,23.7,55.6,27.7
3559024,19.6,18.4,20,35.6,8.5,36.2,76.4,52,77.7,54.9
3559026,10,38.5,36,10,25,10.4,97.4,91.5,26.4,88.6
3559031,18.2,13.6,20,17.1,8.6,30.7,52.2,52,38.5,55.8
3559040,30,13.6,17,31.6,0,78.9,52.2,40.2,70.1,6.1
3559042,32.7,15,23,46.6,17.8,86.2,60.3,62.3,91,83.2
3559046,NA,NA,NA,NA,NA,NA,NA,NA,NA,NA
3559047,33.9,13.2,19,9.1,0,88.9,49.9,47.7,24.9,6.1
3559051,3.9,46,60,0,18.8,2,98.8,99.7,7,84.2
3559052,NA,NA,NA,NA,NA,NA,NA,NA,NA,NA
3559053,7.1,NA,NA,0,22.2,6.5,NA,NA,7,86.8
3559060,8,NA,NA,0,42.9,7.5,NA,NA,7,95.6
3559061,4,NA,NA,0,22.2,2.1,NA,NA,7,86.8
3559062,NA,NA,NA,NA,NA,NA,NA,NA,NA,NA
3559063,11.8,20.8,18,8.3,20.8,12.8,83.9,44,23.6,85.8
3559064,3.1,NA,NA,0,20,1.1,NA,NA,7,85.1
3559066,7.4,46,30,11.8,47.1,6.8,98.8,81.9,29.8,96.7
3559068,6.5,NA,NA,0,13.3,5.7,NA,NA,7,75.9
3559069,NA,NA,NA,NA,NA,NA,NA,NA,NA,NA
3559089,NA,NA,NA,NA,NA,NA,NA,NA,NA,NA
3559090,26.3,7.4,11,11.8,9.1,65.7,12.6,15.1,29.8,58.9
3560001,28.6,13.2,10,10.9,13.6,74.4,49.9,11.7,28.1,76.6
3560004,7.4,29.8,45,0,54.1,6.8,94.1,97.6,7,98.5
3560005,5.6,NA,NA,0,33.3,4.4,NA,NA,7,92.2
3560008,34.9,11.2,8.5,21.6,5.9,90.4,36,6.9,49,33.5
3560010,21.2,8.5,10.1,38.4,9.8,43.4,18.2,12.8,82.2,63.1
3560021,27.1,10.4,10,22.8,13,68.8,30.5,11.7,51.8,75
3560024,13.7,28,25,0,25,16.5,93.1,69.6,7,88.6
3560027,23.9,10.1,11.1,28.4,7.4,55.3,29,15.5,63.6,46.1
3560032,18.5,9,9,14.9,7.4,31.8,21.6,8.2,34.5,46.1
3560034,13.6,8,9.6,23.9,10.7,16.2,15.3,10,54.5,67.5
3560042,15.5,6.5,9.2,25.8,8.8,21.1,8.1,8.9,58.9,57.2
3560046,3.3,41,NA,0,23.1,1.3,98,NA,7,87.3
3560049,10,32.5,20,15.2,15.2,10.4,95.5,52,35,80
3560050,NA,NA,NA,NA,NA,NA,NA,NA,NA,NA
3560051,5.4,46.3,44,2.8,32.4,4,98.9,97,15.6,91.6
3560052,8.3,NA,NA,0,57.1,7.9,NA,NA,7,98.8
3560053,5.1,47,32,0,59.6,3.5,99,86,7,99.1
3560054,5.4,40.4,20,0,48.3,4,97.8,52,7,97
3560055,5.7,61.2,50,0,45,4.6,99.8,98.9,7,96.2
3560056,6.8,38.4,40,0,20.3,6.1,97.3,95.1,7,85.6
3560057,11.4,NA,NA,0,37.5,12.3,NA,NA,7,93.8
3560058,6,44.4,25,0,51.4,5,98.6,69.6,7,98.2
3560059,6.5,49.2,48,0,48.9,5.7,99.2,98.3,7,97.2
3560060,10,NA,NA,0,60,10.4,NA,NA,7,99.1
3560061,4.3,38,25,0,46.7,2.5,97.2,69.6,7,96.6
3560063,6.6,33.5,40,0,47.8,5.8,96,95.1,7,96.9
3560064,12.5,NA,NA,0,0,14,NA,NA,7,6.1
3560065,0,NA,NA,0,50,0.2,NA,NA,7,97.7
3560066,9.9,25.2,50,0,46.2,10.2,90.7,98.9,7,96.5
3560067,3,30.4,60,0,38.5,1,94.7,99.7,7,94.1
3560068,7.9,42,36,0,34.4,7.4,98.2,91.5,7,92.8
3560069,17.6,NA,NA,0,30.8,28.3,NA,NA,7,91.2
3560070,2.3,31.1,16,0,44.2,0.7,95,36.3,7,96
3560071,3.6,55.4,44,0,38.4,1.6,99.7,97,7,94
3560075,5.3,43.4,40,3.6,49.1,3.8,98.5,95.1,16.4,97.2
3560076,4.1,35.6,16,0,42.4,2.3,96.7,36.3,7,95.4
3560077,NA,NA,NA,NA,NA,NA,NA,NA,NA,NA
3560078,5.5,47.2,80,0,27.8,4.2,99,100,7,89.8
3560079,6.9,31.2,38,0,48.5,6.2,95.1,93.6,7,97.1
3560080,1.9,78,80,0,62.5,0.6,100,100,7,99.3
3560081,NA,NA,NA,NA,NA,NA,NA,NA,NA,NA
3560082,5.3,NA,NA,0,33.3,3.8,NA,NA,7,92.2
3560083,4,NA,NA,0,28.6,2.1,NA,NA,7,90.2
3560084,8.3,NA,NA,0,50,7.9,NA,NA,7,97.7
3560085,7.6,29.4,48,0,53.8,7,93.8,98.3,7,98.4
3560086,5.6,32.5,50,0,58.8,4.4,95.5,98.9,7,99
3560088,4.4,44.8,30,0,29.2,2.7,98.7,81.9,7,90.5
3560089,5.6,NA,NA,0,41.7,4.4,NA,NA,7,95.1
3560090,28.3,9.3,9.8,14.7,11.8,73.2,23.4,10.4,34.2,71.5
3560091,14.3,NA,NA,0,44.4,18,NA,NA,7,96.1
3560093,4.2,NA,NA,0,73.3,2.4,NA,NA,7,99.9
3560095,7.9,62,45,0,48,7.4,99.9,97.6,7,96.9
3560096,4.2,30,32,6.5,30.4,2.4,94.3,86,20.8,91
3560097,NA,NA,NA,NA,NA,NA,NA,NA,NA,NA
3560098,6.9,10.4,36,0,33.3,6.2,30.5,91.5,7,92.2
3560100,NA,NA,NA,NA,NA,NA,NA,NA,NA,NA
3560104,1.2,36.5,NA,0,38.9,0.5,96.9,NA,7,94.2
4601035,20.5,30.8,31.6,26.6,12.1,40.2,94.9,84.9,60.4,72.5
4601039,25.5,23.2,25.6,23.8,11.9,62.8,88.5,71,54.2,71.9
4601043,22.3,14.8,19.5,13.8,5.2,48.8,59.1,49,32.9,26.8
4601046,24.5,14,16.5,29.4,7.1,58,54.5,38.8,65.9,43.5
4601051,41.3,6,3.4,2.1,4.2,96.9,5.6,0.2,14.9,19.5
4601057,28.2,8.8,9.6,13.7,8.9,72.7,20.1,10,32.8,57.8
4601060,34.7,15.6,14,26.3,9.3,90,63.7,28,59.8,60.2
4601070,38.6,NA,NA,0,0,95,NA,NA,7,6.1
4601071,31.1,12.2,10.6,12.2,7.9,82.2,42.8,13.8,30.2,50.2
4601075,21.1,19.4,11,36.7,11,42.9,79.7,15.1,79.6,68.5
4601078,39.9,9.6,8.5,14.9,0,96,25.2,6.9,34.5,6.1
4601079,NA,NA,NA,NA,NA,NA,NA,NA,NA,NA
4601094,40.2,9.2,8.8,29.5,3.9,96.4,22.9,7.5,66.1,17.7
4602024,21.1,20,20,32.2,9.8,42.9,82,52,71.6,63.1
4602026,5,NA,NA,0,66.7,3.4,NA,NA,7,99.6
4602027,5.4,44,32,0,40.6,4,98.6,86,7,94.9
4602032,15.2,12.9,15.2,19.3,6.7,20.1,47.5,32.7,43.5,40.1
4602037,19.9,12,16,21.6,5.9,37.5,41.4,36.3,49,33.5
4602041,8.7,12.9,22.5,11.4,4.1,8.4,47.5,61.2,29.2,18.9
4602044,17.2,14.7,21.1,8.6,3,27.1,58.4,56.6,24,14.1
4602046,10.3,6.7,12.4,4.6,2.5,10.9,9.1,21.8,17.8,13.2
4602053,7.4,15.4,20,9,4.2,6.8,62.6,52,24.7,19.5
4602057,16.6,11.4,14.2,10.1,4.3,24.6,37.3,29.7,26.6,20.2
4602061,19.2,13.2,20.4,8.7,5.7,34.7,49.9,54.5,24.2,31.5
4602069,10.8,7.3,9.6,8.9,7.8,11.4,12.1,10,24.5,49.5
4602075,12.6,5.8,6.6,7.7,6.3,14.2,4.9,2.8,22.7,37.1
4603030,17.3,14.7,19,31.6,7.1,27.3,58.4,47.7,70.1,43.5
4603040,20.8,14.6,19.6,20.6,4.1,41.4,58,49.4,46.7,18.9
4603041,7.8,15.3,13.6,38.1,4.9,7.3,62.2,25.8,81.7,24.5
4603047,5.4,12.3,15.2,14.9,3.9,4,43.4,32.7,34.5,17.7
4603050,15.7,16.8,25,7.7,2.2,21.7,69.5,69.6,22.7,12.8
4603053,19.6,14.9,21,14.3,5.6,36.2,59.7,55.9,33.5,30.4
4603058,15.8,17.4,18,41.2,8.2,22,72.6,44,85.6,52.7
4603062,11.4,11.6,17,26.2,11.2,12.3,38.6,40.2,59.6,69.6
4603065,13.3,11.4,13.2,23.4,4.9,15.4,37.3,24.8,53.3,24.5
4603067,19,14.2,22,24.8,10.9,34,55.7,59.1,56.1,68.2
4603072,14.3,14.8,14.4,26.1,9.2,18,59.1,30.2,59.4,59.6
4603074,31,12.2,17.6,19.2,3.2,81.9,42.8,42.1,43.3,14.8
4604034,20.7,17.4,20.4,39.8,6.5,41,72.6,54.5,84,38.4
4604040,25.9,17,18.4,29.8,9.3,64.1,70.6,45.9,66.6,60.2
4604052,19.5,18.6,25,32.9,3.8,35.7,77.3,69.6,72.7,17.1
4604057,25.6,15.8,21,36.2,7.5,63.1,64.7,55.9,78.7,47
4604064,22.9,16.7,22.4,32.6,5,51.2,68.9,61,72.2,25.2
4604068,NA,NA,NA,NA,NA,NA,NA,NA,NA,NA
4605025,26.8,11.5,19.2,26,5.2,67.6,37.8,48.4,59.2,26.8
4605032,25.8,15.7,18,27.6,4.1,63.8,64.4,44,62.2,18.9
4605038,29.1,16.2,20.4,24.6,5.2,76.2,66.7,54.5,55.8,26.8
4605044,25.4,18.8,20,31.7,15,62.4,78,52,70.4,79.8
4605052,26,14,22,25.8,8.6,64.4,54.5,59.1,58.9,55.8
4605056,24.6,18.8,21,33.7,8.7,58.3,78,55.9,74.9,56.5
4605062,19.6,15.3,23,38.2,11.8,36.2,62.2,62.3,82,71.5
4605071,24.3,15.7,16.5,40.3,8.2,57.1,64.4,38.8,84.7,52.7
4606016,22.6,15.9,18.5,26.5,8.8,49.9,65,46.4,60.2,57.2
4606023,22.1,17,16,30.5,1.7,47.8,70.6,36.3,68.1,12.4
4606029,6.3,50.8,40,0,36.4,5.4,99.4,95.1,7,93.4
4606031,19.3,13.1,20.4,38.5,4.8,35.1,49.1,54.5,82.4,23.7
4606034,25.2,13.1,22.4,30.7,5.7,61.6,49.1,61,68.4,31.5
4606040,6.6,46.4,30,4.6,40,5.8,98.9,81.9,17.8,94.6
4607039,24.4,12.8,14,35.2,3.4,57.5,46.6,28,77.1,15.4
4607040,NA,NA,NA,NA,NA,NA,NA,NA,NA,NA
4607046,17.7,9.4,12,26.4,6.4,28.6,23.8,19.5,60,37.7
4607052,24.2,14.1,19.6,36.4,6.3,56.6,55.1,49.4,79.1,37.1
4607057,13.7,6.7,7,17.1,4.1,16.5,9.1,3.2,38.5,18.9
4607060,11.7,6.4,10,16.2,8.2,12.6,7.6,11.7,37,52.7
4607062,16.4,13.5,13,24.1,5.6,24,51.4,23.7,55,30.4
4607066,14.6,12.2,15.2,24.9,5.5,18.6,42.8,32.7,56.2,29.5
4607068,22.8,12.7,14.4,25.2,7.5,50.7,45.8,30.2,57.5,47
4607071,15.7,8,9,36.2,13.8,21.7,15.3,8.2,78.7,77.1
4607072,NA,NA,NA,NA,NA,NA,NA,NA,NA,NA
4607076,17.2,12.9,18.5,32.9,5.6,27.1,47.5,46.4,72.7,30.4
4608032,23.7,12.3,14.4,32.6,5.4,54.5,43.4,30.2,72.2,28.6
4608042,26.1,19.8,22,29,5.4,64.8,81.3,59.1,65.1,28.6
4608046,18.3,16,22,28.8,4.1,31.1,65.8,59.1,64.7,18.9
4608055,23,27.8,26,42.7,6.7,51.6,92.9,72.5,87.2,40.1
4608060,20.2,24.6,25.6,33.8,4.6,38.9,90.1,71,75,22.2
4608069,4.4,40.4,22,9.5,48.6,2.7,97.8,59.1,25.7,97.1
4609018,17.5,14.5,21.2,31.2,5.7,27.9,57.4,56.8,69.3,31.5
4609024,15.9,7.9,12.2,29.1,7.9,22.4,14.7,21.3,65.2,50.2
4609025,5.2,50.5,44,2.7,42.7,3.6,99.4,97,15.5,95.4
4609026,10,NA,NA,0,28.6,10.4,NA,NA,7,90.2
4609027,4.4,NA,NA,0,40,2.7,NA,NA,7,94.6
4609029,20.1,15.4,16,33.9,7.3,38.5,62.6,36.3,75.1,45.2
4609030,NA,NA,NA,NA,NA,NA,NA,NA,NA,NA
4610035,12.6,3.4,7,10.6,4.2,14.2,0.5,3.2,27.5,19.5
4610043,12.1,7.4,14,22.7,8,13.3,12.6,28,51.5,51.1
4610052,13.8,5.2,6,9.2,4.1,16.8,3.4,1.9,25.2,18.9
4611040,17,12.9,12.5,31.3,6.5,26.4,47.5,22.1,69.5,38.4
4611042,15.1,4.4,4.4,7.3,2.7,19.8,1.7,0.4,22.1,13.5
4612047,16.5,6.2,8.5,8.8,3.7,24.3,6.6,6.9,24.4,16.6
4612054,15.8,9.5,12.4,21.2,6.8,22,24.3,21.8,48,40.9
4612056,27,12.5,16.8,26.4,5.4,68.4,44.8,39.3,60,28.6
4613032,20.9,3.6,3.5,7.2,1.9,41.8,0.5,0.2,22,12.5
4613037,17.1,4.5,5.4,13.2,4,26.8,1.9,1.2,31.9,18.2
4613043,19.2,6,8,15.4,8.1,34.7,5.6,5.4,35.4,52
4613047,24.7,17,15.7,29.9,9.8,58.8,70.6,34.1,66.8,63.1
4613049,31.3,16,13,27.3,5.1,82.9,65.8,23.7,61.6,26
4613056,19.5,7.6,10.2,12.8,8.4,35.7,13.6,12.9,31.1,54.3
4613062,9.2,33.5,20,0,36.7,9.3,96,52,7,93.5
4614015,17.7,8.8,12,23.8,10.7,28.6,20.1,19.5,54.2,67.5
4614031,18.3,10.1,15.6,19.2,8.3,31.1,29,33.8,43.3,53.5
4614036,14.6,8.4,11.2,18.6,6.6,18.6,17.4,15.8,41.9,39.2
4614039,21.3,6.6,11.6,12.7,3.6,43.9,8.6,17.1,30.9,16.2
4614042,27.2,17.8,28.4,29.4,5.5,69.2,74.4,78.9,65.9,29.5
4615020,17.9,8.7,21.4,32.4,4.6,29.4,19.3,57.1,71.9,22.2
4615032,18.9,13.7,22,41.7,11.5,33.6,52.9,59.1,86.2,70.4
4615037,29.6,14.5,24,35.2,10.2,77.8,57.4,65.9,77.1,65.5
4615042,3.3,61.6,40,0,30.8,1.3,99.9,95.1,7,91.2
4615047,17.5,12.4,20,22.9,8.6,27.9,44.1,52,52,55.8
4615049,NA,NA,NA,NA,NA,NA,NA,NA,NA,NA
4615056,23.4,15.3,21.2,36.5,4.8,53.2,62.2,56.8,79.4,23.7
4615063,32.3,15.9,21.6,30.9,8.6,85.3,65,57.4,68.9,55.8
4615067,5.3,37.6,50,0,31.2,3.8,97.1,98.9,7,91.4
4615070,34.9,16,17.6,20.9,8.8,90.4,65.8,42.1,47.2,57.2
4615071,5.3,28.4,40,8,36,3.8,93.3,95.1,23,93.3
4615072,0,NA,NA,0,0,0.2,NA,NA,7,6.1
4615074,19.6,8.4,13,40.2,8.5,36.2,17.4,23.7,84.7,54.9
4615075,26.1,13.5,19.2,28.9,5.4,64.8,51.4,48.4,64.9,28.6
4615078,18.4,22.8,29,39.2,11.8,31.5,87.7,79.8,83.3,71.5
4615092,31.2,20,21,27.8,7.2,82.5,82,55.9,62.5,44.5
4616005,30.3,21.8,31.2,33.7,11.2,79.6,85.9,84.5,74.9,69.6
4616017,4.6,55.1,40,0,36.5,3,99.6,95.1,7,93.5
4616020,24.2,14.7,21,34.8,8.3,56.6,58.4,55.9,76.5,53.5
4616025,13.3,NA,NA,0,33.3,15.4,NA,NA,7,92.2
4616030,23.5,14.6,22,24.8,4,53.6,58,59.1,56.1,18.2
4616046,6.9,39.5,45,0,29.2,6.2,97.7,97.6,7,90.5
4616048,29.1,23.2,30.8,22.8,8.5,76.2,88.5,83.5,51.8,54.9
4617026,22.7,29.5,37,18.2,7.1,50.3,93.9,92.9,41,43.5
4617029,3.7,39.2,38,0,32.2,1.8,97.6,93.6,7,91.5
4617035,33.3,24,38.5,34.8,5.8,87.7,89.5,93.9,76.5,32.6
4617041,33,18.4,24.8,17.9,10,86.7,76.4,68.7,40.1,64.5
4617048,22.2,12.1,15.2,26.7,6.7,48.4,42.4,32.7,60.6,40.1
4617050,23.6,18,21.6,32.9,7.8,54.1,75.1,57.4,72.7,49.5
4617054,25.4,22.6,22,48,10.2,62.4,87.4,59.1,92.3,65.5
4617058,33.8,18,20.4,32.1,5.3,88.7,75.1,54.5,71.4,27.7
4617064,28.5,34.4,40,37.7,13.1,73.9,96.4,95.1,81.2,75.3
4617072,22.4,32.6,32,24.6,15.4,49.1,95.6,86,55.8,80.3
4617075,26.2,21.6,18.5,20.4,5.1,65.2,85.6,46.4,46.2,26
4617092,27.9,NA,NA,18.8,0,71.7,NA,NA,42.4,6.1
4618031,37,12.2,11.4,22.5,4.1,93.3,42.8,16.4,51.1,18.9
4618034,34.5,17.6,20.8,32.9,11.2,89.7,73.8,55,72.7,69.6
4618037,22.6,19.4,26.4,31.3,13.9,49.9,79.7,73.9,69.5,77.5
4618040,25.6,18,19,12.8,8.3,63.1,75.1,47.7,31.1,53.5
4618044,25.2,19,28,17.9,4.5,61.6,78.8,77.1,40.1,21.4
4618055,5.6,40.6,36,4.1,42.9,4.4,97.8,91.5,17,95.6
4618056,27.4,23.7,31.2,23.2,10.1,70,89.2,84.5,52.9,65.1
4618060,27,25,31.2,22.6,13.9,68.4,90.4,84.5,51.3,77.5
4618061,4.7,62.6,52,3.6,8.9,3,99.9,99.3,16.4,57.8
4618063,5.6,43.2,25,0,20,4.4,98.4,69.6,7,85.1
4618067,7,37.4,36,3.1,28.1,6.3,97,91.5,15.8,89.9
4618068,21.1,22.4,28,27.3,7.6,42.9,87.1,77.1,61.6,47.7
4618074,26.6,19.6,27,21.4,6.8,66.7,80.7,74.8,48.5,40.9
4618076,18.1,18.4,23.6,26.7,7.5,30.2,76.4,63.6,60.6,47
4618091,50,NA,NA,9.5,0,99.2,NA,NA,25.7,6.1
4618093,NA,NA,NA,NA,NA,NA,NA,NA,NA,NA
4619040,5.3,NA,NA,0,66.7,3.8,NA,NA,7,99.6
4619045,22,26.8,22.4,15.8,14.1,47.4,92.1,61,36.2,77.9
4619050,7.8,44.9,26,3.4,52.6,7.3,98.7,72.5,16.2,98.4
4619051,NA,NA,NA,NA,NA,NA,NA,NA,NA,NA
4619052,3.1,46,40,0,57.9,1.1,98.8,95.1,7,98.9
4619053,8.5,33.6,20,0,26.5,8.2,96.1,52,7,89.4
4619054,4,67.6,60,6.9,62.1,2.1,99.9,99.7,21.4,99.2
4619056,13.1,34.4,42,3,38.4,14.9,96.4,96.2,15.7,94
4619058,0,NA,NA,0,0,0.2,NA,NA,7,6.1
4619059,9.5,29.8,28,2.3,48,9.8,94.1,77.1,15.2,96.9
4619061,9.4,29,50,0,64.7,9.6,93.6,98.9,7,99.5
4619062,7.1,NA,NA,0,23.1,6.5,NA,NA,7,87.3
4619065,0,NA,NA,0,0,0.2,NA,NA,7,6.1
4619068,5.7,42.4,45,0,24,4.6,98.3,97.6,7,87.8
4619069,8.4,34,32,0,20,8.2,96.3,86,7,85.1
4619070,5.7,27,36,0,46.3,4.6,92.3,91.5,7,96.6
4619071,NA,NA,NA,NA,NA,NA,NA,NA,NA,NA
4619072,5.3,37.6,28,0,67.4,3.8,97.1,77.1,7,99.7
4619075,NA,NA,NA,NA,NA,NA,NA,NA,NA,NA
4619077,3.9,31,20,0,45.3,2,95,52,7,96.3
4619079,NA,NA,NA,NA,NA,NA,NA,NA,NA,NA
4619082,NA,NA,NA,NA,NA,NA,NA,NA,NA,NA
4620032,23.6,35.5,42,19.4,11.1,54.1,96.6,96.2,43.8,69
4620042,21.6,15.5,19.2,33.9,8.5,45.6,63,48.4,75.1,54.9
4620048,25.4,18.8,23.2,21.6,5.8,62.4,78,63,49,32.6
4620051,20.4,15.3,23,33.3,7.6,39.8,62.2,62.3,73.8,47.7
4620055,25,32,33,24,14,60.4,95.4,87.7,54.8,77.7
4620060,3.7,NA,NA,0,42.9,1.8,NA,NA,7,95.6
4620066,47.4,NA,NA,NA,NA,98.8,NA,NA,NA,NA
4620069,NA,NA,NA,NA,NA,NA,NA,NA,NA,NA
4621025,16.7,NA,NA,0,35.7,25.1,NA,NA,7,93.2
4621027,7.9,40.2,30,0,30.6,7.4,97.8,81.9,7,91.1
4621029,3.6,39.6,36,3.7,46.3,1.6,97.7,91.5,16.5,96.6
4621033,20.4,NA,NA,11.1,27.8,39.8,NA,NA,28.6,89.8
4621034,7.1,13,NA,0,41.2,6.5,48.3,NA,7,95
4621035,NA,NA,NA,NA,NA,NA,NA,NA,NA,NA
4621036,NA,NA,NA,NA,NA,NA,NA,NA,NA,NA
4621039,NA,NA,NA,NA,NA,NA,NA,NA,NA,NA
4621040,20.8,NA,NA,0,30,41.4,NA,NA,7,90.8
4621043,9.5,26.8,28,2.7,36.9,9.8,92.1,77.1,15.5,93.6
4621045,13.7,12.7,9.2,22.6,12.1,16.5,45.8,8.9,51.3,72.5
4621052,18.6,12,10.4,11.7,11.7,32.3,41.4,13.2,29.5,71.1
4621058,1.8,32.4,NA,0,55.9,0.5,95.4,NA,7,98.6
4621060,NA,NA,NA,NA,NA,NA,NA,NA,NA,NA
4621064,18.8,11.8,10.8,57,13.4,33.1,40,14.3,96.9,76.2
4621071,16.5,4.6,8,29.8,11.7,24.3,2.1,5.4,66.6,71.1
4621078,28.4,11.6,7.2,12.2,8.8,73.6,38.6,3.6,30.2,57.2
4621080,3.2,NA,NA,0,66.7,1.2,NA,NA,7,99.6
4622017,NA,NA,NA,NA,NA,NA,NA,NA,NA,NA
4622026,7.4,14.5,8.6,11.1,10.2,6.8,57.4,7.1,28.6,65.5
4622045,3.4,NA,NA,0,50,1.4,NA,NA,7,97.7
4622046,12.5,21.2,15,3.3,28.5,14,85,31.9,16,90
4622048,4.4,41.4,20,5.1,44.9,2.7,98.1,52,18.7,96.1
4622049,4.3,42.2,38,3.1,50.8,2.5,98.2,93.6,15.8,98.2
4622050,NA,NA,NA,NA,NA,NA,NA,NA,NA,NA
4622051,6.2,38.5,36,2.6,57.1,5.3,97.4,91.5,15.4,98.8
4622052,5.6,38.5,34,0,62.7,4.4,97.4,88.9,7,99.4
4622055,3.1,36.4,40,0,53.3,1.1,96.8,95.1,7,98.4
4622056,4.1,30.6,36,0,62.5,2.3,94.8,91.5,7,99.3
4622058,5.4,33.4,25,1.7,41.8,4,95.9,69.6,14.6,95.2
4622059,5.8,33,24,0,48.5,4.8,95.8,65.9,7,97.1
4622063,4,33,24,2.4,56.1,2.1,95.8,65.9,15.3,98.6
4622064,7.7,NA,NA,0,0,7.1,NA,NA,7,6.1
4622065,7.7,28,25,0,34.6,7.1,93.1,69.6,7,92.8
4622066,NA,NA,NA,NA,NA,NA,NA,NA,NA,NA
4622067,5.9,29,24,6.9,55.2,4.9,93.6,65.9,21.4,98.5
4622800,3.4,51.7,32,0,62.7,1.4,99.5,86,7,99.4
4622801,3.4,40.9,22,0,42.7,1.4,97.9,59.1,7,95.4
4622802,8.3,NA,NA,0,0,7.9,NA,NA,7,6.1
4623022,3,5.4,16,8.5,9.9,1,3.9,36.3,23.9,63.8
4623023,36.4,NA,NA,0,0,92.5,NA,NA,7,6.1
4623027,8,NA,NA,0,22.2,7.5,NA,NA,7,86.8
4623034,11.4,28,25,0,19,12.3,93.1,69.6,7,84.3
4623037,6.9,31.4,12,7.4,55.6,6.2,95.1,19.5,22.2,98.6
4623039,NA,NA,NA,NA,NA,NA,NA,NA,NA,NA
4623040,3.9,47,NA,0,60,2,99,NA,7,99.1
4623047,10.4,30.4,20,38.5,20.5,11.1,94.7,52,82.4,85.6
4623056,10.3,14,20,10.3,11.5,10.9,54.5,52,26.9,70.4
4623058,NA,NA,NA,NA,NA,NA,NA,NA,NA,NA
4623062,7.1,NA,NA,0,0,6.5,NA,NA,7,6.1
4623064,NA,NA,NA,NA,NA,NA,NA,NA,NA,NA
4623065,NA,NA,NA,NA,NA,NA,NA,NA,NA,NA
4623067,6.2,34.8,32,0,56.2,5.3,96.5,86,7,98.7
4623071,NA,NA,NA,NA,NA,NA,NA,NA,NA,NA
4623800,6.7,NA,NA,0,28.6,6,NA,NA,7,90.2
4701001,15.2,7.6,12,40.9,9.1,20.1,13.6,19.5,85.2,58.9
4701002,24.4,NA,NA,47.6,23.8,57.5,NA,NA,92,87.7
4701004,5.9,NA,NA,25,25,4.9,NA,NA,56.8,88.6
4701006,16.7,17,16,21.2,0,25.1,70.6,36.3,48,6.1
4701008,23.9,8.6,22,34.9,8.1,55.3,18.8,59.1,76.7,52
4701011,20,12.8,10,19.4,5.6,38,46.6,11.7,43.8,30.4
4701012,16.1,NA,NA,33.3,13.3,23.1,NA,NA,73.8,75.9
4701014,16.3,7.3,16,20.2,5.1,23.7,12.1,36.3,45.6,26
4701016,16.7,10,NA,36.4,0,25.1,28,NA,79.1,6.1
4701017,3.8,NA,NA,27.3,0,1.9,NA,NA,61.6,6.1
4701018,27.3,NA,NA,36.4,0,69.6,NA,NA,79.1,6.1
4701019,20,NA,NA,28.6,0,38,NA,NA,64.1,6.1
4701021,13.5,10.4,10,35.3,11.8,15.9,30.5,11.7,77.3,71.5
4701022,16.5,6.4,10,10.5,5.3,24.3,7.6,11.7,27.3,27.7
4701024,15.9,8.4,12,25.2,5.4,22.4,17.4,19.5,57.5,28.6
4701027,15.6,8.5,NA,22.6,6.5,21.3,18.2,NA,51.3,38.4
4701031,16.9,9.5,NA,25.7,8.6,26,24.3,NA,58.7,55.8
4701032,17,9.2,16,23.5,5.9,26.4,22.9,36.3,53.6,33.5
4701036,17.7,11,12,14.3,14.3,28.6,34.4,19.5,33.5,78.5
4701037,21.7,10,18,43.8,9.4,46.1,28,44,88.5,60.8
4701039,22.9,11,10,31.2,6.2,51.2,34.4,11.7,69.3,36.3
4701041,25,NA,NA,36.4,18.2,60.4,NA,NA,79.1,83.6
4701043,13.1,13,12,45.5,13.6,14.9,48.3,19.5,90.1,76.6
4701044,11.8,NA,NA,0,0,12.8,NA,NA,7,6.1
4701047,17.8,16,26,41.7,11.1,28.9,65.8,72.5,86.2,69
4701049,24.3,12,16,24.7,0,57.1,41.4,36.3,55.9,6.1
4701053,19.4,16,14,21.1,10.5,35.4,65.8,28,47.6,66.6
4701054,14.8,15.6,28,35.7,7.1,19,63.7,77.1,77.9,43.5
4701056,17.1,8.2,18,26.6,2.4,26.8,16.4,44,60.4,13.1
4701058,26,13,8,47.8,8.7,64.4,48.3,5.4,92.1,56.5
4701059,13.3,12.6,16,21.8,7.3,15.4,45.3,36.3,49.4,45.2
4701061,18.8,NA,NA,53.8,30.8,33.1,NA,NA,95.5,91.2
4701063,19.6,13,NA,18.2,0,36.2,48.3,NA,41,6.1
4701064,NA,NA,NA,NA,NA,NA,NA,NA,NA,NA
4701066,31.5,11.2,16,33.9,8.5,83.4,36,36.3,75.1,54.9
4701067,NA,NA,NA,NA,NA,NA,NA,NA,NA,NA
4701069,22.8,13,10,27.6,13.8,50.7,48.3,11.7,62.2,77.1
4701072,22.4,NA,NA,20,10,49.1,NA,NA,45.1,64.5
4701076,32.5,15,18,20.4,7.4,85.9,60.3,44,46.2,46.1
4701077,19.1,NA,NA,22.7,0,34.4,NA,NA,51.5,6.1
4701078,31.5,14.4,20,24.5,0,83.4,56.8,52,55.6,6.1
4701079,19.1,NA,NA,26.3,10.5,34.4,NA,NA,59.8,66.6
4701091,20.7,27.6,12,28,16,41,92.8,19.5,62.7,81.2
4701094,21.6,13,18,28.6,0,45.6,48.3,44,64.1,6.1
4701096,22.6,14,24,38.5,0,49.9,54.5,65.9,82.4,6.1
4701098,NA,NA,NA,NA,NA,NA,NA,NA,NA,NA
4701808,17.9,30.2,16,11.1,44.4,29.4,94.6,36.3,28.6,96.1
4701809,6.1,NA,NA,0,55.6,5.1,NA,NA,7,98.6
4701810,NA,NA,NA,NA,NA,NA,NA,NA,NA,NA
4701812,NA,NA,NA,NA,NA,NA,NA,NA,NA,NA
4701813,NA,NA,NA,NA,NA,NA,NA,NA,NA,NA
4701814,NA,NA,NA,NA,NA,NA,NA,NA,NA,NA
4701815,NA,NA,NA,NA,NA,NA,NA,NA,NA,NA
4701816,NA,NA,NA,NA,NA,NA,NA,NA,NA,NA
4701817,NA,NA,NA,NA,NA,NA,NA,NA,NA,NA
4701818,NA,NA,NA,NA,NA,NA,NA,NA,NA,NA
4701819,14.3,NA,NA,0,60,18,NA,NA,7,99.1
4702001,20,12,16,21.7,0,38,41.4,36.3,49.2,6.1
4702002,18.6,NA,NA,44.4,11.1,32.3,NA,NA,89.2,69
4702006,25,NA,NA,16.7,11.1,60.4,NA,NA,37.7,69
4702008,NA,NA,NA,NA,NA,NA,NA,NA,NA,NA
4702011,18.5,24,16,21.7,13,31.8,89.5,36.3,49.2,75
4702014,21.4,NA,NA,11.1,11.1,44.5,NA,NA,28.6,69
4702016,10,NA,NA,50,0,10.4,NA,NA,93.5,6.1
4702018,16,NA,NA,15.4,0,22.7,NA,NA,35.4,6.1
4702023,33.3,23,22,51.4,8.6,87.7,88.1,59.1,94.5,55.8
4702024,24.6,22,12,34.8,0,58.3,86.4,19.5,76.5,6.1
4702026,30.6,NA,NA,31.6,21.1,80.6,NA,NA,70.1,85.9
4702028,15,NA,NA,33.3,16.7,19.6,NA,NA,73.8,81.9
4702029,18,9,NA,55.6,16.7,29.8,21.6,NA,96.3,81.9
4702031,22.4,9.6,19,40.3,6,49.1,25.2,47.7,84.7,34.4
4702033,19.6,12,NA,32,12,36.2,41.4,NA,71.2,72.2
4702036,NA,NA,NA,NA,NA,NA,NA,NA,NA,NA
4702037,18.6,10.4,9,18.4,10.2,32.3,30.5,8.2,41.5,65.5
4702038,22.7,NA,NA,50,30,50.3,NA,NA,93.5,90.8
4702039,18.6,16,18,30.8,0,32.3,65.8,44,68.7,6.1
4702041,11.1,7,20,30,15,11.9,10.6,52,67.2,79.8
4702042,14,13.6,6,20,0,17.3,52.2,1.9,45.1,6.1
4702044,13.2,9.2,9,18.2,6.5,15.1,22.9,8.2,41,38.4
4702047,21,10.1,14.5,22,6.6,42.2,29,30.5,49.7,39.2
4702048,8,NA,NA,60,0,7.5,NA,NA,97.9,6.1
4702051,17.7,16.5,16,50,16.7,28.6,68,36.3,93.5,81.9
4702052,28.3,NA,NA,33.3,9.5,73.2,NA,NA,73.8,61.4
4702054,31.3,NA,NA,45,25,82.9,NA,NA,89.7,88.6
4702057,26,18.5,12,23.8,14.3,64.4,76.9,19.5,54.2,78.5
4702058,23.4,14,20,31,17.2,53.2,54.5,52,69,82.6
4702061,20,NA,NA,46.2,0,38,NA,NA,90.7,6.1
4702062,28,5.6,18,39.4,6.1,72,4.4,44,83.7,35.4
4702066,28.9,NA,NA,37.5,0,75.5,NA,NA,80.7,6.1
4702067,16.2,5.6,8,24.5,5.7,23.4,4.4,5.4,55.6,31.5
4702069,18.6,NA,NA,57.9,15.8,32.3,NA,NA,97.3,80.8
4702071,20,NA,NA,46.7,20,38,NA,NA,91.2,85.1
4702072,12.5,12.4,12,33.3,5.6,14,44.1,19.5,73.8,30.4
4702073,20,11,12,44.4,11.1,38,34.4,19.5,89.2,69
4702076,26.7,NA,NA,38.1,0,67.1,NA,NA,81.7,6.1
4702077,NA,NA,NA,NA,NA,NA,NA,NA,NA,NA
4702078,29.8,13,16,30.8,19.2,78.4,48.3,36.3,68.7,84.5
4702079,25,NA,NA,37.5,0,60.4,NA,NA,80.7,6.1
4703001,15.1,20,NA,21.1,0,19.8,82,NA,47.6,6.1
4703004,23.6,8.4,15,16.7,3.7,54.1,17.4,31.9,37.7,16.6
4703006,23.7,NA,NA,47.1,17.6,54.5,NA,NA,91.5,83
4703009,33.8,17,26,31.7,4.9,88.7,70.6,72.5,70.4,24.5
4703011,18.3,25.2,28,45.5,9.1,31.1,90.7,77.1,90.1,58.9
4703012,NA,NA,NA,NA,NA,NA,NA,NA,NA,NA
4703016,31.3,NA,NA,50,0,82.9,NA,NA,93.5,6.1
4703018,24.1,16.5,12,39.1,8.7,56.2,68,19.5,83.3,56.5
4703019,41,NA,NA,45,0,96.7,NA,NA,89.7,6.1
4703022,20.3,19.5,32,30.8,0,39.4,80,86,68.7,6.1
4703026,28.1,20,10,32.1,14.3,72.4,82,11.7,71.4,78.5
4703028,28.3,17.5,26,41.2,5.9,73.2,73.1,72.5,85.6,33.5
4703029,19.3,22,32,30.4,8.7,35.1,86.4,86,68,56.5
4703034,19.6,8,NA,38.1,23.8,36.2,15.3,NA,81.7,87.7
4703036,31.3,12.5,20.8,30.4,8.9,82.9,44.8,55,68,57.8
4703038,20.8,7.6,16,19.4,6.5,41.4,13.6,36.3,43.8,38.4
4703041,26.1,NA,NA,46.2,38.5,64.8,NA,NA,90.7,94.1
4703042,26.6,11.2,14,34.2,15.8,66.7,36,28,75.5,80.8
4703044,36.5,21,24,51.4,29.7,92.7,84.5,65.9,94.5,90.7
4703048,16,19,12,41.2,11.8,22.7,78.8,19.5,85.6,71.5
4703051,16.7,NA,NA,69.2,0,25.1,NA,NA,99.4,6.1
4703052,20,NA,NA,66.7,0,38,NA,NA,99.1,6.1
4703054,18.2,23,NA,38.9,16.7,30.7,88.1,NA,83,81.9
4703058,32.2,15.6,20,36.2,8.5,85.1,63.7,52,78.7,54.9
4703059,12.7,16.5,18,34.8,21.7,14.3,68,44,76.5,86.3
4703061,11.1,NA,NA,75,25,11.9,NA,NA,99.7,88.6
4703062,18.9,NA,NA,25,12.5,33.6,NA,NA,56.8,73.7
4703064,21.1,NA,NA,16.7,0,42.9,NA,NA,37.7,6.1
4703068,17.5,11,16,30.4,13,27.9,34.4,36.3,68,75
4703071,28.4,9.6,13,41.4,6.9,73.6,25.2,23.7,85.9,41.6
4703074,19.6,NA,NA,31.6,15.8,36.2,NA,NA,70.1,80.8
4703092,27,20,36,34.2,0,68.4,82,91.5,75.5,6.1
4703093,21.4,NA,NA,41.7,0,44.5,NA,NA,86.2,6.1
4703096,26.2,NA,NA,52.4,9.5,65.2,NA,NA,94.8,61.4
4703801,NA,NA,NA,NA,NA,NA,NA,NA,NA,NA
4704002,16.7,NA,NA,53.8,0,25.1,NA,NA,95.5,6.1
4704003,15.3,NA,NA,33.3,16.7,20.4,NA,NA,73.8,81.9
4704006,17.9,NA,NA,50,0,29.4,NA,NA,93.5,6.1
4704008,NA,NA,NA,NA,NA,NA,NA,NA,NA,NA
4704009,21.4,NA,NA,41.7,16.7,44.5,NA,NA,86.2,81.9
4704011,12.9,NA,NA,25,10,14.6,NA,NA,56.8,64.5
4704012,16.4,16,28,29.4,5.9,24,65.8,77.1,65.9,33.5
4704019,18.8,17,14,37.9,17.2,33.1,70.6,28,81.4,82.6
4704021,30,NA,NA,NA,NA,78.9,NA,NA,NA,NA
4704024,16.9,12.4,8,28.6,0,26,44.1,5.4,64.1,6.1
4704026,34.7,15.2,19,64.2,0,90,61.4,47.7,98.6,6.1
4704028,35.1,NA,NA,33.3,11.1,90.8,NA,NA,73.8,69
4704029,26.1,NA,NA,66.7,0,64.8,NA,NA,99.1,6.1
4704034,18.8,12.4,18,36.7,0,33.1,44.1,44,79.6,6.1
4704036,22.7,14.5,22,41.2,10.6,50.3,57.4,59.1,85.6,67
4704038,18.1,NA,NA,31.6,10.5,30.2,NA,NA,70.1,66.6
4704045,20.9,17.2,17,13.2,7.4,41.8,71.8,40.2,31.9,46.1
4704048,27.1,17.6,20.8,38.9,8.1,68.8,73.8,55,83,52
4704050,25,23,34,33.3,12.5,60.4,88.1,88.9,73.8,73.7
4704054,15.1,NA,NA,50,0,19.8,NA,NA,93.5,6.1
4704058,22.2,17.5,20,40,0,48.4,73.1,52,84.3,6.1
4704061,25.7,10,10,28.6,7.1,63.5,28,11.7,64.1,43.5
4704802,11.8,NA,NA,0,30,12.8,NA,NA,7,90.8
4705001,19.4,10.8,14,24.5,12.2,35.4,32.8,28,55.6,72.8
4705002,14.3,NA,NA,50,33.3,18,NA,NA,93.5,92.2
4705004,21.8,9.7,17.2,21.4,5.5,46.6,26,41.1,48.5,29.5
4705007,24,13,32,36.8,0,55.7,48.3,86,79.8,6.1
4705009,14.5,10,25,31.8,9.1,18.4,28,69.6,70.7,58.9
4705011,18.3,11,16,36,12,31.1,34.4,36.3,78.5,72.2
4705014,25,19,14,23.3,6.7,60.4,78.8,28,53.1,40.1
4705016,24.7,13.8,25,29,2.2,58.8,53.4,69.6,65.1,12.8
4705018,19.7,15.2,20,32,12,36.7,61.4,52,71.2,72.2
4705019,30.8,NA,NA,16.7,0,81.3,NA,NA,37.7,6.1
4705021,30.6,NA,NA,43.8,18.8,80.6,NA,NA,88.5,84.2
4705024,32.2,17.2,15,27.5,11.2,85.1,71.8,31.9,62,69.6
4705027,19.2,15.2,12,61.5,23.1,34.7,61.4,19.5,98.2,87.3
4705028,19.2,17,12,34.4,12.5,34.7,70.6,19.5,75.9,73.7
4705029,29.7,17,26,39.2,7.2,78.2,70.6,72.5,83.3,44.5
4705031,37,18,22,37.3,9.8,93.3,75.1,59.1,80.3,63.1
4705033,24.5,NA,NA,44.4,22.2,58,NA,NA,89.2,86.8
4705034,26.5,15.4,17,32.9,7.3,66.4,62.6,40.2,72.7,45.2
4705037,14.7,8.8,16,22,0,18.8,20.1,36.3,49.7,6.1
4705038,19.7,8.8,18,21.2,8.8,36.7,20.1,44,48,57.2
4705041,20.8,10,14,13.3,6.7,41.4,28,28,32.1,40.1
4705042,35.3,NA,NA,36.4,0,91,NA,NA,79.1,6.1
4705043,31.4,NA,NA,27.8,0,83.2,NA,NA,62.5,6.1
4705044,19.2,NA,NA,40,0,34.7,NA,NA,84.3,6.1
4705047,17,6.4,18,33.3,9.5,26.4,7.6,44,73.8,61.4
4705048,24.8,9.6,20,25.5,2,59.1,25.2,52,58.2,12.6
4705049,10,NA,NA,NA,NA,10.4,NA,NA,NA,NA
4705050,37.5,NA,NA,NA,NA,94,NA,NA,NA,NA
4705051,21.4,7.2,13,35.6,11.9,44.5,11.6,23.7,77.7,71.9
4705052,23.7,8,16.8,20.6,5.6,54.5,15.3,39.3,46.7,30.4
4705053,NA,NA,NA,NA,NA,NA,NA,NA,NA,NA
4705054,NA,NA,NA,NA,NA,NA,NA,NA,NA,NA
4705055,26.7,NA,NA,16.7,0,67.1,NA,NA,37.7,6.1
4705056,24.2,9,20,29.6,11.1,56.6,21.6,52,66.3,69
4705057,25.7,12.8,10,22,0,63.5,46.6,11.7,49.7,6.1
4705058,35.7,NA,NA,55.6,22.2,91.7,NA,NA,96.3,86.8
4705059,32.4,NA,NA,33.3,9.5,85.6,NA,NA,73.8,61.4
4705060,54.5,NA,NA,NA,NA,99.5,NA,NA,NA,NA
4705061,NA,NA,NA,NA,NA,NA,NA,NA,NA,NA
4705062,8.3,NA,NA,60,0,7.9,NA,NA,97.9,6.1
4705063,20,17.5,24,42.4,9.1,38,73.1,65.9,87,58.9
4705064,27.3,18.5,34,59.3,22.2,69.6,76.9,88.9,97.7,86.8
4705066,32.1,21,24,59.3,7.4,84.8,84.5,65.9,97.7,46.1
4705067,17.8,12.8,14,36.8,7.9,28.9,46.6,28,79.8,50.2
4705068,NA,NA,NA,NA,NA,NA,NA,NA,NA,NA
4705069,25,NA,NA,NA,NA,60.4,NA,NA,NA,NA
4705071,25,NA,NA,40,0,60.4,NA,NA,84.3,6.1
4705073,18.3,10.4,22,31.9,7.2,31.1,30.5,59.1,70.9,44.5
4705074,25.9,14.7,24.6,37.5,6,64.1,58.4,68.5,80.7,34.4
4705077,20.1,13.4,24,33.3,7,38.5,51,65.9,73.8,42.5
4705078,31.6,14.8,24,34.9,7,83.7,59.1,65.9,76.7,42.5
4705079,16.9,14.8,12,38.7,0,26,59.1,19.5,82.6,6.1
4705093,23.1,14.2,15,39.2,5.9,52,55.7,31.9,83.3,33.5
4705094,18.4,8.4,20,12.7,5.1,31.5,17.4,52,30.9,26
4705096,33.3,NA,NA,NA,NA,87.7,NA,NA,NA,NA
4705803,10.9,29.2,38,0,42.9,11.5,93.7,93.6,7,95.6
4705804,6.3,42.4,48,5.6,25,5.4,98.3,98.3,19.4,88.6
4705805,8,17.5,NA,0,31.2,7.5,73.1,NA,7,91.4
4705806,5,43.2,50,0,43.3,3.4,98.4,98.9,7,95.8
4705807,55,NA,NA,0,0,99.5,NA,NA,7,6.1
4705808,25,NA,NA,0,0,60.4,NA,NA,7,6.1
4705814,NA,NA,NA,NA,NA,NA,NA,NA,NA,NA
4705815,NA,NA,NA,NA,NA,NA,NA,NA,NA,NA
4705818,NA,NA,NA,NA,NA,NA,NA,NA,NA,NA
4705823,NA,NA,NA,NA,NA,NA,NA,NA,NA,NA
4705824,NA,NA,NA,NA,NA,NA,NA,NA,NA,NA
4705828,NA,NA,NA,NA,NA,NA,NA,NA,NA,NA
4706001,14.3,20,36,34.6,7.7,18,82,91.5,76.2,48.6
4706002,33.3,14.4,22,22.2,8.9,87.7,56.8,59.1,50.3,57.8
4706003,16.7,NA,NA,42.9,28.6,25.1,NA,NA,87.6,90.2
4706004,15,7.8,14,28.3,3.8,19.6,14.4,28,63.3,17.1
4706006,20.5,NA,NA,30,0,40.2,NA,NA,67.2,6.1
4706007,16.7,7.2,18,27.8,5.6,25.1,11.6,44,62.5,30.4
4706008,13.7,6.8,16,29.2,0,16.5,9.6,36.3,65.4,6.1
4706009,22.2,NA,NA,35.3,11.8,48.4,NA,NA,77.3,71.5
4706011,17.9,5.2,10,31.3,11.9,29.4,3.4,11.7,69.5,71.9
4706013,16.7,5,NA,45.5,9.1,25.1,2.8,NA,90.1,58.9
4706014,5.8,NA,NA,31.2,25,4.8,NA,NA,69.3,88.6
4706016,24,12,NA,35,10,55.7,41.4,NA,76.9,64.5
4706017,16.8,8,8,22,9.8,25.6,15.3,5.4,49.7,63.1
4706018,19.4,NA,NA,53.3,0,35.4,NA,NA,95.2,6.1
4706019,20,NA,NA,28.6,0,38,NA,NA,64.1,6.1
4706021,20.5,11,14,29.6,0,40.2,34.4,28,66.3,6.1
4706022,13.3,NA,NA,0,0,15.4,NA,NA,7,6.1
4706023,9.9,3.8,12,26.2,9.5,10.2,0.8,19.5,59.6,61.4
4706026,12.7,8,9,21.4,3.6,14.3,15.3,8.2,48.5,16.2
4706027,15.5,10.8,10.5,19.8,7.3,21.1,32.8,13.5,44.6,45.2
4706028,7.4,5.6,NA,10.3,0,6.8,4.4,NA,26.9,6.1
4706029,14.6,3.7,6.6,11.2,7.3,18.6,0.7,2.8,28.8,45.2
4706030,8.2,2.6,4.5,1.3,2.1,7.7,0.2,0.5,14.3,12.7
4706031,11.4,2.3,3.2,5.2,2.6,12.3,0.1,0.2,18.9,13.4
4706032,10.3,3.8,10,15.2,4.8,10.9,0.8,11.7,35,23.7
4706033,8.3,NA,NA,25,25,7.9,NA,NA,56.8,88.6
4706034,19.1,8.6,15,25.3,6.3,34.4,18.8,31.9,57.8,37.1
4706036,20,17.2,20,26.4,13.2,38,71.8,52,60,75.5
4706037,12.8,6.8,16,16.1,6.5,14.4,9.6,36.3,36.9,38.4
4706038,20.8,22,20,25,7.1,41.4,86.4,52,56.8,43.5
4706039,26.8,12.9,18,36.9,5.4,67.6,47.5,44,79.9,28.6
4706041,16,NA,NA,45.5,27.3,22.7,NA,NA,90.1,89.7
4706042,23.5,18,10,34.4,15.6,53.6,75.1,11.7,75.9,80.5
4706045,31.9,NA,NA,18.2,0,84.3,NA,NA,41,6.1
4706046,15.8,NA,NA,42.9,19,22,NA,NA,87.6,84.3
4706047,27.6,20,26,36.4,12.7,70.6,82,72.5,79.1,74.2
4706048,31.5,7.4,12,15.1,2.3,83.4,12.6,19.5,34.8,12.9
4706049,24.4,NA,NA,45,15,57.5,NA,NA,89.7,79.8
4706050,44.9,5.2,3,9.3,3.7,98.2,3.4,0.1,25.4,16.6
4706051,29.7,15.9,21.6,25.3,10.6,78.2,65,57.4,57.8,67
4706052,42.9,NA,NA,18.8,0,97.4,NA,NA,42.4,6.1
4706053,19.1,6,9,9.4,6.7,34.4,5.6,8.2,25.5,40.1
4706054,8.3,NA,NA,33.3,0,7.9,NA,NA,73.8,6.1
4706055,24,4.4,7,12.7,7.3,55.7,1.7,3.2,30.9,45.2
4706056,20.6,7.4,10,20,7.9,40.6,12.6,11.7,45.1,50.2
4706057,66.7,NA,NA,60,0,99.8,NA,NA,97.9,6.1
4706058,25.5,7.1,9,23.2,10.4,62.8,11.1,8.2,52.9,66.2
4706059,22,10.4,18,15,7.5,47.4,30.5,44,34.7,47
4706060,26.7,NA,NA,0,0,67.1,NA,NA,7,6.1
4706061,16.1,9.5,18,38.1,7.1,23.1,24.3,44,81.7,43.5
4706062,25,NA,NA,NA,NA,60.4,NA,NA,NA,NA
4706063,21.5,6.8,6,40.9,0,45.1,9.6,1.9,85.2,6.1
4706064,15.8,NA,NA,55.6,0,22,NA,NA,96.3,6.1
4706065,50,NA,NA,25,0,99.2,NA,NA,56.8,6.1
4706067,28.6,NA,NA,36.8,15.8,74.4,NA,NA,79.8,80.8
4706068,23.1,NA,NA,25,37.5,52,NA,NA,56.8,93.8
4706069,29.2,NA,NA,0,0,76.5,NA,NA,7,6.1
4706070,16.9,12.6,12,24.4,9.3,26,45.3,19.5,55.4,60.2
4706071,27.8,8.4,9.5,13.3,8.4,71.2,17.4,9.6,32.1,54.3
4706072,21.9,7.2,12,6.9,6.9,46.9,11.6,19.5,21.4,41.6
4706073,28,NA,NA,45.5,0,72,NA,NA,90.1,6.1
4706074,33.5,11.6,16,41,5.1,88.2,38.6,36.3,85.4,26
4706075,32,NA,NA,0,0,84.5,NA,NA,7,6.1
4706076,NA,NA,NA,NA,NA,NA,NA,NA,NA,NA
4706077,31.6,NA,NA,50,0,83.7,NA,NA,93.5,6.1
4706078,17,10,8,33.3,20.8,26.4,28,5.4,73.8,85.8
4706079,37,NA,NA,33.3,8.3,93.3,NA,NA,73.8,53.5
4706080,36.8,NA,NA,0,0,93.1,NA,NA,7,6.1
4706081,28.6,NA,NA,35.7,14.3,74.4,NA,NA,77.9,78.5
4706082,NA,NA,NA,NA,NA,NA,NA,NA,NA,NA
4706085,22.2,NA,NA,0,0,48.4,NA,NA,7,6.1
4706091,17.5,12,12,27.5,5,27.9,41.4,19.5,62,25.2
4706092,19.3,14,22,22.7,6.1,35.1,54.5,59.1,51.5,35.4
4706093,27.3,NA,NA,NA,NA,69.6,NA,NA,NA,NA
4706094,25,12,30,32.7,12.2,60.4,41.4,81.9,72.4,72.8
4706096,26.9,24.4,28,29.7,8.1,68,89.9,77.1,66.5,52
4706097,29.7,NA,NA,42.1,0,78.2,NA,NA,86.8,6.1
4706098,26.8,17.5,20,43.3,10,67.6,73.1,52,88,64.5
4706099,25,NA,NA,20,0,60.4,NA,NA,45.1,6.1
4706809,8.8,51.2,40,4.9,22,8.6,99.5,95.1,18.3,86.5
4706810,11.3,36.4,32,0,38.1,12.2,96.8,86,7,94
4706811,12,34,40,0,21.1,13.1,96.3,95.1,7,85.9
4706812,6.3,43.2,40,0,25.6,5.4,98.4,95.1,7,89.1
4706813,10.9,33.5,30,0,26.3,11.5,96,81.9,7,89.3
4706814,5.7,NA,NA,0,62.5,4.6,NA,NA,7,99.3
4706815,7,NA,NA,0,21.4,6.3,NA,NA,7,86.1
4706816,8.8,33.6,45,6.9,51.7,8.6,96.1,97.6,21.4,98.3
4706818,9.4,NA,NA,20,40,9.6,NA,NA,45.1,94.6
4706820,13.3,NA,NA,0,33.3,15.4,NA,NA,7,92.2
4706828,NA,NA,NA,NA,NA,NA,NA,NA,NA,NA
4706829,NA,NA,NA,NA,NA,NA,NA,NA,NA,NA
4706830,NA,NA,NA,NA,NA,NA,NA,NA,NA,NA
4706831,NA,NA,NA,NA,NA,NA,NA,NA,NA,NA
4707001,19.7,12,14,29.5,4.5,36.7,41.4,28,66.1,21.4
4707004,21.1,NA,NA,0,0,42.9,NA,NA,7,6.1
4707006,25,NA,NA,0,0,60.4,NA,NA,7,6.1
4707008,NA,NA,NA,NA,NA,NA,NA,NA,NA,NA
4707011,30.8,NA,NA,18.8,0,81.3,NA,NA,42.4,6.1
4707012,NA,NA,NA,NA,NA,NA,NA,NA,NA,NA
4707014,14.1,11,NA,31.6,10.5,17.6,34.4,NA,70.1,66.6
4707016,20.7,NA,NA,46.7,0,41,NA,NA,91.2,6.1
4707018,16.4,14,22,38.2,0,24,54.5,59.1,82,6.1
4707020,43.8,NA,NA,0,0,97.7,NA,NA,7,6.1
4707021,17.9,13.2,9,42.9,7.1,29.4,49.9,8.2,87.6,43.5
4707022,13.6,8,NA,26.9,0,16.2,15.3,NA,61,6.1
4707023,9.1,NA,NA,66.7,0,9,NA,NA,99.1,6.1
4707024,16.5,18,20,28.6,14.3,24.3,75.1,52,64.1,78.5
4707026,29.9,16.4,26,33.3,11.1,78.6,67.3,72.5,73.8,69
4707027,39.5,NA,NA,36,12,95.7,NA,NA,78.5,72.2
4707028,NA,NA,NA,NA,NA,NA,NA,NA,NA,NA
4707029,23.1,NA,NA,25,0,52,NA,NA,56.8,6.1
4707031,25,NA,NA,33.3,16.7,60.4,NA,NA,73.8,81.9
4707032,21.9,NA,NA,33.3,22.2,46.9,NA,NA,73.8,86.8
4707034,23.6,12,24,48,16,54.1,41.4,65.9,92.3,81.2
4707036,15.7,10.8,12,33.3,11.1,21.7,32.8,19.5,73.8,69
4707037,9.2,13,10,9.1,13.6,9.3,48.3,11.7,24.9,76.6
4707038,14.9,7,9,28.3,5.1,19.3,10.6,8.2,63.3,26
4707039,21.2,13.2,15,37.5,7.5,43.4,49.9,31.9,80.7,47
4707042,23,8.5,18,44.8,6.9,51.6,18.2,44,89.6,41.6
4707043,10,NA,NA,44.4,0,10.4,NA,NA,89.2,6.1
4707044,16.7,NA,NA,62.5,0,25.1,NA,NA,98.3,6.1
4707045,29,NA,NA,0,0,75.9,NA,NA,7,6.1
4707047,20.5,NA,NA,37.5,0,40.2,NA,NA,80.7,6.1
4707048,45.5,NA,NA,85.7,42.9,98.4,NA,NA,99.9,95.6
4707049,23.1,NA,NA,46.7,20,52,NA,NA,91.2,85.1
4707051,37.8,NA,NA,15.8,0,94.3,NA,NA,36.2,6.1
4707053,22.6,14,12,22.7,9.1,49.9,54.5,19.5,51.5,58.9
4707054,36.1,18.5,24,41.9,14,92.1,76.9,65.9,86.5,77.7
4707058,17.2,NA,NA,46.7,20,27.1,NA,NA,91.2,85.1
4707059,29.6,14,24,20.8,0,77.8,54.5,65.9,47,6.1
4707062,28.6,NA,NA,47.6,0,74.4,NA,NA,92,6.1
4707063,24.1,12.8,14,33.3,20,56.2,46.6,28,73.8,85.1
4707066,27.8,NA,NA,46.7,13.3,71.2,NA,NA,91.2,75.9
4707067,32.1,14.4,17,22.6,9.7,84.8,56.8,40.2,51.3,62.3
4707068,11.8,NA,NA,55.6,0,12.8,NA,NA,96.3,6.1
4707071,37.2,NA,NA,17.6,0,93.6,NA,NA,39.5,6.1
4707072,50,NA,NA,40,20,99.2,NA,NA,84.3,85.1
4707074,37.5,NA,NA,0,0,94,NA,NA,7,6.1
4707076,22,NA,NA,33.3,0,47.4,NA,NA,73.8,6.1
4707077,23.5,NA,NA,72.7,27.3,53.6,NA,NA,99.6,89.7
4707091,29.1,16,16,8,0,76.2,65.8,36.3,23,6.1
4707092,27.2,14,18,39,12.2,69.2,54.5,44,83.2,72.8
4707093,23.1,NA,NA,NA,NA,52,NA,NA,NA,NA
4708001,17.3,10.1,13.6,21.8,6.1,27.3,29,25.8,49.4,35.4
4708004,22.3,10.5,15.3,28.6,6.2,48.8,31.3,33.2,64.1,36.3
4708006,22.8,12,10,37.5,12.5,50.7,41.4,11.7,80.7,73.7
4708008,20,NA,NA,33.3,0,38,NA,NA,73.8,6.1
4708009,21.6,NA,NA,38.9,11.1,45.6,NA,NA,83,69
4708011,24.3,12.8,17,39.5,9.9,57.1,46.6,40.2,83.8,63.8
4708012,38.7,NA,NA,55.6,0,95,NA,NA,96.3,6.1
4708016,20,NA,NA,22.2,0,38,NA,NA,50.3,6.1
4708018,NA,NA,NA,NA,NA,NA,NA,NA,NA,NA
4708021,18.2,NA,NA,35.7,0,30.7,NA,NA,77.9,6.1
4708022,21.7,NA,NA,0,0,46.1,NA,NA,7,6.1
4708024,11.6,NA,NA,20,0,12.5,NA,NA,45.1,6.1
4708026,13.5,17,20,37.5,0,15.9,70.6,52,80.7,6.1
4708028,24.4,NA,NA,38.5,0,57.5,NA,NA,82.4,6.1
4708029,22.2,NA,NA,0,0,48.4,NA,NA,7,6.1
4708031,25.3,13.6,14,27.6,13.8,62,52.2,28,62.2,77.1
4708032,28,17,18,31.7,14.6,72,70.6,44,70.4,79.2
4708034,20.8,NA,NA,81.8,0,41.4,NA,NA,99.9,6.1
4708036,11.1,NA,NA,NA,NA,11.9,NA,NA,NA,NA
4708038,17.4,13.6,12,35.5,6.5,27.6,52.2,19.5,77.6,38.4
4708039,19,NA,NA,54.5,0,34,NA,NA,95.7,6.1
4708042,26.1,8,13,25.9,12.1,64.8,15.3,23.7,59,72.5
4708044,33.7,18,12,37.2,11.6,88.5,75.1,19.5,80.2,70.8
4708046,19.7,NA,NA,30,0,36.7,NA,NA,67.2,6.1
4708048,42.1,NA,NA,53.8,0,97.2,NA,NA,95.5,6.1
4708049,16.7,NA,NA,40,0,25.1,NA,NA,84.3,6.1
4708053,17.6,NA,NA,33.3,13.3,28.3,NA,NA,73.8,75.9
4708054,33.3,NA,NA,42.9,0,87.7,NA,NA,87.6,6.1
4708056,15.8,16,NA,20,0,22,65.8,NA,45.1,6.1
4708057,17.4,NA,NA,71.4,0,27.6,NA,NA,99.5,6.1
4708058,20.5,10.6,16,43.2,9.5,40.2,31.7,36.3,88,61.4
4708059,NA,NA,NA,NA,NA,NA,NA,NA,NA,NA
4708061,19,NA,NA,0,0,34,NA,NA,7,6.1
4708062,28.3,15.2,26,30.8,0,73.2,61.4,72.5,68.7,6.1
4708065,21.4,12,12,25,14.3,44.5,41.4,19.5,56.8,78.5
4708068,21,9.6,20,38.1,14.3,42.2,25.2,52,81.7,78.5
4708071,15.5,7.6,20,47.6,23.8,21.1,13.6,52,92,87.7
4708074,26.8,10.4,9,28.6,8.6,67.6,30.5,8.2,64.1,55.8
4708076,24.2,13.4,14,47.1,5.9,56.6,51,28,91.5,33.5
4708092,16.1,12.4,NA,38.2,5.9,23.1,44.1,NA,82,33.5
4708094,33,12.8,16,38.5,12.8,86.7,46.6,36.3,82.4,74.5
4709001,27.5,27.6,36,35.7,7.1,70.3,92.8,91.5,77.9,43.5
4709002,31.3,NA,NA,57.1,0,82.9,NA,NA,97,6.1
4709006,19.9,8.8,15,32.4,8.5,37.5,20.1,31.9,71.9,54.9
4709009,10,NA,NA,58.3,25,10.4,NA,NA,97.4,88.6
4709011,19.7,9.2,14,22.4,5.9,36.7,22.9,28,50.9,33.5
4709012,21.1,12.7,20.9,26,6.6,42.9,45.8,55.2,59.2,39.2
4709014,13.5,NA,NA,18.8,12.5,15.9,NA,NA,42.4,73.7
4709016,19.8,10.4,18,37.5,5,37.1,30.5,44,80.7,25.2
4709019,23,17.5,34,43.8,21.9,51.6,73.1,88.9,88.5,86.4
4709023,31.1,30.4,34,46.7,6.7,82.2,94.7,88.9,91.2,40.1
4709024,40,NA,NA,57.1,14.3,96.2,NA,NA,97,78.5
4709028,30.2,19,24,35.3,14.7,79.4,78.8,65.9,77.3,79.4
4709029,31.2,14,7.6,21.2,10.6,82.5,54.5,4.2,48,67
4709032,28.5,21.5,31.4,36.7,13.3,73.9,85.3,84.7,79.6,75.9
4709033,25,21.6,22,39.5,25.6,60.4,85.6,59.1,83.8,89.1
4709037,32.5,13.2,13,19.6,7.8,85.9,49.9,23.7,44.2,49.5
4709038,31.3,NA,NA,44.4,0,82.9,NA,NA,89.2,6.1
4709039,27,19.5,29.2,40.3,13.8,68.4,80,80.3,84.7,77.1
4709042,35,NA,NA,25,0,90.6,NA,NA,56.8,6.1
4709044,29.4,31.6,36,48.3,13.8,77.1,95.2,91.5,92.5,77.1
4709046,24.5,13.2,14,45.5,0,58,49.9,28,90.1,6.1
4709049,28.8,32.5,18,50,20.6,75.1,95.5,44,93.5,85.7
4709053,29.2,NA,NA,25,12.5,76.5,NA,NA,56.8,73.7
4709054,24.5,19.5,30,23.8,14.3,58,80,81.9,54.2,78.5
4709056,35.7,NA,NA,40,0,91.7,NA,NA,84.3,6.1
4709058,27.3,NA,NA,36.4,0,69.6,NA,NA,79.1,6.1
4709060,25.5,29.6,36,31.1,13.3,62.8,94,91.5,69.1,75.9
4709061,20,NA,NA,28.6,0,38,NA,NA,64.1,6.1
4709062,24.4,23.4,31,23.7,10.5,57.5,88.8,84,53.9,66.6
4709064,34,21,35,27.6,7.1,89.1,84.5,90.1,62.2,43.5
4709065,25,NA,NA,22.2,22.2,60.4,NA,NA,50.3,86.8
4709066,27.7,16,25,32.8,3.3,70.8,65.8,69.6,72.5,15.1
4709067,23.6,21.2,28,38,16,54.1,85,77.1,81.5,81.2
4709069,27.8,NA,NA,37.5,0,71.2,NA,NA,80.7,6.1
4709071,33.3,NA,NA,36.4,18.2,87.7,NA,NA,79.1,83.6
4709072,42.9,22,33,33.3,12.8,97.4,86.4,87.7,73.8,74.5
4709075,25,24,34,46.2,7.7,60.4,89.5,88.9,90.7,48.6
4709076,NA,NA,NA,NA,NA,NA,NA,NA,NA,NA
4709819,9.4,44.4,32,0,37.3,9.6,98.6,86,7,93.6
4709820,5.8,54.2,45,0,41.9,4.8,99.6,97.6,7,95.3
4709821,3.4,NA,NA,0,50,1.4,NA,NA,7,97.7
4709822,NA,NA,NA,NA,NA,NA,NA,NA,NA,NA
4709824,NA,NA,NA,NA,NA,NA,NA,NA,NA,NA
4709826,NA,NA,NA,NA,NA,NA,NA,NA,NA,NA
4709828,NA,NA,NA,NA,NA,NA,NA,NA,NA,NA
4709830,NA,NA,NA,NA,NA,NA,NA,NA,NA,NA
4709832,NA,NA,NA,NA,NA,NA,NA,NA,NA,NA
4710002,22.2,NA,NA,28.6,42.9,48.4,NA,NA,64.1,95.6
4710003,30.3,21,28,22.6,9.7,79.6,84.5,77.1,51.3,62.3
4710004,36.6,22.8,35.5,31.9,8.3,92.8,87.7,90.5,70.9,53.5
4710008,31.6,30,32,17.5,17.5,83.7,94.3,86,39.2,82.9
4710009,30.6,NA,NA,33.3,11.1,80.6,NA,NA,73.8,69
4710011,NA,NA,NA,NA,NA,NA,NA,NA,NA,NA
4710014,16.2,32,24,13,8.7,23.4,95.4,65.9,31.5,56.5
4710022,33.3,NA,NA,50,0,87.7,NA,NA,93.5,6.1
4710024,23.6,16.8,16,36.6,9.8,54.1,69.5,36.3,79.4,63.1
4710027,22.8,8.4,12,30,8,50.7,17.4,19.5,67.2,51.1
4710028,23.5,NA,NA,0,22.2,53.6,NA,NA,7,86.8
4710029,16.3,NA,NA,38.5,15.4,23.7,NA,NA,82.4,80.3
4710031,33.8,20,28,28.2,7.7,88.7,82,77.1,63.1,48.6
4710034,50,NA,NA,NA,NA,99.2,NA,NA,NA,NA
4710035,36.4,NA,NA,0,0,92.5,NA,NA,7,6.1
4710036,32.7,20.8,14,35.4,8.3,86.2,83.9,28,77.5,53.5
4710038,29.5,18.8,28,31.5,2.8,77.5,78,77.1,69.8,13.7
4710041,25.3,15.6,18,27.3,12.1,62,63.7,44,61.6,72.5
4710043,27.8,NA,NA,54.5,18.2,71.2,NA,NA,95.7,83.6
4710046,28.8,14.4,12,30.8,5.1,75.1,56.8,19.5,68.7,26
4710047,25.5,15,30.4,32.7,6.8,62.8,60.3,83.3,72.4,40.9
4710052,25,NA,NA,43.8,0,60.4,NA,NA,88.5,6.1
4710054,40.9,NA,NA,50,25,96.7,NA,NA,93.5,88.6
4710056,16.3,12.8,14,19.4,13.9,23.7,46.6,28,43.8,77.5
4710058,13.7,12.8,24,45,5,16.5,46.6,65.9,89.7,25.2
4710061,20.3,15.2,16,45.5,0,39.4,61.4,36.3,90.1,6.1
4710062,30.5,12.4,19,28.4,4.5,80.3,44.1,47.7,63.6,21.4
4710064,29.3,13.6,28,31.4,11.4,76.8,52.2,77.1,69.7,70
4710066,26,16.5,14,34.5,17.2,64.4,68,28,76.1,82.6
4710068,32.4,15.7,24,27.3,3.3,85.6,64.4,65.9,61.6,15.1
4710071,28.4,14.2,16,25,6.9,73.6,55.7,36.3,56.8,41.6
4710072,33.3,NA,NA,71.4,0,87.7,NA,NA,99.5,6.1
4710801,NA,NA,NA,NA,NA,NA,NA,NA,NA,NA
4710822,8.2,60.4,45,0,40.6,7.7,99.8,97.6,7,94.9
4710823,8.5,50.2,40,4.3,34,8.2,99.3,95.1,17.4,92.7
4710824,13.8,NA,NA,0,16.7,16.8,NA,NA,7,81.9
4710825,6.7,46.4,32,0,50,6,98.9,86,7,97.7
4710826,6.9,43.2,40,6.5,16.1,6.2,98.4,95.1,20.8,81.3
4710828,NA,NA,NA,NA,NA,NA,NA,NA,NA,NA
4710832,NA,NA,NA,NA,NA,NA,NA,NA,NA,NA
4710834,NA,NA,NA,NA,NA,NA,NA,NA,NA,NA
4710836,NA,NA,NA,NA,NA,NA,NA,NA,NA,NA
4710838,NA,NA,NA,NA,NA,NA,NA,NA,NA,NA
4710840,NA,NA,NA,NA,NA,NA,NA,NA,NA,NA
4710842,NA,NA,NA,NA,NA,NA,NA,NA,NA,NA
4710843,NA,NA,NA,NA,NA,NA,NA,NA,NA,NA
4710845,NA,NA,NA,NA,NA,NA,NA,NA,NA,NA
4710846,NA,NA,NA,NA,NA,NA,NA,NA,NA,NA
4710847,NA,NA,NA,NA,NA,NA,NA,NA,NA,NA
4710848,NA,NA,NA,NA,NA,NA,NA,NA,NA,NA
4710849,NA,NA,NA,NA,NA,NA,NA,NA,NA,NA
4710850,NA,NA,NA,NA,NA,NA,NA,NA,NA,NA
4710851,NA,NA,NA,NA,NA,NA,NA,NA,NA,NA
4710852,NA,NA,NA,NA,NA,NA,NA,NA,NA,NA
4711002,26.3,NA,NA,33.3,0,65.7,NA,NA,73.8,6.1
4711003,26.5,20,22,36.7,10,66.4,82,59.1,79.6,64.5
4711004,35,NA,NA,57.1,14.3,90.6,NA,NA,97,78.5
4711006,27.8,NA,NA,50,0,71.2,NA,NA,93.5,6.1
4711007,62.5,NA,NA,NA,NA,99.8,NA,NA,NA,NA
4711008,32,18.5,22,55.9,17.6,84.5,76.9,59.1,96.5,83
4711009,28.6,NA,NA,22.2,0,74.4,NA,NA,50.3,6.1
4711011,21.6,7.6,NA,40,15,45.6,13.6,NA,84.3,79.8
4711014,27.8,13.4,19.5,36.2,8.5,71.2,51,49,78.7,54.9
4711016,18.6,NA,NA,33.3,11.1,32.3,NA,NA,73.8,69
4711018,21.1,10.8,NA,37,0,42.9,32.8,NA,80,6.1
4711019,33.3,8.5,14,33.3,5.6,87.7,18.2,28,73.8,30.4
4711021,26.3,NA,NA,36.4,0,65.7,NA,NA,79.1,6.1
4711022,18.2,NA,NA,57.1,0,30.7,NA,NA,97,6.1
4711024,30,NA,NA,85.7,42.9,78.9,NA,NA,99.9,95.6
4711026,17.9,19.6,28,16.7,0,29.4,80.7,77.1,37.7,6.1
4711027,28.4,12.5,19.2,21.4,4.5,73.6,44.8,48.4,48.5,21.4
4711028,10.5,NA,NA,42.9,0,11.1,NA,NA,87.6,6.1
4711029,13.3,NA,NA,NA,NA,15.4,NA,NA,NA,NA
4711031,15.6,9.6,10,26.7,6.7,21.3,25.2,11.7,60.6,40.1
4711032,20.4,10.8,14,18.4,10.2,39.8,32.8,28,41.5,65.5
4711034,23.6,9.5,16,19,0,54.1,24.3,36.3,42.8,6.1
4711036,20.3,12,20,48,8,39.4,41.4,52,92.3,51.1
4711038,14.3,NA,NA,75,50,18,NA,NA,99.7,97.7
4711039,22,NA,NA,31.6,15.8,47.4,NA,NA,70.1,80.8
4711041,26.9,NA,NA,33.3,0,68,NA,NA,73.8,6.1
4711042,25,NA,NA,60,0,60.4,NA,NA,97.9,6.1
4711044,28.9,18.5,19,42.9,22.9,75.5,76.9,47.7,87.6,87.2
4711046,23.5,12.4,22,51.3,10.3,53.6,44.1,59.1,94.4,65.8
4711048,20.5,NA,NA,11.1,0,40.2,NA,NA,28.6,6.1
4711049,22.4,9.2,13,17.2,6,49.1,22.9,23.7,38.7,34.4
4711052,22.6,10,28,37.5,8.3,49.9,28,77.1,80.7,53.5
4711053,27.4,12.4,21.2,25.3,2.9,70,44.1,56.8,57.8,13.9
4711054,45.2,22,17,20.9,4.7,98.3,86.4,40.2,47.2,22.9
4711056,23.5,19,24,37.5,8.3,53.6,78.8,65.9,80.7,53.5
4711058,NA,NA,NA,NA,NA,NA,NA,NA,NA,NA
4711059,18,NA,NA,25,33.3,29.8,NA,NA,56.8,92.2
4711060,18.2,NA,NA,0,0,30.7,NA,NA,7,6.1
4711061,6.7,6.5,16,7.2,3.2,6,8.1,36.3,22,14.8
4711063,11.1,8.4,14,38.9,14.8,11.9,17.4,28,83,79.6
4711064,14.3,4.5,NA,0,11.1,18,1.9,NA,7,69
4711065,17.7,7.5,8.6,11.4,5,28.6,13.1,7.1,29.2,25.2
4711066,15.2,11.8,11.9,15.9,4.2,20.1,40,17.8,36.5,19.5
4711067,15.1,7.3,11,19.8,4.5,19.8,12.1,15.1,44.6,21.4
4711068,12.2,5.9,13.8,1.6,1.4,13.5,5.2,26.3,14.5,12.3
4711069,15.6,8.4,11,12.7,10.7,21.3,17.4,15.1,30.9,67.5
4711070,7.6,5.1,9.6,2.5,1.9,7,3.1,10,15.4,12.5
4711071,12.1,NA,NA,33.3,0,13.3,NA,NA,73.8,6.1
4711072,13.6,15.2,16,28.6,3.6,16.2,61.4,36.3,64.1,16.2
4711073,13.9,5.3,9,10.6,8.1,17,3.7,8.2,27.5,52
4711075,12,5.2,15,4.8,2.4,13.1,3.4,31.9,18.1,13.1
4711076,19.6,8,NA,45.5,0,36.2,15.3,NA,90.1,6.1
4711077,8.9,6,20,0,0,8.8,5.6,52,7,6.1
4711078,21.1,NA,NA,62.5,50,42.9,NA,NA,98.3,97.7
4711079,18,11.6,14,34.3,8.6,29.8,38.6,28,75.6,55.8
4711091,20.3,10,8,45.8,8.3,39.4,28,5.4,90.5,53.5
4711092,14,11,10,36,12,17.3,34.4,11.7,78.5,72.2
4711094,41.7,NA,NA,0,0,97,NA,NA,7,6.1
4711096,13.6,8.4,NA,29.3,7.3,16.2,17.4,NA,65.7,45.2
4711828,5.8,22,50,0,15.6,4.8,86.4,98.9,7,80.5
4712001,18.3,NA,NA,31.6,0,31.1,NA,NA,70.1,6.1
4712004,19.6,5.6,6,30.8,11.5,36.2,4.4,1.9,68.7,70.4
4712006,27.1,10.6,16.4,28.8,10.8,68.8,31.7,38.4,64.7,67.9
4712008,26.7,NA,NA,60,40,67.1,NA,NA,97.9,94.6
4712011,21.4,NA,NA,23.1,15.4,44.5,NA,NA,52.6,80.3
4712012,36.7,NA,NA,64.3,21.4,93,NA,NA,98.7,86.1
4712014,30.8,NA,NA,NA,NA,81.3,NA,NA,NA,NA
4712016,35.8,14,14,53.8,11.5,91.9,54.5,28,95.5,70.4
4712019,30.8,NA,NA,50,0,81.3,NA,NA,93.5,6.1
4712020,15.8,13.6,6,42.1,13.2,22,52.2,1.9,86.8,75.5
4712022,29.4,NA,NA,53.3,13.3,77.1,NA,NA,95.2,75.9
4712026,16.2,8.4,14,32,10,23.4,17.4,28,71.2,64.5
4712029,22,NA,NA,38.9,0,47.4,NA,NA,83,6.1
4712031,NA,NA,NA,NA,NA,NA,NA,NA,NA,NA
4712032,36.8,NA,NA,42.1,0,93.1,NA,NA,86.8,6.1
4712034,23.2,11,16,37.5,8.3,52.4,34.4,36.3,80.7,53.5
4712038,14.1,7.2,8,31.8,13.6,17.6,11.6,5.4,70.7,76.6
4712042,18.6,12,12,32.1,9.4,32.3,41.4,19.5,71.4,60.8
4712046,26.5,13.6,16,35.6,5.3,66.4,52.2,36.3,77.7,27.7
4712050,13.7,12.8,10,29.2,12.5,16.5,46.6,11.7,65.4,73.7
4712051,22.2,16.5,20,38.9,8.3,48.4,68,52,83,53.5
4712052,25,NA,NA,NA,NA,60.4,NA,NA,NA,NA
4712054,19.6,8.2,8.4,12.9,10.3,36.2,16.4,6.5,31.3,65.8
4712056,15.5,10.8,20,20.9,5.8,21.1,32.8,52,47.2,32.6
4712058,13.7,7.6,20,17.9,5.1,16.5,13.6,52,40.1,26
4712059,13.6,12.4,24,26,8,16.2,44.1,65.9,59.2,51.1
4712064,18.8,22.8,18,44.7,5.3,33.1,87.7,44,89.5,27.7
4712069,26.8,NA,NA,20,0,67.6,NA,NA,45.1,6.1
4712072,26.5,NA,NA,50,16.7,66.4,NA,NA,93.5,81.9
4712078,24.3,8,13,15.9,15.9,57.1,15.3,23.7,36.5,81
4712079,21.5,9.1,14,13.1,9.4,45.1,22.3,28,31.7,60.8
4712829,10.1,25.2,20,5.9,47.1,10.7,90.7,52,19.8,96.7
4712830,8,NA,NA,0,63.6,7.5,NA,NA,7,99.5
4712832,11.1,NA,NA,0,69.2,11.9,NA,NA,7,99.8
4712833,9.6,36.8,28,5.4,56.8,10,96.9,77.1,19.3,98.7
4712837,NA,NA,NA,NA,NA,NA,NA,NA,NA,NA
4712870,NA,NA,NA,NA,NA,NA,NA,NA,NA,NA
4713002,11.1,NA,NA,36.4,0,11.9,NA,NA,79.1,6.1
4713004,NA,NA,NA,NA,NA,NA,NA,NA,NA,NA
4713006,16.5,8.8,8,30,14.3,24.3,20.1,5.4,67.2,78.5
4713008,17.3,8.7,12.8,22.7,5.7,27.3,19.3,23,51.5,31.5
4713009,15.4,NA,NA,50,0,20.7,NA,NA,93.5,6.1
4713011,18,NA,NA,40,26.7,29.8,NA,NA,84.3,89.5
4713014,13.3,NA,NA,0,0,15.4,NA,NA,7,6.1
4713016,24,NA,NA,36.4,0,55.7,NA,NA,79.1,6.1
4713019,16,NA,NA,30,0,22.7,NA,NA,67.2,6.1
4713021,NA,NA,NA,NA,NA,NA,NA,NA,NA,NA
4713022,NA,NA,NA,NA,NA,NA,NA,NA,NA,NA
4713024,20.9,NA,NA,11.8,0,41.8,NA,NA,29.8,6.1
4713026,17.9,10,10,29.2,20.8,29.4,28,11.7,65.4,85.8
4713028,13,8,NA,33.3,12.5,14.8,15.3,NA,73.8,73.7
4713029,20.9,NA,NA,29.4,11.8,41.8,NA,NA,65.9,71.5
4713031,28,NA,NA,20,0,72,NA,NA,45.1,6.1
4713032,28.3,NA,NA,38.1,14.3,73.2,NA,NA,81.7,78.5
4713038,13.8,NA,NA,29.4,0,16.8,NA,NA,65.9,6.1
4713039,NA,NA,NA,NA,NA,NA,NA,NA,NA,NA
4713041,18.9,10,NA,9.1,0,33.6,28,NA,24.9,6.1
4713042,21.6,13.4,15,40.2,11,45.6,51,31.9,84.7,68.5
4713044,24.1,16.4,20,32.8,5.2,56.2,67.3,52,72.5,26.8
4713046,19.1,NA,NA,14.3,9.5,34.4,NA,NA,33.5,61.4
4713049,15.5,8.8,8,22.4,6.1,21.1,20.1,5.4,50.9,35.4
4713051,14.8,8,16,21,9,19,15.3,36.3,47.4,58.3
4713053,NA,NA,NA,NA,NA,NA,NA,NA,NA,NA
4713054,25,NA,NA,33.3,0,60.4,NA,NA,73.8,6.1
4713056,21.8,18.5,24,28.1,12.5,46.6,76.9,65.9,62.9,73.7
4713059,12.5,NA,NA,23.5,0,14,NA,NA,53.6,6.1
4713062,26.7,NA,NA,62.5,37.5,67.1,NA,NA,98.3,93.8
4713064,24.4,NA,NA,25,0,57.5,NA,NA,56.8,6.1
4713067,30.8,NA,NA,33.3,0,81.3,NA,NA,73.8,6.1
4713068,19,9,10,25.7,5.7,34,21.6,11.7,58.7,31.5
4713069,23.8,13.2,24,34.3,4.9,54.9,49.9,65.9,75.6,24.5
4713072,18.2,12,16,29.6,11.1,30.7,41.4,36.3,66.3,69
4713074,22.8,9.8,13.2,24,5.3,50.7,26.6,24.8,54.8,27.7
4713076,25,NA,NA,41.2,11.8,60.4,NA,NA,85.6,71.5
4713078,NA,NA,NA,NA,NA,NA,NA,NA,NA,NA
4713079,20.8,11.6,12,25.6,11.6,41.4,38.6,19.5,58.5,70.8
4713091,17.9,16,25,37.5,16.7,29.4,65.8,69.6,80.7,81.9
4713092,16,18,12,42.9,10.7,22.7,75.1,19.5,87.6,67.5
4713094,13.5,17,12,29,12.9,15.9,70.6,19.5,65.1,74.7
4713096,28.9,9.5,8,27.6,0,75.5,24.3,5.4,62.2,6.1
4713098,21.8,28,28,35.6,15.6,46.6,93.1,77.1,77.7,80.5
4713835,10.6,61.2,60,5.4,59.5,11.3,99.8,99.7,19.3,99
4713836,9.7,47.6,38,7.5,47.5,10.1,99.1,93.6,22.4,96.8
4714001,26.2,13.4,17,10.1,11.1,65.2,51,40.2,26.6,69
4714004,30.4,14.3,21.2,23,5,80,56.2,56.8,52.3,25.2
4714006,27.9,19.6,24,19,4.8,71.7,80.7,65.9,42.8,23.7
4714007,30.5,17.6,29,22.4,5.3,80.3,73.8,79.8,50.9,27.7
4714009,40,NA,NA,71.4,0,96.2,NA,NA,99.5,6.1
4714021,31.5,15.2,18,35.3,5.9,83.4,61.4,44,77.3,33.5
4714022,38.2,15.6,20,23.6,3.4,94.5,63.7,52,53.8,15.4
4714023,36.1,22,28,25.6,7.7,92.1,86.4,77.1,58.5,48.6
4714024,29.4,NA,NA,31.6,0,77.1,NA,NA,70.1,6.1
4714025,NA,NA,NA,NA,NA,NA,NA,NA,NA,NA
4714026,21.4,19.6,10,34.4,12.5,44.5,80.7,11.7,75.9,73.7
4714028,21.4,NA,NA,37.5,12.5,44.5,NA,NA,80.7,73.7
4714030,18.8,NA,NA,66.7,33.3,33.1,NA,NA,99.1,92.2
4714032,27.7,15.8,31,34.4,4.7,70.8,64.7,84,75.9,22.9
4714034,25.8,15.6,26,20.5,10.3,63.8,63.7,72.5,46.4,65.8
4714035,26.7,11.6,17,34.5,10.9,67.1,38.6,40.2,76.1,68.2
4714036,25.8,NA,NA,31.2,18.8,63.8,NA,NA,69.3,84.2
4714038,34.8,16.4,16.5,31.9,9.7,90.2,67.3,38.8,70.9,62.3
4714039,NA,NA,NA,NA,NA,NA,NA,NA,NA,NA
4714041,24.1,NA,NA,37.5,18.8,56.2,NA,NA,80.7,84.2
4714043,21.5,7.4,9,25.7,8.6,45.1,12.6,8.2,58.7,55.8
4714044,28.7,13.3,25.8,17.8,4,74.8,50.6,71.2,39.9,18.2
4714047,21.6,10.4,12,34.9,11.1,45.6,30.5,19.5,76.7,69
4714048,NA,NA,NA,NA,NA,NA,NA,NA,NA,NA
4714049,28,20,22,47.2,11.1,72,82,59.1,91.7,69
4714051,23.9,13.1,22,19.8,5.2,55.3,49.1,59.1,44.6,26.8
4714053,27,10,12,36.1,16.4,68.4,28,19.5,78.6,81.5
4714056,24.5,11.6,22,34.1,17.1,58,38.6,59.1,75.3,82.4
4714058,30.8,NA,NA,28.6,0,81.3,NA,NA,64.1,6.1
4714059,29.9,10,18,29,9.7,78.6,28,44,65.1,62.3
4714061,20,NA,NA,40,15,38,NA,NA,84.3,79.8
4714062,35.1,NA,NA,23.1,7.7,90.8,NA,NA,52.6,48.6
4714067,19.6,12.8,18,15.7,15.7,36.2,46.6,44,35.9,80.7
4714068,33.3,NA,NA,0,0,87.7,NA,NA,7,6.1
4714069,24.2,13.8,26,16.5,4.7,56.6,53.4,72.5,37.4,22.9
4714072,25.9,7.8,9,19.5,6.5,64.1,14.4,8.2,43.9,38.4
4714073,17.6,NA,NA,50,0,28.3,NA,NA,93.5,6.1
4714074,27.8,NA,NA,38.9,11.1,71.2,NA,NA,83,69
4714076,23.1,20.2,23,29.4,3.9,52,82.7,62.3,65.9,17.7
4714077,27.5,13.6,21,27.5,12.8,70.3,52.2,55.9,62,74.5
4714079,24.6,19.5,26,44.4,13.9,58.3,80,72.5,89.2,77.5
4714091,22.2,NA,NA,0,0,48.4,NA,NA,7,6.1
4714092,26.1,23,44,22.2,11.1,64.8,88.1,97,50.3,69
4714093,39.4,NA,NA,33.3,0,95.6,NA,NA,73.8,6.1
4714839,2.4,87.2,90,0,47.8,0.8,100,100,7,96.9
4714840,0,48.8,NA,0,56.2,0.2,99.2,NA,7,98.7
4714841,5.3,56,50,0,48.1,3.8,99.7,98.9,7,97
4714842,6.6,52.8,40,0,36.8,5.8,99.5,95.1,7,93.5
4714843,7.1,NA,NA,0,0,6.5,NA,NA,7,6.1
4714845,2,50,50,0,30.4,0.6,99.3,98.9,7,91
4714846,NA,NA,NA,NA,NA,NA,NA,NA,NA,NA
4715001,17.2,10,18,41.8,3.6,27.1,28,44,86.4,16.2
4715002,17.3,12,20,27.3,0,27.3,41.4,52,61.6,6.1
4715003,19,NA,NA,33.3,0,34,NA,NA,73.8,6.1
4715004,23.5,9,16,25.7,0,53.6,21.6,36.3,58.7,6.1
4715005,12.2,NA,NA,33.3,16.7,13.5,NA,NA,73.8,81.9
4715006,12.1,8.5,NA,21.1,15.8,13.3,18.2,NA,47.6,80.8
4715007,17.7,9.4,15,27,5.4,28.6,23.8,31.9,61.2,28.6
4715008,24.5,10,18.2,17.6,3.6,58,28,45.6,39.5,16.2
4715011,15.2,15.2,24,29.7,16.2,20.1,61.4,65.9,66.5,81.4
4715012,28.1,22,34,32.2,5.1,72.4,86.4,88.9,71.6,26
4715014,16.2,15.2,24,25,7.5,23.4,61.4,65.9,56.8,47
4715016,11.4,NA,NA,47.1,0,12.3,NA,NA,91.5,6.1
4715017,10.4,10,28,18.8,9.4,11.1,28,77.1,42.4,60.8
4715018,10.6,5.2,9,9.3,6.2,11.3,3.4,8.2,25.4,36.3
4715019,9.1,9.2,20,17.6,9.8,9,22.9,52,39.5,63.1
4715026,12.3,9.2,14,23.1,6.4,13.6,22.9,28,52.6,37.7
4715027,9.6,7.6,14,21.3,6.6,10,13.6,28,48.2,39.2
4715028,14.1,14.2,20,24.4,5.8,17.6,55.7,52,55.4,32.6
4715029,20.8,16.5,28,26.1,13,41.4,68,77.1,59.4,75
4715031,12.1,14.8,17.5,27.5,6,13.3,59.1,41.7,62,34.4
4715032,24.4,12.7,22,31.2,7,57.5,45.8,59.1,69.3,42.5
4715034,12.4,10.8,28,21.1,4.2,13.7,32.8,77.1,47.6,19.5
4715036,15.1,20,20,15.4,7.7,19.8,82,52,35.4,48.6
4715038,12.5,NA,NA,50,20,14,NA,NA,93.5,85.1
4715039,26.3,7.8,14,20.7,5.2,65.7,14.4,28,46.8,26.8
4715041,29.2,12.6,20,28.4,11.9,76.5,45.3,52,63.6,71.9
4715042,32.1,21,30,20.2,16.7,84.8,84.5,81.9,45.6,81.9
4715043,53.8,NA,NA,0,0,99.5,NA,NA,7,6.1
4715044,38.6,10.4,28,27.9,4.7,95,30.5,77.1,62.6,22.9
4715045,46.2,NA,NA,25,25,98.5,NA,NA,56.8,88.6
4715046,25,NA,NA,50,0,60.4,NA,NA,93.5,6.1
4715047,29.7,NA,NA,22.2,0,78.2,NA,NA,50.3,6.1
4715048,18.8,9.2,14,27.8,5.6,33.1,22.9,28,62.5,30.4
4715049,13.4,6.8,16,26.4,0,15.7,9.6,36.3,60,6.1
4715051,18.3,7.2,6,17.3,0,31.1,11.6,1.9,38.9,6.1
4715052,30.8,NA,NA,NA,NA,81.3,NA,NA,NA,NA
4715054,32.7,16.8,28,31.8,18.2,86.2,69.5,77.1,70.7,83.6
4715057,23.8,10.4,18,38.3,12.3,54.9,30.5,44,82.1,73.1
4715059,22.1,17,18,11.8,17.6,47.8,70.6,44,29.8,83
4715061,18.3,13.8,20,16.9,7.8,31.1,53.4,52,38.1,49.5
4715062,19.8,14.8,18,25,22.2,37.1,59.1,44,56.8,86.8
4715064,16.3,11,14.4,18.5,10,23.7,34.4,30.2,41.7,64.5
4715066,15.9,16.6,15.8,24.2,7.3,22.4,68.6,34.3,55.2,45.2
4715067,22.7,9.2,15,32,6,50.3,22.9,31.9,71.2,34.4
4715068,21.5,10.6,23,25.6,15.6,45.1,31.7,62.3,58.5,80.5
4715070,40.9,5.2,4.4,5.1,0,96.7,3.4,0.4,18.7,6.1
4715071,22.5,10.4,18,34.6,11.5,49.5,30.5,44,76.2,70.4
4715072,40.6,NA,NA,50,25,96.5,NA,NA,93.5,88.6
4715074,29.1,18.4,24,24.5,11.3,76.2,76.4,65.9,55.6,69.8
4715075,37.7,6.7,6.4,7.4,7.4,94.2,9.1,2.4,22.2,46.1
4715076,19.7,14,28,9.5,0,36.7,54.5,77.1,25.7,6.1
4715079,16.3,6,12,10.2,6.1,23.7,5.6,19.5,26.8,35.4
4715085,20,NA,NA,25,0,38,NA,NA,56.8,6.1
4715091,18.2,NA,NA,28.6,0,30.7,NA,NA,64.1,6.1
4715092,29.4,NA,NA,50,12.5,77.1,NA,NA,93.5,73.7
4715094,19.7,6.2,9.2,12.6,6.5,36.7,6.6,8.9,30.7,38.4
4715098,25,NA,NA,18.2,0,60.4,NA,NA,41,6.1
4715099,25.7,10.8,12,13.3,8.9,63.5,32.8,19.5,32.1,57.8
4715820,0,NA,NA,0,66.7,0.2,NA,NA,7,99.6
4715844,3.7,43.2,40,6.5,35.5,1.8,98.4,95.1,20.8,93.1
4715845,8.4,37.8,26,6.7,48.3,8.2,97.2,72.5,21.1,97
4715847,12.1,36,28,4.4,24.4,13.3,96.7,77.1,17.6,88.1
4715848,4.8,38.5,30,14.3,57.1,3.2,97.4,81.9,33.5,98.8
4715849,5.3,47,28,0,26.3,3.8,99,77.1,7,89.3
4715850,9.4,50,50,0,37.5,9.6,99.3,98.9,7,93.8
4715851,2.7,39,NA,0,50,0.8,97.5,NA,7,97.7
4715853,4.8,47.6,NA,0,45.5,3.2,99.1,NA,7,96.3
4715857,NA,NA,NA,NA,NA,NA,NA,NA,NA,NA
4715859,NA,NA,NA,NA,NA,NA,NA,NA,NA,NA
4715860,NA,NA,NA,NA,NA,NA,NA,NA,NA,NA
4715861,NA,NA,NA,NA,NA,NA,NA,NA,NA,NA
4715862,NA,NA,NA,NA,NA,NA,NA,NA,NA,NA
4716002,20,NA,NA,57.1,0,38,NA,NA,97,6.1
4716003,NA,NA,NA,NA,NA,NA,NA,NA,NA,NA
4716004,25,NA,NA,60,20,60.4,NA,NA,97.9,85.1
4716005,20.5,14.8,24,41.9,16.1,40.2,59.1,65.9,86.5,81.3
4716008,26.3,16,16,19.2,11.5,65.7,65.8,36.3,43.3,70.4
4716009,25.8,22.4,26,46.8,8.5,63.8,87.1,72.5,91.3,54.9
4716011,23.2,7.6,20,16,8,52.4,13.6,52,36.8,51.1
4716013,24.6,19.5,20,36.7,13.3,58.3,80,52,79.6,75.9
4716014,34.5,NA,NA,18.8,0,89.7,NA,NA,42.4,6.1
4716016,22.5,28.4,39,45.1,11.8,49.5,93.3,94.2,89.8,71.5
4716018,25.7,15.6,28,14.3,10.7,63.5,63.7,77.1,33.5,67.5
4716019,NA,NA,NA,NA,NA,NA,NA,NA,NA,NA
4716022,33.7,24,26,45.9,24.3,88.5,89.5,72.5,90.5,88
4716023,23.2,22,6,44.4,14.8,52.4,86.4,1.9,89.2,79.6
4716024,21.4,NA,NA,57.1,0,44.5,NA,NA,97,6.1
4716026,NA,NA,NA,NA,NA,NA,NA,NA,NA,NA
4716027,0,NA,NA,NA,NA,0.2,NA,NA,NA,NA
4716028,21.2,8.4,14,25.5,9.8,43.4,17.4,28,58.2,63.1
4716029,18.8,15,16.4,25.3,8.3,33.1,60.3,38.4,57.8,53.5
4716033,26.6,29.2,36,38.2,8.8,66.7,93.7,91.5,82,57.2
4716038,28.4,32,32,25.9,11.1,73.6,95.4,86,59,69
4716041,28.1,16.4,23,20.9,0,72.4,67.3,62.3,47.2,6.1
4716042,33.3,24.4,40,25,5.6,87.7,89.9,95.1,56.8,30.4
4716043,42.9,NA,NA,0,0,97.4,NA,NA,7,6.1
4716044,26.9,NA,NA,47.1,0,68,NA,NA,91.5,6.1
4716046,20.9,11.5,17,14.6,6.5,41.8,37.8,40.2,34.1,38.4
4716047,27.8,11.9,19.5,17.8,5.2,71.2,40.5,49,39.9,26.8
4716051,25.5,17.6,20,25.2,7,62.8,73.8,52,57.5,42.5
4716052,46,21,26,18.2,9.1,98.5,84.5,72.5,41,58.9
4716053,21.5,10,8,45.5,0,45.1,28,5.4,90.1,6.1
4716054,27.3,17.5,32,11.1,0,69.6,73.1,86,28.6,6.1
4716056,24.9,18,21,24.5,8.5,59.5,75.1,55.9,55.6,54.9
4716057,34.2,NA,NA,31.8,13.6,89.4,NA,NA,70.7,76.6
4716058,24.9,16.8,34,16.9,7.9,59.5,69.5,88.9,38.1,50.2
4716059,50,NA,NA,NA,NA,99.2,NA,NA,NA,NA
4716060,71.4,NA,NA,NA,NA,99.9,NA,NA,NA,NA
4716061,24.7,16.5,36,24.2,12.1,58.8,68,91.5,55.2,72.5
4716062,24.5,20.4,24,12.5,14.6,58,83.2,65.9,30.6,79.2
4716063,20.8,NA,NA,30,0,41.4,NA,NA,67.2,6.1
4716072,23.9,20.8,22,25.7,12.9,55.3,83.9,59.1,58.7,74.7
4716075,27.6,9.6,14.8,12.4,12.4,70.6,25.2,31.1,30.4,73.3
4716077,25,8.5,10,0,0,60.4,18.2,11.7,7,6.1
4716840,NA,NA,NA,NA,NA,NA,NA,NA,NA,NA
4716854,14.8,55,60,0,10.5,19,99.6,99.7,7,66.6
4716855,10.1,38,28,7.7,46.2,10.7,97.2,77.1,22.7,96.5
4716856,6.1,31.9,26,3.5,43.9,5.1,95.3,72.5,16.3,95.9
4716857,NA,NA,NA,NA,NA,NA,NA,NA,NA,NA
4716858,3.6,35.6,24,2.9,48.5,1.6,96.7,65.9,15.7,97.1
4716859,NA,NA,NA,NA,NA,NA,NA,NA,NA,NA
4716860,7.1,50,30,2.5,43.8,6.5,99.3,81.9,15.4,95.9
4716861,NA,NA,NA,NA,NA,NA,NA,NA,NA,NA
4716862,5.5,39,NA,10,35,4.2,97.5,NA,26.4,92.9
4716863,2.8,31.6,16,6.9,44.8,0.9,95.2,36.3,21.4,96.1
4716870,NA,NA,NA,NA,NA,NA,NA,NA,NA,NA
4716872,NA,NA,NA,NA,NA,NA,NA,NA,NA,NA
4716880,0,NA,NA,0,66.7,0.2,NA,NA,7,99.6
4716882,NA,NA,NA,NA,NA,NA,NA,NA,NA,NA
4716886,NA,NA,NA,NA,NA,NA,NA,NA,NA,NA
4716888,NA,NA,NA,NA,NA,NA,NA,NA,NA,NA
4716891,NA,NA,NA,NA,NA,NA,NA,NA,NA,NA
4716894,NA,NA,NA,NA,NA,NA,NA,NA,NA,NA
4717001,27.9,5.8,3,16.1,6.5,71.7,4.9,0.1,36.9,38.4
4717002,34.1,NA,NA,20,0,89.3,NA,NA,45.1,6.1
4717004,47.1,NA,NA,0,0,98.7,NA,NA,7,6.1
4717005,40,NA,NA,0,0,96.2,NA,NA,7,6.1
4717006,30.8,7.6,12,30,6.7,81.3,13.6,19.5,67.2,40.1
4717008,14.8,16.5,16,22.2,7.4,19,68,36.3,50.3,46.1
4717011,28.4,14.8,28,30.4,0,73.6,59.1,77.1,68,6.1
4717013,27.1,NA,NA,17.6,0,68.8,NA,NA,39.5,6.1
4717014,16.7,NA,NA,18.2,18.2,25.1,NA,NA,41,83.6
4717017,22.1,10,8,17.2,6.9,47.8,28,5.4,38.7,41.6
4717018,22.3,15.5,19,19.6,9.8,48.8,63,47.7,44.2,63.1
4717019,8.7,NA,NA,0,0,8.4,NA,NA,7,6.1
4717022,17.3,7,12,18.5,8.3,27.3,10.6,19.5,41.7,53.5
4717024,9.8,7.8,14,23.8,12.7,10.1,14.4,28,54.2,74.2
4717026,8.6,13.2,16,5.1,0,8.3,49.9,36.3,18.7,6.1
4717028,11.7,6.4,12,12,7.3,12.6,7.6,19.5,30,45.2
4717029,7.1,11.1,19.6,7.9,5.1,6.5,35.3,49.4,22.9,26
4717032,17.2,17,25,20,2.5,27.1,70.6,69.6,45.1,13.2
4717034,21.3,16.5,28,23.7,5.3,43.9,68,77.1,53.9,27.7
4717036,23.7,16.8,28,32.3,8.1,54.5,69.5,77.1,71.7,52
4717039,21.9,NA,NA,23.8,9.5,46.9,NA,NA,54.2,61.4
4717041,17.8,14.8,10,29.8,19.1,28.9,59.1,11.7,66.6,84.4
4717042,40.7,NA,NA,0,0,96.5,NA,NA,7,6.1
4717045,33.8,16,17.2,14.7,8.3,88.7,65.8,41.1,34.2,53.5
4717047,26.2,17.2,11,23.3,16.7,65.2,71.8,15.1,53.1,81.9
4717048,25.4,16,26,22.2,8.3,62.4,65.8,72.5,50.3,53.5
4717052,12.8,12.8,18,15.5,8.5,14.4,46.6,44,35.7,54.9
4717053,NA,NA,NA,NA,NA,NA,NA,NA,NA,NA
4717054,20,9.9,18,18.3,8.1,38,27.1,44,41.3,52
4717055,22.7,NA,NA,27.3,0,50.3,NA,NA,61.6,6.1
4717056,29.3,20.8,26,22.9,10,76.8,83.9,72.5,52,64.5
4717057,25,NA,NA,37.5,37.5,60.4,NA,NA,80.7,93.8
4717058,28.6,26,24,40,8,74.4,91.5,65.9,84.3,51.1
4717062,20.3,14.8,21,20.2,9.1,39.4,59.1,55.9,45.6,58.9
4717066,31.7,14.4,28,20,8,83.9,56.8,77.1,45.1,51.1
4717067,14,19.6,20,22,6,17.3,80.7,52,49.7,34.4
4717801,4.8,50.7,42,0,38.9,3.2,99.4,96.2,7,94.2
4717802,6.7,43.6,36,0,43.3,6,98.5,91.5,7,95.8
4717803,6.4,38.4,24,5.3,60.5,5.6,97.3,65.9,19,99.2
4717804,NA,NA,NA,NA,NA,NA,NA,NA,NA,NA
4717805,6.6,21.2,32,4.8,19,5.8,85,86,18.1,84.3
4717806,5.5,33.6,36,0,34.9,4.2,96.1,91.5,7,92.9
4717807,4.1,41,36,3.8,35.8,2.3,98,91.5,16.7,93.2
4717808,NA,NA,NA,NA,NA,NA,NA,NA,NA,NA
4717809,3.6,34.4,NA,0,41.7,1.6,96.4,NA,7,95.1
4717810,6.5,NA,NA,0,50,5.7,NA,NA,7,97.7
4717811,4.6,48.6,20,0,54.8,3,99.2,52,7,98.5
4717812,3.5,44.4,70,0,48.7,1.5,98.6,99.9,7,97.1
4717813,6.3,41,NA,0,42.3,5.4,98,NA,7,95.3
4717815,NA,NA,NA,NA,NA,NA,NA,NA,NA,NA
4717816,13,NA,NA,0,0,14.8,NA,NA,7,6.1
4717817,NA,NA,NA,NA,NA,NA,NA,NA,NA,NA
4717819,NA,NA,NA,NA,NA,NA,NA,NA,NA,NA
4717830,NA,NA,NA,NA,NA,NA,NA,NA,NA,NA
4717831,NA,NA,NA,NA,NA,NA,NA,NA,NA,NA
4717832,NA,NA,NA,NA,NA,NA,NA,NA,NA,NA
4718005,12,28.4,28,0,17.1,13.1,93.3,77.1,7,82.4
4718012,6.3,NA,NA,0,50,5.4,NA,NA,7,97.7
4718015,5,NA,NA,0,50,3.4,NA,NA,7,97.7
4718021,19.5,20.4,14,14,18.6,35.7,83.2,28,33.1,84.1
4718023,NA,NA,NA,NA,NA,NA,NA,NA,NA,NA
4718028,7.7,NA,NA,0,0,7.1,NA,NA,7,6.1
4718030,8.7,NA,NA,0,33.3,8.4,NA,NA,7,92.2
4718033,13.9,10,10,0,11.9,17,28,11.7,7,71.9
4718041,9.3,15.6,12,7.7,9.3,9.4,63.7,19.5,22.7,60.2
4718042,7,14.8,10,5.3,9.6,6.3,59.1,11.7,19,61.9
4718049,17.9,8,16,11.9,11.9,29.4,15.3,36.3,30,71.9
4718051,22.8,8.4,13,29.7,11.7,50.7,17.4,23.7,66.5,71.1
4718052,18.8,NA,NA,66.7,0,33.1,NA,NA,99.1,6.1
4718055,0,NA,NA,0,50,0.2,NA,NA,7,97.7
4718058,3.7,30.4,25,0,43.8,1.8,94.7,69.6,7,95.9
4718065,5.4,20,40,3.8,5.7,4,82,95.1,16.7,31.5
4718067,10.9,11.3,6,6.7,17.8,11.5,36.7,1.9,21.1,83.2
4718069,15.4,NA,NA,0,33.3,20.7,NA,NA,7,92.2
4718070,11.3,16.8,12,0,8.9,12.2,69.5,19.5,7,57.8
4718071,6.7,NA,NA,0,50,6,NA,NA,7,97.7
4718072,NA,NA,NA,NA,NA,NA,NA,NA,NA,NA
4718074,4.8,17.7,14,2.1,17.9,3.2,74.2,28,14.9,83.3
4718075,3.3,NA,NA,0,50,1.3,NA,NA,7,97.7
4718089,NA,NA,NA,NA,NA,NA,NA,NA,NA,NA
4718090,25.3,17.2,12,6.5,16.9,62,71.8,19.5,20.8,82.3
4718100,9.1,NA,NA,0,33.3,9,NA,NA,7,92.2
4718801,5.3,53.4,NA,4.7,44.2,3.8,99.6,NA,17.9,96
4718802,3.9,50.8,52,0,45.1,2,99.4,99.3,7,96.2
4718803,4.8,42.8,52,0,20.6,3.2,98.3,99.3,7,85.7
4718806,2.1,37.6,60,0,50,0.7,97.1,99.7,7,97.7
4718807,13.8,NA,NA,0,30,16.8,NA,NA,7,90.8
4718808,6.1,38.4,52,0,34.6,5.1,97.3,99.3,7,92.8
4718809,6.3,25,24,0,30.2,5.4,90.4,65.9,7,90.9
4718811,7.8,30.4,32,0,28.6,7.3,94.7,86,7,90.2
4718812,7.5,21.6,32,0,38.5,6.9,85.6,86,7,94.1
4718813,NA,NA,NA,NA,NA,NA,NA,NA,NA,NA
4718814,10.4,31,38,0,36.1,11.1,95,93.6,7,93.3
4718815,0,NA,NA,0,66.7,0.2,NA,NA,7,99.6
4718817,6.3,44,44,0,38.5,5.4,98.6,97,7,94.1
4718818,7.1,23.2,16,0,32.7,6.5,88.5,36.3,7,91.7
4718819,5.9,42,30,7.7,30.8,4.9,98.2,81.9,22.7,91.2
4718820,4.1,45.9,38,0,52.2,2.3,98.7,93.6,7,98.3
4718821,NA,NA,NA,NA,NA,NA,NA,NA,NA,NA
4718822,5.5,27.2,48,0,58.5,4.2,92.4,98.3,7,99
4718823,NA,NA,NA,NA,NA,NA,NA,NA,NA,NA
4718824,4.3,33.6,20,4.2,54.2,2.5,96.1,52,17.2,98.5
4718825,NA,NA,NA,NA,NA,NA,NA,NA,NA,NA
4718826,0,NA,NA,0,40,0.2,NA,NA,7,94.6
4718827,3,30,NA,0,50,1,94.3,NA,7,97.7
4718828,4.3,46.6,20,3.8,66,2.5,98.9,52,16.7,99.5
4718829,NA,NA,NA,NA,NA,NA,NA,NA,NA,NA
4718831,5.8,39,50,0,14.3,4.8,97.5,98.9,7,78.5
4718832,3.1,33.6,16,0,41.7,1.1,96.1,36.3,7,95.1
4718839,6,26.8,16,0,40.5,5,92.1,36.3,7,94.9
4718844,NA,NA,NA,NA,NA,NA,NA,NA,NA,NA
4718849,NA,NA,NA,NA,NA,NA,NA,NA,NA,NA
4718852,5.1,44,24,6.1,51.5,3.5,98.6,65.9,20,98.2
4718854,NA,NA,NA,NA,NA,NA,NA,NA,NA,NA
4718855,NA,NA,NA,NA,NA,NA,NA,NA,NA,NA
4718860,NA,NA,NA,NA,NA,NA,NA,NA,NA,NA
4801003,14.6,9.5,11.6,13.6,4.7,18.6,24.3,17.1,32.6,22.9
4801006,21,10.7,11.6,17.2,4.8,42.2,32,17.1,38.7,23.7
4801008,13.2,10.3,12.4,25.6,7,15.1,29.8,21.8,58.5,42.5
4801009,15.9,11.2,14,28.6,4.8,22.4,36,28,64.1,23.7
4801014,14.3,17.8,18,23.9,7.5,18,74.4,44,54.5,47
4801018,15.9,9.8,10.8,18.3,4.3,22.4,26.6,14.3,41.3,20.2
4802001,13.5,11,12,35.9,4.4,15.9,34.4,19.5,78.3,20.7
4802002,28.9,NA,NA,54.2,25,75.5,NA,NA,95.6,88.6
4802004,37.8,14.6,14,31.2,13.8,94.3,58,28,69.3,77.1
4802006,37,22,20,38.2,5.9,93.3,86.4,52,82,33.5
4802008,18.8,10,6,28.6,12.8,33.1,28,1.9,64.1,74.5
4802009,14.2,9.8,12,17.6,0,17.7,26.6,19.5,39.5,6.1
4802011,12,9.9,10.6,22.5,6.1,13.1,27.1,13.8,51.1,35.4
4802012,18.1,9.8,10,18,4.8,30.2,26.6,11.7,40.4,23.7
4802013,10.6,9,10,7.8,3.9,11.3,21.6,11.7,22.9,17.7
4802014,8.7,11,10,14.6,0,8.4,34.4,11.7,34.1,6.1
4802016,15.9,15.2,16,56,12,22.4,61.4,36.3,96.6,72.2
4802018,16.8,8.2,11,23.2,5.8,25.6,16.4,15.1,52.9,32.6
4802019,17.5,7,10.2,10.2,6,27.9,10.6,12.9,26.8,34.4
4802021,10.1,12.8,14.2,21.6,3.8,10.7,46.6,29.7,49,17.1
4802022,15.8,9.2,11.6,21.6,6.6,22,22.9,17.1,49,39.2
4802023,8.7,11.2,14,13.7,3.9,8.4,36,28,32.8,17.7
4802029,11.6,12,17,20.5,5.7,12.5,41.4,40.2,46.4,31.5
4802031,15.7,12.8,12.2,14.6,5.8,21.7,46.6,21.3,34.1,32.6
4802034,11.2,8.8,11.5,8.4,6,12.1,20.1,16.6,23.8,34.4
4802036,11.4,7,10,5.1,7.7,12.3,10.6,11.7,18.7,48.6
4802038,14.9,10.8,16,15.4,11.5,19.3,32.8,36.3,35.4,70.4
4802039,26.3,11.2,14.8,23.1,9.3,65.7,36,31.1,52.6,60.2
4803001,18.5,10.7,11.8,28.1,7.5,31.8,32,17.6,62.9,47
4803002,19.4,11.3,10.4,27.6,7.4,35.4,36.7,13.2,62.2,46.1
4803003,16.1,NA,NA,33.3,0,23.1,NA,NA,73.8,6.1
4803004,26.2,12.9,11.2,29,7.5,65.2,47.5,15.8,65.1,47
4803006,27.8,17.5,10,25,0,71.2,73.1,11.7,56.8,6.1
4803008,32.4,NA,NA,46.2,15.4,85.6,NA,NA,90.7,80.3
4803011,25.9,11,10.8,19.3,8.3,64.1,34.4,14.3,43.5,53.5
4803014,26.5,11,12.6,26.9,6.2,66.4,34.4,22.4,61,36.3
4803016,23.3,NA,NA,37.5,16.7,52.8,NA,NA,80.7,81.9
4803018,21.4,12.3,11.8,27.1,9.8,44.5,43.4,17.6,61.3,63.1
4803019,23.3,11.8,15.2,32.5,7.5,52.8,40,32.7,72.1,47
4803022,36,12.4,14.9,21.9,6.1,92,44.1,31.4,49.5,35.4
4803024,31.5,14,12,28.1,7,83.4,54.5,19.5,62.9,42.5
4803026,31.2,10,14,23,7.9,82.5,28,28,52.3,50.2
4803801,10.3,29.7,30,5.3,43.2,10.9,94.1,81.9,19,95.7
4803802,11.9,29.6,16,4.3,45.3,12.9,94,36.3,17.4,96.3
4803803,NA,NA,NA,NA,NA,NA,NA,NA,NA,NA
4803805,NA,NA,NA,NA,NA,NA,NA,NA,NA,NA
4804001,18.2,13.2,24,37.5,6.2,30.7,49.9,65.9,80.7,36.3
4804004,18.5,13,14.4,22.7,4.7,31.8,48.3,30.2,51.5,22.9
4804006,31,NA,NA,75,12.5,81.9,NA,NA,99.7,73.7
4804011,25.1,9.8,14.4,33.6,10.5,61.2,26.6,30.2,74.7,66.6
4804012,20.2,16.4,13,19.3,8,38.9,67.3,23.7,43.5,51.1
4804014,31,10.2,12,22.4,6,81.9,29.5,19.5,50.9,34.4
4804019,20.6,NA,NA,46.7,0,40.6,NA,NA,91.2,6.1
4804020,14.5,15.1,17,20.2,3.6,18.4,60.7,40.2,45.6,16.2
4804021,18.6,NA,NA,38.1,14.3,32.3,NA,NA,81.7,78.5
4804022,20.9,8.4,12,20.4,5.6,41.8,17.4,19.5,46.2,30.4
4805001,16.9,12,12,32,8.3,26,41.4,19.5,71.2,53.5
4805002,38.9,13,16,42.3,15.4,95.3,48.3,36.3,86.9,80.3
4805004,28.6,12.8,26,42.4,12.1,74.4,46.6,72.5,87,72.5
4805006,43.2,9,9.6,25.5,6.2,97.6,21.6,10,58.2,36.3
4805008,25.7,NA,NA,31.2,12.5,63.5,NA,NA,69.3,73.7
4805009,22.2,NA,NA,33.3,22.2,48.4,NA,NA,73.8,86.8
4805011,21.6,NA,NA,60,0,45.6,NA,NA,97.9,6.1
4805012,15.7,8.9,9.2,20.6,7.6,21.7,20.9,8.9,46.7,47.7
4805018,17.7,8.9,10.8,3,3.9,28.6,20.9,14.3,15.7,17.7
4805019,15.2,NA,NA,26.7,0,20.1,NA,NA,60.6,6.1
4805021,23.9,9,8,24.1,13.8,55.3,21.6,5.4,55,77.1
4805022,19,12,12,42.9,0,34,41.4,19.5,87.6,6.1
4805026,21.3,11,14.2,27.9,8,43.9,34.4,29.7,62.6,51.1
4805031,19,9.4,10,22.2,12,34,23.8,11.7,50.3,72.2
4805034,29,NA,NA,50,0,75.9,NA,NA,93.5,6.1
4805036,20.6,NA,NA,27.8,11.1,40.6,NA,NA,62.5,69
4805038,31.7,NA,NA,21.1,0,83.9,NA,NA,47.6,6.1
4805041,18,9.6,9.2,31.2,8,29.8,25.2,8.9,69.3,51.1
4805042,23.5,14.4,22,31.8,11.4,53.6,56.8,59.1,70.7,70
4805044,19.8,15.2,14,20.4,9.3,37.1,61.4,28,46.2,60.2
4805046,24.3,13.4,12,10,5,57.1,51,19.5,26.4,25.2
4805048,25.3,10.8,9.6,16.7,5.1,62,32.8,10,37.7,26
4805049,26,12.2,12,26.7,10.5,64.4,42.8,19.5,60.6,66.6
4805802,8.8,35.5,34,2.4,34.8,8.6,96.6,88.9,15.3,92.9
4806001,20.1,7.2,6.8,8.2,4.7,38.5,11.6,2.9,23.4,22.9
4806006,24.7,8.1,8.6,6.9,3.3,58.8,16,7.1,21.4,15.1
4806008,28.8,9,10,22.2,7.4,75.1,21.6,11.7,50.3,46.1
4806009,22.6,8.5,10.4,17.2,6.5,49.9,18.2,13.2,38.7,38.4
4806011,30.2,10.8,14.2,15.3,4.3,79.4,32.8,29.7,35.2,20.2
4806012,14.8,5.8,5.8,2.2,2.4,19,4.9,1.5,15,13.1
4806014,17.9,5.8,5.5,6.4,5,29.4,4.9,1.3,20.6,25.2
4806016,13.6,9,10.4,8.7,4.5,16.2,21.6,13.2,24.2,21.4
4806017,10.3,4.6,4.6,0.6,3,10.9,2.1,0.5,14,14.1
4806019,16.2,6,7.1,1.4,2.2,23.4,5.6,3.4,14.4,12.8
4806021,9.2,6,7.8,0.9,2.1,9.3,5.6,4.5,14.1,12.7
4806022,14,6.8,10,6.5,6.5,17.3,9.6,11.7,20.8,38.4
4806024,14.6,9.6,8,23.8,15.9,18.6,25.2,5.4,54.2,81
4806026,13.3,8.2,8.5,7.1,5.3,15.4,16.4,6.9,21.8,27.7
4806028,20.2,11.2,11.6,18.2,5.7,38.9,36,17.1,41,31.5
4806029,18.2,7,9.8,7.6,3,30.7,10.6,10.4,22.5,14.1
4806031,18.4,13.6,18,15.8,7.9,31.5,52.2,44,36.2,50.2
4806032,24.3,10.1,10.2,13.2,6.1,57.1,29,12.9,31.9,35.4
4806034,23.8,9,10.5,9.1,4.1,54.9,21.6,13.5,24.9,18.9
4806036,27.2,12.2,15.8,9.7,5.9,69.2,42.8,34.3,26.1,33.5
4806803,NA,NA,NA,NA,NA,NA,NA,NA,NA,NA
4806804,NA,NA,NA,NA,NA,NA,NA,NA,NA,NA
4807001,18.1,8.9,13.6,19.3,5.8,30.2,20.9,25.8,43.5,32.6
4807002,17.9,9.8,10,26.3,6.6,29.4,26.6,11.7,59.8,39.2
4807004,16.3,NA,NA,41.2,11.8,23.7,NA,NA,85.6,71.5
4807006,20.9,NA,NA,47.4,0,41.8,NA,NA,91.8,6.1
4807008,16.3,NA,NA,11.8,11.8,23.7,NA,NA,29.8,71.5
4807011,17.3,13.6,12,17.8,8.5,27.3,52.2,19.5,39.9,54.9
4807012,24.9,12.2,17,22.5,7.5,59.5,42.8,40.2,51.1,47
4807014,28,11.6,9,45.6,11.4,72,38.6,8.2,90.4,70
4807016,44.4,NA,NA,37.5,37.5,98,NA,NA,80.7,93.8
4807019,17.1,13.6,17.2,20.3,9,26.8,52.2,41.1,45.9,58.3
4807021,28.8,19.5,30,29.6,25.9,75.1,80,81.9,66.3,89.2
4807026,24.4,11.2,13.2,20.2,6.9,57.5,36,24.8,45.6,41.6
4807027,28.6,NA,NA,0,0,74.4,NA,NA,7,6.1
4807028,45,NA,NA,0,0,98.3,NA,NA,7,6.1
4807029,28.9,NA,NA,46.2,19.2,75.5,NA,NA,90.7,84.5
4807031,21.5,10.6,12.6,33.8,8.7,45.1,31.7,22.4,75,56.5
4807032,39.4,NA,NA,52.9,11.8,95.6,NA,NA,94.9,71.5
4807036,29,10.4,13,22.7,6.7,75.9,30.5,23.7,51.5,40.1
4807038,37,NA,NA,46.2,15.4,93.3,NA,NA,90.7,80.3
4807039,32.3,11.6,15,20.3,10.1,85.3,38.6,31.9,45.9,65.1
4807042,26.1,9.6,14,20.3,8.9,64.8,25.2,28,45.9,57.8
4807044,21.7,12.6,19,25,5.6,46.1,45.3,47.7,56.8,30.4
4807046,24.4,NA,NA,31.8,22.7,57.5,NA,NA,70.7,87.1
4807048,24.8,10,12,13.3,6.7,59.1,28,19.5,32.1,40.1
4807049,14.2,7.4,8.4,15.8,5.7,17.7,12.6,6.5,36.2,31.5
4807051,21.3,6.8,12,36.7,16.7,43.9,9.6,19.5,79.6,81.9
4807052,22.1,12.4,12,27.3,6.1,47.8,44.1,19.5,61.6,35.4
4807054,16.6,8,11.4,18,6.6,24.6,15.3,16.4,40.4,39.2
4807056,23.2,9.2,12,23.8,7.1,52.4,22.9,19.5,54.2,43.5
4808001,19.9,9.7,9.7,14.9,6.6,37.5,26,10.2,34.5,39.2
4808002,36.2,13,16,29.4,14.7,92.3,48.3,36.3,65.9,79.4
4808004,19,13.2,20,30.3,7.9,34,49.9,52,67.8,50.2
4808005,18.6,NA,NA,11.8,0,32.3,NA,NA,29.8,6.1
4808006,18.8,12.7,16,9.5,6,33.1,45.8,36.3,25.7,34.4
4808008,25.4,10.6,15.3,10.3,6.3,62.4,31.7,33.2,26.9,37.1
4808009,8.3,6.7,10,4.2,6,7.9,9.1,11.7,17.2,34.4
4808011,15.1,9.8,10.8,7.4,4.7,19.8,26.6,14.3,22.2,22.9
4808012,11,9.4,10.4,3,2.5,11.6,23.8,13.2,15.7,13.2
4808013,32.3,10,NA,0,7.4,85.3,28,NA,7,46.1
4808022,19.1,10.4,10.5,18,6.3,34.4,30.5,13.5,40.4,37.1
4808023,27.9,NA,NA,25,16.7,71.7,NA,NA,56.8,81.9
4808024,22.2,18.2,20,15.3,7.1,48.4,75.8,52,35.2,43.5
4808025,38.5,NA,NA,0,0,94.8,NA,NA,7,6.1
4808026,21.1,15.2,17,28.6,15.4,42.9,61.4,40.2,64.1,80.3
4808027,46.2,NA,NA,0,0,98.5,NA,NA,7,6.1
4808028,28.9,NA,NA,30,0,75.5,NA,NA,67.2,6.1
4808029,6.2,6.3,6.6,2.2,3.6,5.3,7.1,2.8,15,16.2
4808031,18.8,8.8,10.8,10.5,5.7,33.1,20.1,14.3,27.3,31.5
4808032,14.2,9.6,14,15.4,3.1,17.7,25.2,28,35.4,14.4
4808034,24,15.6,20,30.3,11.8,55.7,63.7,52,67.8,71.5
4808038,17.8,11.1,11.8,15.6,6.4,28.9,35.3,17.6,35.8,37.7
4808039,21.1,10.5,14.1,21.4,6.3,42.9,31.3,29.5,48.5,37.1
4808042,39.4,NA,NA,0,0,95.6,NA,NA,7,6.1
4808044,32,16.9,18.4,15.8,8.1,84.5,70,45.9,36.2,52
4808811,5.4,25,14,1.9,67.7,4,90.4,28,14.7,99.7
4808812,NA,NA,NA,NA,NA,NA,NA,NA,NA,NA
4808813,2.5,26.4,40,10.3,51.7,0.8,91.8,95.1,26.9,98.3
4809002,20.1,12.8,14.6,9.5,8.4,38.5,46.6,30.6,25.7,54.3
4809005,NA,NA,NA,NA,NA,NA,NA,NA,NA,NA
4809010,21.3,24.8,36,15.9,15.9,43.9,90.2,91.5,36.5,81
4809015,16.9,10.7,12.4,10.8,7.1,26,32,21.8,28,43.5
4809806,4.3,29.6,45,0,24.4,2.5,94,97.6,7,88.1
4809809,4.7,21.6,16,0,25.7,3,85.6,36.3,7,89.1
4809810,NA,NA,NA,NA,NA,NA,NA,NA,NA,NA
4810001,18.9,10.4,11.4,28.8,8.8,33.6,30.5,16.4,64.7,57.2
4810002,32.9,18.4,24,32.9,10.5,86.6,76.4,65.9,72.7,66.6
4810003,25,NA,NA,14.3,0,60.4,NA,NA,33.5,6.1
4810006,24,NA,NA,50,0,55.7,NA,NA,93.5,6.1
4810009,18.3,8.5,14,24.3,8.1,31.1,18.2,28,55.3,52
4810011,24.1,10.5,12.1,14.4,5.9,56.2,31.3,21.1,33.8,33.5
4810012,14,NA,NA,12.5,0,17.3,NA,NA,30.6,6.1
4810014,14.3,12.4,20,24.2,9.1,18,44.1,52,55.2,58.9
4810016,18.6,11.4,12.6,18.8,8.9,32.3,37.3,22.4,42.4,57.8
4810018,24,12,12.4,15.4,10.5,55.7,41.4,21.8,35.4,66.6
4810019,24.7,16.5,20,40,17.8,58.8,68,52,84.3,83.2
4810021,32.8,17.5,24,61.8,5.9,86.4,73.1,65.9,98.2,33.5
4810022,34,15.2,19.5,27.6,5.7,89.1,61.4,49,62.2,31.5
4810026,22.1,12.5,15.2,30.7,9.2,47.8,44.8,32.7,68.4,59.6
4810028,23.9,12.4,18.4,20.9,7.7,55.3,44.1,45.9,47.2,48.6
4810031,31.6,NA,NA,52.9,11.8,83.7,NA,NA,94.9,71.5
4810034,24.2,15,20,29.2,9.7,56.6,60.3,52,65.4,62.3
4810036,16.9,9.5,11,17.2,7.3,26,24.3,15.1,38.7,45.2
4810038,9.7,NA,NA,25,25,10.1,NA,NA,56.8,88.6
4810039,13.9,8.5,10.5,8,4.5,17,18.2,13.5,23,21.4
4810041,8.8,7.4,12,6.3,0,8.6,12.6,19.5,20.4,6.1
4810042,21.8,10,12.2,21.5,8.4,46.6,28,21.3,48.8,54.3
4810044,15.7,11.6,20,25,6.2,21.7,38.6,52,56.8,36.3
4810048,18.4,16.3,19.6,27.9,7.4,31.5,66.9,49.4,62.6,46.1
4810051,35.3,NA,NA,54.5,22.7,91,NA,NA,95.7,87.1
4810052,19.4,20.4,23,22.5,3.4,35.4,83.2,62.3,51.1,15.4
4810058,22.5,12.4,15,26.4,12.7,49.5,44.1,31.9,60,74.2
4810059,35.6,17,22,37.5,22.5,91.5,70.6,59.1,80.7,87
4810061,28.3,12.2,17,30.5,13.6,73.2,42.8,40.2,68.1,76.6
4810062,26.5,NA,NA,32,24,66.4,NA,NA,71.2,87.8
4810064,30.5,13.4,17.5,14.7,13.2,80.3,51,41.7,34.2,75.5
4810066,13.5,8.8,10,10.7,9.7,15.9,20.1,11.7,27.7,62.3
4810068,NA,NA,NA,NA,NA,NA,NA,NA,NA,NA
4810805,3.6,NA,NA,0,88.9,1.6,NA,NA,7,100
4811001,23.3,11.4,12.5,17,7.9,52.8,37.3,22.1,38.3,50.2
4811002,21.5,12.8,16.3,16,6.7,45.1,46.6,38.2,36.8,40.1
4811003,NA,NA,NA,NA,NA,NA,NA,NA,NA,NA
4811004,64.3,NA,NA,0,0,99.8,NA,NA,7,6.1
4811005,56.5,NA,NA,0,0,99.6,NA,NA,7,6.1
4811006,50,NA,NA,30,0,99.2,NA,NA,67.2,6.1
4811007,21.4,NA,NA,0,0,44.5,NA,NA,7,6.1
4811008,46.9,NA,NA,28.6,0,98.6,NA,NA,64.1,6.1
4811009,72.7,NA,NA,0,0,99.9,NA,NA,7,6.1
4811011,20.4,10.8,14,13.1,8.1,39.8,32.8,28,31.7,52
4811012,16.9,10.2,13.5,14.6,8,26,29.5,25.5,34.1,51.1
4811013,9.3,4.4,5.4,0.6,2.4,9.4,1.7,1.2,14,13.1
4811016,14.1,6.6,8.1,3.1,3.1,17.6,8.6,6,15.8,14.4
4811018,16.9,7,7.4,12.4,4.8,26,10.6,3.9,30.4,23.7
4811019,13.5,9.6,18.5,16.9,9.3,15.9,25.2,46.4,38.1,60.2
4811020,87.5,NA,NA,NA,NA,100,NA,NA,NA,NA
4811021,16.6,15,17,23.5,6.2,24.6,60.3,40.2,53.6,36.3
4811022,NA,NA,NA,NA,NA,NA,NA,NA,NA,NA
4811023,26,NA,NA,0,0,64.4,NA,NA,7,6.1
4811024,27.4,19.2,20,28.1,3.5,70,79.3,52,62.9,15.8
4811026,28.3,17.6,26,17.3,9.6,73.2,73.8,72.5,38.9,61.9
4811031,14.9,9.3,13.2,9,6,19.3,23.4,24.8,24.7,34.4
4811032,15.8,10.5,14.4,8.7,8.2,22,31.3,30.2,24.2,52.7
4811034,18.1,7.1,8,6,7.5,30.2,11.1,5.4,19.9,47
4811038,52.2,NA,NA,0,9.1,99.4,NA,NA,7,58.9
4811039,NA,NA,NA,NA,NA,NA,NA,NA,NA,NA
4811041,NA,NA,NA,NA,NA,NA,NA,NA,NA,NA
4811042,NA,NA,NA,NA,NA,NA,NA,NA,NA,NA
4811044,NA,NA,NA,NA,NA,NA,NA,NA,NA,NA
4811046,13.4,4,12,5.3,10.5,15.7,1,19.5,19,66.6
4811048,20.3,8.3,9.7,4.1,4.4,39.4,16.9,10.2,17,20.7
4811049,12.8,6.1,7.4,1.2,3.4,14.4,6.2,3.9,14.2,15.4
4811052,17.6,4.4,5.1,4.2,4,28.3,1.7,1,17.2,18.2
4811056,13.1,5.4,6.9,5.7,3.3,14.9,3.9,3,19.5,15.1
4811059,15.6,5.9,8.4,10.8,7.1,21.3,5.2,6.5,28,43.5
4811061,13.7,10,10.7,12.7,5.3,16.5,28,14,30.9,27.7
4811062,19.4,4.9,4.9,2.8,4.5,35.4,2.6,0.7,15.6,21.4
4811064,13.4,4.4,7.2,3.6,8.1,15.7,1.7,3.6,16.4,52
4811065,19.9,11.7,18.5,20.2,9.2,37.5,39.5,46.4,45.6,59.6
4811066,11.3,6.5,4,6.3,9.9,12.2,8.1,0.3,20.4,63.8
4811068,12.8,6.3,7.3,4.1,4,14.4,7.1,3.8,17,18.2
4811069,15.4,8.2,12,14.3,8.8,20.7,16.4,19.5,33.5,57.2
4811801,5.1,23.7,18,2,41.8,3.5,89.2,44,14.8,95.2
4811802,5.3,41,30,0,58.8,3.8,98,81.9,7,99
4811803,3.4,29,40,4.1,46.9,1.4,93.6,95.1,17,96.7
4811804,6.8,20.7,19,0,13.8,6.1,83.7,47.7,7,77.1
4811805,8.8,14.2,10,3.5,42.1,8.6,55.7,11.7,16.3,95.3
4811806,5.1,24.4,16,0,63.4,3.5,89.9,36.3,7,99.4
4811807,NA,NA,NA,NA,NA,NA,NA,NA,NA,NA
4812002,8.1,6.6,6.2,9.7,4.4,7.6,8.6,2.2,26.1,20.7
4812004,13.3,7.4,12.5,8.6,9.5,15.4,12.6,22.1,24,61.4
4812009,14.5,9.7,16,10.3,6.1,18.4,26,36.3,26.9,35.4
4812011,28.6,NA,NA,0,0,74.4,NA,NA,7,6.1
4812012,13.4,14.8,28,24.1,0,15.7,59.1,77.1,55,6.1
4812013,22.6,NA,NA,0,16.7,49.9,NA,NA,7,81.9
4812014,20.6,10.2,12.6,15,7.2,40.6,29.5,22.4,34.7,44.5
4812016,19.3,13.5,11,15.6,8.2,35.1,51.4,15.1,35.8,52.7
4812018,19.9,11,16,12.9,5.3,37.5,34.4,36.3,31.3,27.7
4812020,31.3,NA,NA,0,0,82.9,NA,NA,7,6.1
4812022,21,19.6,17.2,13.3,18,42.2,80.7,41.1,32.1,83.3
4812024,33.3,NA,NA,42.9,23.8,87.7,NA,NA,87.6,87.7
4812026,20.4,NA,NA,37.5,8.3,39.8,NA,NA,80.7,53.5
4812029,44.7,17.2,21,21.6,13.6,98.1,71.8,55.9,49,76.6
4812037,17.9,9.3,11.6,7.8,8.1,29.4,23.4,17.1,22.9,52
4812038,NA,NA,NA,NA,NA,NA,NA,NA,NA,NA
4812802,7.4,25,20,4.3,42.6,6.8,90.4,52,17.4,95.4
4812804,7.1,22.8,36,0,46.4,6.5,87.7,91.5,7,96.6
4812806,NA,NA,NA,NA,NA,NA,NA,NA,NA,NA
4812808,7.8,16.6,8,0,53.6,7.3,68.6,5.4,7,98.4
4812810,11.2,25,20,0,34.8,12.1,90.4,52,7,92.9
4812811,7.7,25.4,12,0,44.2,7.1,90.8,19.5,7,96
4812813,21.4,NA,NA,0,0,44.5,NA,NA,7,6.1
4812815,22.2,NA,NA,18.2,36.4,48.4,NA,NA,41,93.4
4812828,5,22,NA,0,42.9,3.4,86.4,NA,7,95.6
4812840,2.4,NA,NA,0,18.2,0.8,NA,NA,7,83.6
4813001,19.9,12.5,15.9,13.1,10.4,37.5,44.8,34.4,31.7,66.2
4813002,31,18.2,18,13.7,10.8,81.9,75.8,44,32.8,67.9
4813003,37.5,NA,NA,NA,NA,94,NA,NA,NA,NA
4813005,29,NA,NA,0,23.5,75.9,NA,NA,7,87.5
4813006,26.7,NA,NA,0,18.5,67.1,NA,NA,7,83.9
4813007,21.7,NA,NA,0,22.2,46.1,NA,NA,7,86.8
4813008,40,NA,NA,0,0,96.2,NA,NA,7,6.1
4813009,NA,NA,NA,NA,NA,NA,NA,NA,NA,NA
4813010,31,NA,NA,0,10,81.9,NA,NA,7,64.5
4813011,33.3,11,8,0,0,87.7,34.4,5.4,7,6.1
4813012,24.9,11.4,12,9.5,6,59.5,37.3,19.5,25.7,34.4
4813013,23.1,NA,NA,0,0,52,NA,NA,7,6.1
4813014,22.3,10.4,14,11.1,5.6,48.8,30.5,28,28.6,30.4
4813015,28.6,NA,NA,0,0,74.4,NA,NA,7,6.1
4813016,25.5,11,14,13.8,24.1,62.8,34.4,28,32.9,87.9
4813017,30,NA,NA,0,0,78.9,NA,NA,7,6.1
4813018,19.3,13.5,17.8,20,8,35.1,51.4,42.4,45.1,51.1
4813019,30,11.3,14.8,12.8,6,78.9,36.7,31.1,31.1,34.4
4813028,20.3,12.8,16.4,17.7,8.4,39.4,46.6,38.4,39.7,54.3
4813029,15.7,8.7,15,5.2,9.5,21.7,19.3,31.9,18.9,61.4
4813030,9.5,8.5,10,3.1,5.7,9.8,18.2,11.7,15.8,31.5
4813031,28.3,14.9,18.2,17,6.7,73.2,59.7,45.6,38.3,40.1
4813032,16.9,11.2,24,11.4,8.6,26,36,65.9,29.2,55.8
4813033,45.5,NA,NA,0,0,98.4,NA,NA,7,6.1
4813036,27.3,14.4,20,20.9,11.2,69.6,56.8,52,47.2,69.6
4813044,20.4,11.3,15.4,10.2,7.6,39.8,36.7,33.4,26.8,47.7
4813045,45,NA,NA,0,0,98.3,NA,NA,7,6.1
4813046,24.8,14.4,28,16.2,2.7,59.1,56.8,77.1,37,13.5
4813047,45.5,NA,NA,0,0,98.4,NA,NA,7,6.1
4813048,22.1,12.3,14.4,16,6.9,47.8,43.4,30.2,36.8,41.6
4813049,25.7,NA,NA,0,12.5,63.5,NA,NA,7,73.7
4813051,18.8,NA,NA,0,18.2,33.1,NA,NA,7,83.6
4813053,44,NA,NA,0,0,97.8,NA,NA,7,6.1
4813055,28.6,NA,NA,0,0,74.4,NA,NA,7,6.1
4813057,44.4,NA,NA,0,0,98,NA,NA,7,6.1
4813061,26.9,NA,NA,0,36.4,68,NA,NA,7,93.4
4813811,7.1,28.8,24,0,46.2,6.5,93.4,65.9,7,96.5
4813829,NA,NA,NA,NA,NA,NA,NA,NA,NA,NA
4813830,NA,NA,NA,NA,NA,NA,NA,NA,NA,NA
4814003,19.2,11.1,14.7,8.7,9.9,34.7,35.3,30.8,24.2,63.8
4814019,13.2,6.4,7.9,13.7,6.1,15.1,7.6,4.7,32.8,35.4
4814024,13.6,7.9,15,13.4,7.7,16.2,14.7,31.9,32.4,48.6
4814028,NA,NA,NA,NA,NA,NA,NA,NA,NA,NA
4815007,27.7,9.5,12.3,41.7,8,70.8,24.3,21.5,86.2,51.1
4815013,21.9,NA,NA,20,0,46.9,NA,NA,45.1,6.1
4815015,16.3,7.3,12,13.3,7,23.7,12.1,19.5,32.1,42.5
4815023,17.4,6.5,5.2,1.4,5.1,27.6,8.1,1,14.4,26
4815027,41.2,NA,NA,25,0,96.8,NA,NA,56.8,6.1
4815030,27.3,NA,NA,NA,NA,69.6,NA,NA,NA,NA
4815032,15,NA,NA,7.4,0,19.6,NA,NA,22.2,6.1
4815033,13.4,4.7,2.4,20,6.9,15.7,2.3,0,45.1,41.6
4815035,12,6.4,9.2,10.1,3.1,13.1,7.6,8.9,26.6,14.4
4815037,NA,NA,NA,NA,NA,NA,NA,NA,NA,NA
4815045,31.8,NA,NA,50,0,84.1,NA,NA,93.5,6.1
4815802,NA,NA,NA,NA,NA,NA,NA,NA,NA,NA
4815815,NA,NA,NA,NA,NA,NA,NA,NA,NA,NA
4816037,4.3,3.9,4.8,1.3,5.6,2.5,0.9,0.6,14.3,30.4
4816051,2.8,48.4,30,0,43.5,0.9,99.1,81.9,7,95.8
4816810,5.6,16.4,16,0,20.9,4.4,67.3,36.3,7,85.8
4816817,8.3,37.5,20,0,37.5,7.9,97,52,7,93.8
4816821,7.5,NA,NA,0,25,6.9,NA,NA,7,88.6
4816822,3.8,NA,NA,0,30,1.9,NA,NA,7,90.8
4816849,NA,NA,NA,NA,NA,NA,NA,NA,NA,NA
4816850,13.6,NA,NA,0,57.1,16.2,NA,NA,7,98.8
4816852,17.6,NA,NA,0,28.6,28.3,NA,NA,7,90.2
4816860,NA,NA,NA,NA,NA,NA,NA,NA,NA,NA
4816861,NA,NA,NA,NA,NA,NA,NA,NA,NA,NA
4817021,16,11,16,19.1,6.2,22.7,34.4,36.3,43.1,36.3
4817024,13.3,10.4,13,0,7.1,15.4,30.5,23.7,7,43.5
4817026,18.1,9,12.8,6.2,6.2,30.2,21.6,23,20.2,36.3
4817027,19.3,14.5,15.8,9.2,18.2,35.1,57.4,34.3,25.2,83.6
4817029,9.1,7.2,8,1.2,6.7,9,11.6,5.4,14.2,40.1
4817031,10.5,16,16.5,1.4,17.6,11.1,65.8,38.8,14.4,83
4817033,21,8.9,13.2,6,7.7,42.2,20.9,24.8,19.9,48.6
4817039,12.3,11.6,24,11.1,5.6,13.6,38.6,65.9,28.6,30.4
4817062,13.8,25.5,30,8.6,11.8,16.8,90.9,81.9,24,71.5
4817064,20.9,15.2,18,26.9,7.7,41.8,61.4,44,61,48.6
4817076,15.8,10.8,18.8,5.4,14.1,22,32.8,46.9,19.3,77.9
4817078,21.7,9.6,13,15.3,7.1,46.1,25.2,23.7,35.2,43.5
4817093,12.9,8.8,9.5,2.3,5.7,14.6,20.1,9.6,15.2,31.5
4817095,7.5,10.5,24.2,2.7,3.1,6.9,31.3,67.9,15.5,14.4
4817097,4,6.4,NA,0,0,2.1,7.6,NA,7,6.1
4817817,21.4,NA,NA,0,0,44.5,NA,NA,7,6.1
4817818,0,NA,NA,0,25,0.2,NA,NA,7,88.6
4817819,3.6,23.2,30,0,22.2,1.6,88.5,81.9,7,86.8
4817821,0,NA,NA,0,75,0.2,NA,NA,7,99.9
4817822,16.7,NA,NA,0,70,25.1,NA,NA,7,99.8
4817823,6.3,31.4,NA,4.3,25.5,5.4,95.1,NA,17.4,89
4817824,7.5,49.8,52,0,50,6.9,99.2,99.3,7,97.7
4817825,NA,NA,NA,NA,NA,NA,NA,NA,NA,NA
4817826,NA,NA,NA,NA,NA,NA,NA,NA,NA,NA
4817827,10.3,NA,NA,0,85.7,10.9,NA,NA,7,100
4817828,10.3,32.8,44,0,32.7,10.9,95.7,97,7,91.7
4817829,10.7,23.8,26,4,30,11.4,89.3,72.5,16.8,90.8
4817830,NA,NA,NA,NA,NA,NA,NA,NA,NA,NA
4817831,8.8,26,16,0,26.1,8.6,91.5,36.3,7,89.2
4817832,12.5,NA,NA,0,50,14,NA,NA,7,97.7
4817833,NA,NA,NA,NA,NA,NA,NA,NA,NA,NA
4817834,NA,NA,NA,NA,NA,NA,NA,NA,NA,NA
4817835,1.8,56.6,40,0,67.6,0.5,99.8,95.1,7,99.7
4817836,22.2,NA,NA,0,0,48.4,NA,NA,7,6.1
4817837,1.4,36,NA,0,38,0.5,96.7,NA,7,94
4817838,1.8,33.5,NA,0,50,0.5,96,NA,7,97.7
4817840,7.5,NA,NA,0,50,6.9,NA,NA,7,97.7
4817841,NA,NA,NA,NA,NA,NA,NA,NA,NA,NA
4817842,16,NA,NA,0,50,22.7,NA,NA,7,97.7
4817843,11.4,NA,NA,0,50,12.3,NA,NA,7,97.7
4817845,5.7,40.8,64,0,48.1,4.6,97.9,99.9,7,97
4817848,6.1,22.4,20,0,37.9,5.1,87.1,52,7,94
4817849,9.2,55.2,25,0,68.4,9.3,99.7,69.6,7,99.8
4817850,NA,NA,NA,NA,NA,NA,NA,NA,NA,NA
4817853,2.2,30,50,0,30.4,0.7,94.3,98.9,7,91
4817854,NA,NA,NA,NA,NA,NA,NA,NA,NA,NA
4817855,8.7,NA,NA,0,0,8.4,NA,NA,7,6.1
4817856,6.1,36.8,52,0,58.3,5.1,96.9,99.3,7,98.9
4817857,3.1,NA,NA,0,71.4,1.1,NA,NA,7,99.9
4817859,0,NA,NA,0,80,0.2,NA,NA,7,99.9
4817860,6.2,18.4,NA,0,38.5,5.3,76.4,NA,7,94.1
4817865,5,NA,NA,0,28.6,3.4,NA,NA,7,90.2
4818002,11.9,7,12,1.5,4.5,12.9,10.6,19.5,14.5,21.4
4818015,15.4,9.5,14.1,5.7,8,20.7,24.3,29.5,19.5,51.1
4818018,20.3,13.8,21,6.1,12.9,39.4,53.4,55.9,20,74.7
4818816,8.9,21,32,2.3,29.1,8.8,84.5,86,15.2,90.5
4818818,NA,NA,NA,NA,NA,NA,NA,NA,NA,NA
4819006,12.7,7.1,10.9,6.8,6.9,14.3,11.1,14.7,21.2,41.6
4819008,33.9,11.2,16,26.8,10.7,88.9,36,36.3,60.8,67.5
4819009,18.9,9.3,10,13.6,7.6,33.6,23.4,11.7,32.6,47.7
4819011,7.7,3.6,16,4.5,5.5,7.1,0.5,36.3,17.7,29.5
4819012,9.2,7.5,11,4.9,5,9.3,13.1,15.1,18.3,25.2
4819014,7.8,6.5,11,7.6,3.5,7.3,8.1,15.1,22.5,15.8
4819038,12.1,9,11.2,11,9.3,13.3,21.6,15.8,28.3,60.2
4819041,18.4,13.1,17,21.3,14.2,31.5,49.1,40.2,48.2,78
4819042,23,12,14,22.9,10.4,51.6,41.4,28,52,66.2
4819044,16.2,10,16,15,0,23.4,28,36.3,34.7,6.1
4819046,25.4,12.2,14,15.9,6.1,62.4,42.8,28,36.5,35.4
4819048,23.6,16,16,9.5,0,54.1,65.8,36.3,25.7,6.1
4819049,20.1,20.2,24,14.4,7.2,38.5,82.7,65.9,33.8,44.5
4819054,19.2,9.6,16,26.9,5.8,34.7,25.2,36.3,61,32.6
4819056,17.3,15.2,26,20.8,14.6,27.3,61.4,72.5,47,79.2
4819058,28.8,10.6,14,33.8,11.7,75.1,31.7,28,75,71.1
4819059,18,15.9,20,15.9,9.7,29.8,65,52,36.5,62.3
4819066,19,12.3,15.2,23,13.1,34,43.4,32.7,52.3,75.3
4819068,22.6,10.9,13.6,17.1,6.7,49.9,33.6,25.8,38.5,40.1
4819071,18.9,6.7,12,13.9,10.4,33.6,9.1,19.5,33,66.2
4819072,19.8,11.6,16,25.5,10.6,37.1,38.6,36.3,58.2,67
4819074,17.1,9,15.6,8.8,9.7,26.8,21.6,33.8,24.4,62.3
4819815,5.1,18.8,30,0,43.5,3.5,78,81.9,7,95.8
4819826,9.1,NA,NA,0,62.5,9,NA,NA,7,99.3
5901003,12.2,3.8,5,1.3,4.7,13.5,0.8,0.8,14.3,22.9
5901006,14.1,6.6,16.8,7.4,4.1,17.6,8.6,39.3,22.2,18.9
5901012,14.6,6.1,12.4,22.3,7.5,18.6,6.2,21.8,50.7,47
5901017,18.1,6.1,10,5.1,7,30.2,6.2,11.7,18.7,42.5
5901019,25.6,12.1,15.8,10.3,8.6,63.1,42.4,34.3,26.9,55.8
5901022,23.8,9.1,13.1,17,6.2,54.9,22.3,24.3,38.3,36.3
5901028,23.8,8.7,10.2,44.2,8.6,54.9,19.3,12.9,88.8,55.8
5901035,23.1,6.7,9.4,7.1,6.9,52,9.1,9.3,21.8,41.6
5901037,29.4,8.6,10.8,11.3,7.3,77.1,18.8,14.3,29,45.2
5901039,24.3,8.2,12.2,11.7,6,57.1,16.4,21.3,29.5,34.4
5901040,26.2,9.4,8.5,1.6,6.3,65.2,23.8,6.9,14.5,37.1
5901043,23.8,9.6,17,15.1,4.1,54.9,25.2,40.2,34.8,18.9
5901046,31,6.9,6.4,2.2,5.3,81.9,10.1,2.4,15,27.7
5901048,24.5,9.4,9,17,12.4,58,23.8,8.2,38.3,73.3
5901801,10.5,NA,NA,0,42.9,11.1,NA,NA,7,95.6
5901802,NA,NA,NA,NA,NA,NA,NA,NA,NA,NA
5901803,10.3,NA,NA,0,37.5,10.9,NA,NA,7,93.8
5901804,17.2,NA,NA,0,25,27.1,NA,NA,7,88.6
5901805,NA,NA,NA,NA,NA,NA,NA,NA,NA,NA
5901806,15.6,12,NA,0,10,21.3,41.4,NA,7,64.5
5901808,NA,NA,NA,NA,NA,NA,NA,NA,NA,NA
5903004,38.5,15.8,20,24.3,5.4,94.8,64.7,52,55.3,28.6
5903010,36.2,20.1,16.8,25.1,7.4,92.3,82.5,39.3,57.4,46.1
5903011,27.6,18.8,24,34.5,11.5,70.6,78,65.9,76.1,70.4
5903013,28.6,16,17.4,17.7,8.8,74.4,65.8,41.4,39.7,57.2
5903015,20.6,11.6,17.5,45.8,9.4,40.6,38.6,41.7,90.5,60.8
5903017,32.9,16.2,17.2,11.8,3.9,86.6,66.7,41.1,29.8,17.7
5903019,28,22.8,30,34.4,6.2,72,87.7,81.9,75.9,36.3
5903023,35.7,19,24,32.4,5.7,91.7,78.8,65.9,71.9,31.5
5903027,48.3,NA,NA,44.4,0,99,NA,NA,89.2,6.1
5903032,45.4,24.4,23,55.8,9.6,98.3,89.9,62.3,96.5,61.9
5903039,31.5,22.4,17.5,12.6,13.3,83.4,87.1,41.7,30.7,75.9
5903041,27.1,12.4,12,18.9,9.5,68.8,44.1,19.5,42.6,61.4
5903043,22.4,8.8,10.4,19,8.5,49.1,20.1,13.2,42.8,54.9
5903045,24.8,10.3,13.1,25.4,6.3,59.1,29.8,24.3,58,37.1
5903047,17.9,18,22,18.1,12.8,29.4,75.1,59.1,40.6,74.5
5903050,32.4,13.1,22,33.6,7.9,85.6,49.1,59.1,74.7,50.2
5903052,22.1,21.6,26.2,18.2,14,47.8,85.6,73.8,41,77.7
5903056,20.9,10.2,14.6,15,7.5,41.8,29.5,30.6,34.7,47
5903058,20.6,7,13.2,18.5,6.8,40.6,10.6,24.8,41.7,40.9
5903060,36,19,21.2,9.8,10.3,92,78.8,56.8,26.3,65.8
5903807,10.5,NA,NA,0,0,11.1,NA,NA,7,6.1
5905005,27.1,8.6,14,27.5,4.1,68.8,18.8,28,62,18.9
5905009,23.8,6,7,33.7,8.1,54.9,5.6,3.2,74.9,52
5905014,27.8,11.3,14.1,63.2,11.4,71.2,36.7,29.5,98.5,70
5905018,22.9,6.3,9.5,63.7,6.9,51.2,7.1,9.6,98.6,41.6
5905023,16.3,7.2,9.2,46.5,7.5,23.7,11.6,8.9,91,47
5905026,23.4,6,12.8,29,8.7,53.2,5.6,23,65.1,56.5
5905030,28.1,8,10.4,29.1,7.5,72.4,15.3,13.2,65.2,47
5905032,34.8,14.9,19.4,24.9,7,90.2,59.7,48.7,56.2,42.5
5905037,43.1,16.4,18,27.7,7.7,97.5,67.3,44,62.3,48.6
5905042,41.1,26.2,26,41.3,12,96.8,91.7,72.5,85.7,72.2
5905050,37.4,12.2,13.2,14.5,7.5,93.8,42.8,24.8,34,47
5905052,32.7,13.8,18,22.1,6,86.2,53.4,44,49.9,34.4
5905054,23.3,20.7,24,11.7,8.5,52.8,83.7,65.9,29.5,54.9
5907005,46.3,11.4,13.2,7.8,2.8,98.6,37.3,24.8,22.9,13.7
5907009,47,17.8,24,13,5.6,98.7,74.4,65.9,31.5,30.4
5907014,37.4,11.6,15,18.6,5.8,93.8,38.6,31.9,41.9,32.6
5907022,33.6,11.2,11.2,13.7,1.6,88.3,36,15.8,32.8,12.4
5907024,29,14.8,20.8,25.8,8,75.9,59.1,55,58.9,51.1
5907026,26.8,14.9,19.5,22.3,11.7,67.6,59.7,49,50.7,71.1
5907028,34,11,12.9,19,5.7,89.1,34.4,23.2,42.8,31.5
5907035,31.9,8.1,12.1,19,6.1,84.3,16,21.1,42.8,35.4
5907041,30.3,11.8,16.3,15.3,5.7,79.6,40,38.2,35.2,31.5
5907047,34.9,10.9,14.7,7.6,5.4,90.4,33.6,30.8,22.5,28.6
5907048,27.5,9.7,9.6,6.2,5.2,70.3,26,10,20.2,26.8
5907049,32.3,9.3,7.8,9.6,6.2,85.3,23.4,4.5,25.9,36.3
5907051,23.9,6.9,7.2,20.1,6.9,55.3,10.1,3.6,45.5,41.6
5907053,42.5,20,21,19.3,8.3,97.3,82,55.9,43.5,53.5
5907055,33.4,14.2,16.8,9.9,4.2,88.1,55.7,39.3,26.4,19.5
5907801,13.3,NA,NA,50,0,15.4,NA,NA,93.5,6.1
5907802,36.1,12.8,9.2,6.1,4.3,92.1,46.6,8.9,20,20.2
5907803,41.6,13.4,12.8,4.8,8,97,51,23,18.1,51.1
5907805,11.8,NA,NA,0,28.6,12.8,NA,NA,7,90.2
5907806,NA,NA,NA,NA,NA,NA,NA,NA,NA,NA
5907807,5.9,NA,NA,0,50,4.9,NA,NA,7,97.7
5907808,NA,NA,NA,NA,NA,NA,NA,NA,NA,NA
5907809,8.3,NA,NA,0,0,7.9,NA,NA,7,6.1
5907850,NA,NA,NA,NA,NA,NA,NA,NA,NA,NA
5909009,31.2,14.3,17,15.3,7.5,82.5,56.2,40.2,35.2,47
5909014,33.3,24.8,26,19.2,15.4,87.7,90.2,72.5,43.3,80.3
5909016,29.3,21.6,22,17.1,17.1,76.8,85.6,59.1,38.5,82.4
5909020,19,9.9,14.9,11.3,4.7,34,27.1,31.4,29,22.9
5909027,32.5,10,12.4,6.8,5.1,85.9,28,21.8,21.2,26
5909032,26,11.4,13,14,4.5,64.4,37.3,23.7,33.1,21.4
5909034,19.9,6.4,9.5,3.6,7.2,37.5,7.6,9.6,16.4,44.5
5909035,29.7,10.5,10.8,13.5,6.1,78.2,31.3,14.3,32.5,35.4
5909036,27.2,10.8,18.5,6,10.4,69.2,32.8,46.4,19.9,66.2
5909048,33.5,11.8,12,7.3,1.8,88.2,40,19.5,22.1,12.5
5909052,18.3,8.3,13.1,5,4.1,31.1,16.9,24.3,18.4,18.9
5909056,15.6,8.2,12.2,11.3,6.3,21.3,16.4,21.3,29,37.1
5909060,18.4,12.9,16.5,16.1,14.3,31.5,47.5,38.8,36.9,78.5
5909062,19.8,12.5,19.5,32.1,7.5,37.1,44.8,49,71.4,47
5909804,11.1,NA,NA,0,50,11.9,NA,NA,7,97.7
5909805,NA,NA,NA,NA,NA,NA,NA,NA,NA,NA
5909806,22.2,NA,NA,0,0,48.4,NA,NA,7,6.1
5909807,13.3,NA,NA,0,22.2,15.4,NA,NA,7,86.8
5909808,NA,NA,NA,NA,NA,NA,NA,NA,NA,NA
5909809,NA,NA,NA,NA,NA,NA,NA,NA,NA,NA
5909810,10,NA,NA,0,0,10.4,NA,NA,7,6.1
5909812,15.4,NA,NA,0,50,20.7,NA,NA,7,97.7
5909814,NA,NA,NA,NA,NA,NA,NA,NA,NA,NA
5909815,NA,NA,NA,NA,NA,NA,NA,NA,NA,NA
5909816,9.1,NA,NA,0,50,9,NA,NA,7,97.7
5909817,NA,NA,NA,NA,NA,NA,NA,NA,NA,NA
5909818,NA,NA,NA,NA,NA,NA,NA,NA,NA,NA
5909819,NA,NA,NA,NA,NA,NA,NA,NA,NA,NA
5909821,78,21,22,5.3,5.3,99.9,84.5,59.1,19,27.7
5909824,16.3,NA,NA,15.4,23.1,23.7,NA,NA,35.4,87.3
5909825,NA,NA,NA,NA,NA,NA,NA,NA,NA,NA
5909826,5.6,NA,NA,0,33.3,4.4,NA,NA,7,92.2
5909827,13.7,NA,NA,11.8,29.4,16.5,NA,NA,29.8,90.6
5909830,60,11.1,10.1,2.2,0.6,99.7,35.3,12.8,15,12.2
5909831,11.1,NA,NA,0,0,11.9,NA,NA,7,6.1
5909832,10,36.4,38,4.2,27.1,10.4,96.8,93.6,17.2,89.6
5909833,NA,NA,NA,NA,NA,NA,NA,NA,NA,NA
5909834,NA,NA,NA,NA,NA,NA,NA,NA,NA,NA
5909835,11.1,NA,NA,0,0,11.9,NA,NA,7,6.1
5909836,NA,NA,NA,NA,NA,NA,NA,NA,NA,NA
5909837,9.5,NA,NA,0,33.3,9.8,NA,NA,7,92.2
5909838,NA,NA,NA,NA,NA,NA,NA,NA,NA,NA
5909839,11,25.6,24,12.1,36.4,11.6,91,65.9,30.1,93.4
5909841,25,NA,NA,0,0,60.4,NA,NA,7,6.1
5909842,7.7,NA,NA,0,0,7.1,NA,NA,7,6.1
5909843,NA,NA,NA,NA,NA,NA,NA,NA,NA,NA
5909844,NA,NA,NA,NA,NA,NA,NA,NA,NA,NA
5909845,NA,NA,NA,NA,NA,NA,NA,NA,NA,NA
5909847,NA,NA,NA,NA,NA,NA,NA,NA,NA,NA
5909848,NA,NA,NA,NA,NA,NA,NA,NA,NA,NA
5909850,NA,NA,NA,NA,NA,NA,NA,NA,NA,NA
5909851,NA,NA,NA,NA,NA,NA,NA,NA,NA,NA
5909852,NA,NA,NA,NA,NA,NA,NA,NA,NA,NA
5909856,25.4,18.5,20,0,14.7,62.4,76.9,52,7,79.4
5909875,10,NA,NA,0,0,10.4,NA,NA,7,6.1
5909876,22.2,NA,NA,0,0,48.4,NA,NA,7,6.1
5909877,21.3,NA,NA,0,26.7,43.9,NA,NA,7,89.5
5909878,12.5,NA,NA,0,0,14,NA,NA,7,6.1
5909879,22.7,19,18,0,14.8,50.3,78.8,44,7,79.6
5909880,14.7,NA,NA,0,28.6,18.8,NA,NA,7,90.2
5909881,47.8,NA,NA,0,12,98.9,NA,NA,7,72.2
5909882,15.4,NA,NA,0,28.6,20.7,NA,NA,7,90.2
5909883,NA,NA,NA,NA,NA,NA,NA,NA,NA,NA
5909884,44.2,10.6,12,2.2,2.2,97.8,31.7,19.5,15,12.8
5909885,6.5,NA,NA,0,0,5.7,NA,NA,7,6.1
5915001,17.3,6.8,9.3,3.7,4,27.3,9.6,9.2,16.5,18.2
5915002,20.1,10.9,19.1,3.8,5.3,38.5,33.6,48.2,16.7,27.7
5915004,15.3,8.8,10.6,4.3,3.8,20.4,20.1,13.8,17.4,17.1
5915007,37.3,12.8,13.5,9.1,5.3,93.7,46.6,25.5,24.9,27.7
5915011,20.5,6.9,8.6,7,5.1,40.2,10.1,7.1,21.6,26
5915015,20,15.9,19.4,3.4,4.9,38,65,48.7,16.2,24.5
5915020,11.5,30,11.3,4.8,2.1,12.4,94.3,16.1,18.1,12.7
5915022,17,13.2,17.9,20.4,6.3,26.4,49.9,42.5,46.2,37.1
5915025,17.7,13.5,18,10.9,6,28.6,51.4,44,28.1,34.4
5915029,16.1,10.1,16,18.6,6.8,23.1,29,36.3,41.9,40.9
5915034,16.3,11.4,14.2,6.1,4.4,23.7,37.3,29.7,20,20.7
5915036,29.9,7,4,0,3.8,78.6,10.6,0.3,7,17.1
5915038,13.2,5.9,5,4.7,4.7,15.1,5.2,0.8,17.9,22.9
5915039,15.7,7.4,12,5,4.5,21.7,12.6,19.5,18.4,21.4
5915043,14.4,7,8.9,6.9,5,18.2,10.6,7.7,21.4,25.2
5915046,19.2,7.4,9.1,21.5,6.1,34.7,12.6,8.6,48.8,35.4
5915051,17.5,11.1,15.7,13.8,5.6,27.9,35.3,34.1,32.9,30.4
5915055,28.5,15.4,11.2,21.1,5.2,73.9,62.6,15.8,47.6,26.8
5915062,25.1,7.4,7.6,11,7.2,61.2,12.6,4.2,28.3,44.5
5915065,25.2,4.2,5,2,7.9,61.6,1.3,0.8,14.8,50.2
5915070,18.2,6.5,9.8,3.1,5.4,30.7,8.1,10.4,15.8,28.6
5915075,16.1,6.9,11.3,8.3,4.8,23.1,10.1,16.1,23.6,23.7
5915801,26.7,NA,NA,33.3,0,67.1,NA,NA,73.8,6.1
5915802,17.9,13.3,9.5,1.1,2.7,29.4,50.6,9.6,14.2,13.5
5915803,19.8,13.7,9.5,4.5,11.7,37.1,52.9,9.6,17.7,71.1
5915804,NA,NA,NA,NA,NA,NA,NA,NA,NA,NA
5915805,9.1,NA,NA,0,0,9,NA,NA,7,6.1
5915806,16.4,9.7,9,0,1.7,24,26,8.2,7,12.4
5915807,16.7,15,26,0,26.5,25.1,60.3,72.5,7,89.4
5915808,21.6,20,21.2,12.7,7.5,45.6,82,56.8,30.9,47
5915809,NA,NA,NA,NA,NA,NA,NA,NA,NA,NA
5915810,NA,NA,NA,NA,NA,NA,NA,NA,NA,NA
5915811,10,NA,NA,0,0,10.4,NA,NA,7,6.1
5915813,NA,NA,NA,NA,NA,NA,NA,NA,NA,NA
5915816,26.3,NA,NA,0,0,65.7,NA,NA,7,6.1
5915825,74.7,19.6,19,5.4,5.4,99.9,80.7,47.7,19.3,28.6
5915830,12.2,NA,NA,14.3,21.4,13.5,NA,NA,33.5,86.1
5915840,NA,NA,NA,NA,NA,NA,NA,NA,NA,NA
5917005,34.7,4.8,4.6,11.6,3.4,90,2.4,0.5,29.5,15.4
5917010,45,8.1,9.7,5.2,4.3,98.3,16,10.2,18.9,20.2
5917015,27.2,5.5,7,8.9,3.2,69.2,4.1,3.2,24.5,14.8
5917021,23.1,8.2,8.3,23.9,5.2,52,16.4,6.3,54.5,26.8
5917027,34.8,13.7,11.6,10.6,8.4,90.2,52.9,17.1,27.5,54.3
5917029,42.4,15.9,14.3,9.9,9.3,97.3,65,29.9,26.4,60.2
5917030,34.2,8,8,59,5.7,89.4,15.3,5.4,97.6,31.5
5917034,23.2,13.1,16.6,30.6,6.2,52.4,49.1,39.1,68.3,36.3
5917040,20.7,9.6,13.7,29.5,7.8,41,25.2,26.1,66.1,49.5
5917041,19.3,4.9,6.4,9.8,4.6,35.1,2.6,2.4,26.3,22.2
5917042,26,6.6,5.4,13.5,6.2,64.4,8.6,1.2,32.5,36.3
5917044,13.7,6.8,9.4,4,2.7,16.5,9.6,9.3,16.8,13.5
5917047,20.9,6.1,8.8,13.6,3.1,41.8,6.2,7.5,32.6,14.4
5917049,18.1,4.1,5.2,4,5,30.2,1.2,1,16.8,25.2
5917052,20.3,8.2,11.5,7.2,4.6,39.4,16.4,16.6,22,22.2
5917054,24.1,9.6,11,6.8,7.7,56.2,25.2,15.1,21.2,48.6
5917056,20,20.4,8,17.4,0,38,83.2,5.4,39.1,6.1
5917801,13.2,34,45,0,35.3,15.1,96.3,97.6,7,93.1
5917802,9.5,NA,NA,0,25,9.8,NA,NA,7,88.6
5917803,46.9,17,14.8,1.1,9,98.6,70.6,31.1,14.2,58.3
5917804,13.3,26.4,28,6.4,12.8,15.4,91.8,77.1,20.6,74.5
5917805,NA,NA,NA,NA,NA,NA,NA,NA,NA,NA
5917809,15.6,NA,NA,0,12.5,21.3,NA,NA,7,73.7
5917811,8.3,NA,NA,0,25,7.9,NA,NA,7,88.6
5917812,27.7,14.7,16.4,3.2,5.9,70.8,58.4,38.4,15.9,33.5
5917815,12.5,NA,NA,0,40,14,NA,NA,7,94.6
5917819,15.2,NA,NA,11.1,11.1,20.1,NA,NA,28.6,69
5919008,28.7,10,11.1,14.8,5.7,74.8,28,15.5,34.3,31.5
5919012,35.9,20.1,23.7,26.5,5.7,92,82.5,63.8,60.2,31.5
5919013,27.1,8.4,10,11.4,6.7,68.8,17.4,11.7,29.2,40.1
5919015,37.5,8.9,9,19.7,5.5,94,20.9,8.2,44.4,29.5
5919016,28.4,11.9,13.6,25.4,6.4,73.6,40.5,25.8,58,37.7
5919017,32.1,8.8,10.6,12.8,6.2,84.8,20.1,13.8,31.1,36.3
5919021,30.9,8.3,11.6,21.9,5.6,81.6,16.9,17.1,49.5,30.4
5919033,24.9,13,17,21.9,5.2,59.5,48.3,40.2,49.5,26.8
5919035,31.3,14.4,11.6,28.8,7.2,82.9,56.8,17.1,64.7,44.5
5919043,28.7,7.6,9,7.9,4.9,74.8,13.6,8.2,22.9,24.5
5919046,18,7.3,8.8,8.1,6.1,29.8,12.1,7.5,23.2,35.4
5919049,38.1,7.5,6.5,8.1,6.1,94.4,13.1,2.6,23.2,35.4
5919051,21.3,11.6,13,22.5,5.5,43.9,38.6,23.7,51.1,29.5
5919801,12.9,NA,NA,25,25,14.6,NA,NA,56.8,88.6
5919802,NA,NA,NA,NA,NA,NA,NA,NA,NA,NA
5919803,5.9,NA,NA,0,40,4.9,NA,NA,7,94.6
5919804,8,35.2,34,10.8,35.1,7.5,96.6,88.9,28,93
5919808,NA,NA,NA,NA,NA,NA,NA,NA,NA,NA
5919809,5.8,39.2,36,7.7,30.8,4.8,97.6,91.5,22.7,91.2
5919811,NA,NA,NA,NA,NA,NA,NA,NA,NA,NA
5919812,NA,NA,NA,NA,NA,NA,NA,NA,NA,NA
5919813,NA,NA,NA,NA,NA,NA,NA,NA,NA,NA
5919814,8.3,NA,NA,0,33.3,7.9,NA,NA,7,92.2
5919815,9.1,NA,NA,25,0,9,NA,NA,56.8,6.1
5919816,9.5,NA,NA,0,50,9.8,NA,NA,7,97.7
5919817,NA,NA,NA,NA,NA,NA,NA,NA,NA,NA
5919818,10,NA,NA,0,0,10.4,NA,NA,7,6.1
5919820,NA,NA,NA,NA,NA,NA,NA,NA,NA,NA
5919821,NA,NA,NA,NA,NA,NA,NA,NA,NA,NA
5919822,9.3,14.4,19.5,7.6,33.9,9.4,56.8,49,22.5,92.7
5921007,24.6,11.1,13.1,13,5.2,58.3,35.3,24.3,31.5,26.8
5921008,25.8,6.7,8.2,12.5,6.9,63.8,9.1,6.2,30.6,41.6
5921010,25,8.7,11.9,10.9,7.5,60.4,19.3,17.8,28.1,47
5921014,44.4,17.8,16.6,4.4,7.6,98,74.4,39.1,17.6,47.7
5921016,20,7.5,10,7.7,7.3,38,13.1,11.7,22.7,45.2
5921018,44.3,11.4,13.1,5.6,3.6,97.9,37.3,24.3,19.4,16.2
5921023,56.3,9.2,8.4,6.3,2.3,99.6,22.9,6.5,20.4,12.9
5921030,40.9,7.9,6.5,3.4,3.4,96.7,14.7,2.6,16.2,15.4
5921032,23.1,15,16.6,6.3,8,52,60.3,39.1,20.4,51.1
5921034,40.8,7.8,7.2,4.1,3.5,96.6,14.4,3.6,17,15.8
5921036,36.7,14.4,15.3,5.5,4.2,93,56.8,33.2,19.4,19.5
5921804,14.1,13.2,NA,0,33.3,17.6,49.9,NA,7,92.2
5921805,10.2,NA,NA,0,47.1,10.8,NA,NA,7,96.7
5921806,17.6,NA,NA,28.6,28.6,28.3,NA,NA,64.1,90.2
5921807,13.8,17,36,10.5,31.6,16.8,70.6,91.5,27.3,91.5
5923008,27.4,14.6,16.2,38.3,8.1,70,58,38.1,82.1,52
5923019,13.8,9.3,12,10.2,7.4,16.8,23.4,19.5,26.8,46.1
5923025,11.9,7.7,11,4.2,10.1,12.9,14,15.1,17.2,65.1
5923033,23.6,12,16,22,4.9,54.1,41.4,36.3,49.7,24.5
5923035,32.8,9.7,9.2,15.5,7.5,86.4,26,8.9,35.7,47
5923037,24.2,10.1,12.8,24.1,8.3,56.6,29,23,55,53.5
5923039,28.8,11,11.2,26.3,7,75.1,34.4,15.8,59.8,42.5
5923047,27.5,NA,NA,13.6,13.6,70.3,NA,NA,32.6,76.6
5923049,17.1,15.6,10,15.4,10.8,26.8,63.7,11.7,35.4,67.9
5923801,16.7,NA,NA,0,33.3,25.1,NA,NA,7,92.2
5923802,NA,NA,NA,NA,NA,NA,NA,NA,NA,NA
5923803,14.3,NA,NA,0,22.2,18,NA,NA,7,86.8
5923804,NA,NA,NA,NA,NA,NA,NA,NA,NA,NA
5923805,NA,NA,NA,NA,NA,NA,NA,NA,NA,NA
5923806,NA,NA,NA,NA,NA,NA,NA,NA,NA,NA
5923807,9.4,26,25,0,33.3,9.6,91.5,69.6,7,92.2
5923808,7.9,30.4,24,0,45.9,7.4,94.7,65.9,7,96.4
5923809,NA,NA,NA,NA,NA,NA,NA,NA,NA,NA
5923810,NA,NA,NA,NA,NA,NA,NA,NA,NA,NA
5923813,9.7,NA,NA,0,37.5,10.1,NA,NA,7,93.8
5923814,NA,NA,NA,NA,NA,NA,NA,NA,NA,NA
5923816,12.6,17.6,14,4.9,17.1,14.2,73.8,28,18.3,82.4
5923822,NA,NA,NA,NA,NA,NA,NA,NA,NA,NA
5923823,16.7,NA,NA,0,50,25.1,NA,NA,7,97.7
5923824,NA,NA,NA,NA,NA,NA,NA,NA,NA,NA
5923825,NA,NA,NA,NA,NA,NA,NA,NA,NA,NA
5924025,30.5,13.5,12.4,4.1,9,80.3,51.4,21.8,17,58.3
5924029,23.1,NA,NA,33.3,0,52,NA,NA,73.8,6.1
5924030,32.1,33.5,32,23.3,27.9,84.8,96,86,53.1,89.9
5924034,26.1,10,12.8,8.1,5.4,64.8,28,23,23.2,28.6
5924039,38.8,19,30,6.5,0,95.2,78.8,81.9,20.8,6.1
5924042,25.5,8.9,9.4,6.7,4.9,62.8,20.9,9.3,21.1,24.5
5924048,27.2,18.8,22,11.8,8.2,69.2,78,59.1,29.8,52.7
5924052,35.4,24.4,27.2,12.5,13.4,91.2,89.9,75.2,30.6,76.2
5924054,36.9,17.4,19.8,10.9,7.9,93.2,72.6,49.7,28.1,50.2
5924803,NA,NA,NA,NA,NA,NA,NA,NA,NA,NA
5924804,18.6,12,10,5.9,8.8,32.3,41.4,11.7,19.8,57.2
5924805,NA,NA,NA,NA,NA,NA,NA,NA,NA,NA
5924806,9.4,NA,NA,0,20,9.6,NA,NA,7,85.1
5924812,14.5,13.2,12,0,13.6,18.4,49.9,19.5,7,76.6
5924813,NA,NA,NA,NA,NA,NA,NA,NA,NA,NA
5924814,NA,NA,NA,NA,NA,NA,NA,NA,NA,NA
5924817,27.6,NA,NA,33.3,33.3,70.6,NA,NA,73.8,92.2
5924818,NA,NA,NA,NA,NA,NA,NA,NA,NA,NA
5924820,16.7,NA,NA,33.3,0,25.1,NA,NA,73.8,6.1
5924833,NA,NA,NA,NA,NA,NA,NA,NA,NA,NA
5924835,9.8,NA,NA,0,16.7,10.1,NA,NA,7,81.9
5924836,5.6,NA,NA,0,50,4.4,NA,NA,7,97.7
5924840,11.6,NA,NA,12.5,12.5,12.5,NA,NA,30.6,73.7
5924843,NA,NA,NA,NA,NA,NA,NA,NA,NA,NA
5926005,31.9,6.9,8.6,9.1,3.9,84.3,10.1,7.1,24.9,17.7
5926010,28.3,11.4,12.8,8.9,4.9,73.2,37.3,23,24.5,24.5
5926014,15.3,9.6,17.2,26.1,6,20.4,25.2,41.1,59.4,34.4
5926021,34.3,14.4,15.5,17,9.3,89.5,56.8,33.6,38.3,60.2
5926022,28.7,8.6,8.7,11.9,6.7,74.8,18.8,7.3,30,40.1
5926024,24.6,10.1,10.7,10.7,7,58.3,29,14,27.7,42.5
5926801,19,17,16,9.1,13.6,34,70.6,36.3,24.9,76.6
5926802,NA,NA,NA,NA,NA,NA,NA,NA,NA,NA
5927008,30.9,12.6,15.2,36.6,7.8,81.6,45.3,32.7,79.4,49.5
5927010,31.6,17.2,17,13.4,8.7,83.7,71.8,40.2,32.4,56.5
5927012,31.5,11.1,13.2,9,7.1,83.4,35.3,24.8,24.7,43.5
5927016,33.7,16.7,15,19.6,15.2,88.5,68.9,31.9,44.2,80
5927018,42.9,20.6,19.6,20.2,9.2,97.4,83.5,49.4,45.6,59.6
5927020,32,41.6,37,3.3,16.7,84.5,98.1,92.9,16,81.9
5927802,22,13.8,18,16.7,25.8,47.4,53.4,44,37.7,89.2
5927806,NA,NA,NA,NA,NA,NA,NA,NA,NA,NA
5929005,34.5,11.5,13.9,12.3,6.1,89.7,37.8,26.4,30.3,35.4
5929011,36.6,12.6,13.5,6.1,2.9,92.8,45.3,25.5,20,13.9
5929018,40.1,16.8,16.4,10.2,9.9,96.4,69.5,38.4,26.8,63.8
5929022,31.6,13.2,11.4,7,3.3,83.7,49.9,16.4,21.6,15.1
5929024,28.3,11.8,11.8,15.2,7.7,73.2,40,17.6,35,48.6
5929026,25.9,10.4,10.8,9.3,5.6,64.1,30.5,14.3,25.4,30.4
5929028,30.6,11.1,10.4,16.4,8.6,80.6,35.3,13.2,37.3,55.8
5929801,NA,NA,NA,NA,NA,NA,NA,NA,NA,NA
5929803,22.8,20.8,24,12.3,18.5,50.7,83.9,65.9,30.3,83.9
5931006,11.8,6.3,9.9,4,5.4,12.8,7.1,10.6,16.8,28.6
5931012,6.6,5.8,23,1.5,3.7,5.8,4.9,62.3,14.5,16.6
5931017,12.5,10.8,14,8,9.8,14,32.8,28,23,63.1
5931020,9,6.8,6.8,0.7,4.6,8.9,9.6,2.9,14.1,22.2
5931021,22.6,7.6,7,13,7.6,49.9,13.6,3.2,31.5,47.7
5931026,30.7,15.6,18,14.4,10.4,81,63.7,44,33.8,66.2
5931032,31.1,19,28,23.1,30.8,82.2,78.8,77.1,52.6,91.2
5931034,26.7,21.6,24,5.3,5.3,67.1,85.6,65.9,19,27.7
5931801,15.8,NA,NA,0,33.3,22,NA,NA,7,92.2
5931802,8.3,NA,NA,0,0,7.9,NA,NA,7,6.1
5931806,NA,NA,NA,NA,NA,NA,NA,NA,NA,NA
5931807,15,NA,NA,0,33.3,19.6,NA,NA,7,92.2
5931808,4.4,NA,NA,0,40,2.7,NA,NA,7,94.6
5931809,NA,NA,NA,NA,NA,NA,NA,NA,NA,NA
5931812,15,NA,NA,0,28.6,19.6,NA,NA,7,90.2
5931813,16.3,NA,NA,0,21.1,23.7,NA,NA,7,85.9
5931814,23.1,NA,NA,0,0,52,NA,NA,7,6.1
5931815,25,NA,NA,0,33.3,60.4,NA,NA,7,92.2
5931816,21.1,NA,NA,0,0,42.9,NA,NA,7,6.1
5931817,NA,NA,NA,NA,NA,NA,NA,NA,NA,NA
5931818,NA,NA,NA,NA,NA,NA,NA,NA,NA,NA
5931819,NA,NA,NA,NA,NA,NA,NA,NA,NA,NA
5931820,NA,NA,NA,NA,NA,NA,NA,NA,NA,NA
5931821,24.6,19.5,18,0,13.6,58.3,80,44,7,76.6
5931822,NA,NA,NA,NA,NA,NA,NA,NA,NA,NA
5931823,NA,NA,NA,NA,NA,NA,NA,NA,NA,NA
5931824,NA,NA,NA,NA,NA,NA,NA,NA,NA,NA
5931825,NA,NA,NA,NA,NA,NA,NA,NA,NA,NA
5931826,NA,NA,NA,NA,NA,NA,NA,NA,NA,NA
5931827,NA,NA,NA,NA,NA,NA,NA,NA,NA,NA
5931828,9.1,NA,NA,0,0,9,NA,NA,7,6.1
5931829,22.2,NA,NA,0,0,48.4,NA,NA,7,6.1
5931831,9.3,NA,NA,0,23.5,9.4,NA,NA,7,87.5
5931832,NA,NA,NA,NA,NA,NA,NA,NA,NA,NA
5931833,NA,NA,NA,NA,NA,NA,NA,NA,NA,NA
5931834,NA,NA,NA,NA,NA,NA,NA,NA,NA,NA
5931842,23.1,NA,NA,0,0,52,NA,NA,7,6.1
5931843,8.9,27.4,32,5.1,31.6,8.8,92.5,86,18.7,91.5
5931844,12.9,NA,NA,0,23.1,14.6,NA,NA,7,87.3
5933006,27.8,14,16.6,17.8,7.4,71.2,54.5,39.1,39.9,46.1
5933008,30.5,11.9,15.2,13,4.1,80.3,40.5,32.7,31.5,18.9
5933012,30.8,8.8,12,15.8,8.8,81.3,20.1,19.5,36.2,57.2
5933015,33.3,NA,NA,55.6,22.2,87.7,NA,NA,96.3,86.8
5933019,37.4,13.7,18.4,20.1,9.4,93.8,52.9,45.9,45.5,60.8
5933024,31.4,17.8,22,11.6,13.7,83.2,74.4,59.1,29.5,76.9
5933028,36.3,25.2,23,34.4,11.5,92.4,90.7,62.3,75.9,70.4
5933032,42.2,21.4,20,9.2,6.7,97.2,85.2,52,25.2,40.1
5933035,33,11.3,12.6,0.9,5.6,86.7,36.7,22.4,14.1,30.4
5933037,34.3,20.2,20,12.9,19.4,89.5,82.7,52,31.3,84.6
5933039,22.8,6.2,6,10.5,11.2,50.7,6.6,1.9,27.3,69.6
5933042,20.1,8.6,11.7,10.6,5.1,38.5,18.8,17.5,27.5,26
5933044,24.2,7.4,9.6,5.8,7.5,56.6,12.6,10,19.6,47
5933045,12.1,10.4,9,0,3.2,13.3,30.5,8.2,7,14.8
5933054,39.2,14.8,18.6,18.7,6.4,95.5,59.1,46.7,42.1,37.7
5933060,24.5,10.5,16.4,10.5,5.1,58,31.3,38.4,27.3,26
5933067,24.9,13.9,15.8,6.1,11.8,59.5,53.9,34.3,20,71.5
5933068,28.3,17.4,15.2,9.3,12.1,73.2,72.6,32.7,25.4,72.5
5933070,21.7,NA,NA,27.3,9.1,46.1,NA,NA,61.6,58.9
5933072,29.5,15.3,18.4,8.4,12.2,77.5,62.2,45.9,23.8,72.8
5933074,34.3,13.8,20,6.6,9.2,89.5,53.4,52,21,59.6
5933801,12.9,37.5,32,8.7,21.7,14.6,97,86,24.2,86.3
5933802,18.4,NA,NA,0,21.4,31.5,NA,NA,7,86.1
5933803,NA,NA,NA,NA,NA,NA,NA,NA,NA,NA
5933805,0,NA,NA,50,50,0.2,NA,NA,93.5,97.7
5933806,20.7,NA,NA,0,20,41,NA,NA,7,85.1
5933807,14.6,32,44,5.1,10.3,18.6,95.4,97,18.7,65.8
5933808,14.7,NA,NA,0,41.7,18.8,NA,NA,7,95.1
5933809,NA,NA,NA,NA,NA,NA,NA,NA,NA,NA
5933810,NA,NA,NA,NA,NA,NA,NA,NA,NA,NA
5933811,NA,NA,NA,NA,NA,NA,NA,NA,NA,NA
5933812,25,NA,NA,0,20,60.4,NA,NA,7,85.1
5933813,NA,NA,NA,NA,NA,NA,NA,NA,NA,NA
5933814,9.1,NA,NA,0,0,9,NA,NA,7,6.1
5933817,16.7,NA,NA,0,48,25.1,NA,NA,7,96.9
5933819,NA,NA,NA,NA,NA,NA,NA,NA,NA,NA
5933821,9.5,NA,NA,0,0,9.8,NA,NA,7,6.1
5933823,NA,NA,NA,NA,NA,NA,NA,NA,NA,NA
5933824,NA,NA,NA,NA,NA,NA,NA,NA,NA,NA
5933825,NA,NA,NA,NA,NA,NA,NA,NA,NA,NA
5933828,NA,NA,NA,NA,NA,NA,NA,NA,NA,NA
5933829,NA,NA,NA,NA,NA,NA,NA,NA,NA,NA
5933831,NA,NA,NA,NA,NA,NA,NA,NA,NA,NA
5933832,31.3,NA,NA,0,33.3,82.9,NA,NA,7,92.2
5933833,18.4,NA,NA,0,0,31.5,NA,NA,7,6.1
5933834,NA,NA,NA,NA,NA,NA,NA,NA,NA,NA
5933836,8.3,NA,NA,0,50,7.9,NA,NA,7,97.7
5933837,NA,NA,NA,NA,NA,NA,NA,NA,NA,NA
5933839,NA,NA,NA,NA,NA,NA,NA,NA,NA,NA
5933840,NA,NA,NA,NA,NA,NA,NA,NA,NA,NA
5933841,NA,NA,NA,NA,NA,NA,NA,NA,NA,NA
5933842,NA,NA,NA,NA,NA,NA,NA,NA,NA,NA
5933844,12.5,NA,NA,0,0,14,NA,NA,7,6.1
5933845,NA,NA,NA,NA,NA,NA,NA,NA,NA,NA
5933846,NA,NA,NA,NA,NA,NA,NA,NA,NA,NA
5933848,NA,NA,NA,NA,NA,NA,NA,NA,NA,NA
5933849,15,NA,NA,0,28.6,19.6,NA,NA,7,90.2
5933850,NA,NA,NA,NA,NA,NA,NA,NA,NA,NA
5933851,NA,NA,NA,NA,NA,NA,NA,NA,NA,NA
5933852,NA,NA,NA,NA,NA,NA,NA,NA,NA,NA
5933853,42.9,NA,NA,20,30,97.4,NA,NA,45.1,90.8
5933854,NA,NA,NA,NA,NA,NA,NA,NA,NA,NA
5933855,NA,NA,NA,NA,NA,NA,NA,NA,NA,NA
5933857,NA,NA,NA,NA,NA,NA,NA,NA,NA,NA
5933858,NA,NA,NA,NA,NA,NA,NA,NA,NA,NA
5933859,33.3,NA,NA,0,33.3,87.7,NA,NA,7,92.2
5933861,NA,NA,NA,NA,NA,NA,NA,NA,NA,NA
5933865,NA,NA,NA,NA,NA,NA,NA,NA,NA,NA
5933866,NA,NA,NA,NA,NA,NA,NA,NA,NA,NA
5933868,NA,NA,NA,NA,NA,NA,NA,NA,NA,NA
5933870,NA,NA,NA,NA,NA,NA,NA,NA,NA,NA
5933872,15.8,NA,NA,28.6,28.6,22,NA,NA,64.1,90.2
5933873,0,NA,NA,0,40,0.2,NA,NA,7,94.6
5933874,NA,NA,NA,NA,NA,NA,NA,NA,NA,NA
5933875,NA,NA,NA,NA,NA,NA,NA,NA,NA,NA
5933876,NA,NA,NA,NA,NA,NA,NA,NA,NA,NA
5933877,8.3,NA,NA,0,50,7.9,NA,NA,7,97.7
5933878,NA,NA,NA,NA,NA,NA,NA,NA,NA,NA
5933879,NA,NA,NA,NA,NA,NA,NA,NA,NA,NA
5933880,29.4,8.5,7.9,1.5,5.6,77.1,18.2,4.7,14.5,30.4
5933881,NA,NA,NA,NA,NA,NA,NA,NA,NA,NA
5933882,NA,NA,NA,NA,NA,NA,NA,NA,NA,NA
5933884,19,23,24,8.7,17.4,34,88.1,65.9,24.2,82.8
5933886,NA,NA,NA,NA,NA,NA,NA,NA,NA,NA
5933887,21.6,NA,NA,0,12.5,45.6,NA,NA,7,73.7
5933888,NA,NA,NA,NA,NA,NA,NA,NA,NA,NA
5933889,NA,NA,NA,NA,NA,NA,NA,NA,NA,NA
5933892,NA,NA,NA,NA,NA,NA,NA,NA,NA,NA
5933893,NA,NA,NA,NA,NA,NA,NA,NA,NA,NA
5933895,NA,NA,NA,NA,NA,NA,NA,NA,NA,NA
5933896,0,NA,NA,0,0,0.2,NA,NA,7,6.1
5933897,NA,NA,NA,NA,NA,NA,NA,NA,NA,NA
5933898,12.5,15.2,12,0,30,14,61.4,19.5,7,90.8
5933899,NA,NA,NA,NA,NA,NA,NA,NA,NA,NA
5935010,21.4,10.1,12.6,6.4,3.9,44.5,29,22.4,20.6,17.7
5935012,25.1,7.4,8.4,5,3.2,61.2,12.6,6.5,18.4,14.8
5935016,18.7,8.2,11.3,6.5,4.4,32.7,16.4,16.1,20.8,20.7
5935018,37.6,9.9,10.6,3.7,3,94.1,27.1,13.8,16.5,14.1
5935020,25,9.6,8.8,3.5,4.7,60.4,25.2,7.5,16.3,22.9
5935029,21.4,7,9.1,2.2,3.9,44.5,10.6,8.6,15,17.7
5935801,37.4,11.9,16,2.1,6.9,93.8,40.5,36.3,14.9,41.6
5935802,37.1,12.9,13.9,1.4,4.8,93.5,47.5,26.4,14.4,23.7
5935803,24.9,9,8.5,0,2,59.5,21.6,6.9,7,12.6
5937005,23.2,14.5,25.2,18.6,7.8,52.4,57.4,70.5,41.9,49.5
5937010,22.5,5.2,6.9,9.6,5.2,49.5,3.4,3,25.9,26.8
5937014,28.1,11.3,15.3,11.7,5.8,72.4,36.7,33.2,29.5,32.6
5937017,25.8,9.6,13,13.2,5.1,63.8,25.2,23.7,31.9,26
5937021,21.2,6.7,9.2,8.5,5.8,43.4,9.1,8.9,23.9,32.6
5937022,22.5,14.4,21.2,13.2,7.7,49.5,56.8,56.8,31.9,48.6
5937023,22.5,26.6,23,3.3,13.3,49.5,91.9,62.3,16,75.9
5937024,22.5,11.7,14.9,14.3,7.1,49.5,39.5,31.4,33.5,43.5
5937028,29.5,9.8,14.9,15.8,4.5,77.5,26.6,31.4,36.2,21.4
5937033,32.9,15.6,24.8,19.2,5.2,86.6,63.7,68.7,43.3,26.8
5937041,22.9,13.7,17.2,12.3,9.8,51.2,52.9,41.1,30.3,63.1
5937801,49.7,12.3,11.5,1.9,7.4,99,43.4,16.6,14.7,46.1
5937802,21.6,18,22,0,34.4,45.6,75.1,59.1,7,92.8
5937803,68.5,14,14,0,4.7,99.8,54.5,28,7,22.9
5937805,NA,NA,NA,NA,NA,NA,NA,NA,NA,NA
5939007,15.9,9,16.4,10.1,10.1,22.4,21.6,38.4,26.6,65.1
5939011,19.4,8.8,12.4,11.1,11.4,35.4,20.1,21.8,28.6,70
5939019,13.7,6.7,12.6,23.3,7.6,16.5,9.1,22.4,53.1,47.7
5939023,21.1,11.6,12,5.1,0,42.9,38.6,19.5,18.7,6.1
5939032,30.4,10.7,14.4,10.5,5.1,80,32,30.2,27.3,26
5939037,34.1,11.8,11.8,6.8,5.4,89.3,40,17.6,21.2,28.6
5939039,22.5,13.8,19.6,10.8,9.4,49.5,53.4,49.4,28,60.8
5939043,27.1,18.8,22,10.7,9.2,68.8,78,59.1,27.7,59.6
5939044,39.2,16.3,15.5,5.1,5.8,95.5,66.9,33.6,18.7,32.6
5939045,31.2,14.8,21,6,6.4,82.5,59.1,55.9,19.9,37.7
5939801,18.2,NA,NA,40,40,30.7,NA,NA,84.3,94.6
5939802,44.4,NA,NA,0,0,98,NA,NA,7,6.1
5939803,33.3,NA,NA,0,40,87.7,NA,NA,7,94.6
5939804,16.7,NA,NA,33.3,33.3,25.1,NA,NA,73.8,92.2
5939805,17.5,19.5,20,0,11.5,27.9,80,52,7,70.4
5939806,NA,NA,NA,NA,NA,NA,NA,NA,NA,NA
5939807,NA,NA,NA,NA,NA,NA,NA,NA,NA,NA
5939808,15.4,NA,NA,0,40,20.7,NA,NA,7,94.6
5939811,40.5,NA,NA,0,17.6,96.5,NA,NA,7,83
5941005,33.9,21.5,24,12.2,7.7,88.9,85.3,65.9,30.2,48.6
5941009,20.3,11.5,17.7,9.2,8.7,39.4,37.8,42.3,25.2,56.5
5941010,20.7,9.8,18.4,11.4,8.6,41,26.6,45.9,29.2,55.8
5941012,21.1,9,11.6,7.2,9.3,42.9,21.6,17.1,22,60.2
5941013,22.9,13.8,19.1,15.9,9.8,51.2,53.4,48.2,36.5,63.1
5941014,24,13.8,20,6.7,8.6,55.7,53.4,52,21.1,55.8
5941015,31.9,13.6,15.3,7.5,7.9,84.3,52.2,33.2,22.4,50.2
5941016,32.2,23.4,22.8,13,13,85.1,88.8,61.6,31.5,75
5941017,36.1,16.3,17,7.4,7,92.1,66.9,40.2,22.2,42.5
5941019,22.4,10.5,14.7,8.3,7.3,49.1,31.3,30.8,23.6,45.2
5941021,21.6,12.2,17.6,11,8.3,45.6,42.8,42.1,28.3,53.5
5941025,18.2,NA,NA,75,20,30.7,NA,NA,99.7,85.1
5941026,24.2,16.8,21,4.4,11.5,56.6,69.5,55.9,17.6,70.4
5941027,25.3,18,23.2,9.8,15.2,62,75.1,63,26.3,80
5941039,38.2,27.6,23,13.1,4.9,94.5,92.8,62.3,31.7,24.5
5941041,24.4,25.6,30,19.5,19.5,57.5,91,81.9,43.9,84.7
5941801,15.3,21,20,0,45.5,20.4,84.5,52,7,96.3
5941802,NA,NA,NA,NA,NA,NA,NA,NA,NA,NA
5941803,NA,NA,NA,NA,NA,NA,NA,NA,NA,NA
5941804,NA,NA,NA,NA,NA,NA,NA,NA,NA,NA
5941805,18.2,NA,NA,0,66.7,30.7,NA,NA,7,99.6
5941806,5.6,NA,NA,0,25,4.4,NA,NA,7,88.6
5941807,NA,NA,NA,NA,NA,NA,NA,NA,NA,NA
5941808,NA,NA,NA,NA,NA,NA,NA,NA,NA,NA
5941809,4.5,NA,NA,0,37.5,2.9,NA,NA,7,93.8
5941810,NA,NA,NA,NA,NA,NA,NA,NA,NA,NA
5941811,NA,NA,NA,NA,NA,NA,NA,NA,NA,NA
5941812,16,NA,NA,0,47.4,22.7,NA,NA,7,96.8
5941813,NA,NA,NA,NA,NA,NA,NA,NA,NA,NA
5941817,NA,NA,NA,NA,NA,NA,NA,NA,NA,NA
5941818,NA,NA,NA,NA,NA,NA,NA,NA,NA,NA
5941821,14.9,7.6,NA,0,85.2,19.3,13.6,NA,7,100
5941827,NA,NA,NA,NA,NA,NA,NA,NA,NA,NA
5941828,NA,NA,NA,NA,NA,NA,NA,NA,NA,NA
5941829,NA,NA,NA,NA,NA,NA,NA,NA,NA,NA
5941831,NA,NA,NA,NA,NA,NA,NA,NA,NA,NA
5941833,NA,NA,NA,NA,NA,NA,NA,NA,NA,NA
5941835,NA,NA,NA,NA,NA,NA,NA,NA,NA,NA
5941837,18.8,NA,NA,0,71.4,33.1,NA,NA,7,99.9
5941838,NA,NA,NA,NA,NA,NA,NA,NA,NA,NA
5941839,13.9,NA,NA,18.2,45.5,17,NA,NA,41,96.3
5941840,10.7,NA,NA,0,60,11.4,NA,NA,7,99.1
5941841,11.4,NA,NA,20,60,12.3,NA,NA,45.1,99.1
5941844,NA,NA,NA,NA,NA,NA,NA,NA,NA,NA
5941845,NA,NA,NA,NA,NA,NA,NA,NA,NA,NA
5941848,NA,NA,NA,NA,NA,NA,NA,NA,NA,NA
5941849,NA,NA,NA,NA,NA,NA,NA,NA,NA,NA
5941850,14.3,NA,NA,0,62.5,18,NA,NA,7,99.3
5941851,NA,NA,NA,NA,NA,NA,NA,NA,NA,NA
5941852,NA,NA,NA,NA,NA,NA,NA,NA,NA,NA
5941854,NA,NA,NA,NA,NA,NA,NA,NA,NA,NA
5941855,NA,NA,NA,NA,NA,NA,NA,NA,NA,NA
5941856,NA,NA,NA,NA,NA,NA,NA,NA,NA,NA
5941861,NA,NA,NA,NA,NA,NA,NA,NA,NA,NA
5941862,NA,NA,NA,NA,NA,NA,NA,NA,NA,NA
5941864,NA,NA,NA,NA,NA,NA,NA,NA,NA,NA
5941866,NA,NA,NA,NA,NA,NA,NA,NA,NA,NA
5941868,NA,NA,NA,NA,NA,NA,NA,NA,NA,NA
5941871,NA,NA,NA,NA,NA,NA,NA,NA,NA,NA
5941872,NA,NA,NA,NA,NA,NA,NA,NA,NA,NA
5941873,NA,NA,NA,NA,NA,NA,NA,NA,NA,NA
5941876,NA,NA,NA,NA,NA,NA,NA,NA,NA,NA
5941879,NA,NA,NA,NA,NA,NA,NA,NA,NA,NA
5941880,21.7,NA,NA,0,46.2,46.1,NA,NA,7,96.5
5941881,NA,NA,NA,NA,NA,NA,NA,NA,NA,NA
5941882,NA,NA,NA,NA,NA,NA,NA,NA,NA,NA
5941883,NA,NA,NA,NA,NA,NA,NA,NA,NA,NA
5941884,NA,NA,NA,NA,NA,NA,NA,NA,NA,NA
5941885,NA,NA,NA,NA,NA,NA,NA,NA,NA,NA
5941886,NA,NA,NA,NA,NA,NA,NA,NA,NA,NA
5943008,33.7,16,20,47.2,16.7,88.5,65.8,52,91.7,81.9
5943012,17,12.2,17,5.4,9.8,26.4,42.8,40.2,19.3,63.1
5943017,33.3,20.8,14,4.8,13.3,87.7,83.9,28,18.1,75.9
5943023,19.6,15.3,17.6,6.4,10.6,36.2,62.2,42.1,20.6,67
5943027,NA,NA,NA,NA,NA,NA,NA,NA,NA,NA
5943031,23.5,14.2,22,10.3,13.2,53.6,55.7,59.1,26.9,75.5
5943033,27,22,26,20.6,14.7,68.4,86.4,72.5,46.7,79.4
5943037,38.8,18.4,17,36.2,15,95.2,76.4,40.2,78.7,79.8
5943804,16.7,NA,NA,40,40,25.1,NA,NA,84.3,94.6
5943806,7.8,32.5,45,0,30.4,7.3,95.5,97.6,7,91
5943807,NA,NA,NA,NA,NA,NA,NA,NA,NA,NA
5943808,NA,NA,NA,NA,NA,NA,NA,NA,NA,NA
5943809,NA,NA,NA,NA,NA,NA,NA,NA,NA,NA
5943813,4.5,NA,NA,25,25,2.9,NA,NA,56.8,88.6
5943815,15.9,NA,NA,0,50,22.4,NA,NA,7,97.7
5943816,8.2,NA,NA,0,35.3,7.7,NA,NA,7,93.1
5943817,NA,NA,NA,NA,NA,NA,NA,NA,NA,NA
5943826,NA,NA,NA,NA,NA,NA,NA,NA,NA,NA
5943835,NA,NA,NA,NA,NA,NA,NA,NA,NA,NA
5943836,NA,NA,NA,NA,NA,NA,NA,NA,NA,NA
5943837,19.5,30,40,9.4,21.9,35.7,94.3,95.1,25.5,86.4
5945006,23.3,NA,NA,22.2,22.2,52.8,NA,NA,50.3,86.8
5945010,23.5,15.2,24,17.2,12.5,53.6,61.4,65.9,38.7,73.7
5945012,22.2,15.6,22,11.9,26.2,48.4,63.7,59.1,30,89.3
5945014,28.1,NA,NA,41.7,16.7,72.4,NA,NA,86.2,81.9
5945801,14.6,26.4,20,3.8,46.2,18.6,91.8,52,16.7,96.5
5945802,11.8,40,30,3.5,52.6,12.8,97.7,81.9,16.3,98.4
5945803,12.5,NA,NA,0,62.5,14,NA,NA,7,99.3
5947007,20.2,8,12,14.7,14.7,38.9,15.3,19.5,34.2,79.4
5947012,16.2,9.5,13.6,36,14,23.4,24.3,25.8,78.5,77.7
5947016,44.4,NA,NA,50,33.3,98,NA,NA,93.5,92.2
5947021,NA,NA,NA,NA,NA,NA,NA,NA,NA,NA
5947023,20.4,13.8,19,13.9,24.1,39.8,53.4,47.7,33,87.9
5947026,22.3,14.2,21,14.4,15.5,48.8,55.7,55.9,33.8,80.4
5947027,22.4,10.8,12,4.1,10.2,49.1,32.8,19.5,17,65.5
5947030,26.5,13.2,12,13.2,15.8,66.4,49.9,19.5,31.9,80.8
5947032,33.8,13.6,16,33.3,21.2,88.7,52.2,36.3,73.8,86
5947802,7.7,NA,NA,0,50,7.1,NA,NA,7,97.7
5947803,17.9,25.2,28,0,33.3,29.4,90.7,77.1,7,92.2
5947804,17.9,17.2,22,0,22,29.4,71.8,59.1,7,86.5
5947806,8.3,NA,NA,0,0,7.9,NA,NA,7,6.1
5947807,15.3,41,48,0,33.3,20.4,98,98.3,7,92.2
5947809,16,39.2,40,0,34.9,22.7,97.6,95.1,7,92.9
5947810,NA,NA,NA,NA,NA,NA,NA,NA,NA,NA
5947823,7.1,NA,NA,0,40,6.5,NA,NA,7,94.6
5949005,17.2,5.4,7,38.6,13.7,27.1,3.9,3.2,82.5,76.9
5949011,16,9.3,13.6,12.9,7.7,22.7,23.4,25.8,31.3,48.6
5949013,18.3,8.5,13.6,8.3,15.1,31.1,18.2,25.8,23.6,79.9
5949018,16.5,9.7,16.4,9.4,12,24.3,26,38.4,25.5,72.2
5949020,NA,NA,NA,NA,NA,NA,NA,NA,NA,NA
5949022,26.9,NA,NA,41.7,8.3,68,NA,NA,86.2,53.5
5949024,20,15.4,22,7.3,14.5,38,62.6,59.1,22.1,79
5949028,25.1,17.2,21,14.1,20.3,61.2,71.8,55.9,33.2,85.6
5949032,21.4,10.8,18,20.4,12.2,44.5,32.8,44,46.2,72.8
5949035,17,19,18.5,1.8,35.1,26.4,78.8,46.4,14.7,93
5949038,10.6,8.5,16,11.8,23.5,11.3,18.2,36.3,29.8,87.5
5949039,20,NA,NA,NA,NA,38,NA,NA,NA,NA
5949041,20,NA,NA,0,0,38,NA,NA,7,6.1
5949802,11.6,NA,NA,0,31.6,12.5,NA,NA,7,91.5
5949803,21.8,22.8,16,5.4,37.8,46.6,87.7,36.3,19.3,93.9
5949804,15.9,18.5,20,9.5,28.6,22.4,76.9,52,25.7,90.2
5949805,NA,NA,NA,NA,NA,NA,NA,NA,NA,NA
5949807,13.3,NA,NA,0,0,15.4,NA,NA,7,6.1
5949810,17.6,NA,NA,0,42.9,28.3,NA,NA,7,95.6
5949811,25,NA,NA,0,41.2,60.4,NA,NA,7,95
5949812,18.8,30,30,4.8,31,33.1,94.3,81.9,18.1,91.3
5949813,13.9,28.8,20,5.1,56.4,17,93.4,52,18.7,98.7
5949814,12.4,31.6,36,0,17.2,13.7,95.2,91.5,7,82.6
5949815,12.2,29.6,36,0,28,13.5,94,91.5,7,89.9
5949816,13.3,28.4,16,7.1,35.7,15.4,93.3,36.3,21.8,93.2
5949817,15.7,23,16,11.8,47.1,21.7,88.1,36.3,29.8,96.7
5949818,9.5,NA,NA,0,42.9,9.8,NA,NA,7,95.6
5949819,22.2,NA,NA,0,50,48.4,NA,NA,7,97.7
5949820,5.7,NA,NA,0,18.2,4.6,NA,NA,7,83.6
5949832,41.1,29.2,NA,0,20,96.8,93.7,NA,7,85.1
5949843,21.4,NA,NA,0,27.3,44.5,NA,NA,7,89.7
5949844,6.8,18,30,0,23.5,6.1,75.1,81.9,7,87.5
5949845,10,NA,NA,0,0,10.4,NA,NA,7,6.1
5949846,NA,NA,NA,NA,NA,NA,NA,NA,NA,NA
5949847,20,NA,NA,0,50,38,NA,NA,7,97.7
5951007,16.6,8.9,16,10.6,7,24.6,20.9,36.3,27.5,42.5
5951009,21.2,13,22,3.3,4.4,43.4,48.3,59.1,16,20.7
5951013,15.5,8.4,13,5.9,11.9,21.1,17.4,23.7,19.8,71.9
5951015,21.7,12,20,1.7,8.6,46.1,41.4,52,14.6,55.8
5951017,23.9,15.7,18,11.4,12.1,55.3,64.4,44,29.2,72.5
5951019,18.1,14,17.6,6,9.7,30.2,54.5,42.1,19.9,62.3
5951022,20.5,16,24,15.9,10.1,40.2,65.8,65.9,36.5,65.1
5951028,21.1,9.8,17.5,11.3,12.7,42.9,26.6,41.7,29,74.2
5951031,26.7,17,15.6,11.4,9.8,67.1,70.6,33.8,29.2,63.1
5951032,45.6,20,22,0,22,98.5,82,59.1,7,86.5
5951034,16,11.4,15.6,5.1,9.4,22.7,37.3,33.8,18.7,60.8
5951038,12.9,6.1,11,17.9,9.8,14.6,6.2,15.1,40.1,63.1
5951043,18.3,8,14.4,15.3,5.8,31.1,15.3,30.2,35.2,32.6
5951051,16.5,7.8,11.4,8.2,7.2,24.3,14.4,16.4,23.4,44.5
5951053,24.6,13.4,12,9.7,13.9,58.3,51,19.5,26.1,77.5
5951801,5.6,NA,NA,0,57.1,4.4,NA,NA,7,98.8
5951802,11.1,NA,NA,0,35.3,11.9,NA,NA,7,93.1
5951803,12.3,16,30,0,39,13.6,65.8,81.9,7,94.3
5951804,NA,NA,NA,NA,NA,NA,NA,NA,NA,NA
5951805,16.7,NA,NA,0,40,25.1,NA,NA,7,94.6
5951806,NA,NA,NA,NA,NA,NA,NA,NA,NA,NA
5951807,13.2,NA,NA,0,33.3,15.1,NA,NA,7,92.2
5951809,16.9,30,28,6.9,31,26,94.3,77.1,21.4,91.3
5951810,8.8,15.6,25,0,44,8.6,63.7,69.6,7,95.9
5951811,NA,NA,NA,NA,NA,NA,NA,NA,NA,NA
5951813,NA,NA,NA,NA,NA,NA,NA,NA,NA,NA
5951814,NA,NA,NA,NA,NA,NA,NA,NA,NA,NA
5951815,NA,NA,NA,NA,NA,NA,NA,NA,NA,NA
5951818,30,NA,NA,0,33.3,78.9,NA,NA,7,92.2
5951819,NA,NA,NA,NA,NA,NA,NA,NA,NA,NA
5951820,5.3,NA,NA,0,50,3.8,NA,NA,7,97.7
5951821,NA,NA,NA,NA,NA,NA,NA,NA,NA,NA
5951822,NA,NA,NA,NA,NA,NA,NA,NA,NA,NA
5951823,NA,NA,NA,NA,NA,NA,NA,NA,NA,NA
5951824,NA,NA,NA,NA,NA,NA,NA,NA,NA,NA
5951825,NA,NA,NA,NA,NA,NA,NA,NA,NA,NA
5951826,NA,NA,NA,NA,NA,NA,NA,NA,NA,NA
5951827,9.1,27.6,10,0,57.1,9,92.8,11.7,7,98.8
5951828,13.3,NA,NA,0,28.6,15.4,NA,NA,7,90.2
5951829,11.8,NA,NA,0,40,12.8,NA,NA,7,94.6
5951830,NA,NA,NA,NA,NA,NA,NA,NA,NA,NA
5951831,NA,NA,NA,NA,NA,NA,NA,NA,NA,NA
5951832,NA,NA,NA,NA,NA,NA,NA,NA,NA,NA
5951833,NA,NA,NA,NA,NA,NA,NA,NA,NA,NA
5951840,NA,NA,NA,NA,NA,NA,NA,NA,NA,NA
5951844,NA,NA,NA,NA,NA,NA,NA,NA,NA,NA
5951845,NA,NA,NA,NA,NA,NA,NA,NA,NA,NA
5951846,NA,NA,NA,NA,NA,NA,NA,NA,NA,NA
5951847,NA,NA,NA,NA,NA,NA,NA,NA,NA,NA
5951848,8.2,NA,NA,0,35.3,7.7,NA,NA,7,93.1
5951849,NA,NA,NA,NA,NA,NA,NA,NA,NA,NA
5953007,20.9,15.6,25,10.7,13.6,41.8,63.7,69.6,27.7,76.6
5953012,27.4,16.8,16,24.5,9.4,70,69.5,36.3,55.6,60.8
5953019,26.4,19.8,23.6,10.1,2.9,66.1,81.3,63.6,26.6,13.9
5953023,16.2,9,12.4,10.5,6.5,23.4,21.6,21.8,27.3,38.4
5953033,17.1,8.5,11.2,2.2,7.3,26.8,18.2,15.8,15,45.2
5953038,16.9,6,10.8,3.3,5.9,26,5.6,14.3,16,33.5
5953042,17.6,5.8,8.4,3.3,8.5,28.3,4.9,6.5,16,54.9
5953044,17.5,6,12.4,9.6,6.7,27.9,5.6,21.8,25.9,40.1
5953046,18.9,17.6,18,17.8,11.1,33.6,73.8,44,39.9,69
5953048,18.8,13.2,19,12.7,12.7,33.1,49.9,47.7,30.9,74.2
5953050,28.8,17,30,0,9.5,75.1,70.6,81.9,7,61.4
5953801,17.6,NA,NA,0,28.6,28.3,NA,NA,7,90.2
5953802,12.5,NA,NA,0,0,14,NA,NA,7,6.1
5955003,15.4,10.9,20,2.3,4.1,20.7,33.6,52,15.2,18.9
5955005,14.4,8.8,16,20.3,10.9,18.2,20.1,36.3,45.9,68.2
5955010,11.5,8.3,12,6.6,9.6,12.4,16.9,19.5,21,61.9
5955014,14,11.5,18.4,23.8,8.5,17.3,37.8,45.9,54.2,54.9
5955021,18.2,9.7,15.2,10.7,8.5,30.7,26,32.7,27.7,54.9
5955023,16.9,10.3,16,5.5,10.1,26,29.8,36.3,19.4,65.1
5955025,24.3,11.8,18,4,5.3,57.1,40,44,16.8,27.7
5955030,11,9.2,16,10.1,10.1,11.6,22.9,36.3,26.6,65.1
5955034,8.3,8.1,14.6,6.5,7.5,7.9,16,30.6,20.8,47
5955040,11.8,12.8,25.2,4.6,6.2,12.8,46.6,70.5,17.8,36.3
5955042,13.4,6.6,9.6,5.3,8.6,15.7,8.6,10,19,55.8
5955801,22,29.6,34,15.4,30.8,47.4,94,88.9,35.4,91.2
5955802,15,NA,NA,0,0,19.6,NA,NA,7,6.1
5955803,10.3,NA,NA,0,14.3,10.9,NA,NA,7,78.5
5955804,17.6,NA,NA,0,0,28.3,NA,NA,7,6.1
5955807,8.3,NA,NA,0,8.3,7.9,NA,NA,7,53.5
5955808,2,NA,NA,0,20,0.6,NA,NA,7,85.1
5955812,NA,NA,NA,NA,NA,NA,NA,NA,NA,NA
5955840,20,NA,NA,0,20,38,NA,NA,7,85.1
5955850,NA,NA,NA,NA,NA,NA,NA,NA,NA,NA
5957022,38.1,14.8,22,8.9,17.8,94.4,59.1,59.1,24.5,83.2
5957802,NA,NA,NA,NA,NA,NA,NA,NA,NA,NA
5957803,29.4,NA,NA,0,40,77.1,NA,NA,7,94.6
5957804,NA,NA,NA,NA,NA,NA,NA,NA,NA,NA
5957813,NA,NA,NA,NA,NA,NA,NA,NA,NA,NA
5957814,13,NA,NA,0,33.3,14.8,NA,NA,7,92.2
5957820,NA,NA,NA,NA,NA,NA,NA,NA,NA,NA
5959007,12.8,11.1,13.2,4.7,9.7,14.4,35.3,24.8,17.9,62.3
5959805,NA,NA,NA,NA,NA,NA,NA,NA,NA,NA
5959806,16.7,24.4,40,0,25,25.1,89.9,95.1,7,88.6
5959809,NA,NA,NA,NA,NA,NA,NA,NA,NA,NA
5959810,9.1,NA,NA,0,20,9,NA,NA,7,85.1
6001003,19.4,12.4,18,6,21,35.4,44.1,44,19.9,85.9
6001004,20.5,14.8,24,4.8,23.8,40.2,59.1,65.9,18.1,87.7
6001006,22.9,NA,NA,0,20,51.2,NA,NA,7,85.1
6001007,NA,NA,NA,NA,NA,NA,NA,NA,NA,NA
6001008,NA,NA,NA,NA,NA,NA,NA,NA,NA,NA
6001009,13.5,5.7,10.9,8.1,9.3,15.9,4.7,14.7,23.2,60.2
6001010,NA,NA,NA,NA,NA,NA,NA,NA,NA,NA
6001012,13.6,14.4,24,3.8,24.5,16.2,56.8,65.9,16.7,88.1
6001018,17.4,7.4,9,3.2,12.9,27.6,12.6,8.2,15.9,74.7
6001019,NA,NA,NA,NA,NA,NA,NA,NA,NA,NA
6001022,21.1,NA,NA,14.3,19,42.9,NA,NA,33.5,84.3
6001029,14.9,9.4,18.5,20.1,11,19.3,23.8,46.4,45.5,68.5
6001031,NA,NA,NA,NA,NA,NA,NA,NA,NA,NA
6001032,23.1,NA,NA,18.2,54.5,52,NA,NA,41,98.5
6001036,35.5,18,14,6.2,21.9,91.3,75.1,28,20.2,86.4
6001037,11.3,22.8,20,0,37.5,12.2,87.7,52,7,93.8
6001038,NA,NA,NA,NA,NA,NA,NA,NA,NA,NA
6001039,23.1,NA,NA,0,25,52,NA,NA,7,88.6
6001041,14.3,15.6,16,7.1,25,18,63.7,36.3,21.8,88.6
6001042,12.5,NA,NA,25,25,14,NA,NA,56.8,88.6
6001043,19.1,NA,NA,0,37.5,34.4,NA,NA,7,93.8
6001044,19.1,6.4,10,0,0,34.4,7.6,11.7,7,6.1
6001045,20.1,15.5,17.5,2.7,14.3,38.5,63,41.7,15.5,78.5
6001046,NA,NA,NA,NA,NA,NA,NA,NA,NA,NA
6001047,NA,NA,NA,NA,NA,NA,NA,NA,NA,NA
6001048,20.6,10,20,9.1,42.4,40.6,28,52,24.9,95.4
6001049,25,NA,NA,NA,NA,60.4,NA,NA,NA,NA
6001050,NA,NA,NA,NA,NA,NA,NA,NA,NA,NA
6001052,NA,NA,NA,NA,NA,NA,NA,NA,NA,NA
6001055,14.3,12.4,10,0,7.8,18,44.1,11.7,7,49.5
6001057,NA,NA,NA,NA,NA,NA,NA,NA,NA,NA
6001058,27.5,10,17,8.1,23,70.3,28,40.2,23.2,87.2
6001059,17.5,9,11,2.8,13.4,27.9,21.6,15.1,15.6,76.2
6001060,14.6,6.8,10,0,8.8,18.6,9.6,11.7,7,57.2
6001065,NA,NA,NA,NA,NA,NA,NA,NA,NA,NA
6101010,25.9,NA,NA,0,0,64.1,NA,NA,7,6.1
6101014,8.5,8.5,NA,0,50,8.2,18.2,NA,7,97.7
6101015,14.7,19.2,20,0,58.8,18.8,79.3,52,7,99
6101017,9.6,8.9,12,9,16.8,10,20.9,19.5,24.7,82.3
6101025,11.2,22.4,16,4.7,44.2,12.1,87.1,36.3,17.9,96
6101036,9,20,18,3.5,31.6,8.9,82,44,16.3,91.5
6101041,9.5,NA,NA,0,37.5,9.8,NA,NA,7,93.8
6101063,NA,NA,NA,NA,NA,NA,NA,NA,NA,NA
6101095,8.5,14.4,NA,7.4,37,8.2,56.8,NA,22.2,93.6
6102003,14,13.6,NA,0,34.2,17.3,52.2,NA,7,92.7
6102005,13.8,7.6,8,0,40.7,16.8,13.6,5.4,7,95
6102007,6.7,3.4,12,3.7,16.7,6,0.5,19.5,16.5,81.9
6102009,9.8,7.2,10,0,35.9,10.1,11.6,11.7,7,93.2
6102012,4.5,NA,NA,0,0,2.9,NA,NA,7,6.1
6102063,NA,NA,NA,NA,NA,NA,NA,NA,NA,NA
6103031,8.9,10.6,7,3.3,32.6,8.8,31.7,3.2,16,91.7
6103034,7.3,15.2,NA,0,17.9,6.6,61.4,NA,7,83.3
6103049,14,2.5,NA,0,41.2,17.3,0.1,NA,7,95
6103052,4.8,NA,NA,0,33.3,3.2,NA,NA,7,92.2
6103097,NA,NA,NA,NA,NA,NA,NA,NA,NA,NA
6104005,NA,NA,NA,NA,NA,NA,NA,NA,NA,NA
6104006,35,NA,NA,0,70,90.6,NA,NA,7,99.8
6104009,14,18.8,20,0,32.4,17.3,78,52,7,91.6
6104010,12.5,NA,NA,0,42.9,14,NA,NA,7,95.6
6104013,25,NA,NA,0,0,60.4,NA,NA,7,6.1
6104014,16.1,8.8,8,0,33.3,23.1,20.1,5.4,7,92.2
6104017,15.4,20,28,0,33.3,20.7,82,77.1,7,92.2
6104038,13.6,5.6,9,4.4,24.4,16.2,4.4,8.2,17.6,88.1
6104044,17.4,NA,NA,0,50,27.6,NA,NA,7,97.7
6104097,NA,NA,NA,NA,NA,NA,NA,NA,NA,NA
6105001,14.7,7.1,5,8.5,16.5,18.8,11.1,0.8,23.9,81.5
6105003,33.3,NA,NA,0,33.3,87.7,NA,NA,7,92.2
6105004,NA,NA,NA,NA,NA,NA,NA,NA,NA,NA
6105016,15,6.7,11.2,3.5,17.7,19.6,9.1,15.8,16.3,83.1
6105018,13.4,14.4,8,6.1,42.4,15.7,56.8,5.4,20,95.4
6105020,4.5,NA,NA,16,24,2.9,NA,NA,36.8,87.8
6105026,NA,NA,NA,NA,NA,NA,NA,NA,NA,NA
6105097,NA,NA,NA,NA,NA,NA,NA,NA,NA,NA
6106021,13.2,NA,NA,0,31.2,15.1,NA,NA,7,91.4
6106023,7.8,4.3,5.4,3.6,10.6,7.3,1.4,1.2,16.4,67
6106097,16.4,4,NA,7.7,19.2,24,1,NA,22.7,84.5
6204001,4,25.4,24,0,33.3,2.1,90.8,65.9,7,92.2
6204003,3.7,4,6,2,13.5,1.8,1,1.9,14.8,76.4
6204005,4.7,12.8,25,0,29.2,3,46.6,69.6,7,90.5
6204007,3.9,15.7,12,2.7,38.4,2,64.4,19.5,15.5,94
6204009,6.6,17.4,10,3.8,20.3,5.8,72.6,11.7,16.7,85.6
6204010,3.4,30,25,6.1,18.2,1.4,94.3,69.6,20,83.6
6204011,3.9,22.6,12,5,50,2,87.4,19.5,18.4,97.7
6204012,3.2,22.8,12,0,39.2,1.2,87.7,19.5,7,94.3
6204015,3.4,18,25,0,23.1,1.4,75.1,69.6,7,87.3
6204018,4,20.6,NA,0,25.6,2.1,83.5,NA,7,89.1
6204019,NA,NA,NA,NA,NA,NA,NA,NA,NA,NA
6204020,3.9,21.2,NA,4.1,19.2,2,85,NA,17,84.5
6204022,13.5,NA,NA,0,46.2,15.9,NA,NA,7,96.5
6204025,10.3,NA,NA,0,41.7,10.9,NA,NA,7,95.1
6204030,NA,NA,NA,NA,NA,NA,NA,NA,NA,NA
6205014,4.3,22.8,NA,4.4,40,2.5,87.7,NA,17.6,94.6
6205015,4,15,4,1.6,38.9,2.1,60.3,0.3,14.5,94.2
6205016,4.3,19.2,NA,0,47.8,2.5,79.3,NA,7,96.9
6205017,4.5,9,9,2.4,31.9,2.9,21.6,8.2,15.3,91.5
6205019,7.6,13.6,NA,8.7,26.1,7,52.2,NA,24.2,89.2
6205023,4.4,17,16,1.7,30.4,2.7,70.6,36.3,14.6,91
6205027,2.9,15.7,10,0,36.4,1,64.4,11.7,7,93.4
6205033,NA,NA,NA,NA,NA,NA,NA,NA,NA,NA
6208047,3.4,15,NA,4.7,18.6,1.4,60.3,NA,17.9,84.1
6208059,6.1,24.2,NA,6.2,26.2,5.1,89.8,NA,20.2,89.3
6208065,NA,NA,NA,NA,NA,NA,NA,NA,NA,NA
6208068,NA,NA,NA,NA,NA,NA,NA,NA,NA,NA
6208073,6.5,12.8,8,2.6,21.1,5.7,46.6,5.4,15.4,85.9
6208081,5.2,12,12,3.4,40.7,3.6,41.4,19.5,16.2,95
6208087,4.8,16.8,NA,5,47.5,3.2,69.5,NA,18.4,96.8
6208098,NA,NA,NA,NA,NA,NA,NA,NA,NA,NA
