"year","geo","dguid","age","type","value"
2021,"Canada","1","Total","total",657920
2021,"Canada","1","Total","health care and related",485320
2021,"Canada","1","Total","hospitals",11125
2021,"Canada","1","Total","nursing homes",184895
2021,"Canada","1","Total","senior residences",159750
2021,"Canada","1","Total","mix of nursing home and senior residences",67855
2021,"Canada","1","Total","residential care facilities",61705
2021,"Canada","1","Total","correctional facilities",32890
2021,"Canada","1","Total","shelters",12565
2021,"Canada","1","Total","service collective",68000
2021,"Canada","1","Total","lodging and rooming houses",16620
2021,"Canada","1","Total","hotels, motels, and temporary accommodation",22725
2021,"Canada","1","Total","other service collective",28660
2021,"Canada","1","Total","religious establishments",8640
2021,"Canada","1","Total","hutterite colonies",38350
2021,"Canada","1","Total","other",12150
2021,"Canada","1","0 to 14","total",18935
2021,"Canada","1","0 to 14","health care and related",2370
2021,"Canada","1","0 to 14","hospitals",105
2021,"Canada","1","0 to 14","nursing homes",0
2021,"Canada","1","0 to 14","senior residences",15
2021,"Canada","1","0 to 14","mix of nursing home and senior residences",30
2021,"Canada","1","0 to 14","residential care facilities",2215
2021,"Canada","1","0 to 14","correctional facilities",135
2021,"Canada","1","0 to 14","shelters",1540
2021,"Canada","1","0 to 14","service collective",2305
2021,"Canada","1","0 to 14","lodging and rooming houses",175
2021,"Canada","1","0 to 14","hotels, motels, and temporary accommodation",885
2021,"Canada","1","0 to 14","other service collective",1245
2021,"Canada","1","0 to 14","religious establishments",80
2021,"Canada","1","0 to 14","hutterite colonies",12175
2021,"Canada","1","0 to 14","other",340
2021,"Canada","1","15 to 19","total",14665
2021,"Canada","1","15 to 19","health care and related",2945
2021,"Canada","1","15 to 19","hospitals",70
2021,"Canada","1","15 to 19","nursing homes",35
2021,"Canada","1","15 to 19","senior residences",40
2021,"Canada","1","15 to 19","mix of nursing home and senior residences",20
2021,"Canada","1","15 to 19","residential care facilities",2785
2021,"Canada","1","15 to 19","correctional facilities",795
2021,"Canada","1","15 to 19","shelters",1230
2021,"Canada","1","15 to 19","service collective",5625
2021,"Canada","1","15 to 19","lodging and rooming houses",245
2021,"Canada","1","15 to 19","hotels, motels, and temporary accommodation",420
2021,"Canada","1","15 to 19","other service collective",4960
2021,"Canada","1","15 to 19","religious establishments",130
2021,"Canada","1","15 to 19","hutterite colonies",3480
2021,"Canada","1","15 to 19","other",460
2021,"Canada","1","15 to 17","total",7620
2021,"Canada","1","15 to 17","health care and related",2085
2021,"Canada","1","15 to 17","hospitals",45
2021,"Canada","1","15 to 17","nursing homes",15
2021,"Canada","1","15 to 17","senior residences",15
2021,"Canada","1","15 to 17","mix of nursing home and senior residences",15
2021,"Canada","1","15 to 17","residential care facilities",1990
2021,"Canada","1","15 to 17","correctional facilities",300
2021,"Canada","1","15 to 17","shelters",730
2021,"Canada","1","15 to 17","service collective",2155
2021,"Canada","1","15 to 17","lodging and rooming houses",45
2021,"Canada","1","15 to 17","hotels, motels, and temporary accommodation",205
2021,"Canada","1","15 to 17","other service collective",1910
2021,"Canada","1","15 to 17","religious establishments",60
2021,"Canada","1","15 to 17","hutterite colonies",2180
2021,"Canada","1","15 to 17","other",110
2021,"Canada","1","18 to 19","total",7045
2021,"Canada","1","18 to 19","health care and related",860
2021,"Canada","1","18 to 19","hospitals",20
2021,"Canada","1","18 to 19","nursing homes",20
2021,"Canada","1","18 to 19","senior residences",20
2021,"Canada","1","18 to 19","mix of nursing home and senior residences",5
2021,"Canada","1","18 to 19","residential care facilities",790
2021,"Canada","1","18 to 19","correctional facilities",490
2021,"Canada","1","18 to 19","shelters",500
2021,"Canada","1","18 to 19","service collective",3470
2021,"Canada","1","18 to 19","lodging and rooming houses",205
2021,"Canada","1","18 to 19","hotels, motels, and temporary accommodation",215
2021,"Canada","1","18 to 19","other service collective",3050
2021,"Canada","1","18 to 19","religious establishments",70
2021,"Canada","1","18 to 19","hutterite colonies",1295
2021,"Canada","1","18 to 19","other",355
2021,"Canada","1","20 to 24","total",19635
2021,"Canada","1","20 to 24","health care and related",2735
2021,"Canada","1","20 to 24","hospitals",210
2021,"Canada","1","20 to 24","nursing homes",90
2021,"Canada","1","20 to 24","senior residences",130
2021,"Canada","1","20 to 24","mix of nursing home and senior residences",30
2021,"Canada","1","20 to 24","residential care facilities",2275
2021,"Canada","1","20 to 24","correctional facilities",3395
2021,"Canada","1","20 to 24","shelters",1120
2021,"Canada","1","20 to 24","service collective",7100
2021,"Canada","1","20 to 24","lodging and rooming houses",990
2021,"Canada","1","20 to 24","hotels, motels, and temporary accommodation",1145
2021,"Canada","1","20 to 24","other service collective",4965
2021,"Canada","1","20 to 24","religious establishments",385
2021,"Canada","1","20 to 24","hutterite colonies",2930
2021,"Canada","1","20 to 24","other",1975
2021,"Canada","1","25 to 29","total",20895
2021,"Canada","1","25 to 29","health care and related",4460
2021,"Canada","1","25 to 29","hospitals",355
2021,"Canada","1","25 to 29","nursing homes",150
2021,"Canada","1","25 to 29","senior residences",225
2021,"Canada","1","25 to 29","mix of nursing home and senior residences",65
2021,"Canada","1","25 to 29","residential care facilities",3665
2021,"Canada","1","25 to 29","correctional facilities",5625
2021,"Canada","1","25 to 29","shelters",1035
2021,"Canada","1","25 to 29","service collective",5180
2021,"Canada","1","25 to 29","lodging and rooming houses",1200
2021,"Canada","1","25 to 29","hotels, motels, and temporary accommodation",1355
2021,"Canada","1","25 to 29","other service collective",2630
2021,"Canada","1","25 to 29","religious establishments",300
2021,"Canada","1","25 to 29","hutterite colonies",2785
2021,"Canada","1","25 to 29","other",1500
2021,"Canada","1","30 to 34","total",20020
2021,"Canada","1","30 to 34","health care and related",4990
2021,"Canada","1","30 to 34","hospitals",400
2021,"Canada","1","30 to 34","nursing homes",300
2021,"Canada","1","30 to 34","senior residences",340
2021,"Canada","1","30 to 34","mix of nursing home and senior residences",55
2021,"Canada","1","30 to 34","residential care facilities",3890
2021,"Canada","1","30 to 34","correctional facilities",5945
2021,"Canada","1","30 to 34","shelters",1125
2021,"Canada","1","30 to 34","service collective",3870
2021,"Canada","1","30 to 34","lodging and rooming houses",1050
2021,"Canada","1","30 to 34","hotels, motels, and temporary accommodation",1340
2021,"Canada","1","30 to 34","other service collective",1480
2021,"Canada","1","30 to 34","religious establishments",285
2021,"Canada","1","30 to 34","hutterite colonies",2580
2021,"Canada","1","30 to 34","other",1235
2021,"Canada","1","35 to 39","total",19225
2021,"Canada","1","35 to 39","health care and related",5400
2021,"Canada","1","35 to 39","hospitals",400
2021,"Canada","1","35 to 39","nursing homes",355
2021,"Canada","1","35 to 39","senior residences",225
2021,"Canada","1","35 to 39","mix of nursing home and senior residences",65
2021,"Canada","1","35 to 39","residential care facilities",4360
2021,"Canada","1","35 to 39","correctional facilities",5145
2021,"Canada","1","35 to 39","shelters",1205
2021,"Canada","1","35 to 39","service collective",3685
2021,"Canada","1","35 to 39","lodging and rooming houses",1045
2021,"Canada","1","35 to 39","hotels, motels, and temporary accommodation",1415
2021,"Canada","1","35 to 39","other service collective",1220
2021,"Canada","1","35 to 39","religious establishments",300
2021,"Canada","1","35 to 39","hutterite colonies",2370
2021,"Canada","1","35 to 39","other",1125
2021,"Canada","1","40 to 44","total",17500
2021,"Canada","1","40 to 44","health care and related",5780
2021,"Canada","1","40 to 44","hospitals",325
2021,"Canada","1","40 to 44","nursing homes",635
2021,"Canada","1","40 to 44","senior residences",395
2021,"Canada","1","40 to 44","mix of nursing home and senior residences",130
2021,"Canada","1","40 to 44","residential care facilities",4295
2021,"Canada","1","40 to 44","correctional facilities",3795
2021,"Canada","1","40 to 44","shelters",1055
2021,"Canada","1","40 to 44","service collective",3705
2021,"Canada","1","40 to 44","lodging and rooming houses",1130
2021,"Canada","1","40 to 44","hotels, motels, and temporary accommodation",1540
2021,"Canada","1","40 to 44","other service collective",1035
2021,"Canada","1","40 to 44","religious establishments",240
2021,"Canada","1","40 to 44","hutterite colonies",1985
2021,"Canada","1","40 to 44","other",940
2021,"Canada","1","45 to 49","total",16615
2021,"Canada","1","45 to 49","health care and related",6390
2021,"Canada","1","45 to 49","hospitals",305
2021,"Canada","1","45 to 49","nursing homes",810
2021,"Canada","1","45 to 49","senior residences",425
2021,"Canada","1","45 to 49","mix of nursing home and senior residences",220
2021,"Canada","1","45 to 49","residential care facilities",4630
2021,"Canada","1","45 to 49","correctional facilities",2520
2021,"Canada","1","45 to 49","shelters",860
2021,"Canada","1","45 to 49","service collective",4025
2021,"Canada","1","45 to 49","lodging and rooming houses",1325
2021,"Canada","1","45 to 49","hotels, motels, and temporary accommodation",1555
2021,"Canada","1","45 to 49","other service collective",1140
2021,"Canada","1","45 to 49","religious establishments",280
2021,"Canada","1","45 to 49","hutterite colonies",1830
2021,"Canada","1","45 to 49","other",705
2021,"Canada","1","50 to 54","total",19765
2021,"Canada","1","50 to 54","health care and related",9195
2021,"Canada","1","50 to 54","hospitals",310
2021,"Canada","1","50 to 54","nursing homes",1470
2021,"Canada","1","50 to 54","senior residences",880
2021,"Canada","1","50 to 54","mix of nursing home and senior residences",450
2021,"Canada","1","50 to 54","residential care facilities",6080
2021,"Canada","1","50 to 54","correctional facilities",1965
2021,"Canada","1","50 to 54","shelters",830
2021,"Canada","1","50 to 54","service collective",4975
2021,"Canada","1","50 to 54","lodging and rooming houses",1615
2021,"Canada","1","50 to 54","hotels, motels, and temporary accommodation",1920
2021,"Canada","1","50 to 54","other service collective",1440
2021,"Canada","1","50 to 54","religious establishments",255
2021,"Canada","1","50 to 54","hutterite colonies",1850
2021,"Canada","1","50 to 54","other",705
2021,"Canada","1","55 to 59","total",26470
2021,"Canada","1","55 to 59","health care and related",14150
2021,"Canada","1","55 to 59","hospitals",525
2021,"Canada","1","55 to 59","nursing homes",3280
2021,"Canada","1","55 to 59","senior residences",2200
2021,"Canada","1","55 to 59","mix of nursing home and senior residences",740
2021,"Canada","1","55 to 59","residential care facilities",7410
2021,"Canada","1","55 to 59","correctional facilities",1585
2021,"Canada","1","55 to 59","shelters",890
2021,"Canada","1","55 to 59","service collective",7025
2021,"Canada","1","55 to 59","lodging and rooming houses",2310
2021,"Canada","1","55 to 59","hotels, motels, and temporary accommodation",2720
2021,"Canada","1","55 to 59","other service collective",1995
2021,"Canada","1","55 to 59","religious establishments",355
2021,"Canada","1","55 to 59","hutterite colonies",1625
2021,"Canada","1","55 to 59","other",845
2021,"Canada","1","60 to 64","total",29690
2021,"Canada","1","60 to 64","health care and related",18405
2021,"Canada","1","60 to 64","hospitals",540
2021,"Canada","1","60 to 64","nursing homes",5530
2021,"Canada","1","60 to 64","senior residences",3715
2021,"Canada","1","60 to 64","mix of nursing home and senior residences",1540
2021,"Canada","1","60 to 64","residential care facilities",7080
2021,"Canada","1","60 to 64","correctional facilities",925
2021,"Canada","1","60 to 64","shelters",855
2021,"Canada","1","60 to 64","service collective",6915
2021,"Canada","1","60 to 64","lodging and rooming houses",2115
2021,"Canada","1","60 to 64","hotels, motels, and temporary accommodation",2780
2021,"Canada","1","60 to 64","other service collective",2020
2021,"Canada","1","60 to 64","religious establishments",395
2021,"Canada","1","60 to 64","hutterite colonies",1400
2021,"Canada","1","60 to 64","other",790
2021,"Canada","1","65+","total",434510
2021,"Canada","1","65+","health care and related",408495
2021,"Canada","1","65+","hospitals",7575
2021,"Canada","1","65+","nursing homes",172235
2021,"Canada","1","65+","senior residences",151155
2021,"Canada","1","65+","mix of nursing home and senior residences",64515
2021,"Canada","1","65+","residential care facilities",13010
2021,"Canada","1","65+","correctional facilities",1070
2021,"Canada","1","65+","shelters",815
2021,"Canada","1","65+","service collective",13595
2021,"Canada","1","65+","lodging and rooming houses",3410
2021,"Canada","1","65+","hotels, motels, and temporary accommodation",5660
2021,"Canada","1","65+","other service collective",4525
2021,"Canada","1","65+","religious establishments",5645
2021,"Canada","1","65+","hutterite colonies",3345
2021,"Canada","1","65+","other",1550
2021,"Canada","1","65 to 69","total",29610
2021,"Canada","1","65 to 69","health care and related",21035
2021,"Canada","1","65 to 69","hospitals",620
2021,"Canada","1","65 to 69","nursing homes",8070
2021,"Canada","1","65 to 69","senior residences",5500
2021,"Canada","1","65 to 69","mix of nursing home and senior residences",1760
2021,"Canada","1","65 to 69","residential care facilities",5090
2021,"Canada","1","65 to 69","correctional facilities",495
2021,"Canada","1","65 to 69","shelters",435
2021,"Canada","1","65 to 69","service collective",5500
2021,"Canada","1","65 to 69","lodging and rooming houses",1440
2021,"Canada","1","65 to 69","hotels, motels, and temporary accommodation",2305
2021,"Canada","1","65 to 69","other service collective",1750
2021,"Canada","1","65 to 69","religious establishments",350
2021,"Canada","1","65 to 69","hutterite colonies",1140
2021,"Canada","1","65 to 69","other",660
2021,"Canada","1","70 to 74","total",36905
2021,"Canada","1","70 to 74","health care and related",31180
2021,"Canada","1","70 to 74","hospitals",750
2021,"Canada","1","70 to 74","nursing homes",13010
2021,"Canada","1","70 to 74","senior residences",10215
2021,"Canada","1","70 to 74","mix of nursing home and senior residences",4075
2021,"Canada","1","70 to 74","residential care facilities",3120
2021,"Canada","1","70 to 74","correctional facilities",265
2021,"Canada","1","70 to 74","shelters",195
2021,"Canada","1","70 to 74","service collective",3515
2021,"Canada","1","70 to 74","lodging and rooming houses",740
2021,"Canada","1","70 to 74","hotels, motels, and temporary accommodation",1525
2021,"Canada","1","70 to 74","other service collective",1250
2021,"Canada","1","70 to 74","religious establishments",535
2021,"Canada","1","70 to 74","hutterite colonies",810
2021,"Canada","1","70 to 74","other",410
2021,"Canada","1","75 to 79","total",48400
2021,"Canada","1","75 to 79","health care and related",44415
2021,"Canada","1","75 to 79","hospitals",835
2021,"Canada","1","75 to 79","nursing homes",18435
2021,"Canada","1","75 to 79","senior residences",16725
2021,"Canada","1","75 to 79","mix of nursing home and senior residences",6685
2021,"Canada","1","75 to 79","residential care facilities",1735
2021,"Canada","1","75 to 79","correctional facilities",125
2021,"Canada","1","75 to 79","shelters",105
2021,"Canada","1","75 to 79","service collective",1920
2021,"Canada","1","75 to 79","lodging and rooming houses",460
2021,"Canada","1","75 to 79","hotels, motels, and temporary accommodation",800
2021,"Canada","1","75 to 79","other service collective",660
2021,"Canada","1","75 to 79","religious establishments",930
2021,"Canada","1","75 to 79","hutterite colonies",675
2021,"Canada","1","75 to 79","other",235
2021,"Canada","1","80 to 84","total",81735
2021,"Canada","1","80 to 84","health care and related",78675
2021,"Canada","1","80 to 84","hospitals",1595
2021,"Canada","1","80 to 84","nursing homes",32590
2021,"Canada","1","80 to 84","senior residences",29735
2021,"Canada","1","80 to 84","mix of nursing home and senior residences",13585
2021,"Canada","1","80 to 84","residential care facilities",1170
2021,"Canada","1","80 to 84","correctional facilities",140
2021,"Canada","1","80 to 84","shelters",60
2021,"Canada","1","80 to 84","service collective",1135
2021,"Canada","1","80 to 84","lodging and rooming houses",355
2021,"Canada","1","80 to 84","hotels, motels, and temporary accommodation",435
2021,"Canada","1","80 to 84","other service collective",345
2021,"Canada","1","80 to 84","religious establishments",1195
2021,"Canada","1","80 to 84","hutterite colonies",435
2021,"Canada","1","80 to 84","other",105
2021,"Canada","1","85+","total",237865
2021,"Canada","1","85+","health care and related",233190
2021,"Canada","1","85+","hospitals",3780
2021,"Canada","1","85+","nursing homes",100130
2021,"Canada","1","85+","senior residences",88980
2021,"Canada","1","85+","mix of nursing home and senior residences",38405
2021,"Canada","1","85+","residential care facilities",1900
2021,"Canada","1","85+","correctional facilities",50
2021,"Canada","1","85+","shelters",25
2021,"Canada","1","85+","service collective",1530
2021,"Canada","1","85+","lodging and rooming houses",420
2021,"Canada","1","85+","hotels, motels, and temporary accommodation",595
2021,"Canada","1","85+","other service collective",515
2021,"Canada","1","85+","religious establishments",2635
2021,"Canada","1","85+","hutterite colonies",290
2021,"Canada","1","85+","other",145
2021,"Newfoundland and Labrador","10","Total","total",8420
2021,"Newfoundland and Labrador","10","Total","health care and related",6825
2021,"Newfoundland and Labrador","10","Total","hospitals",330
2021,"Newfoundland and Labrador","10","Total","nursing homes",3180
2021,"Newfoundland and Labrador","10","Total","senior residences",1930
2021,"Newfoundland and Labrador","10","Total","mix of nursing home and senior residences",600
2021,"Newfoundland and Labrador","10","Total","residential care facilities",780
2021,"Newfoundland and Labrador","10","Total","correctional facilities",755
2021,"Newfoundland and Labrador","10","Total","shelters",95
2021,"Newfoundland and Labrador","10","Total","service collective",505
2021,"Newfoundland and Labrador","10","Total","lodging and rooming houses",340
2021,"Newfoundland and Labrador","10","Total","hotels, motels, and temporary accommodation",90
2021,"Newfoundland and Labrador","10","Total","other service collective",75
2021,"Newfoundland and Labrador","10","Total","religious establishments",80
2021,"Newfoundland and Labrador","10","Total","hutterite colonies",0
2021,"Newfoundland and Labrador","10","Total","other",155
2021,"Newfoundland and Labrador","10","0 to 14","total",40
2021,"Newfoundland and Labrador","10","0 to 14","health care and related",25
2021,"Newfoundland and Labrador","10","0 to 14","hospitals",5
2021,"Newfoundland and Labrador","10","0 to 14","nursing homes",0
2021,"Newfoundland and Labrador","10","0 to 14","senior residences",0
2021,"Newfoundland and Labrador","10","0 to 14","mix of nursing home and senior residences",0
2021,"Newfoundland and Labrador","10","0 to 14","residential care facilities",20
2021,"Newfoundland and Labrador","10","0 to 14","correctional facilities",0
2021,"Newfoundland and Labrador","10","0 to 14","shelters",0
2021,"Newfoundland and Labrador","10","0 to 14","service collective",10
2021,"Newfoundland and Labrador","10","0 to 14","lodging and rooming houses",0
2021,"Newfoundland and Labrador","10","0 to 14","hotels, motels, and temporary accommodation",5
2021,"Newfoundland and Labrador","10","0 to 14","other service collective",10
2021,"Newfoundland and Labrador","10","0 to 14","religious establishments",0
2021,"Newfoundland and Labrador","10","0 to 14","hutterite colonies",0
2021,"Newfoundland and Labrador","10","0 to 14","other",0
2021,"Newfoundland and Labrador","10","15 to 19","total",140
2021,"Newfoundland and Labrador","10","15 to 19","health care and related",75
2021,"Newfoundland and Labrador","10","15 to 19","hospitals",0
2021,"Newfoundland and Labrador","10","15 to 19","nursing homes",0
2021,"Newfoundland and Labrador","10","15 to 19","senior residences",0
2021,"Newfoundland and Labrador","10","15 to 19","mix of nursing home and senior residences",0
2021,"Newfoundland and Labrador","10","15 to 19","residential care facilities",75
2021,"Newfoundland and Labrador","10","15 to 19","correctional facilities",10
2021,"Newfoundland and Labrador","10","15 to 19","shelters",5
2021,"Newfoundland and Labrador","10","15 to 19","service collective",40
2021,"Newfoundland and Labrador","10","15 to 19","lodging and rooming houses",20
2021,"Newfoundland and Labrador","10","15 to 19","hotels, motels, and temporary accommodation",0
2021,"Newfoundland and Labrador","10","15 to 19","other service collective",20
2021,"Newfoundland and Labrador","10","15 to 19","religious establishments",0
2021,"Newfoundland and Labrador","10","15 to 19","hutterite colonies",0
2021,"Newfoundland and Labrador","10","15 to 19","other",15
2021,"Newfoundland and Labrador","10","15 to 17","total",85
2021,"Newfoundland and Labrador","10","15 to 17","health care and related",65
2021,"Newfoundland and Labrador","10","15 to 17","hospitals",0
2021,"Newfoundland and Labrador","10","15 to 17","nursing homes",0
2021,"Newfoundland and Labrador","10","15 to 17","senior residences",0
2021,"Newfoundland and Labrador","10","15 to 17","mix of nursing home and senior residences",0
2021,"Newfoundland and Labrador","10","15 to 17","residential care facilities",65
2021,"Newfoundland and Labrador","10","15 to 17","correctional facilities",0
2021,"Newfoundland and Labrador","10","15 to 17","shelters",0
2021,"Newfoundland and Labrador","10","15 to 17","service collective",10
2021,"Newfoundland and Labrador","10","15 to 17","lodging and rooming houses",5
2021,"Newfoundland and Labrador","10","15 to 17","hotels, motels, and temporary accommodation",0
2021,"Newfoundland and Labrador","10","15 to 17","other service collective",5
2021,"Newfoundland and Labrador","10","15 to 17","religious establishments",0
2021,"Newfoundland and Labrador","10","15 to 17","hutterite colonies",0
2021,"Newfoundland and Labrador","10","15 to 17","other",5
2021,"Newfoundland and Labrador","10","18 to 19","total",55
2021,"Newfoundland and Labrador","10","18 to 19","health care and related",5
2021,"Newfoundland and Labrador","10","18 to 19","hospitals",0
2021,"Newfoundland and Labrador","10","18 to 19","nursing homes",0
2021,"Newfoundland and Labrador","10","18 to 19","senior residences",0
2021,"Newfoundland and Labrador","10","18 to 19","mix of nursing home and senior residences",0
2021,"Newfoundland and Labrador","10","18 to 19","residential care facilities",5
2021,"Newfoundland and Labrador","10","18 to 19","correctional facilities",10
2021,"Newfoundland and Labrador","10","18 to 19","shelters",5
2021,"Newfoundland and Labrador","10","18 to 19","service collective",30
2021,"Newfoundland and Labrador","10","18 to 19","lodging and rooming houses",15
2021,"Newfoundland and Labrador","10","18 to 19","hotels, motels, and temporary accommodation",0
2021,"Newfoundland and Labrador","10","18 to 19","other service collective",10
2021,"Newfoundland and Labrador","10","18 to 19","religious establishments",0
2021,"Newfoundland and Labrador","10","18 to 19","hutterite colonies",0
2021,"Newfoundland and Labrador","10","18 to 19","other",10
2021,"Newfoundland and Labrador","10","20 to 24","total",230
2021,"Newfoundland and Labrador","10","20 to 24","health care and related",25
2021,"Newfoundland and Labrador","10","20 to 24","hospitals",0
2021,"Newfoundland and Labrador","10","20 to 24","nursing homes",0
2021,"Newfoundland and Labrador","10","20 to 24","senior residences",0
2021,"Newfoundland and Labrador","10","20 to 24","mix of nursing home and senior residences",0
2021,"Newfoundland and Labrador","10","20 to 24","residential care facilities",25
2021,"Newfoundland and Labrador","10","20 to 24","correctional facilities",70
2021,"Newfoundland and Labrador","10","20 to 24","shelters",20
2021,"Newfoundland and Labrador","10","20 to 24","service collective",65
2021,"Newfoundland and Labrador","10","20 to 24","lodging and rooming houses",45
2021,"Newfoundland and Labrador","10","20 to 24","hotels, motels, and temporary accommodation",0
2021,"Newfoundland and Labrador","10","20 to 24","other service collective",20
2021,"Newfoundland and Labrador","10","20 to 24","religious establishments",0
2021,"Newfoundland and Labrador","10","20 to 24","hutterite colonies",0
2021,"Newfoundland and Labrador","10","20 to 24","other",50
2021,"Newfoundland and Labrador","10","25 to 29","total",255
2021,"Newfoundland and Labrador","10","25 to 29","health care and related",60
2021,"Newfoundland and Labrador","10","25 to 29","hospitals",10
2021,"Newfoundland and Labrador","10","25 to 29","nursing homes",5
2021,"Newfoundland and Labrador","10","25 to 29","senior residences",0
2021,"Newfoundland and Labrador","10","25 to 29","mix of nursing home and senior residences",0
2021,"Newfoundland and Labrador","10","25 to 29","residential care facilities",45
2021,"Newfoundland and Labrador","10","25 to 29","correctional facilities",115
2021,"Newfoundland and Labrador","10","25 to 29","shelters",20
2021,"Newfoundland and Labrador","10","25 to 29","service collective",40
2021,"Newfoundland and Labrador","10","25 to 29","lodging and rooming houses",25
2021,"Newfoundland and Labrador","10","25 to 29","hotels, motels, and temporary accommodation",5
2021,"Newfoundland and Labrador","10","25 to 29","other service collective",10
2021,"Newfoundland and Labrador","10","25 to 29","religious establishments",0
2021,"Newfoundland and Labrador","10","25 to 29","hutterite colonies",0
2021,"Newfoundland and Labrador","10","25 to 29","other",25
2021,"Newfoundland and Labrador","10","30 to 34","total",265
2021,"Newfoundland and Labrador","10","30 to 34","health care and related",70
2021,"Newfoundland and Labrador","10","30 to 34","hospitals",5
2021,"Newfoundland and Labrador","10","30 to 34","nursing homes",5
2021,"Newfoundland and Labrador","10","30 to 34","senior residences",0
2021,"Newfoundland and Labrador","10","30 to 34","mix of nursing home and senior residences",0
2021,"Newfoundland and Labrador","10","30 to 34","residential care facilities",60
2021,"Newfoundland and Labrador","10","30 to 34","correctional facilities",150
2021,"Newfoundland and Labrador","10","30 to 34","shelters",15
2021,"Newfoundland and Labrador","10","30 to 34","service collective",15
2021,"Newfoundland and Labrador","10","30 to 34","lodging and rooming houses",10
2021,"Newfoundland and Labrador","10","30 to 34","hotels, motels, and temporary accommodation",5
2021,"Newfoundland and Labrador","10","30 to 34","other service collective",0
2021,"Newfoundland and Labrador","10","30 to 34","religious establishments",0
2021,"Newfoundland and Labrador","10","30 to 34","hutterite colonies",0
2021,"Newfoundland and Labrador","10","30 to 34","other",15
2021,"Newfoundland and Labrador","10","35 to 39","total",265
2021,"Newfoundland and Labrador","10","35 to 39","health care and related",90
2021,"Newfoundland and Labrador","10","35 to 39","hospitals",0
2021,"Newfoundland and Labrador","10","35 to 39","nursing homes",0
2021,"Newfoundland and Labrador","10","35 to 39","senior residences",0
2021,"Newfoundland and Labrador","10","35 to 39","mix of nursing home and senior residences",0
2021,"Newfoundland and Labrador","10","35 to 39","residential care facilities",80
2021,"Newfoundland and Labrador","10","35 to 39","correctional facilities",145
2021,"Newfoundland and Labrador","10","35 to 39","shelters",5
2021,"Newfoundland and Labrador","10","35 to 39","service collective",20
2021,"Newfoundland and Labrador","10","35 to 39","lodging and rooming houses",15
2021,"Newfoundland and Labrador","10","35 to 39","hotels, motels, and temporary accommodation",5
2021,"Newfoundland and Labrador","10","35 to 39","other service collective",5
2021,"Newfoundland and Labrador","10","35 to 39","religious establishments",0
2021,"Newfoundland and Labrador","10","35 to 39","hutterite colonies",0
2021,"Newfoundland and Labrador","10","35 to 39","other",5
2021,"Newfoundland and Labrador","10","40 to 44","total",225
2021,"Newfoundland and Labrador","10","40 to 44","health care and related",80
2021,"Newfoundland and Labrador","10","40 to 44","hospitals",0
2021,"Newfoundland and Labrador","10","40 to 44","nursing homes",15
2021,"Newfoundland and Labrador","10","40 to 44","senior residences",0
2021,"Newfoundland and Labrador","10","40 to 44","mix of nursing home and senior residences",0
2021,"Newfoundland and Labrador","10","40 to 44","residential care facilities",65
2021,"Newfoundland and Labrador","10","40 to 44","correctional facilities",100
2021,"Newfoundland and Labrador","10","40 to 44","shelters",10
2021,"Newfoundland and Labrador","10","40 to 44","service collective",30
2021,"Newfoundland and Labrador","10","40 to 44","lodging and rooming houses",20
2021,"Newfoundland and Labrador","10","40 to 44","hotels, motels, and temporary accommodation",5
2021,"Newfoundland and Labrador","10","40 to 44","other service collective",0
2021,"Newfoundland and Labrador","10","40 to 44","religious establishments",0
2021,"Newfoundland and Labrador","10","40 to 44","hutterite colonies",0
2021,"Newfoundland and Labrador","10","40 to 44","other",5
2021,"Newfoundland and Labrador","10","45 to 49","total",170
2021,"Newfoundland and Labrador","10","45 to 49","health care and related",80
2021,"Newfoundland and Labrador","10","45 to 49","hospitals",0
2021,"Newfoundland and Labrador","10","45 to 49","nursing homes",15
2021,"Newfoundland and Labrador","10","45 to 49","senior residences",10
2021,"Newfoundland and Labrador","10","45 to 49","mix of nursing home and senior residences",20
2021,"Newfoundland and Labrador","10","45 to 49","residential care facilities",40
2021,"Newfoundland and Labrador","10","45 to 49","correctional facilities",50
2021,"Newfoundland and Labrador","10","45 to 49","shelters",5
2021,"Newfoundland and Labrador","10","45 to 49","service collective",25
2021,"Newfoundland and Labrador","10","45 to 49","lodging and rooming houses",15
2021,"Newfoundland and Labrador","10","45 to 49","hotels, motels, and temporary accommodation",5
2021,"Newfoundland and Labrador","10","45 to 49","other service collective",0
2021,"Newfoundland and Labrador","10","45 to 49","religious establishments",5
2021,"Newfoundland and Labrador","10","45 to 49","hutterite colonies",0
2021,"Newfoundland and Labrador","10","45 to 49","other",10
2021,"Newfoundland and Labrador","10","50 to 54","total",245
2021,"Newfoundland and Labrador","10","50 to 54","health care and related",150
2021,"Newfoundland and Labrador","10","50 to 54","hospitals",10
2021,"Newfoundland and Labrador","10","50 to 54","nursing homes",50
2021,"Newfoundland and Labrador","10","50 to 54","senior residences",10
2021,"Newfoundland and Labrador","10","50 to 54","mix of nursing home and senior residences",5
2021,"Newfoundland and Labrador","10","50 to 54","residential care facilities",80
2021,"Newfoundland and Labrador","10","50 to 54","correctional facilities",40
2021,"Newfoundland and Labrador","10","50 to 54","shelters",10
2021,"Newfoundland and Labrador","10","50 to 54","service collective",35
2021,"Newfoundland and Labrador","10","50 to 54","lodging and rooming houses",25
2021,"Newfoundland and Labrador","10","50 to 54","hotels, motels, and temporary accommodation",5
2021,"Newfoundland and Labrador","10","50 to 54","other service collective",5
2021,"Newfoundland and Labrador","10","50 to 54","religious establishments",0
2021,"Newfoundland and Labrador","10","50 to 54","hutterite colonies",0
2021,"Newfoundland and Labrador","10","50 to 54","other",10
2021,"Newfoundland and Labrador","10","55 to 59","total",325
2021,"Newfoundland and Labrador","10","55 to 59","health care and related",200
2021,"Newfoundland and Labrador","10","55 to 59","hospitals",5
2021,"Newfoundland and Labrador","10","55 to 59","nursing homes",80
2021,"Newfoundland and Labrador","10","55 to 59","senior residences",35
2021,"Newfoundland and Labrador","10","55 to 59","mix of nursing home and senior residences",5
2021,"Newfoundland and Labrador","10","55 to 59","residential care facilities",75
2021,"Newfoundland and Labrador","10","55 to 59","correctional facilities",35
2021,"Newfoundland and Labrador","10","55 to 59","shelters",5
2021,"Newfoundland and Labrador","10","55 to 59","service collective",80
2021,"Newfoundland and Labrador","10","55 to 59","lodging and rooming houses",65
2021,"Newfoundland and Labrador","10","55 to 59","hotels, motels, and temporary accommodation",15
2021,"Newfoundland and Labrador","10","55 to 59","other service collective",5
2021,"Newfoundland and Labrador","10","55 to 59","religious establishments",0
2021,"Newfoundland and Labrador","10","55 to 59","hutterite colonies",0
2021,"Newfoundland and Labrador","10","55 to 59","other",5
2021,"Newfoundland and Labrador","10","60 to 64","total",390
2021,"Newfoundland and Labrador","10","60 to 64","health care and related",300
2021,"Newfoundland and Labrador","10","60 to 64","hospitals",15
2021,"Newfoundland and Labrador","10","60 to 64","nursing homes",110
2021,"Newfoundland and Labrador","10","60 to 64","senior residences",70
2021,"Newfoundland and Labrador","10","60 to 64","mix of nursing home and senior residences",10
2021,"Newfoundland and Labrador","10","60 to 64","residential care facilities",85
2021,"Newfoundland and Labrador","10","60 to 64","correctional facilities",25
2021,"Newfoundland and Labrador","10","60 to 64","shelters",5
2021,"Newfoundland and Labrador","10","60 to 64","service collective",50
2021,"Newfoundland and Labrador","10","60 to 64","lodging and rooming houses",35
2021,"Newfoundland and Labrador","10","60 to 64","hotels, motels, and temporary accommodation",15
2021,"Newfoundland and Labrador","10","60 to 64","other service collective",0
2021,"Newfoundland and Labrador","10","60 to 64","religious establishments",5
2021,"Newfoundland and Labrador","10","60 to 64","hutterite colonies",0
2021,"Newfoundland and Labrador","10","60 to 64","other",10
2021,"Newfoundland and Labrador","10","65+","total",5870
2021,"Newfoundland and Labrador","10","65+","health care and related",5680
2021,"Newfoundland and Labrador","10","65+","hospitals",270
2021,"Newfoundland and Labrador","10","65+","nursing homes",2895
2021,"Newfoundland and Labrador","10","65+","senior residences",1815
2021,"Newfoundland and Labrador","10","65+","mix of nursing home and senior residences",570
2021,"Newfoundland and Labrador","10","65+","residential care facilities",135
2021,"Newfoundland and Labrador","10","65+","correctional facilities",10
2021,"Newfoundland and Labrador","10","65+","shelters",5
2021,"Newfoundland and Labrador","10","65+","service collective",95
2021,"Newfoundland and Labrador","10","65+","lodging and rooming houses",60
2021,"Newfoundland and Labrador","10","65+","hotels, motels, and temporary accommodation",25
2021,"Newfoundland and Labrador","10","65+","other service collective",5
2021,"Newfoundland and Labrador","10","65+","religious establishments",70
2021,"Newfoundland and Labrador","10","65+","hutterite colonies",0
2021,"Newfoundland and Labrador","10","65+","other",5
2021,"Newfoundland and Labrador","10","65 to 69","total",475
2021,"Newfoundland and Labrador","10","65 to 69","health care and related",405
2021,"Newfoundland and Labrador","10","65 to 69","hospitals",30
2021,"Newfoundland and Labrador","10","65 to 69","nursing homes",170
2021,"Newfoundland and Labrador","10","65 to 69","senior residences",90
2021,"Newfoundland and Labrador","10","65 to 69","mix of nursing home and senior residences",45
2021,"Newfoundland and Labrador","10","65 to 69","residential care facilities",75
2021,"Newfoundland and Labrador","10","65 to 69","correctional facilities",5
2021,"Newfoundland and Labrador","10","65 to 69","shelters",5
2021,"Newfoundland and Labrador","10","65 to 69","service collective",55
2021,"Newfoundland and Labrador","10","65 to 69","lodging and rooming houses",35
2021,"Newfoundland and Labrador","10","65 to 69","hotels, motels, and temporary accommodation",15
2021,"Newfoundland and Labrador","10","65 to 69","other service collective",5
2021,"Newfoundland and Labrador","10","65 to 69","religious establishments",5
2021,"Newfoundland and Labrador","10","65 to 69","hutterite colonies",0
2021,"Newfoundland and Labrador","10","65 to 69","other",0
2021,"Newfoundland and Labrador","10","70 to 74","total",680
2021,"Newfoundland and Labrador","10","70 to 74","health care and related",640
2021,"Newfoundland and Labrador","10","70 to 74","hospitals",15
2021,"Newfoundland and Labrador","10","70 to 74","nursing homes",290
2021,"Newfoundland and Labrador","10","70 to 74","senior residences",205
2021,"Newfoundland and Labrador","10","70 to 74","mix of nursing home and senior residences",100
2021,"Newfoundland and Labrador","10","70 to 74","residential care facilities",35
2021,"Newfoundland and Labrador","10","70 to 74","correctional facilities",5
2021,"Newfoundland and Labrador","10","70 to 74","shelters",0
2021,"Newfoundland and Labrador","10","70 to 74","service collective",25
2021,"Newfoundland and Labrador","10","70 to 74","lodging and rooming houses",15
2021,"Newfoundland and Labrador","10","70 to 74","hotels, motels, and temporary accommodation",5
2021,"Newfoundland and Labrador","10","70 to 74","other service collective",0
2021,"Newfoundland and Labrador","10","70 to 74","religious establishments",5
2021,"Newfoundland and Labrador","10","70 to 74","hutterite colonies",0
2021,"Newfoundland and Labrador","10","70 to 74","other",0
2021,"Newfoundland and Labrador","10","75 to 79","total",800
2021,"Newfoundland and Labrador","10","75 to 79","health care and related",775
2021,"Newfoundland and Labrador","10","75 to 79","hospitals",20
2021,"Newfoundland and Labrador","10","75 to 79","nursing homes",410
2021,"Newfoundland and Labrador","10","75 to 79","senior residences",235
2021,"Newfoundland and Labrador","10","75 to 79","mix of nursing home and senior residences",90
2021,"Newfoundland and Labrador","10","75 to 79","residential care facilities",10
2021,"Newfoundland and Labrador","10","75 to 79","correctional facilities",0
2021,"Newfoundland and Labrador","10","75 to 79","shelters",0
2021,"Newfoundland and Labrador","10","75 to 79","service collective",5
2021,"Newfoundland and Labrador","10","75 to 79","lodging and rooming houses",0
2021,"Newfoundland and Labrador","10","75 to 79","hotels, motels, and temporary accommodation",0
2021,"Newfoundland and Labrador","10","75 to 79","other service collective",0
2021,"Newfoundland and Labrador","10","75 to 79","religious establishments",20
2021,"Newfoundland and Labrador","10","75 to 79","hutterite colonies",0
2021,"Newfoundland and Labrador","10","75 to 79","other",0
2021,"Newfoundland and Labrador","10","80 to 84","total",1380
2021,"Newfoundland and Labrador","10","80 to 84","health care and related",1355
2021,"Newfoundland and Labrador","10","80 to 84","hospitals",80
2021,"Newfoundland and Labrador","10","80 to 84","nursing homes",750
2021,"Newfoundland and Labrador","10","80 to 84","senior residences",375
2021,"Newfoundland and Labrador","10","80 to 84","mix of nursing home and senior residences",140
2021,"Newfoundland and Labrador","10","80 to 84","residential care facilities",5
2021,"Newfoundland and Labrador","10","80 to 84","correctional facilities",0
2021,"Newfoundland and Labrador","10","80 to 84","shelters",0
2021,"Newfoundland and Labrador","10","80 to 84","service collective",10
2021,"Newfoundland and Labrador","10","80 to 84","lodging and rooming houses",10
2021,"Newfoundland and Labrador","10","80 to 84","hotels, motels, and temporary accommodation",0
2021,"Newfoundland and Labrador","10","80 to 84","other service collective",0
2021,"Newfoundland and Labrador","10","80 to 84","religious establishments",15
2021,"Newfoundland and Labrador","10","80 to 84","hutterite colonies",0
2021,"Newfoundland and Labrador","10","80 to 84","other",5
2021,"Newfoundland and Labrador","10","85+","total",2535
2021,"Newfoundland and Labrador","10","85+","health care and related",2510
2021,"Newfoundland and Labrador","10","85+","hospitals",130
2021,"Newfoundland and Labrador","10","85+","nursing homes",1275
2021,"Newfoundland and Labrador","10","85+","senior residences",905
2021,"Newfoundland and Labrador","10","85+","mix of nursing home and senior residences",195
2021,"Newfoundland and Labrador","10","85+","residential care facilities",0
2021,"Newfoundland and Labrador","10","85+","correctional facilities",0
2021,"Newfoundland and Labrador","10","85+","shelters",0
2021,"Newfoundland and Labrador","10","85+","service collective",5
2021,"Newfoundland and Labrador","10","85+","lodging and rooming houses",0
2021,"Newfoundland and Labrador","10","85+","hotels, motels, and temporary accommodation",0
2021,"Newfoundland and Labrador","10","85+","other service collective",0
2021,"Newfoundland and Labrador","10","85+","religious establishments",25
2021,"Newfoundland and Labrador","10","85+","hutterite colonies",0
2021,"Newfoundland and Labrador","10","85+","other",0
2021,"Prince Edward Island","11","Total","total",3835
2021,"Prince Edward Island","11","Total","health care and related",2185
2021,"Prince Edward Island","11","Total","hospitals",25
2021,"Prince Edward Island","11","Total","nursing homes",1205
2021,"Prince Edward Island","11","Total","senior residences",380
2021,"Prince Edward Island","11","Total","mix of nursing home and senior residences",285
2021,"Prince Edward Island","11","Total","residential care facilities",285
2021,"Prince Edward Island","11","Total","correctional facilities",70
2021,"Prince Edward Island","11","Total","shelters",0
2021,"Prince Edward Island","11","Total","service collective",505
2021,"Prince Edward Island","11","Total","lodging and rooming houses",55
2021,"Prince Edward Island","11","Total","hotels, motels, and temporary accommodation",415
2021,"Prince Edward Island","11","Total","other service collective",35
2021,"Prince Edward Island","11","Total","religious establishments",980
2021,"Prince Edward Island","11","Total","hutterite colonies",0
2021,"Prince Edward Island","11","Total","other",90
2021,"Prince Edward Island","11","0 to 14","total",55
2021,"Prince Edward Island","11","0 to 14","health care and related",10
2021,"Prince Edward Island","11","0 to 14","hospitals",0
2021,"Prince Edward Island","11","0 to 14","nursing homes",0
2021,"Prince Edward Island","11","0 to 14","senior residences",0
2021,"Prince Edward Island","11","0 to 14","mix of nursing home and senior residences",0
2021,"Prince Edward Island","11","0 to 14","residential care facilities",10
2021,"Prince Edward Island","11","0 to 14","correctional facilities",0
2021,"Prince Edward Island","11","0 to 14","shelters",0
2021,"Prince Edward Island","11","0 to 14","service collective",20
2021,"Prince Edward Island","11","0 to 14","lodging and rooming houses",5
2021,"Prince Edward Island","11","0 to 14","hotels, motels, and temporary accommodation",20
2021,"Prince Edward Island","11","0 to 14","other service collective",0
2021,"Prince Edward Island","11","0 to 14","religious establishments",20
2021,"Prince Edward Island","11","0 to 14","hutterite colonies",0
2021,"Prince Edward Island","11","0 to 14","other",0
2021,"Prince Edward Island","11","15 to 19","total",145
2021,"Prince Edward Island","11","15 to 19","health care and related",15
2021,"Prince Edward Island","11","15 to 19","hospitals",0
2021,"Prince Edward Island","11","15 to 19","nursing homes",0
2021,"Prince Edward Island","11","15 to 19","senior residences",0
2021,"Prince Edward Island","11","15 to 19","mix of nursing home and senior residences",0
2021,"Prince Edward Island","11","15 to 19","residential care facilities",15
2021,"Prince Edward Island","11","15 to 19","correctional facilities",0
2021,"Prince Edward Island","11","15 to 19","shelters",0
2021,"Prince Edward Island","11","15 to 19","service collective",15
2021,"Prince Edward Island","11","15 to 19","lodging and rooming houses",0
2021,"Prince Edward Island","11","15 to 19","hotels, motels, and temporary accommodation",10
2021,"Prince Edward Island","11","15 to 19","other service collective",0
2021,"Prince Edward Island","11","15 to 19","religious establishments",115
2021,"Prince Edward Island","11","15 to 19","hutterite colonies",0
2021,"Prince Edward Island","11","15 to 19","other",0
2021,"Prince Edward Island","11","15 to 17","total",70
2021,"Prince Edward Island","11","15 to 17","health care and related",10
2021,"Prince Edward Island","11","15 to 17","hospitals",0
2021,"Prince Edward Island","11","15 to 17","nursing homes",0
2021,"Prince Edward Island","11","15 to 17","senior residences",0
2021,"Prince Edward Island","11","15 to 17","mix of nursing home and senior residences",0
2021,"Prince Edward Island","11","15 to 17","residential care facilities",10
2021,"Prince Edward Island","11","15 to 17","correctional facilities",0
2021,"Prince Edward Island","11","15 to 17","shelters",0
2021,"Prince Edward Island","11","15 to 17","service collective",5
2021,"Prince Edward Island","11","15 to 17","lodging and rooming houses",0
2021,"Prince Edward Island","11","15 to 17","hotels, motels, and temporary accommodation",5
2021,"Prince Edward Island","11","15 to 17","other service collective",0
2021,"Prince Edward Island","11","15 to 17","religious establishments",50
2021,"Prince Edward Island","11","15 to 17","hutterite colonies",0
2021,"Prince Edward Island","11","15 to 17","other",0
2021,"Prince Edward Island","11","18 to 19","total",75
2021,"Prince Edward Island","11","18 to 19","health care and related",5
2021,"Prince Edward Island","11","18 to 19","hospitals",0
2021,"Prince Edward Island","11","18 to 19","nursing homes",0
2021,"Prince Edward Island","11","18 to 19","senior residences",0
2021,"Prince Edward Island","11","18 to 19","mix of nursing home and senior residences",0
2021,"Prince Edward Island","11","18 to 19","residential care facilities",5
2021,"Prince Edward Island","11","18 to 19","correctional facilities",0
2021,"Prince Edward Island","11","18 to 19","shelters",0
2021,"Prince Edward Island","11","18 to 19","service collective",5
2021,"Prince Edward Island","11","18 to 19","lodging and rooming houses",0
2021,"Prince Edward Island","11","18 to 19","hotels, motels, and temporary accommodation",0
2021,"Prince Edward Island","11","18 to 19","other service collective",0
2021,"Prince Edward Island","11","18 to 19","religious establishments",65
2021,"Prince Edward Island","11","18 to 19","hutterite colonies",0
2021,"Prince Edward Island","11","18 to 19","other",0
2021,"Prince Edward Island","11","20 to 24","total",350
2021,"Prince Edward Island","11","20 to 24","health care and related",15
2021,"Prince Edward Island","11","20 to 24","hospitals",5
2021,"Prince Edward Island","11","20 to 24","nursing homes",0
2021,"Prince Edward Island","11","20 to 24","senior residences",0
2021,"Prince Edward Island","11","20 to 24","mix of nursing home and senior residences",0
2021,"Prince Edward Island","11","20 to 24","residential care facilities",10
2021,"Prince Edward Island","11","20 to 24","correctional facilities",15
2021,"Prince Edward Island","11","20 to 24","shelters",0
2021,"Prince Edward Island","11","20 to 24","service collective",35
2021,"Prince Edward Island","11","20 to 24","lodging and rooming houses",10
2021,"Prince Edward Island","11","20 to 24","hotels, motels, and temporary accommodation",20
2021,"Prince Edward Island","11","20 to 24","other service collective",5
2021,"Prince Edward Island","11","20 to 24","religious establishments",285
2021,"Prince Edward Island","11","20 to 24","hutterite colonies",0
2021,"Prince Edward Island","11","20 to 24","other",5
2021,"Prince Edward Island","11","25 to 29","total",275
2021,"Prince Edward Island","11","25 to 29","health care and related",20
2021,"Prince Edward Island","11","25 to 29","hospitals",0
2021,"Prince Edward Island","11","25 to 29","nursing homes",5
2021,"Prince Edward Island","11","25 to 29","senior residences",0
2021,"Prince Edward Island","11","25 to 29","mix of nursing home and senior residences",0
2021,"Prince Edward Island","11","25 to 29","residential care facilities",20
2021,"Prince Edward Island","11","25 to 29","correctional facilities",10
2021,"Prince Edward Island","11","25 to 29","shelters",0
2021,"Prince Edward Island","11","25 to 29","service collective",30
2021,"Prince Edward Island","11","25 to 29","lodging and rooming houses",5
2021,"Prince Edward Island","11","25 to 29","hotels, motels, and temporary accommodation",25
2021,"Prince Edward Island","11","25 to 29","other service collective",0
2021,"Prince Edward Island","11","25 to 29","religious establishments",195
2021,"Prince Edward Island","11","25 to 29","hutterite colonies",0
2021,"Prince Edward Island","11","25 to 29","other",15
2021,"Prince Edward Island","11","30 to 34","total",220
2021,"Prince Edward Island","11","30 to 34","health care and related",30
2021,"Prince Edward Island","11","30 to 34","hospitals",0
2021,"Prince Edward Island","11","30 to 34","nursing homes",0
2021,"Prince Edward Island","11","30 to 34","senior residences",0
2021,"Prince Edward Island","11","30 to 34","mix of nursing home and senior residences",0
2021,"Prince Edward Island","11","30 to 34","residential care facilities",25
2021,"Prince Edward Island","11","30 to 34","correctional facilities",15
2021,"Prince Edward Island","11","30 to 34","shelters",0
2021,"Prince Edward Island","11","30 to 34","service collective",35
2021,"Prince Edward Island","11","30 to 34","lodging and rooming houses",10
2021,"Prince Edward Island","11","30 to 34","hotels, motels, and temporary accommodation",25
2021,"Prince Edward Island","11","30 to 34","other service collective",0
2021,"Prince Edward Island","11","30 to 34","religious establishments",125
2021,"Prince Edward Island","11","30 to 34","hutterite colonies",0
2021,"Prince Edward Island","11","30 to 34","other",15
2021,"Prince Edward Island","11","35 to 39","total",185
2021,"Prince Edward Island","11","35 to 39","health care and related",20
2021,"Prince Edward Island","11","35 to 39","hospitals",0
2021,"Prince Edward Island","11","35 to 39","nursing homes",0
2021,"Prince Edward Island","11","35 to 39","senior residences",0
2021,"Prince Edward Island","11","35 to 39","mix of nursing home and senior residences",0
2021,"Prince Edward Island","11","35 to 39","residential care facilities",20
2021,"Prince Edward Island","11","35 to 39","correctional facilities",10
2021,"Prince Edward Island","11","35 to 39","shelters",0
2021,"Prince Edward Island","11","35 to 39","service collective",25
2021,"Prince Edward Island","11","35 to 39","lodging and rooming houses",10
2021,"Prince Edward Island","11","35 to 39","hotels, motels, and temporary accommodation",15
2021,"Prince Edward Island","11","35 to 39","other service collective",0
2021,"Prince Edward Island","11","35 to 39","religious establishments",110
2021,"Prince Edward Island","11","35 to 39","hutterite colonies",0
2021,"Prince Edward Island","11","35 to 39","other",15
2021,"Prince Edward Island","11","40 to 44","total",135
2021,"Prince Edward Island","11","40 to 44","health care and related",25
2021,"Prince Edward Island","11","40 to 44","hospitals",5
2021,"Prince Edward Island","11","40 to 44","nursing homes",5
2021,"Prince Edward Island","11","40 to 44","senior residences",5
2021,"Prince Edward Island","11","40 to 44","mix of nursing home and senior residences",0
2021,"Prince Edward Island","11","40 to 44","residential care facilities",10
2021,"Prince Edward Island","11","40 to 44","correctional facilities",10
2021,"Prince Edward Island","11","40 to 44","shelters",0
2021,"Prince Edward Island","11","40 to 44","service collective",25
2021,"Prince Edward Island","11","40 to 44","lodging and rooming houses",5
2021,"Prince Edward Island","11","40 to 44","hotels, motels, and temporary accommodation",15
2021,"Prince Edward Island","11","40 to 44","other service collective",0
2021,"Prince Edward Island","11","40 to 44","religious establishments",70
2021,"Prince Edward Island","11","40 to 44","hutterite colonies",0
2021,"Prince Edward Island","11","40 to 44","other",10
2021,"Prince Edward Island","11","45 to 49","total",85
2021,"Prince Edward Island","11","45 to 49","health care and related",25
2021,"Prince Edward Island","11","45 to 49","hospitals",5
2021,"Prince Edward Island","11","45 to 49","nursing homes",5
2021,"Prince Edward Island","11","45 to 49","senior residences",0
2021,"Prince Edward Island","11","45 to 49","mix of nursing home and senior residences",0
2021,"Prince Edward Island","11","45 to 49","residential care facilities",15
2021,"Prince Edward Island","11","45 to 49","correctional facilities",5
2021,"Prince Edward Island","11","45 to 49","shelters",0
2021,"Prince Edward Island","11","45 to 49","service collective",25
2021,"Prince Edward Island","11","45 to 49","lodging and rooming houses",0
2021,"Prince Edward Island","11","45 to 49","hotels, motels, and temporary accommodation",20
2021,"Prince Edward Island","11","45 to 49","other service collective",0
2021,"Prince Edward Island","11","45 to 49","religious establishments",20
2021,"Prince Edward Island","11","45 to 49","hutterite colonies",0
2021,"Prince Edward Island","11","45 to 49","other",5
2021,"Prince Edward Island","11","50 to 54","total",140
2021,"Prince Edward Island","11","50 to 54","health care and related",75
2021,"Prince Edward Island","11","50 to 54","hospitals",5
2021,"Prince Edward Island","11","50 to 54","nursing homes",5
2021,"Prince Edward Island","11","50 to 54","senior residences",30
2021,"Prince Edward Island","11","50 to 54","mix of nursing home and senior residences",0
2021,"Prince Edward Island","11","50 to 54","residential care facilities",35
2021,"Prince Edward Island","11","50 to 54","correctional facilities",5
2021,"Prince Edward Island","11","50 to 54","shelters",0
2021,"Prince Edward Island","11","50 to 54","service collective",40
2021,"Prince Edward Island","11","50 to 54","lodging and rooming houses",0
2021,"Prince Edward Island","11","50 to 54","hotels, motels, and temporary accommodation",35
2021,"Prince Edward Island","11","50 to 54","other service collective",5
2021,"Prince Edward Island","11","50 to 54","religious establishments",20
2021,"Prince Edward Island","11","50 to 54","hutterite colonies",0
2021,"Prince Edward Island","11","50 to 54","other",5
2021,"Prince Edward Island","11","55 to 59","total",185
2021,"Prince Edward Island","11","55 to 59","health care and related",95
2021,"Prince Edward Island","11","55 to 59","hospitals",0
2021,"Prince Edward Island","11","55 to 59","nursing homes",25
2021,"Prince Edward Island","11","55 to 59","senior residences",35
2021,"Prince Edward Island","11","55 to 59","mix of nursing home and senior residences",5
2021,"Prince Edward Island","11","55 to 59","residential care facilities",35
2021,"Prince Edward Island","11","55 to 59","correctional facilities",0
2021,"Prince Edward Island","11","55 to 59","shelters",0
2021,"Prince Edward Island","11","55 to 59","service collective",65
2021,"Prince Edward Island","11","55 to 59","lodging and rooming houses",0
2021,"Prince Edward Island","11","55 to 59","hotels, motels, and temporary accommodation",65
2021,"Prince Edward Island","11","55 to 59","other service collective",5
2021,"Prince Edward Island","11","55 to 59","religious establishments",15
2021,"Prince Edward Island","11","55 to 59","hutterite colonies",0
2021,"Prince Edward Island","11","55 to 59","other",0
2021,"Prince Edward Island","11","60 to 64","total",150
2021,"Prince Edward Island","11","60 to 64","health care and related",80
2021,"Prince Edward Island","11","60 to 64","hospitals",5
2021,"Prince Edward Island","11","60 to 64","nursing homes",25
2021,"Prince Edward Island","11","60 to 64","senior residences",20
2021,"Prince Edward Island","11","60 to 64","mix of nursing home and senior residences",5
2021,"Prince Edward Island","11","60 to 64","residential care facilities",25
2021,"Prince Edward Island","11","60 to 64","correctional facilities",0
2021,"Prince Edward Island","11","60 to 64","shelters",0
2021,"Prince Edward Island","11","60 to 64","service collective",55
2021,"Prince Edward Island","11","60 to 64","lodging and rooming houses",0
2021,"Prince Edward Island","11","60 to 64","hotels, motels, and temporary accommodation",50
2021,"Prince Edward Island","11","60 to 64","other service collective",5
2021,"Prince Edward Island","11","60 to 64","religious establishments",10
2021,"Prince Edward Island","11","60 to 64","hutterite colonies",0
2021,"Prince Edward Island","11","60 to 64","other",5
2021,"Prince Edward Island","11","65+","total",1910
2021,"Prince Edward Island","11","65+","health care and related",1765
2021,"Prince Edward Island","11","65+","hospitals",10
2021,"Prince Edward Island","11","65+","nursing homes",1135
2021,"Prince Edward Island","11","65+","senior residences",285
2021,"Prince Edward Island","11","65+","mix of nursing home and senior residences",275
2021,"Prince Edward Island","11","65+","residential care facilities",60
2021,"Prince Edward Island","11","65+","correctional facilities",0
2021,"Prince Edward Island","11","65+","shelters",0
2021,"Prince Edward Island","11","65+","service collective",130
2021,"Prince Edward Island","11","65+","lodging and rooming houses",0
2021,"Prince Edward Island","11","65+","hotels, motels, and temporary accommodation",115
2021,"Prince Edward Island","11","65+","other service collective",15
2021,"Prince Edward Island","11","65+","religious establishments",10
2021,"Prince Edward Island","11","65+","hutterite colonies",0
2021,"Prince Edward Island","11","65+","other",5
2021,"Prince Edward Island","11","65 to 69","total",155
2021,"Prince Edward Island","11","65 to 69","health care and related",95
2021,"Prince Edward Island","11","65 to 69","hospitals",5
2021,"Prince Edward Island","11","65 to 69","nursing homes",40
2021,"Prince Edward Island","11","65 to 69","senior residences",30
2021,"Prince Edward Island","11","65 to 69","mix of nursing home and senior residences",10
2021,"Prince Edward Island","11","65 to 69","residential care facilities",20
2021,"Prince Edward Island","11","65 to 69","correctional facilities",0
2021,"Prince Edward Island","11","65 to 69","shelters",0
2021,"Prince Edward Island","11","65 to 69","service collective",50
2021,"Prince Edward Island","11","65 to 69","lodging and rooming houses",0
2021,"Prince Edward Island","11","65 to 69","hotels, motels, and temporary accommodation",45
2021,"Prince Edward Island","11","65 to 69","other service collective",5
2021,"Prince Edward Island","11","65 to 69","religious establishments",5
2021,"Prince Edward Island","11","65 to 69","hutterite colonies",0
2021,"Prince Edward Island","11","65 to 69","other",5
2021,"Prince Edward Island","11","70 to 74","total",180
2021,"Prince Edward Island","11","70 to 74","health care and related",150
2021,"Prince Edward Island","11","70 to 74","hospitals",0
2021,"Prince Edward Island","11","70 to 74","nursing homes",90
2021,"Prince Edward Island","11","70 to 74","senior residences",30
2021,"Prince Edward Island","11","70 to 74","mix of nursing home and senior residences",10
2021,"Prince Edward Island","11","70 to 74","residential care facilities",5
2021,"Prince Edward Island","11","70 to 74","correctional facilities",0
2021,"Prince Edward Island","11","70 to 74","shelters",0
2021,"Prince Edward Island","11","70 to 74","service collective",30
2021,"Prince Edward Island","11","70 to 74","lodging and rooming houses",0
2021,"Prince Edward Island","11","70 to 74","hotels, motels, and temporary accommodation",25
2021,"Prince Edward Island","11","70 to 74","other service collective",0
2021,"Prince Edward Island","11","70 to 74","religious establishments",0
2021,"Prince Edward Island","11","70 to 74","hutterite colonies",0
2021,"Prince Edward Island","11","70 to 74","other",0
2021,"Prince Edward Island","11","75 to 79","total",235
2021,"Prince Edward Island","11","75 to 79","health care and related",200
2021,"Prince Edward Island","11","75 to 79","hospitals",0
2021,"Prince Edward Island","11","75 to 79","nursing homes",125
2021,"Prince Edward Island","11","75 to 79","senior residences",30
2021,"Prince Edward Island","11","75 to 79","mix of nursing home and senior residences",35
2021,"Prince Edward Island","11","75 to 79","residential care facilities",10
2021,"Prince Edward Island","11","75 to 79","correctional facilities",0
2021,"Prince Edward Island","11","75 to 79","shelters",0
2021,"Prince Edward Island","11","75 to 79","service collective",30
2021,"Prince Edward Island","11","75 to 79","lodging and rooming houses",0
2021,"Prince Edward Island","11","75 to 79","hotels, motels, and temporary accommodation",25
2021,"Prince Edward Island","11","75 to 79","other service collective",5
2021,"Prince Edward Island","11","75 to 79","religious establishments",5
2021,"Prince Edward Island","11","75 to 79","hutterite colonies",0
2021,"Prince Edward Island","11","75 to 79","other",0
2021,"Prince Edward Island","11","80 to 84","total",360
2021,"Prince Edward Island","11","80 to 84","health care and related",350
2021,"Prince Edward Island","11","80 to 84","hospitals",0
2021,"Prince Edward Island","11","80 to 84","nursing homes",240
2021,"Prince Edward Island","11","80 to 84","senior residences",50
2021,"Prince Edward Island","11","80 to 84","mix of nursing home and senior residences",50
2021,"Prince Edward Island","11","80 to 84","residential care facilities",10
2021,"Prince Edward Island","11","80 to 84","correctional facilities",0
2021,"Prince Edward Island","11","80 to 84","shelters",0
2021,"Prince Edward Island","11","80 to 84","service collective",10
2021,"Prince Edward Island","11","80 to 84","lodging and rooming houses",0
2021,"Prince Edward Island","11","80 to 84","hotels, motels, and temporary accommodation",10
2021,"Prince Edward Island","11","80 to 84","other service collective",0
2021,"Prince Edward Island","11","80 to 84","religious establishments",0
2021,"Prince Edward Island","11","80 to 84","hutterite colonies",0
2021,"Prince Edward Island","11","80 to 84","other",0
2021,"Prince Edward Island","11","85+","total",980
2021,"Prince Edward Island","11","85+","health care and related",965
2021,"Prince Edward Island","11","85+","hospitals",5
2021,"Prince Edward Island","11","85+","nursing homes",635
2021,"Prince Edward Island","11","85+","senior residences",140
2021,"Prince Edward Island","11","85+","mix of nursing home and senior residences",165
2021,"Prince Edward Island","11","85+","residential care facilities",15
2021,"Prince Edward Island","11","85+","correctional facilities",0
2021,"Prince Edward Island","11","85+","shelters",0
2021,"Prince Edward Island","11","85+","service collective",15
2021,"Prince Edward Island","11","85+","lodging and rooming houses",0
2021,"Prince Edward Island","11","85+","hotels, motels, and temporary accommodation",10
2021,"Prince Edward Island","11","85+","other service collective",0
2021,"Prince Edward Island","11","85+","religious establishments",0
2021,"Prince Edward Island","11","85+","hutterite colonies",0
2021,"Prince Edward Island","11","85+","other",0
2021,"Nova Scotia","12","Total","total",13330
2021,"Nova Scotia","12","Total","health care and related",10945
2021,"Nova Scotia","12","Total","hospitals",170
2021,"Nova Scotia","12","Total","nursing homes",6685
2021,"Nova Scotia","12","Total","senior residences",1485
2021,"Nova Scotia","12","Total","mix of nursing home and senior residences",420
2021,"Nova Scotia","12","Total","residential care facilities",2175
2021,"Nova Scotia","12","Total","correctional facilities",820
2021,"Nova Scotia","12","Total","shelters",115
2021,"Nova Scotia","12","Total","service collective",1235
2021,"Nova Scotia","12","Total","lodging and rooming houses",440
2021,"Nova Scotia","12","Total","hotels, motels, and temporary accommodation",515
2021,"Nova Scotia","12","Total","other service collective",280
2021,"Nova Scotia","12","Total","religious establishments",50
2021,"Nova Scotia","12","Total","hutterite colonies",0
2021,"Nova Scotia","12","Total","other",165
2021,"Nova Scotia","12","0 to 14","total",115
2021,"Nova Scotia","12","0 to 14","health care and related",60
2021,"Nova Scotia","12","0 to 14","hospitals",0
2021,"Nova Scotia","12","0 to 14","nursing homes",0
2021,"Nova Scotia","12","0 to 14","senior residences",0
2021,"Nova Scotia","12","0 to 14","mix of nursing home and senior residences",0
2021,"Nova Scotia","12","0 to 14","residential care facilities",55
2021,"Nova Scotia","12","0 to 14","correctional facilities",0
2021,"Nova Scotia","12","0 to 14","shelters",5
2021,"Nova Scotia","12","0 to 14","service collective",50
2021,"Nova Scotia","12","0 to 14","lodging and rooming houses",10
2021,"Nova Scotia","12","0 to 14","hotels, motels, and temporary accommodation",25
2021,"Nova Scotia","12","0 to 14","other service collective",10
2021,"Nova Scotia","12","0 to 14","religious establishments",0
2021,"Nova Scotia","12","0 to 14","hutterite colonies",0
2021,"Nova Scotia","12","0 to 14","other",5
2021,"Nova Scotia","12","15 to 19","total",215
2021,"Nova Scotia","12","15 to 19","health care and related",100
2021,"Nova Scotia","12","15 to 19","hospitals",0
2021,"Nova Scotia","12","15 to 19","nursing homes",0
2021,"Nova Scotia","12","15 to 19","senior residences",0
2021,"Nova Scotia","12","15 to 19","mix of nursing home and senior residences",0
2021,"Nova Scotia","12","15 to 19","residential care facilities",95
2021,"Nova Scotia","12","15 to 19","correctional facilities",5
2021,"Nova Scotia","12","15 to 19","shelters",0
2021,"Nova Scotia","12","15 to 19","service collective",95
2021,"Nova Scotia","12","15 to 19","lodging and rooming houses",35
2021,"Nova Scotia","12","15 to 19","hotels, motels, and temporary accommodation",10
2021,"Nova Scotia","12","15 to 19","other service collective",55
2021,"Nova Scotia","12","15 to 19","religious establishments",0
2021,"Nova Scotia","12","15 to 19","hutterite colonies",0
2021,"Nova Scotia","12","15 to 19","other",10
2021,"Nova Scotia","12","15 to 17","total",110
2021,"Nova Scotia","12","15 to 17","health care and related",75
2021,"Nova Scotia","12","15 to 17","hospitals",0
2021,"Nova Scotia","12","15 to 17","nursing homes",0
2021,"Nova Scotia","12","15 to 17","senior residences",0
2021,"Nova Scotia","12","15 to 17","mix of nursing home and senior residences",0
2021,"Nova Scotia","12","15 to 17","residential care facilities",70
2021,"Nova Scotia","12","15 to 17","correctional facilities",5
2021,"Nova Scotia","12","15 to 17","shelters",0
2021,"Nova Scotia","12","15 to 17","service collective",35
2021,"Nova Scotia","12","15 to 17","lodging and rooming houses",5
2021,"Nova Scotia","12","15 to 17","hotels, motels, and temporary accommodation",5
2021,"Nova Scotia","12","15 to 17","other service collective",20
2021,"Nova Scotia","12","15 to 17","religious establishments",0
2021,"Nova Scotia","12","15 to 17","hutterite colonies",0
2021,"Nova Scotia","12","15 to 17","other",5
2021,"Nova Scotia","12","18 to 19","total",100
2021,"Nova Scotia","12","18 to 19","health care and related",30
2021,"Nova Scotia","12","18 to 19","hospitals",0
2021,"Nova Scotia","12","18 to 19","nursing homes",0
2021,"Nova Scotia","12","18 to 19","senior residences",0
2021,"Nova Scotia","12","18 to 19","mix of nursing home and senior residences",0
2021,"Nova Scotia","12","18 to 19","residential care facilities",25
2021,"Nova Scotia","12","18 to 19","correctional facilities",5
2021,"Nova Scotia","12","18 to 19","shelters",0
2021,"Nova Scotia","12","18 to 19","service collective",60
2021,"Nova Scotia","12","18 to 19","lodging and rooming houses",25
2021,"Nova Scotia","12","18 to 19","hotels, motels, and temporary accommodation",0
2021,"Nova Scotia","12","18 to 19","other service collective",35
2021,"Nova Scotia","12","18 to 19","religious establishments",0
2021,"Nova Scotia","12","18 to 19","hutterite colonies",0
2021,"Nova Scotia","12","18 to 19","other",10
2021,"Nova Scotia","12","20 to 24","total",365
2021,"Nova Scotia","12","20 to 24","health care and related",75
2021,"Nova Scotia","12","20 to 24","hospitals",0
2021,"Nova Scotia","12","20 to 24","nursing homes",5
2021,"Nova Scotia","12","20 to 24","senior residences",0
2021,"Nova Scotia","12","20 to 24","mix of nursing home and senior residences",0
2021,"Nova Scotia","12","20 to 24","residential care facilities",65
2021,"Nova Scotia","12","20 to 24","correctional facilities",75
2021,"Nova Scotia","12","20 to 24","shelters",15
2021,"Nova Scotia","12","20 to 24","service collective",175
2021,"Nova Scotia","12","20 to 24","lodging and rooming houses",95
2021,"Nova Scotia","12","20 to 24","hotels, motels, and temporary accommodation",25
2021,"Nova Scotia","12","20 to 24","other service collective",60
2021,"Nova Scotia","12","20 to 24","religious establishments",0
2021,"Nova Scotia","12","20 to 24","hutterite colonies",0
2021,"Nova Scotia","12","20 to 24","other",35
2021,"Nova Scotia","12","25 to 29","total",415
2021,"Nova Scotia","12","25 to 29","health care and related",115
2021,"Nova Scotia","12","25 to 29","hospitals",0
2021,"Nova Scotia","12","25 to 29","nursing homes",5
2021,"Nova Scotia","12","25 to 29","senior residences",0
2021,"Nova Scotia","12","25 to 29","mix of nursing home and senior residences",0
2021,"Nova Scotia","12","25 to 29","residential care facilities",110
2021,"Nova Scotia","12","25 to 29","correctional facilities",160
2021,"Nova Scotia","12","25 to 29","shelters",10
2021,"Nova Scotia","12","25 to 29","service collective",100
2021,"Nova Scotia","12","25 to 29","lodging and rooming houses",40
2021,"Nova Scotia","12","25 to 29","hotels, motels, and temporary accommodation",40
2021,"Nova Scotia","12","25 to 29","other service collective",20
2021,"Nova Scotia","12","25 to 29","religious establishments",0
2021,"Nova Scotia","12","25 to 29","hutterite colonies",0
2021,"Nova Scotia","12","25 to 29","other",25
2021,"Nova Scotia","12","30 to 34","total",415
2021,"Nova Scotia","12","30 to 34","health care and related",155
2021,"Nova Scotia","12","30 to 34","hospitals",0
2021,"Nova Scotia","12","30 to 34","nursing homes",10
2021,"Nova Scotia","12","30 to 34","senior residences",5
2021,"Nova Scotia","12","30 to 34","mix of nursing home and senior residences",0
2021,"Nova Scotia","12","30 to 34","residential care facilities",135
2021,"Nova Scotia","12","30 to 34","correctional facilities",150
2021,"Nova Scotia","12","30 to 34","shelters",10
2021,"Nova Scotia","12","30 to 34","service collective",70
2021,"Nova Scotia","12","30 to 34","lodging and rooming houses",35
2021,"Nova Scotia","12","30 to 34","hotels, motels, and temporary accommodation",20
2021,"Nova Scotia","12","30 to 34","other service collective",15
2021,"Nova Scotia","12","30 to 34","religious establishments",5
2021,"Nova Scotia","12","30 to 34","hutterite colonies",0
2021,"Nova Scotia","12","30 to 34","other",20
2021,"Nova Scotia","12","35 to 39","total",375
2021,"Nova Scotia","12","35 to 39","health care and related",160
2021,"Nova Scotia","12","35 to 39","hospitals",0
2021,"Nova Scotia","12","35 to 39","nursing homes",10
2021,"Nova Scotia","12","35 to 39","senior residences",5
2021,"Nova Scotia","12","35 to 39","mix of nursing home and senior residences",0
2021,"Nova Scotia","12","35 to 39","residential care facilities",145
2021,"Nova Scotia","12","35 to 39","correctional facilities",125
2021,"Nova Scotia","12","35 to 39","shelters",15
2021,"Nova Scotia","12","35 to 39","service collective",60
2021,"Nova Scotia","12","35 to 39","lodging and rooming houses",15
2021,"Nova Scotia","12","35 to 39","hotels, motels, and temporary accommodation",30
2021,"Nova Scotia","12","35 to 39","other service collective",15
2021,"Nova Scotia","12","35 to 39","religious establishments",0
2021,"Nova Scotia","12","35 to 39","hutterite colonies",0
2021,"Nova Scotia","12","35 to 39","other",15
2021,"Nova Scotia","12","40 to 44","total",345
2021,"Nova Scotia","12","40 to 44","health care and related",150
2021,"Nova Scotia","12","40 to 44","hospitals",0
2021,"Nova Scotia","12","40 to 44","nursing homes",20
2021,"Nova Scotia","12","40 to 44","senior residences",0
2021,"Nova Scotia","12","40 to 44","mix of nursing home and senior residences",0
2021,"Nova Scotia","12","40 to 44","residential care facilities",135
2021,"Nova Scotia","12","40 to 44","correctional facilities",100
2021,"Nova Scotia","12","40 to 44","shelters",15
2021,"Nova Scotia","12","40 to 44","service collective",60
2021,"Nova Scotia","12","40 to 44","lodging and rooming houses",15
2021,"Nova Scotia","12","40 to 44","hotels, motels, and temporary accommodation",40
2021,"Nova Scotia","12","40 to 44","other service collective",10
2021,"Nova Scotia","12","40 to 44","religious establishments",5
2021,"Nova Scotia","12","40 to 44","hutterite colonies",0
2021,"Nova Scotia","12","40 to 44","other",15
2021,"Nova Scotia","12","45 to 49","total",360
2021,"Nova Scotia","12","45 to 49","health care and related",200
2021,"Nova Scotia","12","45 to 49","hospitals",0
2021,"Nova Scotia","12","45 to 49","nursing homes",25
2021,"Nova Scotia","12","45 to 49","senior residences",5
2021,"Nova Scotia","12","45 to 49","mix of nursing home and senior residences",5
2021,"Nova Scotia","12","45 to 49","residential care facilities",170
2021,"Nova Scotia","12","45 to 49","correctional facilities",70
2021,"Nova Scotia","12","45 to 49","shelters",15
2021,"Nova Scotia","12","45 to 49","service collective",65
2021,"Nova Scotia","12","45 to 49","lodging and rooming houses",35
2021,"Nova Scotia","12","45 to 49","hotels, motels, and temporary accommodation",20
2021,"Nova Scotia","12","45 to 49","other service collective",10
2021,"Nova Scotia","12","45 to 49","religious establishments",0
2021,"Nova Scotia","12","45 to 49","hutterite colonies",0
2021,"Nova Scotia","12","45 to 49","other",10
2021,"Nova Scotia","12","50 to 54","total",455
2021,"Nova Scotia","12","50 to 54","health care and related",285
2021,"Nova Scotia","12","50 to 54","hospitals",0
2021,"Nova Scotia","12","50 to 54","nursing homes",70
2021,"Nova Scotia","12","50 to 54","senior residences",0
2021,"Nova Scotia","12","50 to 54","mix of nursing home and senior residences",0
2021,"Nova Scotia","12","50 to 54","residential care facilities",210
2021,"Nova Scotia","12","50 to 54","correctional facilities",65
2021,"Nova Scotia","12","50 to 54","shelters",10
2021,"Nova Scotia","12","50 to 54","service collective",85
2021,"Nova Scotia","12","50 to 54","lodging and rooming houses",30
2021,"Nova Scotia","12","50 to 54","hotels, motels, and temporary accommodation",45
2021,"Nova Scotia","12","50 to 54","other service collective",15
2021,"Nova Scotia","12","50 to 54","religious establishments",10
2021,"Nova Scotia","12","50 to 54","hutterite colonies",0
2021,"Nova Scotia","12","50 to 54","other",10
2021,"Nova Scotia","12","55 to 59","total",560
2021,"Nova Scotia","12","55 to 59","health care and related",390
2021,"Nova Scotia","12","55 to 59","hospitals",0
2021,"Nova Scotia","12","55 to 59","nursing homes",105
2021,"Nova Scotia","12","55 to 59","senior residences",35
2021,"Nova Scotia","12","55 to 59","mix of nursing home and senior residences",5
2021,"Nova Scotia","12","55 to 59","residential care facilities",250
2021,"Nova Scotia","12","55 to 59","correctional facilities",35
2021,"Nova Scotia","12","55 to 59","shelters",10
2021,"Nova Scotia","12","55 to 59","service collective",110
2021,"Nova Scotia","12","55 to 59","lodging and rooming houses",35
2021,"Nova Scotia","12","55 to 59","hotels, motels, and temporary accommodation",60
2021,"Nova Scotia","12","55 to 59","other service collective",20
2021,"Nova Scotia","12","55 to 59","religious establishments",0
2021,"Nova Scotia","12","55 to 59","hutterite colonies",0
2021,"Nova Scotia","12","55 to 59","other",10
2021,"Nova Scotia","12","60 to 64","total",620
2021,"Nova Scotia","12","60 to 64","health care and related",465
2021,"Nova Scotia","12","60 to 64","hospitals",5
2021,"Nova Scotia","12","60 to 64","nursing homes",170
2021,"Nova Scotia","12","60 to 64","senior residences",25
2021,"Nova Scotia","12","60 to 64","mix of nursing home and senior residences",0
2021,"Nova Scotia","12","60 to 64","residential care facilities",265
2021,"Nova Scotia","12","60 to 64","correctional facilities",20
2021,"Nova Scotia","12","60 to 64","shelters",5
2021,"Nova Scotia","12","60 to 64","service collective",125
2021,"Nova Scotia","12","60 to 64","lodging and rooming houses",40
2021,"Nova Scotia","12","60 to 64","hotels, motels, and temporary accommodation",65
2021,"Nova Scotia","12","60 to 64","other service collective",20
2021,"Nova Scotia","12","60 to 64","religious establishments",10
2021,"Nova Scotia","12","60 to 64","hutterite colonies",0
2021,"Nova Scotia","12","60 to 64","other",5
2021,"Nova Scotia","12","65+","total",9090
2021,"Nova Scotia","12","65+","health care and related",8795
2021,"Nova Scotia","12","65+","hospitals",160
2021,"Nova Scotia","12","65+","nursing homes",6270
2021,"Nova Scotia","12","65+","senior residences",1410
2021,"Nova Scotia","12","65+","mix of nursing home and senior residences",415
2021,"Nova Scotia","12","65+","residential care facilities",540
2021,"Nova Scotia","12","65+","correctional facilities",15
2021,"Nova Scotia","12","65+","shelters",5
2021,"Nova Scotia","12","65+","service collective",240
2021,"Nova Scotia","12","65+","lodging and rooming houses",55
2021,"Nova Scotia","12","65+","hotels, motels, and temporary accommodation",150
2021,"Nova Scotia","12","65+","other service collective",40
2021,"Nova Scotia","12","65+","religious establishments",25
2021,"Nova Scotia","12","65+","hutterite colonies",0
2021,"Nova Scotia","12","65+","other",10
2021,"Nova Scotia","12","65 to 69","total",750
2021,"Nova Scotia","12","65 to 69","health care and related",610
2021,"Nova Scotia","12","65 to 69","hospitals",5
2021,"Nova Scotia","12","65 to 69","nursing homes",335
2021,"Nova Scotia","12","65 to 69","senior residences",70
2021,"Nova Scotia","12","65 to 69","mix of nursing home and senior residences",5
2021,"Nova Scotia","12","65 to 69","residential care facilities",205
2021,"Nova Scotia","12","65 to 69","correctional facilities",5
2021,"Nova Scotia","12","65 to 69","shelters",10
2021,"Nova Scotia","12","65 to 69","service collective",115
2021,"Nova Scotia","12","65 to 69","lodging and rooming houses",35
2021,"Nova Scotia","12","65 to 69","hotels, motels, and temporary accommodation",70
2021,"Nova Scotia","12","65 to 69","other service collective",15
2021,"Nova Scotia","12","65 to 69","religious establishments",5
2021,"Nova Scotia","12","65 to 69","hutterite colonies",0
2021,"Nova Scotia","12","65 to 69","other",0
2021,"Nova Scotia","12","70 to 74","total",955
2021,"Nova Scotia","12","70 to 74","health care and related",880
2021,"Nova Scotia","12","70 to 74","hospitals",5
2021,"Nova Scotia","12","70 to 74","nursing homes",600
2021,"Nova Scotia","12","70 to 74","senior residences",120
2021,"Nova Scotia","12","70 to 74","mix of nursing home and senior residences",15
2021,"Nova Scotia","12","70 to 74","residential care facilities",150
2021,"Nova Scotia","12","70 to 74","correctional facilities",10
2021,"Nova Scotia","12","70 to 74","shelters",0
2021,"Nova Scotia","12","70 to 74","service collective",60
2021,"Nova Scotia","12","70 to 74","lodging and rooming houses",10
2021,"Nova Scotia","12","70 to 74","hotels, motels, and temporary accommodation",35
2021,"Nova Scotia","12","70 to 74","other service collective",15
2021,"Nova Scotia","12","70 to 74","religious establishments",5
2021,"Nova Scotia","12","70 to 74","hutterite colonies",0
2021,"Nova Scotia","12","70 to 74","other",0
2021,"Nova Scotia","12","75 to 79","total",1075
2021,"Nova Scotia","12","75 to 79","health care and related",1035
2021,"Nova Scotia","12","75 to 79","hospitals",10
2021,"Nova Scotia","12","75 to 79","nursing homes",795
2021,"Nova Scotia","12","75 to 79","senior residences",125
2021,"Nova Scotia","12","75 to 79","mix of nursing home and senior residences",20
2021,"Nova Scotia","12","75 to 79","residential care facilities",85
2021,"Nova Scotia","12","75 to 79","correctional facilities",0
2021,"Nova Scotia","12","75 to 79","shelters",0
2021,"Nova Scotia","12","75 to 79","service collective",30
2021,"Nova Scotia","12","75 to 79","lodging and rooming houses",0
2021,"Nova Scotia","12","75 to 79","hotels, motels, and temporary accommodation",20
2021,"Nova Scotia","12","75 to 79","other service collective",5
2021,"Nova Scotia","12","75 to 79","religious establishments",5
2021,"Nova Scotia","12","75 to 79","hutterite colonies",0
2021,"Nova Scotia","12","75 to 79","other",0
2021,"Nova Scotia","12","80 to 84","total",1725
2021,"Nova Scotia","12","80 to 84","health care and related",1705
2021,"Nova Scotia","12","80 to 84","hospitals",55
2021,"Nova Scotia","12","80 to 84","nursing homes",1220
2021,"Nova Scotia","12","80 to 84","senior residences",280
2021,"Nova Scotia","12","80 to 84","mix of nursing home and senior residences",115
2021,"Nova Scotia","12","80 to 84","residential care facilities",35
2021,"Nova Scotia","12","80 to 84","correctional facilities",0
2021,"Nova Scotia","12","80 to 84","shelters",0
2021,"Nova Scotia","12","80 to 84","service collective",15
2021,"Nova Scotia","12","80 to 84","lodging and rooming houses",0
2021,"Nova Scotia","12","80 to 84","hotels, motels, and temporary accommodation",5
2021,"Nova Scotia","12","80 to 84","other service collective",5
2021,"Nova Scotia","12","80 to 84","religious establishments",5
2021,"Nova Scotia","12","80 to 84","hutterite colonies",0
2021,"Nova Scotia","12","80 to 84","other",0
2021,"Nova Scotia","12","85+","total",4585
2021,"Nova Scotia","12","85+","health care and related",4565
2021,"Nova Scotia","12","85+","hospitals",90
2021,"Nova Scotia","12","85+","nursing homes",3320
2021,"Nova Scotia","12","85+","senior residences",820
2021,"Nova Scotia","12","85+","mix of nursing home and senior residences",270
2021,"Nova Scotia","12","85+","residential care facilities",70
2021,"Nova Scotia","12","85+","correctional facilities",0
2021,"Nova Scotia","12","85+","shelters",0
2021,"Nova Scotia","12","85+","service collective",20
2021,"Nova Scotia","12","85+","lodging and rooming houses",0
2021,"Nova Scotia","12","85+","hotels, motels, and temporary accommodation",15
2021,"Nova Scotia","12","85+","other service collective",5
2021,"Nova Scotia","12","85+","religious establishments",5
2021,"Nova Scotia","12","85+","hutterite colonies",0
2021,"Nova Scotia","12","85+","other",0
2021,"New Brunswick","13","Total","total",16330
2021,"New Brunswick","13","Total","health care and related",13315
2021,"New Brunswick","13","Total","hospitals",320
2021,"New Brunswick","13","Total","nursing homes",5430
2021,"New Brunswick","13","Total","senior residences",3565
2021,"New Brunswick","13","Total","mix of nursing home and senior residences",1105
2021,"New Brunswick","13","Total","residential care facilities",2895
2021,"New Brunswick","13","Total","correctional facilities",1065
2021,"New Brunswick","13","Total","shelters",165
2021,"New Brunswick","13","Total","service collective",1570
2021,"New Brunswick","13","Total","lodging and rooming houses",660
2021,"New Brunswick","13","Total","hotels, motels, and temporary accommodation",590
2021,"New Brunswick","13","Total","other service collective",320
2021,"New Brunswick","13","Total","religious establishments",160
2021,"New Brunswick","13","Total","hutterite colonies",0
2021,"New Brunswick","13","Total","other",55
2021,"New Brunswick","13","0 to 14","total",250
2021,"New Brunswick","13","0 to 14","health care and related",175
2021,"New Brunswick","13","0 to 14","hospitals",0
2021,"New Brunswick","13","0 to 14","nursing homes",0
2021,"New Brunswick","13","0 to 14","senior residences",0
2021,"New Brunswick","13","0 to 14","mix of nursing home and senior residences",0
2021,"New Brunswick","13","0 to 14","residential care facilities",175
2021,"New Brunswick","13","0 to 14","correctional facilities",0
2021,"New Brunswick","13","0 to 14","shelters",20
2021,"New Brunswick","13","0 to 14","service collective",60
2021,"New Brunswick","13","0 to 14","lodging and rooming houses",15
2021,"New Brunswick","13","0 to 14","hotels, motels, and temporary accommodation",30
2021,"New Brunswick","13","0 to 14","other service collective",15
2021,"New Brunswick","13","0 to 14","religious establishments",0
2021,"New Brunswick","13","0 to 14","hutterite colonies",0
2021,"New Brunswick","13","0 to 14","other",0
2021,"New Brunswick","13","15 to 19","total",215
2021,"New Brunswick","13","15 to 19","health care and related",75
2021,"New Brunswick","13","15 to 19","hospitals",0
2021,"New Brunswick","13","15 to 19","nursing homes",0
2021,"New Brunswick","13","15 to 19","senior residences",5
2021,"New Brunswick","13","15 to 19","mix of nursing home and senior residences",0
2021,"New Brunswick","13","15 to 19","residential care facilities",65
2021,"New Brunswick","13","15 to 19","correctional facilities",5
2021,"New Brunswick","13","15 to 19","shelters",25
2021,"New Brunswick","13","15 to 19","service collective",105
2021,"New Brunswick","13","15 to 19","lodging and rooming houses",5
2021,"New Brunswick","13","15 to 19","hotels, motels, and temporary accommodation",15
2021,"New Brunswick","13","15 to 19","other service collective",90
2021,"New Brunswick","13","15 to 19","religious establishments",0
2021,"New Brunswick","13","15 to 19","hutterite colonies",0
2021,"New Brunswick","13","15 to 19","other",0
2021,"New Brunswick","13","15 to 17","total",115
2021,"New Brunswick","13","15 to 17","health care and related",50
2021,"New Brunswick","13","15 to 17","hospitals",0
2021,"New Brunswick","13","15 to 17","nursing homes",0
2021,"New Brunswick","13","15 to 17","senior residences",0
2021,"New Brunswick","13","15 to 17","mix of nursing home and senior residences",0
2021,"New Brunswick","13","15 to 17","residential care facilities",50
2021,"New Brunswick","13","15 to 17","correctional facilities",5
2021,"New Brunswick","13","15 to 17","shelters",20
2021,"New Brunswick","13","15 to 17","service collective",40
2021,"New Brunswick","13","15 to 17","lodging and rooming houses",5
2021,"New Brunswick","13","15 to 17","hotels, motels, and temporary accommodation",5
2021,"New Brunswick","13","15 to 17","other service collective",35
2021,"New Brunswick","13","15 to 17","religious establishments",0
2021,"New Brunswick","13","15 to 17","hutterite colonies",0
2021,"New Brunswick","13","15 to 17","other",0
2021,"New Brunswick","13","18 to 19","total",100
2021,"New Brunswick","13","18 to 19","health care and related",20
2021,"New Brunswick","13","18 to 19","hospitals",0
2021,"New Brunswick","13","18 to 19","nursing homes",0
2021,"New Brunswick","13","18 to 19","senior residences",5
2021,"New Brunswick","13","18 to 19","mix of nursing home and senior residences",0
2021,"New Brunswick","13","18 to 19","residential care facilities",20
2021,"New Brunswick","13","18 to 19","correctional facilities",5
2021,"New Brunswick","13","18 to 19","shelters",5
2021,"New Brunswick","13","18 to 19","service collective",65
2021,"New Brunswick","13","18 to 19","lodging and rooming houses",5
2021,"New Brunswick","13","18 to 19","hotels, motels, and temporary accommodation",5
2021,"New Brunswick","13","18 to 19","other service collective",55
2021,"New Brunswick","13","18 to 19","religious establishments",0
2021,"New Brunswick","13","18 to 19","hutterite colonies",0
2021,"New Brunswick","13","18 to 19","other",0
2021,"New Brunswick","13","20 to 24","total",315
2021,"New Brunswick","13","20 to 24","health care and related",50
2021,"New Brunswick","13","20 to 24","hospitals",5
2021,"New Brunswick","13","20 to 24","nursing homes",5
2021,"New Brunswick","13","20 to 24","senior residences",10
2021,"New Brunswick","13","20 to 24","mix of nursing home and senior residences",0
2021,"New Brunswick","13","20 to 24","residential care facilities",35
2021,"New Brunswick","13","20 to 24","correctional facilities",95
2021,"New Brunswick","13","20 to 24","shelters",10
2021,"New Brunswick","13","20 to 24","service collective",160
2021,"New Brunswick","13","20 to 24","lodging and rooming houses",45
2021,"New Brunswick","13","20 to 24","hotels, motels, and temporary accommodation",30
2021,"New Brunswick","13","20 to 24","other service collective",80
2021,"New Brunswick","13","20 to 24","religious establishments",0
2021,"New Brunswick","13","20 to 24","hutterite colonies",0
2021,"New Brunswick","13","20 to 24","other",0
2021,"New Brunswick","13","25 to 29","total",535
2021,"New Brunswick","13","25 to 29","health care and related",215
2021,"New Brunswick","13","25 to 29","hospitals",5
2021,"New Brunswick","13","25 to 29","nursing homes",5
2021,"New Brunswick","13","25 to 29","senior residences",95
2021,"New Brunswick","13","25 to 29","mix of nursing home and senior residences",5
2021,"New Brunswick","13","25 to 29","residential care facilities",105
2021,"New Brunswick","13","25 to 29","correctional facilities",175
2021,"New Brunswick","13","25 to 29","shelters",20
2021,"New Brunswick","13","25 to 29","service collective",115
2021,"New Brunswick","13","25 to 29","lodging and rooming houses",40
2021,"New Brunswick","13","25 to 29","hotels, motels, and temporary accommodation",25
2021,"New Brunswick","13","25 to 29","other service collective",45
2021,"New Brunswick","13","25 to 29","religious establishments",0
2021,"New Brunswick","13","25 to 29","hutterite colonies",0
2021,"New Brunswick","13","25 to 29","other",10
2021,"New Brunswick","13","30 to 34","total",490
2021,"New Brunswick","13","30 to 34","health care and related",190
2021,"New Brunswick","13","30 to 34","hospitals",5
2021,"New Brunswick","13","30 to 34","nursing homes",30
2021,"New Brunswick","13","30 to 34","senior residences",45
2021,"New Brunswick","13","30 to 34","mix of nursing home and senior residences",5
2021,"New Brunswick","13","30 to 34","residential care facilities",105
2021,"New Brunswick","13","30 to 34","correctional facilities",180
2021,"New Brunswick","13","30 to 34","shelters",15
2021,"New Brunswick","13","30 to 34","service collective",100
2021,"New Brunswick","13","30 to 34","lodging and rooming houses",60
2021,"New Brunswick","13","30 to 34","hotels, motels, and temporary accommodation",25
2021,"New Brunswick","13","30 to 34","other service collective",15
2021,"New Brunswick","13","30 to 34","religious establishments",0
2021,"New Brunswick","13","30 to 34","hutterite colonies",0
2021,"New Brunswick","13","30 to 34","other",5
2021,"New Brunswick","13","35 to 39","total",510
2021,"New Brunswick","13","35 to 39","health care and related",260
2021,"New Brunswick","13","35 to 39","hospitals",5
2021,"New Brunswick","13","35 to 39","nursing homes",45
2021,"New Brunswick","13","35 to 39","senior residences",65
2021,"New Brunswick","13","35 to 39","mix of nursing home and senior residences",10
2021,"New Brunswick","13","35 to 39","residential care facilities",130
2021,"New Brunswick","13","35 to 39","correctional facilities",140
2021,"New Brunswick","13","35 to 39","shelters",10
2021,"New Brunswick","13","35 to 39","service collective",95
2021,"New Brunswick","13","35 to 39","lodging and rooming houses",60
2021,"New Brunswick","13","35 to 39","hotels, motels, and temporary accommodation",25
2021,"New Brunswick","13","35 to 39","other service collective",5
2021,"New Brunswick","13","35 to 39","religious establishments",0
2021,"New Brunswick","13","35 to 39","hutterite colonies",0
2021,"New Brunswick","13","35 to 39","other",5
2021,"New Brunswick","13","40 to 44","total",460
2021,"New Brunswick","13","40 to 44","health care and related",235
2021,"New Brunswick","13","40 to 44","hospitals",5
2021,"New Brunswick","13","40 to 44","nursing homes",45
2021,"New Brunswick","13","40 to 44","senior residences",45
2021,"New Brunswick","13","40 to 44","mix of nursing home and senior residences",5
2021,"New Brunswick","13","40 to 44","residential care facilities",130
2021,"New Brunswick","13","40 to 44","correctional facilities",130
2021,"New Brunswick","13","40 to 44","shelters",10
2021,"New Brunswick","13","40 to 44","service collective",70
2021,"New Brunswick","13","40 to 44","lodging and rooming houses",35
2021,"New Brunswick","13","40 to 44","hotels, motels, and temporary accommodation",30
2021,"New Brunswick","13","40 to 44","other service collective",10
2021,"New Brunswick","13","40 to 44","religious establishments",0
2021,"New Brunswick","13","40 to 44","hutterite colonies",0
2021,"New Brunswick","13","40 to 44","other",0
2021,"New Brunswick","13","45 to 49","total",515
2021,"New Brunswick","13","45 to 49","health care and related",305
2021,"New Brunswick","13","45 to 49","hospitals",10
2021,"New Brunswick","13","45 to 49","nursing homes",60
2021,"New Brunswick","13","45 to 49","senior residences",70
2021,"New Brunswick","13","45 to 49","mix of nursing home and senior residences",5
2021,"New Brunswick","13","45 to 49","residential care facilities",160
2021,"New Brunswick","13","45 to 49","correctional facilities",100
2021,"New Brunswick","13","45 to 49","shelters",10
2021,"New Brunswick","13","45 to 49","service collective",105
2021,"New Brunswick","13","45 to 49","lodging and rooming houses",55
2021,"New Brunswick","13","45 to 49","hotels, motels, and temporary accommodation",40
2021,"New Brunswick","13","45 to 49","other service collective",10
2021,"New Brunswick","13","45 to 49","religious establishments",0
2021,"New Brunswick","13","45 to 49","hutterite colonies",0
2021,"New Brunswick","13","45 to 49","other",0
2021,"New Brunswick","13","50 to 54","total",555
2021,"New Brunswick","13","50 to 54","health care and related",375
2021,"New Brunswick","13","50 to 54","hospitals",10
2021,"New Brunswick","13","50 to 54","nursing homes",65
2021,"New Brunswick","13","50 to 54","senior residences",60
2021,"New Brunswick","13","50 to 54","mix of nursing home and senior residences",10
2021,"New Brunswick","13","50 to 54","residential care facilities",230
2021,"New Brunswick","13","50 to 54","correctional facilities",65
2021,"New Brunswick","13","50 to 54","shelters",15
2021,"New Brunswick","13","50 to 54","service collective",85
2021,"New Brunswick","13","50 to 54","lodging and rooming houses",50
2021,"New Brunswick","13","50 to 54","hotels, motels, and temporary accommodation",30
2021,"New Brunswick","13","50 to 54","other service collective",0
2021,"New Brunswick","13","50 to 54","religious establishments",0
2021,"New Brunswick","13","50 to 54","hutterite colonies",0
2021,"New Brunswick","13","50 to 54","other",5
2021,"New Brunswick","13","55 to 59","total",975
2021,"New Brunswick","13","55 to 59","health care and related",710
2021,"New Brunswick","13","55 to 59","hospitals",10
2021,"New Brunswick","13","55 to 59","nursing homes",115
2021,"New Brunswick","13","55 to 59","senior residences",245
2021,"New Brunswick","13","55 to 59","mix of nursing home and senior residences",20
2021,"New Brunswick","13","55 to 59","residential care facilities",320
2021,"New Brunswick","13","55 to 59","correctional facilities",70
2021,"New Brunswick","13","55 to 59","shelters",10
2021,"New Brunswick","13","55 to 59","service collective",175
2021,"New Brunswick","13","55 to 59","lodging and rooming houses",75
2021,"New Brunswick","13","55 to 59","hotels, motels, and temporary accommodation",85
2021,"New Brunswick","13","55 to 59","other service collective",15
2021,"New Brunswick","13","55 to 59","religious establishments",5
2021,"New Brunswick","13","55 to 59","hutterite colonies",0
2021,"New Brunswick","13","55 to 59","other",5
2021,"New Brunswick","13","60 to 64","total",1005
2021,"New Brunswick","13","60 to 64","health care and related",740
2021,"New Brunswick","13","60 to 64","hospitals",15
2021,"New Brunswick","13","60 to 64","nursing homes",165
2021,"New Brunswick","13","60 to 64","senior residences",215
2021,"New Brunswick","13","60 to 64","mix of nursing home and senior residences",60
2021,"New Brunswick","13","60 to 64","residential care facilities",290
2021,"New Brunswick","13","60 to 64","correctional facilities",50
2021,"New Brunswick","13","60 to 64","shelters",5
2021,"New Brunswick","13","60 to 64","service collective",200
2021,"New Brunswick","13","60 to 64","lodging and rooming houses",105
2021,"New Brunswick","13","60 to 64","hotels, motels, and temporary accommodation",85
2021,"New Brunswick","13","60 to 64","other service collective",10
2021,"New Brunswick","13","60 to 64","religious establishments",5
2021,"New Brunswick","13","60 to 64","hutterite colonies",0
2021,"New Brunswick","13","60 to 64","other",5
2021,"New Brunswick","13","65+","total",10500
2021,"New Brunswick","13","65+","health care and related",9985
2021,"New Brunswick","13","65+","hospitals",245
2021,"New Brunswick","13","65+","nursing homes",4890
2021,"New Brunswick","13","65+","senior residences",2705
2021,"New Brunswick","13","65+","mix of nursing home and senior residences",990
2021,"New Brunswick","13","65+","residential care facilities",1155
2021,"New Brunswick","13","65+","correctional facilities",55
2021,"New Brunswick","13","65+","shelters",10
2021,"New Brunswick","13","65+","service collective",295
2021,"New Brunswick","13","65+","lodging and rooming houses",110
2021,"New Brunswick","13","65+","hotels, motels, and temporary accommodation",170
2021,"New Brunswick","13","65+","other service collective",20
2021,"New Brunswick","13","65+","religious establishments",145
2021,"New Brunswick","13","65+","hutterite colonies",0
2021,"New Brunswick","13","65+","other",10
2021,"New Brunswick","13","65 to 69","total",1105
2021,"New Brunswick","13","65 to 69","health care and related",930
2021,"New Brunswick","13","65 to 69","hospitals",25
2021,"New Brunswick","13","65 to 69","nursing homes",275
2021,"New Brunswick","13","65 to 69","senior residences",270
2021,"New Brunswick","13","65 to 69","mix of nursing home and senior residences",55
2021,"New Brunswick","13","65 to 69","residential care facilities",305
2021,"New Brunswick","13","65 to 69","correctional facilities",25
2021,"New Brunswick","13","65 to 69","shelters",10
2021,"New Brunswick","13","65 to 69","service collective",125
2021,"New Brunswick","13","65 to 69","lodging and rooming houses",50
2021,"New Brunswick","13","65 to 69","hotels, motels, and temporary accommodation",70
2021,"New Brunswick","13","65 to 69","other service collective",5
2021,"New Brunswick","13","65 to 69","religious establishments",5
2021,"New Brunswick","13","65 to 69","hutterite colonies",0
2021,"New Brunswick","13","65 to 69","other",0
2021,"New Brunswick","13","70 to 74","total",1185
2021,"New Brunswick","13","70 to 74","health care and related",1070
2021,"New Brunswick","13","70 to 74","hospitals",35
2021,"New Brunswick","13","70 to 74","nursing homes",435
2021,"New Brunswick","13","70 to 74","senior residences",300
2021,"New Brunswick","13","70 to 74","mix of nursing home and senior residences",85
2021,"New Brunswick","13","70 to 74","residential care facilities",210
2021,"New Brunswick","13","70 to 74","correctional facilities",15
2021,"New Brunswick","13","70 to 74","shelters",0
2021,"New Brunswick","13","70 to 74","service collective",85
2021,"New Brunswick","13","70 to 74","lodging and rooming houses",35
2021,"New Brunswick","13","70 to 74","hotels, motels, and temporary accommodation",45
2021,"New Brunswick","13","70 to 74","other service collective",5
2021,"New Brunswick","13","70 to 74","religious establishments",10
2021,"New Brunswick","13","70 to 74","hutterite colonies",0
2021,"New Brunswick","13","70 to 74","other",5
2021,"New Brunswick","13","75 to 79","total",1270
2021,"New Brunswick","13","75 to 79","health care and related",1200
2021,"New Brunswick","13","75 to 79","hospitals",45
2021,"New Brunswick","13","75 to 79","nursing homes",645
2021,"New Brunswick","13","75 to 79","senior residences",265
2021,"New Brunswick","13","75 to 79","mix of nursing home and senior residences",100
2021,"New Brunswick","13","75 to 79","residential care facilities",140
2021,"New Brunswick","13","75 to 79","correctional facilities",5
2021,"New Brunswick","13","75 to 79","shelters",0
2021,"New Brunswick","13","75 to 79","service collective",35
2021,"New Brunswick","13","75 to 79","lodging and rooming houses",5
2021,"New Brunswick","13","75 to 79","hotels, motels, and temporary accommodation",25
2021,"New Brunswick","13","75 to 79","other service collective",5
2021,"New Brunswick","13","75 to 79","religious establishments",25
2021,"New Brunswick","13","75 to 79","hutterite colonies",0
2021,"New Brunswick","13","75 to 79","other",0
2021,"New Brunswick","13","80 to 84","total",2020
2021,"New Brunswick","13","80 to 84","health care and related",1960
2021,"New Brunswick","13","80 to 84","hospitals",40
2021,"New Brunswick","13","80 to 84","nursing homes",940
2021,"New Brunswick","13","80 to 84","senior residences",595
2021,"New Brunswick","13","80 to 84","mix of nursing home and senior residences",190
2021,"New Brunswick","13","80 to 84","residential care facilities",190
2021,"New Brunswick","13","80 to 84","correctional facilities",0
2021,"New Brunswick","13","80 to 84","shelters",0
2021,"New Brunswick","13","80 to 84","service collective",25
2021,"New Brunswick","13","80 to 84","lodging and rooming houses",10
2021,"New Brunswick","13","80 to 84","hotels, motels, and temporary accommodation",15
2021,"New Brunswick","13","80 to 84","other service collective",0
2021,"New Brunswick","13","80 to 84","religious establishments",35
2021,"New Brunswick","13","80 to 84","hutterite colonies",0
2021,"New Brunswick","13","80 to 84","other",0
2021,"New Brunswick","13","85+","total",4920
2021,"New Brunswick","13","85+","health care and related",4825
2021,"New Brunswick","13","85+","hospitals",90
2021,"New Brunswick","13","85+","nursing homes",2600
2021,"New Brunswick","13","85+","senior residences",1275
2021,"New Brunswick","13","85+","mix of nursing home and senior residences",545
2021,"New Brunswick","13","85+","residential care facilities",310
2021,"New Brunswick","13","85+","correctional facilities",0
2021,"New Brunswick","13","85+","shelters",0
2021,"New Brunswick","13","85+","service collective",30
2021,"New Brunswick","13","85+","lodging and rooming houses",10
2021,"New Brunswick","13","85+","hotels, motels, and temporary accommodation",10
2021,"New Brunswick","13","85+","other service collective",5
2021,"New Brunswick","13","85+","religious establishments",70
2021,"New Brunswick","13","85+","hutterite colonies",0
2021,"New Brunswick","13","85+","other",0
2021,"Quebec","24","Total","total",192385
2021,"Quebec","24","Total","health care and related",164565
2021,"Quebec","24","Total","hospitals",2330
2021,"Quebec","24","Total","nursing homes",43200
2021,"Quebec","24","Total","senior residences",76520
2021,"Quebec","24","Total","mix of nursing home and senior residences",31385
2021,"Quebec","24","Total","residential care facilities",11130
2021,"Quebec","24","Total","correctional facilities",5525
2021,"Quebec","24","Total","shelters",1365
2021,"Quebec","24","Total","service collective",13020
2021,"Quebec","24","Total","lodging and rooming houses",4605
2021,"Quebec","24","Total","hotels, motels, and temporary accommodation",2360
2021,"Quebec","24","Total","other service collective",6050
2021,"Quebec","24","Total","religious establishments",5350
2021,"Quebec","24","Total","hutterite colonies",0
2021,"Quebec","24","Total","other",2555
2021,"Quebec","24","0 to 14","total",1310
2021,"Quebec","24","0 to 14","health care and related",655
2021,"Quebec","24","0 to 14","hospitals",5
2021,"Quebec","24","0 to 14","nursing homes",0
2021,"Quebec","24","0 to 14","senior residences",5
2021,"Quebec","24","0 to 14","mix of nursing home and senior residences",20
2021,"Quebec","24","0 to 14","residential care facilities",620
2021,"Quebec","24","0 to 14","correctional facilities",35
2021,"Quebec","24","0 to 14","shelters",210
2021,"Quebec","24","0 to 14","service collective",350
2021,"Quebec","24","0 to 14","lodging and rooming houses",5
2021,"Quebec","24","0 to 14","hotels, motels, and temporary accommodation",80
2021,"Quebec","24","0 to 14","other service collective",265
2021,"Quebec","24","0 to 14","religious establishments",15
2021,"Quebec","24","0 to 14","hutterite colonies",0
2021,"Quebec","24","0 to 14","other",55
2021,"Quebec","24","15 to 19","total",2425
2021,"Quebec","24","15 to 19","health care and related",695
2021,"Quebec","24","15 to 19","hospitals",15
2021,"Quebec","24","15 to 19","nursing homes",15
2021,"Quebec","24","15 to 19","senior residences",25
2021,"Quebec","24","15 to 19","mix of nursing home and senior residences",5
2021,"Quebec","24","15 to 19","residential care facilities",635
2021,"Quebec","24","15 to 19","correctional facilities",130
2021,"Quebec","24","15 to 19","shelters",60
2021,"Quebec","24","15 to 19","service collective",1460
2021,"Quebec","24","15 to 19","lodging and rooming houses",80
2021,"Quebec","24","15 to 19","hotels, motels, and temporary accommodation",40
2021,"Quebec","24","15 to 19","other service collective",1335
2021,"Quebec","24","15 to 19","religious establishments",5
2021,"Quebec","24","15 to 19","hutterite colonies",0
2021,"Quebec","24","15 to 19","other",80
2021,"Quebec","24","15 to 17","total",1190
2021,"Quebec","24","15 to 17","health care and related",540
2021,"Quebec","24","15 to 17","hospitals",5
2021,"Quebec","24","15 to 17","nursing homes",5
2021,"Quebec","24","15 to 17","senior residences",15
2021,"Quebec","24","15 to 17","mix of nursing home and senior residences",0
2021,"Quebec","24","15 to 17","residential care facilities",515
2021,"Quebec","24","15 to 17","correctional facilities",65
2021,"Quebec","24","15 to 17","shelters",30
2021,"Quebec","24","15 to 17","service collective",535
2021,"Quebec","24","15 to 17","lodging and rooming houses",15
2021,"Quebec","24","15 to 17","hotels, motels, and temporary accommodation",15
2021,"Quebec","24","15 to 17","other service collective",500
2021,"Quebec","24","15 to 17","religious establishments",0
2021,"Quebec","24","15 to 17","hutterite colonies",0
2021,"Quebec","24","15 to 17","other",15
2021,"Quebec","24","18 to 19","total",1235
2021,"Quebec","24","18 to 19","health care and related",150
2021,"Quebec","24","18 to 19","hospitals",5
2021,"Quebec","24","18 to 19","nursing homes",15
2021,"Quebec","24","18 to 19","senior residences",10
2021,"Quebec","24","18 to 19","mix of nursing home and senior residences",0
2021,"Quebec","24","18 to 19","residential care facilities",120
2021,"Quebec","24","18 to 19","correctional facilities",65
2021,"Quebec","24","18 to 19","shelters",25
2021,"Quebec","24","18 to 19","service collective",925
2021,"Quebec","24","18 to 19","lodging and rooming houses",65
2021,"Quebec","24","18 to 19","hotels, motels, and temporary accommodation",25
2021,"Quebec","24","18 to 19","other service collective",835
2021,"Quebec","24","18 to 19","religious establishments",5
2021,"Quebec","24","18 to 19","hutterite colonies",0
2021,"Quebec","24","18 to 19","other",65
2021,"Quebec","24","20 to 24","total",3280
2021,"Quebec","24","20 to 24","health care and related",630
2021,"Quebec","24","20 to 24","hospitals",65
2021,"Quebec","24","20 to 24","nursing homes",50
2021,"Quebec","24","20 to 24","senior residences",85
2021,"Quebec","24","20 to 24","mix of nursing home and senior residences",5
2021,"Quebec","24","20 to 24","residential care facilities",420
2021,"Quebec","24","20 to 24","correctional facilities",440
2021,"Quebec","24","20 to 24","shelters",90
2021,"Quebec","24","20 to 24","service collective",1650
2021,"Quebec","24","20 to 24","lodging and rooming houses",175
2021,"Quebec","24","20 to 24","hotels, motels, and temporary accommodation",160
2021,"Quebec","24","20 to 24","other service collective",1315
2021,"Quebec","24","20 to 24","religious establishments",50
2021,"Quebec","24","20 to 24","hutterite colonies",0
2021,"Quebec","24","20 to 24","other",425
2021,"Quebec","24","25 to 29","total",3130
2021,"Quebec","24","25 to 29","health care and related",865
2021,"Quebec","24","25 to 29","hospitals",95
2021,"Quebec","24","25 to 29","nursing homes",65
2021,"Quebec","24","25 to 29","senior residences",110
2021,"Quebec","24","25 to 29","mix of nursing home and senior residences",45
2021,"Quebec","24","25 to 29","residential care facilities",550
2021,"Quebec","24","25 to 29","correctional facilities",735
2021,"Quebec","24","25 to 29","shelters",120
2021,"Quebec","24","25 to 29","service collective",1030
2021,"Quebec","24","25 to 29","lodging and rooming houses",230
2021,"Quebec","24","25 to 29","hotels, motels, and temporary accommodation",185
2021,"Quebec","24","25 to 29","other service collective",620
2021,"Quebec","24","25 to 29","religious establishments",55
2021,"Quebec","24","25 to 29","hutterite colonies",0
2021,"Quebec","24","25 to 29","other",325
2021,"Quebec","24","30 to 34","total",3135
2021,"Quebec","24","30 to 34","health care and related",1000
2021,"Quebec","24","30 to 34","hospitals",75
2021,"Quebec","24","30 to 34","nursing homes",75
2021,"Quebec","24","30 to 34","senior residences",215
2021,"Quebec","24","30 to 34","mix of nursing home and senior residences",30
2021,"Quebec","24","30 to 34","residential care facilities",605
2021,"Quebec","24","30 to 34","correctional facilities",805
2021,"Quebec","24","30 to 34","shelters",130
2021,"Quebec","24","30 to 34","service collective",815
2021,"Quebec","24","30 to 34","lodging and rooming houses",270
2021,"Quebec","24","30 to 34","hotels, motels, and temporary accommodation",200
2021,"Quebec","24","30 to 34","other service collective",350
2021,"Quebec","24","30 to 34","religious establishments",80
2021,"Quebec","24","30 to 34","hutterite colonies",0
2021,"Quebec","24","30 to 34","other",305
2021,"Quebec","24","35 to 39","total",2870
2021,"Quebec","24","35 to 39","health care and related",950
2021,"Quebec","24","35 to 39","hospitals",70
2021,"Quebec","24","35 to 39","nursing homes",80
2021,"Quebec","24","35 to 39","senior residences",80
2021,"Quebec","24","35 to 39","mix of nursing home and senior residences",15
2021,"Quebec","24","35 to 39","residential care facilities",700
2021,"Quebec","24","35 to 39","correctional facilities",760
2021,"Quebec","24","35 to 39","shelters",130
2021,"Quebec","24","35 to 39","service collective",665
2021,"Quebec","24","35 to 39","lodging and rooming houses",240
2021,"Quebec","24","35 to 39","hotels, motels, and temporary accommodation",170
2021,"Quebec","24","35 to 39","other service collective",260
2021,"Quebec","24","35 to 39","religious establishments",100
2021,"Quebec","24","35 to 39","hutterite colonies",0
2021,"Quebec","24","35 to 39","other",260
2021,"Quebec","24","40 to 44","total",2960
2021,"Quebec","24","40 to 44","health care and related",1155
2021,"Quebec","24","40 to 44","hospitals",75
2021,"Quebec","24","40 to 44","nursing homes",255
2021,"Quebec","24","40 to 44","senior residences",170
2021,"Quebec","24","40 to 44","mix of nursing home and senior residences",30
2021,"Quebec","24","40 to 44","residential care facilities",630
2021,"Quebec","24","40 to 44","correctional facilities",695
2021,"Quebec","24","40 to 44","shelters",135
2021,"Quebec","24","40 to 44","service collective",690
2021,"Quebec","24","40 to 44","lodging and rooming houses",330
2021,"Quebec","24","40 to 44","hotels, motels, and temporary accommodation",180
2021,"Quebec","24","40 to 44","other service collective",180
2021,"Quebec","24","40 to 44","religious establishments",75
2021,"Quebec","24","40 to 44","hutterite colonies",0
2021,"Quebec","24","40 to 44","other",205
2021,"Quebec","24","45 to 49","total",2760
2021,"Quebec","24","45 to 49","health care and related",1105
2021,"Quebec","24","45 to 49","hospitals",65
2021,"Quebec","24","45 to 49","nursing homes",240
2021,"Quebec","24","45 to 49","senior residences",140
2021,"Quebec","24","45 to 49","mix of nursing home and senior residences",115
2021,"Quebec","24","45 to 49","residential care facilities",545
2021,"Quebec","24","45 to 49","correctional facilities",540
2021,"Quebec","24","45 to 49","shelters",115
2021,"Quebec","24","45 to 49","service collective",735
2021,"Quebec","24","45 to 49","lodging and rooming houses",395
2021,"Quebec","24","45 to 49","hotels, motels, and temporary accommodation",155
2021,"Quebec","24","45 to 49","other service collective",180
2021,"Quebec","24","45 to 49","religious establishments",120
2021,"Quebec","24","45 to 49","hutterite colonies",0
2021,"Quebec","24","45 to 49","other",145
2021,"Quebec","24","50 to 54","total",3760
2021,"Quebec","24","50 to 54","health care and related",2010
2021,"Quebec","24","50 to 54","hospitals",30
2021,"Quebec","24","50 to 54","nursing homes",415
2021,"Quebec","24","50 to 54","senior residences",420
2021,"Quebec","24","50 to 54","mix of nursing home and senior residences",285
2021,"Quebec","24","50 to 54","residential care facilities",855
2021,"Quebec","24","50 to 54","correctional facilities",475
2021,"Quebec","24","50 to 54","shelters",90
2021,"Quebec","24","50 to 54","service collective",945
2021,"Quebec","24","50 to 54","lodging and rooming houses",500
2021,"Quebec","24","50 to 54","hotels, motels, and temporary accommodation",200
2021,"Quebec","24","50 to 54","other service collective",240
2021,"Quebec","24","50 to 54","religious establishments",110
2021,"Quebec","24","50 to 54","hutterite colonies",0
2021,"Quebec","24","50 to 54","other",130
2021,"Quebec","24","55 to 59","total",5700
2021,"Quebec","24","55 to 59","health care and related",3675
2021,"Quebec","24","55 to 59","hospitals",90
2021,"Quebec","24","55 to 59","nursing homes",985
2021,"Quebec","24","55 to 59","senior residences",1050
2021,"Quebec","24","55 to 59","mix of nursing home and senior residences",395
2021,"Quebec","24","55 to 59","residential care facilities",1155
2021,"Quebec","24","55 to 59","correctional facilities",380
2021,"Quebec","24","55 to 59","shelters",100
2021,"Quebec","24","55 to 59","service collective",1190
2021,"Quebec","24","55 to 59","lodging and rooming houses",620
2021,"Quebec","24","55 to 59","hotels, motels, and temporary accommodation",255
2021,"Quebec","24","55 to 59","other service collective",315
2021,"Quebec","24","55 to 59","religious establishments",175
2021,"Quebec","24","55 to 59","hutterite colonies",0
2021,"Quebec","24","55 to 59","other",180
2021,"Quebec","24","60 to 64","total",7525
2021,"Quebec","24","60 to 64","health care and related",5650
2021,"Quebec","24","60 to 64","hospitals",60
2021,"Quebec","24","60 to 64","nursing homes",1495
2021,"Quebec","24","60 to 64","senior residences",1855
2021,"Quebec","24","60 to 64","mix of nursing home and senior residences",810
2021,"Quebec","24","60 to 64","residential care facilities",1425
2021,"Quebec","24","60 to 64","correctional facilities",220
2021,"Quebec","24","60 to 64","shelters",85
2021,"Quebec","24","60 to 64","service collective",1200
2021,"Quebec","24","60 to 64","lodging and rooming houses",650
2021,"Quebec","24","60 to 64","hotels, motels, and temporary accommodation",255
2021,"Quebec","24","60 to 64","other service collective",295
2021,"Quebec","24","60 to 64","religious establishments",205
2021,"Quebec","24","60 to 64","hutterite colonies",0
2021,"Quebec","24","60 to 64","other",160
2021,"Quebec","24","65+","total",153530
2021,"Quebec","24","65+","health care and related",146180
2021,"Quebec","24","65+","hospitals",1680
2021,"Quebec","24","65+","nursing homes",39515
2021,"Quebec","24","65+","senior residences",72365
2021,"Quebec","24","65+","mix of nursing home and senior residences",29630
2021,"Quebec","24","65+","residential care facilities",2985
2021,"Quebec","24","65+","correctional facilities",300
2021,"Quebec","24","65+","shelters",110
2021,"Quebec","24","65+","service collective",2280
2021,"Quebec","24","65+","lodging and rooming houses",1105
2021,"Quebec","24","65+","hotels, motels, and temporary accommodation",475
2021,"Quebec","24","65+","other service collective",700
2021,"Quebec","24","65+","religious establishments",4370
2021,"Quebec","24","65+","hutterite colonies",0
2021,"Quebec","24","65+","other",285
2021,"Quebec","24","65 to 69","total",7640
2021,"Quebec","24","65 to 69","health care and related",6310
2021,"Quebec","24","65 to 69","hospitals",70
2021,"Quebec","24","65 to 69","nursing homes",2050
2021,"Quebec","24","65 to 69","senior residences",2415
2021,"Quebec","24","65 to 69","mix of nursing home and senior residences",775
2021,"Quebec","24","65 to 69","residential care facilities",1000
2021,"Quebec","24","65 to 69","correctional facilities",125
2021,"Quebec","24","65 to 69","shelters",35
2021,"Quebec","24","65 to 69","service collective",880
2021,"Quebec","24","65 to 69","lodging and rooming houses",410
2021,"Quebec","24","65 to 69","hotels, motels, and temporary accommodation",210
2021,"Quebec","24","65 to 69","other service collective",260
2021,"Quebec","24","65 to 69","religious establishments",180
2021,"Quebec","24","65 to 69","hutterite colonies",0
2021,"Quebec","24","65 to 69","other",110
2021,"Quebec","24","70 to 74","total",12705
2021,"Quebec","24","70 to 74","health care and related",11630
2021,"Quebec","24","70 to 74","hospitals",95
2021,"Quebec","24","70 to 74","nursing homes",3255
2021,"Quebec","24","70 to 74","senior residences",5190
2021,"Quebec","24","70 to 74","mix of nursing home and senior residences",2375
2021,"Quebec","24","70 to 74","residential care facilities",715
2021,"Quebec","24","70 to 74","correctional facilities",60
2021,"Quebec","24","70 to 74","shelters",25
2021,"Quebec","24","70 to 74","service collective",585
2021,"Quebec","24","70 to 74","lodging and rooming houses",250
2021,"Quebec","24","70 to 74","hotels, motels, and temporary accommodation",140
2021,"Quebec","24","70 to 74","other service collective",205
2021,"Quebec","24","70 to 74","religious establishments",320
2021,"Quebec","24","70 to 74","hutterite colonies",0
2021,"Quebec","24","70 to 74","other",80
2021,"Quebec","24","75 to 79","total",20350
2021,"Quebec","24","75 to 79","health care and related",19210
2021,"Quebec","24","75 to 79","hospitals",160
2021,"Quebec","24","75 to 79","nursing homes",4760
2021,"Quebec","24","75 to 79","senior residences",9780
2021,"Quebec","24","75 to 79","mix of nursing home and senior residences",4045
2021,"Quebec","24","75 to 79","residential care facilities",465
2021,"Quebec","24","75 to 79","correctional facilities",25
2021,"Quebec","24","75 to 79","shelters",25
2021,"Quebec","24","75 to 79","service collective",345
2021,"Quebec","24","75 to 79","lodging and rooming houses",180
2021,"Quebec","24","75 to 79","hotels, motels, and temporary accommodation",55
2021,"Quebec","24","75 to 79","other service collective",110
2021,"Quebec","24","75 to 79","religious establishments",705
2021,"Quebec","24","75 to 79","hutterite colonies",0
2021,"Quebec","24","75 to 79","other",45
2021,"Quebec","24","80 to 84","total",32245
2021,"Quebec","24","80 to 84","health care and related",30995
2021,"Quebec","24","80 to 84","hospitals",395
2021,"Quebec","24","80 to 84","nursing homes",7735
2021,"Quebec","24","80 to 84","senior residences",15770
2021,"Quebec","24","80 to 84","mix of nursing home and senior residences",6810
2021,"Quebec","24","80 to 84","residential care facilities",280
2021,"Quebec","24","80 to 84","correctional facilities",70
2021,"Quebec","24","80 to 84","shelters",10
2021,"Quebec","24","80 to 84","service collective",180
2021,"Quebec","24","80 to 84","lodging and rooming houses",100
2021,"Quebec","24","80 to 84","hotels, motels, and temporary accommodation",30
2021,"Quebec","24","80 to 84","other service collective",55
2021,"Quebec","24","80 to 84","religious establishments",960
2021,"Quebec","24","80 to 84","hutterite colonies",0
2021,"Quebec","24","80 to 84","other",25
2021,"Quebec","24","85+","total",80600
2021,"Quebec","24","85+","health care and related",78040
2021,"Quebec","24","85+","hospitals",955
2021,"Quebec","24","85+","nursing homes",21720
2021,"Quebec","24","85+","senior residences",39210
2021,"Quebec","24","85+","mix of nursing home and senior residences",15625
2021,"Quebec","24","85+","residential care facilities",525
2021,"Quebec","24","85+","correctional facilities",20
2021,"Quebec","24","85+","shelters",15
2021,"Quebec","24","85+","service collective",290
2021,"Quebec","24","85+","lodging and rooming houses",165
2021,"Quebec","24","85+","hotels, motels, and temporary accommodation",40
2021,"Quebec","24","85+","other service collective",80
2021,"Quebec","24","85+","religious establishments",2205
2021,"Quebec","24","85+","hutterite colonies",0
2021,"Quebec","24","85+","other",30
2021,"Ontario","35","Total","total",188655
2021,"Ontario","35","Total","health care and related",147385
2021,"Ontario","35","Total","hospitals",4025
2021,"Ontario","35","Total","nursing homes",66760
2021,"Ontario","35","Total","senior residences",38505
2021,"Ontario","35","Total","mix of nursing home and senior residences",15620
2021,"Ontario","35","Total","residential care facilities",22480
2021,"Ontario","35","Total","correctional facilities",10095
2021,"Ontario","35","Total","shelters",5180
2021,"Ontario","35","Total","service collective",20575
2021,"Ontario","35","Total","lodging and rooming houses",4645
2021,"Ontario","35","Total","hotels, motels, and temporary accommodation",7005
2021,"Ontario","35","Total","other service collective",8920
2021,"Ontario","35","Total","religious establishments",1285
2021,"Ontario","35","Total","hutterite colonies",0
2021,"Ontario","35","Total","other",4130
2021,"Ontario","35","0 to 14","total",1940
2021,"Ontario","35","0 to 14","health care and related",465
2021,"Ontario","35","0 to 14","hospitals",70
2021,"Ontario","35","0 to 14","nursing homes",0
2021,"Ontario","35","0 to 14","senior residences",0
2021,"Ontario","35","0 to 14","mix of nursing home and senior residences",5
2021,"Ontario","35","0 to 14","residential care facilities",390
2021,"Ontario","35","0 to 14","correctional facilities",5
2021,"Ontario","35","0 to 14","shelters",680
2021,"Ontario","35","0 to 14","service collective",655
2021,"Ontario","35","0 to 14","lodging and rooming houses",30
2021,"Ontario","35","0 to 14","hotels, motels, and temporary accommodation",280
2021,"Ontario","35","0 to 14","other service collective",350
2021,"Ontario","35","0 to 14","religious establishments",20
2021,"Ontario","35","0 to 14","hutterite colonies",0
2021,"Ontario","35","0 to 14","other",110
2021,"Ontario","35","15 to 19","total",3660
2021,"Ontario","35","15 to 19","health care and related",690
2021,"Ontario","35","15 to 19","hospitals",40
2021,"Ontario","35","15 to 19","nursing homes",0
2021,"Ontario","35","15 to 19","senior residences",0
2021,"Ontario","35","15 to 19","mix of nursing home and senior residences",5
2021,"Ontario","35","15 to 19","residential care facilities",645
2021,"Ontario","35","15 to 19","correctional facilities",245
2021,"Ontario","35","15 to 19","shelters",810
2021,"Ontario","35","15 to 19","service collective",1715
2021,"Ontario","35","15 to 19","lodging and rooming houses",45
2021,"Ontario","35","15 to 19","hotels, motels, and temporary accommodation",125
2021,"Ontario","35","15 to 19","other service collective",1540
2021,"Ontario","35","15 to 19","religious establishments",5
2021,"Ontario","35","15 to 19","hutterite colonies",0
2021,"Ontario","35","15 to 19","other",195
2021,"Ontario","35","15 to 17","total",1735
2021,"Ontario","35","15 to 17","health care and related",470
2021,"Ontario","35","15 to 17","hospitals",25
2021,"Ontario","35","15 to 17","nursing homes",0
2021,"Ontario","35","15 to 17","senior residences",0
2021,"Ontario","35","15 to 17","mix of nursing home and senior residences",0
2021,"Ontario","35","15 to 17","residential care facilities",440
2021,"Ontario","35","15 to 17","correctional facilities",70
2021,"Ontario","35","15 to 17","shelters",470
2021,"Ontario","35","15 to 17","service collective",675
2021,"Ontario","35","15 to 17","lodging and rooming houses",5
2021,"Ontario","35","15 to 17","hotels, motels, and temporary accommodation",70
2021,"Ontario","35","15 to 17","other service collective",605
2021,"Ontario","35","15 to 17","religious establishments",5
2021,"Ontario","35","15 to 17","hutterite colonies",0
2021,"Ontario","35","15 to 17","other",45
2021,"Ontario","35","18 to 19","total",1925
2021,"Ontario","35","18 to 19","health care and related",220
2021,"Ontario","35","18 to 19","hospitals",10
2021,"Ontario","35","18 to 19","nursing homes",0
2021,"Ontario","35","18 to 19","senior residences",0
2021,"Ontario","35","18 to 19","mix of nursing home and senior residences",0
2021,"Ontario","35","18 to 19","residential care facilities",200
2021,"Ontario","35","18 to 19","correctional facilities",175
2021,"Ontario","35","18 to 19","shelters",340
2021,"Ontario","35","18 to 19","service collective",1040
2021,"Ontario","35","18 to 19","lodging and rooming houses",40
2021,"Ontario","35","18 to 19","hotels, motels, and temporary accommodation",60
2021,"Ontario","35","18 to 19","other service collective",940
2021,"Ontario","35","18 to 19","religious establishments",0
2021,"Ontario","35","18 to 19","hutterite colonies",0
2021,"Ontario","35","18 to 19","other",145
2021,"Ontario","35","20 to 24","total",5575
2021,"Ontario","35","20 to 24","health care and related",890
2021,"Ontario","35","20 to 24","hospitals",75
2021,"Ontario","35","20 to 24","nursing homes",15
2021,"Ontario","35","20 to 24","senior residences",25
2021,"Ontario","35","20 to 24","mix of nursing home and senior residences",5
2021,"Ontario","35","20 to 24","residential care facilities",765
2021,"Ontario","35","20 to 24","correctional facilities",1035
2021,"Ontario","35","20 to 24","shelters",620
2021,"Ontario","35","20 to 24","service collective",2230
2021,"Ontario","35","20 to 24","lodging and rooming houses",350
2021,"Ontario","35","20 to 24","hotels, motels, and temporary accommodation",335
2021,"Ontario","35","20 to 24","other service collective",1545
2021,"Ontario","35","20 to 24","religious establishments",10
2021,"Ontario","35","20 to 24","hutterite colonies",0
2021,"Ontario","35","20 to 24","other",785
2021,"Ontario","35","25 to 29","total",5880
2021,"Ontario","35","25 to 29","health care and related",1585
2021,"Ontario","35","25 to 29","hospitals",160
2021,"Ontario","35","25 to 29","nursing homes",25
2021,"Ontario","35","25 to 29","senior residences",15
2021,"Ontario","35","25 to 29","mix of nursing home and senior residences",5
2021,"Ontario","35","25 to 29","residential care facilities",1390
2021,"Ontario","35","25 to 29","correctional facilities",1730
2021,"Ontario","35","25 to 29","shelters",380
2021,"Ontario","35","25 to 29","service collective",1585
2021,"Ontario","35","25 to 29","lodging and rooming houses",365
2021,"Ontario","35","25 to 29","hotels, motels, and temporary accommodation",405
2021,"Ontario","35","25 to 29","other service collective",815
2021,"Ontario","35","25 to 29","religious establishments",25
2021,"Ontario","35","25 to 29","hutterite colonies",0
2021,"Ontario","35","25 to 29","other",580
2021,"Ontario","35","30 to 34","total",5630
2021,"Ontario","35","30 to 34","health care and related",1690
2021,"Ontario","35","30 to 34","hospitals",195
2021,"Ontario","35","30 to 34","nursing homes",60
2021,"Ontario","35","30 to 34","senior residences",10
2021,"Ontario","35","30 to 34","mix of nursing home and senior residences",5
2021,"Ontario","35","30 to 34","residential care facilities",1415
2021,"Ontario","35","30 to 34","correctional facilities",1920
2021,"Ontario","35","30 to 34","shelters",410
2021,"Ontario","35","30 to 34","service collective",1130
2021,"Ontario","35","30 to 34","lodging and rooming houses",265
2021,"Ontario","35","30 to 34","hotels, motels, and temporary accommodation",385
2021,"Ontario","35","30 to 34","other service collective",485
2021,"Ontario","35","30 to 34","religious establishments",55
2021,"Ontario","35","30 to 34","hutterite colonies",0
2021,"Ontario","35","30 to 34","other",430
2021,"Ontario","35","35 to 39","total",5490
2021,"Ontario","35","35 to 39","health care and related",1895
2021,"Ontario","35","35 to 39","hospitals",190
2021,"Ontario","35","35 to 39","nursing homes",90
2021,"Ontario","35","35 to 39","senior residences",40
2021,"Ontario","35","35 to 39","mix of nursing home and senior residences",5
2021,"Ontario","35","35 to 39","residential care facilities",1575
2021,"Ontario","35","35 to 39","correctional facilities",1675
2021,"Ontario","35","35 to 39","shelters",345
2021,"Ontario","35","35 to 39","service collective",1125
2021,"Ontario","35","35 to 39","lodging and rooming houses",260
2021,"Ontario","35","35 to 39","hotels, motels, and temporary accommodation",460
2021,"Ontario","35","35 to 39","other service collective",405
2021,"Ontario","35","35 to 39","religious establishments",50
2021,"Ontario","35","35 to 39","hutterite colonies",0
2021,"Ontario","35","35 to 39","other",395
2021,"Ontario","35","40 to 44","total",4995
2021,"Ontario","35","40 to 44","health care and related",2055
2021,"Ontario","35","40 to 44","hospitals",140
2021,"Ontario","35","40 to 44","nursing homes",100
2021,"Ontario","35","40 to 44","senior residences",80
2021,"Ontario","35","40 to 44","mix of nursing home and senior residences",20
2021,"Ontario","35","40 to 44","residential care facilities",1710
2021,"Ontario","35","40 to 44","correctional facilities",1105
2021,"Ontario","35","40 to 44","shelters",385
2021,"Ontario","35","40 to 44","service collective",1075
2021,"Ontario","35","40 to 44","lodging and rooming houses",270
2021,"Ontario","35","40 to 44","hotels, motels, and temporary accommodation",470
2021,"Ontario","35","40 to 44","other service collective",340
2021,"Ontario","35","40 to 44","religious establishments",50
2021,"Ontario","35","40 to 44","hutterite colonies",0
2021,"Ontario","35","40 to 44","other",330
2021,"Ontario","35","45 to 49","total",5155
2021,"Ontario","35","45 to 49","health care and related",2540
2021,"Ontario","35","45 to 49","hospitals",145
2021,"Ontario","35","45 to 49","nursing homes",180
2021,"Ontario","35","45 to 49","senior residences",120
2021,"Ontario","35","45 to 49","mix of nursing home and senior residences",15
2021,"Ontario","35","45 to 49","residential care facilities",2085
2021,"Ontario","35","45 to 49","correctional facilities",710
2021,"Ontario","35","45 to 49","shelters",340
2021,"Ontario","35","45 to 49","service collective",1260
2021,"Ontario","35","45 to 49","lodging and rooming houses",400
2021,"Ontario","35","45 to 49","hotels, motels, and temporary accommodation",500
2021,"Ontario","35","45 to 49","other service collective",360
2021,"Ontario","35","45 to 49","religious establishments",90
2021,"Ontario","35","45 to 49","hutterite colonies",0
2021,"Ontario","35","45 to 49","other",220
2021,"Ontario","35","50 to 54","total",6130
2021,"Ontario","35","50 to 54","health care and related",3470
2021,"Ontario","35","50 to 54","hospitals",150
2021,"Ontario","35","50 to 54","nursing homes",425
2021,"Ontario","35","50 to 54","senior residences",135
2021,"Ontario","35","50 to 54","mix of nursing home and senior residences",40
2021,"Ontario","35","50 to 54","residential care facilities",2725
2021,"Ontario","35","50 to 54","correctional facilities",590
2021,"Ontario","35","50 to 54","shelters",300
2021,"Ontario","35","50 to 54","service collective",1510
2021,"Ontario","35","50 to 54","lodging and rooming houses",485
2021,"Ontario","35","50 to 54","hotels, motels, and temporary accommodation",590
2021,"Ontario","35","50 to 54","other service collective",430
2021,"Ontario","35","50 to 54","religious establishments",55
2021,"Ontario","35","50 to 54","hutterite colonies",0
2021,"Ontario","35","50 to 54","other",210
2021,"Ontario","35","55 to 59","total",8190
2021,"Ontario","35","55 to 59","health care and related",4885
2021,"Ontario","35","55 to 59","hospitals",225
2021,"Ontario","35","55 to 59","nursing homes",990
2021,"Ontario","35","55 to 59","senior residences",335
2021,"Ontario","35","55 to 59","mix of nursing home and senior residences",80
2021,"Ontario","35","55 to 59","residential care facilities",3255
2021,"Ontario","35","55 to 59","correctional facilities",465
2021,"Ontario","35","55 to 59","shelters",310
2021,"Ontario","35","55 to 59","service collective",2210
2021,"Ontario","35","55 to 59","lodging and rooming houses",755
2021,"Ontario","35","55 to 59","hotels, motels, and temporary accommodation",840
2021,"Ontario","35","55 to 59","other service collective",615
2021,"Ontario","35","55 to 59","religious establishments",80
2021,"Ontario","35","55 to 59","hutterite colonies",0
2021,"Ontario","35","55 to 59","other",240
2021,"Ontario","35","60 to 64","total",8595
2021,"Ontario","35","60 to 64","health care and related",5625
2021,"Ontario","35","60 to 64","hospitals",255
2021,"Ontario","35","60 to 64","nursing homes",1720
2021,"Ontario","35","60 to 64","senior residences",780
2021,"Ontario","35","60 to 64","mix of nursing home and senior residences",185
2021,"Ontario","35","60 to 64","residential care facilities",2690
2021,"Ontario","35","60 to 64","correctional facilities",260
2021,"Ontario","35","60 to 64","shelters",300
2021,"Ontario","35","60 to 64","service collective",2085
2021,"Ontario","35","60 to 64","lodging and rooming houses",560
2021,"Ontario","35","60 to 64","hotels, motels, and temporary accommodation",865
2021,"Ontario","35","60 to 64","other service collective",655
2021,"Ontario","35","60 to 64","religious establishments",110
2021,"Ontario","35","60 to 64","hutterite colonies",0
2021,"Ontario","35","60 to 64","other",220
2021,"Ontario","35","65+","total",127405
2021,"Ontario","35","65+","health care and related",121585
2021,"Ontario","35","65+","hospitals",2380
2021,"Ontario","35","65+","nursing homes",63150
2021,"Ontario","35","65+","senior residences",36970
2021,"Ontario","35","65+","mix of nursing home and senior residences",15260
2021,"Ontario","35","65+","residential care facilities",3830
2021,"Ontario","35","65+","correctional facilities",360
2021,"Ontario","35","65+","shelters",305
2021,"Ontario","35","65+","service collective",3995
2021,"Ontario","35","65+","lodging and rooming houses",855
2021,"Ontario","35","65+","hotels, motels, and temporary accommodation",1750
2021,"Ontario","35","65+","other service collective",1385
2021,"Ontario","35","65+","religious establishments",730
2021,"Ontario","35","65+","hutterite colonies",0
2021,"Ontario","35","65+","other",425
2021,"Ontario","35","65 to 69","total",8365
2021,"Ontario","35","65 to 69","health care and related",6085
2021,"Ontario","35","65 to 69","hospitals",260
2021,"Ontario","35","65 to 69","nursing homes",2665
2021,"Ontario","35","65 to 69","senior residences",1120
2021,"Ontario","35","65 to 69","mix of nursing home and senior residences",280
2021,"Ontario","35","65 to 69","residential care facilities",1755
2021,"Ontario","35","65 to 69","correctional facilities",160
2021,"Ontario","35","65 to 69","shelters",135
2021,"Ontario","35","65 to 69","service collective",1705
2021,"Ontario","35","65 to 69","lodging and rooming houses",440
2021,"Ontario","35","65 to 69","hotels, motels, and temporary accommodation",720
2021,"Ontario","35","65 to 69","other service collective",550
2021,"Ontario","35","65 to 69","religious establishments",85
2021,"Ontario","35","65 to 69","hutterite colonies",0
2021,"Ontario","35","65 to 69","other",190
2021,"Ontario","35","70 to 74","total",9805
2021,"Ontario","35","70 to 74","health care and related",8355
2021,"Ontario","35","70 to 74","hospitals",240
2021,"Ontario","35","70 to 74","nursing homes",4355
2021,"Ontario","35","70 to 74","senior residences",2135
2021,"Ontario","35","70 to 74","mix of nursing home and senior residences",635
2021,"Ontario","35","70 to 74","residential care facilities",990
2021,"Ontario","35","70 to 74","correctional facilities",70
2021,"Ontario","35","70 to 74","shelters",100
2021,"Ontario","35","70 to 74","service collective",1050
2021,"Ontario","35","70 to 74","lodging and rooming houses",210
2021,"Ontario","35","70 to 74","hotels, motels, and temporary accommodation",460
2021,"Ontario","35","70 to 74","other service collective",380
2021,"Ontario","35","70 to 74","religious establishments",125
2021,"Ontario","35","70 to 74","hutterite colonies",0
2021,"Ontario","35","70 to 74","other",105
2021,"Ontario","35","75 to 79","total",11530
2021,"Ontario","35","75 to 79","health care and related",10740
2021,"Ontario","35","75 to 79","hospitals",260
2021,"Ontario","35","75 to 79","nursing homes",6080
2021,"Ontario","35","75 to 79","senior residences",2875
2021,"Ontario","35","75 to 79","mix of nursing home and senior residences",1065
2021,"Ontario","35","75 to 79","residential care facilities",460
2021,"Ontario","35","75 to 79","correctional facilities",40
2021,"Ontario","35","75 to 79","shelters",40
2021,"Ontario","35","75 to 79","service collective",535
2021,"Ontario","35","75 to 79","lodging and rooming houses",90
2021,"Ontario","35","75 to 79","hotels, motels, and temporary accommodation",255
2021,"Ontario","35","75 to 79","other service collective",190
2021,"Ontario","35","75 to 79","religious establishments",115
2021,"Ontario","35","75 to 79","hutterite colonies",0
2021,"Ontario","35","75 to 79","other",65
2021,"Ontario","35","80 to 84","total",22055
2021,"Ontario","35","80 to 84","health care and related",21495
2021,"Ontario","35","80 to 84","hospitals",455
2021,"Ontario","35","80 to 84","nursing homes",11950
2021,"Ontario","35","80 to 84","senior residences",5925
2021,"Ontario","35","80 to 84","mix of nursing home and senior residences",2890
2021,"Ontario","35","80 to 84","residential care facilities",275
2021,"Ontario","35","80 to 84","correctional facilities",60
2021,"Ontario","35","80 to 84","shelters",30
2021,"Ontario","35","80 to 84","service collective",315
2021,"Ontario","35","80 to 84","lodging and rooming houses",75
2021,"Ontario","35","80 to 84","hotels, motels, and temporary accommodation",130
2021,"Ontario","35","80 to 84","other service collective",115
2021,"Ontario","35","80 to 84","religious establishments",130
2021,"Ontario","35","80 to 84","hutterite colonies",0
2021,"Ontario","35","80 to 84","other",25
2021,"Ontario","35","85+","total",75650
2021,"Ontario","35","85+","health care and related",74915
2021,"Ontario","35","85+","hospitals",1160
2021,"Ontario","35","85+","nursing homes",38105
2021,"Ontario","35","85+","senior residences",24915
2021,"Ontario","35","85+","mix of nursing home and senior residences",10390
2021,"Ontario","35","85+","residential care facilities",350
2021,"Ontario","35","85+","correctional facilities",25
2021,"Ontario","35","85+","shelters",5
2021,"Ontario","35","85+","service collective",385
2021,"Ontario","35","85+","lodging and rooming houses",45
2021,"Ontario","35","85+","hotels, motels, and temporary accommodation",190
2021,"Ontario","35","85+","other service collective",155
2021,"Ontario","35","85+","religious establishments",275
2021,"Ontario","35","85+","hutterite colonies",0
2021,"Ontario","35","85+","other",40
2021,"Manitoba","46","Total","total",34845
2021,"Manitoba","46","Total","health care and related",16820
2021,"Manitoba","46","Total","hospitals",355
2021,"Manitoba","46","Total","nursing homes",8890
2021,"Manitoba","46","Total","senior residences",4405
2021,"Manitoba","46","Total","mix of nursing home and senior residences",445
2021,"Manitoba","46","Total","residential care facilities",2715
2021,"Manitoba","46","Total","correctional facilities",2760
2021,"Manitoba","46","Total","shelters",175
2021,"Manitoba","46","Total","service collective",2810
2021,"Manitoba","46","Total","lodging and rooming houses",930
2021,"Manitoba","46","Total","hotels, motels, and temporary accommodation",1415
2021,"Manitoba","46","Total","other service collective",465
2021,"Manitoba","46","Total","religious establishments",65
2021,"Manitoba","46","Total","hutterite colonies",11665
2021,"Manitoba","46","Total","other",555
2021,"Manitoba","46","0 to 14","total",4150
2021,"Manitoba","46","0 to 14","health care and related",110
2021,"Manitoba","46","0 to 14","hospitals",0
2021,"Manitoba","46","0 to 14","nursing homes",0
2021,"Manitoba","46","0 to 14","senior residences",0
2021,"Manitoba","46","0 to 14","mix of nursing home and senior residences",0
2021,"Manitoba","46","0 to 14","residential care facilities",110
2021,"Manitoba","46","0 to 14","correctional facilities",10
2021,"Manitoba","46","0 to 14","shelters",60
2021,"Manitoba","46","0 to 14","service collective",90
2021,"Manitoba","46","0 to 14","lodging and rooming houses",15
2021,"Manitoba","46","0 to 14","hotels, motels, and temporary accommodation",65
2021,"Manitoba","46","0 to 14","other service collective",15
2021,"Manitoba","46","0 to 14","religious establishments",0
2021,"Manitoba","46","0 to 14","hutterite colonies",3860
2021,"Manitoba","46","0 to 14","other",20
2021,"Manitoba","46","15 to 19","total",1605
2021,"Manitoba","46","15 to 19","health care and related",200
2021,"Manitoba","46","15 to 19","hospitals",0
2021,"Manitoba","46","15 to 19","nursing homes",0
2021,"Manitoba","46","15 to 19","senior residences",0
2021,"Manitoba","46","15 to 19","mix of nursing home and senior residences",0
2021,"Manitoba","46","15 to 19","residential care facilities",200
2021,"Manitoba","46","15 to 19","correctional facilities",135
2021,"Manitoba","46","15 to 19","shelters",40
2021,"Manitoba","46","15 to 19","service collective",115
2021,"Manitoba","46","15 to 19","lodging and rooming houses",15
2021,"Manitoba","46","15 to 19","hotels, motels, and temporary accommodation",25
2021,"Manitoba","46","15 to 19","other service collective",85
2021,"Manitoba","46","15 to 19","religious establishments",0
2021,"Manitoba","46","15 to 19","hutterite colonies",1075
2021,"Manitoba","46","15 to 19","other",25
2021,"Manitoba","46","15 to 17","total",920
2021,"Manitoba","46","15 to 17","health care and related",120
2021,"Manitoba","46","15 to 17","hospitals",0
2021,"Manitoba","46","15 to 17","nursing homes",0
2021,"Manitoba","46","15 to 17","senior residences",0
2021,"Manitoba","46","15 to 17","mix of nursing home and senior residences",0
2021,"Manitoba","46","15 to 17","residential care facilities",120
2021,"Manitoba","46","15 to 17","correctional facilities",75
2021,"Manitoba","46","15 to 17","shelters",30
2021,"Manitoba","46","15 to 17","service collective",45
2021,"Manitoba","46","15 to 17","lodging and rooming houses",0
2021,"Manitoba","46","15 to 17","hotels, motels, and temporary accommodation",10
2021,"Manitoba","46","15 to 17","other service collective",30
2021,"Manitoba","46","15 to 17","religious establishments",0
2021,"Manitoba","46","15 to 17","hutterite colonies",655
2021,"Manitoba","46","15 to 17","other",0
2021,"Manitoba","46","18 to 19","total",685
2021,"Manitoba","46","18 to 19","health care and related",80
2021,"Manitoba","46","18 to 19","hospitals",0
2021,"Manitoba","46","18 to 19","nursing homes",0
2021,"Manitoba","46","18 to 19","senior residences",0
2021,"Manitoba","46","18 to 19","mix of nursing home and senior residences",0
2021,"Manitoba","46","18 to 19","residential care facilities",80
2021,"Manitoba","46","18 to 19","correctional facilities",65
2021,"Manitoba","46","18 to 19","shelters",10
2021,"Manitoba","46","18 to 19","service collective",75
2021,"Manitoba","46","18 to 19","lodging and rooming houses",10
2021,"Manitoba","46","18 to 19","hotels, motels, and temporary accommodation",15
2021,"Manitoba","46","18 to 19","other service collective",50
2021,"Manitoba","46","18 to 19","religious establishments",0
2021,"Manitoba","46","18 to 19","hutterite colonies",425
2021,"Manitoba","46","18 to 19","other",25
2021,"Manitoba","46","20 to 24","total",1775
2021,"Manitoba","46","20 to 24","health care and related",165
2021,"Manitoba","46","20 to 24","hospitals",10
2021,"Manitoba","46","20 to 24","nursing homes",0
2021,"Manitoba","46","20 to 24","senior residences",0
2021,"Manitoba","46","20 to 24","mix of nursing home and senior residences",0
2021,"Manitoba","46","20 to 24","residential care facilities",155
2021,"Manitoba","46","20 to 24","correctional facilities",410
2021,"Manitoba","46","20 to 24","shelters",10
2021,"Manitoba","46","20 to 24","service collective",215
2021,"Manitoba","46","20 to 24","lodging and rooming houses",40
2021,"Manitoba","46","20 to 24","hotels, motels, and temporary accommodation",75
2021,"Manitoba","46","20 to 24","other service collective",110
2021,"Manitoba","46","20 to 24","religious establishments",0
2021,"Manitoba","46","20 to 24","hutterite colonies",860
2021,"Manitoba","46","20 to 24","other",105
2021,"Manitoba","46","25 to 29","total",1775
2021,"Manitoba","46","25 to 29","health care and related",225
2021,"Manitoba","46","25 to 29","hospitals",20
2021,"Manitoba","46","25 to 29","nursing homes",10
2021,"Manitoba","46","25 to 29","senior residences",5
2021,"Manitoba","46","25 to 29","mix of nursing home and senior residences",0
2021,"Manitoba","46","25 to 29","residential care facilities",195
2021,"Manitoba","46","25 to 29","correctional facilities",565
2021,"Manitoba","46","25 to 29","shelters",10
2021,"Manitoba","46","25 to 29","service collective",180
2021,"Manitoba","46","25 to 29","lodging and rooming houses",60
2021,"Manitoba","46","25 to 29","hotels, motels, and temporary accommodation",70
2021,"Manitoba","46","25 to 29","other service collective",45
2021,"Manitoba","46","25 to 29","religious establishments",0
2021,"Manitoba","46","25 to 29","hutterite colonies",730
2021,"Manitoba","46","25 to 29","other",60
2021,"Manitoba","46","30 to 34","total",1750
2021,"Manitoba","46","30 to 34","health care and related",260
2021,"Manitoba","46","30 to 34","hospitals",15
2021,"Manitoba","46","30 to 34","nursing homes",30
2021,"Manitoba","46","30 to 34","senior residences",0
2021,"Manitoba","46","30 to 34","mix of nursing home and senior residences",5
2021,"Manitoba","46","30 to 34","residential care facilities",205
2021,"Manitoba","46","30 to 34","correctional facilities",535
2021,"Manitoba","46","30 to 34","shelters",5
2021,"Manitoba","46","30 to 34","service collective",165
2021,"Manitoba","46","30 to 34","lodging and rooming houses",70
2021,"Manitoba","46","30 to 34","hotels, motels, and temporary accommodation",75
2021,"Manitoba","46","30 to 34","other service collective",25
2021,"Manitoba","46","30 to 34","religious establishments",0
2021,"Manitoba","46","30 to 34","hutterite colonies",740
2021,"Manitoba","46","30 to 34","other",40
2021,"Manitoba","46","35 to 39","total",1525
2021,"Manitoba","46","35 to 39","health care and related",250
2021,"Manitoba","46","35 to 39","hospitals",15
2021,"Manitoba","46","35 to 39","nursing homes",10
2021,"Manitoba","46","35 to 39","senior residences",0
2021,"Manitoba","46","35 to 39","mix of nursing home and senior residences",0
2021,"Manitoba","46","35 to 39","residential care facilities",220
2021,"Manitoba","46","35 to 39","correctional facilities",405
2021,"Manitoba","46","35 to 39","shelters",15
2021,"Manitoba","46","35 to 39","service collective",150
2021,"Manitoba","46","35 to 39","lodging and rooming houses",45
2021,"Manitoba","46","35 to 39","hotels, motels, and temporary accommodation",90
2021,"Manitoba","46","35 to 39","other service collective",15
2021,"Manitoba","46","35 to 39","religious establishments",5
2021,"Manitoba","46","35 to 39","hutterite colonies",655
2021,"Manitoba","46","35 to 39","other",45
2021,"Manitoba","46","40 to 44","total",1375
2021,"Manitoba","46","40 to 44","health care and related",200
2021,"Manitoba","46","40 to 44","hospitals",15
2021,"Manitoba","46","40 to 44","nursing homes",10
2021,"Manitoba","46","40 to 44","senior residences",0
2021,"Manitoba","46","40 to 44","mix of nursing home and senior residences",0
2021,"Manitoba","46","40 to 44","residential care facilities",170
2021,"Manitoba","46","40 to 44","correctional facilities",325
2021,"Manitoba","46","40 to 44","shelters",0
2021,"Manitoba","46","40 to 44","service collective",225
2021,"Manitoba","46","40 to 44","lodging and rooming houses",115
2021,"Manitoba","46","40 to 44","hotels, motels, and temporary accommodation",90
2021,"Manitoba","46","40 to 44","other service collective",15
2021,"Manitoba","46","40 to 44","religious establishments",5
2021,"Manitoba","46","40 to 44","hutterite colonies",580
2021,"Manitoba","46","40 to 44","other",40
2021,"Manitoba","46","45 to 49","total",1235
2021,"Manitoba","46","45 to 49","health care and related",285
2021,"Manitoba","46","45 to 49","hospitals",15
2021,"Manitoba","46","45 to 49","nursing homes",55
2021,"Manitoba","46","45 to 49","senior residences",0
2021,"Manitoba","46","45 to 49","mix of nursing home and senior residences",5
2021,"Manitoba","46","45 to 49","residential care facilities",210
2021,"Manitoba","46","45 to 49","correctional facilities",175
2021,"Manitoba","46","45 to 49","shelters",10
2021,"Manitoba","46","45 to 49","service collective",175
2021,"Manitoba","46","45 to 49","lodging and rooming houses",55
2021,"Manitoba","46","45 to 49","hotels, motels, and temporary accommodation",95
2021,"Manitoba","46","45 to 49","other service collective",20
2021,"Manitoba","46","45 to 49","religious establishments",0
2021,"Manitoba","46","45 to 49","hutterite colonies",555
2021,"Manitoba","46","45 to 49","other",40
2021,"Manitoba","46","50 to 54","total",1280
2021,"Manitoba","46","50 to 54","health care and related",370
2021,"Manitoba","46","50 to 54","hospitals",20
2021,"Manitoba","46","50 to 54","nursing homes",55
2021,"Manitoba","46","50 to 54","senior residences",15
2021,"Manitoba","46","50 to 54","mix of nursing home and senior residences",0
2021,"Manitoba","46","50 to 54","residential care facilities",275
2021,"Manitoba","46","50 to 54","correctional facilities",70
2021,"Manitoba","46","50 to 54","shelters",0
2021,"Manitoba","46","50 to 54","service collective",230
2021,"Manitoba","46","50 to 54","lodging and rooming houses",95
2021,"Manitoba","46","50 to 54","hotels, motels, and temporary accommodation",125
2021,"Manitoba","46","50 to 54","other service collective",15
2021,"Manitoba","46","50 to 54","religious establishments",10
2021,"Manitoba","46","50 to 54","hutterite colonies",565
2021,"Manitoba","46","50 to 54","other",35
2021,"Manitoba","46","55 to 59","total",1460
2021,"Manitoba","46","55 to 59","health care and related",550
2021,"Manitoba","46","55 to 59","hospitals",30
2021,"Manitoba","46","55 to 59","nursing homes",175
2021,"Manitoba","46","55 to 59","senior residences",25
2021,"Manitoba","46","55 to 59","mix of nursing home and senior residences",5
2021,"Manitoba","46","55 to 59","residential care facilities",310
2021,"Manitoba","46","55 to 59","correctional facilities",70
2021,"Manitoba","46","55 to 59","shelters",0
2021,"Manitoba","46","55 to 59","service collective",325
2021,"Manitoba","46","55 to 59","lodging and rooming houses",120
2021,"Manitoba","46","55 to 59","hotels, motels, and temporary accommodation",175
2021,"Manitoba","46","55 to 59","other service collective",30
2021,"Manitoba","46","55 to 59","religious establishments",5
2021,"Manitoba","46","55 to 59","hutterite colonies",470
2021,"Manitoba","46","55 to 59","other",30
2021,"Manitoba","46","60 to 64","total",1650
2021,"Manitoba","46","60 to 64","health care and related",770
2021,"Manitoba","46","60 to 64","hospitals",20
2021,"Manitoba","46","60 to 64","nursing homes",375
2021,"Manitoba","46","60 to 64","senior residences",70
2021,"Manitoba","46","60 to 64","mix of nursing home and senior residences",10
2021,"Manitoba","46","60 to 64","residential care facilities",290
2021,"Manitoba","46","60 to 64","correctional facilities",35
2021,"Manitoba","46","60 to 64","shelters",5
2021,"Manitoba","46","60 to 64","service collective",360
2021,"Manitoba","46","60 to 64","lodging and rooming houses",160
2021,"Manitoba","46","60 to 64","hotels, motels, and temporary accommodation",165
2021,"Manitoba","46","60 to 64","other service collective",35
2021,"Manitoba","46","60 to 64","religious establishments",10
2021,"Manitoba","46","60 to 64","hutterite colonies",450
2021,"Manitoba","46","60 to 64","other",25
2021,"Manitoba","46","65+","total",15265
2021,"Manitoba","46","65+","health care and related",13435
2021,"Manitoba","46","65+","hospitals",200
2021,"Manitoba","46","65+","nursing homes",8170
2021,"Manitoba","46","65+","senior residences",4280
2021,"Manitoba","46","65+","mix of nursing home and senior residences",415
2021,"Manitoba","46","65+","residential care facilities",370
2021,"Manitoba","46","65+","correctional facilities",25
2021,"Manitoba","46","65+","shelters",5
2021,"Manitoba","46","65+","service collective",570
2021,"Manitoba","46","65+","lodging and rooming houses",150
2021,"Manitoba","46","65+","hotels, motels, and temporary accommodation",370
2021,"Manitoba","46","65+","other service collective",60
2021,"Manitoba","46","65+","religious establishments",20
2021,"Manitoba","46","65+","hutterite colonies",1125
2021,"Manitoba","46","65+","other",90
2021,"Manitoba","46","65 to 69","total",1355
2021,"Manitoba","46","65 to 69","health care and related",690
2021,"Manitoba","46","65 to 69","hospitals",25
2021,"Manitoba","46","65 to 69","nursing homes",365
2021,"Manitoba","46","65 to 69","senior residences",105
2021,"Manitoba","46","65 to 69","mix of nursing home and senior residences",5
2021,"Manitoba","46","65 to 69","residential care facilities",185
2021,"Manitoba","46","65 to 69","correctional facilities",15
2021,"Manitoba","46","65 to 69","shelters",5
2021,"Manitoba","46","65 to 69","service collective",235
2021,"Manitoba","46","65 to 69","lodging and rooming houses",65
2021,"Manitoba","46","65 to 69","hotels, motels, and temporary accommodation",145
2021,"Manitoba","46","65 to 69","other service collective",25
2021,"Manitoba","46","65 to 69","religious establishments",5
2021,"Manitoba","46","65 to 69","hutterite colonies",365
2021,"Manitoba","46","65 to 69","other",45
2021,"Manitoba","46","70 to 74","total",1580
2021,"Manitoba","46","70 to 74","health care and related",1100
2021,"Manitoba","46","70 to 74","hospitals",45
2021,"Manitoba","46","70 to 74","nursing homes",735
2021,"Manitoba","46","70 to 74","senior residences",200
2021,"Manitoba","46","70 to 74","mix of nursing home and senior residences",20
2021,"Manitoba","46","70 to 74","residential care facilities",100
2021,"Manitoba","46","70 to 74","correctional facilities",5
2021,"Manitoba","46","70 to 74","shelters",0
2021,"Manitoba","46","70 to 74","service collective",155
2021,"Manitoba","46","70 to 74","lodging and rooming houses",40
2021,"Manitoba","46","70 to 74","hotels, motels, and temporary accommodation",105
2021,"Manitoba","46","70 to 74","other service collective",15
2021,"Manitoba","46","70 to 74","religious establishments",5
2021,"Manitoba","46","70 to 74","hutterite colonies",295
2021,"Manitoba","46","70 to 74","other",20
2021,"Manitoba","46","75 to 79","total",1640
2021,"Manitoba","46","75 to 79","health care and related",1295
2021,"Manitoba","46","75 to 79","hospitals",35
2021,"Manitoba","46","75 to 79","nursing homes",840
2021,"Manitoba","46","75 to 79","senior residences",350
2021,"Manitoba","46","75 to 79","mix of nursing home and senior residences",25
2021,"Manitoba","46","75 to 79","residential care facilities",45
2021,"Manitoba","46","75 to 79","correctional facilities",5
2021,"Manitoba","46","75 to 79","shelters",0
2021,"Manitoba","46","75 to 79","service collective",75
2021,"Manitoba","46","75 to 79","lodging and rooming houses",15
2021,"Manitoba","46","75 to 79","hotels, motels, and temporary accommodation",50
2021,"Manitoba","46","75 to 79","other service collective",10
2021,"Manitoba","46","75 to 79","religious establishments",5
2021,"Manitoba","46","75 to 79","hutterite colonies",255
2021,"Manitoba","46","75 to 79","other",10
2021,"Manitoba","46","80 to 84","total",2540
2021,"Manitoba","46","80 to 84","health care and related",2335
2021,"Manitoba","46","80 to 84","hospitals",35
2021,"Manitoba","46","80 to 84","nursing homes",1420
2021,"Manitoba","46","80 to 84","senior residences",795
2021,"Manitoba","46","80 to 84","mix of nursing home and senior residences",65
2021,"Manitoba","46","80 to 84","residential care facilities",25
2021,"Manitoba","46","80 to 84","correctional facilities",0
2021,"Manitoba","46","80 to 84","shelters",0
2021,"Manitoba","46","80 to 84","service collective",55
2021,"Manitoba","46","80 to 84","lodging and rooming houses",15
2021,"Manitoba","46","80 to 84","hotels, motels, and temporary accommodation",40
2021,"Manitoba","46","80 to 84","other service collective",5
2021,"Manitoba","46","80 to 84","religious establishments",5
2021,"Manitoba","46","80 to 84","hutterite colonies",140
2021,"Manitoba","46","80 to 84","other",5
2021,"Manitoba","46","85+","total",8150
2021,"Manitoba","46","85+","health care and related",8010
2021,"Manitoba","46","85+","hospitals",65
2021,"Manitoba","46","85+","nursing homes",4805
2021,"Manitoba","46","85+","senior residences",2835
2021,"Manitoba","46","85+","mix of nursing home and senior residences",295
2021,"Manitoba","46","85+","residential care facilities",15
2021,"Manitoba","46","85+","correctional facilities",0
2021,"Manitoba","46","85+","shelters",0
2021,"Manitoba","46","85+","service collective",55
2021,"Manitoba","46","85+","lodging and rooming houses",10
2021,"Manitoba","46","85+","hotels, motels, and temporary accommodation",35
2021,"Manitoba","46","85+","other service collective",10
2021,"Manitoba","46","85+","religious establishments",0
2021,"Manitoba","46","85+","hutterite colonies",80
2021,"Manitoba","46","85+","other",10
2021,"Saskatchewan","47","Total","total",29210
2021,"Saskatchewan","47","Total","health care and related",16255
2021,"Saskatchewan","47","Total","hospitals",305
2021,"Saskatchewan","47","Total","nursing homes",9115
2021,"Saskatchewan","47","Total","senior residences",2980
2021,"Saskatchewan","47","Total","mix of nursing home and senior residences",1280
2021,"Saskatchewan","47","Total","residential care facilities",2570
2021,"Saskatchewan","47","Total","correctional facilities",3000
2021,"Saskatchewan","47","Total","shelters",185
2021,"Saskatchewan","47","Total","service collective",2210
2021,"Saskatchewan","47","Total","lodging and rooming houses",120
2021,"Saskatchewan","47","Total","hotels, motels, and temporary accommodation",770
2021,"Saskatchewan","47","Total","other service collective",1315
2021,"Saskatchewan","47","Total","religious establishments",80
2021,"Saskatchewan","47","Total","hutterite colonies",7400
2021,"Saskatchewan","47","Total","other",85
2021,"Saskatchewan","47","0 to 14","total",2670
2021,"Saskatchewan","47","0 to 14","health care and related",340
2021,"Saskatchewan","47","0 to 14","hospitals",0
2021,"Saskatchewan","47","0 to 14","nursing homes",0
2021,"Saskatchewan","47","0 to 14","senior residences",0
2021,"Saskatchewan","47","0 to 14","mix of nursing home and senior residences",0
2021,"Saskatchewan","47","0 to 14","residential care facilities",340
2021,"Saskatchewan","47","0 to 14","correctional facilities",80
2021,"Saskatchewan","47","0 to 14","shelters",40
2021,"Saskatchewan","47","0 to 14","service collective",75
2021,"Saskatchewan","47","0 to 14","lodging and rooming houses",5
2021,"Saskatchewan","47","0 to 14","hotels, motels, and temporary accommodation",30
2021,"Saskatchewan","47","0 to 14","other service collective",40
2021,"Saskatchewan","47","0 to 14","religious establishments",0
2021,"Saskatchewan","47","0 to 14","hutterite colonies",2125
2021,"Saskatchewan","47","0 to 14","other",0
2021,"Saskatchewan","47","15 to 19","total",1370
2021,"Saskatchewan","47","15 to 19","health care and related",255
2021,"Saskatchewan","47","15 to 19","hospitals",0
2021,"Saskatchewan","47","15 to 19","nursing homes",0
2021,"Saskatchewan","47","15 to 19","senior residences",5
2021,"Saskatchewan","47","15 to 19","mix of nursing home and senior residences",0
2021,"Saskatchewan","47","15 to 19","residential care facilities",250
2021,"Saskatchewan","47","15 to 19","correctional facilities",125
2021,"Saskatchewan","47","15 to 19","shelters",30
2021,"Saskatchewan","47","15 to 19","service collective",305
2021,"Saskatchewan","47","15 to 19","lodging and rooming houses",0
2021,"Saskatchewan","47","15 to 19","hotels, motels, and temporary accommodation",15
2021,"Saskatchewan","47","15 to 19","other service collective",290
2021,"Saskatchewan","47","15 to 19","religious establishments",0
2021,"Saskatchewan","47","15 to 19","hutterite colonies",645
2021,"Saskatchewan","47","15 to 19","other",5
2021,"Saskatchewan","47","15 to 17","total",790
2021,"Saskatchewan","47","15 to 17","health care and related",190
2021,"Saskatchewan","47","15 to 17","hospitals",0
2021,"Saskatchewan","47","15 to 17","nursing homes",0
2021,"Saskatchewan","47","15 to 17","senior residences",0
2021,"Saskatchewan","47","15 to 17","mix of nursing home and senior residences",0
2021,"Saskatchewan","47","15 to 17","residential care facilities",190
2021,"Saskatchewan","47","15 to 17","correctional facilities",45
2021,"Saskatchewan","47","15 to 17","shelters",25
2021,"Saskatchewan","47","15 to 17","service collective",120
2021,"Saskatchewan","47","15 to 17","lodging and rooming houses",0
2021,"Saskatchewan","47","15 to 17","hotels, motels, and temporary accommodation",5
2021,"Saskatchewan","47","15 to 17","other service collective",115
2021,"Saskatchewan","47","15 to 17","religious establishments",0
2021,"Saskatchewan","47","15 to 17","hutterite colonies",405
2021,"Saskatchewan","47","15 to 17","other",0
2021,"Saskatchewan","47","18 to 19","total",575
2021,"Saskatchewan","47","18 to 19","health care and related",60
2021,"Saskatchewan","47","18 to 19","hospitals",0
2021,"Saskatchewan","47","18 to 19","nursing homes",0
2021,"Saskatchewan","47","18 to 19","senior residences",0
2021,"Saskatchewan","47","18 to 19","mix of nursing home and senior residences",0
2021,"Saskatchewan","47","18 to 19","residential care facilities",65
2021,"Saskatchewan","47","18 to 19","correctional facilities",80
2021,"Saskatchewan","47","18 to 19","shelters",5
2021,"Saskatchewan","47","18 to 19","service collective",185
2021,"Saskatchewan","47","18 to 19","lodging and rooming houses",0
2021,"Saskatchewan","47","18 to 19","hotels, motels, and temporary accommodation",5
2021,"Saskatchewan","47","18 to 19","other service collective",180
2021,"Saskatchewan","47","18 to 19","religious establishments",5
2021,"Saskatchewan","47","18 to 19","hutterite colonies",240
2021,"Saskatchewan","47","18 to 19","other",0
2021,"Saskatchewan","47","20 to 24","total",1430
2021,"Saskatchewan","47","20 to 24","health care and related",90
2021,"Saskatchewan","47","20 to 24","hospitals",5
2021,"Saskatchewan","47","20 to 24","nursing homes",0
2021,"Saskatchewan","47","20 to 24","senior residences",0
2021,"Saskatchewan","47","20 to 24","mix of nursing home and senior residences",0
2021,"Saskatchewan","47","20 to 24","residential care facilities",80
2021,"Saskatchewan","47","20 to 24","correctional facilities",435
2021,"Saskatchewan","47","20 to 24","shelters",5
2021,"Saskatchewan","47","20 to 24","service collective",315
2021,"Saskatchewan","47","20 to 24","lodging and rooming houses",5
2021,"Saskatchewan","47","20 to 24","hotels, motels, and temporary accommodation",35
2021,"Saskatchewan","47","20 to 24","other service collective",280
2021,"Saskatchewan","47","20 to 24","religious establishments",5
2021,"Saskatchewan","47","20 to 24","hutterite colonies",565
2021,"Saskatchewan","47","20 to 24","other",10
2021,"Saskatchewan","47","25 to 29","total",1600
2021,"Saskatchewan","47","25 to 29","health care and related",190
2021,"Saskatchewan","47","25 to 29","hospitals",10
2021,"Saskatchewan","47","25 to 29","nursing homes",15
2021,"Saskatchewan","47","25 to 29","senior residences",0
2021,"Saskatchewan","47","25 to 29","mix of nursing home and senior residences",0
2021,"Saskatchewan","47","25 to 29","residential care facilities",170
2021,"Saskatchewan","47","25 to 29","correctional facilities",610
2021,"Saskatchewan","47","25 to 29","shelters",20
2021,"Saskatchewan","47","25 to 29","service collective",155
2021,"Saskatchewan","47","25 to 29","lodging and rooming houses",5
2021,"Saskatchewan","47","25 to 29","hotels, motels, and temporary accommodation",30
2021,"Saskatchewan","47","25 to 29","other service collective",125
2021,"Saskatchewan","47","25 to 29","religious establishments",0
2021,"Saskatchewan","47","25 to 29","hutterite colonies",605
2021,"Saskatchewan","47","25 to 29","other",10
2021,"Saskatchewan","47","30 to 34","total",1475
2021,"Saskatchewan","47","30 to 34","health care and related",215
2021,"Saskatchewan","47","30 to 34","hospitals",5
2021,"Saskatchewan","47","30 to 34","nursing homes",30
2021,"Saskatchewan","47","30 to 34","senior residences",0
2021,"Saskatchewan","47","30 to 34","mix of nursing home and senior residences",0
2021,"Saskatchewan","47","30 to 34","residential care facilities",175
2021,"Saskatchewan","47","30 to 34","correctional facilities",560
2021,"Saskatchewan","47","30 to 34","shelters",35
2021,"Saskatchewan","47","30 to 34","service collective",120
2021,"Saskatchewan","47","30 to 34","lodging and rooming houses",5
2021,"Saskatchewan","47","30 to 34","hotels, motels, and temporary accommodation",45
2021,"Saskatchewan","47","30 to 34","other service collective",65
2021,"Saskatchewan","47","30 to 34","religious establishments",0
2021,"Saskatchewan","47","30 to 34","hutterite colonies",535
2021,"Saskatchewan","47","30 to 34","other",5
2021,"Saskatchewan","47","35 to 39","total",1215
2021,"Saskatchewan","47","35 to 39","health care and related",230
2021,"Saskatchewan","47","35 to 39","hospitals",15
2021,"Saskatchewan","47","35 to 39","nursing homes",30
2021,"Saskatchewan","47","35 to 39","senior residences",0
2021,"Saskatchewan","47","35 to 39","mix of nursing home and senior residences",0
2021,"Saskatchewan","47","35 to 39","residential care facilities",190
2021,"Saskatchewan","47","35 to 39","correctional facilities",435
2021,"Saskatchewan","47","35 to 39","shelters",20
2021,"Saskatchewan","47","35 to 39","service collective",90
2021,"Saskatchewan","47","35 to 39","lodging and rooming houses",10
2021,"Saskatchewan","47","35 to 39","hotels, motels, and temporary accommodation",35
2021,"Saskatchewan","47","35 to 39","other service collective",50
2021,"Saskatchewan","47","35 to 39","religious establishments",0
2021,"Saskatchewan","47","35 to 39","hutterite colonies",435
2021,"Saskatchewan","47","35 to 39","other",0
2021,"Saskatchewan","47","40 to 44","total",1030
2021,"Saskatchewan","47","40 to 44","health care and related",200
2021,"Saskatchewan","47","40 to 44","hospitals",10
2021,"Saskatchewan","47","40 to 44","nursing homes",35
2021,"Saskatchewan","47","40 to 44","senior residences",5
2021,"Saskatchewan","47","40 to 44","mix of nursing home and senior residences",0
2021,"Saskatchewan","47","40 to 44","residential care facilities",145
2021,"Saskatchewan","47","40 to 44","correctional facilities",270
2021,"Saskatchewan","47","40 to 44","shelters",5
2021,"Saskatchewan","47","40 to 44","service collective",135
2021,"Saskatchewan","47","40 to 44","lodging and rooming houses",15
2021,"Saskatchewan","47","40 to 44","hotels, motels, and temporary accommodation",65
2021,"Saskatchewan","47","40 to 44","other service collective",50
2021,"Saskatchewan","47","40 to 44","religious establishments",5
2021,"Saskatchewan","47","40 to 44","hutterite colonies",405
2021,"Saskatchewan","47","40 to 44","other",5
2021,"Saskatchewan","47","45 to 49","total",940
2021,"Saskatchewan","47","45 to 49","health care and related",235
2021,"Saskatchewan","47","45 to 49","hospitals",5
2021,"Saskatchewan","47","45 to 49","nursing homes",75
2021,"Saskatchewan","47","45 to 49","senior residences",5
2021,"Saskatchewan","47","45 to 49","mix of nursing home and senior residences",5
2021,"Saskatchewan","47","45 to 49","residential care facilities",150
2021,"Saskatchewan","47","45 to 49","correctional facilities",175
2021,"Saskatchewan","47","45 to 49","shelters",5
2021,"Saskatchewan","47","45 to 49","service collective",115
2021,"Saskatchewan","47","45 to 49","lodging and rooming houses",20
2021,"Saskatchewan","47","45 to 49","hotels, motels, and temporary accommodation",40
2021,"Saskatchewan","47","45 to 49","other service collective",55
2021,"Saskatchewan","47","45 to 49","religious establishments",5
2021,"Saskatchewan","47","45 to 49","hutterite colonies",395
2021,"Saskatchewan","47","45 to 49","other",10
2021,"Saskatchewan","47","50 to 54","total",955
2021,"Saskatchewan","47","50 to 54","health care and related",300
2021,"Saskatchewan","47","50 to 54","hospitals",5
2021,"Saskatchewan","47","50 to 54","nursing homes",100
2021,"Saskatchewan","47","50 to 54","senior residences",10
2021,"Saskatchewan","47","50 to 54","mix of nursing home and senior residences",10
2021,"Saskatchewan","47","50 to 54","residential care facilities",170
2021,"Saskatchewan","47","50 to 54","correctional facilities",110
2021,"Saskatchewan","47","50 to 54","shelters",25
2021,"Saskatchewan","47","50 to 54","service collective",140
2021,"Saskatchewan","47","50 to 54","lodging and rooming houses",20
2021,"Saskatchewan","47","50 to 54","hotels, motels, and temporary accommodation",65
2021,"Saskatchewan","47","50 to 54","other service collective",60
2021,"Saskatchewan","47","50 to 54","religious establishments",5
2021,"Saskatchewan","47","50 to 54","hutterite colonies",370
2021,"Saskatchewan","47","50 to 54","other",5
2021,"Saskatchewan","47","55 to 59","total",1125
2021,"Saskatchewan","47","55 to 59","health care and related",445
2021,"Saskatchewan","47","55 to 59","hospitals",15
2021,"Saskatchewan","47","55 to 59","nursing homes",200
2021,"Saskatchewan","47","55 to 59","senior residences",25
2021,"Saskatchewan","47","55 to 59","mix of nursing home and senior residences",10
2021,"Saskatchewan","47","55 to 59","residential care facilities",205
2021,"Saskatchewan","47","55 to 59","correctional facilities",90
2021,"Saskatchewan","47","55 to 59","shelters",0
2021,"Saskatchewan","47","55 to 59","service collective",180
2021,"Saskatchewan","47","55 to 59","lodging and rooming houses",10
2021,"Saskatchewan","47","55 to 59","hotels, motels, and temporary accommodation",105
2021,"Saskatchewan","47","55 to 59","other service collective",70
2021,"Saskatchewan","47","55 to 59","religious establishments",5
2021,"Saskatchewan","47","55 to 59","hutterite colonies",385
2021,"Saskatchewan","47","55 to 59","other",10
2021,"Saskatchewan","47","60 to 64","total",1015
2021,"Saskatchewan","47","60 to 64","health care and related",550
2021,"Saskatchewan","47","60 to 64","hospitals",15
2021,"Saskatchewan","47","60 to 64","nursing homes",305
2021,"Saskatchewan","47","60 to 64","senior residences",40
2021,"Saskatchewan","47","60 to 64","mix of nursing home and senior residences",20
2021,"Saskatchewan","47","60 to 64","residential care facilities",165
2021,"Saskatchewan","47","60 to 64","correctional facilities",55
2021,"Saskatchewan","47","60 to 64","shelters",0
2021,"Saskatchewan","47","60 to 64","service collective",155
2021,"Saskatchewan","47","60 to 64","lodging and rooming houses",10
2021,"Saskatchewan","47","60 to 64","hotels, motels, and temporary accommodation",85
2021,"Saskatchewan","47","60 to 64","other service collective",60
2021,"Saskatchewan","47","60 to 64","religious establishments",5
2021,"Saskatchewan","47","60 to 64","hutterite colonies",245
2021,"Saskatchewan","47","60 to 64","other",10
2021,"Saskatchewan","47","65+","total",14395
2021,"Saskatchewan","47","65+","health care and related",13200
2021,"Saskatchewan","47","65+","hospitals",225
2021,"Saskatchewan","47","65+","nursing homes",8325
2021,"Saskatchewan","47","65+","senior residences",2885
2021,"Saskatchewan","47","65+","mix of nursing home and senior residences",1240
2021,"Saskatchewan","47","65+","residential care facilities",525
2021,"Saskatchewan","47","65+","correctional facilities",55
2021,"Saskatchewan","47","65+","shelters",0
2021,"Saskatchewan","47","65+","service collective",410
2021,"Saskatchewan","47","65+","lodging and rooming houses",20
2021,"Saskatchewan","47","65+","hotels, motels, and temporary accommodation",215
2021,"Saskatchewan","47","65+","other service collective",170
2021,"Saskatchewan","47","65+","religious establishments",35
2021,"Saskatchewan","47","65+","hutterite colonies",675
2021,"Saskatchewan","47","65+","other",15
2021,"Saskatchewan","47","65 to 69","total",1065
2021,"Saskatchewan","47","65 to 69","health care and related",665
2021,"Saskatchewan","47","65 to 69","hospitals",25
2021,"Saskatchewan","47","65 to 69","nursing homes",395
2021,"Saskatchewan","47","65 to 69","senior residences",110
2021,"Saskatchewan","47","65 to 69","mix of nursing home and senior residences",20
2021,"Saskatchewan","47","65 to 69","residential care facilities",120
2021,"Saskatchewan","47","65 to 69","correctional facilities",30
2021,"Saskatchewan","47","65 to 69","shelters",0
2021,"Saskatchewan","47","65 to 69","service collective",155
2021,"Saskatchewan","47","65 to 69","lodging and rooming houses",5
2021,"Saskatchewan","47","65 to 69","hotels, motels, and temporary accommodation",95
2021,"Saskatchewan","47","65 to 69","other service collective",55
2021,"Saskatchewan","47","65 to 69","religious establishments",0
2021,"Saskatchewan","47","65 to 69","hutterite colonies",210
2021,"Saskatchewan","47","65 to 69","other",0
2021,"Saskatchewan","47","70 to 74","total",1110
2021,"Saskatchewan","47","70 to 74","health care and related",825
2021,"Saskatchewan","47","70 to 74","hospitals",20
2021,"Saskatchewan","47","70 to 74","nursing homes",525
2021,"Saskatchewan","47","70 to 74","senior residences",140
2021,"Saskatchewan","47","70 to 74","mix of nursing home and senior residences",40
2021,"Saskatchewan","47","70 to 74","residential care facilities",105
2021,"Saskatchewan","47","70 to 74","correctional facilities",15
2021,"Saskatchewan","47","70 to 74","shelters",0
2021,"Saskatchewan","47","70 to 74","service collective",110
2021,"Saskatchewan","47","70 to 74","lodging and rooming houses",0
2021,"Saskatchewan","47","70 to 74","hotels, motels, and temporary accommodation",55
2021,"Saskatchewan","47","70 to 74","other service collective",55
2021,"Saskatchewan","47","70 to 74","religious establishments",10
2021,"Saskatchewan","47","70 to 74","hutterite colonies",145
2021,"Saskatchewan","47","70 to 74","other",5
2021,"Saskatchewan","47","75 to 79","total",1480
2021,"Saskatchewan","47","75 to 79","health care and related",1265
2021,"Saskatchewan","47","75 to 79","hospitals",40
2021,"Saskatchewan","47","75 to 79","nursing homes",855
2021,"Saskatchewan","47","75 to 79","senior residences",210
2021,"Saskatchewan","47","75 to 79","mix of nursing home and senior residences",85
2021,"Saskatchewan","47","75 to 79","residential care facilities",80
2021,"Saskatchewan","47","75 to 79","correctional facilities",5
2021,"Saskatchewan","47","75 to 79","shelters",0
2021,"Saskatchewan","47","75 to 79","service collective",55
2021,"Saskatchewan","47","75 to 79","lodging and rooming houses",10
2021,"Saskatchewan","47","75 to 79","hotels, motels, and temporary accommodation",25
2021,"Saskatchewan","47","75 to 79","other service collective",20
2021,"Saskatchewan","47","75 to 79","religious establishments",10
2021,"Saskatchewan","47","75 to 79","hutterite colonies",140
2021,"Saskatchewan","47","75 to 79","other",5
2021,"Saskatchewan","47","80 to 84","total",2240
2021,"Saskatchewan","47","80 to 84","health care and related",2090
2021,"Saskatchewan","47","80 to 84","hospitals",30
2021,"Saskatchewan","47","80 to 84","nursing homes",1315
2021,"Saskatchewan","47","80 to 84","senior residences",435
2021,"Saskatchewan","47","80 to 84","mix of nursing home and senior residences",240
2021,"Saskatchewan","47","80 to 84","residential care facilities",70
2021,"Saskatchewan","47","80 to 84","correctional facilities",0
2021,"Saskatchewan","47","80 to 84","shelters",0
2021,"Saskatchewan","47","80 to 84","service collective",30
2021,"Saskatchewan","47","80 to 84","lodging and rooming houses",5
2021,"Saskatchewan","47","80 to 84","hotels, motels, and temporary accommodation",20
2021,"Saskatchewan","47","80 to 84","other service collective",15
2021,"Saskatchewan","47","80 to 84","religious establishments",10
2021,"Saskatchewan","47","80 to 84","hutterite colonies",105
2021,"Saskatchewan","47","80 to 84","other",0
2021,"Saskatchewan","47","85+","total",8500
2021,"Saskatchewan","47","85+","health care and related",8355
2021,"Saskatchewan","47","85+","hospitals",115
2021,"Saskatchewan","47","85+","nursing homes",5240
2021,"Saskatchewan","47","85+","senior residences",1995
2021,"Saskatchewan","47","85+","mix of nursing home and senior residences",855
2021,"Saskatchewan","47","85+","residential care facilities",155
2021,"Saskatchewan","47","85+","correctional facilities",0
2021,"Saskatchewan","47","85+","shelters",0
2021,"Saskatchewan","47","85+","service collective",55
2021,"Saskatchewan","47","85+","lodging and rooming houses",0
2021,"Saskatchewan","47","85+","hotels, motels, and temporary accommodation",25
2021,"Saskatchewan","47","85+","other service collective",25
2021,"Saskatchewan","47","85+","religious establishments",10
2021,"Saskatchewan","47","85+","hutterite colonies",80
2021,"Saskatchewan","47","85+","other",0
2021,"Alberta","48","Total","total",84685
2021,"Alberta","48","Total","health care and related",48690
2021,"Alberta","48","Total","hospitals",1640
2021,"Alberta","48","Total","nursing homes",16750
2021,"Alberta","48","Total","senior residences",15005
2021,"Alberta","48","Total","mix of nursing home and senior residences",8735
2021,"Alberta","48","Total","residential care facilities",6565
2021,"Alberta","48","Total","correctional facilities",5255
2021,"Alberta","48","Total","shelters",1860
2021,"Alberta","48","Total","service collective",7435
2021,"Alberta","48","Total","lodging and rooming houses",1715
2021,"Alberta","48","Total","hotels, motels, and temporary accommodation",3305
2021,"Alberta","48","Total","other service collective",2420
2021,"Alberta","48","Total","religious establishments",235
2021,"Alberta","48","Total","hutterite colonies",18685
2021,"Alberta","48","Total","other",2525
2021,"Alberta","48","0 to 14","total",6975
2021,"Alberta","48","0 to 14","health care and related",325
2021,"Alberta","48","0 to 14","hospitals",20
2021,"Alberta","48","0 to 14","nursing homes",0
2021,"Alberta","48","0 to 14","senior residences",10
2021,"Alberta","48","0 to 14","mix of nursing home and senior residences",5
2021,"Alberta","48","0 to 14","residential care facilities",300
2021,"Alberta","48","0 to 14","correctional facilities",0
2021,"Alberta","48","0 to 14","shelters",305
2021,"Alberta","48","0 to 14","service collective",310
2021,"Alberta","48","0 to 14","lodging and rooming houses",70
2021,"Alberta","48","0 to 14","hotels, motels, and temporary accommodation",135
2021,"Alberta","48","0 to 14","other service collective",105
2021,"Alberta","48","0 to 14","religious establishments",15
2021,"Alberta","48","0 to 14","hutterite colonies",5940
2021,"Alberta","48","0 to 14","other",80
2021,"Alberta","48","15 to 19","total",2850
2021,"Alberta","48","15 to 19","health care and related",410
2021,"Alberta","48","15 to 19","hospitals",10
2021,"Alberta","48","15 to 19","nursing homes",15
2021,"Alberta","48","15 to 19","senior residences",10
2021,"Alberta","48","15 to 19","mix of nursing home and senior residences",0
2021,"Alberta","48","15 to 19","residential care facilities",380
2021,"Alberta","48","15 to 19","correctional facilities",105
2021,"Alberta","48","15 to 19","shelters",110
2021,"Alberta","48","15 to 19","service collective",490
2021,"Alberta","48","15 to 19","lodging and rooming houses",25
2021,"Alberta","48","15 to 19","hotels, motels, and temporary accommodation",60
2021,"Alberta","48","15 to 19","other service collective",410
2021,"Alberta","48","15 to 19","religious establishments",0
2021,"Alberta","48","15 to 19","hutterite colonies",1655
2021,"Alberta","48","15 to 19","other",75
2021,"Alberta","48","15 to 17","total",1670
2021,"Alberta","48","15 to 17","health care and related",275
2021,"Alberta","48","15 to 17","hospitals",10
2021,"Alberta","48","15 to 17","nursing homes",15
2021,"Alberta","48","15 to 17","senior residences",0
2021,"Alberta","48","15 to 17","mix of nursing home and senior residences",0
2021,"Alberta","48","15 to 17","residential care facilities",255
2021,"Alberta","48","15 to 17","correctional facilities",30
2021,"Alberta","48","15 to 17","shelters",100
2021,"Alberta","48","15 to 17","service collective",200
2021,"Alberta","48","15 to 17","lodging and rooming houses",5
2021,"Alberta","48","15 to 17","hotels, motels, and temporary accommodation",25
2021,"Alberta","48","15 to 17","other service collective",170
2021,"Alberta","48","15 to 17","religious establishments",0
2021,"Alberta","48","15 to 17","hutterite colonies",1045
2021,"Alberta","48","15 to 17","other",25
2021,"Alberta","48","18 to 19","total",1175
2021,"Alberta","48","18 to 19","health care and related",130
2021,"Alberta","48","18 to 19","hospitals",5
2021,"Alberta","48","18 to 19","nursing homes",0
2021,"Alberta","48","18 to 19","senior residences",10
2021,"Alberta","48","18 to 19","mix of nursing home and senior residences",0
2021,"Alberta","48","18 to 19","residential care facilities",120
2021,"Alberta","48","18 to 19","correctional facilities",70
2021,"Alberta","48","18 to 19","shelters",15
2021,"Alberta","48","18 to 19","service collective",295
2021,"Alberta","48","18 to 19","lodging and rooming houses",20
2021,"Alberta","48","18 to 19","hotels, motels, and temporary accommodation",30
2021,"Alberta","48","18 to 19","other service collective",245
2021,"Alberta","48","18 to 19","religious establishments",0
2021,"Alberta","48","18 to 19","hutterite colonies",610
2021,"Alberta","48","18 to 19","other",50
2021,"Alberta","48","20 to 24","total",3655
2021,"Alberta","48","20 to 24","health care and related",485
2021,"Alberta","48","20 to 24","hospitals",25
2021,"Alberta","48","20 to 24","nursing homes",5
2021,"Alberta","48","20 to 24","senior residences",5
2021,"Alberta","48","20 to 24","mix of nursing home and senior residences",10
2021,"Alberta","48","20 to 24","residential care facilities",435
2021,"Alberta","48","20 to 24","correctional facilities",595
2021,"Alberta","48","20 to 24","shelters",75
2021,"Alberta","48","20 to 24","service collective",640
2021,"Alberta","48","20 to 24","lodging and rooming houses",70
2021,"Alberta","48","20 to 24","hotels, motels, and temporary accommodation",170
2021,"Alberta","48","20 to 24","other service collective",395
2021,"Alberta","48","20 to 24","religious establishments",5
2021,"Alberta","48","20 to 24","hutterite colonies",1465
2021,"Alberta","48","20 to 24","other",395
2021,"Alberta","48","25 to 29","total",4060
2021,"Alberta","48","25 to 29","health care and related",560
2021,"Alberta","48","25 to 29","hospitals",25
2021,"Alberta","48","25 to 29","nursing homes",10
2021,"Alberta","48","25 to 29","senior residences",0
2021,"Alberta","48","25 to 29","mix of nursing home and senior residences",5
2021,"Alberta","48","25 to 29","residential care facilities",520
2021,"Alberta","48","25 to 29","correctional facilities",1055
2021,"Alberta","48","25 to 29","shelters",130
2021,"Alberta","48","25 to 29","service collective",620
2021,"Alberta","48","25 to 29","lodging and rooming houses",185
2021,"Alberta","48","25 to 29","hotels, motels, and temporary accommodation",185
2021,"Alberta","48","25 to 29","other service collective",250
2021,"Alberta","48","25 to 29","religious establishments",5
2021,"Alberta","48","25 to 29","hutterite colonies",1400
2021,"Alberta","48","25 to 29","other",295
2021,"Alberta","48","30 to 34","total",3805
2021,"Alberta","48","30 to 34","health care and related",600
2021,"Alberta","48","30 to 34","hospitals",25
2021,"Alberta","48","30 to 34","nursing homes",30
2021,"Alberta","48","30 to 34","senior residences",15
2021,"Alberta","48","30 to 34","mix of nursing home and senior residences",15
2021,"Alberta","48","30 to 34","residential care facilities",510
2021,"Alberta","48","30 to 34","correctional facilities",1045
2021,"Alberta","48","30 to 34","shelters",155
2021,"Alberta","48","30 to 34","service collective",465
2021,"Alberta","48","30 to 34","lodging and rooming houses",155
2021,"Alberta","48","30 to 34","hotels, motels, and temporary accommodation",195
2021,"Alberta","48","30 to 34","other service collective",110
2021,"Alberta","48","30 to 34","religious establishments",5
2021,"Alberta","48","30 to 34","hutterite colonies",1275
2021,"Alberta","48","30 to 34","other",250
2021,"Alberta","48","35 to 39","total",3700
2021,"Alberta","48","35 to 39","health care and related",675
2021,"Alberta","48","35 to 39","hospitals",45
2021,"Alberta","48","35 to 39","nursing homes",60
2021,"Alberta","48","35 to 39","senior residences",15
2021,"Alberta","48","35 to 39","mix of nursing home and senior residences",5
2021,"Alberta","48","35 to 39","residential care facilities",550
2021,"Alberta","48","35 to 39","correctional facilities",870
2021,"Alberta","48","35 to 39","shelters",200
2021,"Alberta","48","35 to 39","service collective",460
2021,"Alberta","48","35 to 39","lodging and rooming houses",150
2021,"Alberta","48","35 to 39","hotels, motels, and temporary accommodation",220
2021,"Alberta","48","35 to 39","other service collective",90
2021,"Alberta","48","35 to 39","religious establishments",15
2021,"Alberta","48","35 to 39","hutterite colonies",1270
2021,"Alberta","48","35 to 39","other",215
2021,"Alberta","48","40 to 44","total",2995
2021,"Alberta","48","40 to 44","health care and related",680
2021,"Alberta","48","40 to 44","hospitals",35
2021,"Alberta","48","40 to 44","nursing homes",85
2021,"Alberta","48","40 to 44","senior residences",20
2021,"Alberta","48","40 to 44","mix of nursing home and senior residences",10
2021,"Alberta","48","40 to 44","residential care facilities",525
2021,"Alberta","48","40 to 44","correctional facilities",580
2021,"Alberta","48","40 to 44","shelters",160
2021,"Alberta","48","40 to 44","service collective",415
2021,"Alberta","48","40 to 44","lodging and rooming houses",95
2021,"Alberta","48","40 to 44","hotels, motels, and temporary accommodation",240
2021,"Alberta","48","40 to 44","other service collective",85
2021,"Alberta","48","40 to 44","religious establishments",15
2021,"Alberta","48","40 to 44","hutterite colonies",955
2021,"Alberta","48","40 to 44","other",190
2021,"Alberta","48","45 to 49","total",2565
2021,"Alberta","48","45 to 49","health care and related",625
2021,"Alberta","48","45 to 49","hospitals",40
2021,"Alberta","48","45 to 49","nursing homes",95
2021,"Alberta","48","45 to 49","senior residences",30
2021,"Alberta","48","45 to 49","mix of nursing home and senior residences",10
2021,"Alberta","48","45 to 49","residential care facilities",445
2021,"Alberta","48","45 to 49","correctional facilities",385
2021,"Alberta","48","45 to 49","shelters",130
2021,"Alberta","48","45 to 49","service collective",380
2021,"Alberta","48","45 to 49","lodging and rooming houses",75
2021,"Alberta","48","45 to 49","hotels, motels, and temporary accommodation",215
2021,"Alberta","48","45 to 49","other service collective",85
2021,"Alberta","48","45 to 49","religious establishments",15
2021,"Alberta","48","45 to 49","hutterite colonies",875
2021,"Alberta","48","45 to 49","other",155
2021,"Alberta","48","50 to 54","total",2750
2021,"Alberta","48","50 to 54","health care and related",830
2021,"Alberta","48","50 to 54","hospitals",50
2021,"Alberta","48","50 to 54","nursing homes",165
2021,"Alberta","48","50 to 54","senior residences",70
2021,"Alberta","48","50 to 54","mix of nursing home and senior residences",30
2021,"Alberta","48","50 to 54","residential care facilities",510
2021,"Alberta","48","50 to 54","correctional facilities",280
2021,"Alberta","48","50 to 54","shelters",100
2021,"Alberta","48","50 to 54","service collective",490
2021,"Alberta","48","50 to 54","lodging and rooming houses",75
2021,"Alberta","48","50 to 54","hotels, motels, and temporary accommodation",290
2021,"Alberta","48","50 to 54","other service collective",130
2021,"Alberta","48","50 to 54","religious establishments",15
2021,"Alberta","48","50 to 54","hutterite colonies",890
2021,"Alberta","48","50 to 54","other",150
2021,"Alberta","48","55 to 59","total",3250
2021,"Alberta","48","55 to 59","health care and related",1260
2021,"Alberta","48","55 to 59","hospitals",90
2021,"Alberta","48","55 to 59","nursing homes",320
2021,"Alberta","48","55 to 59","senior residences",140
2021,"Alberta","48","55 to 59","mix of nursing home and senior residences",95
2021,"Alberta","48","55 to 59","residential care facilities",615
2021,"Alberta","48","55 to 59","correctional facilities",195
2021,"Alberta","48","55 to 59","shelters",140
2021,"Alberta","48","55 to 59","service collective",695
2021,"Alberta","48","55 to 59","lodging and rooming houses",145
2021,"Alberta","48","55 to 59","hotels, motels, and temporary accommodation",375
2021,"Alberta","48","55 to 59","other service collective",175
2021,"Alberta","48","55 to 59","religious establishments",15
2021,"Alberta","48","55 to 59","hutterite colonies",755
2021,"Alberta","48","55 to 59","other",190
2021,"Alberta","48","60 to 64","total",3770
2021,"Alberta","48","60 to 64","health care and related",1865
2021,"Alberta","48","60 to 64","hospitals",105
2021,"Alberta","48","60 to 64","nursing homes",520
2021,"Alberta","48","60 to 64","senior residences",330
2021,"Alberta","48","60 to 64","mix of nursing home and senior residences",220
2021,"Alberta","48","60 to 64","residential care facilities",690
2021,"Alberta","48","60 to 64","correctional facilities",100
2021,"Alberta","48","60 to 64","shelters",190
2021,"Alberta","48","60 to 64","service collective",725
2021,"Alberta","48","60 to 64","lodging and rooming houses",110
2021,"Alberta","48","60 to 64","hotels, motels, and temporary accommodation",445
2021,"Alberta","48","60 to 64","other service collective",170
2021,"Alberta","48","60 to 64","religious establishments",25
2021,"Alberta","48","60 to 64","hutterite colonies",685
2021,"Alberta","48","60 to 64","other",195
2021,"Alberta","48","65+","total",44310
2021,"Alberta","48","65+","health care and related",40380
2021,"Alberta","48","65+","hospitals",1160
2021,"Alberta","48","65+","nursing homes",15440
2021,"Alberta","48","65+","senior residences",14355
2021,"Alberta","48","65+","mix of nursing home and senior residences",8325
2021,"Alberta","48","65+","residential care facilities",1090
2021,"Alberta","48","65+","correctional facilities",60
2021,"Alberta","48","65+","shelters",160
2021,"Alberta","48","65+","service collective",1745
2021,"Alberta","48","65+","lodging and rooming houses",560
2021,"Alberta","48","65+","hotels, motels, and temporary accommodation",785
2021,"Alberta","48","65+","other service collective",400
2021,"Alberta","48","65+","religious establishments",105
2021,"Alberta","48","65+","hutterite colonies",1525
2021,"Alberta","48","65+","other",335
2021,"Alberta","48","65 to 69","total",3910
2021,"Alberta","48","65 to 69","health care and related",2475
2021,"Alberta","48","65 to 69","hospitals",100
2021,"Alberta","48","65 to 69","nursing homes",810
2021,"Alberta","48","65 to 69","senior residences",705
2021,"Alberta","48","65 to 69","mix of nursing home and senior residences",295
2021,"Alberta","48","65 to 69","residential care facilities",560
2021,"Alberta","48","65 to 69","correctional facilities",40
2021,"Alberta","48","65 to 69","shelters",125
2021,"Alberta","48","65 to 69","service collective",575
2021,"Alberta","48","65 to 69","lodging and rooming houses",120
2021,"Alberta","48","65 to 69","hotels, motels, and temporary accommodation",320
2021,"Alberta","48","65 to 69","other service collective",135
2021,"Alberta","48","65 to 69","religious establishments",20
2021,"Alberta","48","65 to 69","hutterite colonies",545
2021,"Alberta","48","65 to 69","other",135
2021,"Alberta","48","70 to 74","total",3970
2021,"Alberta","48","70 to 74","health care and related",3030
2021,"Alberta","48","70 to 74","hospitals",160
2021,"Alberta","48","70 to 74","nursing homes",1145
2021,"Alberta","48","70 to 74","senior residences",1050
2021,"Alberta","48","70 to 74","mix of nursing home and senior residences",435
2021,"Alberta","48","70 to 74","residential care facilities",245
2021,"Alberta","48","70 to 74","correctional facilities",15
2021,"Alberta","48","70 to 74","shelters",15
2021,"Alberta","48","70 to 74","service collective",425
2021,"Alberta","48","70 to 74","lodging and rooming houses",80
2021,"Alberta","48","70 to 74","hotels, motels, and temporary accommodation",220
2021,"Alberta","48","70 to 74","other service collective",130
2021,"Alberta","48","70 to 74","religious establishments",25
2021,"Alberta","48","70 to 74","hutterite colonies",370
2021,"Alberta","48","70 to 74","other",90
2021,"Alberta","48","75 to 79","total",4790
2021,"Alberta","48","75 to 79","health care and related",4170
2021,"Alberta","48","75 to 79","hospitals",140
2021,"Alberta","48","75 to 79","nursing homes",1650
2021,"Alberta","48","75 to 79","senior residences",1595
2021,"Alberta","48","75 to 79","mix of nursing home and senior residences",660
2021,"Alberta","48","75 to 79","residential care facilities",125
2021,"Alberta","48","75 to 79","correctional facilities",0
2021,"Alberta","48","75 to 79","shelters",5
2021,"Alberta","48","75 to 79","service collective",275
2021,"Alberta","48","75 to 79","lodging and rooming houses",95
2021,"Alberta","48","75 to 79","hotels, motels, and temporary accommodation",110
2021,"Alberta","48","75 to 79","other service collective",60
2021,"Alberta","48","75 to 79","religious establishments",15
2021,"Alberta","48","75 to 79","hutterite colonies",280
2021,"Alberta","48","75 to 79","other",50
2021,"Alberta","48","80 to 84","total",8065
2021,"Alberta","48","80 to 84","health care and related",7620
2021,"Alberta","48","80 to 84","hospitals",195
2021,"Alberta","48","80 to 84","nursing homes",2790
2021,"Alberta","48","80 to 84","senior residences",2935
2021,"Alberta","48","80 to 84","mix of nursing home and senior residences",1635
2021,"Alberta","48","80 to 84","residential care facilities",60
2021,"Alberta","48","80 to 84","correctional facilities",0
2021,"Alberta","48","80 to 84","shelters",15
2021,"Alberta","48","80 to 84","service collective",205
2021,"Alberta","48","80 to 84","lodging and rooming houses",110
2021,"Alberta","48","80 to 84","hotels, motels, and temporary accommodation",60
2021,"Alberta","48","80 to 84","other service collective",30
2021,"Alberta","48","80 to 84","religious establishments",15
2021,"Alberta","48","80 to 84","hutterite colonies",190
2021,"Alberta","48","80 to 84","other",20
2021,"Alberta","48","85+","total",23565
2021,"Alberta","48","85+","health care and related",23090
2021,"Alberta","48","85+","hospitals",565
2021,"Alberta","48","85+","nursing homes",9045
2021,"Alberta","48","85+","senior residences",8070
2021,"Alberta","48","85+","mix of nursing home and senior residences",5305
2021,"Alberta","48","85+","residential care facilities",100
2021,"Alberta","48","85+","correctional facilities",0
2021,"Alberta","48","85+","shelters",0
2021,"Alberta","48","85+","service collective",280
2021,"Alberta","48","85+","lodging and rooming houses",155
2021,"Alberta","48","85+","hotels, motels, and temporary accommodation",80
2021,"Alberta","48","85+","other service collective",50
2021,"Alberta","48","85+","religious establishments",25
2021,"Alberta","48","85+","hutterite colonies",135
2021,"Alberta","48","85+","other",35
2021,"British Columbia","59","Total","total",84655
2021,"British Columbia","59","Total","health care and related",57650
2021,"British Columbia","59","Total","hospitals",1605
2021,"British Columbia","59","Total","nursing homes",23360
2021,"British Columbia","59","Total","senior residences",14915
2021,"British Columbia","59","Total","mix of nursing home and senior residences",7840
2021,"British Columbia","59","Total","residential care facilities",9930
2021,"British Columbia","59","Total","correctional facilities",3300
2021,"British Columbia","59","Total","shelters",3190
2021,"British Columbia","59","Total","service collective",17800
2021,"British Columbia","59","Total","lodging and rooming houses",3090
2021,"British Columbia","59","Total","hotels, motels, and temporary accommodation",6010
2021,"British Columbia","59","Total","other service collective",8695
2021,"British Columbia","59","Total","religious establishments",335
2021,"British Columbia","59","Total","hutterite colonies",595
2021,"British Columbia","59","Total","other",1785
2021,"British Columbia","59","0 to 14","total",1390
2021,"British Columbia","59","0 to 14","health care and related",210
2021,"British Columbia","59","0 to 14","hospitals",10
2021,"British Columbia","59","0 to 14","nursing homes",0
2021,"British Columbia","59","0 to 14","senior residences",0
2021,"British Columbia","59","0 to 14","mix of nursing home and senior residences",0
2021,"British Columbia","59","0 to 14","residential care facilities",195
2021,"British Columbia","59","0 to 14","correctional facilities",0
2021,"British Columbia","59","0 to 14","shelters",205
2021,"British Columbia","59","0 to 14","service collective",665
2021,"British Columbia","59","0 to 14","lodging and rooming houses",25
2021,"British Columbia","59","0 to 14","hotels, motels, and temporary accommodation",220
2021,"British Columbia","59","0 to 14","other service collective",425
2021,"British Columbia","59","0 to 14","religious establishments",0
2021,"British Columbia","59","0 to 14","hutterite colonies",250
2021,"British Columbia","59","0 to 14","other",60
2021,"British Columbia","59","15 to 19","total",1945
2021,"British Columbia","59","15 to 19","health care and related",395
2021,"British Columbia","59","15 to 19","hospitals",5
2021,"British Columbia","59","15 to 19","nursing homes",0
2021,"British Columbia","59","15 to 19","senior residences",0
2021,"British Columbia","59","15 to 19","mix of nursing home and senior residences",5
2021,"British Columbia","59","15 to 19","residential care facilities",385
2021,"British Columbia","59","15 to 19","correctional facilities",35
2021,"British Columbia","59","15 to 19","shelters",110
2021,"British Columbia","59","15 to 19","service collective",1250
2021,"British Columbia","59","15 to 19","lodging and rooming houses",15
2021,"British Columbia","59","15 to 19","hotels, motels, and temporary accommodation",110
2021,"British Columbia","59","15 to 19","other service collective",1125
2021,"British Columbia","59","15 to 19","religious establishments",0
2021,"British Columbia","59","15 to 19","hutterite colonies",105
2021,"British Columbia","59","15 to 19","other",50
2021,"British Columbia","59","15 to 17","total",875
2021,"British Columbia","59","15 to 17","health care and related",255
2021,"British Columbia","59","15 to 17","hospitals",5
2021,"British Columbia","59","15 to 17","nursing homes",0
2021,"British Columbia","59","15 to 17","senior residences",0
2021,"British Columbia","59","15 to 17","mix of nursing home and senior residences",5
2021,"British Columbia","59","15 to 17","residential care facilities",250
2021,"British Columbia","59","15 to 17","correctional facilities",10
2021,"British Columbia","59","15 to 17","shelters",30
2021,"British Columbia","59","15 to 17","service collective",480
2021,"British Columbia","59","15 to 17","lodging and rooming houses",0
2021,"British Columbia","59","15 to 17","hotels, motels, and temporary accommodation",55
2021,"British Columbia","59","15 to 17","other service collective",420
2021,"British Columbia","59","15 to 17","religious establishments",0
2021,"British Columbia","59","15 to 17","hutterite colonies",85
2021,"British Columbia","59","15 to 17","other",15
2021,"British Columbia","59","18 to 19","total",1070
2021,"British Columbia","59","18 to 19","health care and related",135
2021,"British Columbia","59","18 to 19","hospitals",0
2021,"British Columbia","59","18 to 19","nursing homes",0
2021,"British Columbia","59","18 to 19","senior residences",0
2021,"British Columbia","59","18 to 19","mix of nursing home and senior residences",0
2021,"British Columbia","59","18 to 19","residential care facilities",135
2021,"British Columbia","59","18 to 19","correctional facilities",20
2021,"British Columbia","59","18 to 19","shelters",80
2021,"British Columbia","59","18 to 19","service collective",775
2021,"British Columbia","59","18 to 19","lodging and rooming houses",15
2021,"British Columbia","59","18 to 19","hotels, motels, and temporary accommodation",55
2021,"British Columbia","59","18 to 19","other service collective",700
2021,"British Columbia","59","18 to 19","religious establishments",0
2021,"British Columbia","59","18 to 19","hutterite colonies",20
2021,"British Columbia","59","18 to 19","other",35
2021,"British Columbia","59","20 to 24","total",2530
2021,"British Columbia","59","20 to 24","health care and related",305
2021,"British Columbia","59","20 to 24","hospitals",15
2021,"British Columbia","59","20 to 24","nursing homes",10
2021,"British Columbia","59","20 to 24","senior residences",0
2021,"British Columbia","59","20 to 24","mix of nursing home and senior residences",5
2021,"British Columbia","59","20 to 24","residential care facilities",280
2021,"British Columbia","59","20 to 24","correctional facilities",190
2021,"British Columbia","59","20 to 24","shelters",205
2021,"British Columbia","59","20 to 24","service collective",1595
2021,"British Columbia","59","20 to 24","lodging and rooming houses",155
2021,"British Columbia","59","20 to 24","hotels, motels, and temporary accommodation",290
2021,"British Columbia","59","20 to 24","other service collective",1150
2021,"British Columbia","59","20 to 24","religious establishments",30
2021,"British Columbia","59","20 to 24","hutterite colonies",35
2021,"British Columbia","59","20 to 24","other",165
2021,"British Columbia","59","25 to 29","total",2855
2021,"British Columbia","59","25 to 29","health care and related",610
2021,"British Columbia","59","25 to 29","hospitals",35
2021,"British Columbia","59","25 to 29","nursing homes",10
2021,"British Columbia","59","25 to 29","senior residences",0
2021,"British Columbia","59","25 to 29","mix of nursing home and senior residences",0
2021,"British Columbia","59","25 to 29","residential care facilities",560
2021,"British Columbia","59","25 to 29","correctional facilities",420
2021,"British Columbia","59","25 to 29","shelters",310
2021,"British Columbia","59","25 to 29","service collective",1300
2021,"British Columbia","59","25 to 29","lodging and rooming houses",245
2021,"British Columbia","59","25 to 29","hotels, motels, and temporary accommodation",370
2021,"British Columbia","59","25 to 29","other service collective",685
2021,"British Columbia","59","25 to 29","religious establishments",15
2021,"British Columbia","59","25 to 29","hutterite colonies",55
2021,"British Columbia","59","25 to 29","other",155
2021,"British Columbia","59","30 to 34","total",2740
2021,"British Columbia","59","30 to 34","health care and related",775
2021,"British Columbia","59","30 to 34","hospitals",55
2021,"British Columbia","59","30 to 34","nursing homes",30
2021,"British Columbia","59","30 to 34","senior residences",40
2021,"British Columbia","59","30 to 34","mix of nursing home and senior residences",5
2021,"British Columbia","59","30 to 34","residential care facilities",645
2021,"British Columbia","59","30 to 34","correctional facilities",525
2021,"British Columbia","59","30 to 34","shelters",345
2021,"British Columbia","59","30 to 34","service collective",925
2021,"British Columbia","59","30 to 34","lodging and rooming houses",170
2021,"British Columbia","59","30 to 34","hotels, motels, and temporary accommodation",350
2021,"British Columbia","59","30 to 34","other service collective",400
2021,"British Columbia","59","30 to 34","religious establishments",10
2021,"British Columbia","59","30 to 34","hutterite colonies",20
2021,"British Columbia","59","30 to 34","other",135
2021,"British Columbia","59","35 to 39","total",2990
2021,"British Columbia","59","35 to 39","health care and related",860
2021,"British Columbia","59","35 to 39","hospitals",50
2021,"British Columbia","59","35 to 39","nursing homes",30
2021,"British Columbia","59","35 to 39","senior residences",15
2021,"British Columbia","59","35 to 39","mix of nursing home and senior residences",25
2021,"British Columbia","59","35 to 39","residential care facilities",745
2021,"British Columbia","59","35 to 39","correctional facilities",540
2021,"British Columbia","59","35 to 39","shelters",455
2021,"British Columbia","59","35 to 39","service collective",965
2021,"British Columbia","59","35 to 39","lodging and rooming houses",245
2021,"British Columbia","59","35 to 39","hotels, motels, and temporary accommodation",350
2021,"British Columbia","59","35 to 39","other service collective",370
2021,"British Columbia","59","35 to 39","religious establishments",20
2021,"British Columbia","59","35 to 39","hutterite colonies",5
2021,"British Columbia","59","35 to 39","other",140
2021,"British Columbia","59","40 to 44","total",2895
2021,"British Columbia","59","40 to 44","health care and related",965
2021,"British Columbia","59","40 to 44","hospitals",35
2021,"British Columbia","59","40 to 44","nursing homes",55
2021,"British Columbia","59","40 to 44","senior residences",65
2021,"British Columbia","59","40 to 44","mix of nursing home and senior residences",65
2021,"British Columbia","59","40 to 44","residential care facilities",745
2021,"British Columbia","59","40 to 44","correctional facilities",465
2021,"British Columbia","59","40 to 44","shelters",320
2021,"British Columbia","59","40 to 44","service collective",960
2021,"British Columbia","59","40 to 44","lodging and rooming houses",220
2021,"British Columbia","59","40 to 44","hotels, motels, and temporary accommodation",395
2021,"British Columbia","59","40 to 44","other service collective",345
2021,"British Columbia","59","40 to 44","religious establishments",20
2021,"British Columbia","59","40 to 44","hutterite colonies",45
2021,"British Columbia","59","40 to 44","other",130
2021,"British Columbia","59","45 to 49","total",2755
2021,"British Columbia","59","45 to 49","health care and related",960
2021,"British Columbia","59","45 to 49","hospitals",20
2021,"British Columbia","59","45 to 49","nursing homes",60
2021,"British Columbia","59","45 to 49","senior residences",45
2021,"British Columbia","59","45 to 49","mix of nursing home and senior residences",25
2021,"British Columbia","59","45 to 49","residential care facilities",795
2021,"British Columbia","59","45 to 49","correctional facilities",290
2021,"British Columbia","59","45 to 49","shelters",230
2021,"British Columbia","59","45 to 49","service collective",1140
2021,"British Columbia","59","45 to 49","lodging and rooming houses",270
2021,"British Columbia","59","45 to 49","hotels, motels, and temporary accommodation",450
2021,"British Columbia","59","45 to 49","other service collective",415
2021,"British Columbia","59","45 to 49","religious establishments",25
2021,"British Columbia","59","45 to 49","hutterite colonies",5
2021,"British Columbia","59","45 to 49","other",110
2021,"British Columbia","59","50 to 54","total",3395
2021,"British Columbia","59","50 to 54","health care and related",1295
2021,"British Columbia","59","50 to 54","hospitals",35
2021,"British Columbia","59","50 to 54","nursing homes",120
2021,"British Columbia","59","50 to 54","senior residences",125
2021,"British Columbia","59","50 to 54","mix of nursing home and senior residences",65
2021,"British Columbia","59","50 to 54","residential care facilities",950
2021,"British Columbia","59","50 to 54","correctional facilities",250
2021,"British Columbia","59","50 to 54","shelters",265
2021,"British Columbia","59","50 to 54","service collective",1375
2021,"British Columbia","59","50 to 54","lodging and rooming houses",330
2021,"British Columbia","59","50 to 54","hotels, motels, and temporary accommodation",500
2021,"British Columbia","59","50 to 54","other service collective",545
2021,"British Columbia","59","50 to 54","religious establishments",30
2021,"British Columbia","59","50 to 54","hutterite colonies",20
2021,"British Columbia","59","50 to 54","other",145
2021,"British Columbia","59","55 to 59","total",4630
2021,"British Columbia","59","55 to 59","health care and related",1920
2021,"British Columbia","59","55 to 59","hospitals",65
2021,"British Columbia","59","55 to 59","nursing homes",285
2021,"British Columbia","59","55 to 59","senior residences",265
2021,"British Columbia","59","55 to 59","mix of nursing home and senior residences",125
2021,"British Columbia","59","55 to 59","residential care facilities",1185
2021,"British Columbia","59","55 to 59","correctional facilities",230
2021,"British Columbia","59","55 to 59","shelters",295
2021,"British Columbia","59","55 to 59","service collective",1955
2021,"British Columbia","59","55 to 59","lodging and rooming houses",485
2021,"British Columbia","59","55 to 59","hotels, motels, and temporary accommodation",720
2021,"British Columbia","59","55 to 59","other service collective",750
2021,"British Columbia","59","55 to 59","religious establishments",40
2021,"British Columbia","59","55 to 59","hutterite colonies",10
2021,"British Columbia","59","55 to 59","other",175
2021,"British Columbia","59","60 to 64","total",4875
2021,"British Columbia","59","60 to 64","health care and related",2335
2021,"British Columbia","59","60 to 64","hospitals",45
2021,"British Columbia","59","60 to 64","nursing homes",620
2021,"British Columbia","59","60 to 64","senior residences",315
2021,"British Columbia","59","60 to 64","mix of nursing home and senior residences",220
2021,"British Columbia","59","60 to 64","residential care facilities",1135
2021,"British Columbia","59","60 to 64","correctional facilities",165
2021,"British Columbia","59","60 to 64","shelters",245
2021,"British Columbia","59","60 to 64","service collective",1935
2021,"British Columbia","59","60 to 64","lodging and rooming houses",445
2021,"British Columbia","59","60 to 64","hotels, motels, and temporary accommodation",725
2021,"British Columbia","59","60 to 64","other service collective",770
2021,"British Columbia","59","60 to 64","religious establishments",25
2021,"British Columbia","59","60 to 64","hutterite colonies",20
2021,"British Columbia","59","60 to 64","other",155
2021,"British Columbia","59","65+","total",51645
2021,"British Columbia","59","65+","health care and related",47020
2021,"British Columbia","59","65+","hospitals",1235
2021,"British Columbia","59","65+","nursing homes",22150
2021,"British Columbia","59","65+","senior residences",14035
2021,"British Columbia","59","65+","mix of nursing home and senior residences",7300
2021,"British Columbia","59","65+","residential care facilities",2300
2021,"British Columbia","59","65+","correctional facilities",185
2021,"British Columbia","59","65+","shelters",195
2021,"British Columbia","59","65+","service collective",3735
2021,"British Columbia","59","65+","lodging and rooming houses",490
2021,"British Columbia","59","65+","hotels, motels, and temporary accommodation",1535
2021,"British Columbia","59","65+","other service collective",1715
2021,"British Columbia","59","65+","religious establishments",125
2021,"British Columbia","59","65+","hutterite colonies",20
2021,"British Columbia","59","65+","other",360
2021,"British Columbia","59","65 to 69","total",4710
2021,"British Columbia","59","65 to 69","health care and related",2740
2021,"British Columbia","59","65 to 69","hospitals",70
2021,"British Columbia","59","65 to 69","nursing homes",945
2021,"British Columbia","59","65 to 69","senior residences",590
2021,"British Columbia","59","65 to 69","mix of nursing home and senior residences",275
2021,"British Columbia","59","65 to 69","residential care facilities",855
2021,"British Columbia","59","65 to 69","correctional facilities",85
2021,"British Columbia","59","65 to 69","shelters",115
2021,"British Columbia","59","65 to 69","service collective",1560
2021,"British Columbia","59","65 to 69","lodging and rooming houses",270
2021,"British Columbia","59","65 to 69","hotels, motels, and temporary accommodation",595
2021,"British Columbia","59","65 to 69","other service collective",695
2021,"British Columbia","59","65 to 69","religious establishments",35
2021,"British Columbia","59","65 to 69","hutterite colonies",20
2021,"British Columbia","59","65 to 69","other",155
2021,"British Columbia","59","70 to 74","total",4670
2021,"British Columbia","59","70 to 74","health care and related",3450
2021,"British Columbia","59","70 to 74","hospitals",145
2021,"British Columbia","59","70 to 74","nursing homes",1550
2021,"British Columbia","59","70 to 74","senior residences",835
2021,"British Columbia","59","70 to 74","mix of nursing home and senior residences",360
2021,"British Columbia","59","70 to 74","residential care facilities",560
2021,"British Columbia","59","70 to 74","correctional facilities",60
2021,"British Columbia","59","70 to 74","shelters",45
2021,"British Columbia","59","70 to 74","service collective",975
2021,"British Columbia","59","70 to 74","lodging and rooming houses",100
2021,"British Columbia","59","70 to 74","hotels, motels, and temporary accommodation",425
2021,"British Columbia","59","70 to 74","other service collective",450
2021,"British Columbia","59","70 to 74","religious establishments",30
2021,"British Columbia","59","70 to 74","hutterite colonies",0
2021,"British Columbia","59","70 to 74","other",100
2021,"British Columbia","59","75 to 79","total",5090
2021,"British Columbia","59","75 to 79","health care and related",4415
2021,"British Columbia","59","75 to 79","hospitals",125
2021,"British Columbia","59","75 to 79","nursing homes",2210
2021,"British Columbia","59","75 to 79","senior residences",1240
2021,"British Columbia","59","75 to 79","mix of nursing home and senior residences",535
2021,"British Columbia","59","75 to 79","residential care facilities",310
2021,"British Columbia","59","75 to 79","correctional facilities",35
2021,"British Columbia","59","75 to 79","shelters",20
2021,"British Columbia","59","75 to 79","service collective",535
2021,"British Columbia","59","75 to 79","lodging and rooming houses",55
2021,"British Columbia","59","75 to 79","hotels, motels, and temporary accommodation",215
2021,"British Columbia","59","75 to 79","other service collective",260
2021,"British Columbia","59","75 to 79","religious establishments",25
2021,"British Columbia","59","75 to 79","hutterite colonies",0
2021,"British Columbia","59","75 to 79","other",50
2021,"British Columbia","59","80 to 84","total",9005
2021,"British Columbia","59","80 to 84","health care and related",8675
2021,"British Columbia","59","80 to 84","hospitals",300
2021,"British Columbia","59","80 to 84","nursing homes",4175
2021,"British Columbia","59","80 to 84","senior residences",2565
2021,"British Columbia","59","80 to 84","mix of nursing home and senior residences",1420
2021,"British Columbia","59","80 to 84","residential care facilities",215
2021,"British Columbia","59","80 to 84","correctional facilities",5
2021,"British Columbia","59","80 to 84","shelters",5
2021,"British Columbia","59","80 to 84","service collective",280
2021,"British Columbia","59","80 to 84","lodging and rooming houses",30
2021,"British Columbia","59","80 to 84","hotels, motels, and temporary accommodation",120
2021,"British Columbia","59","80 to 84","other service collective",130
2021,"British Columbia","59","80 to 84","religious establishments",15
2021,"British Columbia","59","80 to 84","hutterite colonies",0
2021,"British Columbia","59","80 to 84","other",20
2021,"British Columbia","59","85+","total",28180
2021,"British Columbia","59","85+","health care and related",27740
2021,"British Columbia","59","85+","hospitals",595
2021,"British Columbia","59","85+","nursing homes",13265
2021,"British Columbia","59","85+","senior residences",8805
2021,"British Columbia","59","85+","mix of nursing home and senior residences",4705
2021,"British Columbia","59","85+","residential care facilities",365
2021,"British Columbia","59","85+","correctional facilities",0
2021,"British Columbia","59","85+","shelters",5
2021,"British Columbia","59","85+","service collective",385
2021,"British Columbia","59","85+","lodging and rooming houses",25
2021,"British Columbia","59","85+","hotels, motels, and temporary accommodation",180
2021,"British Columbia","59","85+","other service collective",185
2021,"British Columbia","59","85+","religious establishments",15
2021,"British Columbia","59","85+","hutterite colonies",0
2021,"British Columbia","59","85+","other",30
2021,"Yukon","60","Total","total",645
2021,"Yukon","60","Total","health care and related",335
2021,"Yukon","60","Total","hospitals",0
2021,"Yukon","60","Total","nursing homes",210
2021,"Yukon","60","Total","senior residences",50
2021,"Yukon","60","Total","mix of nursing home and senior residences",0
2021,"Yukon","60","Total","residential care facilities",75
2021,"Yukon","60","Total","correctional facilities",0
2021,"Yukon","60","Total","shelters",50
2021,"Yukon","60","Total","service collective",170
2021,"Yukon","60","Total","lodging and rooming houses",10
2021,"Yukon","60","Total","hotels, motels, and temporary accommodation",150
2021,"Yukon","60","Total","other service collective",10
2021,"Yukon","60","Total","religious establishments",0
2021,"Yukon","60","Total","hutterite colonies",0
2021,"Yukon","60","Total","other",35
2021,"Yukon","60","0 to 14","total",15
2021,"Yukon","60","0 to 14","health care and related",0
2021,"Yukon","60","0 to 14","hospitals",0
2021,"Yukon","60","0 to 14","nursing homes",0
2021,"Yukon","60","0 to 14","senior residences",0
2021,"Yukon","60","0 to 14","mix of nursing home and senior residences",0
2021,"Yukon","60","0 to 14","residential care facilities",0
2021,"Yukon","60","0 to 14","correctional facilities",0
2021,"Yukon","60","0 to 14","shelters",10
2021,"Yukon","60","0 to 14","service collective",5
2021,"Yukon","60","0 to 14","lodging and rooming houses",0
2021,"Yukon","60","0 to 14","hotels, motels, and temporary accommodation",5
2021,"Yukon","60","0 to 14","other service collective",0
2021,"Yukon","60","0 to 14","religious establishments",0
2021,"Yukon","60","0 to 14","hutterite colonies",0
2021,"Yukon","60","0 to 14","other",0
2021,"Yukon","60","15 to 19","total",50
2021,"Yukon","60","15 to 19","health care and related",35
2021,"Yukon","60","15 to 19","hospitals",0
2021,"Yukon","60","15 to 19","nursing homes",0
2021,"Yukon","60","15 to 19","senior residences",0
2021,"Yukon","60","15 to 19","mix of nursing home and senior residences",0
2021,"Yukon","60","15 to 19","residential care facilities",35
2021,"Yukon","60","15 to 19","correctional facilities",0
2021,"Yukon","60","15 to 19","shelters",10
2021,"Yukon","60","15 to 19","service collective",10
2021,"Yukon","60","15 to 19","lodging and rooming houses",0
2021,"Yukon","60","15 to 19","hotels, motels, and temporary accommodation",10
2021,"Yukon","60","15 to 19","other service collective",0
2021,"Yukon","60","15 to 19","religious establishments",0
2021,"Yukon","60","15 to 19","hutterite colonies",0
2021,"Yukon","60","15 to 19","other",5
2021,"Yukon","60","15 to 17","total",40
2021,"Yukon","60","15 to 17","health care and related",30
2021,"Yukon","60","15 to 17","hospitals",0
2021,"Yukon","60","15 to 17","nursing homes",0
2021,"Yukon","60","15 to 17","senior residences",0
2021,"Yukon","60","15 to 17","mix of nursing home and senior residences",0
2021,"Yukon","60","15 to 17","residential care facilities",30
2021,"Yukon","60","15 to 17","correctional facilities",0
2021,"Yukon","60","15 to 17","shelters",5
2021,"Yukon","60","15 to 17","service collective",0
2021,"Yukon","60","15 to 17","lodging and rooming houses",0
2021,"Yukon","60","15 to 17","hotels, motels, and temporary accommodation",0
2021,"Yukon","60","15 to 17","other service collective",0
2021,"Yukon","60","15 to 17","religious establishments",0
2021,"Yukon","60","15 to 17","hutterite colonies",0
2021,"Yukon","60","15 to 17","other",0
2021,"Yukon","60","18 to 19","total",15
2021,"Yukon","60","18 to 19","health care and related",5
2021,"Yukon","60","18 to 19","hospitals",0
2021,"Yukon","60","18 to 19","nursing homes",0
2021,"Yukon","60","18 to 19","senior residences",0
2021,"Yukon","60","18 to 19","mix of nursing home and senior residences",0
2021,"Yukon","60","18 to 19","residential care facilities",5
2021,"Yukon","60","18 to 19","correctional facilities",0
2021,"Yukon","60","18 to 19","shelters",0
2021,"Yukon","60","18 to 19","service collective",5
2021,"Yukon","60","18 to 19","lodging and rooming houses",0
2021,"Yukon","60","18 to 19","hotels, motels, and temporary accommodation",5
2021,"Yukon","60","18 to 19","other service collective",0
2021,"Yukon","60","18 to 19","religious establishments",0
2021,"Yukon","60","18 to 19","hutterite colonies",0
2021,"Yukon","60","18 to 19","other",5
2021,"Yukon","60","20 to 24","total",35
2021,"Yukon","60","20 to 24","health care and related",5
2021,"Yukon","60","20 to 24","hospitals",0
2021,"Yukon","60","20 to 24","nursing homes",0
2021,"Yukon","60","20 to 24","senior residences",0
2021,"Yukon","60","20 to 24","mix of nursing home and senior residences",0
2021,"Yukon","60","20 to 24","residential care facilities",5
2021,"Yukon","60","20 to 24","correctional facilities",0
2021,"Yukon","60","20 to 24","shelters",15
2021,"Yukon","60","20 to 24","service collective",5
2021,"Yukon","60","20 to 24","lodging and rooming houses",0
2021,"Yukon","60","20 to 24","hotels, motels, and temporary accommodation",5
2021,"Yukon","60","20 to 24","other service collective",0
2021,"Yukon","60","20 to 24","religious establishments",0
2021,"Yukon","60","20 to 24","hutterite colonies",0
2021,"Yukon","60","20 to 24","other",5
2021,"Yukon","60","25 to 29","total",30
2021,"Yukon","60","25 to 29","health care and related",5
2021,"Yukon","60","25 to 29","hospitals",0
2021,"Yukon","60","25 to 29","nursing homes",0
2021,"Yukon","60","25 to 29","senior residences",0
2021,"Yukon","60","25 to 29","mix of nursing home and senior residences",0
2021,"Yukon","60","25 to 29","residential care facilities",5
2021,"Yukon","60","25 to 29","correctional facilities",0
2021,"Yukon","60","25 to 29","shelters",5
2021,"Yukon","60","25 to 29","service collective",10
2021,"Yukon","60","25 to 29","lodging and rooming houses",0
2021,"Yukon","60","25 to 29","hotels, motels, and temporary accommodation",10
2021,"Yukon","60","25 to 29","other service collective",0
2021,"Yukon","60","25 to 29","religious establishments",0
2021,"Yukon","60","25 to 29","hutterite colonies",0
2021,"Yukon","60","25 to 29","other",0
2021,"Yukon","60","30 to 34","total",30
2021,"Yukon","60","30 to 34","health care and related",5
2021,"Yukon","60","30 to 34","hospitals",0
2021,"Yukon","60","30 to 34","nursing homes",0
2021,"Yukon","60","30 to 34","senior residences",0
2021,"Yukon","60","30 to 34","mix of nursing home and senior residences",0
2021,"Yukon","60","30 to 34","residential care facilities",5
2021,"Yukon","60","30 to 34","correctional facilities",0
2021,"Yukon","60","30 to 34","shelters",0
2021,"Yukon","60","30 to 34","service collective",5
2021,"Yukon","60","30 to 34","lodging and rooming houses",0
2021,"Yukon","60","30 to 34","hotels, motels, and temporary accommodation",5
2021,"Yukon","60","30 to 34","other service collective",0
2021,"Yukon","60","30 to 34","religious establishments",0
2021,"Yukon","60","30 to 34","hutterite colonies",0
2021,"Yukon","60","30 to 34","other",5
2021,"Yukon","60","35 to 39","total",30
2021,"Yukon","60","35 to 39","health care and related",5
2021,"Yukon","60","35 to 39","hospitals",0
2021,"Yukon","60","35 to 39","nursing homes",0
2021,"Yukon","60","35 to 39","senior residences",0
2021,"Yukon","60","35 to 39","mix of nursing home and senior residences",0
2021,"Yukon","60","35 to 39","residential care facilities",5
2021,"Yukon","60","35 to 39","correctional facilities",0
2021,"Yukon","60","35 to 39","shelters",0
2021,"Yukon","60","35 to 39","service collective",20
2021,"Yukon","60","35 to 39","lodging and rooming houses",5
2021,"Yukon","60","35 to 39","hotels, motels, and temporary accommodation",15
2021,"Yukon","60","35 to 39","other service collective",0
2021,"Yukon","60","35 to 39","religious establishments",0
2021,"Yukon","60","35 to 39","hutterite colonies",0
2021,"Yukon","60","35 to 39","other",5
2021,"Yukon","60","40 to 44","total",30
2021,"Yukon","60","40 to 44","health care and related",10
2021,"Yukon","60","40 to 44","hospitals",0
2021,"Yukon","60","40 to 44","nursing homes",0
2021,"Yukon","60","40 to 44","senior residences",0
2021,"Yukon","60","40 to 44","mix of nursing home and senior residences",0
2021,"Yukon","60","40 to 44","residential care facilities",10
2021,"Yukon","60","40 to 44","correctional facilities",0
2021,"Yukon","60","40 to 44","shelters",0
2021,"Yukon","60","40 to 44","service collective",10
2021,"Yukon","60","40 to 44","lodging and rooming houses",0
2021,"Yukon","60","40 to 44","hotels, motels, and temporary accommodation",5
2021,"Yukon","60","40 to 44","other service collective",0
2021,"Yukon","60","40 to 44","religious establishments",0
2021,"Yukon","60","40 to 44","hutterite colonies",0
2021,"Yukon","60","40 to 44","other",0
2021,"Yukon","60","45 to 49","total",25
2021,"Yukon","60","45 to 49","health care and related",5
2021,"Yukon","60","45 to 49","hospitals",0
2021,"Yukon","60","45 to 49","nursing homes",0
2021,"Yukon","60","45 to 49","senior residences",0
2021,"Yukon","60","45 to 49","mix of nursing home and senior residences",0
2021,"Yukon","60","45 to 49","residential care facilities",5
2021,"Yukon","60","45 to 49","correctional facilities",0
2021,"Yukon","60","45 to 49","shelters",0
2021,"Yukon","60","45 to 49","service collective",10
2021,"Yukon","60","45 to 49","lodging and rooming houses",0
2021,"Yukon","60","45 to 49","hotels, motels, and temporary accommodation",10
2021,"Yukon","60","45 to 49","other service collective",0
2021,"Yukon","60","45 to 49","religious establishments",0
2021,"Yukon","60","45 to 49","hutterite colonies",0
2021,"Yukon","60","45 to 49","other",5
2021,"Yukon","60","50 to 54","total",35
2021,"Yukon","60","50 to 54","health care and related",10
2021,"Yukon","60","50 to 54","hospitals",0
2021,"Yukon","60","50 to 54","nursing homes",0
2021,"Yukon","60","50 to 54","senior residences",0
2021,"Yukon","60","50 to 54","mix of nursing home and senior residences",0
2021,"Yukon","60","50 to 54","residential care facilities",10
2021,"Yukon","60","50 to 54","correctional facilities",0
2021,"Yukon","60","50 to 54","shelters",0
2021,"Yukon","60","50 to 54","service collective",15
2021,"Yukon","60","50 to 54","lodging and rooming houses",0
2021,"Yukon","60","50 to 54","hotels, motels, and temporary accommodation",15
2021,"Yukon","60","50 to 54","other service collective",0
2021,"Yukon","60","50 to 54","religious establishments",0
2021,"Yukon","60","50 to 54","hutterite colonies",0
2021,"Yukon","60","50 to 54","other",0
2021,"Yukon","60","55 to 59","total",35
2021,"Yukon","60","55 to 59","health care and related",5
2021,"Yukon","60","55 to 59","hospitals",0
2021,"Yukon","60","55 to 59","nursing homes",5
2021,"Yukon","60","55 to 59","senior residences",0
2021,"Yukon","60","55 to 59","mix of nursing home and senior residences",0
2021,"Yukon","60","55 to 59","residential care facilities",0
2021,"Yukon","60","55 to 59","correctional facilities",0
2021,"Yukon","60","55 to 59","shelters",0
2021,"Yukon","60","55 to 59","service collective",25
2021,"Yukon","60","55 to 59","lodging and rooming houses",0
2021,"Yukon","60","55 to 59","hotels, motels, and temporary accommodation",20
2021,"Yukon","60","55 to 59","other service collective",0
2021,"Yukon","60","55 to 59","religious establishments",0
2021,"Yukon","60","55 to 59","hutterite colonies",0
2021,"Yukon","60","55 to 59","other",0
2021,"Yukon","60","60 to 64","total",30
2021,"Yukon","60","60 to 64","health care and related",5
2021,"Yukon","60","60 to 64","hospitals",0
2021,"Yukon","60","60 to 64","nursing homes",5
2021,"Yukon","60","60 to 64","senior residences",0
2021,"Yukon","60","60 to 64","mix of nursing home and senior residences",0
2021,"Yukon","60","60 to 64","residential care facilities",0
2021,"Yukon","60","60 to 64","correctional facilities",0
2021,"Yukon","60","60 to 64","shelters",5
2021,"Yukon","60","60 to 64","service collective",15
2021,"Yukon","60","60 to 64","lodging and rooming houses",0
2021,"Yukon","60","60 to 64","hotels, motels, and temporary accommodation",15
2021,"Yukon","60","60 to 64","other service collective",0
2021,"Yukon","60","60 to 64","religious establishments",0
2021,"Yukon","60","60 to 64","hutterite colonies",0
2021,"Yukon","60","60 to 64","other",0
2021,"Yukon","60","65+","total",300
2021,"Yukon","60","65+","health care and related",245
2021,"Yukon","60","65+","hospitals",0
2021,"Yukon","60","65+","nursing homes",190
2021,"Yukon","60","65+","senior residences",50
2021,"Yukon","60","65+","mix of nursing home and senior residences",0
2021,"Yukon","60","65+","residential care facilities",0
2021,"Yukon","60","65+","correctional facilities",0
2021,"Yukon","60","65+","shelters",10
2021,"Yukon","60","65+","service collective",35
2021,"Yukon","60","65+","lodging and rooming houses",0
2021,"Yukon","60","65+","hotels, motels, and temporary accommodation",35
2021,"Yukon","60","65+","other service collective",5
2021,"Yukon","60","65+","religious establishments",0
2021,"Yukon","60","65+","hutterite colonies",0
2021,"Yukon","60","65+","other",10
2021,"Yukon","60","65 to 69","total",35
2021,"Yukon","60","65 to 69","health care and related",15
2021,"Yukon","60","65 to 69","hospitals",0
2021,"Yukon","60","65 to 69","nursing homes",10
2021,"Yukon","60","65 to 69","senior residences",0
2021,"Yukon","60","65 to 69","mix of nursing home and senior residences",0
2021,"Yukon","60","65 to 69","residential care facilities",0
2021,"Yukon","60","65 to 69","correctional facilities",0
2021,"Yukon","60","65 to 69","shelters",5
2021,"Yukon","60","65 to 69","service collective",20
2021,"Yukon","60","65 to 69","lodging and rooming houses",0
2021,"Yukon","60","65 to 69","hotels, motels, and temporary accommodation",15
2021,"Yukon","60","65 to 69","other service collective",5
2021,"Yukon","60","65 to 69","religious establishments",0
2021,"Yukon","60","65 to 69","hutterite colonies",0
2021,"Yukon","60","65 to 69","other",5
2021,"Yukon","60","70 to 74","total",40
2021,"Yukon","60","70 to 74","health care and related",30
2021,"Yukon","60","70 to 74","hospitals",0
2021,"Yukon","60","70 to 74","nursing homes",20
2021,"Yukon","60","70 to 74","senior residences",10
2021,"Yukon","60","70 to 74","mix of nursing home and senior residences",0
2021,"Yukon","60","70 to 74","residential care facilities",0
2021,"Yukon","60","70 to 74","correctional facilities",0
2021,"Yukon","60","70 to 74","shelters",0
2021,"Yukon","60","70 to 74","service collective",10
2021,"Yukon","60","70 to 74","lodging and rooming houses",0
2021,"Yukon","60","70 to 74","hotels, motels, and temporary accommodation",5
2021,"Yukon","60","70 to 74","other service collective",5
2021,"Yukon","60","70 to 74","religious establishments",0
2021,"Yukon","60","70 to 74","hutterite colonies",0
2021,"Yukon","60","70 to 74","other",0
2021,"Yukon","60","75 to 79","total",80
2021,"Yukon","60","75 to 79","health care and related",70
2021,"Yukon","60","75 to 79","hospitals",0
2021,"Yukon","60","75 to 79","nursing homes",45
2021,"Yukon","60","75 to 79","senior residences",25
2021,"Yukon","60","75 to 79","mix of nursing home and senior residences",0
2021,"Yukon","60","75 to 79","residential care facilities",0
2021,"Yukon","60","75 to 79","correctional facilities",0
2021,"Yukon","60","75 to 79","shelters",5
2021,"Yukon","60","75 to 79","service collective",5
2021,"Yukon","60","75 to 79","lodging and rooming houses",0
2021,"Yukon","60","75 to 79","hotels, motels, and temporary accommodation",5
2021,"Yukon","60","75 to 79","other service collective",0
2021,"Yukon","60","75 to 79","religious establishments",0
2021,"Yukon","60","75 to 79","hutterite colonies",0
2021,"Yukon","60","75 to 79","other",0
2021,"Yukon","60","80 to 84","total",45
2021,"Yukon","60","80 to 84","health care and related",45
2021,"Yukon","60","80 to 84","hospitals",0
2021,"Yukon","60","80 to 84","nursing homes",40
2021,"Yukon","60","80 to 84","senior residences",5
2021,"Yukon","60","80 to 84","mix of nursing home and senior residences",0
2021,"Yukon","60","80 to 84","residential care facilities",0
2021,"Yukon","60","80 to 84","correctional facilities",0
2021,"Yukon","60","80 to 84","shelters",0
2021,"Yukon","60","80 to 84","service collective",0
2021,"Yukon","60","80 to 84","lodging and rooming houses",0
2021,"Yukon","60","80 to 84","hotels, motels, and temporary accommodation",0
2021,"Yukon","60","80 to 84","other service collective",0
2021,"Yukon","60","80 to 84","religious establishments",0
2021,"Yukon","60","80 to 84","hutterite colonies",0
2021,"Yukon","60","80 to 84","other",0
2021,"Yukon","60","85+","total",95
2021,"Yukon","60","85+","health care and related",85
2021,"Yukon","60","85+","hospitals",0
2021,"Yukon","60","85+","nursing homes",80
2021,"Yukon","60","85+","senior residences",5
2021,"Yukon","60","85+","mix of nursing home and senior residences",0
2021,"Yukon","60","85+","residential care facilities",0
2021,"Yukon","60","85+","correctional facilities",0
2021,"Yukon","60","85+","shelters",0
2021,"Yukon","60","85+","service collective",5
2021,"Yukon","60","85+","lodging and rooming houses",0
2021,"Yukon","60","85+","hotels, motels, and temporary accommodation",5
2021,"Yukon","60","85+","other service collective",0
2021,"Yukon","60","85+","religious establishments",0
2021,"Yukon","60","85+","hutterite colonies",0
2021,"Yukon","60","85+","other",0
2021,"Northwest Territories","61","Total","total",675
2021,"Northwest Territories","61","Total","health care and related",315
2021,"Northwest Territories","61","Total","hospitals",20
2021,"Northwest Territories","61","Total","nursing homes",95
2021,"Northwest Territories","61","Total","senior residences",0
2021,"Northwest Territories","61","Total","mix of nursing home and senior residences",130
2021,"Northwest Territories","61","Total","residential care facilities",75
2021,"Northwest Territories","61","Total","correctional facilities",110
2021,"Northwest Territories","61","Total","shelters",100
2021,"Northwest Territories","61","Total","service collective",120
2021,"Northwest Territories","61","Total","lodging and rooming houses",0
2021,"Northwest Territories","61","Total","hotels, motels, and temporary accommodation",65
2021,"Northwest Territories","61","Total","other service collective",50
2021,"Northwest Territories","61","Total","religious establishments",10
2021,"Northwest Territories","61","Total","hutterite colonies",0
2021,"Northwest Territories","61","Total","other",20
2021,"Northwest Territories","61","0 to 14","total",10
2021,"Northwest Territories","61","0 to 14","health care and related",0
2021,"Northwest Territories","61","0 to 14","hospitals",0
2021,"Northwest Territories","61","0 to 14","nursing homes",0
2021,"Northwest Territories","61","0 to 14","senior residences",0
2021,"Northwest Territories","61","0 to 14","mix of nursing home and senior residences",0
2021,"Northwest Territories","61","0 to 14","residential care facilities",0
2021,"Northwest Territories","61","0 to 14","correctional facilities",5
2021,"Northwest Territories","61","0 to 14","shelters",0
2021,"Northwest Territories","61","0 to 14","service collective",5
2021,"Northwest Territories","61","0 to 14","lodging and rooming houses",0
2021,"Northwest Territories","61","0 to 14","hotels, motels, and temporary accommodation",5
2021,"Northwest Territories","61","0 to 14","other service collective",0
2021,"Northwest Territories","61","0 to 14","religious establishments",0
2021,"Northwest Territories","61","0 to 14","hutterite colonies",0
2021,"Northwest Territories","61","0 to 14","other",0
2021,"Northwest Territories","61","15 to 19","total",40
2021,"Northwest Territories","61","15 to 19","health care and related",0
2021,"Northwest Territories","61","15 to 19","hospitals",0
2021,"Northwest Territories","61","15 to 19","nursing homes",0
2021,"Northwest Territories","61","15 to 19","senior residences",0
2021,"Northwest Territories","61","15 to 19","mix of nursing home and senior residences",0
2021,"Northwest Territories","61","15 to 19","residential care facilities",0
2021,"Northwest Territories","61","15 to 19","correctional facilities",5
2021,"Northwest Territories","61","15 to 19","shelters",30
2021,"Northwest Territories","61","15 to 19","service collective",10
2021,"Northwest Territories","61","15 to 19","lodging and rooming houses",0
2021,"Northwest Territories","61","15 to 19","hotels, motels, and temporary accommodation",0
2021,"Northwest Territories","61","15 to 19","other service collective",10
2021,"Northwest Territories","61","15 to 19","religious establishments",0
2021,"Northwest Territories","61","15 to 19","hutterite colonies",0
2021,"Northwest Territories","61","15 to 19","other",0
2021,"Northwest Territories","61","15 to 17","total",25
2021,"Northwest Territories","61","15 to 17","health care and related",0
2021,"Northwest Territories","61","15 to 17","hospitals",0
2021,"Northwest Territories","61","15 to 17","nursing homes",0
2021,"Northwest Territories","61","15 to 17","senior residences",0
2021,"Northwest Territories","61","15 to 17","mix of nursing home and senior residences",0
2021,"Northwest Territories","61","15 to 17","residential care facilities",0
2021,"Northwest Territories","61","15 to 17","correctional facilities",0
2021,"Northwest Territories","61","15 to 17","shelters",15
2021,"Northwest Territories","61","15 to 17","service collective",5
2021,"Northwest Territories","61","15 to 17","lodging and rooming houses",0
2021,"Northwest Territories","61","15 to 17","hotels, motels, and temporary accommodation",0
2021,"Northwest Territories","61","15 to 17","other service collective",5
2021,"Northwest Territories","61","15 to 17","religious establishments",0
2021,"Northwest Territories","61","15 to 17","hutterite colonies",0
2021,"Northwest Territories","61","15 to 17","other",0
2021,"Northwest Territories","61","18 to 19","total",20
2021,"Northwest Territories","61","18 to 19","health care and related",0
2021,"Northwest Territories","61","18 to 19","hospitals",0
2021,"Northwest Territories","61","18 to 19","nursing homes",0
2021,"Northwest Territories","61","18 to 19","senior residences",0
2021,"Northwest Territories","61","18 to 19","mix of nursing home and senior residences",0
2021,"Northwest Territories","61","18 to 19","residential care facilities",0
2021,"Northwest Territories","61","18 to 19","correctional facilities",0
2021,"Northwest Territories","61","18 to 19","shelters",15
2021,"Northwest Territories","61","18 to 19","service collective",5
2021,"Northwest Territories","61","18 to 19","lodging and rooming houses",0
2021,"Northwest Territories","61","18 to 19","hotels, motels, and temporary accommodation",0
2021,"Northwest Territories","61","18 to 19","other service collective",5
2021,"Northwest Territories","61","18 to 19","religious establishments",0
2021,"Northwest Territories","61","18 to 19","hutterite colonies",0
2021,"Northwest Territories","61","18 to 19","other",0
2021,"Northwest Territories","61","20 to 24","total",55
2021,"Northwest Territories","61","20 to 24","health care and related",0
2021,"Northwest Territories","61","20 to 24","hospitals",0
2021,"Northwest Territories","61","20 to 24","nursing homes",0
2021,"Northwest Territories","61","20 to 24","senior residences",0
2021,"Northwest Territories","61","20 to 24","mix of nursing home and senior residences",0
2021,"Northwest Territories","61","20 to 24","residential care facilities",0
2021,"Northwest Territories","61","20 to 24","correctional facilities",15
2021,"Northwest Territories","61","20 to 24","shelters",30
2021,"Northwest Territories","61","20 to 24","service collective",10
2021,"Northwest Territories","61","20 to 24","lodging and rooming houses",0
2021,"Northwest Territories","61","20 to 24","hotels, motels, and temporary accommodation",0
2021,"Northwest Territories","61","20 to 24","other service collective",10
2021,"Northwest Territories","61","20 to 24","religious establishments",0
2021,"Northwest Territories","61","20 to 24","hutterite colonies",0
2021,"Northwest Territories","61","20 to 24","other",0
2021,"Northwest Territories","61","25 to 29","total",50
2021,"Northwest Territories","61","25 to 29","health care and related",15
2021,"Northwest Territories","61","25 to 29","hospitals",0
2021,"Northwest Territories","61","25 to 29","nursing homes",0
2021,"Northwest Territories","61","25 to 29","senior residences",0
2021,"Northwest Territories","61","25 to 29","mix of nursing home and senior residences",10
2021,"Northwest Territories","61","25 to 29","residential care facilities",0
2021,"Northwest Territories","61","25 to 29","correctional facilities",25
2021,"Northwest Territories","61","25 to 29","shelters",5
2021,"Northwest Territories","61","25 to 29","service collective",10
2021,"Northwest Territories","61","25 to 29","lodging and rooming houses",0
2021,"Northwest Territories","61","25 to 29","hotels, motels, and temporary accommodation",0
2021,"Northwest Territories","61","25 to 29","other service collective",10
2021,"Northwest Territories","61","25 to 29","religious establishments",0
2021,"Northwest Territories","61","25 to 29","hutterite colonies",0
2021,"Northwest Territories","61","25 to 29","other",0
2021,"Northwest Territories","61","30 to 34","total",35
2021,"Northwest Territories","61","30 to 34","health care and related",0
2021,"Northwest Territories","61","30 to 34","hospitals",0
2021,"Northwest Territories","61","30 to 34","nursing homes",0
2021,"Northwest Territories","61","30 to 34","senior residences",0
2021,"Northwest Territories","61","30 to 34","mix of nursing home and senior residences",0
2021,"Northwest Territories","61","30 to 34","residential care facilities",0
2021,"Northwest Territories","61","30 to 34","correctional facilities",15
2021,"Northwest Territories","61","30 to 34","shelters",0
2021,"Northwest Territories","61","30 to 34","service collective",10
2021,"Northwest Territories","61","30 to 34","lodging and rooming houses",0
2021,"Northwest Territories","61","30 to 34","hotels, motels, and temporary accommodation",5
2021,"Northwest Territories","61","30 to 34","other service collective",0
2021,"Northwest Territories","61","30 to 34","religious establishments",0
2021,"Northwest Territories","61","30 to 34","hutterite colonies",0
2021,"Northwest Territories","61","30 to 34","other",0
2021,"Northwest Territories","61","35 to 39","total",35
2021,"Northwest Territories","61","35 to 39","health care and related",5
2021,"Northwest Territories","61","35 to 39","hospitals",0
2021,"Northwest Territories","61","35 to 39","nursing homes",0
2021,"Northwest Territories","61","35 to 39","senior residences",0
2021,"Northwest Territories","61","35 to 39","mix of nursing home and senior residences",0
2021,"Northwest Territories","61","35 to 39","residential care facilities",5
2021,"Northwest Territories","61","35 to 39","correctional facilities",15
2021,"Northwest Territories","61","35 to 39","shelters",5
2021,"Northwest Territories","61","35 to 39","service collective",5
2021,"Northwest Territories","61","35 to 39","lodging and rooming houses",0
2021,"Northwest Territories","61","35 to 39","hotels, motels, and temporary accommodation",0
2021,"Northwest Territories","61","35 to 39","other service collective",5
2021,"Northwest Territories","61","35 to 39","religious establishments",0
2021,"Northwest Territories","61","35 to 39","hutterite colonies",0
2021,"Northwest Territories","61","35 to 39","other",5
2021,"Northwest Territories","61","40 to 44","total",40
2021,"Northwest Territories","61","40 to 44","health care and related",15
2021,"Northwest Territories","61","40 to 44","hospitals",0
2021,"Northwest Territories","61","40 to 44","nursing homes",0
2021,"Northwest Territories","61","40 to 44","senior residences",0
2021,"Northwest Territories","61","40 to 44","mix of nursing home and senior residences",0
2021,"Northwest Territories","61","40 to 44","residential care facilities",15
2021,"Northwest Territories","61","40 to 44","correctional facilities",15
2021,"Northwest Territories","61","40 to 44","shelters",5
2021,"Northwest Territories","61","40 to 44","service collective",0
2021,"Northwest Territories","61","40 to 44","lodging and rooming houses",0
2021,"Northwest Territories","61","40 to 44","hotels, motels, and temporary accommodation",0
2021,"Northwest Territories","61","40 to 44","other service collective",0
2021,"Northwest Territories","61","40 to 44","religious establishments",0
2021,"Northwest Territories","61","40 to 44","hutterite colonies",0
2021,"Northwest Territories","61","40 to 44","other",5
2021,"Northwest Territories","61","45 to 49","total",30
2021,"Northwest Territories","61","45 to 49","health care and related",20
2021,"Northwest Territories","61","45 to 49","hospitals",0
2021,"Northwest Territories","61","45 to 49","nursing homes",0
2021,"Northwest Territories","61","45 to 49","senior residences",0
2021,"Northwest Territories","61","45 to 49","mix of nursing home and senior residences",15
2021,"Northwest Territories","61","45 to 49","residential care facilities",5
2021,"Northwest Territories","61","45 to 49","correctional facilities",10
2021,"Northwest Territories","61","45 to 49","shelters",0
2021,"Northwest Territories","61","45 to 49","service collective",5
2021,"Northwest Territories","61","45 to 49","lodging and rooming houses",0
2021,"Northwest Territories","61","45 to 49","hotels, motels, and temporary accommodation",0
2021,"Northwest Territories","61","45 to 49","other service collective",0
2021,"Northwest Territories","61","45 to 49","religious establishments",0
2021,"Northwest Territories","61","45 to 49","hutterite colonies",0
2021,"Northwest Territories","61","45 to 49","other",5
2021,"Northwest Territories","61","50 to 54","total",50
2021,"Northwest Territories","61","50 to 54","health care and related",25
2021,"Northwest Territories","61","50 to 54","hospitals",0
2021,"Northwest Territories","61","50 to 54","nursing homes",0
2021,"Northwest Territories","61","50 to 54","senior residences",0
2021,"Northwest Territories","61","50 to 54","mix of nursing home and senior residences",0
2021,"Northwest Territories","61","50 to 54","residential care facilities",20
2021,"Northwest Territories","61","50 to 54","correctional facilities",5
2021,"Northwest Territories","61","50 to 54","shelters",5
2021,"Northwest Territories","61","50 to 54","service collective",15
2021,"Northwest Territories","61","50 to 54","lodging and rooming houses",0
2021,"Northwest Territories","61","50 to 54","hotels, motels, and temporary accommodation",10
2021,"Northwest Territories","61","50 to 54","other service collective",0
2021,"Northwest Territories","61","50 to 54","religious establishments",0
2021,"Northwest Territories","61","50 to 54","hutterite colonies",0
2021,"Northwest Territories","61","50 to 54","other",0
2021,"Northwest Territories","61","55 to 59","total",20
2021,"Northwest Territories","61","55 to 59","health care and related",5
2021,"Northwest Territories","61","55 to 59","hospitals",5
2021,"Northwest Territories","61","55 to 59","nursing homes",0
2021,"Northwest Territories","61","55 to 59","senior residences",0
2021,"Northwest Territories","61","55 to 59","mix of nursing home and senior residences",0
2021,"Northwest Territories","61","55 to 59","residential care facilities",5
2021,"Northwest Territories","61","55 to 59","correctional facilities",0
2021,"Northwest Territories","61","55 to 59","shelters",0
2021,"Northwest Territories","61","55 to 59","service collective",10
2021,"Northwest Territories","61","55 to 59","lodging and rooming houses",0
2021,"Northwest Territories","61","55 to 59","hotels, motels, and temporary accommodation",5
2021,"Northwest Territories","61","55 to 59","other service collective",0
2021,"Northwest Territories","61","55 to 59","religious establishments",0
2021,"Northwest Territories","61","55 to 59","hutterite colonies",0
2021,"Northwest Territories","61","55 to 59","other",0
2021,"Northwest Territories","61","60 to 64","total",45
2021,"Northwest Territories","61","60 to 64","health care and related",15
2021,"Northwest Territories","61","60 to 64","hospitals",0
2021,"Northwest Territories","61","60 to 64","nursing homes",5
2021,"Northwest Territories","61","60 to 64","senior residences",0
2021,"Northwest Territories","61","60 to 64","mix of nursing home and senior residences",0
2021,"Northwest Territories","61","60 to 64","residential care facilities",15
2021,"Northwest Territories","61","60 to 64","correctional facilities",0
2021,"Northwest Territories","61","60 to 64","shelters",10
2021,"Northwest Territories","61","60 to 64","service collective",10
2021,"Northwest Territories","61","60 to 64","lodging and rooming houses",0
2021,"Northwest Territories","61","60 to 64","hotels, motels, and temporary accommodation",10
2021,"Northwest Territories","61","60 to 64","other service collective",5
2021,"Northwest Territories","61","60 to 64","religious establishments",0
2021,"Northwest Territories","61","60 to 64","hutterite colonies",0
2021,"Northwest Territories","61","60 to 64","other",5
2021,"Northwest Territories","61","65+","total",255
2021,"Northwest Territories","61","65+","health care and related",215
2021,"Northwest Territories","61","65+","hospitals",10
2021,"Northwest Territories","61","65+","nursing homes",90
2021,"Northwest Territories","61","65+","senior residences",0
2021,"Northwest Territories","61","65+","mix of nursing home and senior residences",105
2021,"Northwest Territories","61","65+","residential care facilities",10
2021,"Northwest Territories","61","65+","correctional facilities",0
2021,"Northwest Territories","61","65+","shelters",5
2021,"Northwest Territories","61","65+","service collective",30
2021,"Northwest Territories","61","65+","lodging and rooming houses",0
2021,"Northwest Territories","61","65+","hotels, motels, and temporary accommodation",25
2021,"Northwest Territories","61","65+","other service collective",5
2021,"Northwest Territories","61","65+","religious establishments",0
2021,"Northwest Territories","61","65+","hutterite colonies",0
2021,"Northwest Territories","61","65+","other",0
2021,"Northwest Territories","61","65 to 69","total",30
2021,"Northwest Territories","61","65 to 69","health care and related",15
2021,"Northwest Territories","61","65 to 69","hospitals",0
2021,"Northwest Territories","61","65 to 69","nursing homes",5
2021,"Northwest Territories","61","65 to 69","senior residences",0
2021,"Northwest Territories","61","65 to 69","mix of nursing home and senior residences",0
2021,"Northwest Territories","61","65 to 69","residential care facilities",10
2021,"Northwest Territories","61","65 to 69","correctional facilities",0
2021,"Northwest Territories","61","65 to 69","shelters",5
2021,"Northwest Territories","61","65 to 69","service collective",15
2021,"Northwest Territories","61","65 to 69","lodging and rooming houses",0
2021,"Northwest Territories","61","65 to 69","hotels, motels, and temporary accommodation",15
2021,"Northwest Territories","61","65 to 69","other service collective",0
2021,"Northwest Territories","61","65 to 69","religious establishments",0
2021,"Northwest Territories","61","65 to 69","hutterite colonies",0
2021,"Northwest Territories","61","65 to 69","other",0
2021,"Northwest Territories","61","70 to 74","total",25
2021,"Northwest Territories","61","70 to 74","health care and related",15
2021,"Northwest Territories","61","70 to 74","hospitals",0
2021,"Northwest Territories","61","70 to 74","nursing homes",10
2021,"Northwest Territories","61","70 to 74","senior residences",0
2021,"Northwest Territories","61","70 to 74","mix of nursing home and senior residences",0
2021,"Northwest Territories","61","70 to 74","residential care facilities",0
2021,"Northwest Territories","61","70 to 74","correctional facilities",0
2021,"Northwest Territories","61","70 to 74","shelters",0
2021,"Northwest Territories","61","70 to 74","service collective",5
2021,"Northwest Territories","61","70 to 74","lodging and rooming houses",0
2021,"Northwest Territories","61","70 to 74","hotels, motels, and temporary accommodation",5
2021,"Northwest Territories","61","70 to 74","other service collective",5
2021,"Northwest Territories","61","70 to 74","religious establishments",0
2021,"Northwest Territories","61","70 to 74","hutterite colonies",0
2021,"Northwest Territories","61","70 to 74","other",0
2021,"Northwest Territories","61","75 to 79","total",50
2021,"Northwest Territories","61","75 to 79","health care and related",45
2021,"Northwest Territories","61","75 to 79","hospitals",5
2021,"Northwest Territories","61","75 to 79","nursing homes",10
2021,"Northwest Territories","61","75 to 79","senior residences",0
2021,"Northwest Territories","61","75 to 79","mix of nursing home and senior residences",25
2021,"Northwest Territories","61","75 to 79","residential care facilities",0
2021,"Northwest Territories","61","75 to 79","correctional facilities",0
2021,"Northwest Territories","61","75 to 79","shelters",0
2021,"Northwest Territories","61","75 to 79","service collective",0
2021,"Northwest Territories","61","75 to 79","lodging and rooming houses",0
2021,"Northwest Territories","61","75 to 79","hotels, motels, and temporary accommodation",0
2021,"Northwest Territories","61","75 to 79","other service collective",0
2021,"Northwest Territories","61","75 to 79","religious establishments",0
2021,"Northwest Territories","61","75 to 79","hutterite colonies",0
2021,"Northwest Territories","61","75 to 79","other",0
2021,"Northwest Territories","61","80 to 84","total",45
2021,"Northwest Territories","61","80 to 84","health care and related",40
2021,"Northwest Territories","61","80 to 84","hospitals",0
2021,"Northwest Territories","61","80 to 84","nursing homes",25
2021,"Northwest Territories","61","80 to 84","senior residences",0
2021,"Northwest Territories","61","80 to 84","mix of nursing home and senior residences",15
2021,"Northwest Territories","61","80 to 84","residential care facilities",0
2021,"Northwest Territories","61","80 to 84","correctional facilities",0
2021,"Northwest Territories","61","80 to 84","shelters",0
2021,"Northwest Territories","61","80 to 84","service collective",5
2021,"Northwest Territories","61","80 to 84","lodging and rooming houses",0
2021,"Northwest Territories","61","80 to 84","hotels, motels, and temporary accommodation",5
2021,"Northwest Territories","61","80 to 84","other service collective",0
2021,"Northwest Territories","61","80 to 84","religious establishments",0
2021,"Northwest Territories","61","80 to 84","hutterite colonies",0
2021,"Northwest Territories","61","80 to 84","other",0
2021,"Northwest Territories","61","85+","total",100
2021,"Northwest Territories","61","85+","health care and related",100
2021,"Northwest Territories","61","85+","hospitals",5
2021,"Northwest Territories","61","85+","nursing homes",35
2021,"Northwest Territories","61","85+","senior residences",0
2021,"Northwest Territories","61","85+","mix of nursing home and senior residences",55
2021,"Northwest Territories","61","85+","residential care facilities",0
2021,"Northwest Territories","61","85+","correctional facilities",0
2021,"Northwest Territories","61","85+","shelters",0
2021,"Northwest Territories","61","85+","service collective",5
2021,"Northwest Territories","61","85+","lodging and rooming houses",0
2021,"Northwest Territories","61","85+","hotels, motels, and temporary accommodation",5
2021,"Northwest Territories","61","85+","other service collective",5
2021,"Northwest Territories","61","85+","religious establishments",0
2021,"Northwest Territories","61","85+","hutterite colonies",0
2021,"Northwest Territories","61","85+","other",0
2021,"Nunavut","62","Total","total",255
2021,"Nunavut","62","Total","health care and related",45
2021,"Nunavut","62","Total","hospitals",0
2021,"Nunavut","62","Total","nursing homes",15
2021,"Nunavut","62","Total","senior residences",0
2021,"Nunavut","62","Total","mix of nursing home and senior residences",5
2021,"Nunavut","62","Total","residential care facilities",15
2021,"Nunavut","62","Total","correctional facilities",90
2021,"Nunavut","62","Total","shelters",80
2021,"Nunavut","62","Total","service collective",40
2021,"Nunavut","62","Total","lodging and rooming houses",5
2021,"Nunavut","62","Total","hotels, motels, and temporary accommodation",25
2021,"Nunavut","62","Total","other service collective",0
2021,"Nunavut","62","Total","religious establishments",0
2021,"Nunavut","62","Total","hutterite colonies",0
2021,"Nunavut","62","Total","other",0
2021,"Nunavut","62","0 to 14","total",15
2021,"Nunavut","62","0 to 14","health care and related",5
2021,"Nunavut","62","0 to 14","hospitals",0
2021,"Nunavut","62","0 to 14","nursing homes",0
2021,"Nunavut","62","0 to 14","senior residences",0
2021,"Nunavut","62","0 to 14","mix of nursing home and senior residences",0
2021,"Nunavut","62","0 to 14","residential care facilities",5
2021,"Nunavut","62","0 to 14","correctional facilities",0
2021,"Nunavut","62","0 to 14","shelters",10
2021,"Nunavut","62","0 to 14","service collective",0
2021,"Nunavut","62","0 to 14","lodging and rooming houses",0
2021,"Nunavut","62","0 to 14","hotels, motels, and temporary accommodation",0
2021,"Nunavut","62","0 to 14","other service collective",0
2021,"Nunavut","62","0 to 14","religious establishments",0
2021,"Nunavut","62","0 to 14","hutterite colonies",0
2021,"Nunavut","62","0 to 14","other",0
2021,"Nunavut","62","15 to 19","total",10
2021,"Nunavut","62","15 to 19","health care and related",0
2021,"Nunavut","62","15 to 19","hospitals",0
2021,"Nunavut","62","15 to 19","nursing homes",0
2021,"Nunavut","62","15 to 19","senior residences",0
2021,"Nunavut","62","15 to 19","mix of nursing home and senior residences",0
2021,"Nunavut","62","15 to 19","residential care facilities",0
2021,"Nunavut","62","15 to 19","correctional facilities",0
2021,"Nunavut","62","15 to 19","shelters",0
2021,"Nunavut","62","15 to 19","service collective",5
2021,"Nunavut","62","15 to 19","lodging and rooming houses",0
2021,"Nunavut","62","15 to 19","hotels, motels, and temporary accommodation",0
2021,"Nunavut","62","15 to 19","other service collective",0
2021,"Nunavut","62","15 to 19","religious establishments",0
2021,"Nunavut","62","15 to 19","hutterite colonies",0
2021,"Nunavut","62","15 to 19","other",0
2021,"Nunavut","62","15 to 17","total",5
2021,"Nunavut","62","15 to 17","health care and related",0
2021,"Nunavut","62","15 to 17","hospitals",0
2021,"Nunavut","62","15 to 17","nursing homes",0
2021,"Nunavut","62","15 to 17","senior residences",0
2021,"Nunavut","62","15 to 17","mix of nursing home and senior residences",0
2021,"Nunavut","62","15 to 17","residential care facilities",0
2021,"Nunavut","62","15 to 17","correctional facilities",0
2021,"Nunavut","62","15 to 17","shelters",0
2021,"Nunavut","62","15 to 17","service collective",5
2021,"Nunavut","62","15 to 17","lodging and rooming houses",0
2021,"Nunavut","62","15 to 17","hotels, motels, and temporary accommodation",0
2021,"Nunavut","62","15 to 17","other service collective",0
2021,"Nunavut","62","15 to 17","religious establishments",0
2021,"Nunavut","62","15 to 17","hutterite colonies",0
2021,"Nunavut","62","15 to 17","other",0
2021,"Nunavut","62","18 to 19","total",10
2021,"Nunavut","62","18 to 19","health care and related",5
2021,"Nunavut","62","18 to 19","hospitals",0
2021,"Nunavut","62","18 to 19","nursing homes",0
2021,"Nunavut","62","18 to 19","senior residences",0
2021,"Nunavut","62","18 to 19","mix of nursing home and senior residences",0
2021,"Nunavut","62","18 to 19","residential care facilities",5
2021,"Nunavut","62","18 to 19","correctional facilities",0
2021,"Nunavut","62","18 to 19","shelters",0
2021,"Nunavut","62","18 to 19","service collective",0
2021,"Nunavut","62","18 to 19","lodging and rooming houses",0
2021,"Nunavut","62","18 to 19","hotels, motels, and temporary accommodation",0
2021,"Nunavut","62","18 to 19","other service collective",0
2021,"Nunavut","62","18 to 19","religious establishments",0
2021,"Nunavut","62","18 to 19","hutterite colonies",0
2021,"Nunavut","62","18 to 19","other",0
2021,"Nunavut","62","20 to 24","total",25
2021,"Nunavut","62","20 to 24","health care and related",0
2021,"Nunavut","62","20 to 24","hospitals",0
2021,"Nunavut","62","20 to 24","nursing homes",0
2021,"Nunavut","62","20 to 24","senior residences",0
2021,"Nunavut","62","20 to 24","mix of nursing home and senior residences",0
2021,"Nunavut","62","20 to 24","residential care facilities",0
2021,"Nunavut","62","20 to 24","correctional facilities",10
2021,"Nunavut","62","20 to 24","shelters",15
2021,"Nunavut","62","20 to 24","service collective",0
2021,"Nunavut","62","20 to 24","lodging and rooming houses",0
2021,"Nunavut","62","20 to 24","hotels, motels, and temporary accommodation",0
2021,"Nunavut","62","20 to 24","other service collective",0
2021,"Nunavut","62","20 to 24","religious establishments",0
2021,"Nunavut","62","20 to 24","hutterite colonies",0
2021,"Nunavut","62","20 to 24","other",0
2021,"Nunavut","62","25 to 29","total",35
2021,"Nunavut","62","25 to 29","health care and related",5
2021,"Nunavut","62","25 to 29","hospitals",0
2021,"Nunavut","62","25 to 29","nursing homes",0
2021,"Nunavut","62","25 to 29","senior residences",0
2021,"Nunavut","62","25 to 29","mix of nursing home and senior residences",0
2021,"Nunavut","62","25 to 29","residential care facilities",0
2021,"Nunavut","62","25 to 29","correctional facilities",15
2021,"Nunavut","62","25 to 29","shelters",15
2021,"Nunavut","62","25 to 29","service collective",0
2021,"Nunavut","62","25 to 29","lodging and rooming houses",0
2021,"Nunavut","62","25 to 29","hotels, motels, and temporary accommodation",0
2021,"Nunavut","62","25 to 29","other service collective",0
2021,"Nunavut","62","25 to 29","religious establishments",0
2021,"Nunavut","62","25 to 29","hutterite colonies",0
2021,"Nunavut","62","25 to 29","other",0
2021,"Nunavut","62","30 to 34","total",30
2021,"Nunavut","62","30 to 34","health care and related",0
2021,"Nunavut","62","30 to 34","hospitals",0
2021,"Nunavut","62","30 to 34","nursing homes",0
2021,"Nunavut","62","30 to 34","senior residences",0
2021,"Nunavut","62","30 to 34","mix of nursing home and senior residences",0
2021,"Nunavut","62","30 to 34","residential care facilities",0
2021,"Nunavut","62","30 to 34","correctional facilities",20
2021,"Nunavut","62","30 to 34","shelters",5
2021,"Nunavut","62","30 to 34","service collective",5
2021,"Nunavut","62","30 to 34","lodging and rooming houses",0
2021,"Nunavut","62","30 to 34","hotels, motels, and temporary accommodation",5
2021,"Nunavut","62","30 to 34","other service collective",0
2021,"Nunavut","62","30 to 34","religious establishments",0
2021,"Nunavut","62","30 to 34","hutterite colonies",0
2021,"Nunavut","62","30 to 34","other",0
2021,"Nunavut","62","35 to 39","total",35
2021,"Nunavut","62","35 to 39","health care and related",5
2021,"Nunavut","62","35 to 39","hospitals",0
2021,"Nunavut","62","35 to 39","nursing homes",0
2021,"Nunavut","62","35 to 39","senior residences",0
2021,"Nunavut","62","35 to 39","mix of nursing home and senior residences",0
2021,"Nunavut","62","35 to 39","residential care facilities",5
2021,"Nunavut","62","35 to 39","correctional facilities",20
2021,"Nunavut","62","35 to 39","shelters",5
2021,"Nunavut","62","35 to 39","service collective",5
2021,"Nunavut","62","35 to 39","lodging and rooming houses",0
2021,"Nunavut","62","35 to 39","hotels, motels, and temporary accommodation",0
2021,"Nunavut","62","35 to 39","other service collective",0
2021,"Nunavut","62","35 to 39","religious establishments",0
2021,"Nunavut","62","35 to 39","hutterite colonies",0
2021,"Nunavut","62","35 to 39","other",0
2021,"Nunavut","62","40 to 44","total",15
2021,"Nunavut","62","40 to 44","health care and related",0
2021,"Nunavut","62","40 to 44","hospitals",0
2021,"Nunavut","62","40 to 44","nursing homes",0
2021,"Nunavut","62","40 to 44","senior residences",0
2021,"Nunavut","62","40 to 44","mix of nursing home and senior residences",0
2021,"Nunavut","62","40 to 44","residential care facilities",0
2021,"Nunavut","62","40 to 44","correctional facilities",5
2021,"Nunavut","62","40 to 44","shelters",5
2021,"Nunavut","62","40 to 44","service collective",0
2021,"Nunavut","62","40 to 44","lodging and rooming houses",0
2021,"Nunavut","62","40 to 44","hotels, motels, and temporary accommodation",0
2021,"Nunavut","62","40 to 44","other service collective",0
2021,"Nunavut","62","40 to 44","religious establishments",0
2021,"Nunavut","62","40 to 44","hutterite colonies",0
2021,"Nunavut","62","40 to 44","other",0
2021,"Nunavut","62","45 to 49","total",20
2021,"Nunavut","62","45 to 49","health care and related",5
2021,"Nunavut","62","45 to 49","hospitals",0
2021,"Nunavut","62","45 to 49","nursing homes",5
2021,"Nunavut","62","45 to 49","senior residences",0
2021,"Nunavut","62","45 to 49","mix of nursing home and senior residences",0
2021,"Nunavut","62","45 to 49","residential care facilities",0
2021,"Nunavut","62","45 to 49","correctional facilities",10
2021,"Nunavut","62","45 to 49","shelters",5
2021,"Nunavut","62","45 to 49","service collective",0
2021,"Nunavut","62","45 to 49","lodging and rooming houses",0
2021,"Nunavut","62","45 to 49","hotels, motels, and temporary accommodation",0
2021,"Nunavut","62","45 to 49","other service collective",0
2021,"Nunavut","62","45 to 49","religious establishments",0
2021,"Nunavut","62","45 to 49","hutterite colonies",0
2021,"Nunavut","62","45 to 49","other",0
2021,"Nunavut","62","50 to 54","total",10
2021,"Nunavut","62","50 to 54","health care and related",0
2021,"Nunavut","62","50 to 54","hospitals",0
2021,"Nunavut","62","50 to 54","nursing homes",0
2021,"Nunavut","62","50 to 54","senior residences",0
2021,"Nunavut","62","50 to 54","mix of nursing home and senior residences",0
2021,"Nunavut","62","50 to 54","residential care facilities",0
2021,"Nunavut","62","50 to 54","correctional facilities",0
2021,"Nunavut","62","50 to 54","shelters",5
2021,"Nunavut","62","50 to 54","service collective",0
2021,"Nunavut","62","50 to 54","lodging and rooming houses",0
2021,"Nunavut","62","50 to 54","hotels, motels, and temporary accommodation",0
2021,"Nunavut","62","50 to 54","other service collective",0
2021,"Nunavut","62","50 to 54","religious establishments",0
2021,"Nunavut","62","50 to 54","hutterite colonies",0
2021,"Nunavut","62","50 to 54","other",0
2021,"Nunavut","62","55 to 59","total",15
2021,"Nunavut","62","55 to 59","health care and related",5
2021,"Nunavut","62","55 to 59","hospitals",0
2021,"Nunavut","62","55 to 59","nursing homes",0
2021,"Nunavut","62","55 to 59","senior residences",0
2021,"Nunavut","62","55 to 59","mix of nursing home and senior residences",0
2021,"Nunavut","62","55 to 59","residential care facilities",0
2021,"Nunavut","62","55 to 59","correctional facilities",0
2021,"Nunavut","62","55 to 59","shelters",5
2021,"Nunavut","62","55 to 59","service collective",5
2021,"Nunavut","62","55 to 59","lodging and rooming houses",0
2021,"Nunavut","62","55 to 59","hotels, motels, and temporary accommodation",5
2021,"Nunavut","62","55 to 59","other service collective",0
2021,"Nunavut","62","55 to 59","religious establishments",0
2021,"Nunavut","62","55 to 59","hutterite colonies",0
2021,"Nunavut","62","55 to 59","other",0
2021,"Nunavut","62","60 to 64","total",20
2021,"Nunavut","62","60 to 64","health care and related",5
2021,"Nunavut","62","60 to 64","hospitals",0
2021,"Nunavut","62","60 to 64","nursing homes",5
2021,"Nunavut","62","60 to 64","senior residences",0
2021,"Nunavut","62","60 to 64","mix of nursing home and senior residences",0
2021,"Nunavut","62","60 to 64","residential care facilities",0
2021,"Nunavut","62","60 to 64","correctional facilities",0
2021,"Nunavut","62","60 to 64","shelters",5
2021,"Nunavut","62","60 to 64","service collective",5
2021,"Nunavut","62","60 to 64","lodging and rooming houses",0
2021,"Nunavut","62","60 to 64","hotels, motels, and temporary accommodation",0
2021,"Nunavut","62","60 to 64","other service collective",0
2021,"Nunavut","62","60 to 64","religious establishments",0
2021,"Nunavut","62","60 to 64","hutterite colonies",0
2021,"Nunavut","62","60 to 64","other",0
2021,"Nunavut","62","65+","total",35
2021,"Nunavut","62","65+","health care and related",10
2021,"Nunavut","62","65+","hospitals",0
2021,"Nunavut","62","65+","nursing homes",10
2021,"Nunavut","62","65+","senior residences",0
2021,"Nunavut","62","65+","mix of nursing home and senior residences",5
2021,"Nunavut","62","65+","residential care facilities",0
2021,"Nunavut","62","65+","correctional facilities",0
2021,"Nunavut","62","65+","shelters",10
2021,"Nunavut","62","65+","service collective",10
2021,"Nunavut","62","65+","lodging and rooming houses",5
2021,"Nunavut","62","65+","hotels, motels, and temporary accommodation",10
2021,"Nunavut","62","65+","other service collective",0
2021,"Nunavut","62","65+","religious establishments",0
2021,"Nunavut","62","65+","hutterite colonies",0
2021,"Nunavut","62","65+","other",0
2021,"Nunavut","62","65 to 69","total",10
2021,"Nunavut","62","65 to 69","health care and related",0
2021,"Nunavut","62","65 to 69","hospitals",0
2021,"Nunavut","62","65 to 69","nursing homes",0
2021,"Nunavut","62","65 to 69","senior residences",0
2021,"Nunavut","62","65 to 69","mix of nursing home and senior residences",0
2021,"Nunavut","62","65 to 69","residential care facilities",0
2021,"Nunavut","62","65 to 69","correctional facilities",0
2021,"Nunavut","62","65 to 69","shelters",0
2021,"Nunavut","62","65 to 69","service collective",5
2021,"Nunavut","62","65 to 69","lodging and rooming houses",5
2021,"Nunavut","62","65 to 69","hotels, motels, and temporary accommodation",5
2021,"Nunavut","62","65 to 69","other service collective",0
2021,"Nunavut","62","65 to 69","religious establishments",0
2021,"Nunavut","62","65 to 69","hutterite colonies",0
2021,"Nunavut","62","65 to 69","other",0
2021,"Nunavut","62","70 to 74","total",5
2021,"Nunavut","62","70 to 74","health care and related",0
2021,"Nunavut","62","70 to 74","hospitals",0
2021,"Nunavut","62","70 to 74","nursing homes",0
2021,"Nunavut","62","70 to 74","senior residences",0
2021,"Nunavut","62","70 to 74","mix of nursing home and senior residences",0
2021,"Nunavut","62","70 to 74","residential care facilities",0
2021,"Nunavut","62","70 to 74","correctional facilities",0
2021,"Nunavut","62","70 to 74","shelters",5
2021,"Nunavut","62","70 to 74","service collective",0
2021,"Nunavut","62","70 to 74","lodging and rooming houses",0
2021,"Nunavut","62","70 to 74","hotels, motels, and temporary accommodation",0
2021,"Nunavut","62","70 to 74","other service collective",0
2021,"Nunavut","62","70 to 74","religious establishments",0
2021,"Nunavut","62","70 to 74","hutterite colonies",0
2021,"Nunavut","62","70 to 74","other",0
2021,"Nunavut","62","75 to 79","total",10
2021,"Nunavut","62","75 to 79","health care and related",5
2021,"Nunavut","62","75 to 79","hospitals",0
2021,"Nunavut","62","75 to 79","nursing homes",5
2021,"Nunavut","62","75 to 79","senior residences",0
2021,"Nunavut","62","75 to 79","mix of nursing home and senior residences",0
2021,"Nunavut","62","75 to 79","residential care facilities",0
2021,"Nunavut","62","75 to 79","correctional facilities",0
2021,"Nunavut","62","75 to 79","shelters",5
2021,"Nunavut","62","75 to 79","service collective",0
2021,"Nunavut","62","75 to 79","lodging and rooming houses",0
2021,"Nunavut","62","75 to 79","hotels, motels, and temporary accommodation",0
2021,"Nunavut","62","75 to 79","other service collective",0
2021,"Nunavut","62","75 to 79","religious establishments",0
2021,"Nunavut","62","75 to 79","hutterite colonies",0
2021,"Nunavut","62","75 to 79","other",0
2021,"Nunavut","62","80 to 84","total",5
2021,"Nunavut","62","80 to 84","health care and related",0
2021,"Nunavut","62","80 to 84","hospitals",0
2021,"Nunavut","62","80 to 84","nursing homes",0
2021,"Nunavut","62","80 to 84","senior residences",0
2021,"Nunavut","62","80 to 84","mix of nursing home and senior residences",0
2021,"Nunavut","62","80 to 84","residential care facilities",0
2021,"Nunavut","62","80 to 84","correctional facilities",0
2021,"Nunavut","62","80 to 84","shelters",0
2021,"Nunavut","62","80 to 84","service collective",5
2021,"Nunavut","62","80 to 84","lodging and rooming houses",0
2021,"Nunavut","62","80 to 84","hotels, motels, and temporary accommodation",5
2021,"Nunavut","62","80 to 84","other service collective",0
2021,"Nunavut","62","80 to 84","religious establishments",0
2021,"Nunavut","62","80 to 84","hutterite colonies",0
2021,"Nunavut","62","80 to 84","other",0
2021,"Nunavut","62","85+","total",10
2021,"Nunavut","62","85+","health care and related",10
2021,"Nunavut","62","85+","hospitals",0
2021,"Nunavut","62","85+","nursing homes",0
2021,"Nunavut","62","85+","senior residences",0
2021,"Nunavut","62","85+","mix of nursing home and senior residences",5
2021,"Nunavut","62","85+","residential care facilities",0
2021,"Nunavut","62","85+","correctional facilities",0
2021,"Nunavut","62","85+","shelters",0
2021,"Nunavut","62","85+","service collective",0
2021,"Nunavut","62","85+","lodging and rooming houses",0
2021,"Nunavut","62","85+","hotels, motels, and temporary accommodation",0
2021,"Nunavut","62","85+","other service collective",0
2021,"Nunavut","62","85+","religious establishments",0
2021,"Nunavut","62","85+","hutterite colonies",0
2021,"Nunavut","62","85+","other",0
