"geo","dguid","2001","2002","2003","2004","2005","2006","2007","2008","2009","2010","2011","2012","2013","2014","2015","2016","2017","2018","2019","2020","2021","2022","2023","2024","2025"
"St. John's (CY), Newfoundland and Labrador",1001519,101384,101554,101833,102438,102200,102366,103090,104465,106080,108040,109181,109877,110259,110605,111243,111807,112121,112520,113692,114353,114601,117066,121719,126751,128693
"Conception Bay South (T), Newfoundland and Labrador",1001485,20239,20636,21073,21592,21975,22335,22692,23222,23957,24785,25550,25725,26063,26421,26641,26888,27259,27497,27654,27891,28087,28419,29078,29543,29725
"Paradise (T), Newfoundland and Labrador",1001517,9855,10414,11017,11650,12269,12922,13840,14824,16032,17191,18382,19381,20139,21005,21491,22080,22518,22849,23125,23491,23772,24281,24894,25510,26155
"Mount Pearl (CY), Newfoundland and Labrador",1001542,25552,25459,25402,25420,25187,24981,24904,24917,24930,24923,24852,24584,24367,23967,23724,23644,23724,23530,23501,23545,23182,23545,23723,24233,24266
"Corner Brook (CY), Newfoundland and Labrador",1005018,20474,20368,20348,20382,20414,20272,20275,20155,20131,20174,20271,20229,20277,20265,20109,20148,20102,19932,20123,19978,19936,20040,19943,20259,20549
"Grand Falls-Windsor (T), Newfoundland and Labrador",1006017,13580,13645,13735,13733,13697,13691,13542,13672,13837,13857,13955,14124,14078,14334,14328,14393,14375,14389,14290,14252,14287,14354,14447,14415,14510
"Gander (T), Newfoundland and Labrador",1006009,9837,9923,10044,10061,10044,10088,10282,10563,10707,11017,11309,11521,11594,11679,11803,11932,12046,12123,12091,12197,12242,12249,12422,12645,12707
"Portugal Cove-St. Philip's (T), Newfoundland and Labrador",1001504,5968,6094,6240,6402,6533,6674,6863,7024,7228,7364,7569,7732,7805,8039,8220,8339,8408,8472,8507,8543,8696,8739,8987,9145,9167
"Happy Valley-Goose Bay (T), Newfoundland and Labrador",1010025,8105,7977,7889,7780,7763,7632,7554,7537,7599,7676,7723,7892,7869,7962,8172,8299,8359,8310,8384,8311,8346,8244,8111,8185,8197
"Torbay (T), Newfoundland and Labrador",1001509,5587,5728,5893,6086,6237,6418,6554,6791,7049,7340,7621,7724,7913,8061,8025,8092,8151,8177,8138,8153,8068,8157,8256,8369,8297
"Labrador City (T), Newfoundland and Labrador",1010032,7872,7731,7613,7527,7469,7353,7428,7622,7590,7480,7585,7697,7758,7751,7492,7377,7356,7313,7336,7529,7686,7734,7806,7954,7965
"Clarenville (T), Newfoundland and Labrador",1007013,5240,5278,5311,5370,5336,5319,5432,5636,5824,5952,6149,6153,6212,6224,6342,6391,6413,6427,6447,6765,6939,6995,7121,7312,7441
"Stephenville (T), Newfoundland and Labrador",1004019,7237,7156,7034,6933,6778,6609,6647,6646,6684,6792,6826,6810,6811,6778,6711,6706,6673,6660,6655,6665,6771,6748,6736,6809,6840
"Bay Roberts (T), Newfoundland and Labrador",1001409,5323,5349,5379,5434,5450,5502,5540,5646,5723,5943,5932,5921,5956,6008,6068,6127,6141,6168,6114,6101,6153,6221,6274,6365,6407
"Marystown (T), Newfoundland and Labrador",1002024,6041,5942,5853,5728,5629,5447,5339,5358,5513,5607,5599,5545,5520,5516,5435,5389,5416,5360,5335,5285,5394,5317,5259,5301,5196
"Deer Lake (T), Newfoundland and Labrador",1005004,4842,4820,4828,4850,4875,4859,4871,4860,4910,4960,5095,5130,5158,5211,5295,5339,5313,5253,5148,5038,5012,5041,5085,5209,5319
"Carbonear (T), Newfoundland and Labrador",1001370,4833,4818,4799,4810,4784,4770,4768,4824,4914,4801,4827,4853,4925,5019,4960,4938,4992,4982,4879,4865,4815,4833,4929,5000,5041
"Channel-Port aux Basques (T), Newfoundland and Labrador",1003034,4727,4671,4601,4517,4427,4291,4149,4196,4172,4201,4224,4197,4085,4132,4097,4072,3940,3901,3801,3694,3660,3590,3522,3473,3379
"Pasadena (T), Newfoundland and Labrador",1005012,3165,3162,3165,3192,3212,3218,3243,3202,3294,3346,3407,3461,3538,3615,3640,3670,3785,3686,3613,3578,3624,3718,3788,3909,3930
"Lewisporte (T), Newfoundland and Labrador",1008044,3388,3384,3382,3357,3336,3334,3352,3392,3488,3509,3504,3528,3506,3517,3486,3412,3470,3430,3390,3410,3416,3402,3285,3339,3405
"Placentia (T), Newfoundland and Labrador",1001240,4482,4373,4258,4153,4018,3915,3857,3768,3744,3760,3694,3650,3652,3655,3618,3535,3565,3534,3440,3394,3375,3365,3357,3404,3374
"Bonavista (T), Newfoundland and Labrador",1007023,4084,4029,3985,3922,3857,3807,3712,3681,3688,3673,3648,3618,3564,3536,3518,3516,3491,3442,3415,3315,3274,3283,3289,3289,3293
"Bishop's Falls (T), Newfoundland and Labrador",1006019,3735,3693,3648,3580,3496,3417,3402,3417,3402,3404,3380,3363,3295,3263,3198,3205,3195,3153,3126,3152,3172,3192,3193,3160,3162
"Springdale (T), Newfoundland and Labrador",1008061,3069,3023,2986,2917,2846,2776,2754,2791,2909,2958,2951,3000,3010,2990,2977,3018,2959,2894,2979,2999,2974,2931,2969,2945,2893
"Division No.  1, Subd. E (SNO), Newfoundland and Labrador",1001304,3056,3051,3051,3057,3043,3030,2909,2914,2941,3022,3018,3043,3038,3031,2994,2994,2988,2974,2951,2909,2913,2963,2991,3002,2978
"Harbour Grace (T), Newfoundland and Labrador",1001379,3431,3358,3282,3232,3153,3107,3101,3120,3151,3187,3191,3186,3171,3177,3100,3034,3027,2925,2926,2897,2871,2904,2926,2901,2872
"Botwood (T), Newfoundland and Labrador",1006022,3268,3227,3193,3148,3102,3060,3094,3065,3009,3068,3034,3049,3059,3003,2948,2906,2946,2876,2885,2841,2852,2863,2875,2891,2884
"Division No.  8, Subd. L (SNO), Newfoundland and Labrador",1008008,3535,3498,3471,3407,3351,3269,3291,3273,3300,3225,3167,3166,3183,3103,3117,3108,3070,3034,2987,2904,2845,2845,2791,2760,2724
"Spaniard's Bay (T), Newfoundland and Labrador",1001396,2738,2714,2686,2663,2610,2571,2566,2584,2616,2656,2683,2563,2553,2615,2650,2716,2698,2710,2756,2747,2712,2619,2674,2716,2664
"Division No.  7, Subd. E (SNO), Newfoundland and Labrador",1007031,2871,2863,2866,2851,2816,2781,2738,2789,2748,2713,2753,2746,2761,2751,2692,2689,2714,2708,2677,2647,2640,2649,2655,2650,2632
"Holyrood (T), Newfoundland and Labrador",1001472,1940,1956,1973,1994,2007,2027,2054,2026,2037,2049,2034,2132,2191,2280,2478,2499,2548,2644,2595,2538,2533,2659,2699,2794,2749
"Logy Bay-Middle Cove-Outer Cove (T), Newfoundland and Labrador",1001511,1914,1930,1953,1984,1992,2004,2032,2060,2091,2117,2146,2120,2168,2135,2191,2283,2314,2345,2367,2392,2435,2456,2537,2606,2601
"Division No.  9, Subd. C (SNO), Newfoundland and Labrador",1009021,3372,3319,3244,3153,3098,2989,2904,2853,2872,2863,2747,2683,2667,2619,2566,2537,2485,2440,2359,2289,2292,2257,2239,2167,2137
"Burin (T), Newfoundland and Labrador",1002005,2730,2684,2652,2599,2563,2506,2485,2521,2527,2548,2440,2458,2369,2315,2346,2355,2304,2294,2298,2284,2286,2286,2302,2265,2249
"St. Anthony (T), Newfoundland and Labrador",1009029,2751,2712,2648,2615,2543,2476,2492,2490,2458,2502,2440,2453,2382,2302,2312,2296,2261,2241,2228,2224,2262,2189,2160,2180,2203
"Grand Bank (T), Newfoundland and Labrador",1002019,2856,2807,2759,2697,2656,2585,2532,2478,2483,2454,2422,2397,2349,2372,2336,2327,2321,2302,2265,2270,2190,2187,2146,2104,2082
"Fogo Island (T), Newfoundland and Labrador",1008099,3047,2970,2925,2865,2795,2725,2542,2448,2488,2445,2419,2371,2342,2315,2301,2253,2210,2186,2165,2166,2162,2089,2089,2049,1979
"Twillingate (T), Newfoundland and Labrador",1008035,2626,2604,2585,2546,2497,2448,2433,2359,2341,2326,2284,2274,2267,2216,2232,2208,2178,2175,2166,2155,2161,2137,2095,2063,2044
"Pouch Cove (T), Newfoundland and Labrador",1001505,1704,1724,1734,1759,1773,1779,1756,1810,1834,1849,1923,1953,1970,2057,2070,2121,2090,2116,2123,2093,2133,2156,2175,2216,2270
"New-Wes-Valley (T), Newfoundland and Labrador",1007060,2842,2773,2740,2659,2578,2489,2403,2368,2396,2330,2275,2256,2205,2224,2197,2187,2200,2193,2181,2160,2087,2079,2036,2007,2011
"Wabush (T), Newfoundland and Labrador",1010034,1914,1873,1836,1817,1815,1765,1812,1790,1833,1867,1916,1956,2001,2035,1974,1938,1924,1980,2002,2045,2023,2075,2086,2077,2105
"Glovertown (T), Newfoundland and Labrador",1007044,2190,2180,2160,2128,2097,2076,2081,2073,2112,2131,2144,2133,2091,2079,2115,2105,2093,2079,2074,2011,1998,2040,2002,2029,2014
"Division No.  7, Subd. M (SNO), Newfoundland and Labrador",1007001,2393,2342,2291,2244,2192,2144,2071,2059,2092,2094,2077,2053,1991,1973,1991,1986,1944,1965,1943,1938,1889,1937,1900,1898,1878
"Kippens (T), Newfoundland and Labrador",1004020,1816,1815,1806,1800,1774,1743,1782,1787,1824,1859,1837,1920,1913,1930,1977,2039,2035,1968,1928,1928,1876,1899,1893,1889,1927
"Gambo (T), Newfoundland and Labrador",1007047,2114,2116,2113,2106,2094,2076,2056,2022,2028,2025,2010,2003,1994,1991,2005,2002,1994,1963,1936,1874,1864,1865,1860,1858,1859
"Wabana (T), Newfoundland and Labrador",1001494,2714,2649,2602,2552,2495,2435,2402,2387,2386,2392,2381,2347,2307,2267,2221,2172,2115,2048,1985,1920,1862,1891,1940,1989,2008
"Division No.  8, Subd. H (SNO), Newfoundland and Labrador",1008031,2422,2369,2332,2277,2208,2143,2103,2128,2092,2083,2049,2054,2013,1985,1944,1911,1925,1903,1883,1855,1822,1827,1848,1841,1798
"Flatrock (T), Newfoundland and Labrador",1001507,1163,1176,1188,1209,1215,1239,1316,1315,1375,1431,1502,1548,1578,1631,1673,1736,1732,1753,1740,1742,1784,1827,1875,1927,1938
"Division No.  4, Subd. E (SNO), Newfoundland and Labrador",1004022,2225,2228,2220,2189,2151,2111,2058,2026,2020,2011,2000,2004,2000,1997,1995,1984,1938,1884,1827,1781,1746,1704,1658,1714,1681
"Division No.  1, Subd. G (SNO), Newfoundland and Labrador",1001339,2428,2388,2343,2321,2267,2235,2176,2120,2081,2076,2044,2044,1983,1944,1896,1892,1839,1788,1777,1739,1710,1691,1671,1663,1640
"Victoria (T), Newfoundland and Labrador",1001365,1830,1820,1812,1812,1799,1787,1790,1763,1770,1791,1802,1801,1798,1800,1811,1832,1822,1787,1740,1722,1704,1730,1775,1820,1837
"Witless Bay (T), Newfoundland and Labrador",1001559,1076,1075,1081,1092,1082,1084,1104,1096,1116,1128,1207,1271,1377,1488,1594,1664,1719,1670,1665,1691,1691,1780,1838,1838,1833
"Trinity Bay North (T), Newfoundland and Labrador",1007022,2354,2281,2219,2156,2083,1996,1958,1918,1898,1897,1846,1863,1863,1839,1838,1840,1787,1783,1735,1715,1690,1676,1707,1665,1692
"Stephenville Crossing (T), Newfoundland and Labrador",1004018,2004,2002,1993,1981,1979,1967,1930,1874,1886,1925,1898,1893,1884,1817,1756,1739,1741,1703,1719,1670,1675,1678,1728,1724,1731
"Massey Drive (T), Newfoundland and Labrador",1005017,794,857,941,1024,1113,1194,1238,1310,1330,1419,1457,1532,1575,1574,1617,1678,1657,1692,1681,1657,1662,1650,1688,1716,1760
"Bay Bulls (T), Newfoundland and Labrador",1001557,1035,1040,1057,1076,1081,1095,1101,1117,1176,1245,1327,1376,1394,1423,1473,1544,1569,1588,1608,1602,1615,1650,1670,1700,1699
"Division No.  4, Subd. A (SNO), Newfoundland and Labrador",1004001,1746,1791,1819,1838,1866,1877,1730,1825,1828,1852,1822,1779,1752,1808,1778,1751,1684,1646,1615,1609,1610,1603,1614,1621,1625
"Humber Arm South (T), Newfoundland and Labrador",1005020,1829,1825,1829,1834,1858,1867,1813,1828,1800,1765,1711,1670,1677,1625,1641,1624,1617,1648,1613,1581,1582,1592,1554,1558,1595
"Harbour Breton (T), Newfoundland and Labrador",1003008,2082,2037,2007,1961,1931,1894,1862,1800,1790,1761,1721,1732,1733,1718,1659,1663,1607,1600,1571,1529,1514,1491,1483,1484,1481
"Sheshatshiu 3 (IRI), Newfoundland and Labrador",1010802,1090,1091,1085,1082,1094,1072,1105,1150,1205,1264,1355,1406,1441,1481,1504,1530,1522,1501,1484,1464,1456,1515,1622,1637,1633
"Clarke's Beach (T), Newfoundland and Labrador",1001429,1281,1284,1291,1305,1302,1306,1321,1345,1376,1405,1430,1395,1467,1464,1487,1590,1556,1500,1463,1413,1442,1464,1502,1539,1555
"Upper Island Cove (T), Newfoundland and Labrador",1001385,1803,1775,1750,1740,1706,1683,1658,1631,1645,1652,1619,1623,1591,1597,1615,1581,1564,1535,1500,1473,1440,1462,1500,1537,1553
"Division No.  1, Subd. U (SNO), Newfoundland and Labrador",1001124,1482,1507,1546,1587,1613,1635,1598,1608,1634,1618,1534,1620,1583,1637,1630,1648,1639,1561,1525,1452,1413,1434,1471,1509,1522
"Baie Verte (T), Newfoundland and Labrador",1008079,1502,1460,1414,1373,1334,1275,1284,1304,1306,1317,1384,1383,1377,1363,1351,1328,1302,1310,1311,1319,1347,1358,1396,1365,1386
"Fortune (T), Newfoundland and Labrador",1002018,1626,1593,1569,1536,1507,1456,1419,1435,1444,1463,1450,1472,1469,1432,1424,1407,1377,1357,1344,1309,1311,1296,1270,1241,1249
"Irishtown-Summerside (T), Newfoundland and Labrador",1005030,1330,1314,1312,1312,1317,1306,1329,1356,1389,1421,1454,1452,1449,1444,1443,1434,1374,1404,1336,1338,1296,1260,1310,1299,1296
"Division No.  1, Subd. Y (SNO), Newfoundland and Labrador",1001293,1084,1111,1141,1166,1181,1198,1189,1186,1193,1201,1190,1172,1138,1125,1136,1141,1156,1187,1182,1214,1251,1279,1331,1348,1374
"Nain (T), Newfoundland and Labrador",1011035,1131,1093,1071,1060,1046,1022,1047,1082,1116,1148,1189,1189,1180,1144,1141,1114,1135,1134,1160,1186,1246,1229,1213,1216,1222
"Division No.  7, Subd. L (SNO), Newfoundland and Labrador",1007006,1458,1447,1444,1431,1402,1379,1351,1347,1302,1319,1285,1236,1272,1248,1249,1250,1251,1240,1229,1199,1222,1213,1224,1206,1248
"St. Alban's (T), Newfoundland and Labrador",1003019,1380,1353,1340,1314,1301,1276,1244,1211,1210,1228,1246,1232,1233,1177,1201,1196,1211,1198,1216,1185,1212,1180,1153,1101,1093
"Burgeo (T), Newfoundland and Labrador",1003028,1782,1750,1725,1686,1653,1604,1608,1559,1534,1486,1477,1430,1409,1377,1344,1306,1275,1263,1249,1208,1193,1174,1160,1139,1111
"Division No.  7, Subd. K (SNO), Newfoundland and Labrador",1007009,1179,1180,1181,1187,1185,1184,1189,1155,1207,1210,1255,1304,1304,1307,1280,1293,1287,1256,1236,1203,1181,1145,1126,1112,1116
"Division No.  1, Subd. M (SNO), Newfoundland and Labrador",1001421,884,891,906,920,924,931,913,982,1040,1076,1108,1106,1100,1097,1094,1098,1117,1133,1149,1166,1178,1196,1227,1258,1270
"Division No.  4, Subd. B (SNO), Newfoundland and Labrador",1004006,1494,1489,1463,1442,1427,1398,1405,1371,1331,1332,1310,1265,1238,1197,1204,1183,1183,1174,1168,1165,1173,1168,1176,1181,1184
"St. George's (T), Newfoundland and Labrador",1004013,1375,1353,1330,1308,1288,1247,1238,1227,1225,1229,1221,1220,1217,1217,1217,1213,1239,1191,1157,1187,1170,1165,1173,1178,1181
"Centreville-Wareham-Trinity (T), Newfoundland and Labrador",1007050,1163,1153,1147,1140,1131,1124,1124,1133,1159,1153,1174,1166,1179,1173,1151,1160,1160,1154,1160,1141,1142,1120,1140,1113,1100
"St. Lawrence (T), Newfoundland and Labrador",1002008,1557,1501,1473,1445,1405,1350,1333,1310,1305,1279,1256,1249,1270,1238,1216,1198,1201,1162,1182,1149,1135,1137,1097,1110,1138
"Harbour Main-Chapel's Cove-Lakeview (T), Newfoundland and Labrador",1001469,1123,1121,1115,1118,1106,1099,1078,1106,1098,1104,1106,1067,1070,1084,1106,1086,1078,1066,1094,1095,1095,1111,1140,1169,1180
"Whitbourne (T), Newfoundland and Labrador",1001298,944,931,925,902,893,858,840,871,878,900,935,882,904,872,884,911,884,892,887,917,987,1032,1050,1088,1126
"Samiajij Miawpukek (IRI), Newfoundland and Labrador",1003801,854,848,863,871,877,883,900,898,908,928,943,958,941,956,971,975,978,984,987,984,981,990,997,986,973
"Petty Harbour-Maddox Cove (T), Newfoundland and Labrador",1001551,968,956,957,953,938,934,941,942,948,937,950,981,995,1028,1017,971,997,1030,988,977,978,973,997,993,1005
"Musgrave Harbour (T), Newfoundland and Labrador",1008006,1309,1264,1230,1192,1145,1097,1079,1062,1079,1078,1058,1023,1009,1017,1010,1003,986,996,985,986,965,943,934,937,937
"Rocky Harbour (T), Newfoundland and Labrador",1009013,1006,996,991,994,995,982,976,970,996,973,987,966,961,953,940,955,950,960,945,972,949,932,938,977,960
"Hare Bay (T), Newfoundland and Labrador",1007049,1083,1070,1076,1069,1049,1025,1001,987,1008,1042,1042,1031,1013,1025,1011,979,976,972,967,952,945,944,942,941,942
"Arnold's Cove (T), Newfoundland and Labrador",1001270,1042,1038,1034,1036,1024,1012,1003,1000,1002,1009,1006,1000,993,986,976,963,985,963,924,915,942,956,981,1006,1016
"Division No.  8, Subd. F (SNO), Newfoundland and Labrador",1008042,987,970,960,954,929,902,871,900,829,865,877,887,895,908,923,953,941,904,905,912,940,941,972,934,879
"Roddickton-Bide Arm (T), Newfoundland and Labrador",1009007,1219,1198,1173,1159,1150,1113,1111,1088,1055,1069,1064,1045,999,969,986,1002,992,984,968,932,939,906,900,878,882
"Triton (T), Newfoundland and Labrador",1008054,1122,1108,1098,1080,1070,1048,1014,1018,1019,1018,1007,1001,989,1002,984,997,984,956,942,924,919,916,912,903,893
"Division No.  1, Subd. L (SNO), Newfoundland and Labrador",1001415,1021,1011,1009,1004,990,979,985,962,953,950,976,924,940,954,937,941,950,929,915,915,903,894,895,898,881
"Natuashish 2 (IRI), Newfoundland and Labrador",1010801,16,145,279,420,567,713,711,785,840,888,963,972,977,984,975,954,969,963,951,895,887,884,847,869,956
"Division No.  7, Subd. F (SNO), Newfoundland and Labrador",1007028,1224,1197,1172,1142,1099,1063,1044,1021,1018,1012,978,950,940,908,875,851,849,841,860,840,854,821,807,817,818
"Division No.  1, Subd. O (SNO), Newfoundland and Labrador",1001452,706,726,746,767,787,802,784,771,762,752,741,689,709,753,718,677,765,825,859,865,852,865,888,911,920
"LaScie (T), Newfoundland and Labrador",1008076,1078,1058,1041,1007,989,960,950,930,941,914,910,888,891,875,876,885,851,837,835,831,846,836,817,799,763
"Cape St. George (T), Newfoundland and Labrador",1004033,942,940,933,932,923,899,907,914,929,948,958,916,890,879,863,867,869,826,818,820,832,810,800,821,816
"Summerford (T), Newfoundland and Labrador",1008033,1028,1014,1016,1018,1008,981,959,929,913,873,865,873,881,892,906,915,885,875,870,831,829,822,800,787,748
"Division No.  4, Subd. D (SNO), Newfoundland and Labrador",1004016,815,844,871,897,913,918,854,850,872,841,842,879,864,899,852,871,874,827,823,823,823,821,827,829,831
"Carmanville (T), Newfoundland and Labrador",1008011,811,797,797,784,780,758,749,750,755,754,747,746,742,743,747,753,760,770,784,794,804,801,797,789,781
"Salmon Cove (T), Newfoundland and Labrador",1001361,759,755,748,743,730,714,701,709,714,732,703,720,708,694,686,696,712,731,755,795,786,798,819,840,848
"Division No.  5, Subd. F (SNO), Newfoundland and Labrador",1005010,466,467,465,470,480,490,519,550,583,615,643,654,681,751,797,837,885,865,762,751,767,779,826,754,804
"Glenwood (T), Newfoundland and Labrador",1006012,859,851,843,828,800,767,766,778,785,796,809,793,797,737,775,790,783,778,768,763,760,780,762,756,809
"Division No. 10, Subd. D (SNO), Newfoundland and Labrador",1010029,658,668,677,680,687,687,670,663,658,647,649,654,639,673,720,724,725,729,731,732,759,715,755,735,758
"Port au Choix (T), Newfoundland and Labrador",1009022,1025,994,966,948,929,896,855,837,853,853,844,831,821,809,801,787,775,773,756,765,757,748,748,749,734
"Peterview (T), Newfoundland and Labrador",1006021,827,823,832,836,826,815,841,812,878,846,823,831,858,828,849,837,815,818,778,760,745,748,751,755,753
"Robert's Arm (T), Newfoundland and Labrador",1008060,904,900,902,888,870,849,831,811,791,829,816,799,801,810,816,812,807,800,785,748,740,740,744,734,757
"Norris Arm (T), Newfoundland and Labrador",1006003,856,866,882,890,899,918,884,894,910,918,917,877,857,810,755,746,742,739,730,728,726,729,732,736,734
"Mount Moriah (T), Newfoundland and Labrador",1005033,716,713,726,733,764,764,774,785,797,800,798,789,780,767,760,757,751,743,738,727,723,729,728,739,746
"Brigus (T), Newfoundland and Labrador",1001446,799,796,799,799,794,799,785,773,779,777,760,750,753,733,732,736,717,722,725,724,719,733,774,798,791
"Cupids (T), Newfoundland and Labrador",1001437,790,794,795,801,799,799,780,774,785,788,770,775,783,787,769,757,759,746,730,745,718,738,764,772,808
"L'Anse au Loup (T), Newfoundland and Labrador",1010002,644,634,623,607,606,599,587,576,561,571,555,539,554,562,566,570,615,649,658,684,712,711,709,715,714
"Badger (T), Newfoundland and Labrador",1006026,920,900,882,864,838,820,807,840,793,805,803,778,768,732,746,713,711,709,703,702,699,702,689,667,628
"Embree (T), Newfoundland and Labrador",1008043,758,742,743,737,723,707,681,697,698,708,700,693,699,719,711,709,726,702,708,683,698,696,693,686,679
"South River (T), Newfoundland and Labrador",1001434,720,711,698,685,670,656,618,610,647,665,667,667,665,664,661,660,668,675,682,689,695,705,723,741,748
"Port Saunders (T), Newfoundland and Labrador",1009019,822,816,811,796,772,752,727,706,713,691,704,696,699,721,705,680,678,659,663,673,693,691,688,685,699
"Milltown-Head of Bay d'Espoir (T), Newfoundland and Labrador",1003018,894,872,876,874,864,869,867,805,806,784,799,771,771,778,765,751,723,694,681,683,684,687,638,645,625
"Cox's Cove (T), Newfoundland and Labrador",1005023,730,713,699,686,672,651,650,652,657,662,670,677,684,691,697,697,683,680,702,679,682,687,687,697,704
"King's Point (T), Newfoundland and Labrador",1008069,785,764,750,728,702,672,659,687,683,692,684,671,669,688,683,670,669,659,648,661,675,673,673,684,681
"Norman's Cove-Long Cove (T), Newfoundland and Labrador",1001285,864,850,837,821,798,778,762,749,743,741,729,710,689,682,688,675,674,661,675,668,665,655,680,699,702
"Division No.  1, Subd. A (SNO), Newfoundland and Labrador",1001259,833,844,856,878,890,900,830,803,836,802,763,736,707,665,700,672,656,689,681,676,664,689,698,674,680
"Heart's Delight-Islington (T), Newfoundland and Labrador",1001312,745,729,711,693,676,669,674,684,696,709,716,713,708,696,691,681,712,677,665,660,662,677,710,658,672
"Conception Harbour (T), Newfoundland and Labrador",1001461,813,801,789,779,768,750,725,728,695,704,710,704,703,690,680,698,684,669,658,664,638,663,631,630,629
"Appleton (T), Newfoundland and Labrador",1006011,588,590,590,589,587,586,597,613,619,624,625,604,593,585,576,587,579,581,623,630,636,639,642,645,643
"Colliers (T), Newfoundland and Labrador",1001456,742,744,743,744,741,724,696,695,701,681,663,661,661,661,662,669,671,653,626,636,631,640,646,668,647
"Old Perlican (T), Newfoundland and Labrador",1001343,726,716,714,700,694,686,663,666,664,669,675,670,667,653,651,644,640,636,632,622,624,624,640,656,662
"Norris Point (T), Newfoundland and Labrador",1009012,786,763,738,728,725,695,664,702,691,696,691,674,674,685,663,676,668,667,647,622,618,607,592,606,604
"Hopedale (T), Newfoundland and Labrador",1011030,555,548,535,537,529,522,527,533,537,542,556,540,553,561,568,568,581,597,590,595,616,592,596,613,589
"St. Lunaire-Griquet (T), Newfoundland and Labrador",1009032,835,798,780,744,713,669,660,660,658,663,668,656,643,629,620,612,603,609,632,643,614,602,608,578,567
"Division No.  6, Subd. D (SNO), Newfoundland and Labrador",1006001,342,333,322,314,299,287,285,290,290,293,304,359,411,465,520,570,578,586,592,602,609,611,613,616,614
"Division No.  4, Subd. C (SNO), Newfoundland and Labrador",1004011,931,920,904,888,866,855,851,795,776,726,744,714,753,733,759,753,730,727,719,633,607,605,609,612,614
"Buchans (T), Newfoundland and Labrador",1006031,886,859,840,814,787,762,706,683,695,699,704,704,686,675,675,641,660,643,611,605,606,613,598,572,577
"Avondale (T), Newfoundland and Labrador",1001464,713,704,697,692,687,674,663,656,652,652,649,651,652,653,653,653,643,633,622,612,602,612,628,644,650
"Lawn (T), Newfoundland and Labrador",1002011,789,764,748,736,723,706,688,672,689,694,679,668,656,633,644,631,619,616,600,601,599,591,577,556,550
"Dover (T), Newfoundland and Labrador",1007057,745,728,727,715,700,693,682,682,683,686,687,694,725,695,674,672,659,643,620,613,595,596,594,593,593
"North River (T), Newfoundland and Labrador",1001426,525,534,545,554,558,563,559,561,564,568,573,576,578,582,586,585,603,593,594,580,593,603,636,607,650
"Point Leamington (T), Newfoundland and Labrador",1008049,696,688,685,672,670,653,640,615,627,612,628,600,592,581,592,599,564,568,589,592,585,577,596,561,518
"Meadows (T), Newfoundland and Labrador",1005025,687,671,659,654,645,641,643,646,649,653,661,655,651,646,644,639,546,556,559,585,578,583,583,592,598
"Division No.  3, Subd. H (SNO), Newfoundland and Labrador",1003031,760,751,755,759,749,735,720,736,742,771,727,727,783,731,750,708,728,651,609,591,576,566,558,549,535
"Division No.  8, Subd. C (SNO), Newfoundland and Labrador",1008058,341,350,363,367,373,380,406,437,470,505,533,497,494,494,453,449,485,503,518,548,576,609,589,574,598
"Musgravetown (T), Newfoundland and Labrador",1007032,651,636,632,608,600,583,601,580,593,583,562,564,542,573,567,573,559,563,581,567,575,576,575,574,574
"North West River (T), Newfoundland and Labrador",1010022,558,546,539,528,514,495,504,520,534,545,559,542,562,587,571,558,562,563,553,573,575,577,575,580,578
"Isle aux Morts (T), Newfoundland and Labrador",1003032,822,792,783,763,744,718,684,682,666,641,625,639,645,656,661,668,653,629,600,584,574,567,563,561,553
"Reidville (T), Newfoundland and Labrador",1005009,506,503,507,512,517,520,516,519,500,489,479,489,508,506,520,518,538,533,564,567,564,601,611,626,618
"St. Jacques-Coomb's Cove (T), Newfoundland and Labrador",1003003,717,699,695,682,680,675,672,630,635,638,625,616,622,615,604,592,577,579,565,571,561,540,527,517,521
"Garnish (T), Newfoundland and Labrador",1002021,672,644,630,613,596,579,562,562,567,566,550,552,549,572,565,574,554,552,553,535,560,548,530,546,516
"Lewin's Cove (T), Newfoundland and Labrador",1002002,588,578,577,576,588,571,526,532,555,560,564,543,544,547,536,556,529,525,529,543,560,552,545,539,529
"Division No.  1, Subd. X (SNO), Newfoundland and Labrador",1001203,518,518,520,516,513,511,499,516,527,521,512,560,548,556,548,518,535,549,558,578,559,589,617,605,564
"Port au Port East (T), Newfoundland and Labrador",1004021,651,632,633,632,625,608,606,604,605,609,604,603,597,594,589,583,579,570,561,556,556,553,557,559,560
"Burnt Islands (T), Newfoundland and Labrador",1003033,815,794,769,758,725,705,676,678,670,662,660,662,652,647,633,626,606,590,582,565,553,544,536,527,514
"Lumsden (T), Newfoundland and Labrador",1008004,633,605,588,582,553,537,535,549,542,537,553,519,510,509,499,510,509,515,513,525,553,530,563,545,546
"Division No.  1, Subd. F (SNO), Newfoundland and Labrador",1001321,615,601,598,595,591,586,545,555,557,549,558,552,552,550,542,560,560,569,560,563,550,562,577,592,598
"Division No.  2, Subd. C (SNO), Newfoundland and Labrador",1002031,774,760,741,724,716,695,695,667,661,613,603,597,592,586,579,570,572,579,619,598,548,546,554,496,509
"Division No.  9, Subd. D (SNO), Newfoundland and Labrador",1009031,1018,1001,966,950,932,890,849,816,783,754,721,659,701,679,661,646,635,622,591,557,548,538,533,537,512
"McIvers (T), Newfoundland and Labrador",1005022,581,577,582,585,582,575,567,562,560,556,555,554,553,549,548,546,543,539,536,529,528,532,545,500,462
"Port Blandford (T), Newfoundland and Labrador",1007036,588,568,565,549,537,522,506,499,493,489,487,489,492,492,495,494,501,510,519,520,524,552,542,556,541
"Birchy Bay (T), Newfoundland and Labrador",1008038,623,624,628,628,619,618,602,615,594,583,574,558,548,540,559,557,553,526,536,535,522,509,524,519,534
"Trout River (T), Newfoundland and Labrador",1009010,625,625,617,602,609,608,607,596,583,588,584,573,556,549,557,560,549,540,527,520,522,513,508,503,500
"Lark Harbour (T), Newfoundland and Labrador",1005024,622,608,594,584,583,568,543,531,537,520,516,513,522,529,522,529,511,520,523,535,521,509,511,481,484
"Division No.  2, Subd. K (SNO), Newfoundland and Labrador",1002048,703,698,696,693,686,671,640,607,600,579,603,575,577,571,550,562,544,521,515,508,517,513,511,486,478
"Lourdes (T), Newfoundland and Labrador",1004037,658,648,626,611,582,550,538,527,545,524,545,530,539,497,510,463,489,519,511,512,516,535,562,527,537
"Cape Broyle (T), Newfoundland and Labrador",1001126,577,573,566,561,560,547,543,517,513,541,511,497,516,514,508,495,492,510,503,508,515,482,494,525,530
"Cormack (T), Newfoundland and Labrador",1005014,687,688,680,682,678,666,598,618,627,632,612,602,608,568,606,605,564,556,534,519,507,511,511,518,523
"Division No.  8, Subd. E (SNO), Newfoundland and Labrador",1008046,705,709,715,714,708,703,637,581,575,586,543,543,542,544,548,554,517,529,497,515,507,509,496,480,475
"Englee (T), Newfoundland and Labrador",1009004,701,683,669,638,628,618,617,599,597,598,586,573,574,541,536,530,537,534,519,494,502,518,496,484,497
"Division No.  1, Subd. W (SNO), Newfoundland and Labrador",1001155,423,452,479,509,539,564,551,542,534,529,514,500,485,470,455,446,473,498,513,509,482,488,501,514,519
"Division No.  7, Subd. J (SNO), Newfoundland and Labrador",1007014,785,761,741,708,674,636,618,578,541,533,499,510,494,490,478,466,465,481,463,466,482,483,482,481,481
"Eastport (T), Newfoundland and Labrador",1007042,516,502,499,495,497,499,491,489,489,490,487,490,495,496,500,503,519,495,478,472,473,474,473,472,472
"Campbellton (T), Newfoundland and Labrador",1008037,573,556,546,528,515,494,503,508,538,540,524,506,490,477,464,455,473,458,474,477,469,478,486,470,449
"Chapel Arm (T), Newfoundland and Labrador",1001289,505,497,492,482,469,454,481,478,468,465,477,472,468,449,473,462,454,452,458,457,456,463,475,487,492
"Middle Arm (T), Newfoundland and Labrador",1008072,560,551,550,540,537,525,514,499,494,502,483,503,484,478,492,481,469,464,463,469,455,450,445,437,435
"Terrenceville (T), Newfoundland and Labrador",1002036,642,615,600,589,570,536,531,556,546,534,541,537,520,496,490,488,493,504,487,472,455,452,447,428,413
"Cartwright, Labrador (T), Newfoundland and Labrador",1010012,637,617,599,583,577,553,558,537,507,523,510,502,475,429,432,435,449,449,445,447,452,443,422,416,418
"Winterton (T), Newfoundland and Labrador",1001332,568,554,547,538,530,520,525,498,483,505,488,482,464,462,455,457,453,457,461,445,447,434,431,411,407
"Hampden (T), Newfoundland and Labrador",1005008,553,535,533,515,500,491,484,466,465,490,458,451,453,452,420,439,431,459,431,436,445,451,451,415,420
"St. Bernard's-Jacques Fontaine (T), Newfoundland and Labrador",1002041,669,628,605,579,558,524,500,490,486,477,475,457,457,456,448,437,438,439,440,440,445,432,411,396,409
"Gillams (T), Newfoundland and Labrador",1005015,414,407,406,417,413,406,404,404,405,410,414,417,419,417,416,418,424,429,425,436,436,443,443,450,454
"Port au Port West-Aguathuna-Felix Cove (T), Newfoundland and Labrador",1004042,530,498,471,444,411,389,400,411,427,443,450,452,452,450,451,450,427,430,403,396,431,429,432,434,435
"South Brook (T), Newfoundland and Labrador",1008059,589,570,569,560,545,530,533,513,502,496,493,492,490,490,489,485,485,466,462,443,431,430,428,424,420
"Bauline (T), Newfoundland and Labrador",1001512,370,375,379,380,381,384,385,390,395,404,408,430,422,434,449,465,452,441,426,428,426,413,454,454,428
"Steady Brook (T), Newfoundland and Labrador",1005011,402,412,422,426,438,438,432,427,423,417,415,422,429,434,443,451,447,441,437,430,426,438,438,444,429
"Division No.  5, Subd. G (SNO), Newfoundland and Labrador",1005003,687,664,648,633,623,609,564,521,513,504,473,470,466,471,459,475,485,474,459,444,422,402,400,408,387
"Division No.  8, Subd. G (SNO), Newfoundland and Labrador",1008036,532,540,558,571,591,599,563,536,513,488,460,428,438,432,427,437,420,441,425,423,421,408,420,415,426
"Small Point-Adam's Cove-Blackhead-Broad Cove (T), Newfoundland and Labrador",1001352,485,478,469,460,451,437,422,422,418,394,394,395,397,398,398,394,402,408,414,420,420,456,429,420,412
"Sunnyside (T), Newfoundland and Labrador",1001277,483,481,484,481,474,474,487,486,473,464,459,442,427,397,403,402,408,429,430,436,416,412,421,418,428
"Hermitage-Sandyville (T), Newfoundland and Labrador",1003011,610,590,570,544,528,503,509,470,457,445,452,450,442,439,432,423,418,418,414,412,414,399,407,410,413
"Trepassey (T), Newfoundland and Labrador",1001113,899,872,848,820,791,762,745,668,604,583,574,554,535,518,502,484,471,456,442,427,414,420,431,442,446
"Port Hope Simpson (T), Newfoundland and Labrador",1010009,517,512,524,527,534,535,517,494,475,461,448,452,432,432,415,422,420,416,429,422,413,423,409,401,391
"Winterland (T), Newfoundland and Labrador",1002023,334,334,334,337,343,341,340,344,355,363,369,383,376,387,387,397,362,377,382,392,410,404,399,394,388
"Cow Head (T), Newfoundland and Labrador",1009016,516,502,508,498,500,490,503,486,483,469,482,483,465,451,453,427,435,433,415,404,409,402,398,394,391
"Division No.  8, Subd. A (SNO), Newfoundland and Labrador",1008074,464,473,486,502,526,538,498,465,433,396,356,348,340,334,327,324,338,352,368,383,396,395,393,389,385
"Ramea (T), Newfoundland and Labrador",1003026,761,723,706,678,645,620,609,586,557,548,529,517,498,485,464,447,434,416,412,401,396,388,383,377,367
"Forteau (T), Newfoundland and Labrador",1010005,483,479,471,461,456,448,442,432,449,436,433,418,418,402,426,413,427,416,401,391,388,378,376,374,359
"Mount Carmel-Mitchells Brook-St. Catherine's (T), Newfoundland and Labrador",1001197,457,453,449,447,444,441,416,393,378,382,362,359,357,355,353,353,362,369,377,385,388,393,403,413,414
"York Harbour (T), Newfoundland and Labrador",1005035,394,382,376,365,361,350,346,335,361,345,353,354,349,346,345,348,350,360,362,359,388,385,363,371,362
"Ferryland (T), Newfoundland and Labrador",1001149,616,599,583,564,550,532,516,503,493,484,470,461,450,440,430,419,412,404,396,388,380,386,396,406,410
"Northern Arm (T), Newfoundland and Labrador",1006015,381,380,380,384,382,386,384,390,392,397,403,412,416,424,428,430,421,411,399,389,380,382,384,386,385
"Makkovik (T), Newfoundland and Labrador",1011020,374,374,370,361,362,357,352,361,377,368,361,365,369,362,364,371,388,398,390,375,376,377,374,367,355
"Parson's Pond (T), Newfoundland and Labrador",1009017,432,418,407,399,395,387,382,382,383,386,386,377,368,358,351,347,356,363,366,370,376,382,390,383,378
"Port Rexton (T), Newfoundland and Labrador",1007016,438,418,412,393,374,352,343,341,339,339,342,342,344,345,346,345,350,357,363,366,371,370,369,368,344
"Division No.  1, Subd. B (SNO), Newfoundland and Labrador",1001234,459,462,470,477,479,477,447,420,395,371,349,355,351,349,357,364,356,372,376,359,366,370,380,390,374
"Division No.  1, Subd. N (SNO), Newfoundland and Labrador",1001441,358,359,362,370,371,369,357,346,337,352,323,334,344,356,368,380,370,339,338,349,362,371,382,363,378
"Division No.  6, Subd. C (SNO), Newfoundland and Labrador",1006014,334,342,353,367,382,401,407,420,432,445,463,513,558,606,652,690,582,529,498,447,362,364,365,367,366
"Whiteway (T), Newfoundland and Labrador",1001308,327,306,286,266,241,223,237,252,269,286,296,300,310,329,357,380,387,379,360,359,361,366,376,386,390
"Belleoram (T), Newfoundland and Labrador",1003004,491,468,466,446,437,423,409,415,414,412,415,399,397,402,397,377,376,376,361,364,357,352,347,341,332
"Bay de Verde (T), Newfoundland and Labrador",1001347,541,526,517,504,487,473,457,435,410,405,404,402,401,401,400,395,389,379,371,362,355,359,368,377,381
"Bryant's Cove (T), Newfoundland and Labrador",1001375,425,424,424,424,421,422,415,411,411,410,405,425,442,418,402,402,394,383,373,362,353,342,372,340,345
"Comfort Cove-Newstead (T), Newfoundland and Labrador",1008039,519,510,503,487,463,453,439,429,429,454,455,443,435,429,420,411,405,401,379,371,352,374,389,389,388
"Rose Blanche-Harbour le Cou (T), Newfoundland and Labrador",1003045,673,649,629,603,577,543,478,501,500,467,456,445,449,428,392,396,384,365,361,355,350,346,341,335,327
"Division No.  1, Subd. H (SNO), Newfoundland and Labrador",1001357,458,450,444,441,434,427,419,415,415,415,415,410,408,405,401,393,384,371,360,347,339,341,350,359,362
"Heart's Content (T), Newfoundland and Labrador",1001325,500,478,463,448,428,419,407,398,392,387,379,373,366,360,351,343,342,341,340,340,337,334,338,344,353
"Rigolet (T), Newfoundland and Labrador",1011010,309,294,286,275,270,268,275,283,292,298,306,308,314,332,314,298,318,310,315,333,335,342,333,320,328
"Hant's Harbour (T), Newfoundland and Labrador",1001335,464,448,435,423,410,400,378,375,368,364,349,346,326,333,333,331,340,334,336,313,330,329,330,315,296
"Division No.  1, Subd. I (SNO), Newfoundland and Labrador",1001374,195,199,202,206,210,215,226,238,250,265,276,283,289,294,299,305,310,315,320,325,328,331,328,323,334
"Mary's Harbour (T), Newfoundland and Labrador",1010011,456,446,444,442,438,418,402,394,399,388,388,372,372,349,341,347,334,319,317,334,321,306,306,306,303
"Southern Harbour (T), Newfoundland and Labrador",1001267,601,578,557,537,505,479,495,504,514,532,540,514,484,456,429,396,377,376,351,330,321,326,335,344,347
"Division No.  7, Subd. G (SNO), Newfoundland and Labrador",1007024,471,471,469,458,448,434,418,425,412,414,400,374,368,356,343,349,348,355,355,342,320,332,320,316,324
"Elliston (T), Newfoundland and Labrador",1007020,366,355,349,338,322,309,311,318,326,335,338,326,322,307,316,313,316,318,321,322,320,319,314,322,308
"St. Mary's (T), Newfoundland and Labrador",1001178,510,502,498,493,489,482,451,454,465,458,440,454,403,397,361,349,343,338,332,326,320,325,333,342,345
"Burlington (T), Newfoundland and Labrador",1008071,418,409,403,398,391,380,371,365,361,360,356,359,348,321,303,320,318,316,316,314,313,312,311,308,305
"Anchor Point (T), Newfoundland and Labrador",1009023,326,323,319,314,318,312,301,314,315,327,330,324,321,320,326,316,316,307,310,308,312,312,308,297,297
"Hawke's Bay (T), Newfoundland and Labrador",1009018,452,428,423,413,404,391,365,362,343,348,340,346,341,309,312,318,321,323,324,316,305,300,297,294,292
"Ming's Bight (T), Newfoundland and Labrador",1008095,361,355,353,357,354,350,347,357,337,341,338,328,322,323,321,326,318,334,332,315,305,317,301,297,295
"Division No.  8, Subd. P (SNO), Newfoundland and Labrador",1008065,422,415,410,395,391,382,365,368,359,347,343,348,338,336,341,338,315,339,324,314,303,316,312,305,306
"Leading Tickles (T), Newfoundland and Labrador",1008048,462,451,442,430,420,407,388,375,365,354,340,314,317,309,300,295,304,302,307,298,303,302,301,298,295
"Charlottetown (Labrador) (T), Newfoundland and Labrador",1010013,354,354,354,362,365,369,357,347,338,326,313,297,294,295,297,297,275,297,288,298,301,288,288,266,257
"Division No.  5, Subd. A (SNO), Newfoundland and Labrador",1005001,218,218,217,218,222,225,226,227,230,232,237,246,256,265,274,281,285,288,292,296,299,316,292,287,298
"Pilley's Island (T), Newfoundland and Labrador",1008053,397,377,365,348,336,317,311,309,310,310,304,296,299,303,304,296,297,293,287,289,295,294,279,275,281
"Division No.  5, Subd. C (SNO), Newfoundland and Labrador",1005016,42,49,55,61,67,74,79,84,90,96,107,142,177,213,249,282,284,286,289,291,293,295,295,299,302
"Seal Cove (White Bay) (T), Newfoundland and Labrador",1008091,422,403,387,365,346,331,322,317,316,313,307,307,306,305,305,304,307,309,301,284,290,282,275,266,265
"Renews-Cappahayden (T), Newfoundland and Labrador",1001131,430,429,424,428,425,421,400,392,364,340,314,313,312,310,309,304,300,298,298,297,286,286,273,268,268
"Jackson's Arm (T), Newfoundland and Labrador",1005005,427,416,412,408,392,373,366,349,361,340,325,314,308,299,288,289,287,282,278,284,285,277,277,272,254
"Traytown (T), Newfoundland and Labrador",1007037,276,280,286,293,299,302,318,324,289,289,287,266,259,260,263,273,282,278,287,290,283,276,291,262,278
"Division No.  8, Subd. O (SNO), Newfoundland and Labrador",1008067,446,430,419,404,386,354,338,345,343,345,334,338,334,358,339,309,337,316,297,292,282,283,272,282,265
"Flower's Cove (T), Newfoundland and Labrador",1009024,330,310,309,296,284,272,277,286,292,303,309,322,315,315,280,270,278,284,288,283,280,270,275,259,236
"St. Bride's (T), Newfoundland and Labrador",1001228,479,457,439,423,406,386,364,347,343,321,311,302,294,291,265,255,271,267,271,283,279,283,290,297,300
"Division No.  1, Subd. R (SNO), Newfoundland and Labrador",1001490,403,393,385,380,371,366,352,351,352,367,345,367,346,324,322,327,320,312,303,283,270,274,281,288,291
"Fermeuse (T), Newfoundland and Labrador",1001136,400,375,349,327,302,287,294,302,312,322,328,316,319,321,326,326,326,308,322,300,270,289,281,293,298
"St. Vincent's-St. Stephen's-Peter's River (T), Newfoundland and Labrador",1001169,449,432,416,399,380,365,357,352,350,349,344,339,334,328,322,315,306,296,287,278,269,273,280,287,290
"Division No.  7, Subd. D (SNO), Newfoundland and Labrador",1007038,235,263,297,332,368,393,356,324,293,262,234,234,234,233,234,233,241,247,255,259,265,265,264,264,264
"Greenspond (T), Newfoundland and Labrador",1007054,390,383,386,385,377,367,358,345,330,322,308,293,287,262,259,271,270,269,268,263,263,261,262,265,264
"Fox Cove-Mortier (T), Newfoundland and Labrador",1002025,387,379,368,363,367,354,347,345,350,348,340,339,330,318,306,298,327,297,243,248,261,255,252,249,245
"Point May (T), Newfoundland and Labrador",1002014,328,314,299,288,275,261,251,246,245,241,235,234,234,233,232,235,240,243,248,253,261,256,253,250,246
"Division No.  2, Subd. E (SNO), Newfoundland and Labrador",1002001,242,244,259,265,272,285,297,292,293,289,270,270,258,260,265,247,244,240,237,245,260,235,243,234,245
"Bishop's Cove (T), Newfoundland and Labrador",1001394,316,320,322,327,331,329,316,304,295,287,279,283,286,289,294,290,284,276,271,264,258,262,269,276,279
"Baytona (T), Newfoundland and Labrador",1008040,331,314,307,298,287,277,271,271,271,271,267,266,265,264,265,265,262,261,260,258,255,270,266,264,264
"Main Brook (T), Newfoundland and Labrador",1009028,363,346,327,321,305,292,291,272,267,269,267,272,252,265,241,245,247,249,249,249,252,248,245,243,241
"Cottlesville (T), Newfoundland and Labrador",1008032,303,295,294,288,285,281,284,290,292,289,273,258,261,258,249,278,278,265,267,254,251,250,249,246,243
"Woody Point, Bonne Bay (T), Newfoundland and Labrador",1009011,370,360,362,357,358,354,325,327,312,288,281,281,280,278,279,280,275,270,261,253,249,245,243,241,239
"Glenburnie-Birchy Head-Shoal Brook (T), Newfoundland and Labrador",1009030,278,268,270,276,268,277,283,271,261,245,262,253,250,233,238,225,231,235,238,240,246,242,240,238,236
"Little Burnt Bay (T), Newfoundland and Labrador",1008045,318,318,322,326,326,328,310,296,306,308,296,293,288,286,278,285,264,269,275,251,244,243,242,240,237
"Hughes Brook (T), Newfoundland and Labrador",1005028,192,191,192,193,196,200,206,212,218,225,237,244,249,254,257,260,249,237,258,251,243,245,245,249,251
"Bay L'Argent (T), Newfoundland and Labrador",1002027,326,315,310,308,300,288,293,295,284,288,289,282,274,270,259,245,244,241,240,238,240,237,234,231,228
"Long Harbour-Mount Arlington Heights (T), Newfoundland and Labrador",1001263,362,330,297,272,238,213,230,248,266,288,300,291,281,271,261,254,251,247,245,243,240,244,250,256,258
"Parkers Cove (T), Newfoundland and Labrador",1002034,373,361,350,340,332,310,304,302,306,308,305,293,283,273,261,251,247,244,241,238,239,236,233,230,227
"Rushoon (T), Newfoundland and Labrador",1002033,366,355,352,344,335,322,323,311,312,297,292,288,275,268,260,249,246,241,238,234,235,232,229,226,223
"Fox Harbour (T), Newfoundland and Labrador",1001254,349,344,336,330,322,317,304,291,277,280,274,269,266,263,259,256,252,239,234,236,232,235,241,247,249
"Branch (T), Newfoundland and Labrador",1001219,322,319,318,315,313,310,302,294,300,268,249,237,243,249,239,231,230,230,229,230,228,231,237,243,245
"Daniel's Harbour (T), Newfoundland and Labrador",1009015,355,331,324,310,295,287,271,262,275,273,266,263,250,248,249,255,246,240,230,222,225,221,219,218,215
"L'Anse-au-Clair (T), Newfoundland and Labrador",1010004,245,236,229,234,229,228,220,215,209,202,195,202,206,212,214,219,221,222,222,222,225,225,224,226,225
"River of Ponds (T), Newfoundland and Labrador",1009048,279,277,274,264,261,251,258,255,241,238,230,228,225,222,219,218,220,222,221,221,224,220,218,216,215
"Lamaline (T), Newfoundland and Labrador",1002012,353,341,333,328,322,317,307,294,295,294,290,293,278,287,268,268,258,248,239,228,223,220,217,214,211
"Seal Cove (Fortune Bay) (T), Newfoundland and Labrador",1003010,373,361,349,339,325,314,318,297,296,281,261,257,252,248,249,241,236,230,226,221,219,215,212,208,203
"Chance Cove (T), Newfoundland and Labrador",1001281,344,336,330,329,321,310,296,299,303,299,284,279,274,268,263,254,250,245,226,227,218,221,227,233,235
"Division No. 10, Subd. B (SNO), Newfoundland and Labrador",1010008,502,495,488,485,481,476,454,435,417,393,368,373,373,375,376,369,338,306,275,243,217,217,216,218,218
"Come By Chance (T), Newfoundland and Labrador",1001274,269,269,268,267,265,263,277,269,259,245,251,244,241,232,226,232,228,225,221,218,215,218,224,230,232
"Fleur de Lys (T), Newfoundland and Labrador",1008075,353,349,340,340,334,321,314,314,300,288,265,264,253,241,239,245,238,231,225,218,212,211,210,208,206
"Division No.  2, Subd. D (SNO), Newfoundland and Labrador",1002022,321,311,301,300,291,278,254,254,258,259,263,256,248,242,236,230,225,220,216,211,210,207,204,201,198
"Sandringham (T), Newfoundland and Labrador",1007043,266,260,259,256,257,256,261,262,260,278,278,268,261,256,241,232,228,224,220,213,210,210,209,209,209
"St. Pauls (T), Newfoundland and Labrador",1009020,335,324,321,313,308,310,288,286,276,274,260,257,244,240,248,239,234,228,220,212,208,205,203,201,200
"New Perlican (T), Newfoundland and Labrador",1001328,225,219,211,201,195,188,192,196,202,210,211,207,202,198,192,189,193,196,199,202,205,208,213,218,220
"Division No.  2, Subd. H (SNO), Newfoundland and Labrador",1002016,123,142,159,182,200,220,200,184,171,156,141,149,156,164,171,180,184,187,191,194,200,197,194,192,188
"Woodstock (T), Newfoundland and Labrador",1008096,248,238,227,217,210,199,195,195,195,195,191,192,191,192,192,193,193,195,197,199,200,199,198,196,194
"Gaskiers-Point La Haye (T), Newfoundland and Labrador",1001174,343,333,323,317,307,301,290,280,270,261,236,236,235,236,234,234,226,217,209,201,194,197,202,207,209
"Division No.  3, Subd. D (SNO), Newfoundland and Labrador",1003014,330,334,341,354,363,376,338,318,307,293,269,268,268,267,265,262,247,232,217,203,193,190,187,184,179
"Pool's Cove (T), Newfoundland and Labrador",1003005,209,205,206,197,197,189,182,184,184,182,185,189,190,193,195,194,194,193,193,192,193,190,187,184,179
"Postville (T), Newfoundland and Labrador",1011015,211,219,217,216,219,216,211,208,205,203,204,197,194,187,182,175,180,182,184,186,193,190,187,188,189
"Division No.  5, Subd. E (SNO), Newfoundland and Labrador",1005007,132,141,150,164,177,187,187,188,189,189,188,195,201,206,212,216,212,207,202,196,191,192,192,195,197
"Westport (T), Newfoundland and Labrador",1008093,314,300,290,275,260,246,237,234,231,228,221,216,211,206,202,198,195,194,193,192,190,189,188,186,184
"Heart's Desire (T), Newfoundland and Labrador",1001316,301,286,271,258,243,227,224,224,224,226,225,223,221,220,217,214,209,204,199,193,189,192,197,202,204
"Change Islands (T), Newfoundland and Labrador",1008024,364,348,340,324,312,301,286,288,271,265,259,250,232,238,222,209,203,199,196,192,188,187,186,184,182
"Division No.  9, Subd. A (SNO), Newfoundland and Labrador",1009009,72,102,129,157,187,212,192,173,154,136,117,118,119,119,120,123,137,149,162,174,187,184,182,180,180
"Happy Adventure (T), Newfoundland and Labrador",1007041,249,244,239,237,231,227,224,224,223,224,221,215,212,208,205,202,200,197,194,189,187,187,186,186,186
"Trinity (Trinity Bay) (T), Newfoundland and Labrador",1007015,244,233,219,214,206,191,178,169,160,150,139,146,151,158,165,172,175,179,182,183,187,187,186,186,186
"St. Lewis (T), Newfoundland and Labrador",1010010,296,288,278,270,260,253,239,230,225,219,211,210,208,206,201,197,195,193,189,186,186,186,185,187,187
"Howley (T), Newfoundland and Labrador",1005006,276,266,260,251,248,241,236,231,228,224,223,220,217,213,210,205,201,196,192,186,182,183,183,186,188
"Grand Le Pierre (T), Newfoundland and Labrador",1002030,300,295,289,282,275,266,258,265,270,277,263,252,251,239,235,238,225,212,202,188,181,178,176,174,172
"Red Harbour (T), Newfoundland and Labrador",1002037,228,221,216,212,213,211,203,200,201,199,194,196,195,195,194,191,189,186,184,180,181,179,177,175,172
"Division No.  6, Subd. E (SNO), Newfoundland and Labrador",1006008,189,217,247,277,302,327,301,280,258,238,220,216,211,206,201,197,193,190,186,183,180,181,182,183,182
"Bird Cove (T), Newfoundland and Labrador",1009026,277,248,218,194,161,140,147,157,166,176,184,184,184,183,183,182,182,181,179,178,179,176,174,172,172
"Goose Cove East (T), Newfoundland and Labrador",1009039,292,277,276,253,243,236,229,223,219,218,214,206,198,190,183,177,177,178,177,175,177,174,172,170,170
"Indian Bay (T), Newfoundland and Labrador",1007067,217,215,208,206,202,197,189,185,182,179,176,176,177,177,178,178,179,179,178,176,177,177,177,177,177
"Lushes Bight-Beaumont-Beaumont North (T), Newfoundland and Labrador",1008056,311,306,303,299,284,275,262,257,237,232,220,210,198,188,177,170,171,172,173,174,174,173,172,170,168
"Division No.  8, Subd. I (SNO), Newfoundland and Labrador",1008026,244,237,232,225,217,210,208,209,211,214,212,213,213,215,217,218,207,197,187,177,168,167,166,164,162
"Riverhead (T), Newfoundland and Labrador",1001181,266,258,247,236,226,220,217,216,216,217,213,208,202,197,191,187,183,179,175,171,168,171,175,179,181
"Brighton (T), Newfoundland and Labrador",1008055,238,231,223,221,210,204,194,189,184,179,173,175,177,181,186,191,185,180,176,171,166,165,164,162,160
"Frenchman's Cove (T), Newfoundland and Labrador",1002017,197,195,191,184,173,167,165,167,172,174,174,173,173,172,172,171,169,167,165,161,162,160,158,156,154
"Lord's Cove (T), Newfoundland and Labrador",1002013,237,223,222,217,210,207,198,191,190,184,176,172,170,168,166,164,163,162,161,159,160,158,156,154,152
"Crow Head (T), Newfoundland and Labrador",1008029,221,218,215,215,212,205,201,202,204,206,204,199,193,188,182,179,174,170,167,163,159,158,157,155,153
"Division No.  9, Subd. H (SNO), Newfoundland and Labrador",1009041,204,198,198,193,194,190,185,183,183,184,181,177,174,170,166,162,161,162,160,158,159,156,154,152,151
"Raleigh (T), Newfoundland and Labrador",1009035,309,296,280,269,259,247,235,226,218,210,202,197,191,187,183,179,174,169,163,157,154,152,150,148,147
"Conche (T), Newfoundland and Labrador",1009008,266,257,251,241,232,226,214,206,198,191,182,180,177,174,173,172,167,164,159,154,152,150,148,146,145
"Pacquet (T), Newfoundland and Labrador",1008078,241,236,234,226,215,209,201,198,195,191,185,180,176,172,169,166,162,158,155,152,148,147,146,145,143
"Red Bay (T), Newfoundland and Labrador",1010003,267,261,255,244,239,229,220,215,209,202,195,192,186,182,176,170,166,161,154,149,146,146,146,147,147
"Division No.  8, Subd. M (SNO), Newfoundland and Labrador",1008001,224,218,214,212,204,200,191,185,180,174,167,160,152,145,139,133,134,137,140,143,145,145,144,143,142
"Division No.  7, Subd. A (SNO), Newfoundland and Labrador",1007056,165,168,165,167,169,174,167,161,157,153,147,147,146,146,145,145,145,146,146,144,143,143,143,143,143
"Point of Bay (T), Newfoundland and Labrador",1008047,172,169,171,170,170,164,161,160,161,162,160,160,158,158,156,156,152,149,147,143,141,141,140,139,138
"Baine Harbour (T), Newfoundland and Labrador",1002040,151,149,146,145,142,135,133,133,137,138,139,136,132,129,126,125,126,127,127,128,129,127,125,123,121
"St. Brendan's (T), Newfoundland and Labrador",1007048,253,245,235,228,216,202,189,179,169,159,149,149,148,148,147,147,143,140,137,132,128,128,128,128,128
"Division No.  2, Subd. I (SNO), Newfoundland and Labrador",1002026,186,185,189,194,199,201,185,172,163,151,137,136,136,135,135,138,136,133,131,127,126,124,122,120,118
"Sandy Cove (T), Newfoundland and Labrador",1007039,153,147,142,138,135,133,131,131,132,133,133,130,128,125,124,122,123,124,125,123,123,123,123,123,123
"Brent's Cove (T), Newfoundland and Labrador",1008077,263,254,248,232,217,204,197,195,193,189,182,177,173,168,164,159,151,143,136,128,122,122,121,120,119
"Division No.  1, Subd. D (SNO), Newfoundland and Labrador",1001565,54,70,87,103,118,132,127,124,122,119,116,110,106,100,95,90,97,103,110,116,122,124,127,130,131
"Cook's Harbour (T), Newfoundland and Labrador",1009034,230,226,222,213,202,191,186,185,183,183,176,166,155,143,133,124,124,124,123,120,121,119,118,117,116
"English Harbour East (T), Newfoundland and Labrador",1002039,221,210,205,193,183,169,162,158,157,154,149,147,145,143,141,141,136,132,128,123,120,118,116,114,112
"Division No.  3, Subd. F (SNO), Newfoundland and Labrador",1003024,177,173,173,170,166,164,154,153,148,146,141,138,133,129,125,121,120,120,119,117,118,116,114,112,109
"Rencontre East (T), Newfoundland and Labrador",1003002,206,199,195,188,177,166,156,154,149,146,144,143,140,139,137,140,134,130,124,120,118,116,114,112,109
"Coachman's Cove (T), Newfoundland and Labrador",1008092,127,122,113,104,98,94,92,92,93,92,93,96,98,101,104,106,108,110,111,113,114,114,113,112,111
"Port Anson (T), Newfoundland and Labrador",1008062,175,173,171,166,161,156,156,159,162,165,167,159,152,144,137,131,126,123,119,116,113,113,112,111,110
"Salvage (T), Newfoundland and Labrador",1007046,206,198,193,189,180,176,165,158,151,146,138,135,132,128,128,125,122,120,118,113,110,110,110,110,110
"Division No.  1, Subd. C (SNO), Newfoundland and Labrador",1001214,187,187,186,185,184,184,172,161,151,143,131,125,119,113,107,101,103,104,106,108,109,111,114,117,118
"Colinet (T), Newfoundland and Labrador",1001207,171,171,168,167,167,164,153,142,133,123,110,104,98,92,86,82,87,92,97,102,106,108,111,114,115
"West St. Modeste (T), Newfoundland and Labrador",1010006,176,170,163,154,145,141,136,133,130,126,121,119,117,116,115,113,112,109,108,106,105,105,105,106,106
"Division No.  6, Subd. A (SNO), Newfoundland and Labrador",1006029,111,110,112,113,115,115,110,108,104,100,96,102,110,117,124,129,124,119,113,108,104,104,104,105,105
"Portugal Cove South (T), Newfoundland and Labrador",1001105,255,250,244,240,232,222,209,196,186,175,162,159,158,155,154,151,141,131,122,112,104,106,109,112,113
"Division No.  2, Subd. F (SNO), Newfoundland and Labrador",1002006,148,144,143,140,137,134,132,131,133,133,132,129,126,124,121,119,115,112,108,104,102,101,100,99,98
"Gaultois (T), Newfoundland and Labrador",1003012,327,312,302,291,279,264,258,226,205,193,181,174,165,158,148,136,129,122,115,106,102,100,99,97,95
"Little Bay (T), Newfoundland and Labrador",1008063,138,132,127,124,121,117,115,113,112,111,109,108,106,106,105,106,105,104,104,103,102,102,102,101,100
"Terra Nova (T), Newfoundland and Labrador",1007040,32,38,46,53,60,67,70,74,77,80,83,80,79,77,75,75,81,86,92,96,101,101,101,101,101
"Beachside (T), Newfoundland and Labrador",1008066,177,177,178,180,181,182,174,170,166,160,152,148,144,140,137,133,126,118,112,106,100,100,100,99,98
"Admirals Beach (T), Newfoundland and Labrador",1001186,214,208,202,197,189,185,177,171,165,161,155,152,148,145,142,136,128,121,113,106,99,100,103,106,107
"Miles Cove (T), Newfoundland and Labrador",1008098,179,170,165,156,148,141,139,138,139,140,138,131,123,116,110,105,104,103,101,100,99,99,99,98,97
"Morrisville (T), Newfoundland and Labrador",1003020,153,146,142,136,130,129,123,124,122,120,118,115,112,109,106,102,100,100,98,97,96,94,93,91,89
"Millertown (T), Newfoundland and Labrador",1006028,119,115,110,108,102,100,99,100,101,101,100,95,91,87,83,82,84,85,86,88,89,89,89,89,89
"Point Lance (T), Newfoundland and Labrador",1001225,145,141,137,133,127,121,120,121,121,123,122,118,115,110,107,104,101,98,95,92,89,90,92,94,95
"St. Joseph's (T), Newfoundland and Labrador",1001192,155,151,148,144,146,143,136,130,126,121,116,117,117,117,117,115,110,104,98,93,88,89,91,93,94
"Little Bay East (T), Newfoundland and Labrador",1002055,147,145,142,145,142,141,136,135,135,134,132,130,130,130,130,128,119,110,102,93,86,85,84,83,82
"Division No.  7, Subd. I (SNO), Newfoundland and Labrador",1007018,138,139,136,133,130,121,116,112,110,106,103,95,89,81,76,72,75,77,79,80,82,82,82,82,82
"Division No.  9, Subd. F (SNO), Newfoundland and Labrador",1009001,314,275,231,197,153,119,109,100,93,86,78,77,76,73,73,72,75,77,78,80,82,81,80,79,78
"King's Cove (T), Newfoundland and Labrador",1007027,161,153,145,139,129,121,118,116,115,114,112,107,103,98,94,91,88,86,83,79,77,77,77,77,77
"Nippers Harbour (T), Newfoundland and Labrador",1008070,193,183,177,165,159,153,146,142,138,134,129,120,111,104,96,86,84,82,80,79,77,77,77,76,75
"Aquaforte (T), Newfoundland and Labrador",1001144,135,129,123,119,111,104,99,95,92,88,84,84,83,82,80,81,80,79,78,77,76,77,79,81,82
"Division No.  3, Subd. E (SNO), Newfoundland and Labrador",1003021,165,160,155,147,141,136,127,125,121,118,116,112,107,104,97,90,86,84,81,78,76,75,74,73,71
"Point au Gaul (T), Newfoundland and Labrador",1002015,97,101,92,90,88,86,87,89,93,95,98,96,95,93,91,89,84,80,76,71,68,67,66,65,64
"Pinware (T), Newfoundland and Labrador",1010007,143,134,129,123,115,115,112,111,112,111,109,106,102,99,93,88,84,79,75,70,66,66,66,67,67
"Division No.  3, Subd. I (SNO), Newfoundland and Labrador",1003038,184,176,168,163,158,152,138,132,122,114,105,103,99,96,91,87,82,77,71,66,62,61,60,59,58
"Division No.  7, Subd. B (SNO), Newfoundland and Labrador",1007051,3,5,9,11,13,15,17,20,22,23,25,21,19,16,12,11,21,31,41,51,59,59,59,59,59
"Division No. 10, Subd. A (SNO), Newfoundland and Labrador",1010001,65,64,65,67,69,69,63,60,57,53,50,52,55,57,60,62,61,60,59,58,57,57,57,57,57
"Division No.  7, Subd. N (SNO), Newfoundland and Labrador",1007045,16,28,42,56,68,80,74,69,65,61,58,55,52,51,50,49,50,52,54,55,56,56,56,56,56
"Division No. 10, Subd. C (SNO), Newfoundland and Labrador",1010020,60,60,61,60,61,59,59,59,59,57,55,58,60,62,67,73,70,66,63,59,56,56,56,56,56
"St. Shott's (T), Newfoundland and Labrador",1001120,146,138,130,123,115,109,102,96,91,87,82,79,75,73,69,66,63,61,59,57,55,56,57,58,59
"Bellburns (T), Newfoundland and Labrador",1009042,80,79,80,80,81,83,78,74,70,66,63,61,59,56,55,53,53,54,53,53,53,52,51,50,50
"Division No.  9, Subd. G (SNO), Newfoundland and Labrador",1009047,87,88,85,86,83,83,76,69,63,57,50,48,46,44,42,42,45,47,48,49,51,50,49,49,49
"Gallants (T), Newfoundland and Labrador",1004017,66,63,60,58,57,54,55,55,56,58,59,57,55,54,51,50,51,50,50,50,51,51,51,51,51
"Port Kirwan (T), Newfoundland and Labrador",1001140,103,99,96,93,88,85,81,76,73,70,66,63,60,58,55,53,52,51,50,50,49,50,51,52,52
"Keels (T), Newfoundland and Labrador",1007025,86,84,80,79,76,74,70,68,66,64,62,59,58,55,54,52,51,51,49,48,47,47,47,47,47
"Division No.  1, Subd. V (SNO), Newfoundland and Labrador",1001101,64,64,65,64,65,65,65,64,64,64,63,57,52,47,42,37,38,39,40,40,41,42,43,44,44
"Division No.  3, Subd. J (SNO), Newfoundland and Labrador",1003042,115,106,97,90,80,71,65,63,59,55,51,52,52,52,52,52,49,46,43,40,38,37,37,36,35
"Duntara (T), Newfoundland and Labrador",1007026,74,74,74,73,73,72,66,61,56,51,47,44,40,37,34,31,33,34,35,36,37,37,37,37,37
"Division No.  1, Subd. K (SNO), Newfoundland and Labrador",1001405,0,7,13,20,26,32,35,38,40,44,47,42,39,35,31,28,30,31,33,35,36,37,38,39,39
"Division No.  2, Subd. L (SNO), Newfoundland and Labrador",1002044,4,12,20,28,36,43,37,30,25,20,15,11,9,5,3,1,8,14,21,27,33,33,33,32,32
"Division No.  3, Subd. C (SNO), Newfoundland and Labrador",1003009,0,2,4,6,8,10,8,6,4,2,0,0,0,0,0,1,7,13,19,26,31,31,31,31,30
"Division No.  5, Subd. D (SNO), Newfoundland and Labrador",1005019,8,7,6,6,6,5,4,5,5,5,5,12,17,24,30,35,34,33,32,32,31,31,31,31,31
"Division No.  2, Subd. G (SNO), Newfoundland and Labrador",1002009,4,5,7,8,9,10,10,10,10,10,10,10,10,10,10,10,13,16,19,22,25,25,25,25,25
"Sally's Cove (T), Newfoundland and Labrador",1009037,36,41,47,53,60,64,55,48,40,33,27,25,23,21,21,20,19,18,17,16,15,15,15,15,15
"Division No.  8, Subd. D (SNO), Newfoundland and Labrador",1008052,2,4,6,8,8,10,9,8,7,6,5,6,7,8,9,10,9,8,7,6,5,5,5,5,5
"Tilt Cove (T), Newfoundland and Labrador",1008073,9,9,7,7,5,5,5,5,5,5,5,5,5,5,5,5,5,5,5,5,5,5,5,5,5
"Division No.  1, Subd. J (SNO), Newfoundland and Labrador",1001391,0,0,0,0,0,0,0,0,0,0,0,0,0,0,0,0,0,0,0,0,0,0,0,0,0
"Division No.  2, Subd. J (SNO), Newfoundland and Labrador",1002029,2,2,2,0,0,0,0,0,0,0,0,0,0,0,0,0,0,0,0,0,0,0,0,0,0
"Division No.  3, Subd. A (SNO), Newfoundland and Labrador",1003001,0,0,0,0,0,0,1,2,3,4,5,9,13,17,20,23,19,14,9,4,0,0,0,0,0
"Division No.  3, Subd. B (SNO), Newfoundland and Labrador",1003006,0,0,0,0,0,0,1,2,3,4,5,4,3,2,1,0,0,0,0,0,0,0,0,0,0
"Division No. 10, Subd. E (SNO), Newfoundland and Labrador",1010042,581,475,361,250,133,0,0,0,0,0,0,0,0,0,0,0,0,0,0,0,0,0,0,0,0
"Division No. 11, Subd. C (SNO), Newfoundland and Labrador",1011005,0,0,0,0,0,0,0,0,0,0,0,0,0,0,0,0,0,0,0,0,0,0,0,0,0
"Division No. 11, Subd. E (SNO), Newfoundland and Labrador",1011040,0,0,0,0,0,0,0,0,0,0,0,0,0,0,0,0,0,0,0,0,0,0,0,0,0
"Little Bay Islands (T), Newfoundland and Labrador",1008064,178,171,166,162,157,152,139,129,119,109,98,92,86,80,74,68,54,40,26,12,0,0,0,0,0
"Charlottetown (CY), Prince Edward Island",1102075,32669,32681,32694,32695,32727,32707,32916,33308,33962,34604,35646,35973,35652,35848,36272,37292,38163,38782,39831,40777,41034,42244,44643,47305,48118
"Summerside (CY), Prince Edward Island",1103025,14871,14873,14852,14855,14805,14717,14656,14942,14873,15022,15090,15198,15159,15037,15051,15231,15442,15787,16245,16596,16745,17157,17756,18429,19006
"Stratford (T), Prince Edward Island",1102080,6397,6558,6680,6852,7011,7211,7324,7602,7991,8449,8879,8994,9172,9350,9770,10040,10326,10634,10984,11243,11506,12066,12532,12943,13152
"Three Rivers (T), Prince Edward Island",1101045,7766,7728,7674,7642,7635,7484,7376,7457,7462,7499,7527,7430,7326,7396,7247,7310,7429,7490,7725,7994,8315,8612,8836,9097,9322
"Cornwall (T), Prince Edward Island",1102085,4461,4510,4572,4631,4715,4778,4824,4901,5025,5174,5335,5427,5404,5420,5440,5541,5828,6111,6394,6677,6920,7171,7494,7791,7920
"New Glasgow (FD), Prince Edward Island",1102017,3513,3511,3517,3528,3526,3524,3537,3635,3629,3699,3825,3851,3867,3901,3869,3979,4059,4148,4193,4338,4473,4880,5299,5407,5502
"West River (RM), Prince Edward Island",1102068,2659,2695,2737,2785,2831,2857,2848,2854,2894,2948,3026,3071,3090,3126,3139,3216,3277,3391,3492,3550,3633,3762,3934,4089,4155
"Kensington, Part 1 (FD), Prince Edward Island",1103067,3097,3138,3176,3228,3250,3270,3270,3258,3392,3381,3353,3294,3282,3303,3279,3251,3217,3204,3211,3187,3229,3422,3381,3417,3357
"O'Leary (FD), Prince Edward Island",1103065,2811,2795,2786,2776,2747,2715,2682,2691,2648,2569,2567,2617,2557,2518,2477,2432,2506,2509,2550,2586,2693,2820,2840,2823,2878
"Vernon River (FD), Prince Edward Island",1102016,2206,2191,2185,2172,2167,2137,2178,2176,2185,2210,2218,2275,2260,2272,2246,2371,2435,2467,2475,2523,2646,2689,2718,2834,2779
"North Shore (RM), Prince Edward Island",1102067,1804,1810,1822,1831,1844,1855,1854,1869,1906,1957,2022,2074,2086,2111,2136,2199,2246,2382,2464,2544,2619,2718,2839,2919,2994
"East River, Part 1 (FD), Prince Edward Island",1102064,1955,1960,1980,2002,2022,2029,2007,1999,2017,2046,2099,2124,2106,2100,2089,2111,2154,2218,2271,2352,2427,2454,2488,2593,2657
"Alberton (FD), Prince Edward Island",1103064,2299,2302,2321,2325,2317,2297,2319,2348,2311,2302,2264,2350,2265,2244,2220,2208,2287,2250,2280,2272,2329,2312,2458,2386,2426
"Crossroads (FD), Prince Edward Island",1102010,1503,1531,1557,1585,1617,1644,1640,1648,1678,1718,1765,1804,1807,1818,1830,1867,1946,1957,1956,1955,1955,2031,2128,2240,2366
"Kensington (T), Prince Edward Island",1103014,1400,1422,1465,1471,1502,1530,1529,1545,1540,1542,1546,1569,1586,1592,1618,1653,1692,1742,1714,1770,1898,1918,2006,1987,2016
"Wellington (FD), Prince Edward Island",1103020,1977,1982,2003,2019,2022,2035,2031,1956,1985,2015,1965,1888,1917,1908,1935,1942,1934,1838,1854,1869,1880,1874,1970,1963,1972
"Tignish (FD), Prince Edward Island",1103061,2097,2111,2105,2109,2104,2089,2124,2052,1944,2024,1967,1887,1929,1880,1868,1846,1817,1872,1846,1864,1878,1922,1972,2013,2041
"Souris (FD), Prince Edward Island",1101035,2117,2100,2098,2118,2100,2089,2032,2038,2031,1982,1961,1928,1901,1860,1878,1860,1823,1846,1891,1835,1824,1831,1951,1971,1981
"Belfast (RM), Prince Edward Island",1102002,1781,1766,1766,1770,1767,1745,1692,1657,1663,1655,1682,1721,1731,1680,1665,1680,1728,1719,1736,1746,1759,1915,2035,2084,2110
"Crapaud, Part 1 (FD), Prince Edward Island",1102018,1527,1539,1552,1565,1587,1592,1540,1568,1571,1565,1604,1581,1649,1633,1578,1638,1683,1699,1721,1633,1641,1671,1656,1770,1781
"New London (FD), Prince Edward Island",1102071,1354,1352,1359,1364,1363,1363,1308,1365,1283,1280,1370,1354,1319,1372,1394,1361,1391,1375,1424,1477,1593,1644,1542,1504,1443
"North Shore (FD), Prince Edward Island",1102073,1184,1185,1190,1194,1200,1201,1205,1217,1243,1280,1322,1356,1363,1380,1397,1434,1435,1488,1501,1526,1552,1601,1630,1640,1609
"Murray River, Part 1 (FD), Prince Edward Island",1101005,1559,1537,1539,1529,1523,1484,1513,1451,1468,1461,1464,1410,1405,1399,1391,1368,1400,1456,1444,1500,1467,1455,1562,1556,1638
"Alberton (T), Prince Edward Island",1103052,1119,1103,1098,1102,1080,1095,1027,1045,1055,1069,1172,1116,1123,1119,1120,1176,1143,1243,1279,1334,1362,1369,1454,1523,1498
"Kinkora (FD), Prince Edward Island",1103003,1293,1304,1319,1344,1371,1370,1356,1395,1359,1376,1405,1367,1369,1336,1348,1324,1372,1353,1334,1318,1340,1349,1331,1413,1416
"Malpeque Bay (RM), Prince Edward Island",1103007,993,1004,1014,1021,1024,1027,1013,993,1026,1071,1038,1062,1015,1049,1006,1052,1041,1082,1107,1145,1259,1272,1305,1332,1351
"Miltonvale Park (RM), Prince Edward Island",1102040,1208,1200,1191,1189,1190,1193,1181,1174,1183,1195,1199,1209,1193,1182,1173,1195,1246,1228,1242,1295,1258,1252,1296,1292,1279
"Morell (FD), Prince Edward Island",1101043,1141,1144,1146,1148,1167,1153,1104,1099,1086,1043,1066,1039,1058,1086,1099,1089,1127,1151,1189,1248,1256,1312,1333,1344,1422
"Central Prince (RM), Prince Edward Island",1103043,1119,1123,1117,1130,1143,1144,1157,1140,1150,1132,1155,1147,1138,1131,1106,1082,1124,1120,1159,1171,1187,1278,1266,1312,1287
"Kingston (RM), Prince Edward Island",1102022,928,931,939,947,953,955,950,952,964,979,1002,1016,1024,1037,1043,1071,1092,1112,1133,1148,1158,1292,1305,1330,1308
"Miminegash (FD), Prince Edward Island",1103063,1313,1312,1319,1315,1309,1298,1300,1270,1229,1228,1195,1174,1177,1146,1122,1147,1122,1103,1106,1118,1141,1182,1168,1139,1166
"Souris (T), Prince Edward Island",1101036,1244,1240,1233,1240,1244,1238,1270,1250,1230,1235,1191,1146,1150,1118,1089,1065,1025,993,1017,1097,1121,1137,1215,1237,1285
"Miscouche (RM), Prince Edward Island",1103024,772,775,777,784,781,780,771,840,787,819,902,820,854,903,857,903,909,952,944,977,1042,1033,1056,1131,1113
"O'Leary (T), Prince Edward Island",1103042,863,875,869,868,864,874,893,854,832,825,825,782,818,811,837,834,846,862,883,901,916,918,950,978,1021
"Miscouche (FD), Prince Edward Island",1103040,730,749,763,781,799,820,828,827,857,872,828,896,874,833,804,843,843,857,865,873,886,906,947,944,975
"Borden (FD), Prince Edward Island",1103002,736,749,759,774,785,789,811,795,800,795,785,774,750,736,744,729,744,762,794,804,846,844,885,899,905
"Borden-Carleton (T), Prince Edward Island",1103005,806,805,808,813,808,793,797,825,727,737,767,763,754,742,737,743,755,771,791,810,827,859,893,907,931
"Tignish (T), Prince Edward Island",1103059,840,833,823,816,799,761,800,788,844,783,792,803,741,777,720,739,709,667,719,752,777,795,816,833,845
"St. Peters (FD), Prince Edward Island",1101037,825,827,835,841,852,843,846,821,829,834,795,776,778,723,744,724,721,714,712,729,716,681,710,704,724
"Eastern Kings (RM), Prince Edward Island",1101040,792,764,749,737,744,735,713,714,711,704,696,675,672,672,668,662,679,681,704,717,704,731,749,783,766
"Tyne Valley (FD), Prince Edward Island",1103021,647,646,646,651,650,636,638,647,655,634,650,642,619,639,642,637,657,662,689,697,698,704,731,731,779
"North Rustico (T), Prince Edward Island",1102046,648,637,633,624,620,611,598,590,589,592,602,614,614,616,620,632,641,648,658,665,671,695,727,756,768
"Murray Harbour (FD), Prince Edward Island",1101003,563,562,559,555,561,547,581,553,537,530,530,520,522,531,540,546,564,553,570,606,657,670,687,703,714
"Lot 11 and Area (RM), Prince Edward Island",1103039,691,691,688,691,697,687,655,659,670,660,669,662,656,645,656,651,625,634,640,642,648,683,711,765,752
"Clyde River (RM), Prince Edward Island",1102037,589,599,602,608,617,625,609,597,592,591,593,616,626,638,651,670,667,660,655,649,644,667,698,725,737
"Brackley (RM), Prince Edward Island",1102055,604,591,581,571,554,542,538,539,548,562,577,592,593,597,600,612,614,614,617,616,616,638,667,693,704
"East River, Part 2 (FD), Prince Edward Island",1101052,484,487,483,471,472,465,448,479,474,488,489,479,483,489,491,497,515,532,557,584,602,602,605,607,617
"Kensington, Part 2 (FD), Prince Edward Island",1102066,463,459,460,460,457,453,449,449,438,444,463,444,466,451,455,464,490,501,496,518,575,587,565,574,581
"Crapaud, Part 2 (FD), Prince Edward Island",1103004,458,471,479,486,493,499,535,504,517,509,499,496,474,472,499,478,481,501,526,551,574,587,602,633,581
"Wellington (RM), Prince Edward Island",1103029,385,385,387,390,397,403,409,417,423,405,420,425,447,451,433,419,446,462,462,442,430,427,421,414,445
"Hunter River (RM), Prince Edward Island",1102043,355,345,338,335,330,323,299,294,312,324,298,306,309,332,356,366,365,364,380,395,413,424,443,460,499
"Kinkora (RM), Prince Edward Island",1103008,318,324,326,327,333,330,333,339,341,346,347,348,347,344,343,346,356,369,381,395,407,416,427,425,431
"York (RM), Prince Edward Island",1102061,343,344,346,347,348,351,352,354,362,373,386,397,400,406,413,424,410,417,414,409,406,442,475,441,437
"Central Kings (RM), Prince Edward Island",1101027,407,398,398,390,388,380,364,368,369,366,364,375,357,348,347,341,368,351,353,373,405,415,411,399,402
"Souris West (RM), Prince Edward Island",1101033,417,419,423,420,417,412,380,405,397,414,380,371,376,358,374,369,371,387,390,391,400,405,415,425,432
"Warren Grove (RM), Prince Edward Island",1102070,325,325,327,334,335,337,340,345,351,359,366,367,360,357,352,358,353,332,356,387,395,379,402,432,439
"Johnstons River (FD), Prince Edward Island",1102015,289,291,295,300,305,308,306,305,308,313,322,326,323,323,321,324,342,361,367,382,390,409,428,436,478
"Crapaud (RM), Prince Edward Island",1102034,383,382,377,370,363,358,337,327,336,346,352,351,343,334,326,328,341,349,360,370,378,419,438,455,490
"Murray River, Part 2 (FD), Prince Edward Island",1102003,209,210,214,220,225,227,217,209,219,210,204,218,233,231,225,241,270,296,323,350,374,387,405,422,429
"Stanley Bridge, Hope River, Bayview, Cavendish and North Rustico (RMU), Prince Edward Island",1102045,262,263,263,263,265,268,266,265,267,265,265,281,293,285,309,324,333,338,331,354,374,387,405,397,404
"Hampshire (RM), Prince Edward Island",1102021,329,327,328,330,330,329,326,325,328,331,337,345,346,349,354,363,364,361,360,358,356,355,353,366,390
"Winsloe North (FD), Prince Edward Island",1102069,223,222,222,221,221,219,221,225,232,240,249,255,258,262,266,275,289,307,318,337,355,351,368,387,383
"Abram-Village (RM), Prince Edward Island",1103027,343,327,315,305,288,270,281,268,281,269,274,280,285,279,285,281,295,309,325,340,354,373,367,389,375
"Murray River (RM), Prince Edward Island",1101004,435,429,438,437,437,430,403,391,373,353,339,326,322,320,313,311,325,337,354,339,352,359,369,378,384
"North Rustico (FD), Prince Edward Island",1102019,231,232,232,235,235,236,237,242,244,251,259,264,263,262,263,268,285,299,311,327,344,352,368,382,375
"Linkletter (RM), Prince Edward Island",1103023,325,321,319,319,315,316,309,312,306,330,313,334,329,323,320,305,324,315,347,342,330,338,347,354,359
"St. Felix (RM), Prince Edward Island",1103053,384,382,384,383,379,376,374,366,354,349,339,331,330,328,317,331,321,312,311,318,329,336,345,353,357
"Bedeque and Area (RM), Prince Edward Island",1103015,343,337,325,312,300,292,302,283,307,331,314,319,311,308,310,313,305,323,343,335,324,333,334,320,322
"Lennox Island 1 (IRI), Prince Edward Island",1103035,264,263,264,260,259,259,267,279,288,295,305,327,335,337,335,330,326,332,327,325,324,331,340,347,352
"Morell (RM), Prince Edward Island",1101048,336,326,322,322,315,311,305,312,315,318,319,304,307,298,303,303,317,322,337,315,313,317,335,348,332
"Murray Harbour (RM), Prince Edward Island",1101002,359,356,355,355,359,359,344,340,334,327,322,305,297,289,298,261,266,272,279,290,294,300,307,315,320
"Greenmount-Montrose (RM), Prince Edward Island",1103055,333,336,341,340,344,343,340,332,329,328,325,324,324,297,298,298,291,278,291,282,273,279,280,294,286
"Alexandra (RM), Prince Edward Island",1102013,210,208,207,203,201,196,195,196,198,201,205,208,207,207,207,209,217,236,243,251,262,282,291,273,275
"Scotchfort 4 (IRI), Prince Edward Island",1102057,116,119,121,125,131,139,141,142,147,150,154,165,175,186,198,208,217,222,230,237,243,252,264,274,278
"St. Peters Bay (RM), Prince Edward Island",1101044,270,263,257,252,252,252,249,252,257,256,261,243,248,246,243,242,239,239,239,244,243,249,255,261,264
"West Point (FD), Prince Edward Island",1103066,282,281,282,280,281,281,284,272,259,256,252,250,245,240,237,235,243,235,238,242,243,249,256,261,265
"Tyne Valley (RM), Prince Edward Island",1103033,225,225,227,226,230,229,227,228,227,228,228,236,240,243,249,254,249,245,242,241,238,243,249,254,257
"Mount Stewart (RM), Prince Edward Island",1102059,313,306,293,284,274,263,253,245,240,237,231,231,226,220,214,215,221,225,229,234,237,244,255,265,269
"Annandale - Little Pond - Howe Bay (RM), Prince Edward Island",1101030,299,297,296,293,293,286,277,277,274,268,265,247,237,229,219,210,226,226,228,234,234,239,245,251,255
"Hazelbrook (RM), Prince Edward Island",1102011,163,167,170,173,177,181,181,182,186,190,196,200,201,202,204,208,222,224,227,230,230,238,249,259,263
"St. Nicholas (RM), Prince Edward Island",1103022,173,182,189,197,207,214,221,205,217,214,209,224,219,217,216,217,221,222,217,223,229,234,240,245,249
"Union Road (RM), Prince Edward Island",1102050,228,231,235,238,242,248,242,239,239,239,240,234,224,216,209,209,214,215,218,221,222,230,241,250,254
"Sherbrooke (RM), Prince Edward Island",1103018,180,180,178,175,174,170,172,174,175,176,176,173,170,165,162,163,167,173,177,182,187,191,196,200,203
"North Wiltshire (RM), Prince Edward Island",1102020,185,184,185,186,186,185,184,183,184,187,189,195,195,197,199,204,201,197,193,189,185,192,201,209,212
"Breadalbane (RM), Prince Edward Island",1102051,171,172,171,173,172,173,169,167,168,171,178,180,178,177,173,170,172,173,175,176,177,183,191,199,202
"Northport (RM), Prince Edward Island",1103050,175,177,179,182,184,186,188,192,194,197,196,209,188,196,196,187,190,179,168,160,165,169,173,177,180
"North River (FD), Prince Edward Island",1102072,119,120,121,122,124,124,125,125,125,125,130,129,131,136,132,139,141,146,153,158,164,170,178,185,188
"Miminegash (RM), Prince Edward Island",1103062,190,188,187,184,180,178,177,177,176,176,177,171,165,158,153,151,151,152,152,153,154,158,162,165,167
"Victoria (RM), Prince Edward Island",1102032,119,110,102,94,87,79,84,89,94,100,106,101,94,89,81,78,92,105,118,131,144,149,156,162,165
"Central Kings (FD), Prince Edward Island",1101025,170,169,171,168,171,169,164,166,166,164,162,151,145,139,132,125,130,137,134,138,142,145,149,153,155
"Cardigan (FD), Prince Edward Island",1101020,126,124,125,126,126,127,127,130,130,128,131,126,129,128,129,130,130,127,129,132,132,135,138,141,143
"Darlington (RM), Prince Edward Island",1102035,82,82,82,83,83,83,81,82,83,83,86,87,88,88,89,91,95,97,100,102,105,109,114,119,121
"Victoria (FD), Prince Edward Island",1103068,81,83,85,86,87,88,93,88,90,89,87,87,84,84,87,85,83,85,87,90,90,92,94,96,97
"Montague (FD), Prince Edward Island",1102005,91,90,89,89,87,85,83,82,81,82,85,87,86,82,83,81,82,80,80,80,78,82,86,89,90
"St. Louis (RM), Prince Edward Island",1103057,99,96,93,89,86,81,75,69,62,56,52,56,59,62,65,67,67,68,69,70,71,73,75,77,78
"Tignish Shore (RM), Prince Edward Island",1103060,73,74,74,74,73,73,73,71,69,69,67,65,65,64,62,64,63,63,64,65,67,69,71,73,74
"Rocky Point 3 (IRI), Prince Edward Island",1102030,42,41,41,40,41,41,42,45,46,48,50,51,50,51,52,53,52,51,51,50,49,51,53,55,56
"Morell 2 (IRI), Prince Edward Island",1101050,11,11,12,12,14,15,17,19,20,22,24,24,24,25,24,22,22,23,23,25,25,26,27,28,28
"Halifax (RGM), Nova Scotia",1209034,369716,374909,378503,381135,382354,384961,386866,390372,394063,398693,402288,404371,405511,406896,409071,414168,421281,428781,438220,448718,456241,471974,488595,508991,516822
"Cape Breton (RGM), Nova Scotia",1217030,108723,107610,106977,106909,105491,104585,103174,102125,101163,100430,99397,98797,97827,97107,96252,95997,95825,96155,97779,97626,95991,97999,103757,106942,106752
"Lunenburg (MD), Nova Scotia",1206001,26232,26138,26080,25955,25872,25721,25694,25918,25457,25446,25596,25541,25352,25313,25234,25260,25442,25470,25752,25930,26220,26641,26924,26951,26862
"East Hants (MD), Nova Scotia",1208008,21437,21525,21653,21763,21830,22053,22149,22281,22311,22534,22657,22837,22792,22708,22801,22914,23195,23361,23689,24169,24450,24859,25670,26423,26960
"Kings, Subd. A (SC), Nova Scotia",1207001,23033,22989,22983,22946,22868,22803,22673,22546,22773,22639,22646,22539,22525,22494,22533,22673,22845,23226,23340,23526,23560,24037,24109,24238,24574
"Colchester, Subd. B (SC), Nova Scotia",1210008,19130,19346,19536,19691,19773,19782,19625,19989,20115,20070,20077,20074,19974,19736,19680,19908,19882,19971,20004,20086,20383,20787,21100,21344,21578
"West Hants (RM), Nova Scotia",1208003,19231,19166,19166,19236,19192,19226,19205,19143,19290,19448,19498,19456,19394,19429,19331,19335,19446,19732,19788,19852,20034,20271,20276,20241,20318
"Colchester, Subd. C (SC), Nova Scotia",1210001,13747,13760,13792,13794,13698,13643,13575,13741,13788,13731,13636,13454,13395,13304,13348,13311,13415,13345,13388,13399,13389,13684,13946,14029,14211
"Truro (T), Nova Scotia",1210006,11763,11828,11940,11985,12023,12067,12286,11973,12141,12219,12359,12449,12406,12541,12379,12499,12463,12693,12900,13185,13360,13398,13643,14314,14652
"Kings, Subd. B (SC), Nova Scotia",1207016,11934,11999,12095,12194,12277,12349,12189,12158,12197,12172,12282,12275,12219,12180,12111,12070,12191,12215,12228,12239,12309,12387,12620,12601,12661
"Chester (MD), Nova Scotia",1206009,11073,11048,11041,11044,11013,10959,10895,10786,10827,10824,10772,10815,10706,10518,10535,10446,10579,10680,10678,10809,10960,11273,11487,11743,11740
"Queens (RGM), Nova Scotia",1204010,11889,11787,11668,11609,11486,11332,11234,11171,11102,11110,11020,10957,10728,10527,10427,10378,10308,10341,10422,10534,10676,10772,10843,10944,10997
"Yarmouth (MD), Nova Scotia",1202004,10729,10728,10739,10730,10600,10545,10496,10388,10317,10300,10296,10240,10071,9913,9965,9993,10067,10090,10151,10172,10338,10413,10628,10706,10637
"New Glasgow (T), Nova Scotia",1212014,9679,9661,9665,9694,9681,9681,9722,9690,9709,9719,9739,9611,9435,9416,9267,9217,9251,9297,9437,9561,9750,9916,10067,10282,10378
"Amherst (T), Nova Scotia",1211011,9707,9702,9679,9679,9706,9739,9781,9751,9832,9868,9896,9740,9639,9664,9548,9553,9530,9498,9479,9570,9662,9625,9814,9980,10072
"Antigonish, Subd. A (SC), Nova Scotia",1214001,7888,7907,7899,7918,7939,7926,7930,8033,8079,8502,8405,8403,8364,8343,8327,8434,8455,8526,8699,8933,9222,9361,9430,9626,9682
"Bridgewater (T), Nova Scotia",1206004,7842,7879,7950,8020,8085,8138,8025,8047,8387,8426,8429,8371,8408,8455,8519,8682,8780,8751,8830,8976,9034,9211,9495,9764,9989
"Pictou, Subd. C (SC), Nova Scotia",1212011,9420,9365,9360,9355,9310,9228,8981,8944,9002,8990,9044,8889,8766,8718,8554,8591,8654,8482,8544,8585,8616,8652,8739,8803,8847
"Kings, Subd. C (SC), Nova Scotia",1207011,8157,8185,8207,8246,8271,8360,8394,8418,8422,8403,8461,8343,8322,8258,8231,8240,8315,8315,8432,8512,8590,8591,8700,8834,8994
"Argyle (MD), Nova Scotia",1202001,8920,8907,8929,8938,8874,8853,8881,8739,8679,8518,8402,8283,8214,8176,7987,8030,8011,8031,8002,8048,8084,8104,8184,8204,8216
"Clare (MD), Nova Scotia",1203001,9294,9222,9223,9160,9102,8957,8779,8611,8494,8507,8421,8229,8125,8154,8136,8112,8007,7865,7802,7781,7862,7945,7850,7963,8020
"Digby (MD), Nova Scotia",1203004,8478,8407,8397,8322,8272,8136,7924,7878,7741,7631,7564,7470,7319,7222,7188,7198,7295,7251,7339,7384,7436,7567,7794,7710,7528
"Yarmouth (T), Nova Scotia",1202006,7742,7682,7620,7539,7413,7333,7158,7119,7049,6979,6875,6834,6706,6586,6607,6624,6734,6850,6934,6958,7017,7068,7054,7085,7129
"Cumberland, Subd. B (SC), Nova Scotia",1211006,8312,8230,8127,8049,7969,7901,7788,7890,7735,7752,7575,7402,7320,7214,7138,6965,7044,7019,6973,6922,6978,6966,7068,7086,7015
"Kentville (T), Nova Scotia",1207012,5768,5767,5822,5852,5885,5979,6001,6108,6079,6240,6235,6304,6265,6314,6350,6393,6478,6548,6622,6681,6838,7083,7226,7425,7589
"Barrington (MD), Nova Scotia",1201001,7840,7849,7760,7670,7583,7489,7388,7322,7251,7184,7109,6991,6837,6802,6722,6748,6757,6739,6706,6664,6703,6727,6753,6742,6720
"Pictou, Subd. A (SC), Nova Scotia",1212001,6522,6515,6533,6539,6560,6532,6525,6479,6468,6543,6505,6586,6511,6269,6227,6163,6062,6092,6166,6173,6313,6503,6678,6566,6575
"Pictou, Subd. B (SC), Nova Scotia",1212006,6411,6370,6340,6316,6271,6250,6162,6070,6215,6237,6119,6215,6245,6175,6228,6286,6145,6243,6155,6257,6282,6223,6291,6352,6482
"Antigonish, Subd. B (SC), Nova Scotia",1214006,6977,6908,6799,6765,6718,6670,6658,6646,6656,6522,6573,6515,6421,6377,6402,6388,6424,6432,6428,6402,6280,6360,6439,6484,6486
"Annapolis, Subd. A (SC), Nova Scotia",1205004,6730,6667,6609,6526,6484,6436,6353,6240,6117,6169,6061,5958,5889,5896,5828,5943,6001,5971,5989,6005,6139,6343,6636,6729,6719
"Cumberland, Subd. C (SC), Nova Scotia",1211009,5348,5392,5469,5522,5579,5645,5600,5589,5523,5394,5430,5398,5336,5256,5284,5356,5386,5496,5594,5679,5846,5893,5978,6023,6040
"Kings, Subd. D (SC), Nova Scotia",1207021,5305,5358,5438,5505,5582,5633,5574,5514,5339,5381,5298,5317,5221,5178,5241,5311,5319,5325,5321,5318,5408,5524,5860,6414,6517
"Annapolis, Subd. C (SC), Nova Scotia",1205014,5198,5190,5191,5188,5209,5210,5124,5191,5131,5112,5108,5086,4996,5053,5123,5015,5069,5191,5206,5230,5400,5396,5561,5612,5694
"Inverness, Subd. A (SC), Nova Scotia",1215011,6139,6117,6078,6053,5997,5923,5716,5535,5457,5410,5336,5273,5203,5120,5103,5117,5179,5222,5233,5289,5325,5356,5360,5410,5389
"Wolfville (T), Nova Scotia",1207024,3762,3755,3777,3806,3835,3905,3983,4077,4187,4292,4388,4363,4343,4312,4293,4306,4506,4701,4892,5078,5247,5332,5418,5516,5587
"Inverness, Subd. B (SC), Nova Scotia",1215006,5891,5843,5776,5712,5608,5467,5341,5288,5234,5256,5223,5142,5142,5042,5021,4987,5004,4937,5018,4941,4983,5012,5169,5166,5138
"Antigonish (T), Nova Scotia",1214002,4838,4712,4609,4505,4433,4332,4402,4423,4524,4488,4636,4577,4492,4445,4449,4443,4510,4569,4655,4762,4829,4844,4929,5101,5175
"Annapolis, Subd. B (SC), Nova Scotia",1205009,4938,4906,4856,4828,4808,4759,4754,4702,4776,4694,4650,4673,4683,4591,4507,4499,4604,4625,4630,4689,4704,4858,4914,5000,5086
"Guysborough (MD), Nova Scotia",1213004,6256,6103,5990,5869,5734,5630,5420,5380,5250,5059,5018,4978,4897,4781,4698,4664,4582,4537,4519,4578,4687,4734,4738,4765,4721
"Shelburne (MD), Nova Scotia",1201006,5022,5009,4989,4968,4946,4900,4675,4607,4499,4527,4465,4396,4334,4361,4334,4337,4328,4339,4387,4370,4458,4607,4516,4612,4542
"Cumberland, Subd. D (SC), Nova Scotia",1211014,4581,4574,4556,4573,4559,4513,4435,4405,4390,4352,4328,4344,4356,4292,4240,4205,4213,4221,4275,4291,4401,4436,4482,4634,4692
"Victoria, Subd. B (SC), Nova Scotia",1218001,4268,4287,4272,4247,4246,4156,4177,4042,3944,3890,3865,3839,3884,3930,3951,4005,4021,4052,4069,4075,4185,4196,4197,4226,4258
"Stellarton (T), Nova Scotia",1212009,4938,4904,4900,4888,4864,4833,4787,4770,4626,4651,4572,4447,4435,4331,4348,4268,4264,4249,4256,4151,4114,4158,4202,4242,4251
"Colchester, Subd. A (SC), Nova Scotia",1210012,3742,3733,3703,3679,3646,3598,3607,3519,3584,3645,3706,3680,3628,3548,3511,3529,3551,3597,3725,3754,3862,3879,3812,3964,3891
"Richmond, Subd. A (SC), Nova Scotia",1216006,4168,4142,4132,4123,4112,4124,4093,4074,4065,4043,3984,3963,3881,3823,3811,3809,3809,3858,3841,3813,3848,3912,4013,4214,4305
"Eskasoni 3 (IRI), Nova Scotia",1217020,2835,2856,2902,2976,3004,3051,3047,3100,3256,3331,3412,3413,3453,3454,3529,3512,3585,3699,3759,3685,3633,3680,3834,3926,3911
"Westville (T), Nova Scotia",1212008,3987,3952,3960,3944,3939,3890,3957,3882,3872,3844,3890,3842,3868,3942,3750,3680,3765,3678,3640,3639,3628,3724,3692,3742,3731
"Port Hawkesbury (T), Nova Scotia",1215002,3796,3743,3715,3688,3648,3595,3524,3505,3524,3473,3434,3328,3226,3239,3232,3258,3228,3240,3206,3254,3303,3269,3299,3372,3442
"Cumberland, Subd. A (SC), Nova Scotia",1211001,4093,4022,3947,3872,3792,3720,3665,3601,3601,3445,3490,3434,3258,3241,3189,3153,3176,3193,3197,3200,3280,3387,3425,3434,3401
"Inverness, Subd. C (SC), Nova Scotia",1215001,3889,3859,3821,3818,3767,3706,3573,3518,3397,3445,3377,3366,3276,3263,3185,3207,3166,3153,3189,3228,3247,3333,3330,3328,3314
"Richmond, Subd. C (SC), Nova Scotia",1216001,3914,3797,3715,3676,3603,3495,3413,3393,3342,3365,3310,3250,3250,3183,3140,3178,3156,3136,3175,3186,3213,3291,3372,3414,3444
"Pictou (T), Nova Scotia",1212004,3972,3936,3939,3922,3914,3901,3747,3689,3654,3519,3506,3426,3374,3321,3264,3226,3259,3282,3222,3243,3181,3206,3268,3342,3307
"Annapolis, Subd. D (SC), Nova Scotia",1205001,3051,3036,3041,3043,3062,3063,3025,2990,2898,2845,2971,2974,2951,2942,2954,3037,3022,3030,3052,3108,3133,3141,3196,3265,3273
"Victoria, Subd. A (SC), Nova Scotia",1218006,3368,3319,3306,3230,3148,3080,2938,2939,2903,2858,2792,2702,2653,2625,2604,2590,2597,2616,2625,2651,2739,2750,2808,2786,2746
"Berwick (T), Nova Scotia",1207004,2336,2362,2415,2434,2478,2508,2495,2493,2485,2544,2488,2491,2498,2527,2559,2537,2518,2498,2538,2498,2510,2690,2664,2693,2631
"Trenton (T), Nova Scotia",1212016,2878,2862,2864,2867,2854,2816,2691,2696,2644,2672,2671,2708,2628,2599,2620,2500,2462,2469,2497,2469,2471,2542,2520,2556,2499
"Lunenburg (T), Nova Scotia",1206006,2627,2572,2510,2471,2422,2370,2387,2259,2317,2334,2346,2321,2330,2263,2246,2302,2280,2390,2324,2369,2463,2417,2445,2493,2523
"St. Mary's (MD), Nova Scotia",1213001,2809,2753,2719,2673,2658,2608,2572,2480,2453,2410,2364,2352,2285,2256,2198,2241,2226,2213,2247,2174,2216,2190,2261,2239,2212
"Digby (T), Nova Scotia",1203006,2158,2142,2156,2146,2138,2121,2176,2142,2198,2173,2180,2149,2174,2137,2097,2077,2105,2120,2118,2061,2048,2089,2064,2074,2153
"Middleton (T), Nova Scotia",1205016,1785,1784,1805,1828,1854,1846,1866,1826,1840,1871,1775,1783,1803,1815,1832,1853,1860,1863,1881,1904,1921,2059,2013,2029,1978
"Shelburne (T), Nova Scotia",1201008,2048,2020,2015,1989,1957,1906,1885,1805,1754,1741,1710,1707,1716,1722,1734,1759,1763,1715,1698,1666,1673,1671,1802,1743,1797
"Richmond, Subd. B (SC), Nova Scotia",1216011,1914,1884,1853,1828,1807,1778,1725,1661,1669,1625,1581,1570,1568,1570,1540,1513,1565,1597,1588,1636,1647,1699,1815,1789,1853
"Stewiacke (T), Nova Scotia",1210002,1426,1433,1437,1453,1457,1451,1493,1514,1446,1426,1469,1442,1482,1467,1432,1400,1453,1457,1485,1588,1607,1685,1758,1826,1786
"Oxford (T), Nova Scotia",1211012,1363,1327,1290,1253,1225,1208,1244,1148,1180,1228,1174,1173,1175,1183,1192,1207,1224,1212,1216,1233,1198,1280,1245,1262,1261
"Indian Brook 14 (IRI), Nova Scotia",1208014,963,976,995,1011,1024,1051,1059,1069,1083,1102,1115,1120,1118,1117,1114,1115,1123,1136,1144,1147,1154,1171,1192,1209,1225
"Membertou 28B (IRI), Nova Scotia",1217008,645,658,681,709,727,756,787,821,858,898,941,966,990,1016,1038,1044,1060,1084,1119,1136,1138,1167,1201,1258,1266
"Mahone Bay (T), Nova Scotia",1206008,1011,993,974,961,936,917,919,927,930,941,958,973,986,1002,1023,1051,1012,1044,1048,1099,1092,1099,1148,1197,1200
"Millbrook 27 (IRI), Nova Scotia",1210003,841,817,799,768,741,727,751,801,839,848,873,895,905,900,859,884,915,972,982,970,945,986,1032,1056,1122
"Whycocomagh 2 (IRI), Nova Scotia",1215008,657,657,657,659,648,646,668,697,733,778,822,821,818,824,834,845,890,891,878,881,914,983,949,1001,953
"Clark's Harbour (T), Nova Scotia",1201004,965,944,938,933,912,878,855,843,828,830,834,816,803,790,777,768,765,757,751,741,746,760,801,815,841
"Wagmatcook 1 (IRI), Nova Scotia",1218003,456,440,433,423,415,418,440,460,482,509,530,530,541,550,550,551,579,606,638,673,715,722,730,733,732
"Mulgrave (T), Nova Scotia",1213008,924,899,901,893,882,890,870,790,802,806,806,789,763,738,749,718,752,717,693,661,638,645,649,645,639
"Annapolis Royal (T), Nova Scotia",1205008,559,525,505,486,468,448,453,459,465,474,486,492,498,504,519,489,515,518,524,533,541,554,567,576,580
"Lockeport (T), Nova Scotia",1201009,710,688,672,663,655,653,634,623,643,588,595,603,613,552,512,538,524,512,482,486,484,486,488,487,485
"Fisher's Grant 24 (IRI), Nova Scotia",1212019,410,417,425,437,441,444,448,452,460,470,483,474,475,464,466,502,497,491,477,459,472,472,480,453,421
"Chapel Island 5 (IRI), Nova Scotia",1216014,432,421,417,421,439,457,460,468,479,490,488,531,509,506,514,512,493,469,451,423,422,446,435,454,423
"Paqtnkek-Niktuek No. 23 (IRI), Nova Scotia",1214010,312,322,330,344,353,376,350,361,373,379,384,378,370,342,357,361,364,368,374,381,384,407,381,374,399
"Cole Harbour 30 (IRI), Nova Scotia",1209019,41,59,77,95,112,131,143,157,170,184,198,199,200,201,204,207,207,208,209,210,212,219,227,237,241
"Annapolis Valley First Nation (IRI), Nova Scotia",1207002,108,111,114,118,122,125,128,133,139,145,148,148,147,144,144,145,157,169,182,195,206,208,211,215,218
"Yarmouth 33 (IRI), Nova Scotia",1202040,121,130,137,145,153,160,160,161,161,160,161,162,162,160,160,162,167,172,177,182,187,188,190,191,191
"Bear River (Part) 6 (IRI), Digby, Nova Scotia",1203009,92,92,96,97,101,104,104,104,104,104,107,112,118,124,132,141,142,142,143,143,144,146,147,147,147
"Glooscap 35 (IRI), Nova Scotia",1207027,56,57,58,59,61,62,61,61,60,59,60,64,68,72,77,84,91,97,103,109,114,116,118,120,122
"Gold River 21 (IRI), Nova Scotia",1206011,39,45,51,57,63,68,70,73,76,78,80,83,85,87,89,97,94,91,88,86,84,85,86,87,87
"Wildcat 12 (IRI), Nova Scotia",1204015,30,29,25,25,24,21,23,26,28,31,34,34,33,30,30,30,34,38,42,46,50,51,51,52,52
"Pennal 19 (IRI), Nova Scotia",1206014,23,22,20,19,17,15,16,18,19,21,22,24,24,26,27,27,28,28,29,29,30,30,31,31,31
"Beaver Lake 17 (IRI), Nova Scotia",1209037,0,5,9,14,17,21,22,22,23,23,24,23,22,21,21,22,22,21,21,21,21,22,23,24,24
"Malagawatch 4 (IRI), Nova Scotia",1215005,25,24,24,24,24,23,22,22,21,22,21,21,21,21,20,20,20,20,20,20,20,20,20,20,20
"Bear River 6B (IRI), Nova Scotia",1205006,14,14,13,12,12,10,8,6,4,1,0,4,6,9,13,16,16,16,15,15,15,15,15,15,15
"Medway River 11 (IRI), Nova Scotia",1204001,6,6,6,6,6,6,6,6,6,6,6,6,6,6,5,5,7,9,11,13,15,15,15,15,15
"Ponhook Lake 10 (IRI), Nova Scotia",1204009,30,26,23,19,16,15,15,14,13,13,10,11,13,13,14,15,15,15,15,15,15,15,15,15,15
"Wallace Hills 14A (IRI), Nova Scotia",1209800,10,10,10,10,10,10,10,10,10,10,10,10,10,10,10,10,11,12,13,14,15,16,17,18,18
"Sheet Harbour 36 (IRI), Nova Scotia",1209038,35,35,34,34,32,31,27,23,20,17,15,18,19,22,24,25,22,19,16,13,10,10,10,10,10
"Bear River (Part) 6 (IRI), Annapolis, Nova Scotia",1205002,1,10,19,27,35,42,33,25,16,8,0,0,0,0,0,0,0,0,0,0,0,0,0,0,0
"Merigomish Harbour 31 (IRI), Nova Scotia",1212023,0,0,0,0,0,0,0,0,0,0,0,0,0,0,0,0,0,0,0,0,0,0,0,0,0
"New Ross 20 (IRI), Nova Scotia",1206016,0,0,0,0,0,0,0,0,0,0,0,0,0,0,0,0,0,0,0,0,0,0,0,0,0
"Moncton (C), New Brunswick",1307022,63095,63816,64415,65119,65480,66001,66303,66634,67989,68846,69962,70985,71403,72282,72625,73938,74925,75707,77958,79776,81402,84958,90889,98727,102378
"Saint John (C), New Brunswick",1301006,71710,71217,70932,70645,69972,69491,69531,69820,70295,70551,70549,70197,69563,68907,68795,69193,69652,70110,70670,70998,71343,72575,75134,78291,79371
"Fredericton (C), New Brunswick",1310032,49669,50378,50950,51480,51911,52530,53013,53829,55437,56429,57526,57780,58445,58816,59346,60464,61216,62202,63411,64303,64599,66526,69417,73026,74655
"Dieppe (C), New Brunswick",1307045,15466,16166,16874,17628,18330,19174,20063,21067,21907,22769,23754,24509,25256,25491,25840,26049,26431,26844,27461,28178,28778,30295,32132,34568,35986
"Riverview (TV), New Brunswick",1306020,17489,17602,17775,17921,18069,18208,18358,18541,18891,19166,19238,19393,19506,19738,19827,20080,20135,20292,20407,20661,21010,21296,21798,22351,22614
"Quispamsis (TV), New Brunswick",1305057,14274,14567,14834,15126,15422,15723,16161,16680,17218,17651,18088,18289,18373,18546,18578,18650,18708,18689,18942,18992,19143,19480,19742,20095,20240
"Miramichi (C), New Brunswick",1309050,19060,18965,18880,18785,18698,18504,18367,18070,18033,17894,17843,17865,17849,17757,17828,17841,17747,17684,17738,17912,18008,18158,18633,19155,19402
"Edmundston (C), New Brunswick",1313027,17822,17714,17539,17376,17187,16939,16804,16552,16441,16238,16054,16206,16322,16536,16695,16868,16767,16796,16744,16687,16708,16784,17213,17776,18174
"Tracadie (MRM), New Brunswick",1315002,16755,16565,16417,16260,16160,16032,15960,15986,16083,16204,16228,16230,16296,16387,16462,16445,16451,16439,16430,16344,16313,16421,16416,16498,16453
"Bathurst (C), New Brunswick",1315011,13279,13184,13098,13047,13035,12993,12998,12847,12648,12424,12289,12250,12168,12095,12133,12096,12057,12050,12148,12289,12368,12366,12660,13122,13331
"Rothesay (TV), New Brunswick",1305045,11774,11811,11797,11794,11801,11825,11909,11970,11916,11994,11935,11791,11785,11726,11761,11909,11878,12021,11989,12155,12184,12245,12274,12488,12626
"Moncton (P), New Brunswick",1307019,8969,9004,9022,9080,9041,9070,9167,9118,9198,9419,9504,9756,9630,9756,9901,10065,10286,10544,10621,10751,10914,11394,11855,12196,12238
"Oromocto (TV), New Brunswick",1303012,9148,9092,9058,8998,8859,8671,8580,8651,8736,8975,9160,9324,9350,9412,9387,9490,9505,9452,9423,9300,9297,9297,9301,9400,9451
"Shediac (TV), New Brunswick",1307052,5016,5128,5257,5392,5507,5615,5633,5793,5842,6027,6082,6210,6339,6521,6671,6814,6905,7084,7328,7525,7684,8109,8668,9408,9849
"Lincoln (P), New Brunswick",1303008,5668,5743,5791,5859,5878,5874,6014,6079,6272,6380,6533,6747,6945,7040,7184,7352,7504,7532,7620,7630,7674,7786,7930,8001,8093
"Campbellton (C), New Brunswick",1314014,8003,7869,7775,7674,7606,7536,7497,7485,7386,7355,7346,7266,7080,7035,7049,6989,7035,7017,7063,7160,7181,7152,7200,7370,7485
"Beaubassin East / Beaubassin-est (RCR), New Brunswick",1307005,6418,6458,6514,6566,6568,6557,6448,6458,6253,6228,6242,6263,6329,6379,6486,6513,6583,6655,6614,6718,6857,7275,7512,7984,8138
"Beresford (P), New Brunswick",1315012,6778,6698,6616,6560,6488,6422,6425,6424,6398,6411,6382,6458,6467,6454,6378,6389,6376,6376,6373,6359,6315,6408,6486,6507,6543
"Sackville (TV), New Brunswick",1307009,5489,5512,5534,5535,5532,5524,5609,5666,5638,5606,5587,5466,5505,5443,5438,5450,5616,5759,5884,6090,6227,6347,6454,6525,6572
"Douglas (P), New Brunswick",1310028,5427,5452,5481,5484,5460,5462,5441,5440,5593,5650,5678,5740,5675,5708,5749,5833,5881,5869,5850,5913,6050,6306,6491,6691,6840
"Woodstock (TV), New Brunswick",1311006,5376,5383,5322,5312,5285,5214,5182,5210,5254,5202,5234,5263,5323,5242,5296,5311,5333,5354,5441,5568,5708,5882,6048,6131,6260
"Grand Falls / Grand-Sault (TV), New Brunswick",1312019,6025,5987,5976,5879,5882,5768,5779,5751,5767,5685,5664,5596,5473,5456,5413,5404,5339,5222,5250,5284,5339,5368,5363,5414,5465
"Burton (P), New Brunswick",1303011,5105,5126,5139,5173,5167,5130,5196,5271,5313,5451,5453,5443,5376,5336,5278,5211,5215,5235,5191,5211,5291,5405,5354,5405,5424
"Shediac (P), New Brunswick",1307016,4412,4522,4624,4728,4806,4897,4845,5011,4931,4945,4930,4875,4860,4968,4925,4891,4978,5083,5078,5146,5245,5377,5647,5777,5699
"Saint Marys (P), New Brunswick",1310031,3918,4005,4082,4157,4231,4341,4582,4820,4567,4651,4779,4822,4872,4933,4964,4944,5001,5083,5110,5130,5180,5396,5556,5666,5701
"Memramcook (VL), New Brunswick",1307013,4837,4820,4814,4814,4776,4742,4774,4842,4850,4859,4857,4876,4930,4920,4919,4887,4871,4946,4966,5011,5140,5256,5445,5619,5616
"Grand Bay-Westfield (TV), New Brunswick",1305015,5051,5061,5064,5069,5066,5073,5072,5096,5142,5119,5150,5145,5166,5189,5164,5046,5045,5002,5039,5029,5035,5125,5165,5146,5202
"Coverdale (P), New Brunswick",1306014,4187,4194,4241,4222,4231,4222,4310,4304,4367,4338,4421,4492,4553,4518,4514,4554,4546,4577,4689,4728,4864,4922,5023,5117,5167
"Shippagan (P), New Brunswick",1315029,5688,5636,5575,5535,5499,5456,5374,5246,5181,5087,5023,4947,4928,4945,4891,4898,4871,4813,4815,4850,4845,4855,4842,4795,4721
"Hanwell (RCR), New Brunswick",1310017,4141,4193,4233,4278,4315,4344,4397,4469,4554,4645,4720,4715,4737,4742,4747,4757,4771,4790,4815,4822,4836,4926,5053,5100,5108
"Bathurst (P), New Brunswick",1315008,5621,5525,5453,5380,5293,5224,5227,5151,5115,5063,4985,4952,4943,4888,4893,4881,4870,4865,4879,4876,4824,4891,4905,4891,4840
"St. Stephen (TV), New Brunswick",1302037,4826,4858,4878,4905,4898,4872,4879,4786,4785,4825,4787,4757,4636,4570,4504,4498,4545,4599,4615,4594,4610,4760,4806,4930,4876
"Sussex (TV), New Brunswick",1305022,4280,4287,4289,4290,4302,4311,4327,4336,4308,4224,4345,4337,4388,4363,4384,4355,4286,4375,4387,4461,4514,4628,4712,4877,4994
"Dundas (P), New Brunswick",1308001,4034,4066,4053,4075,4093,4086,4053,4042,3988,3972,3942,3947,3945,3961,3953,3981,4016,4079,4173,4335,4468,4537,4632,4667,4733
"Hampton (TV), New Brunswick",1305007,4094,4097,4096,4092,4097,4074,4157,4182,4261,4354,4311,4294,4308,4357,4335,4367,4405,4389,4390,4445,4466,4561,4683,4655,4754
"Beresford (TV), New Brunswick",1315015,4559,4507,4470,4442,4399,4334,4348,4401,4440,4415,4353,4399,4344,4297,4334,4372,4379,4391,4388,4340,4359,4389,4370,4402,4389
"Caraquet (TV), New Brunswick",1315028,4558,4482,4417,4347,4290,4227,4109,4098,4155,4142,4182,4290,4291,4288,4327,4332,4304,4309,4320,4343,4342,4490,4490,4626,4572
"New Maryland (VL), New Brunswick",1310002,4395,4383,4363,4355,4333,4336,4403,4331,4321,4325,4239,4221,4235,4191,4229,4262,4287,4197,4167,4181,4235,4365,4469,4496,4455
"Simonds (P), Saint John, New Brunswick",1301004,3956,3927,3902,3889,3874,3837,3820,3719,3818,3837,3863,3902,3938,3912,3896,3942,3957,4009,3991,3997,3979,4090,4177,4201,4263
"Haut-Madawaska (RCR), New Brunswick",1313031,4410,4347,4260,4189,4123,4044,4020,4018,4004,4021,3985,3979,3900,3823,3810,3790,3794,3787,3819,3766,3771,3831,3914,4045,4098
"Alnwick (P), New Brunswick",1309036,4289,4252,4199,4134,4067,3987,3942,3914,3858,3835,3776,3777,3765,3746,3722,3713,3705,3687,3674,3659,3684,3767,3794,3798,3767
"Studholm (P), New Brunswick",1305031,3812,3763,3723,3685,3652,3592,3591,3598,3601,3611,3630,3629,3619,3616,3606,3592,3579,3568,3571,3580,3586,3641,3682,3679,3668
"Salisbury (P), New Brunswick",1307024,3467,3475,3483,3497,3499,3499,3517,3446,3458,3470,3432,3464,3431,3448,3444,3465,3433,3401,3368,3405,3443,3636,3740,3827,3806
"Bright (P), New Brunswick",1310026,3036,3067,3099,3126,3170,3223,3191,3169,3149,3122,3088,3126,3188,3240,3297,3361,3361,3368,3378,3377,3389,3433,3560,3655,3648
"Wellington (P), New Brunswick",1308004,3285,3302,3302,3310,3305,3308,3256,3268,3145,3165,3106,3114,3103,3114,3120,3149,3162,3189,3230,3277,3358,3348,3389,3430,3458
"Atholville (VL), New Brunswick",1314013,4316,4246,4222,4137,4101,4018,3964,3914,3854,3819,3802,3763,3719,3711,3675,3646,3584,3525,3471,3390,3338,3354,3353,3369,3346
"Kingston (P), New Brunswick",1305014,2897,2908,2919,2935,2955,2945,2923,2917,2981,2994,2954,3010,2952,2903,2944,2978,3025,3076,3135,3203,3263,3346,3401,3517,3577
"Dalhousie (TV), New Brunswick",1314017,4007,3927,3891,3826,3768,3711,3630,3612,3563,3485,3495,3433,3342,3314,3227,3154,3154,3202,3220,3224,3258,3260,3263,3259,3255
"Hampton (P), New Brunswick",1305006,2802,2808,2790,2798,2785,2776,2766,2763,2759,2761,2752,2771,2784,2804,2825,2870,2891,2916,2948,2989,3035,3085,3181,3211,3268
"Kingsclear (P), New Brunswick",1310018,2338,2367,2384,2408,2432,2454,2488,2532,2580,2628,2675,2709,2759,2800,2845,2883,2884,2888,2895,2893,2893,2990,3069,3128,3158
"New Maryland (P), New Brunswick",1310001,2351,2375,2384,2392,2397,2399,2381,2354,2363,2446,2486,2536,2601,2594,2666,2672,2739,2760,2784,2817,2865,2968,3050,3190,3198
"Cocagne (RCR), New Brunswick",1308002,2598,2628,2625,2636,2637,2637,2618,2591,2583,2564,2539,2575,2595,2635,2658,2696,2710,2709,2745,2756,2797,2887,2914,2966,2982
"Wakefield (P), New Brunswick",1311014,2710,2746,2732,2750,2754,2760,2780,2798,2814,2813,2830,2833,2843,2829,2823,2830,2790,2777,2787,2769,2774,2795,2813,2787,2749
"Shippagan (TV), New Brunswick",1315031,3003,2942,2913,2880,2849,2804,2766,2700,2669,2662,2640,2623,2629,2611,2618,2633,2660,2647,2738,2731,2709,2765,2856,2914,3073
"Grand Manan (VL), New Brunswick",1302052,2670,2643,2601,2572,2544,2505,2480,2452,2417,2411,2395,2381,2404,2418,2401,2408,2433,2476,2510,2541,2652,2620,2681,2680,2648
"Sussex (P), New Brunswick",1305021,2629,2606,2577,2550,2523,2476,2483,2495,2503,2519,2546,2554,2557,2564,2566,2571,2547,2550,2581,2656,2616,2643,2673,2739,2742
"Cap-Pelé (VL), New Brunswick",1307007,2325,2329,2332,2334,2326,2327,2304,2295,2288,2282,2277,2332,2373,2417,2450,2482,2480,2480,2504,2528,2552,2665,2819,3007,3092
"Saint George (P), New Brunswick",1302016,2402,2419,2455,2482,2527,2512,2492,2503,2548,2505,2481,2472,2465,2398,2390,2384,2423,2478,2486,2478,2529,2544,2573,2652,2675
"Bouctouche (TV), New Brunswick",1308005,2468,2459,2472,2447,2428,2408,2414,2426,2430,2446,2436,2427,2403,2405,2398,2403,2418,2428,2469,2497,2527,2590,2560,2618,2678
"Salisbury (VL), New Brunswick",1307028,2002,2014,2026,2052,2061,2091,2124,2181,2196,2186,2228,2253,2268,2238,2268,2343,2320,2327,2395,2389,2434,2523,2548,2569,2585
"Inkerman (P), New Brunswick",1315024,2498,2468,2448,2436,2426,2423,2406,2355,2371,2373,2378,2412,2362,2363,2381,2415,2414,2405,2383,2366,2416,2417,2460,2482,2462
"Paquetville (P), New Brunswick",1315019,2724,2669,2620,2576,2541,2509,2500,2496,2501,2512,2513,2489,2459,2432,2404,2377,2357,2332,2317,2299,2286,2262,2237,2235,2225
"Minto (VL), New Brunswick",1304022,2875,2890,2852,2796,2774,2725,2654,2573,2515,2498,2467,2415,2406,2376,2363,2329,2309,2306,2313,2285,2270,2269,2321,2326,2349
"Pennfield (P), New Brunswick",1302011,2474,2473,2444,2424,2393,2358,2329,2304,2283,2251,2240,2236,2189,2198,2175,2209,2179,2195,2227,2233,2252,2220,2246,2294,2309
"Woodstock (P), New Brunswick",1311004,2000,2060,2091,2128,2155,2180,2150,2209,2190,2190,2181,2219,2183,2224,2220,2219,2207,2216,2260,2251,2242,2328,2295,2319,2371
"Hardwicke (P), New Brunswick",1309001,2627,2591,2572,2558,2546,2525,2488,2418,2377,2376,2336,2314,2299,2269,2226,2244,2218,2187,2178,2148,2240,2327,2341,2353,2286
"Northesk (P), New Brunswick",1309028,2652,2621,2592,2571,2544,2519,2450,2436,2400,2380,2335,2351,2322,2358,2328,2295,2295,2270,2288,2187,2203,2225,2312,2307,2301
"Upper Miramichi (RCR), New Brunswick",1309027,2668,2628,2577,2549,2495,2447,2393,2414,2405,2402,2374,2395,2318,2272,2224,2258,2183,2184,2165,2163,2200,2270,2275,2276,2222
"Saint-Quentin (TV), New Brunswick",1314022,2334,2303,2322,2303,2289,2288,2215,2179,2170,2121,2102,2117,2127,2178,2182,2236,2180,2168,2178,2160,2172,2165,2227,2254,2294
"Westfield (P), New Brunswick",1305011,2190,2175,2162,2138,2120,2087,2083,1970,2087,2077,2125,2135,2107,2057,2017,2004,2040,2019,2072,2097,2155,2179,2219,2244,2245
"Drummond (P), New Brunswick",1312021,2225,2240,2277,2294,2309,2305,2215,2206,2198,2249,2285,2291,2255,2229,2216,2196,2171,2175,2147,2122,2119,2145,2164,2143,2113
"Richibucto (P), New Brunswick",1308016,2031,2040,2037,2041,2040,2030,2010,2006,1990,1955,1975,1979,2016,1993,1938,1905,1948,2047,2070,2098,2110,2234,2357,2405,2457
"Richibucto 15 (IRI), New Brunswick",1308015,1753,1792,1833,1874,1914,1937,1949,1971,1972,2022,2013,2008,2018,2003,2012,1989,2032,2029,2094,2071,2104,2129,2115,2088,2126
"Saint Andrews (TV), New Brunswick",1302026,1915,1906,1897,1880,1864,1829,1796,1856,1874,1897,1885,1885,1850,1801,1810,1818,1847,1887,1925,2060,2078,2107,2143,2167,2167
"Saint-Charles (P), New Brunswick",1308019,2145,2154,2153,2145,2141,2123,2068,2117,2068,2043,1976,1997,2002,1991,2012,2031,2009,2013,1991,1988,2067,2069,2086,2157,2189
"Blackville (P), New Brunswick",1309018,2480,2463,2466,2456,2445,2390,2354,2323,2288,2264,2232,2205,2180,2141,2100,2067,2051,2037,2029,2023,2031,2090,2080,2057,2104
"Saint Mary (P), New Brunswick",1308006,2076,2079,2058,2048,2033,2024,2040,2057,2052,2049,2008,2009,1960,2020,2022,2006,1984,2004,2006,2020,2024,2042,2091,2122,2083
"Kedgwick (RCR), New Brunswick",1314020,2401,2364,2354,2327,2307,2271,2222,2159,2122,2082,2075,2055,2034,2013,1968,1995,2019,2013,2008,2005,2018,2027,2040,2062,2051
"Kent (P), New Brunswick",1311028,2529,2524,2511,2474,2444,2396,2349,2353,2347,2308,2262,2270,2278,2225,2186,2187,2147,2142,2089,2020,1980,2072,2123,2117,2028
"Petit-Rocher (VL), New Brunswick",1315014,2019,2014,2005,1994,1987,1985,1972,1983,1930,1927,1906,1879,1923,1926,1914,1929,1977,1951,1956,1991,1980,1977,2018,2030,2019
"Allardville (P), New Brunswick",1315006,2523,2455,2384,2310,2256,2194,2167,2145,2128,2111,2086,2088,2082,2079,2072,2066,2047,2023,2008,1990,1976,1961,1916,1920,1919
"Manners Sutton (P), New Brunswick",1310004,1927,1923,1926,1918,1915,1896,1876,1865,1854,1840,1810,1799,1800,1794,1794,1816,1845,1875,1907,1931,1957,2016,2149,2162,2171
"Northampton (P), New Brunswick",1311008,1753,1741,1719,1698,1661,1633,1670,1713,1751,1785,1839,1790,1741,1783,1747,1762,1778,1808,1844,1874,1905,1931,1976,2023,1981
"Eel River Crossing (VL), New Brunswick",1314011,2319,2252,2215,2160,2098,2047,2037,2034,2030,2026,2037,2026,2050,1998,2009,1982,1939,1924,1914,1893,1870,1883,1891,1940,1918
"Saint-Antoine (VL), New Brunswick",1308007,1508,1512,1537,1539,1558,1585,1651,1665,1694,1767,1774,1772,1758,1761,1755,1767,1763,1790,1769,1796,1825,1821,1814,1839,1880
"Saint-André (RCR), New Brunswick",1313002,2244,2230,2200,2181,2151,2108,2043,1961,1965,1944,1973,1978,1959,1933,1951,1937,1892,1832,1821,1820,1817,1831,1930,1986,1987
"Maugerville (P), New Brunswick",1303016,1766,1758,1769,1767,1764,1745,1805,1835,1798,1767,1788,1828,1843,1861,1861,1869,1841,1888,1867,1831,1805,1834,1839,1841,1808
"Saint-Louis (P), New Brunswick",1308021,1965,1967,1963,1963,1950,1930,1895,1858,1815,1778,1740,1758,1767,1788,1803,1828,1804,1783,1780,1781,1788,1805,1820,1808,1830
"Neguac (VL), New Brunswick",1309038,1741,1718,1702,1699,1682,1649,1690,1665,1646,1684,1683,1692,1658,1686,1735,1707,1699,1750,1734,1719,1721,1746,1734,1749,1733
"Saint Stephen (P), New Brunswick",1302034,1910,1966,2021,2080,2130,2149,2111,2078,2050,2014,1991,1979,1984,1961,1893,1864,1849,1807,1744,1751,1698,1723,1752,1772,1772
"Southesk (P), New Brunswick",1309026,2144,2111,2083,2082,2061,1999,1966,1930,1925,1871,1831,1815,1792,1765,1738,1719,1745,1704,1685,1685,1695,1727,1739,1757,1748
"Saint-Jacques (P), New Brunswick",1313024,1757,1751,1714,1698,1665,1627,1625,1628,1613,1615,1612,1620,1620,1617,1621,1619,1658,1653,1624,1636,1682,1697,1683,1745,1763
"Springfield (P), New Brunswick",1305034,1561,1569,1582,1579,1594,1601,1607,1619,1628,1640,1656,1640,1620,1603,1578,1556,1574,1593,1618,1645,1675,1726,1738,1713,1751
"Balmoral (VL), New Brunswick",1314006,1888,1851,1834,1806,1779,1737,1751,1761,1777,1726,1720,1695,1701,1744,1746,1697,1701,1663,1661,1639,1629,1623,1645,1619,1628
"Wicklow (P), New Brunswick",1311031,1936,1924,1890,1863,1838,1787,1762,1795,1739,1724,1748,1740,1765,1732,1684,1731,1700,1644,1610,1594,1624,1633,1608,1595,1558
"Brighton (P), New Brunswick",1311011,1940,1936,1936,1917,1902,1863,1852,1842,1819,1788,1772,1770,1765,1761,1752,1764,1722,1693,1670,1642,1619,1627,1660,1653,1635
"St. George (TV), New Brunswick",1302018,1553,1542,1536,1531,1526,1511,1508,1493,1518,1507,1557,1542,1526,1484,1560,1542,1555,1525,1583,1569,1609,1680,1694,1745,1757
"Florenceville-Bristol (TV), New Brunswick",1311027,1565,1571,1573,1579,1577,1568,1583,1604,1618,1626,1644,1644,1640,1633,1625,1632,1614,1607,1607,1601,1604,1589,1604,1586,1583
"Perth-Andover (VL), New Brunswick",1312006,1945,1915,1904,1877,1869,1816,1807,1811,1785,1788,1781,1724,1683,1650,1608,1608,1571,1588,1599,1579,1593,1605,1624,1650,1609
"Saint-Joseph (P), New Brunswick",1313022,1749,1756,1764,1766,1753,1738,1832,1921,1981,2119,2172,2061,1931,1805,1677,1562,1585,1560,1547,1565,1581,1588,1607,1643,1641
"Gordon (P), New Brunswick",1312008,1881,1867,1860,1846,1836,1803,1748,1694,1646,1604,1563,1561,1543,1530,1515,1516,1521,1521,1539,1554,1577,1585,1587,1566,1576
"Glenelg (P), New Brunswick",1309004,1758,1738,1726,1709,1697,1679,1659,1662,1625,1639,1611,1588,1611,1601,1605,1587,1606,1608,1560,1547,1555,1602,1610,1621,1635
"Saint-Quentin (P), New Brunswick",1314021,1606,1598,1608,1600,1609,1605,1587,1544,1497,1519,1498,1516,1541,1533,1571,1559,1586,1540,1545,1535,1530,1578,1573,1592,1588
"Southampton (P), New Brunswick",1310024,1778,1752,1720,1694,1660,1630,1613,1600,1587,1569,1542,1529,1525,1516,1507,1513,1515,1517,1522,1522,1519,1553,1625,1622,1616
"Petitcodiac (VL), New Brunswick",1307029,1477,1459,1446,1435,1417,1394,1389,1392,1394,1408,1433,1454,1427,1433,1421,1413,1418,1446,1471,1502,1497,1565,1605,1640,1610
"Saint David (P), New Brunswick",1302042,1631,1603,1584,1569,1550,1528,1539,1553,1578,1589,1602,1592,1583,1566,1554,1552,1542,1525,1516,1501,1494,1515,1541,1559,1559
"Richmond (P), New Brunswick",1311001,1440,1439,1447,1451,1451,1441,1453,1390,1412,1378,1359,1352,1325,1326,1313,1332,1353,1384,1419,1451,1480,1526,1518,1519,1516
"Sussex Corner (VL), New Brunswick",1305023,1355,1367,1385,1402,1416,1441,1428,1479,1444,1475,1497,1569,1534,1502,1490,1485,1479,1474,1475,1477,1479,1479,1478,1484,1532
"Denmark (P), New Brunswick",1312014,1873,1838,1815,1773,1749,1711,1684,1665,1642,1621,1594,1583,1552,1530,1508,1497,1477,1456,1450,1445,1440,1449,1437,1445,1412
"Richibucto (TV), New Brunswick",1308018,1371,1352,1348,1331,1328,1314,1297,1296,1293,1285,1284,1296,1266,1243,1260,1289,1276,1293,1391,1386,1440,1537,1550,1646,1745
"Norton (VL), New Brunswick",1305018,1406,1388,1375,1366,1361,1337,1330,1323,1314,1310,1310,1326,1342,1363,1385,1411,1412,1414,1419,1428,1432,1487,1491,1533,1551
"Cardwell (P), New Brunswick",1305026,1420,1440,1454,1473,1494,1504,1485,1469,1451,1436,1420,1407,1396,1396,1367,1384,1396,1409,1391,1393,1428,1461,1465,1486,1538
"Hillsborough (P), New Brunswick",1306011,1512,1506,1507,1499,1506,1498,1481,1461,1445,1427,1395,1389,1372,1357,1337,1336,1344,1357,1375,1396,1425,1433,1461,1502,1569
"Upham (P), New Brunswick",1305004,1339,1336,1327,1318,1307,1294,1301,1308,1310,1312,1312,1306,1298,1295,1290,1296,1309,1324,1342,1362,1382,1397,1387,1407,1388
"Hillsborough (VL), New Brunswick",1306025,1319,1309,1319,1324,1318,1310,1317,1341,1347,1381,1346,1342,1316,1336,1354,1291,1325,1298,1342,1348,1374,1424,1386,1402,1414
"Norton (P), New Brunswick",1305016,1258,1254,1251,1260,1253,1234,1246,1260,1272,1289,1305,1312,1297,1352,1354,1322,1341,1332,1339,1309,1357,1379,1377,1406,1416
"Weldford (P), New Brunswick",1308014,1499,1486,1480,1461,1447,1437,1401,1361,1352,1316,1313,1322,1327,1341,1348,1356,1344,1335,1339,1345,1349,1392,1412,1491,1510
"Belledune (VL), New Brunswick",1314025,1966,1911,1877,1816,1766,1731,1699,1627,1601,1593,1533,1520,1510,1482,1441,1438,1411,1373,1341,1325,1344,1344,1379,1397,1379
"Saint-Léonard (TV), New Brunswick",1313006,1417,1411,1397,1410,1401,1378,1346,1310,1328,1344,1349,1350,1346,1358,1331,1315,1318,1354,1359,1345,1342,1323,1347,1384,1384
"Charlo (VL), New Brunswick",1314004,1494,1471,1448,1430,1410,1404,1385,1372,1354,1336,1321,1317,1313,1315,1322,1330,1333,1334,1338,1336,1338,1363,1370,1388,1386
"Saint-Isidore (P), New Brunswick",1315021,1551,1526,1503,1473,1456,1429,1414,1381,1358,1354,1377,1394,1390,1377,1388,1389,1397,1379,1349,1340,1337,1346,1352,1376,1372
"Bas-Caraquet (VL), New Brunswick",1315027,1735,1685,1636,1594,1549,1497,1446,1430,1411,1386,1386,1355,1342,1348,1336,1329,1350,1342,1329,1312,1332,1352,1345,1347,1391
"Lamèque (TV), New Brunswick",1315032,1622,1588,1548,1512,1479,1446,1422,1422,1458,1435,1427,1412,1374,1336,1306,1307,1319,1309,1282,1304,1323,1316,1397,1405,1392
"Musquash (P), New Brunswick",1301016,1315,1305,1300,1295,1278,1255,1247,1200,1165,1187,1214,1196,1207,1197,1207,1221,1202,1237,1236,1235,1281,1297,1342,1357,1378
"Caraquet (P), New Brunswick",1315026,1633,1608,1586,1577,1559,1536,1482,1456,1411,1424,1379,1372,1397,1390,1381,1359,1336,1324,1314,1301,1278,1288,1264,1263,1263
"Queensbury (P), New Brunswick",1310021,1252,1247,1256,1253,1249,1243,1245,1251,1261,1271,1274,1257,1246,1228,1211,1202,1213,1227,1240,1251,1264,1338,1400,1409,1421
"Esgenoôpetitj 14 (IRI), New Brunswick",1309044,1042,1071,1089,1117,1143,1138,1093,1124,1060,1058,1067,1100,1152,1171,1202,1207,1247,1232,1280,1252,1250,1236,1253,1288,1326
"Sackville (P), New Brunswick",1307008,1292,1274,1265,1258,1226,1197,1233,1283,1314,1328,1337,1311,1280,1251,1219,1211,1157,1203,1201,1188,1231,1282,1328,1328,1286
"Chipman (VL), New Brunswick",1304025,1446,1419,1390,1380,1337,1287,1251,1260,1224,1247,1244,1219,1202,1166,1138,1114,1126,1143,1141,1183,1219,1231,1244,1303,1301
"Peel (P), New Brunswick",1311024,1369,1352,1341,1324,1297,1278,1272,1240,1264,1235,1227,1244,1259,1252,1247,1212,1192,1181,1217,1228,1218,1189,1192,1169,1176
"Rogersville (VL), New Brunswick",1309017,1269,1254,1251,1232,1211,1179,1160,1189,1167,1175,1167,1142,1167,1157,1184,1182,1180,1203,1217,1199,1208,1239,1246,1304,1288
"Saint Martins (P), New Brunswick",1301001,1283,1271,1270,1260,1240,1219,1202,1187,1179,1167,1149,1149,1144,1138,1140,1156,1165,1176,1186,1191,1199,1222,1242,1302,1280
"McAdam (VL), New Brunswick",1310006,1545,1531,1505,1475,1451,1429,1391,1348,1303,1290,1286,1251,1243,1210,1183,1173,1195,1193,1216,1208,1188,1202,1236,1275,1274
"Bertrand (VL), New Brunswick",1315036,1305,1278,1262,1241,1225,1204,1168,1160,1179,1160,1139,1164,1149,1163,1178,1186,1192,1174,1154,1160,1171,1172,1203,1208,1209
"Newcastle (P), New Brunswick",1309031,1263,1255,1248,1246,1242,1231,1231,1229,1226,1227,1221,1208,1193,1175,1161,1157,1156,1156,1156,1156,1169,1155,1178,1174,1166
"New Bandon (P), New Brunswick",1315016,1511,1501,1490,1475,1454,1431,1412,1351,1277,1263,1189,1202,1210,1219,1226,1229,1212,1200,1193,1181,1158,1168,1207,1241,1245
"Greenwich (P), New Brunswick",1305038,1115,1109,1096,1085,1085,1061,1059,1058,1056,1053,1049,1052,1055,1060,1065,1079,1089,1101,1115,1131,1146,1177,1208,1237,1272
"Botsford (P), New Brunswick",1307004,1241,1240,1240,1234,1222,1220,1161,1140,1119,1110,1067,1104,1106,1095,1056,1077,1065,1072,1080,1103,1142,1146,1209,1206,1240
"Dalhousie (P), New Brunswick",1314008,1298,1262,1241,1220,1196,1174,1154,1151,1119,1106,1131,1125,1156,1085,1082,1091,1076,1110,1102,1104,1107,1113,1119,1133,1132
"Prince William (P), New Brunswick",1310016,851,865,875,888,900,901,880,868,887,892,900,895,908,916,947,952,973,1031,1032,1044,1103,1170,1186,1219,1233
"Grand Falls (P), New Brunswick",1312016,1267,1249,1243,1242,1230,1214,1211,1200,1184,1184,1169,1167,1172,1159,1134,1129,1132,1125,1111,1078,1099,1154,1136,1126,1114
"Tobique 20 (IRI), New Brunswick",1312007,890,892,908,910,914,898,919,946,973,1006,1047,1058,1043,1008,1008,992,1008,1024,1050,1075,1096,1116,1076,1084,1042
"Rogersville (P), New Brunswick",1309016,1391,1364,1337,1322,1295,1267,1268,1232,1200,1219,1213,1214,1200,1186,1163,1117,1109,1111,1076,1070,1093,1118,1106,1112,1131
"Devon 30 (IRI), New Brunswick",1310034,714,733,749,764,775,787,802,820,842,861,881,913,950,984,1018,1067,1071,1078,1085,1090,1091,1145,1076,1117,1105
"Elgin (P), New Brunswick",1306008,1025,1013,1005,988,987,987,981,977,977,974,965,956,942,931,918,910,907,966,1010,1039,1086,1142,1183,1211,1255
"Perth (P), New Brunswick",1312004,1324,1319,1317,1310,1296,1276,1237,1173,1136,1110,1094,1101,1097,1098,1096,1095,1081,1068,1065,1062,1064,1073,1082,1117,1113
"Havelock (P), New Brunswick",1305028,1221,1215,1215,1208,1207,1209,1198,1189,1178,1172,1158,1144,1126,1112,1096,1080,1073,1066,1063,1063,1059,1065,1084,1098,1105
"Canning (P), New Brunswick",1304021,941,942,949,959,956,960,955,952,940,961,947,961,938,944,922,933,963,969,994,1005,1042,1100,1084,1115,1151
"Saint James (P), New Brunswick",1302039,1471,1455,1432,1424,1403,1370,1319,1293,1273,1261,1247,1207,1201,1197,1183,1206,1185,1141,1118,1063,1040,1055,1073,1085,1085
"Nigadoo (VL), New Brunswick",1315037,986,979,971,961,956,947,933,942,949,958,956,948,944,942,963,987,995,987,1006,978,1019,1067,1088,1091,1102
"Plaster Rock (VL), New Brunswick",1312009,1245,1220,1219,1198,1196,1163,1151,1145,1137,1135,1128,1116,1089,1071,1049,1037,1028,1016,1016,1014,1015,1067,1051,1069,1062
"Westmorland (P), New Brunswick",1307001,1027,1013,1006,993,978,982,956,982,983,955,969,946,916,924,922,928,949,964,981,987,1014,1063,1060,1085,1060
"Saint-Louis de Kent (VL), New Brunswick",1308022,1014,994,992,985,983,975,962,951,933,928,929,922,877,873,897,865,902,932,945,982,994,1019,996,1015,1026
"Wilmot (P), New Brunswick",1311018,1251,1243,1224,1213,1195,1155,1144,1127,1132,1093,1088,1082,1062,1049,1029,1042,1008,992,984,990,986,1005,1051,1044,1057
"Nackawic (TV), New Brunswick",1310054,1065,1048,1035,1026,1019,998,1003,1013,1025,1036,1048,1030,1017,998,977,958,961,966,972,974,980,1011,1031,1047,1019
"Tide Head (VL), New Brunswick",1314015,1182,1157,1143,1124,1116,1097,1073,1061,1070,1052,1031,1004,989,989,960,959,936,942,954,969,964,976,975,981,957
"Campobello Island (RCR), New Brunswick",1302004,1219,1191,1166,1137,1106,1065,1053,1021,994,940,925,916,905,891,877,890,893,899,928,959,961,978,954,948,987
"Durham (P), New Brunswick",1314001,1528,1479,1450,1406,1361,1319,1290,1268,1243,1217,1199,1175,1152,1134,1115,1089,1064,1037,1012,982,958,965,956,974,953
"Derby (P), New Brunswick",1309011,1152,1131,1122,1105,1107,1084,1067,1049,1031,1018,997,999,998,995,991,991,979,969,961,952,955,973,956,985,996
"Sainte-Anne (P), New Brunswick",1313011,1227,1197,1164,1148,1124,1099,1059,1037,992,960,951,978,962,977,990,981,1011,982,957,962,951,961,966,988,987
"Hartland (TV), New Brunswick",1311012,926,934,941,945,951,969,972,977,949,968,948,962,958,971,965,972,994,972,962,968,946,959,975,1037,1025
"Nelson (P), New Brunswick",1309014,1039,997,958,913,864,829,850,869,890,915,934,965,985,992,933,977,955,953,938,943,945,961,990,1026,1014
"Stanley (P), New Brunswick",1310036,1047,1045,1029,1016,1003,989,966,975,931,875,908,865,892,848,828,858,862,885,919,907,936,981,988,1024,1041
"Dorchester (VL), New Brunswick",1307012,996,1029,1065,1099,1137,1167,1167,1176,1185,1195,1197,1192,1179,1168,1150,1131,1081,1034,995,959,933,974,1030,1099,1130
"Blackville (VL), New Brunswick",1309019,1045,1033,1016,997,986,951,958,966,974,986,992,992,989,983,976,974,960,950,940,929,929,937,928,950,952
"Blacks Harbour (VL), New Brunswick",1302012,1109,1079,1052,1025,1003,968,966,964,970,973,981,952,946,970,941,910,913,913,918,918,924,913,939,932,932
"Waterborough (P), New Brunswick",1304018,880,886,895,905,910,897,882,868,854,850,848,851,847,847,846,859,866,872,878,892,919,951,963,996,992
"Sheffield (P), New Brunswick",1303014,904,906,911,922,930,918,896,891,866,854,854,867,857,840,832,820,830,835,845,890,906,901,916,923,938
"Sainte-Anne-de-Madawaska (VL), New Brunswick",1313012,1199,1186,1155,1138,1116,1088,1070,1049,1028,1011,1000,998,987,986,979,973,959,943,929,915,905,904,890,900,928
"Andover (P), New Brunswick",1312001,1026,985,966,928,906,867,888,918,909,925,942,921,904,903,888,906,897,901,915,904,890,904,893,869,931
"Saint-Paul (P), New Brunswick",1308008,976,961,942,921,896,875,837,834,830,830,867,875,897,874,863,858,873,860,873,883,890,932,911,915,949
"Rexton (VL), New Brunswick",1308017,832,835,855,865,873,873,874,843,872,843,813,825,822,829,830,845,861,833,865,906,884,939,980,1014,1059
"Pointe-Verte (VL), New Brunswick",1315013,1068,1048,1032,1018,1000,985,953,966,972,978,972,959,945,930,933,896,878,860,873,879,875,901,897,899,905
"Saint-Léonard (P), New Brunswick",1313004,1087,1093,1089,1082,1070,1058,1054,1049,1048,1053,1057,1054,1039,1029,1011,993,967,941,916,891,875,880,897,923,937
"Chipman (P), New Brunswick",1304024,1118,1099,1106,1102,1092,1053,1031,1009,979,969,961,952,941,934,923,923,906,889,871,864,867,837,893,900,922
"Sainte-Marie-Saint-Raphaël (VL), New Brunswick",1315033,1166,1135,1105,1070,1046,1012,1000,987,979,971,951,961,955,941,925,892,872,863,838,839,832,839,845,854,855
"Aberdeen (P), New Brunswick",1311026,1090,1072,1057,1024,1001,974,977,981,983,981,977,940,904,868,824,795,795,802,811,818,824,812,836,870,859
"Saint-Isidore (VL), New Brunswick",1315022,901,878,863,846,833,813,797,787,764,744,753,757,760,766,771,783,789,815,815,821,822,832,865,893,912
"Doaktown (VL), New Brunswick",1309022,979,954,946,930,910,899,892,865,845,817,793,799,802,802,801,803,796,796,822,812,819,824,846,856,843
"Lepreau (P), New Brunswick",1302008,885,874,872,860,852,834,827,802,783,752,752,741,743,760,737,720,741,763,792,788,818,850,873,901,900
"Grande-Anse (VL), New Brunswick",1315038,871,844,827,805,782,769,763,763,746,753,736,764,799,832,858,908,885,859,838,816,801,797,816,812,788
"Gagetown (VL), New Brunswick",1304005,701,709,718,728,728,723,714,699,716,715,693,739,720,719,703,719,728,739,752,769,799,819,830,857,869
"Blissville (P), New Brunswick",1303001,999,981,952,941,897,861,867,885,913,924,927,919,898,877,850,833,799,804,801,802,787,821,836,852,847
"Carleton (P), New Brunswick",1308026,1045,1013,992,971,941,913,885,857,826,799,766,757,742,733,720,721,726,732,745,761,777,845,928,947,902
"Acadieville (P), New Brunswick",1308024,969,946,926,909,875,834,837,807,800,766,744,739,731,726,718,723,718,711,727,742,767,770,769,810,825
"Le Goulet (VL), New Brunswick",1315030,999,978,964,949,941,926,918,897,862,848,820,818,813,812,810,810,796,786,784,754,761,767,773,781,782
"Rivière-Verte (VL), New Brunswick",1313014,879,872,857,846,836,807,785,783,746,743,747,750,755,744,738,738,751,744,763,779,754,747,758,782,771
"Saint-Basile (P), New Brunswick",1313018,730,740,755,771,794,811,786,765,750,734,717,697,671,648,621,609,636,664,693,722,746,767,796,804,783
"Drummond (VL), New Brunswick",1312023,955,926,907,886,883,853,832,815,796,783,776,773,762,756,750,748,742,736,737,739,745,736,766,750,734
"Fredericton Junction (VL), New Brunswick",1303006,701,700,714,716,718,727,705,733,710,754,750,751,733,746,720,716,726,727,726,707,736,763,793,787,769
"West Isles (P), New Brunswick",1302006,873,865,851,853,843,835,811,786,740,721,735,779,796,817,814,813,799,764,735,734,727,740,721,715,695
"Cambridge-Narrows (VL), New Brunswick",1304013,671,675,686,693,707,718,716,698,649,604,616,615,596,585,588,567,594,624,648,677,726,744,754,779,791
"Paquetville (VL), New Brunswick",1315020,685,679,674,673,659,654,661,668,678,693,708,709,688,716,709,733,732,728,729,729,726,746,756,737,738
"Petersville (P), New Brunswick",1304001,837,825,817,801,787,764,749,738,723,723,719,717,708,699,691,693,696,698,700,708,725,727,736,733,765
"Saint Patrick (P), New Brunswick",1302021,695,706,713,725,733,730,710,691,677,659,648,657,670,677,689,700,704,707,712,716,723,755,784,785,766
"Lac Baker (VL), New Brunswick",1313037,706,703,707,719,717,714,726,733,712,707,719,710,712,703,689,702,699,694,702,720,712,784,778,773,749
"Addington (P), New Brunswick",1314012,837,813,801,787,774,759,751,744,736,727,724,711,701,692,682,669,679,686,695,701,710,705,688,707,698
"Cambridge (P), New Brunswick",1304011,654,654,661,681,693,684,655,647,666,653,645,630,640,629,628,658,660,651,651,666,695,711,720,744,756
"Eldon (P), New Brunswick",1314016,943,913,898,866,839,807,787,766,745,727,713,708,704,704,703,698,697,693,691,686,684,695,690,697,703
"Rivière-Verte (P), New Brunswick",1313015,849,831,833,813,817,803,771,775,741,707,687,698,704,713,718,726,708,690,683,678,668,674,687,707,717
"Saint Croix (P), New Brunswick",1302028,651,659,660,663,666,678,666,653,644,630,616,626,640,647,657,668,665,662,660,658,660,683,690,698,724
"Johnston (P), New Brunswick",1304014,702,693,687,700,700,687,679,670,658,658,652,639,618,599,580,569,583,595,607,625,651,690,710,745,765
"Tracy (VL), New Brunswick",1303005,613,622,627,629,634,628,627,620,629,622,608,604,613,604,617,616,605,616,602,599,626,601,605,627,619
"Saint-Léolin (VL), New Brunswick",1315017,821,804,788,780,757,741,725,702,689,698,682,677,669,662,658,659,649,636,635,632,622,637,633,637,623
"Hopewell (P), New Brunswick",1306001,806,797,804,802,806,807,750,753,686,673,643,648,649,654,654,656,641,629,619,611,604,601,599,604,603
"Northfield (P), New Brunswick",1303018,739,736,745,753,743,738,728,711,695,649,642,655,649,648,615,629,617,603,593,593,587,612,632,665,664
"Dufferin (P), New Brunswick",1302031,561,553,554,553,549,542,545,550,558,560,571,573,578,579,582,583,580,577,576,574,569,581,593,582,590
"Canterbury (P), New Brunswick",1310011,603,598,589,586,583,563,581,593,594,600,610,611,592,575,556,532,577,585,584,547,564,601,620,638,651
"Saint Andrews (P), New Brunswick",1302024,568,572,582,593,600,601,597,596,596,594,592,586,584,577,570,562,561,559,559,558,558,604,612,640,642
"Eel Ground 2 (IRI), New Brunswick",1309035,461,468,478,493,500,512,499,486,473,464,452,468,481,489,524,546,556,548,573,559,555,583,572,573,579
"Maisonnette (VL), New Brunswick",1315040,618,608,611,610,610,608,580,564,565,565,570,571,566,552,508,502,520,524,532,535,543,537,549,558,540
"Chatham (P), New Brunswick",1309006,534,525,522,516,518,509,511,508,512,515,525,514,528,521,507,522,531,530,526,528,537,572,584,589,593
"Kingsclear 6 (IRI), New Brunswick",1310019,416,427,440,451,467,477,478,483,475,496,496,493,484,516,515,505,551,530,534,530,530,580,584,578,581
"Simonds (P), Carleton, New Brunswick",1311021,580,561,551,534,517,500,514,529,541,550,564,547,530,514,494,482,488,496,507,515,525,509,526,558,544
"Centreville (VL), New Brunswick",1311019,550,543,538,538,532,532,533,537,539,540,544,542,544,553,580,561,563,569,544,529,515,524,538,557,551
"Waterford (P), New Brunswick",1305024,532,528,522,518,515,512,507,490,477,480,460,464,466,469,474,477,486,490,484,507,501,544,573,574,580
"Blissfield (P), New Brunswick",1309021,649,621,609,597,582,568,555,540,526,514,498,491,483,474,466,460,466,473,479,487,499,515,513,528,527
"Gladstone (P), New Brunswick",1303004,525,523,527,539,540,552,551,549,512,501,486,484,476,469,460,461,471,479,485,489,496,523,517,524,522
"Bath (VL), New Brunswick",1311030,602,578,564,550,540,519,543,547,544,552,529,520,514,485,503,480,515,498,495,471,447,454,460,463,463
"Dorchester (P), New Brunswick",1307011,480,477,477,473,473,471,485,471,468,471,476,462,457,460,439,437,437,436,439,443,447,465,494,516,509
"Woodstock 23 (IRI), New Brunswick",1311005,259,276,290,309,331,348,359,368,362,365,348,346,343,341,335,340,345,388,409,427,443,460,460,490,478
"Dumfries (P), New Brunswick",1310014,400,393,391,388,381,377,375,374,375,375,370,384,364,378,389,360,403,383,405,408,429,449,476,469,466
"Wickham (P), New Brunswick",1304008,414,422,421,444,459,460,449,440,429,425,425,425,426,440,434,428,422,424,397,401,415,449,458,446,437
"Harvey (VL), New Brunswick",1310005,354,350,351,348,352,359,359,361,365,368,366,366,368,366,363,366,374,384,394,402,408,422,451,466,425
"Red Bank 4 (IRI), New Brunswick",1309023,356,359,366,370,381,394,386,379,373,369,356,353,347,339,329,320,337,355,372,390,407,419,436,425,412
"Stanley (VL), New Brunswick",1310037,470,469,461,451,447,439,434,430,427,423,417,435,440,451,442,413,427,411,408,398,406,417,433,446,450
"Port Elgin (VL), New Brunswick",1307002,446,450,458,462,461,456,450,422,403,420,420,414,407,408,422,412,385,375,375,374,388,391,410,398,402
"Kars (P), New Brunswick",1305036,356,372,389,405,417,432,419,422,423,408,406,382,380,359,342,331,340,350,361,373,384,370,360,376,384
"St. Basile 10 (IRI), New Brunswick",1313020,140,146,154,155,160,172,178,186,193,200,206,208,209,212,214,224,254,284,316,349,376,379,386,397,402
"Harvey (P), New Brunswick",1306004,439,439,440,438,431,430,410,407,387,388,374,369,361,355,346,339,351,347,357,360,363,379,372,373,349
"Riverside-Albert (VL), New Brunswick",1306003,399,376,361,358,340,325,330,336,342,349,353,367,368,358,364,355,352,349,349,350,356,343,339,308,320
"Harcourt (P), New Brunswick",1308010,459,451,442,441,441,433,424,416,408,399,389,383,376,369,360,352,348,346,346,348,352,361,366,373,378
"Dumbarton (P), New Brunswick",1302044,441,426,406,395,381,363,363,366,369,368,365,374,381,363,357,341,344,345,348,349,351,357,353,365,382
"Rothesay (P), New Brunswick",1305008,324,333,339,345,347,359,358,359,360,358,350,350,348,347,344,331,324,340,339,355,349,392,388,392,395
"Eel River 3 (IRI), New Brunswick",1314010,308,311,317,316,319,320,322,326,326,325,324,308,307,308,314,338,352,366,358,358,347,359,362,357,342
"Gagetown (P), New Brunswick",1304004,323,322,321,313,310,299,292,308,307,314,315,312,319,326,317,317,319,323,321,320,330,326,324,338,344
"St. Martins (VL), New Brunswick",1301002,384,387,395,394,395,391,376,361,348,333,314,306,299,289,283,282,292,301,310,318,330,331,342,355,360
"Canterbury (VL), New Brunswick",1310012,407,402,398,391,381,365,356,378,361,339,336,342,369,371,332,343,319,331,319,324,326,336,349,362,367
"Aroostook (VL), New Brunswick",1312002,389,380,374,363,356,351,365,336,336,333,351,358,357,344,311,311,310,310,312,315,317,315,332,331,340
"Lorne (P), New Brunswick",1312011,637,624,623,624,620,622,601,580,556,536,513,507,496,488,477,464,432,399,370,341,317,321,322,323,322
"Balmoral (P), New Brunswick",1314005,271,269,267,270,271,272,270,267,265,262,261,265,268,272,277,285,292,298,303,308,315,319,323,333,331
"Oromocto 26 (IRI), New Brunswick",1303013,256,264,272,280,288,291,292,294,294,293,289,291,289,288,286,289,294,295,299,300,303,307,309,312,313
"Hampstead (P), New Brunswick",1304006,318,303,301,298,291,278,277,285,297,284,292,288,280,283,284,278,282,278,276,298,291,309,298,302,282
"Alma (VL), New Brunswick",1306006,297,300,302,303,308,304,290,275,261,248,233,231,226,223,219,219,231,245,258,272,287,291,299,308,296
"North Lake (P), New Brunswick",1310008,224,238,254,273,292,302,289,275,264,253,242,239,238,235,234,236,246,256,267,277,286,295,306,318,323
"Hammond (P), New Brunswick",1305001,298,307,319,330,339,344,334,324,313,304,294,287,280,273,265,257,261,265,270,276,281,283,275,277,285
"Millville (VL), New Brunswick",1310025,326,322,317,317,311,309,306,306,308,310,307,301,297,290,283,278,278,279,280,280,279,293,283,290,309
"Colborne (P), New Brunswick",1314003,277,268,259,252,245,237,229,220,214,207,203,208,213,219,225,232,240,248,255,261,269,275,260,272,267
"Notre-Dame-de-Lourdes (P), New Brunswick",1313008,313,307,298,296,295,288,295,296,289,275,264,258,256,261,272,282,272,273,278,265,257,264,264,277,292
"Brunswick (P), New Brunswick",1304016,256,250,252,257,253,242,230,217,205,196,191,195,197,201,203,207,211,214,216,222,228,232,235,243,247
"Meductic (VL), New Brunswick",1310013,192,188,181,173,165,160,171,185,199,214,228,225,224,221,218,218,210,203,196,189,183,189,196,204,207
"Grand Manan (P), New Brunswick",1302001,195,196,195,194,195,194,188,182,177,169,162,160,156,154,150,147,145,144,144,142,141,143,146,148,148
"Indian Ranch (IRI), New Brunswick",1314026,48,47,47,47,47,46,49,51,54,57,61,67,72,77,83,92,102,110,120,128,136,137,138,140,140
"Pabineau 11 (IRI), New Brunswick",1315010,124,125,126,128,127,128,130,133,135,139,143,143,142,142,142,138,137,136,135,135,135,136,137,138,138
"Indian Island 28 (IRI), New Brunswick",1308020,115,114,113,112,113,116,117,117,115,115,114,123,130,139,147,155,147,139,131,124,118,121,123,125,127
"Buctouche 16 (IRI), New Brunswick",1308003,81,82,81,81,82,84,86,88,88,88,86,88,90,92,93,99,99,99,101,102,103,106,107,109,111
"Clarendon (P), New Brunswick",1302014,42,49,55,61,67,72,68,63,60,56,52,54,57,60,63,64,65,65,66,66,67,68,69,70,70
"McAdam (P), New Brunswick",1310007,88,87,86,86,84,79,68,58,47,36,29,37,47,56,65,74,71,69,66,64,62,64,66,68,69
"Fort Folly 1 (IRI), New Brunswick",1307014,47,47,47,47,46,46,45,46,47,48,49,49,47,46,43,40,39,38,37,37,36,38,40,43,44
"Big Hole Tract 8 (North Half) (IRI), New Brunswick",1309033,34,35,36,36,36,37,32,29,24,21,17,20,21,22,24,26,26,27,28,29,30,31,31,32,32
"Tabusintac 9 (IRI), New Brunswick",1309047,2,4,6,8,8,10,10,10,10,10,10,10,10,10,10,10,12,14,16,18,20,20,20,20,20
"Big Hole Tract 8 (South Half) (IRI), New Brunswick",1309034,30,31,32,32,34,33,30,26,22,19,17,18,19,21,22,23,22,20,18,17,16,16,16,16,16
"Renous 12 (IRI), New Brunswick",1309010,6,6,5,4,4,4,4,4,4,4,5,5,6,6,4,5,6,7,8,9,10,10,10,10,10
"Alma (P), New Brunswick",1306007,5,5,5,5,5,5,4,3,2,1,0,0,1,2,3,5,5,5,5,5,5,5,5,5,5
"Huskisson (P), New Brunswick",1308012,13,21,29,36,44,50,44,39,34,29,25,23,20,18,17,15,13,11,9,7,5,5,5,5,5
"Madawaska (P), New Brunswick",1313028,0,2,4,6,7,10,8,6,4,3,0,2,5,7,8,10,8,6,4,2,0,0,0,0,0
"Montréal (V), Quebec",2466023,1619478,1632077,1635992,1638160,1639235,1641728,1640382,1643234,1657743,1668042,1676628,1688171,1700377,1709600,1713453,1722322,1743687,1780431,1812824,1816051,1774416,1790002,1844029,1910484,1915366
"Québec (V), Quebec",2423027,486439,488862,490581,492254,493605,496711,501098,506903,512573,518097,523556,525911,528740,531332,533143,536051,539778,544013,549754,553478,552835,561007,573545,587959,592658
"Laval (V), Quebec",2465005,350600,354628,358848,363213,367505,372577,378123,385065,392073,399714,406306,411361,415771,419023,421758,425838,429570,434464,438498,441071,440489,443673,449682,458093,461509
"Gatineau (V), Quebec",2481017,231625,233950,237711,241120,243391,245162,249042,253560,258713,264090,269080,271322,272816,274312,275664,278576,281331,284956,289258,292139,293052,294407,297858,303611,306105
"Longueuil (V), Quebec",2458227,230683,231341,231855,232102,231865,231431,230900,230749,231337,232316,234198,235113,237356,238854,239555,241687,244117,248271,252966,256297,256138,256453,261157,267705,268530
"Sherbrooke (V), Quebec",2443027,141701,143396,145324,146723,147804,149060,149993,151223,152910,154644,156625,157865,159032,160159,160733,162630,164333,167062,169883,172431,174515,177782,180135,183265,184135
"Lévis (V), Quebec",2425213,124504,125550,126498,127641,129452,131519,133778,135660,137453,138992,140171,140966,141433,142003,143002,144168,144690,145822,146964,148973,150645,153178,155819,158919,160882
"Saguenay (V), Quebec",2494068,149729,148240,147133,146241,145089,144460,144472,144966,144965,145457,146040,146602,146829,146569,146587,146377,145977,145752,145704,145796,145402,146849,148874,151309,151972
"Trois-Rivières (V), Quebec",2437067,124742,124693,125207,125938,126599,127393,128531,129665,130706,131851,132662,133072,133329,133980,134285,135075,135917,136473,137640,139252,139937,142359,144737,148522,149934
"Terrebonne (V), Quebec",2464008,82218,84283,86630,90105,93286,95986,98633,101124,103403,105459,107610,109021,109865,110653,111311,112333,114349,115847,117691,119466,120783,122010,123327,125033,126872
"Saint-Jean-sur-Richelieu (V), Quebec",2456083,80874,82321,84172,85621,87063,88363,89708,90917,91862,92729,93185,93501,94182,94551,94799,95150,95587,95810,96823,97706,98329,98890,99734,100292,100806
"Brossard (V), Quebec",2458007,66441,67230,68178,69393,70431,71893,73297,75169,76741,78587,80374,82058,83535,84572,85428,86333,87666,88835,90262,91342,91985,93226,95347,96941,97597
"Repentigny (V), Quebec",2460013,73553,73980,74215,74609,75434,76917,79005,80215,80966,81862,82728,83666,84244,84491,84420,84561,84657,84733,85233,85819,86509,87232,88398,89800,91290
"Saint-Jérôme (V), Quebec",2475017,60384,60687,61699,62934,63770,64231,65319,66151,67219,68294,68967,69859,70931,72100,73126,74493,75822,77080,78197,79209,80720,81628,82574,84246,85160
"Drummondville (V), Quebec",2449058,64280,64763,65733,66514,67470,67954,68529,69602,70593,71550,72527,73119,73760,74340,74973,75730,76715,77351,77909,78720,79825,81073,82908,84580,85560
"Granby (V), Quebec",2447017,56550,56937,57341,58167,59072,59905,60730,61532,62225,63132,64037,64549,65135,65564,65862,66463,66882,67353,68038,68651,69382,69974,70772,71672,72180
"Mirabel (V), Quebec",2474005,27902,29267,30704,32158,33589,35154,36580,38195,39476,40970,42492,44050,45792,47520,49405,51047,53030,55228,57581,59700,62014,63949,65685,67122,68471
"Blainville (V), Quebec",2473015,37074,38957,41092,43398,45372,47171,48957,50004,51508,52888,54014,54900,55389,55849,56076,57434,58489,59091,59656,60082,60272,60682,61107,61430,61739
"Saint-Hyacinthe (V), Quebec",2454048,51376,51556,51679,51711,51912,51984,52419,52790,52921,53505,53730,54231,54690,55169,55433,55871,56131,56286,56689,57177,57517,58454,59555,60516,60874
"Mascouche (V), Quebec",2464015,30165,30460,30932,31766,33066,34323,36385,38626,40299,41788,43184,44648,45493,46176,46539,47010,47547,48386,49440,50542,51629,52961,54929,56090,56897
"Châteauguay (V), Quebec",2467050,41796,41972,42215,42567,42784,43157,43408,44053,44666,45612,46355,46707,47113,47412,47794,48187,48767,49436,50057,50709,51067,51673,52210,53060,53508
"Shawinigan (V), Quebec",2436033,52959,52455,52293,52262,52219,51980,51903,51561,51111,50723,50263,50051,49897,49730,49458,49364,49097,48941,48868,49112,49880,50674,51121,51608,51739
"Rimouski (V), Quebec",2410043,45252,45216,45355,45409,45420,45474,45746,46160,46361,46665,47297,47727,47932,48369,48676,48820,48854,48851,49028,49107,49166,49591,50213,51401,51756
"Dollard-Des Ormeaux (V), Quebec",2466142,49120,49481,49725,49780,49544,49351,49550,49999,50030,50129,50086,49895,49745,49440,49095,49142,49209,49606,49944,49805,48492,48673,49353,50150,50246
"Victoriaville (V), Quebec",2439062,39609,39784,40192,40298,40487,40818,41435,41988,42529,43126,43894,44522,44998,45628,45801,46238,46541,47129,47403,47632,47905,48324,48824,49644,49863
"Saint-Eustache (V), Quebec",2472005,41207,41300,41485,41824,42023,42412,42886,43660,44069,44252,44482,44522,44413,44199,44274,44145,44482,44573,44826,45161,45545,45941,46445,47306,47562
"Vaudreuil-Dorion (V), Quebec",2471083,20409,21263,22111,23251,24469,26253,27702,29183,30555,31943,33805,35143,36561,37205,37625,38234,39187,40320,41435,42684,43505,44291,45263,45942,46413
"Salaberry-de-Valleyfield (V), Quebec",2470052,39814,39858,39978,39955,39908,39850,40007,40028,40127,40167,40417,40357,40553,40698,40861,40924,41200,41396,41875,42399,43199,43951,44939,46093,47002
"Rouyn-Noranda (V), Quebec",2486042,40301,39966,39730,39656,39908,40221,40334,40566,40826,41068,41427,41645,41913,42148,42238,42525,42717,42731,42757,42691,42556,42686,42756,43178,43270
"Boucherville (V), Quebec",2458033,36995,37426,37994,38493,38996,39285,39689,39882,40297,40607,41067,41170,41126,41285,41578,41844,41761,42164,42308,42188,41736,41663,41670,41786,41910
"Sorel-Tracy (V), Quebec",2453052,34782,34522,34515,34435,34244,34194,34397,34432,34603,34737,34784,34809,34731,34841,34791,34796,34741,34704,34712,34932,35317,35658,35803,36258,36537
"Côte-Saint-Luc (V), Quebec",2466058,30705,30937,31039,31090,31056,31498,31550,31993,32296,32372,32540,32492,32424,32423,32503,32526,33049,33979,34805,35050,34474,35508,37149,38100,37901
"Pointe-Claire (V), Quebec",2466097,29803,30090,30088,30114,30113,30338,30349,30695,30977,30906,30962,31016,31015,30868,31119,31529,31789,32357,33217,33592,33453,34245,35401,36621,37437
"Saint-Georges (V), Quebec",2429073,28728,28953,29045,29332,29622,29919,30152,30444,30773,31063,31501,31770,31984,32220,32480,32596,32658,32940,33038,33071,33029,33232,33584,33828,33881
"Val-d'Or (V), Quebec",2489008,31945,31659,31549,31532,31379,31329,31704,31958,32088,32112,32285,32579,32700,32650,32561,32632,32684,32752,32859,32993,32944,32950,33072,33350,33353
"Chambly (V), Quebec",2457005,20691,21000,21532,21880,22276,22895,23289,23810,24306,25145,25849,26785,27597,28008,28645,29214,30034,30686,31359,31464,31568,31597,31575,31782,31870
"Alma (V), Quebec",2493042,30694,30582,30338,30345,30226,30191,30233,30523,30717,30898,31111,31101,31033,30978,30875,30795,30683,30453,30470,30506,30434,30518,30685,30788,30659
"Sainte-Julie (V), Quebec",2459010,27109,27552,28119,28672,29045,29332,29722,29851,29835,30065,30243,30320,30083,30025,29937,29933,29792,29493,29679,29840,30227,30299,30522,30793,30981
"Saint-Constant (V), Quebec",2467035,23072,23607,24149,24335,24197,24252,24631,25006,24957,24914,25233,25433,26006,26442,27088,27630,28065,28511,29170,29631,30212,30646,31246,31831,32124
"Boisbriand (V), Quebec",2473005,27290,27126,26943,26975,26836,26757,26738,26641,26777,26906,27089,27171,27164,27149,27303,26904,26609,26797,27344,27916,28577,28866,29189,29434,29830
"Magog (V), Quebec",2445072,22985,23161,23392,23601,23899,23939,24318,24632,25002,25434,25789,26003,26340,26398,26516,26689,26902,27100,27374,27805,28413,28631,29581,30271,30764
"Sainte-Thérèse (V), Quebec",2473010,24808,25155,25310,25434,25483,25414,25678,25781,25865,26292,26284,26173,26196,26130,26066,26123,26315,26366,26545,26540,26716,26897,26905,27205,27253
"La Prairie (V), Quebec",2467015,19345,19751,20250,20919,21489,22037,22435,22756,22927,23227,23721,23871,23964,23974,23993,24264,24795,25696,26345,26619,26535,26660,26996,27174,27159
"Saint-Bruno-de-Montarville (V), Quebec",2458037,24302,24490,24599,24520,24537,24539,24791,25152,25581,26017,26267,26448,26446,26458,26369,26485,26429,26543,26590,26576,26268,26598,26613,26697,26786
"Thetford Mines (V), Quebec",2431084,26710,26460,26170,26045,25906,25700,25654,25596,25659,25728,25750,25645,25565,25434,25299,25339,25520,25659,25757,25905,26095,26182,26625,26901,27155
"Sept-Îles (V), Quebec",2497007,25836,25497,25435,25504,25533,25677,25711,25744,25740,25727,25925,26019,26115,25998,25644,25430,25215,25130,24845,24774,24666,24567,24473,24481,24483
"Saint-Lin--Laurentides (V), Quebec",2463048,12616,12682,12803,13286,13726,14365,15095,15767,16232,16986,17660,18308,18874,19632,20328,20917,21496,22055,22439,23137,24386,25307,25970,26366,26673
"Beloeil (V), Quebec",2457040,19275,19220,19014,19039,19044,19083,19354,19654,20134,20564,20995,21411,21683,21933,22260,22472,22682,23007,23711,24052,24203,24415,24701,25027,25240
"L'Assomption (V), Quebec",2460028,15922,15899,15948,16121,16532,16972,17703,18360,19177,19742,20345,20848,21491,21761,22180,22610,22817,23095,23262,23487,23573,23985,24534,24857,25126
"Candiac (V), Quebec",2467020,12994,13379,13898,14522,15330,16202,16920,17999,18883,19681,20005,20352,20687,20875,20976,21139,21298,21913,22290,22829,23139,23713,24119,24510,24920
"Saint-Lambert (V), Quebec",2458012,21394,21663,21750,21630,21606,21639,21610,21459,21667,21622,21650,21517,21603,21521,21688,21912,22280,22552,22949,22848,22736,23004,23198,23394,23355
"Saint-Lazare (V), Quebec",2471105,13199,14068,15002,15999,16636,17253,17969,18570,18849,19183,19428,19708,19711,19740,19769,19929,20267,20740,21234,21929,22546,22719,22791,22863,22895
"Joliette (V), Quebec",2461025,18206,18352,18606,18845,19055,19146,19157,19223,19349,19649,19813,20066,20419,20553,20594,20527,20522,20579,20873,21248,21535,21694,21959,22274,22408
"Varennes (V), Quebec",2459020,19962,20489,20770,21028,21083,21118,21141,21053,21016,21110,21121,20829,20996,21182,21238,21291,21247,21284,21258,21286,21298,21355,21437,21521,21490
"Mont-Royal (V), Quebec",2466072,19000,19150,19235,19059,18986,19045,19056,19058,19227,19431,19675,19797,19971,20179,20172,20337,20742,21239,21719,21449,20939,21075,21982,22880,22821
"Baie-Comeau (V), Quebec",2496020,23438,23197,23098,23048,22861,22659,22470,22295,22273,22150,22263,22319,22229,22076,21757,21507,21375,21088,20948,20801,20762,20722,20695,20693,20660
"Rivière-du-Loup (V), Quebec",2412072,18109,18122,18276,18393,18609,18714,19007,19156,19313,19386,19564,19556,19675,19638,19521,19553,19745,19933,20072,20077,20170,20248,20417,20576,20650
"Sainte-Marthe-sur-le-Lac (V), Quebec",2472015,8965,9336,9716,10321,10908,11531,12518,13563,14340,15263,15983,16623,17081,17475,17855,18201,18579,19103,19222,19381,19972,20582,21273,21707,21949
"Saint-Augustin-de-Desmaures (V), Quebec",2423072,16059,16490,16793,17070,17313,17449,17641,17757,17887,18118,18313,18461,18526,18752,18706,18925,18927,19205,19505,19726,19971,20302,20601,20770,20864
"Westmount (V), Quebec",2466032,20059,20186,20289,20358,20255,20594,20484,20311,20248,20308,20090,20155,20148,20196,20367,20379,20417,20595,20512,20241,19581,19740,20314,20753,20377
"Kirkland (V), Quebec",2466102,20794,20919,21066,21031,20842,20642,20823,20921,21078,21207,21387,21245,20901,20748,20489,20230,20110,20095,20101,19859,19456,19711,19807,19706,19696
"Dorval (V), Quebec",2466087,18047,18135,18124,18091,18070,18231,18207,18207,18132,18280,18416,18603,18758,18839,19000,19128,19295,19717,19923,19810,19359,19710,20040,20569,21062
"Beaconsfield (V), Quebec",2466107,19629,19610,19544,19488,19423,19283,19173,19293,19470,19718,19628,19506,19470,19434,19258,19399,19436,19523,19652,19542,19294,19299,19351,19476,19430
"Mont-Saint-Hilaire (V), Quebec",2457035,14476,14703,14961,15107,15478,15868,16329,17004,17609,18069,18307,18579,18634,18642,18610,18526,18516,18644,18746,18838,18872,19057,19241,19391,19447
"Sainte-Sophie (MÉ), Quebec",2475028,9323,9741,9928,10087,10346,10518,11126,11675,12106,12889,13712,14164,14684,15109,15541,16098,16452,16916,17347,17748,18436,18785,19157,19333,19467
"Deux-Montagnes (V), Quebec",2472010,17410,17438,17495,17476,17528,17562,17482,17616,17614,17817,17790,17722,17652,17656,17635,17590,17581,17707,17838,17922,18052,18219,18402,18380,18516
"Saint-Colomban (V), Quebec",2475005,7694,8225,8668,9077,9634,10316,10963,11664,12172,12681,13293,13931,14590,15221,15713,16149,16456,16684,17004,17402,17937,18273,18514,18805,19080
"Sainte-Catherine (V), Quebec",2467030,16321,16397,16482,16509,16466,16404,16382,16342,16506,16760,16926,16970,17099,17071,17110,17149,17192,17279,17510,17429,17418,17396,17554,17675,17782
"Saint-Basile-le-Grand (V), Quebec",2457020,12634,13218,13935,14848,15481,15805,16083,16266,16491,16716,16864,17026,17045,17068,17088,17063,17065,16967,17065,17094,17111,17200,17231,17228,17146
"L'Ancienne-Lorette (V), Quebec",2423057,16266,16319,16479,16542,16626,16663,16682,16766,16811,16872,16869,16832,16753,16644,16691,16609,16607,16634,16917,16990,16995,17047,17394,17741,17876
"Sainte-Anne-des-Plaines (V), Quebec",2473035,13183,13173,13286,13202,13130,13172,13603,13812,14066,14347,14710,14744,14800,14748,14614,14521,14623,14796,14875,15164,15398,15560,15716,15810,15904
"Cowansville (V), Quebec",2446080,12147,12163,12233,12308,12305,12280,12278,12335,12357,12372,12585,12821,13094,13267,13411,13730,13971,14201,14544,14852,15364,16011,16404,16818,17269
"Saint-Charles-Borromée (V), Quebec",2461035,10880,11071,11291,11630,11951,12114,12499,12814,13208,13571,13368,13276,13443,13579,13711,13802,14136,14325,14741,14933,15286,15706,16088,16510,16904
"Gaspé (V), Quebec",2403005,15149,15028,14933,14880,14841,14897,14980,15067,15122,15176,15192,15102,14946,14795,14653,14539,14644,14834,14920,14928,15138,15196,15367,15500,15479
"Pincourt (V), Quebec",2471070,10258,10403,10495,10622,10964,11382,12067,13134,13824,14253,14447,14290,14034,14075,14353,14577,14639,14828,14774,14768,14838,14960,15074,15238,15220
"Mercier (V), Quebec",2467045,9637,9751,9940,10055,10156,10251,10400,10611,11101,11515,11722,12154,12408,12712,12920,13230,13483,13825,14206,14522,14726,15051,15321,15682,16036
"Lavaltrie (V), Quebec",2452007,11383,11604,11748,12051,12185,12370,12676,12965,13189,13279,13345,13515,13590,13562,13704,13663,13664,13744,13891,14106,14554,15122,15638,15828,15996
"Mont-Laurier (V), Quebec",2479088,13071,13150,13319,13370,13403,13469,13403,13411,13530,13761,13847,13912,13946,13999,14091,14134,14177,14130,14109,14178,14291,14419,14592,14564,14598
"Lachute (V), Quebec",2476020,11843,11947,12000,11933,11917,11870,11918,12028,12177,12377,12634,12727,12737,12736,12910,12864,12968,13165,13444,13743,14229,14847,15009,15247,15469
"Rosemère (V), Quebec",2473020,13638,13842,14128,14332,14228,14246,14304,14222,14275,14385,14350,14346,14248,14180,14135,13993,13928,13813,13781,13890,14171,14180,14164,14160,14198
"Sainte-Adèle (V), Quebec",2477022,9453,9734,9981,10157,10510,10667,11072,11147,11478,11910,12176,12429,12496,12604,12786,12966,13092,13286,13323,13621,14121,14486,14674,14907,15216
"Matane (V), Quebec",2408053,15200,15021,14867,14816,14722,14774,14687,14669,14594,14548,14502,14494,14478,14373,14275,14287,14216,14170,14074,14176,14014,14243,14274,14183,14180
"Prévost (V), Quebec",2475040,8627,8865,9093,9499,9944,10249,10561,11028,11445,11905,12374,12759,12913,12900,13075,13253,13237,13392,13433,13671,13862,14006,14092,14200,14275
"Beauharnois (V), Quebec",2470022,11614,11726,11809,11926,11967,11980,11976,11912,11965,12019,12110,12218,12350,12531,12715,12910,13034,13167,13260,13343,13786,14294,14835,15139,15285
"Bécancour (V), Quebec",2438010,11146,11064,10991,10906,10867,10948,11154,11331,11730,12091,12441,12620,12805,12823,12880,13016,12984,12988,13110,13370,13706,14354,14513,14728,14943
"Dolbeau-Mistassini (V), Quebec",2492022,15140,14972,14752,14658,14653,14601,14439,14450,14496,14360,14400,14421,14372,14308,14228,14164,14053,14023,13906,13814,13697,13716,13722,13695,13581
"Val-des-Monts (MÉ), Quebec",2482015,8040,8380,8761,8942,9237,9656,9842,9980,10135,10208,10519,10837,10986,11241,11439,11670,11997,12309,12656,13074,13466,13801,14012,14182,14473
"Saint-Amable (V), Quebec",2459015,7460,7622,7770,7919,8215,8553,9062,9478,10058,10668,11105,11557,11761,11991,12022,12226,12505,12757,12943,13203,13456,13656,13821,14023,14119
"Sainte-Marie (V), Quebec",2426030,11453,11522,11456,11484,11459,11552,11842,12111,12472,12763,13029,13130,13378,13462,13605,13599,13653,13715,13458,13010,13161,13249,13322,13627,13873
"Amos (V), Quebec",2488055,13240,12931,12837,12743,12713,12628,12667,12742,12640,12628,12742,12746,12775,12810,12815,12820,12891,12843,12747,12754,12723,12691,12774,12867,12773
"Les Îles-de-la-Madeleine (MÉ), Quebec",2401023,12428,12385,12426,12465,12535,12530,12483,12455,12346,12362,12305,12222,12116,12036,11963,11937,11882,11887,11927,12008,12242,12427,12460,12458,12427
"Carignan (V), Quebec",2457010,6028,6110,6391,6742,7082,7513,7752,7906,7980,7976,8023,8189,8350,8657,9090,9548,10077,10523,11016,11385,11850,12051,12259,12482,12618
"Rawdon (MÉ), Quebec",2462037,8865,9202,9525,9703,9935,10086,10143,10220,10289,10443,10437,10601,10764,10919,10971,11103,11154,11272,11250,11505,11821,12087,12237,12706,13099
"L'Île-Perrot (V), Quebec",2471060,9532,9680,9783,9876,10032,10070,10105,10150,10216,10505,10619,10741,10699,10675,10754,10755,11117,11198,11345,11580,11703,11676,11677,11888,11921
"Saint-Sauveur (V), Quebec",2477043,8286,8620,8808,9015,9142,9187,9360,9530,9686,9793,9891,10036,10051,10057,10117,10247,10420,10660,10943,11218,11639,11751,11799,11950,12112
"Cantley (MÉ), Quebec",2482020,6052,6400,6742,7091,7561,8049,8450,8860,9144,9612,10026,10239,10354,10494,10640,10778,10958,11163,11261,11464,11547,11782,11986,12233,12291
"Bromont (V), Quebec",2446078,4923,5153,5369,5606,5838,6082,6425,6804,7122,7487,7742,8192,8483,8740,8912,9091,9400,9782,10193,10877,11510,11827,11927,12196,12413
"Notre-Dame-de-l'Île-Perrot (V), Quebec",2471065,8707,8992,9293,9623,9866,10018,10296,10358,10494,10665,10690,10713,10667,10651,10632,10677,10817,11022,11206,11290,11494,11628,11687,11757,11716
"Marieville (V), Quebec",2455048,7226,7297,7289,7314,7408,7584,7909,8472,9014,9714,10271,10409,10536,10686,10674,10794,10906,10996,11173,11301,11426,11573,11673,11846,11910
"Sainte-Julienne (MÉ), Quebec",2463060,7317,7293,7366,7555,7807,8069,8385,8591,8847,9175,9454,9619,9729,9806,9986,10071,10253,10357,10612,10956,11392,11741,12101,12520,12990
"Sainte-Agathe-des-Monts (V), Quebec",2478032,8934,9057,9201,9382,9592,9703,9757,9786,9799,9934,10123,10226,10309,10307,10280,10254,10460,10646,10785,11014,11254,11453,11747,11924,12154
"Saint-Raymond (V), Quebec",2434128,9055,9107,9137,9208,9271,9314,9289,9361,9385,9561,9704,9854,9990,10169,10280,10403,10490,10640,10782,11010,11203,11404,11575,11791,11951
"La Tuque (V), Quebec",2490012,12633,12310,12092,11996,11910,11813,11640,11485,11390,11328,11243,11158,11094,11059,11046,10950,10968,11033,11018,11062,11152,11222,11277,11261,11309
"Mont-Tremblant (V), Quebec",2478102,8538,8697,8724,8786,8893,8951,9079,9169,9397,9498,9579,9534,9603,9686,9692,9677,9894,10076,10247,10647,11096,11408,11584,11702,11879
"Kahnawake (IRI), Quebec",2467802,8390,8563,8735,9007,9271,9488,9579,9692,9786,9899,9986,10014,9986,10029,9996,10062,10230,10409,10629,10880,11038,11119,11167,11162,11142
"Montmagny (V), Quebec",2418050,11856,11757,11678,11523,11425,11373,11372,11384,11448,11497,11506,11490,11376,11381,11358,11220,11140,11086,11014,10956,11023,10967,10976,11195,11326
"Saint-Hippolyte (MÉ), Quebec",2475045,6281,6416,6593,6802,7043,7268,7490,7641,7786,8038,8219,8440,8673,8919,9035,9327,9462,9729,9955,10338,10882,11394,11823,12199,12550
"Farnham (V), Quebec",2446112,7867,7900,7884,7862,7821,7864,7943,7992,7982,8245,8431,8549,8614,8726,8865,8956,9137,9257,9462,9860,10303,10675,10900,11197,11315
"Bois-des-Filion (V), Quebec",2473030,7877,7969,8092,8176,8255,8477,8894,9036,9331,9541,9578,9545,9653,9674,9735,9692,9693,9780,9882,9958,10248,10391,10554,10662,10666
"Pont-Rouge (V), Quebec",2434017,7286,7417,7459,7494,7616,7699,7918,8229,8400,8610,8859,8889,9002,9034,9217,9296,9574,9711,9783,9857,10218,10674,10929,11095,11339
"Saint-Félicien (V), Quebec",2491042,10816,10740,10595,10531,10576,10529,10564,10523,10488,10438,10342,10336,10275,10274,10219,10255,10187,10161,10197,10064,10124,10244,10156,10265,10143
"Roberval (V), Quebec",2491025,11083,11018,10854,10745,10719,10566,10469,10393,10272,10260,10266,10145,9997,10050,9977,10038,9989,9889,9851,9868,9844,9875,9886,9841,9828
"Stoneham-et-Tewkesbury (CU), Quebec",2422035,5346,5510,5616,5792,5791,5941,6156,6518,6704,6975,7209,7345,7575,7826,8146,8427,8684,8976,9217,9475,9789,9896,9980,10056,10147
"Saint-Zotique (MÉ), Quebec",2471025,4244,4338,4470,4687,5037,5333,5674,6054,6329,6652,6859,7076,7378,7675,7790,7970,8306,8587,8928,9294,9706,10006,10229,10357,10445
"Contrecoeur (V), Quebec",2459035,5455,5386,5430,5546,5690,5749,5862,5902,5960,6174,6392,6903,7118,7466,7819,8124,8357,8776,9048,9326,9673,9946,10316,10516,10708
"Lorraine (V), Quebec",2473025,9636,9713,9876,9815,9775,9657,9666,9633,9526,9541,9494,9440,9383,9290,9265,9400,9410,9438,9465,9575,9560,9626,9694,9710,9721
"Notre-Dame-des-Prairies (V), Quebec",2461030,7470,7585,7769,7934,8149,8274,8361,8425,8481,8582,8910,9052,9116,9243,9217,9295,9325,9413,9393,9431,9507,9515,9534,9559,9622
"Saint-Rémi (V), Quebec",2468055,5860,5974,5960,6055,6092,6203,6382,6551,6743,7072,7324,7558,7701,7740,7872,8117,8333,8664,8874,8989,9035,9238,9326,9498,9557
"L'Épiphanie (V), Quebec",2460037,7278,7262,7325,7521,7648,7824,7998,8219,8405,8586,8747,8768,8738,8766,8735,8737,8712,8746,8843,8869,8954,9037,9120,9159,9254
"Coaticook (V), Quebec",2444037,9144,9167,9127,9136,9170,9232,9246,9290,9276,9318,9247,9162,9036,8975,8969,8940,8852,8832,8822,8795,8907,8864,8876,8974,9027
"La Pêche (MÉ), Quebec",2482035,6563,6695,6836,6958,7231,7525,7503,7548,7583,7598,7665,7776,7843,7795,7784,7908,8033,8133,8298,8483,8702,8903,9093,9206,9379
"Nicolet (V), Quebec",2450072,8067,7947,7847,7856,7806,7808,7750,7748,7780,7771,7835,7867,7967,8036,8136,8165,8361,8462,8461,8523,8639,8635,8730,8760,8737
"Sainte-Brigitte-de-Laval (V), Quebec",2422045,3431,3504,3566,3633,3760,3860,3997,4259,4685,5231,5844,6315,6692,7008,7268,7423,7654,7939,8141,8228,8588,8754,8821,8964,9084
"Sainte-Catherine-de-la-Jacques-Cartier (V), Quebec",2422005,4758,4834,4888,4925,4982,5091,5336,5668,6025,6228,6455,6722,7092,7316,7530,7775,7889,7994,8107,8293,8574,8873,9206,9432,9830
"Otterburn Park (V), Quebec",2457030,7992,8206,8270,8408,8574,8543,8487,8531,8500,8484,8483,8490,8457,8469,8408,8424,8353,8325,8361,8494,8511,8780,9112,9230,9460
"Delson (V), Quebec",2467025,7177,7180,7229,7221,7301,7408,7453,7510,7546,7548,7539,7564,7535,7551,7531,7502,7563,7907,8139,8249,8379,8450,8555,8547,8802
"Boischatel (MÉ), Quebec",2421045,4363,4495,4610,4786,5048,5300,5655,5890,6103,6224,6461,6613,6850,7159,7358,7580,7648,7736,7856,7960,8290,8603,8817,9018,9250
"La Malbaie (V), Quebec",2415013,9278,9248,9178,9105,9023,8947,8880,8808,8850,8846,8856,8822,8727,8560,8367,8229,8151,8050,8049,8119,8259,8385,8448,8330,8293
"Lac-Beauport (MÉ), Quebec",2422040,5655,5741,5818,5828,5961,6153,6490,6715,7030,7199,7366,7462,7572,7679,7723,7814,7838,7873,7903,8032,8220,8317,8398,8429,8524
"Chelsea (MÉ), Quebec",2482025,6133,6299,6474,6586,6692,6739,6757,6834,6865,6923,7002,6983,6955,6967,6916,6920,6992,7016,7256,7541,8096,8596,8837,8910,8998
"Saint-Apollinaire (MÉ), Quebec",2433090,4009,4045,4161,4211,4332,4416,4562,4661,4853,5052,5107,5177,5296,5512,5790,6180,6549,6945,7224,7594,8090,8384,8667,9028,9218
"Rigaud (V), Quebec",2471133,6383,6408,6486,6620,6723,6837,7153,7273,7295,7455,7479,7621,7626,7769,7863,8065,7953,8076,8089,8028,7984,8008,8063,8168,8187
"Saint-Philippe (V), Quebec",2467010,3991,4110,4238,4525,4878,5187,5307,5424,5487,5532,5560,5770,5847,5903,6100,6399,6733,6954,7214,7422,7694,8109,8282,8440,8674
"Acton Vale (V), Quebec",2448028,7432,7418,7457,7515,7529,7592,7536,7560,7590,7648,7676,7687,7688,7623,7636,7613,7598,7507,7571,7574,7635,7679,7836,7930,7945
"Donnacona (V), Quebec",2434025,5582,5634,5701,5757,5710,5630,5741,5852,5962,6122,6386,6544,6921,7018,7169,7251,7252,7279,7330,7494,7516,7556,7700,7806,7785
"Coteau-du-Lac (V), Quebec",2471040,5671,5864,6051,6162,6310,6432,6600,6672,6797,6826,6897,7004,6932,7061,7032,7044,7113,7114,7193,7352,7515,7544,7663,7703,7839
"Chandler (V), Quebec",2402028,8382,8335,8202,8111,7970,7890,7830,7676,7669,7688,7707,7687,7682,7573,7511,7520,7490,7448,7432,7400,7505,7462,7424,7412,7323
"Baie-Saint-Paul (V), Quebec",2416013,7384,7359,7380,7343,7277,7262,7276,7270,7309,7318,7316,7276,7202,7142,7140,7102,7147,7177,7226,7282,7385,7498,7666,7691,7760
"La Sarre (V), Quebec",2487090,7866,7720,7591,7484,7402,7328,7402,7435,7549,7616,7719,7571,7510,7440,7363,7270,7250,7288,7326,7309,7371,7260,7230,7198,7199
"Louiseville (V), Quebec",2451015,7756,7734,7647,7588,7497,7424,7485,7507,7468,7521,7491,7357,7259,7224,7148,7155,7190,7226,7247,7248,7341,7363,7471,7563,7570
"Brownsburg-Chatham (V), Quebec",2476043,6874,6856,6819,6762,6729,6720,6883,7000,7088,7130,7264,7192,7192,7144,7162,7129,7081,7161,7060,7077,7319,7456,7817,8130,8466
"Shefford (CT), Quebec",2447035,5248,5345,5449,5643,5847,6048,6204,6360,6497,6678,6753,6860,6913,6907,6987,6976,6910,6971,7130,7195,7312,7426,7628,7666,7704
"Chibougamau (V), Quebec",2499025,8114,7941,7898,7805,7740,7598,7663,7639,7537,7577,7599,7608,7622,7584,7614,7634,7541,7519,7428,7327,7259,7251,7278,7335,7273
"Les Cèdres (MÉ), Quebec",2471050,5225,5423,5526,5657,5817,5800,5854,5900,5927,5935,6147,6383,6565,6658,6729,6814,6889,7008,7117,7161,7215,7205,7188,7156,7145
"Val-des-Sources (V), Quebec",2440043,6683,6690,6650,6707,6773,6784,6763,6811,6903,7075,7067,7016,6974,6877,6787,6725,6743,6807,6896,6891,7100,7211,7304,7350,7303
"Saint-Joseph-du-Lac (MÉ), Quebec",2472025,4974,5074,5144,5266,5309,5428,5540,5683,5881,6022,6277,6390,6477,6608,6670,6741,6849,6846,6928,6985,7085,7152,7244,7337,7391
"Hampstead (V), Quebec",2466062,7083,7057,7078,7105,7133,7038,7106,7148,7182,7210,7207,7251,7137,7046,6954,7003,7029,7119,7175,7183,7054,7138,7407,7532,7464
"Saint-Félix-de-Valois (MÉ), Quebec",2462007,5559,5640,5673,5653,5727,5782,5797,5822,5841,5932,6088,6116,6163,6189,6268,6352,6441,6611,6738,6859,7051,7118,7326,7416,7670
"Saint-Lambert-de-Lauzon (MÉ), Quebec",2426070,4902,4977,5064,5164,5275,5390,5547,5749,5883,6012,6206,6437,6514,6576,6614,6632,6678,6634,6661,6734,6894,6960,6982,7197,7551
"Saint-Calixte (MÉ), Quebec",2463055,5010,5166,5340,5496,5591,5718,5840,5860,5913,5852,5984,5982,5894,5859,5992,6120,6229,6261,6408,6619,6889,7132,7237,7565,7627
"Saint-Paul (MÉ), Quebec",2461005,3699,3772,3834,3907,3970,4038,4082,4323,4684,4960,5216,5444,5660,5846,5939,5928,6085,6273,6338,6507,6659,6785,6977,7096,7208
"Port-Cartier (V), Quebec",2497022,7142,6954,6843,6784,6799,6809,6737,6691,6669,6745,6726,6835,6865,6828,6808,6794,6680,6641,6586,6563,6546,6489,6530,6494,6436
"Shannon (V), Quebec",2422020,3741,3794,3935,3952,3892,3923,4195,4296,4568,4891,5208,5379,5577,5686,5901,6104,6169,6307,6317,6311,6535,6726,6923,6963,7088
"Saint-Honoré (V), Quebec",2494240,4836,4798,4789,4782,4809,4852,4916,4941,5052,5217,5330,5529,5616,5721,5731,5808,5913,6012,6061,6225,6442,6675,6753,6842,6984
"Plessisville (V), Quebec",2432040,6885,6778,6725,6737,6686,6658,6648,6680,6685,6750,6694,6672,6669,6629,6594,6514,6476,6408,6439,6450,6440,6514,6707,6790,6774
"Mont-Joli (V), Quebec",2409077,6696,6631,6609,6611,6566,6543,6584,6593,6593,6650,6659,6583,6492,6409,6306,6257,6239,6222,6255,6286,6397,6460,6412,6455,6492
"Charlemagne (V), Quebec",2460005,5769,5763,5712,5670,5648,5645,5744,5806,5844,5850,5903,5832,5902,5931,5961,5947,6014,6153,6209,6267,6348,6453,6510,6666,6695
"Pointe-Calumet (MÉ), Quebec",2472020,5731,5830,5935,6102,6147,6228,6398,6427,6520,6507,6530,6481,6474,6473,6413,6470,6492,6457,6395,6385,6331,6274,6275,6403,6427
"Princeville (V), Quebec",2432033,5807,5755,5732,5734,5678,5609,5653,5700,5717,5742,5725,5745,5817,5862,5937,6010,6003,6030,6118,6176,6277,6320,6312,6394,6400
"Beauceville (V), Quebec",2427028,6376,6326,6312,6306,6283,6243,6299,6244,6273,6314,6360,6314,6332,6297,6261,6272,6212,6259,6248,6190,6192,6236,6238,6227,6228
"Pontiac (MÉ), Quebec",2482030,4729,4782,4860,4989,5179,5272,5354,5433,5486,5654,5729,5837,5815,5824,5802,5880,5899,5923,5968,6014,6190,6274,6319,6451,6490
"L'Ange-Gardien (MÉ), Les Collines-de-l'Outaouais, Quebec",2482005,3688,3849,3964,3987,4215,4391,4501,4680,4843,5129,5096,4982,5342,5436,5508,5493,5569,5657,5757,5982,6189,6490,6674,6865,7068
"Notre-Dame-du-Mont-Carmel (PE), Quebec",2437235,5159,5192,5176,5261,5183,5201,5310,5311,5334,5457,5541,5601,5716,5753,5829,5800,5837,5837,5916,6032,6187,6273,6347,6515,6613
"Sainte-Anne-des-Monts (V), Quebec",2404037,6911,6869,6846,6822,6801,6758,6797,6828,6856,6945,6902,6879,6771,6667,6575,6379,6329,6253,6124,6112,6147,6133,6119,6138,6099
"Saint-Césaire (V), Quebec",2455023,4930,4941,5016,5121,5101,5200,5272,5335,5494,5612,5752,5802,5888,5851,5920,5907,5924,5920,5939,5985,6018,6066,6088,6125,6150
"Amqui (V), Quebec",2407047,6590,6474,6415,6383,6298,6239,6286,6267,6295,6292,6312,6237,6240,6191,6175,6152,6067,6021,5983,5983,6005,6115,6106,6101,6059
"McMasterville (MÉ), Quebec",2457025,4070,4119,4246,4592,4951,5299,5482,5554,5625,5715,5664,5686,5715,5692,5652,5698,5799,5866,5916,5985,5958,5981,6084,6110,6114
"Lac-Brome (V), Quebec",2446075,5672,5663,5668,5679,5653,5655,5670,5614,5590,5590,5607,5588,5625,5563,5537,5489,5534,5615,5641,5697,5954,6163,6217,6259,6307
"Saint-Pie (V), Quebec",2454008,5021,5049,5066,5109,5121,5154,5130,5154,5235,5327,5506,5573,5596,5625,5607,5650,5668,5752,5782,5770,5894,5964,5984,6037,6085
"Saint-Henri (MÉ), Quebec",2419068,3857,3874,3945,3991,4090,4102,4254,4333,4532,4722,5041,5235,5353,5410,5549,5627,5638,5620,5665,5732,5867,5919,5975,6038,6048
"Verchères (MÉ), Quebec",2459025,4839,4853,4902,4981,5094,5278,5302,5429,5555,5666,5738,5831,5822,5829,5846,5817,5766,5738,5788,5752,5774,5797,5772,5816,5819
"Richelieu (V), Quebec",2455057,4896,4976,5064,5125,5179,5241,5261,5369,5486,5502,5482,5427,5308,5290,5314,5220,5356,5447,5526,5627,5765,5745,5831,5962,6048
"Lac-Mégantic (V), Quebec",2430030,6008,5987,5973,5944,5899,5944,5990,6033,6032,5976,5895,5887,5882,5722,5669,5655,5650,5658,5654,5694,5754,5798,5832,5889,5947
"Sainte-Martine (MÉ), Quebec",2470012,3825,3783,3842,3894,4121,4280,4513,4683,4792,4910,5018,5147,5278,5360,5384,5496,5541,5578,5625,5667,5722,5760,5787,5872,5884
"Les Coteaux (MÉ), Quebec",2471033,3070,3181,3379,3600,3687,3818,3949,4171,4266,4476,4633,4814,4968,5188,5319,5389,5452,5391,5443,5546,5684,5836,5906,6101,6294
"Val-David (VL), Quebec",2478010,3905,3972,4104,4206,4235,4248,4289,4324,4376,4451,4478,4503,4526,4692,4790,4927,5067,5201,5316,5449,5595,5668,5753,5832,5920
"Saint-Roch-de-l'Achigan (MÉ), Quebec",2463035,4227,4238,4343,4380,4480,4503,4687,4750,4864,4895,4917,4994,5025,5066,5107,5159,5131,5212,5266,5364,5513,5583,5629,5668,5675
"Hudson (V), Quebec",2471100,4838,4944,4964,5056,5085,5093,5105,5111,5111,5135,5133,5166,5128,5094,5106,5143,5113,5196,5222,5308,5419,5473,5530,5532,5533
"Cookshire-Eaton (V), Quebec",2441038,5253,5211,5136,5064,5025,5019,5034,5095,5168,5187,5176,5243,5278,5346,5369,5389,5348,5344,5381,5364,5359,5417,5401,5448,5491
"Chertsey (MÉ), Quebec",2462047,4186,4421,4614,4832,4974,5040,4937,4916,4962,4980,4859,4835,4761,4668,4717,4712,4787,4909,5033,5214,5337,5405,5479,5570,5678
"Windsor (V), Quebec",2442088,5402,5387,5333,5367,5325,5259,5301,5338,5337,5342,5354,5307,5349,5369,5384,5438,5376,5351,5259,5322,5290,5244,5321,5350,5368
"Saint-Boniface (MÉ), Quebec",2451085,4003,4004,4039,4085,4067,4136,4167,4236,4318,4395,4494,4593,4694,4732,4774,4853,4907,4944,5012,5115,5194,5306,5326,5318,5405
"Lanoraie (MÉ), Quebec",2452017,3924,3908,3957,3970,4004,4105,4214,4304,4318,4401,4502,4580,4638,4710,4727,4818,4917,4970,4977,5097,5182,5269,5340,5559,5694
"Montréal-Ouest (V), Quebec",2466047,5249,5252,5259,5223,5229,5211,5162,5092,5128,5141,5109,5078,5123,5123,5067,5078,5090,5152,5134,5174,5128,5140,5195,5276,5197
"Chisasibi (TC), Quebec",2499814,3533,3621,3727,3856,3945,4028,4125,4229,4322,4430,4537,4628,4700,4797,4856,4930,4942,5009,5046,5039,5064,5133,5214,5307,5382
"Sainte-Anne-de-Bellevue (V), Quebec",2466117,5162,5178,5252,5249,5292,5249,5385,5289,5197,5189,5121,5008,5044,5016,4994,5007,5179,5225,5165,5138,5063,5107,5327,5507,5393
"Orford (CT), Quebec",2445115,2434,2620,2724,2880,2963,3012,3120,3231,3318,3497,3619,3773,3920,4034,4261,4356,4471,4580,4678,4848,5048,5208,5367,5573,5698
"Témiscouata-sur-le-Lac (V), Quebec",2413073,5425,5375,5341,5259,5286,5236,5170,5151,5168,5098,5074,5030,4982,4933,4915,4905,4868,4864,4931,4969,5045,5130,5126,5158,5194
"Saint-Joseph-de-Beauce (V), Quebec",2427043,4555,4505,4506,4479,4490,4494,4539,4574,4624,4701,4750,4734,4807,4789,4800,4858,4896,4901,4947,4997,5031,5114,5164,5262,5339
"Saint-Germain-de-Grantham (MÉ), Quebec",2449048,3746,3766,3782,3872,3907,4045,4143,4250,4396,4491,4587,4676,4780,4835,4865,4939,4922,4951,4956,4929,4973,5017,5024,5073,5054
"Saint-Cyrille-de-Wendover (MÉ), Quebec",2449070,3921,3931,3997,3992,4051,4123,4223,4305,4345,4361,4418,4465,4509,4603,4697,4749,4767,4764,4821,4829,4959,4974,5064,5147,5242
"Waterloo (V), Quebec",2447025,4058,4087,4156,4128,4103,4071,4145,4219,4278,4367,4358,4397,4374,4355,4323,4422,4473,4499,4545,4714,4958,5231,5337,5564,5714
"Saint-Jean-de-Matha (MÉ), Quebec",2462015,3674,3764,3858,3982,4070,4163,4234,4286,4328,4374,4354,4376,4374,4418,4438,4462,4497,4548,4620,4729,4877,4974,5058,5263,5415
"Warwick (V), Quebec",2439077,4952,4867,4801,4804,4823,4830,4773,4754,4763,4795,4802,4757,4706,4708,4673,4657,4679,4627,4702,4678,4767,4841,4847,4932,4939
"Morin-Heights (MÉ), Quebec",2477050,2685,2766,2943,3085,3296,3469,3569,3668,3820,3916,3928,3955,3966,4077,4097,4161,4174,4253,4317,4514,4742,4877,4908,5003,5086
"Saint-Denis-de-Brompton (MÉ), Quebec",2442025,2617,2752,2848,2906,3016,3125,3194,3214,3257,3370,3444,3585,3714,3833,3951,4079,4218,4245,4313,4455,4644,4802,5030,5173,5249
"Rivière-Rouge (V), Quebec",2479037,4513,4509,4557,4613,4602,4633,4556,4587,4570,4605,4647,4599,4518,4424,4383,4330,4396,4429,4441,4485,4641,4692,4746,4837,4882
"Saint-Donat (MÉ), Quebec",2462060,3520,3698,3833,3929,4059,4277,4309,4289,4247,4211,4123,4074,4003,3988,3943,3883,3908,3991,4094,4297,4593,4663,4740,4903,5087
"Saint-Étienne-des-Grès (PE), Quebec",2451090,3898,3932,3915,3928,3932,3925,4014,4087,4162,4217,4291,4353,4342,4379,4483,4555,4558,4541,4565,4508,4568,4594,4642,4679,4675
"Sutton (V), Quebec",2446058,3579,3634,3699,3767,3813,3812,3812,3845,3894,3975,3906,3896,3924,3908,3975,4002,4039,4103,4191,4361,4567,4636,4690,4745,4775
"Saint-Mathias-sur-Richelieu (MÉ), Quebec",2455065,4194,4265,4341,4415,4472,4542,4549,4593,4589,4597,4649,4608,4590,4609,4532,4517,4529,4510,4502,4572,4561,4600,4558,4587,4598
"Saint-Agapit (MÉ), Quebec",2433045,2939,2917,2911,2950,2983,2984,3011,3100,3211,3410,3626,3822,4068,4210,4279,4305,4394,4413,4478,4509,4556,4633,4707,4771,4817
"Neuville (V), Quebec",2434007,3367,3407,3492,3518,3569,3632,3626,3683,3746,3800,3889,4057,4148,4250,4302,4384,4385,4403,4385,4404,4501,4587,4551,4584,4579
"Château-Richer (V), Quebec",2421035,3456,3423,3461,3471,3546,3553,3539,3666,3734,3864,3847,3926,3975,3978,4038,4116,4111,4151,4242,4353,4482,4557,4547,4627,4732
"Montréal-Est (V), Quebec",2466007,3624,3605,3486,3791,3857,3865,3793,3768,3794,3784,3779,3823,3777,3866,3838,3892,3985,4008,4167,4272,4434,4569,4723,4928,5112
"Berthierville (V), Quebec",2452035,3999,3996,3950,3995,3962,4029,4007,4034,4085,4123,4114,4122,4164,4178,4200,4207,4269,4336,4387,4411,4432,4428,4451,4545,4591
"Saint-Antonin (MÉ), Quebec",2412015,3454,3509,3599,3685,3728,3848,3930,3904,3992,4040,4067,4059,4100,4092,4121,4055,4140,4238,4278,4337,4381,4449,4540,4612,4633
"Saint-Jacques (MÉ), Quebec",2463013,3761,3760,3747,3687,3715,3720,3780,3826,3942,3977,4051,4027,4007,4016,3982,4015,3979,4019,4110,4239,4371,4497,4637,4697,4830
"Roxton Pond (MÉ), Quebec",2447047,3592,3610,3596,3622,3657,3650,3656,3612,3662,3762,3825,3792,3755,3734,3761,3841,3919,3963,4024,4115,4280,4465,4619,4752,4884
"Crabtree (MÉ), Quebec",2461013,3387,3383,3374,3404,3402,3470,3570,3674,3778,3884,3938,3946,3974,4040,3973,3960,3969,4025,4083,4115,4194,4267,4228,4186,4237
"Métabetchouan--Lac-à-la-Croix (V), Quebec",2493012,4240,4174,4163,4156,4131,4108,4156,4160,4150,4167,4130,4108,4137,4105,4062,3976,3944,3986,4046,4072,4139,4162,4190,4235,4230
"Beaupré (V), Quebec",2421025,2819,2860,2921,2960,3008,3038,3093,3144,3267,3384,3503,3565,3640,3682,3732,3775,3851,3933,3979,4085,4126,4134,4198,4277,4314
"Saint-Ambroise-de-Kildare (MÉ), Quebec",2461040,3449,3438,3479,3464,3486,3522,3524,3587,3630,3690,3790,3838,3886,3865,3809,3880,3897,3962,3923,4035,4125,4272,4406,4533,4615
"Carleton-sur-Mer (V), Quebec",2406013,4081,4096,4086,4088,4075,4061,4060,4048,4052,4051,4064,4021,4038,4004,4036,4070,4010,3990,3963,4001,4098,4110,4152,4213,4175
"Saint-Anselme (MÉ), Quebec",2419062,3293,3285,3292,3264,3249,3228,3286,3295,3350,3434,3504,3603,3729,3883,3897,3966,3989,3976,3940,3980,4077,4186,4343,4424,4534
"La Pocatière (V), Quebec",2414085,4631,4569,4554,4606,4523,4559,4483,4423,4358,4318,4235,4180,4178,4148,4119,4106,4105,4113,4108,4111,4076,4066,4139,4227,4206
"Napierville (MÉ), Quebec",2468030,3111,3154,3161,3207,3244,3384,3467,3531,3537,3564,3562,3636,3695,3742,3836,3902,3960,4052,4036,4105,4073,4093,4181,4170,4187
"Lac-Etchemin (MÉ), Quebec",2428053,3924,3963,4009,4025,4043,4032,4072,4059,4027,4023,4043,3992,3912,3833,3801,3819,3839,3872,3902,3895,4026,4055,4093,4048,4089
"Oka (MÉ), Quebec",2472032,3241,3283,3334,3336,3326,3324,3411,3526,3635,3717,3828,3753,3785,3779,3764,3835,3906,3858,3937,3959,3992,4036,4167,4242,4312
"Ormstown (MÉ), Quebec",2469037,3727,3693,3697,3688,3674,3627,3635,3629,3613,3581,3590,3607,3613,3588,3568,3586,3623,3648,3676,3814,3963,4043,4131,4234,4259
"Sainte-Anne-des-Lacs (PE), Quebec",2477035,2571,2628,2735,2859,2978,3035,3102,3165,3242,3327,3377,3461,3485,3574,3605,3627,3675,3656,3630,3784,3901,3969,4019,4041,4080
"Danville (V), Quebec",2440047,4352,4268,4209,4113,4087,4030,4071,4096,4103,4112,4063,4040,3986,3908,3839,3816,3816,3794,3803,3899,3891,3892,3943,3925,3944
"East Angus (V), Quebec",2441060,3615,3581,3505,3466,3436,3384,3455,3526,3628,3706,3762,3780,3764,3744,3743,3656,3758,3795,3794,3847,3886,3948,3986,4068,4261
"L'Ange-Gardien (MÉ), La Côte-de-Beaupré, Quebec",2421040,2845,2896,2912,2926,2995,3011,3175,3324,3449,3570,3642,3667,3677,3656,3662,3693,3729,3749,3740,3784,3886,3919,3926,3999,4106
"Saint-Ambroise (MÉ), Quebec",2494255,3628,3636,3665,3711,3707,3702,3708,3681,3663,3679,3737,3751,3833,3873,3867,3872,3854,3884,3895,3913,3880,3995,4097,4169,4262
"Saint-Adolphe-d'Howard (MÉ), Quebec",2477065,2753,2957,3109,3217,3394,3556,3687,3695,3765,3733,3714,3692,3601,3582,3547,3517,3547,3558,3545,3679,3861,3897,3800,3880,3974
"Saint-Ferréol-les-Neiges (MÉ), Quebec",2421010,2075,2174,2275,2423,2504,2569,2610,2676,2790,2894,3004,3059,3132,3169,3229,3278,3380,3473,3583,3705,3846,3860,3939,4017,4083
"Saint-Faustin--Lac-Carré (MÉ), Quebec",2478047,2850,2898,2885,2950,3053,3053,3095,3218,3313,3399,3497,3477,3463,3485,3484,3522,3500,3581,3598,3700,3806,3925,3945,3991,4009
"L'Islet (MÉ), Quebec",2417078,3959,3887,3898,3834,3811,3823,3862,3865,3924,3969,3974,3968,3909,3905,3873,3828,3792,3774,3771,3749,3798,3848,3889,3887,3874
"Baie-D'Urfé (V), Quebec",2466112,3864,3867,3848,3903,3893,3913,3924,3883,3934,3875,3857,3890,3824,3815,3823,3838,3826,3836,3818,3838,3771,3745,3732,3722,3706
"Mistissini (TC), Quebec",2499804,2639,2647,2737,2829,2856,2961,3115,3240,3333,3370,3464,3462,3499,3534,3519,3561,3631,3627,3683,3724,3756,3811,3886,3968,4067
"Maniwaki (V), Quebec",2483065,3768,3822,3886,3916,4028,4085,3993,3940,3880,3869,3918,3911,3885,3917,3853,3855,3843,3794,3760,3726,3739,3737,3759,3750,3803
"New Richmond (V), Quebec",2405070,3845,3794,3786,3793,3787,3737,3753,3734,3793,3826,3801,3823,3751,3734,3725,3691,3684,3646,3641,3673,3690,3771,3786,3846,3947
"Saint-Tite (V), Quebec",2435027,3907,3884,3820,3806,3789,3805,3844,3862,3831,3856,3852,3850,3826,3749,3659,3643,3661,3668,3633,3618,3670,3694,3755,3750,3759
"Saint-Prosper (MÉ), Quebec",2428020,3880,3815,3781,3688,3686,3638,3628,3606,3595,3633,3611,3584,3594,3555,3532,3584,3542,3505,3555,3560,3627,3692,3799,3966,4042
"Dunham (V), Quebec",2446050,3268,3319,3319,3328,3368,3385,3407,3382,3392,3460,3477,3451,3411,3418,3420,3442,3455,3477,3516,3581,3625,3582,3618,3595,3632
"Cap-Santé (V), Quebec",2434030,2620,2597,2635,2681,2668,2684,2689,2746,2812,2964,3031,3117,3233,3309,3357,3415,3421,3478,3488,3503,3613,3669,3738,3833,3885
"Saint-André-Avellin (MÉ), Quebec",2480027,3561,3575,3581,3556,3560,3544,3513,3479,3580,3707,3719,3696,3761,3779,3784,3803,3748,3637,3627,3608,3585,3672,3815,3899,3862
"Sainte-Claire (MÉ), Quebec",2419055,3195,3193,3208,3152,3143,3113,3172,3197,3202,3285,3366,3346,3330,3361,3365,3372,3418,3450,3490,3526,3569,3631,3644,3691,3724
"Saint-Michel (MÉ), Quebec",2468050,2570,2572,2557,2610,2644,2673,2707,2775,2830,2895,2915,2924,2941,3031,3060,3206,3250,3377,3408,3432,3566,3584,3626,3642,3672
"Saint-Pascal (V), Quebec",2414018,3667,3654,3602,3566,3548,3513,3534,3509,3467,3466,3504,3495,3504,3464,3433,3449,3463,3465,3484,3492,3535,3534,3544,3529,3516
"Saint-Thomas (MÉ), Quebec",2461027,2966,2963,2940,2907,2911,2889,2889,2941,3041,3155,3214,3221,3248,3345,3257,3261,3331,3375,3392,3428,3524,3541,3543,3528,3477
"Piedmont (MÉ), Quebec",2477030,2167,2251,2297,2322,2343,2388,2442,2582,2615,2709,2738,2860,2897,2940,2891,2960,3013,3101,3160,3352,3499,3498,3566,3612,3667
"Saint-Maurice (PE), Quebec",2437230,2358,2348,2315,2305,2335,2344,2383,2490,2659,2740,2799,2876,2974,3094,3224,3321,3408,3375,3307,3364,3467,3572,3680,3709,3804
"Sainte-Marguerite-du-Lac-Masson (V), Quebec",2477012,2142,2256,2360,2428,2512,2551,2622,2636,2674,2684,2747,2767,2790,2791,2772,2767,2883,2958,3068,3201,3415,3570,3639,3735,3842
"Ascot Corner (MÉ), Quebec",2441055,2381,2414,2425,2484,2545,2607,2623,2696,2761,2820,2915,3029,3106,3109,3111,3151,3175,3185,3253,3307,3400,3525,3583,3660,3725
"Grande-Rivière (V), Quebec",2402015,3594,3534,3510,3480,3456,3408,3415,3443,3451,3461,3464,3440,3444,3474,3441,3401,3426,3408,3370,3372,3394,3347,3338,3329,3318
"Saint-Sulpice (PE), Quebec",2460020,3407,3377,3343,3366,3383,3350,3345,3337,3279,3309,3303,3364,3440,3457,3428,3454,3435,3412,3399,3394,3385,3399,3404,3439,3688
"Saint-Alphonse-de-Granby (MÉ), Quebec",2447010,2861,2865,2896,2912,2955,2962,3052,3048,3099,3118,3165,3170,3183,3207,3161,3109,3201,3222,3271,3331,3379,3444,3535,3531,3545
"Malartic (V), Quebec",2489015,3754,3637,3658,3663,3641,3653,3632,3515,3450,3456,3472,3446,3425,3395,3396,3378,3300,3281,3320,3301,3373,3448,3460,3501,3506
"Saint-Alphonse-Rodriguez (MÉ), Quebec",2462025,2746,2874,3019,3085,3121,3150,3174,3161,3144,3198,3137,3143,3117,3100,3189,3182,3233,3234,3236,3258,3362,3427,3484,3585,3639
"Havre-Saint-Pierre (MÉ), Quebec",2498040,3344,3281,3258,3196,3186,3140,3147,3172,3253,3375,3416,3478,3525,3548,3518,3447,3375,3350,3343,3346,3353,3383,3349,3369,3389
"Saint-Jean-Port-Joli (MÉ), Quebec",2417070,3396,3412,3381,3439,3408,3370,3395,3356,3283,3289,3325,3389,3375,3332,3351,3389,3380,3339,3360,3337,3347,3334,3328,3322,3330
"Portneuf (V), Quebec",2434048,3141,3170,3203,3127,3147,3102,3071,3062,3085,3087,3105,3159,3169,3194,3136,3201,3234,3260,3259,3304,3342,3407,3438,3464,3410
"Saint-Isidore (MÉ), Quebec",2426063,2810,2828,2821,2780,2726,2746,2761,2826,2883,2929,2978,2967,2949,2943,2884,2893,2972,3111,3130,3206,3319,3399,3462,3510,3550
"Saint-Côme--Linière (MÉ), Quebec",2429057,3285,3295,3280,3268,3295,3304,3302,3294,3297,3313,3299,3231,3258,3277,3236,3257,3269,3276,3271,3270,3300,3384,3403,3441,3435
"Compton (MÉ), Quebec",2444071,2960,2944,2894,2868,2878,2838,2855,2910,2966,3062,3116,3090,3116,3095,3087,3123,3106,3096,3175,3191,3294,3320,3347,3363,3351
"Richmond (V), Quebec",2442098,3469,3424,3396,3393,3375,3355,3369,3327,3326,3300,3286,3296,3274,3267,3254,3234,3214,3217,3243,3235,3288,3349,3375,3393,3419
"Sainte-Mélanie (MÉ), Quebec",2461050,2681,2704,2714,2800,2795,2785,2790,2829,2855,2875,2918,2917,2940,2953,2982,3014,3062,3114,3158,3208,3282,3307,3364,3402,3417
"Saint-Gabriel-de-Valcartier (MÉ), Quebec",2422025,2318,2396,2450,2602,2696,2860,2926,2923,2947,2953,2979,3060,3127,3220,3302,3404,3363,3293,3297,3256,3273,3292,3316,3389,3400
"Saint-Jean-Baptiste (MÉ), Quebec",2457033,2861,2779,2769,2867,2961,3060,3096,3199,3181,3249,3263,3212,3233,3254,3206,3250,3253,3261,3296,3273,3253,3292,3273,3315,3332
"Mont-Saint-Grégoire (MÉ), Quebec",2456097,3192,3083,3025,3040,3025,2966,2979,2986,3065,3121,3131,3080,3079,3098,3082,3151,3117,3178,3179,3196,3178,3168,3181,3192,3158
"Notre-Dame-de-Lourdes (MÉ), Quebec",2461045,2217,2286,2258,2271,2243,2224,2295,2336,2369,2486,2625,2690,2751,2782,2790,2807,2852,2945,2991,3091,3175,3225,3229,3269,3328
"Thurso (V), Quebec",2480050,2407,2354,2284,2336,2288,2265,2302,2358,2402,2352,2393,2449,2538,2634,2690,2758,2780,2808,2846,2953,3150,3210,3346,3414,3439
"Val-Morin (MÉ), Quebec",2478005,2271,2374,2446,2573,2687,2768,2762,2778,2817,2785,2778,2780,2723,2777,2822,2885,2904,2944,2986,3054,3141,3158,3215,3179,3226
"Saint-Christophe-d'Arthabaska (PE), Quebec",2439060,2432,2524,2572,2615,2657,2756,2859,3013,2904,2876,2924,2891,2916,2951,3000,3028,3057,3093,3134,3124,3130,3178,3276,3293,3307
"Cap-Saint-Ignace (MÉ), Quebec",2418045,3249,3205,3168,3212,3224,3215,3152,3136,3117,3078,3055,3059,3085,3086,3061,3074,3076,3106,3109,3075,3113,3157,3154,3124,3074
"Trois-Pistoles (V), Quebec",2411040,3664,3586,3560,3563,3527,3449,3407,3365,3358,3410,3413,3367,3319,3294,3217,3214,3176,3132,3068,3027,3107,3111,3131,3184,3123
"Percé (V), Quebec",2402005,3659,3579,3524,3497,3467,3409,3351,3332,3328,3333,3313,3296,3185,3152,3111,3092,3046,3027,3040,3055,3101,3143,3113,3127,3137
"Clermont (V), Quebec",2415035,3108,3084,3114,3104,3078,3039,3053,3075,3093,3106,3127,3120,3104,3113,3120,3061,3043,3061,3030,3024,3083,3101,3100,3085,3117
"Saint-André-d'Argenteuil (MÉ), Quebec",2476008,2924,2964,2981,3014,3085,3118,3199,3228,3279,3309,3288,3222,3184,3123,3051,3028,3045,3050,3033,3052,3070,3129,3170,3248,3300
"Saint-Liboire (MÉ), Quebec",2454072,2877,2919,2932,2938,2922,2932,2919,2988,3005,3042,3075,3026,3020,3015,2998,3089,3055,3041,3029,3035,3061,3074,3068,3087,3123
"Paspébiac (V), Quebec",2405032,3352,3329,3309,3271,3265,3209,3152,3151,3196,3177,3206,3216,3179,3167,3187,3140,3086,3037,2990,3000,3045,3085,3100,3118,3132
"Stoke (MÉ), Quebec",2442005,2637,2650,2622,2656,2714,2717,2761,2744,2747,2757,2774,2836,2866,2875,2903,2948,2916,2894,2968,3007,3043,3123,3197,3261,3272
"Saint-Anaclet-de-Lessard (PE), Quebec",2410030,2640,2642,2654,2662,2667,2674,2718,2771,2811,2962,3069,3088,3099,3073,3068,3075,3035,3055,3067,3044,3034,3004,3012,3004,3018
"Normandin (V), Quebec",2492040,3554,3487,3396,3342,3275,3227,3201,3197,3183,3166,3150,3105,3133,3118,3067,3022,3052,3042,3016,3019,3015,3047,3048,3031,3065
"Saint-David-de-Falardeau (MÉ), Quebec",2494245,2400,2444,2445,2528,2584,2607,2610,2620,2641,2694,2675,2699,2695,2738,2739,2779,2804,2889,2917,2946,3010,3025,3075,3096,3128
"Saint-Alexis-des-Monts (PE), Quebec",2451065,2953,3011,3063,3109,3113,3139,3143,3109,3124,3105,3059,3070,3030,3034,3020,2972,2954,2947,2898,2918,3007,3074,3076,3140,3190
"Beaumont (MÉ), Quebec",2419105,2167,2185,2198,2207,2180,2176,2155,2199,2250,2316,2427,2623,2747,2865,2887,2916,2864,2870,2893,2880,2987,3016,3088,3118,3188
"Saint-Mathieu-de-Beloeil (MÉ), Quebec",2457045,2263,2308,2301,2267,2283,2301,2383,2601,2628,2643,2631,2583,2573,2592,2589,2626,2642,2683,2724,2813,2961,2910,2972,2962,2999
"Adstock (MÉ), Quebec",2431056,2487,2553,2597,2632,2693,2758,2758,2744,2735,2726,2727,2764,2778,2798,2855,2866,2822,2807,2782,2877,2933,3017,3097,3151,3203
"Ange-Gardien (MÉ), Quebec",2455008,2029,2021,2021,2025,1972,2009,2093,2183,2252,2362,2461,2496,2528,2615,2675,2722,2769,2807,2850,2879,2922,2966,3007,3060,3100
"Grenville-sur-la-Rouge (MÉ), Quebec",2476052,2706,2696,2712,2711,2730,2723,2666,2776,2732,2767,2750,2774,2769,2769,2776,2831,2815,2781,2805,2801,2913,2980,3038,3032,3040
"Saint-Bruno (MÉ), Quebec",2493030,2430,2369,2336,2349,2324,2379,2381,2412,2533,2576,2657,2650,2695,2750,2785,2822,2884,2898,2881,2829,2913,2888,2877,2890,2935
"Dégelis (V), Quebec",2413005,3405,3390,3311,3240,3231,3197,3199,3164,3173,3141,3053,2988,2944,2925,2904,2837,2844,2848,2837,2876,2910,2934,2953,2946,2943
"Saint-Marc-des-Carrières (V), Quebec",2434065,2896,2873,2828,2834,2823,2775,2728,2763,2814,2841,2884,2913,2878,2873,2931,2918,2899,2902,2883,2902,2909,2905,2889,2914,2961
"Lac-des-Écorces (MÉ), Quebec",2479078,2760,2740,2756,2819,2862,2901,2867,2842,2797,2733,2728,2738,2751,2745,2710,2739,2744,2737,2697,2734,2905,2935,3042,3055,3005
"Saint-Paul-d'Abbotsford (MÉ), Quebec",2455015,2912,2923,2893,2875,2837,2837,2861,2886,2929,2914,2885,2850,2882,2907,2898,2905,2935,2936,2907,2863,2905,2940,2889,2898,2891
"Sainte-Marie-Madeleine (PE), Quebec",2454030,2522,2563,2612,2647,2684,2712,2782,2857,2901,2933,2965,2958,2947,2897,2895,2898,2907,2936,2892,2895,2900,2865,2889,2893,2940
"Sainte-Anne-de-Beaupré (V), Quebec",2421030,2814,2812,2811,2826,2849,2821,2783,2781,2879,2870,2899,2918,2926,2948,2913,2894,2931,2873,2895,2900,2897,2979,3073,3112,3173
"Saint-Gilles (MÉ), Quebec",2433035,1834,1842,1843,1849,1841,1839,1829,1877,1965,2079,2183,2290,2354,2395,2485,2538,2596,2678,2749,2804,2888,3018,3182,3328,3521
"Forestville (V), Quebec",2495045,3817,3715,3637,3674,3608,3517,3441,3329,3289,3288,3253,3235,3222,3165,3116,3060,3021,2948,2912,2888,2883,2838,2829,2820,2835
"Sainte-Luce (MÉ), Quebec",2409092,2853,2884,2870,2907,2925,2944,2961,2940,2891,2859,2861,2815,2790,2769,2767,2799,2831,2827,2805,2833,2866,2847,2875,2829,2808
"Stanstead (V), Quebec",2445008,3062,3045,3022,3031,3007,2965,2942,2928,2878,2861,2877,2817,2800,2797,2738,2785,2794,2819,2817,2836,2839,2892,2955,3037,2994
"Yamachiche (MÉ), Quebec",2451020,2666,2636,2673,2656,2667,2752,2753,2715,2714,2767,2786,2843,2816,2855,2826,2830,2839,2835,2802,2810,2836,2807,2784,2810,2801
"Saint-Gabriel (V), Quebec",2452080,2826,2832,2857,2891,2847,2843,2849,2833,2841,2827,2847,2834,2763,2698,2664,2649,2689,2689,2724,2752,2814,2844,2888,3012,3091
"Saint-Isidore (PE), Quebec",2467040,2415,2448,2469,2468,2484,2508,2495,2477,2559,2580,2611,2570,2580,2559,2627,2627,2636,2640,2671,2718,2796,2828,2843,2885,2889
"Kuujjuaq (VN), Quebec",2499095,1964,1995,2038,2122,2081,2167,2217,2252,2379,2461,2403,2494,2546,2608,2700,2778,2748,2750,2794,2793,2788,2750,2712,2722,2766
"Senneterre (V), Quebec",2489040,3311,3246,3186,3134,3055,3003,3024,3017,2996,2985,2978,2983,2963,2949,2901,2865,2848,2799,2762,2776,2787,2767,2790,2808,2832
"Labelle (MÉ), Quebec",2478120,2323,2321,2336,2319,2296,2268,2310,2327,2382,2433,2454,2472,2454,2480,2470,2483,2500,2529,2581,2713,2780,2813,2862,2867,2861
"Saint-Prime (MÉ), Quebec",2491035,2748,2704,2714,2699,2684,2681,2685,2718,2721,2740,2775,2718,2739,2722,2761,2763,2688,2695,2724,2734,2777,2798,2817,2825,2808
"Maria (MÉ), Quebec",2406005,2470,2480,2456,2413,2422,2410,2430,2478,2521,2561,2601,2630,2632,2619,2620,2606,2616,2667,2702,2697,2776,2734,2752,2750,2770
"Saint-Anicet (MÉ), Quebec",2469070,2664,2696,2705,2726,2726,2721,2672,2622,2575,2582,2535,2558,2591,2607,2618,2621,2645,2656,2665,2717,2775,2772,2761,2755,2854
"Saint-Dominique (MÉ), Quebec",2454060,2275,2238,2261,2192,2160,2158,2176,2199,2292,2332,2357,2469,2499,2492,2519,2570,2610,2603,2616,2708,2767,2818,2912,2967,3062
"Sainte-Catherine-de-Hatley (MÉ), Quebec",2445060,2019,2050,2095,2133,2212,2339,2389,2426,2442,2456,2480,2447,2451,2480,2460,2484,2546,2580,2634,2678,2763,2769,2866,2895,2938
"Sainte-Anne-de-Sorel (MÉ), Quebec",2453065,2712,2733,2767,2748,2794,2769,2769,2786,2768,2755,2760,2761,2752,2777,2761,2766,2750,2734,2740,2771,2752,2747,2731,2737,2770
"Macamic (V), Quebec",2487058,2849,2763,2722,2726,2728,2739,2757,2759,2784,2768,2747,2777,2744,2743,2733,2740,2771,2745,2736,2756,2746,2733,2682,2688,2698
"Bonaventure (V), Quebec",2405045,2785,2725,2746,2748,2709,2666,2670,2712,2739,2745,2768,2782,2719,2733,2704,2691,2709,2704,2685,2700,2738,2722,2747,2744,2719
"Lacolle (MÉ), Quebec",2456023,2492,2435,2467,2478,2537,2536,2590,2625,2617,2645,2725,2733,2671,2655,2646,2654,2671,2729,2700,2760,2733,2744,2726,2811,2806
"Saint-Basile (V), Quebec",2434038,2619,2589,2512,2538,2577,2564,2548,2515,2508,2475,2477,2535,2555,2603,2639,2636,2636,2654,2685,2720,2731,2744,2781,2851,2918
"Ferme-Neuve (MÉ), Quebec",2479097,2992,3036,3022,3036,3040,3026,2956,2901,2855,2838,2837,2845,2743,2763,2751,2712,2719,2720,2729,2714,2727,2763,2785,2804,2816
"Saint-Alexandre (MÉ), Quebec",2456055,2476,2423,2406,2399,2402,2373,2399,2454,2480,2489,2529,2564,2516,2472,2449,2531,2593,2596,2605,2667,2722,2712,2734,2722,2685
"Rougemont (MÉ), Quebec",2455037,2629,2639,2629,2639,2645,2634,2642,2671,2707,2693,2739,2726,2722,2732,2720,2771,2740,2761,2726,2724,2717,2661,2710,2735,2832
"Saint-Gabriel-de-Brandon (MÉ), Quebec",2452085,2638,2665,2709,2761,2811,2826,2803,2758,2739,2697,2688,2702,2660,2624,2617,2629,2651,2633,2650,2660,2703,2724,2740,2823,2916
"Sainte-Clotilde (MÉ), Quebec",2468020,1583,1599,1588,1619,1614,1626,1612,1632,1663,1687,1716,1668,1682,1602,1589,1633,1851,2020,2232,2324,2694,2878,2919,3065,3297
"Weedon (MÉ), Quebec",2441098,2677,2685,2700,2714,2726,2740,2778,2740,2688,2727,2683,2695,2671,2637,2656,2660,2660,2621,2584,2577,2677,2722,2785,2828,2845
"Plessisville (PE), Quebec",2432045,2718,2695,2674,2632,2576,2580,2592,2596,2622,2651,2695,2701,2683,2643,2649,2658,2656,2603,2609,2629,2666,2696,2737,2715,2718
"La Présentation (MÉ), Quebec",2454035,1919,1872,1890,1954,2041,2143,2243,2346,2392,2431,2487,2490,2506,2514,2514,2555,2485,2462,2544,2626,2659,2671,2696,2714,2696
"Saint-Elzéar (MÉ), La Nouvelle-Beauce, Quebec",2426022,1801,1819,1844,1879,1867,1892,1892,1957,1989,2051,2142,2175,2219,2287,2362,2413,2474,2495,2555,2629,2652,2748,2793,2815,2842
"Saint-Roch-de-Richelieu (MÉ), Quebec",2453040,1800,1846,1874,1881,1881,1886,1935,1978,2078,2092,2145,2182,2203,2191,2192,2196,2230,2260,2318,2399,2619,2712,2809,2875,2984
"Wickham (MÉ), Quebec",2449040,2564,2569,2549,2526,2518,2524,2493,2553,2524,2501,2491,2531,2514,2505,2539,2544,2538,2583,2566,2642,2616,2724,2729,2742,2745
"Saint-Charles-de-Bellechasse (MÉ), Quebec",2419097,2278,2261,2251,2262,2225,2180,2142,2179,2215,2254,2271,2250,2315,2372,2374,2414,2432,2489,2515,2617,2610,2650,2650,2716,2739
"Saint-Côme (MÉ), Quebec",2462065,1958,2043,2064,2070,2129,2162,2156,2165,2178,2197,2206,2218,2159,2116,2154,2202,2250,2245,2335,2434,2602,2652,2704,2766,2810
"Saint-Martin (PE), Quebec",2429045,2630,2605,2608,2611,2574,2565,2569,2533,2516,2491,2483,2480,2467,2454,2466,2485,2557,2530,2547,2558,2602,2611,2652,2649,2687
"Akwesasne (IRI), Quebec",2469802,2658,2717,2785,2849,2918,3004,3001,3026,3064,3090,3145,2980,2827,2656,2509,2367,2412,2471,2498,2554,2601,2608,2608,2598,2562
"Saint-Chrysostome (MÉ), Quebec",2469017,2624,2636,2627,2621,2607,2599,2595,2565,2574,2565,2535,2596,2610,2635,2637,2660,2637,2655,2637,2572,2598,2656,2628,2619,2641
"Laurier-Station (VL), Quebec",2433060,2405,2388,2408,2402,2401,2436,2464,2500,2554,2619,2664,2646,2655,2620,2612,2577,2581,2560,2543,2557,2585,2665,2677,2739,2838
"Scott (MÉ), Quebec",2426048,1737,1725,1706,1746,1767,1803,1821,1862,1960,2099,2183,2199,2260,2311,2329,2372,2441,2488,2632,2576,2583,2675,2798,2864,2938
"Bedford (V), Quebec",2446035,2709,2673,2633,2671,2652,2637,2655,2682,2669,2677,2698,2646,2660,2563,2553,2556,2560,2557,2527,2541,2574,2637,2653,2727,2845
"Huntingdon (V), Quebec",2469055,2706,2693,2679,2671,2594,2585,2545,2505,2450,2466,2467,2434,2418,2440,2419,2438,2474,2466,2488,2522,2569,2661,2743,2889,3001
"Saint-Bernard (MÉ), Quebec",2426055,2059,2043,2003,1983,1952,1914,1934,1989,1980,2009,2048,2054,2116,2193,2256,2342,2393,2417,2461,2537,2568,2610,2632,2646,2680
"Waskaganish (TC), Quebec",2499806,1734,1772,1819,1829,1873,1897,1972,2028,2112,2212,2225,2231,2274,2247,2218,2217,2289,2315,2367,2436,2555,2603,2645,2674,2726
"Saint-Léonard-d'Aston (MÉ), Quebec",2450042,2259,2214,2199,2188,2154,2165,2147,2186,2192,2260,2288,2269,2251,2302,2298,2320,2395,2458,2457,2488,2552,2602,2616,2650,2662
"Rivière-Beaudette (MÉ), Quebec",2471005,1531,1563,1578,1623,1688,1727,1782,1808,1816,1874,1929,1959,2011,2061,2125,2180,2263,2339,2405,2517,2547,2609,2695,2740,2806
"Sainte-Croix (MÉ), Quebec",2433102,2411,2392,2432,2440,2412,2409,2406,2354,2350,2344,2376,2457,2507,2531,2525,2522,2539,2483,2485,2513,2542,2587,2618,2624,2612
"Cap-Chat (V), Quebec",2404047,2925,2855,2805,2791,2756,2757,2694,2652,2644,2627,2602,2544,2522,2504,2446,2445,2414,2414,2394,2426,2521,2574,2576,2557,2519
"Saint-Michel-des-Saints (MÉ), Quebec",2462085,2464,2495,2533,2617,2655,2713,2585,2507,2465,2456,2443,2429,2395,2392,2372,2362,2331,2353,2389,2444,2511,2602,2741,2787,2841
"Hébertville (MÉ), Quebec",2493020,2466,2423,2407,2389,2401,2436,2409,2417,2423,2443,2464,2518,2544,2531,2534,2544,2530,2516,2490,2474,2509,2536,2524,2530,2588
"Saint-François-Xavier-de-Brompton (MÉ), Quebec",2442020,2031,2008,1956,1970,2019,2032,2041,2086,2079,2092,2118,2111,2155,2189,2231,2290,2345,2379,2420,2472,2487,2545,2572,2603,2650
"Pohénégamook (V), Quebec",2413095,3115,3071,3020,3012,2982,2946,2899,2875,2847,2817,2774,2738,2691,2633,2616,2565,2562,2496,2468,2449,2482,2490,2480,2511,2488
"Sainte-Victoire-de-Sorel (MÉ), Quebec",2453025,2366,2348,2355,2382,2437,2424,2450,2486,2459,2495,2519,2498,2512,2492,2489,2472,2473,2455,2464,2485,2477,2503,2525,2566,2599
"Saint-Raphaël (MÉ), Quebec",2419082,2278,2272,2266,2299,2306,2327,2352,2366,2429,2471,2484,2462,2462,2417,2410,2395,2403,2399,2365,2379,2467,2482,2495,2496,2488
"Saint-Damase (MÉ), Quebec",2454017,2554,2547,2536,2518,2502,2504,2539,2546,2535,2571,2523,2543,2467,2469,2459,2482,2464,2481,2455,2440,2463,2415,2443,2423,2390
"Ville-Marie (V), Quebec",2485025,2811,2784,2741,2742,2690,2673,2635,2641,2628,2609,2587,2545,2581,2569,2531,2540,2489,2488,2444,2428,2451,2394,2395,2408,2421
"Pessamit (IRI), Quebec",2496802,2310,2360,2333,2350,2362,2382,2376,2396,2387,2436,2421,2347,2340,2326,2299,2246,2275,2286,2325,2381,2444,2465,2492,2484,2523
"Saint-Polycarpe (MÉ), Quebec",2471020,1731,1669,1629,1681,1736,1723,1721,1753,1849,1926,2031,2098,2202,2237,2292,2306,2293,2357,2423,2443,2425,2475,2533,2543,2549
"Sainte-Thècle (MÉ), Quebec",2435050,2529,2494,2478,2475,2494,2481,2465,2453,2486,2509,2475,2489,2477,2455,2443,2459,2382,2358,2370,2381,2419,2422,2458,2446,2422
"Saint-Damien (PE), Quebec",2462075,1935,1985,2050,2093,2110,2170,2129,2132,2091,2060,2027,2015,1987,2014,2053,2095,2142,2211,2299,2342,2410,2445,2458,2527,2569
"Léry (V), Quebec",2467055,2416,2391,2365,2392,2392,2389,2377,2364,2355,2359,2324,2318,2318,2308,2350,2336,2383,2339,2361,2348,2402,2436,2520,2688,2817
"Gracefield (V), Quebec",2483032,2394,2394,2417,2430,2461,2447,2425,2344,2300,2380,2371,2411,2476,2459,2495,2456,2462,2391,2384,2406,2400,2460,2479,2526,2544
"Saint-Denis-sur-Richelieu (MÉ), Quebec",2457068,2304,2260,2228,2241,2266,2252,2264,2273,2325,2313,2336,2310,2335,2341,2347,2413,2402,2403,2381,2413,2397,2378,2377,2426,2439
"Témiscaming (V), Quebec",2485005,2960,2851,2834,2803,2768,2700,2612,2501,2489,2451,2399,2409,2415,2415,2422,2401,2385,2384,2352,2355,2394,2366,2359,2335,2301
"Mandeville (MÉ), Quebec",2452095,2003,2063,2067,2037,2060,2093,2104,2129,2106,2096,2049,2061,2079,2120,2158,2195,2201,2215,2192,2279,2383,2442,2444,2457,2511
"Daveluyville (V), Quebec",2439152,2386,2367,2322,2283,2306,2331,2286,2306,2304,2262,2247,2224,2217,2235,2222,2259,2264,2300,2322,2356,2370,2384,2419,2435,2477
"Disraeli (V), Quebec",2431015,2655,2662,2630,2625,2607,2566,2575,2537,2519,2502,2508,2466,2411,2396,2381,2336,2361,2341,2374,2389,2363,2386,2369,2387,2390
"Saint-Mathieu (MÉ), Quebec",2467005,1994,1950,1950,1983,1980,1902,1862,1880,1905,1879,1908,1990,2056,2085,2139,2176,2273,2323,2346,2359,2356,2412,2439,2551,2642
"Fossambault-sur-le-Lac (V), Quebec",2422010,1075,1176,1252,1336,1428,1538,1486,1449,1407,1554,1594,1688,1761,1849,1915,1966,2068,2101,2124,2247,2352,2405,2424,2457,2505
"Saint-Éphrem-de-Beauce (MÉ), Quebec",2429112,2626,2645,2685,2704,2684,2648,2620,2575,2565,2588,2591,2543,2531,2484,2447,2404,2408,2369,2329,2371,2339,2379,2409,2529,2575
"Maskinongé (MÉ), Quebec",2451008,2252,2224,2238,2268,2264,2247,2239,2236,2199,2237,2271,2279,2285,2317,2369,2325,2339,2313,2332,2311,2332,2379,2398,2431,2457
"Waterville (V), Quebec",2444080,1966,1963,1940,1947,1960,1965,1962,1947,1960,1978,2031,2049,2048,2078,2074,2120,2147,2162,2200,2262,2332,2346,2455,2584,2643
"Gore (CT), Quebec",2476025,1282,1323,1400,1425,1470,1551,1616,1617,1674,1721,1792,1815,1856,1859,1923,1903,1972,1980,2024,2166,2316,2466,2573,2679,2756
"Saint-Victor (MÉ), Quebec",2427008,2494,2472,2513,2517,2535,2556,2516,2501,2546,2498,2456,2478,2476,2468,2446,2436,2429,2410,2406,2388,2316,2307,2345,2334,2344
"Eastman (MÉ), Quebec",2445093,1433,1410,1463,1515,1544,1588,1675,1690,1680,1706,1760,1734,1791,1803,1821,1852,1931,2016,2073,2135,2302,2384,2524,2623,2706
"Brigham (MÉ), Quebec",2446090,2290,2286,2312,2336,2356,2403,2418,2464,2471,2476,2481,2424,2368,2349,2338,2303,2289,2308,2293,2295,2296,2313,2331,2355,2386
"Saint-Marc-sur-Richelieu (MÉ), Quebec",2457050,2067,1983,1950,1920,1916,1890,1921,1939,1996,2067,2103,2106,2143,2195,2226,2275,2281,2305,2279,2293,2293,2282,2286,2311,2284
"Fermont (V), Quebec",2497035,2962,2753,2593,2556,2594,2664,2726,2814,2846,2790,2931,2911,2862,2748,2572,2481,2380,2347,2385,2355,2285,2245,2174,2155,2129
"Sainte-Madeleine (VL), Quebec",2454025,2054,2111,2114,2185,2197,2202,2251,2305,2333,2352,2370,2352,2330,2277,2262,2251,2264,2294,2266,2274,2285,2274,2281,2349,2387
"Port-Daniel--Gascons (MÉ), Quebec",2402047,2709,2614,2588,2587,2575,2580,2545,2515,2479,2492,2441,2367,2328,2293,2240,2202,2229,2235,2220,2239,2278,2294,2295,2291,2263
"Sainte-Geneviève-de-Berthier (MÉ), Quebec",2452040,2427,2399,2347,2350,2305,2317,2305,2325,2357,2380,2375,2348,2342,2316,2298,2270,2281,2294,2298,2288,2278,2271,2261,2279,2298
"Saint-Pamphile (V), Quebec",2417010,2894,2847,2784,2773,2719,2709,2706,2664,2675,2701,2676,2627,2571,2516,2443,2386,2396,2354,2338,2309,2273,2322,2318,2385,2391
"Saint-Alexandre-de-Kamouraska (MÉ), Quebec",2414035,1869,1848,1844,1855,1867,1892,1912,1945,2005,2044,2074,2100,2155,2136,2143,2100,2147,2144,2168,2232,2266,2338,2378,2490,2509
"Nominingue (MÉ), Quebec",2479030,2090,2128,2160,2211,2261,2312,2285,2188,2140,2077,2027,2042,2057,2068,2079,2140,2149,2113,2132,2163,2260,2252,2213,2236,2290
"East Broughton (MÉ), Quebec",2431122,2401,2354,2370,2364,2371,2349,2347,2334,2304,2264,2246,2227,2182,2180,2174,2203,2193,2191,2196,2237,2256,2252,2277,2336,2311
"Hatley (CT), Quebec",2445055,1520,1542,1624,1660,1665,1686,1719,1760,1857,1917,2003,2024,2042,2095,2120,2110,2153,2189,2173,2243,2253,2265,2350,2436,2512
"Mansfield-et-Pontefract (MÉ), Quebec",2484065,2144,2119,2119,2090,2070,2046,2068,2105,2141,2147,2172,2207,2252,2275,2292,2287,2287,2285,2275,2276,2251,2273,2316,2306,2332
"Deschambault-Grondines (MÉ), Quebec",2434058,2001,2060,2062,2027,1996,2040,2018,2058,2081,2123,2146,2156,2163,2184,2230,2236,2227,2222,2227,2218,2249,2271,2267,2257,2251
"Sainte-Cécile-de-Milton (MÉ), Quebec",2447055,2001,1989,1988,2008,2035,2056,2058,2117,2135,2154,2141,2143,2168,2178,2201,2169,2181,2226,2200,2203,2210,2254,2299,2304,2267
"Wendake (IRI), Quebec",2423802,1591,1629,1663,1689,1721,1755,1741,1787,1810,1813,1869,1966,2024,2099,2137,2154,2173,2218,2206,2207,2204,2161,2194,2227,2234
"Hinchinbrooke (MÉ), Quebec",2469045,2411,2413,2386,2384,2389,2365,2268,2234,2211,2242,2246,2178,2156,2137,2122,2109,2119,2131,2116,2144,2198,2234,2291,2300,2350
"Sainte-Béatrix (MÉ), Quebec",2462020,1636,1680,1701,1735,1766,1788,1834,1846,1834,1855,1858,1885,1907,1915,1875,1974,1980,2026,2077,2105,2191,2248,2311,2357,2388
"Albanel (MÉ), Quebec",2492030,2487,2430,2402,2353,2346,2342,2326,2300,2345,2312,2305,2271,2270,2251,2247,2264,2234,2223,2203,2212,2190,2184,2202,2177,2191
"Saint-Gédéon (MÉ), Quebec",2493035,1957,1909,1952,1952,1966,1944,1965,1992,1986,2006,2022,2046,2020,2060,2084,2091,2107,2122,2123,2149,2188,2253,2320,2320,2349
"Sainte-Anne-de-Sabrevois (PE), Quebec",2456060,1979,1943,1924,1909,1908,1909,1925,1946,2006,2066,2102,2078,2080,2119,2116,2091,2103,2127,2170,2167,2181,2201,2243,2274,2307
"Saint-Paul-de-l'Île-aux-Noix (MÉ), Quebec",2456035,2003,1958,1936,1949,1995,2003,1940,1926,1911,1893,1901,1873,1912,1943,1983,2025,2045,2075,2082,2097,2177,2225,2222,2267,2321
"Papineauville (MÉ), Quebec",2480037,2198,2223,2257,2238,2224,2213,2202,2183,2170,2200,2200,2136,2122,2121,2108,2105,2082,2089,2095,2120,2162,2276,2320,2370,2332
"Saint-Gervais (MÉ), Quebec",2419075,1946,1962,1952,1917,1917,1939,1973,2011,2011,2071,2083,2125,2145,2155,2177,2156,2189,2191,2202,2163,2155,2162,2196,2204,2235
"Causapscal (V), Quebec",2407018,2649,2581,2529,2528,2479,2466,2499,2470,2458,2464,2476,2469,2420,2372,2326,2292,2286,2252,2213,2177,2154,2152,2144,2146,2151
"Puvirnituq (VN), Quebec",2499120,1313,1345,1353,1397,1453,1476,1524,1565,1599,1719,1706,1742,1749,1769,1775,1799,1864,1958,2017,2101,2147,2175,2225,2219,2225
"Valcourt (V), Quebec",2442055,2447,2413,2382,2356,2354,2351,2353,2337,2371,2317,2343,2315,2249,2231,2183,2160,2139,2137,2120,2120,2134,2164,2168,2151,2203
"Saint-Blaise-sur-Richelieu (MÉ), Quebec",2456065,2071,2023,2020,2043,2072,2061,1961,1911,1886,1851,1860,1837,1883,1992,2032,2121,2114,2107,2133,2105,2119,2136,2145,2168,2165
"Pierreville (MÉ), Quebec",2450113,2430,2392,2342,2348,2345,2346,2315,2296,2251,2197,2191,2181,2169,2174,2168,2141,2139,2154,2132,2075,2111,2146,2160,2168,2154
"Saint-Barthélemy (PE), Quebec",2452055,2039,2023,1994,1958,2031,2037,2014,1957,1923,1895,1899,1912,1941,1963,1926,1944,1958,1976,2006,2032,2105,2107,2098,2098,2115
"Saint-Gédéon-de-Beauce (MÉ), Quebec",2429013,2441,2453,2467,2429,2403,2370,2345,2316,2292,2289,2293,2259,2251,2225,2249,2213,2182,2159,2134,2157,2100,2139,2140,2140,2136
"L'Ascension-de-Notre-Seigneur (PE), Quebec",2493065,1974,1970,1981,2004,2014,1996,2002,1983,2017,2008,1997,1996,1967,1984,1985,1999,2020,2001,2028,2017,2093,2155,2191,2239,2291
"Saint-Liguori (MÉ), Quebec",2463065,1826,1837,1819,1868,1901,1891,1899,1916,1944,1991,1989,1976,1978,1941,1928,1959,1977,2005,2017,2040,2093,2148,2206,2247,2268
"Lebel-sur-Quévillon (V), Quebec",2499005,3270,3126,3042,2951,2907,2745,2569,2472,2281,2178,2163,2248,2276,2282,2274,2200,2187,2172,2113,2092,2092,2128,2154,2198,2229
"Saint-Ignace-de-Loyola (MÉ), Quebec",2452045,1917,1905,1931,1940,1948,1933,1967,1992,2048,2063,2093,2069,2088,2057,2052,2052,2031,2012,2005,2030,2074,2133,2132,2141,2170
"Upton (MÉ), Quebec",2448038,1985,1974,1996,1951,1965,1960,1968,2004,2003,2057,2088,2070,2133,2099,2144,2081,2029,2069,2002,2000,2068,2087,2178,2170,2149
"Saint-Fulgence (MÉ), Quebec",2494235,2049,2058,2055,2036,2020,2051,2023,2008,2005,1971,1961,1977,1995,2043,2050,2074,2058,2084,2074,2059,2065,2118,2156,2191,2202
"Saint-Nazaire (MÉ), Quebec",2493045,2060,2067,2001,1950,1895,1887,1898,1905,1947,1981,2008,2027,2059,2070,2072,2083,2053,2019,2034,2031,2046,2091,2114,2135,2167
"Saint-Esprit (MÉ), Quebec",2463030,1883,1894,1893,1903,1865,1877,1907,1896,1921,1962,1973,1933,1938,1962,1981,1985,2021,2006,1974,1989,2036,2187,2279,2340,2313
"Mashteuiatsh (IRI), Quebec",2491802,1892,1815,1829,1779,1769,1771,1873,1957,2014,2104,2214,2184,2113,2055,2016,1956,1954,1964,2010,2017,2026,2051,2062,2078,2074
"Communauté Atikamekw de Manawan (IRI), Quebec",2462802,1682,1733,1785,1795,1888,1866,1911,1973,1984,2062,2086,2072,2032,1992,2013,2065,2041,2042,2025,2010,2025,2012,2073,2117,2132
"Sainte-Anne-de-la-Pérade (MÉ), Quebec",2437205,2186,2164,2124,2080,2069,2002,2023,2020,2036,2081,2084,2097,2096,2049,2032,2028,2036,2006,2010,2038,2024,2034,2034,2038,2036
"Potton (CT), Quebec",2445030,1779,1801,1854,1815,1780,1788,1773,1765,1797,1827,1866,1830,1817,1829,1834,1858,1880,1902,1862,1934,2014,2053,2163,2179,2201
"Hemmingford (CT), Quebec",2468015,1729,1705,1735,1763,1758,1762,1788,1803,1766,1746,1767,1813,1832,1840,1873,1904,1885,1970,1953,1970,2013,2079,2127,2179,2206
"Kingsey Falls (V), Quebec",2439097,2066,2045,1999,2048,2111,2107,2086,2068,2047,2026,2014,2008,2001,2005,1971,1952,1955,1954,1946,1992,2010,2053,2044,2040,2072
"Saint-Ferdinand (MÉ), Quebec",2432013,2504,2446,2418,2318,2269,2190,2148,2111,2076,2065,2070,2068,2072,2048,2067,2071,2047,2001,2008,2030,2010,2016,2051,2080,2082
"Obedjiwan 28 (IRI), Quebec",2490804,1701,1745,1702,1751,1757,1805,1858,1891,1931,1969,2041,2047,2054,2048,2046,2000,2000,1980,2018,2014,2005,2038,2046,2078,2139
"Barraute (MÉ), Quebec",2488022,2018,2043,2018,2017,2067,2079,2063,2018,2016,2033,1988,2012,2034,2006,2005,1965,1974,1980,1969,1997,2000,1984,1941,1917,1939
"Saint-Patrice-de-Sherrington (MÉ), Quebec",2468025,1941,1949,1922,1913,1897,1918,1934,1964,1927,1956,1979,1953,1959,1994,1974,1974,2020,2020,1998,1875,1986,2027,2002,2025,1996
"Lac-Supérieur (MÉ), Quebec",2478095,1477,1467,1532,1585,1679,1752,1791,1869,1861,1884,1910,1920,1920,1905,1896,1893,1906,1903,1920,1972,1983,1978,2027,2036,2122
"Saint-Louis-de-Gonzague (PE), Quebec",2470035,1385,1379,1398,1394,1431,1415,1437,1421,1419,1425,1403,1400,1470,1474,1480,1492,1517,1600,1662,1710,1975,2206,2366,2466,2536
"Caplan (MÉ), Quebec",2405060,2027,2002,2000,1987,1980,1994,2005,1977,1975,1968,2052,2032,2043,2013,2001,2021,2001,1993,1949,1971,1965,1969,1966,1936,1961
"Saint-Élie-de-Caxton (MÉ), Quebec",2451075,1645,1672,1665,1690,1728,1751,1734,1730,1750,1758,1759,1811,1812,1839,1833,1837,1850,1869,1884,1885,1947,1990,2019,2053,2062
"Déléage (MÉ), Quebec",2483070,2082,2163,2082,2089,2006,1976,1922,1930,1913,1904,1863,1874,1862,1873,1878,1840,1892,1871,1878,1905,1935,1961,1965,2048,2047
"Venise-en-Québec (MÉ), Quebec",2456005,1283,1289,1298,1312,1322,1323,1341,1400,1467,1495,1559,1571,1599,1599,1618,1674,1707,1713,1742,1817,1912,2088,2199,2298,2252
"Saint-François-du-Lac (MÉ), Quebec",2450128,1990,1975,1985,1994,1993,2005,1994,1978,1990,1982,1966,1983,1983,1963,1932,1964,1972,1929,1892,1872,1903,1916,1917,1919,1927
"Saint-Damien-de-Buckland (PE), Quebec",2419030,2204,2193,2189,2157,2133,2111,2087,2111,2096,2076,2081,2054,2067,2021,2010,1949,1947,1893,1878,1899,1890,1793,1853,1815,1840
"Terrasse-Vaudreuil (MÉ), Quebec",2471075,2069,2081,2098,2068,2048,1992,1958,1974,1965,1960,1986,1987,1938,1993,1981,1994,1958,1924,1889,1904,1889,1901,1915,1915,1883
"Saint-Stanislas-de-Kostka (MÉ), Quebec",2470040,1663,1683,1678,1633,1648,1674,1646,1618,1586,1553,1567,1570,1559,1625,1661,1664,1699,1717,1741,1768,1881,2044,2096,2095,2162
"Saint-Michel-de-Bellechasse (MÉ), Quebec",2419110,1662,1655,1666,1679,1687,1680,1683,1714,1772,1825,1830,1832,1840,1809,1811,1818,1870,1829,1820,1833,1877,1898,1901,1935,1902
"Vallée-Jonction (MÉ), Quebec",2426015,1914,1901,1911,1866,1870,1896,1909,1943,1967,1984,1952,1940,1920,1916,1896,1883,1874,1885,1902,1906,1874,1939,1973,2043,2042
"Cacouna (MÉ), Quebec",2412057,1798,1822,1838,1862,1864,1863,1854,1886,1909,1932,1949,1925,1915,1889,1850,1804,1821,1815,1823,1856,1857,1865,1876,1878,1888
"Waswanipi (TC), Quebec",2499802,1291,1338,1387,1417,1450,1497,1525,1577,1659,1747,1795,1781,1799,1765,1797,1774,1800,1806,1803,1856,1850,1831,1808,1847,1866
"Sainte-Angèle-de-Monnoir (MÉ), Quebec",2455030,1627,1627,1613,1624,1612,1599,1691,1780,1811,1853,1820,1839,1828,1826,1823,1831,1847,1821,1814,1836,1842,1843,1825,1857,1862
"Inukjuak (VN), Quebec",2499085,1325,1380,1418,1487,1568,1630,1625,1600,1608,1587,1624,1649,1662,1679,1730,1775,1795,1805,1803,1823,1840,1857,1873,1924,1947
"Saint-Fabien (PE), Quebec",2410070,1881,1884,1902,1924,1953,1963,1951,1943,1922,1936,1913,1906,1877,1858,1852,1836,1832,1802,1813,1808,1837,1849,1840,1867,1866
"Sainte-Justine (MÉ), Quebec",2428045,1902,1858,1821,1816,1817,1830,1826,1837,1806,1852,1848,1830,1823,1830,1804,1813,1818,1803,1806,1807,1836,1816,1835,1843,1822
"Frontenac (MÉ), Quebec",2430025,1512,1568,1576,1599,1632,1643,1617,1652,1656,1666,1686,1683,1673,1696,1687,1736,1735,1759,1787,1803,1833,1842,1859,1853,1855
"Saint-Cuthbert (MÉ), Quebec",2452062,1930,1940,1964,1974,1956,1938,1960,1950,1904,1853,1852,1864,1842,1838,1850,1871,1867,1857,1838,1804,1831,1878,1890,1872,1865
"Saint-Robert (MÉ), Quebec",2453020,1827,1790,1777,1779,1764,1726,1762,1796,1809,1821,1810,1830,1835,1831,1815,1810,1783,1758,1754,1778,1831,1858,1861,1851,1846
"Pointe-Lebel (VL), Quebec",2496025,1968,1951,1968,1983,1980,1990,2012,1998,1993,1995,1982,1983,2010,1978,1965,1924,1885,1864,1830,1832,1827,1833,1837,1799,1800
"Notre-Dame-des-Pins (PE), Quebec",2429120,1048,1052,1065,1067,1064,1078,1127,1184,1190,1197,1234,1294,1330,1428,1524,1605,1661,1697,1769,1823,1825,1860,1886,1943,1935
"Saint-Joseph-de-Coleraine (MÉ), Quebec",2431045,1686,1747,1819,1889,1954,2007,1996,1956,1961,1900,1879,1856,1812,1802,1795,1761,1740,1750,1725,1747,1825,1881,1888,1894,1920
"Champlain (MÉ), Quebec",2437220,1642,1632,1585,1548,1543,1558,1587,1568,1589,1664,1662,1680,1702,1724,1753,1745,1740,1753,1779,1791,1822,1888,1895,1949,1957
"Sainte-Marcelline-de-Kildare (MÉ), Quebec",2462030,1306,1324,1387,1385,1413,1429,1468,1488,1512,1549,1579,1565,1522,1536,1576,1602,1631,1627,1678,1751,1822,1818,1855,1868,1941
"Grenville (VL), Quebec",2476055,1338,1351,1387,1391,1406,1407,1480,1480,1530,1525,1587,1599,1675,1706,1723,1719,1789,1776,1791,1797,1820,1840,1876,1853,1889
"Saint-Lucien (MÉ), Quebec",2449030,1298,1328,1384,1418,1447,1521,1563,1561,1556,1576,1603,1640,1601,1624,1617,1663,1703,1724,1756,1772,1818,1877,1920,1952,1941
"Saint-Narcisse (PE), Quebec",2437240,1889,1854,1848,1836,1831,1819,1828,1818,1816,1800,1777,1786,1796,1831,1849,1835,1841,1815,1786,1794,1813,1809,1817,1832,1848
"La Guadeloupe (VL), Quebec",2429030,1743,1716,1744,1753,1763,1767,1748,1769,1770,1803,1798,1788,1747,1752,1745,1714,1735,1763,1803,1794,1808,1798,1840,1905,1927
"Kanesatake (S-É), Quebec",2472802,1334,1377,1425,1451,1473,1498,1511,1535,1555,1563,1583,1557,1575,1578,1577,1635,1685,1683,1737,1766,1801,1826,1851,1866,1872
"Les Escoumins (MÉ), Quebec",2495025,2128,2090,2095,2090,2076,2073,2071,2014,2002,2001,2005,1981,1959,1942,1912,1874,1847,1824,1817,1815,1799,1794,1797,1762,1751
"Nouvelle (MÉ), Quebec",2406020,1980,1954,1877,1850,1851,1811,1787,1766,1733,1753,1738,1734,1734,1731,1701,1678,1675,1706,1753,1756,1795,1803,1802,1814,1819
"Saint-Placide (MÉ), Quebec",2472043,1560,1568,1567,1626,1630,1646,1663,1681,1686,1712,1729,1739,1691,1695,1698,1692,1689,1734,1740,1747,1795,1774,1778,1775,1751
"Saint-Jacques-le-Mineur (MÉ), Quebec",2468040,1598,1584,1606,1654,1670,1632,1677,1664,1653,1701,1673,1676,1647,1609,1651,1705,1704,1740,1736,1797,1794,1874,1893,1884,1907
"Pointe-des-Cascades (VL), Quebec",2471055,928,947,960,950,989,1061,1149,1196,1273,1308,1358,1357,1386,1412,1441,1503,1613,1694,1744,1750,1793,1795,1831,1816,1867
"Saint-Charles-sur-Richelieu (MÉ), Quebec",2457057,1833,1787,1726,1731,1749,1746,1728,1721,1706,1692,1679,1651,1686,1700,1741,1797,1762,1806,1789,1815,1780,1798,1820,1829,1867
"Saint-Antoine-sur-Richelieu (MÉ), Quebec",2457075,1604,1577,1548,1567,1596,1598,1633,1609,1680,1668,1696,1702,1728,1734,1751,1770,1768,1774,1773,1791,1779,1824,1831,1843,1880
"Saint-Valérien-de-Milton (MÉ), Quebec",2454065,1807,1824,1806,1756,1720,1735,1700,1725,1734,1794,1857,1856,1856,1840,1818,1803,1806,1803,1784,1774,1777,1800,1783,1796,1794
"Dudswell (MÉ), Quebec",2441117,1670,1711,1694,1711,1719,1715,1750,1780,1803,1758,1776,1771,1736,1744,1744,1721,1689,1715,1719,1730,1766,1754,1783,1805,1850
"Austin (MÉ), Quebec",2445085,1231,1234,1337,1378,1372,1405,1405,1444,1481,1461,1444,1462,1471,1481,1495,1486,1479,1526,1621,1623,1758,1811,1883,1905,1959
"Berthier-sur-Mer (MÉ), Quebec",2418065,1320,1300,1273,1274,1274,1244,1272,1304,1326,1343,1408,1447,1462,1483,1503,1558,1573,1615,1636,1718,1754,1769,1783,1808,1819
"Sainte-Émélie-de-l'Énergie (MÉ), Quebec",2462070,1525,1539,1567,1621,1655,1680,1650,1627,1617,1643,1642,1607,1581,1590,1569,1574,1589,1622,1648,1710,1754,1776,1794,1795,1856
"Mille-Isles (MÉ), Quebec",2476030,1233,1331,1390,1446,1465,1494,1515,1556,1588,1616,1639,1627,1639,1621,1591,1561,1585,1612,1631,1716,1753,1812,1827,1833,1886
"Saint-Cyprien-de-Napierville (MÉ), Quebec",2468035,1338,1380,1407,1452,1493,1584,1664,1737,1784,1844,1890,1906,1913,1915,1940,1947,1921,1910,1847,1822,1752,1763,1789,1780,1786
"Chambord (MÉ), Quebec",2491020,1723,1720,1682,1704,1704,1698,1722,1727,1771,1752,1777,1800,1789,1779,1791,1760,1761,1738,1727,1754,1751,1806,1793,1770,1800
"Yamaska (MÉ), Quebec",2453072,1749,1723,1710,1681,1661,1650,1610,1628,1630,1626,1658,1655,1656,1665,1684,1689,1643,1649,1694,1723,1747,1719,1743,1752,1815
"Saint-Pierre-de-l'Île-d'Orléans (MÉ), Quebec",2420025,1917,1874,1894,1873,1833,1786,1770,1765,1775,1747,1777,1845,1861,1926,1935,1967,1935,1924,1864,1830,1746,1739,1708,1715,1704
"Saint-Ours (V), Quebec",2453032,1655,1667,1665,1678,1679,1705,1701,1715,1725,1735,1728,1741,1708,1672,1657,1674,1655,1704,1684,1694,1741,1750,1753,1764,1817
"Notre-Dame-du-Laus (MÉ), Quebec",2479005,1406,1452,1503,1530,1565,1563,1584,1585,1583,1556,1511,1550,1562,1553,1592,1562,1583,1608,1595,1639,1734,1836,1829,1885,1912
"Saint-Clet (MÉ), Quebec",2471045,1661,1658,1650,1665,1686,1737,1744,1738,1743,1731,1776,1749,1741,1750,1767,1848,1793,1805,1772,1750,1734,1757,1754,1770,1784
"Price (VL), Quebec",2409065,1815,1812,1789,1773,1789,1778,1774,1747,1717,1715,1683,1719,1728,1755,1755,1760,1735,1730,1724,1714,1730,1692,1712,1703,1701
"Ripon (MÉ), Quebec",2480078,1293,1358,1409,1441,1456,1506,1483,1508,1523,1530,1540,1548,1513,1544,1556,1550,1589,1629,1664,1709,1729,1769,1827,1834,1835
"Notre-Dame-du-Bon-Conseil (VL), Quebec",2449075,1473,1438,1424,1435,1403,1426,1397,1367,1380,1414,1411,1457,1468,1497,1509,1556,1579,1594,1631,1661,1723,1719,1769,1853,1950
"Sainte-Perpétue (MÉ), Quebec",2417030,2012,1981,1943,1902,1902,1885,1893,1832,1808,1772,1772,1746,1701,1677,1639,1633,1609,1628,1621,1671,1720,1707,1690,1700,1698
"Sayabec (MÉ), Quebec",2407085,2009,1998,1968,1922,1928,1963,1955,1931,1901,1856,1875,1832,1844,1847,1840,1822,1795,1753,1709,1689,1714,1718,1772,1769,1763
"Sainte-Hélène-de-Bagot (MÉ), Quebec",2454095,1552,1558,1528,1509,1497,1468,1438,1499,1556,1650,1657,1710,1688,1711,1696,1689,1700,1688,1720,1721,1706,1734,1795,1868,1887
"Sacré-Coeur (MÉ), Quebec",2495010,2060,2046,2078,2033,2047,2025,1978,1956,1912,1902,1879,1865,1855,1829,1803,1793,1762,1766,1736,1704,1700,1707,1693,1690,1679
"Saint-Zacharie (MÉ), Quebec",2428005,2115,2049,2007,1954,1916,1883,1859,1854,1814,1773,1747,1730,1727,1706,1672,1651,1642,1641,1652,1676,1692,1678,1657,1689,1674
"Saint-Antoine-de-Tilly (MÉ), Quebec",2433095,1423,1429,1409,1410,1409,1441,1470,1493,1537,1553,1594,1620,1620,1609,1611,1582,1590,1592,1604,1608,1688,1710,1738,1784,1747
"Wentworth-Nord (MÉ), Quebec",2477060,1141,1172,1228,1291,1339,1346,1401,1459,1503,1469,1434,1436,1412,1400,1387,1379,1417,1438,1480,1596,1686,1722,1697,1775,1805
"Val-Joli (MÉ), Quebec",2442095,1590,1588,1586,1567,1526,1482,1466,1473,1517,1525,1544,1558,1576,1594,1605,1630,1665,1651,1653,1686,1684,1694,1725,1759,1787
"Shawville (MÉ), Quebec",2484010,1593,1590,1587,1584,1588,1589,1569,1587,1593,1611,1644,1630,1621,1603,1586,1573,1593,1597,1600,1624,1681,1706,1722,1729,1729
"Saint-Malachie (PE), Quebec",2419025,1372,1382,1392,1402,1411,1419,1411,1410,1406,1469,1501,1523,1524,1526,1546,1520,1549,1560,1592,1647,1675,1689,1722,1747,1755
"Saint-Jean-de-Dieu (MÉ), Quebec",2411010,1777,1739,1665,1671,1668,1666,1653,1640,1631,1626,1591,1582,1572,1565,1567,1582,1553,1583,1579,1634,1663,1707,1699,1675,1697
"Messines (MÉ), Quebec",2483060,1369,1428,1495,1501,1534,1611,1600,1599,1598,1588,1614,1596,1613,1628,1599,1606,1570,1573,1612,1625,1660,1676,1640,1656,1691
"Saint-Albert (MÉ), Quebec",2439085,1508,1525,1534,1541,1514,1516,1536,1549,1555,1545,1545,1543,1584,1578,1588,1607,1615,1623,1637,1643,1656,1699,1711,1725,1744
"Listuguj (IRI), Quebec",2406804,1477,1474,1500,1508,1495,1486,1520,1531,1575,1582,1562,1582,1579,1571,1544,1507,1539,1570,1602,1618,1652,1657,1657,1646,1646
"Franklin (MÉ), Quebec",2469010,1632,1625,1633,1626,1629,1661,1653,1651,1673,1677,1702,1678,1656,1697,1660,1639,1680,1652,1619,1578,1646,1669,1674,1723,1754
"Saint-Benoît-Labre (MÉ), Quebec",2429100,1573,1586,1605,1589,1615,1623,1648,1652,1642,1638,1623,1639,1615,1591,1596,1637,1606,1609,1608,1606,1638,1666,1692,1675,1655
"Sainte-Barbe (MÉ), Quebec",2469065,1365,1392,1421,1399,1429,1457,1447,1459,1449,1413,1406,1376,1383,1353,1330,1329,1346,1368,1444,1493,1637,1812,1882,1930,1993
"Saint-Flavien (MÉ), Quebec",2433052,1519,1505,1525,1539,1580,1596,1589,1586,1573,1582,1601,1615,1593,1606,1609,1631,1651,1635,1636,1643,1628,1630,1656,1670,1682
"Lambton (MÉ), Quebec",2430095,1545,1571,1582,1600,1626,1636,1640,1619,1605,1615,1576,1587,1587,1584,1585,1608,1612,1588,1571,1593,1621,1655,1703,1720,1714
"Maliotenam (IRI), Quebec",2497804,1116,1110,1110,1138,1137,1137,1122,1165,1172,1234,1337,1390,1476,1565,1616,1536,1482,1444,1483,1569,1619,1643,1663,1699,1683
"Larouche (MÉ), Quebec",2494265,1077,1079,1120,1121,1168,1233,1247,1258,1314,1294,1293,1386,1379,1431,1443,1500,1524,1520,1564,1590,1618,1640,1688,1696,1734
"Saint-Laurent-de-l'Île-d'Orléans (MÉ), Quebec",2420020,1625,1638,1647,1600,1564,1591,1569,1561,1597,1578,1573,1551,1530,1506,1497,1511,1538,1614,1593,1541,1606,1607,1663,1598,1659
"Sainte-Anne-de-la-Pocatière (PE), Quebec",2414090,1913,1878,1856,1873,1840,1847,1822,1801,1779,1764,1732,1699,1691,1669,1647,1632,1628,1629,1624,1622,1605,1600,1614,1634,1635
"Salluit (VN), Quebec",2499135,1098,1128,1190,1216,1235,1262,1308,1351,1358,1347,1368,1372,1388,1412,1470,1496,1505,1548,1570,1594,1594,1602,1633,1632,1634
"Saint-François-de-la-Rivière-du-Sud (MÉ), Quebec",2418060,1630,1599,1593,1567,1587,1582,1567,1543,1556,1630,1602,1626,1615,1609,1602,1624,1625,1621,1595,1605,1593,1592,1597,1581,1550
"Lyster (MÉ), Quebec",2432065,1660,1649,1656,1620,1640,1646,1617,1625,1626,1654,1634,1653,1628,1615,1602,1600,1606,1578,1606,1573,1591,1632,1653,1668,1679
"Saint-Joseph-de-Sorel (V), Quebec",2453050,1791,1790,1747,1738,1742,1692,1670,1714,1651,1636,1691,1613,1657,1626,1647,1645,1586,1565,1576,1600,1586,1630,1568,1562,1602
"Amherst (CT), Quebec",2478070,1239,1297,1309,1323,1365,1422,1403,1424,1488,1543,1527,1518,1509,1484,1469,1488,1458,1476,1453,1512,1580,1650,1638,1662,1703
"Uashat 27 (IRI), Quebec",2497802,1162,1153,1169,1187,1186,1208,1280,1360,1443,1464,1508,1543,1561,1604,1589,1584,1576,1597,1616,1591,1580,1581,1597,1640,1694
"Saint-Pacôme (MÉ), Quebec",2414070,1728,1710,1683,1693,1700,1688,1698,1656,1660,1654,1663,1641,1605,1589,1594,1594,1572,1550,1559,1571,1579,1575,1575,1561,1540
"Saint-Théodore-d'Acton (MÉ), Quebec",2448045,1563,1566,1547,1510,1510,1499,1518,1486,1505,1492,1477,1487,1476,1505,1505,1512,1521,1525,1493,1530,1579,1606,1632,1628,1650
"Cleveland (CT), Quebec",2442110,1588,1524,1542,1572,1594,1590,1606,1596,1605,1603,1606,1601,1582,1570,1555,1538,1530,1533,1548,1547,1574,1593,1611,1614,1624
"Wemindji (TC), Quebec",2499812,1121,1135,1158,1185,1226,1235,1273,1310,1341,1377,1400,1415,1437,1463,1460,1458,1463,1498,1531,1545,1571,1591,1603,1606,1609
"Sainte-Clotilde-de-Horton (MÉ), Quebec",2439117,1552,1586,1571,1581,1559,1572,1565,1562,1566,1609,1625,1571,1557,1552,1567,1576,1566,1570,1569,1590,1566,1609,1619,1599,1647
"Saint-Ulric (MÉ), Quebec",2408073,1647,1646,1623,1610,1632,1698,1669,1633,1624,1646,1648,1647,1638,1633,1590,1576,1567,1551,1553,1531,1566,1622,1674,1641,1658
"Saint-Honoré-de-Shenley (MÉ), Quebec",2429038,1691,1688,1671,1665,1650,1656,1627,1623,1640,1644,1624,1594,1583,1552,1540,1515,1542,1551,1564,1556,1564,1571,1614,1619,1610
"Saint-Bernard-de-Lacolle (MÉ), Quebec",2468005,1522,1537,1489,1515,1535,1538,1538,1513,1505,1506,1484,1477,1478,1496,1562,1556,1540,1540,1533,1550,1555,1578,1619,1635,1655
"Saint-Paulin (MÉ), Quebec",2451060,1606,1599,1608,1600,1610,1628,1612,1595,1562,1548,1538,1535,1517,1517,1514,1499,1484,1493,1508,1536,1551,1579,1579,1621,1659
"La Conception (MÉ), Quebec",2478115,1077,1127,1158,1207,1266,1285,1270,1254,1293,1312,1292,1340,1319,1288,1318,1343,1310,1340,1416,1503,1541,1610,1617,1669,1685
"Tring-Jonction (VL), Quebec",2427060,1436,1455,1440,1475,1498,1478,1489,1499,1512,1564,1554,1537,1534,1522,1509,1477,1482,1471,1488,1496,1534,1537,1549,1602,1626
"Henryville (MÉ), Quebec",2456042,1534,1522,1523,1559,1547,1537,1547,1539,1502,1498,1476,1446,1410,1440,1418,1439,1453,1467,1477,1516,1517,1539,1578,1620,1664
"Saint-Tite-des-Caps (MÉ), Quebec",2421005,1464,1443,1459,1472,1466,1452,1429,1448,1490,1515,1529,1534,1497,1491,1489,1488,1479,1489,1484,1495,1511,1531,1527,1593,1611
"Rivière-Héva (MÉ), Quebec",2489010,1306,1271,1236,1250,1275,1247,1266,1250,1253,1281,1314,1308,1351,1382,1402,1433,1482,1463,1499,1510,1509,1532,1534,1561,1567
"Tingwick (MÉ), Quebec",2439025,1368,1370,1382,1414,1443,1464,1469,1445,1427,1396,1402,1418,1441,1451,1410,1416,1404,1452,1464,1466,1500,1527,1533,1550,1567
"Saint-Félix-de-Kingsey (MÉ), Quebec",2449005,1565,1566,1563,1547,1499,1475,1523,1535,1576,1591,1601,1574,1560,1503,1481,1451,1480,1494,1503,1542,1495,1519,1523,1520,1550
"Saint-Joachim-de-Shefford (MÉ), Quebec",2447040,1177,1152,1124,1096,1097,1095,1090,1113,1148,1171,1183,1209,1235,1281,1302,1308,1370,1398,1419,1457,1490,1532,1558,1574,1552
"Saint-Mathieu-du-Parc (MÉ), Quebec",2451070,1289,1313,1302,1298,1343,1382,1363,1385,1418,1433,1401,1382,1382,1325,1341,1337,1373,1349,1413,1461,1490,1531,1555,1592,1598
"Lac-au-Saumon (MÉ), Quebec",2407057,1552,1556,1556,1510,1487,1490,1472,1467,1447,1450,1455,1449,1425,1428,1433,1444,1425,1401,1437,1443,1485,1488,1464,1465,1485
"Chapais (V), Quebec",2499020,1818,1811,1785,1709,1663,1644,1658,1651,1633,1641,1615,1607,1571,1556,1553,1527,1560,1555,1501,1491,1482,1462,1439,1398,1392
"Saint-Guillaume (MÉ), Quebec",2449113,1620,1599,1578,1585,1608,1627,1628,1615,1593,1616,1582,1589,1573,1550,1521,1498,1531,1501,1525,1521,1481,1482,1497,1473,1489
"Les Éboulements (MÉ), Quebec",2416048,1269,1270,1236,1237,1256,1257,1286,1301,1286,1320,1324,1355,1357,1368,1349,1328,1307,1329,1366,1419,1476,1544,1571,1597,1661
"Saint-Ubalde (MÉ), Quebec",2434090,1485,1467,1478,1464,1466,1458,1470,1463,1452,1432,1408,1391,1394,1388,1391,1414,1411,1380,1379,1424,1468,1511,1526,1543,1565
"Saint-Casimir (MÉ), Quebec",2434078,1604,1570,1545,1529,1513,1528,1546,1535,1533,1511,1504,1470,1490,1467,1449,1432,1458,1423,1459,1462,1457,1441,1464,1475,1506
"Sainte-Hénédine (PE), Quebec",2426040,1180,1142,1116,1126,1145,1136,1145,1147,1171,1206,1227,1230,1239,1246,1268,1278,1276,1325,1352,1416,1457,1491,1469,1507,1550
"Sainte-Lucie-des-Laurentides (MÉ), Quebec",2478020,944,950,990,1029,1081,1143,1220,1292,1329,1301,1272,1268,1250,1246,1227,1265,1306,1369,1381,1399,1454,1487,1566,1600,1651
"Sainte-Brigide-d'Iberville (MÉ), Quebec",2456105,1323,1261,1233,1229,1213,1237,1307,1309,1326,1350,1355,1362,1379,1410,1408,1440,1449,1451,1422,1431,1449,1466,1517,1529,1540
"Armagh (MÉ), Quebec",2419037,1629,1611,1629,1621,1608,1616,1613,1555,1519,1497,1506,1480,1460,1453,1487,1489,1483,1467,1470,1426,1443,1420,1450,1428,1437
"Noyan (MÉ), Quebec",2456015,1133,1159,1196,1249,1325,1356,1350,1348,1359,1346,1314,1329,1365,1359,1394,1416,1434,1408,1404,1411,1442,1461,1471,1502,1576
"Saint-Aubert (MÉ), Quebec",2417055,1391,1417,1406,1438,1429,1468,1467,1460,1436,1408,1410,1398,1414,1438,1463,1468,1475,1451,1437,1443,1440,1426,1446,1404,1387
"Pointe-aux-Outardes (VL), Quebec",2496030,1443,1436,1451,1432,1438,1456,1435,1370,1364,1359,1343,1348,1332,1336,1345,1334,1373,1377,1388,1414,1438,1435,1426,1441,1447
"Saint-Joachim (PE), Quebec",2421020,1505,1464,1458,1434,1397,1372,1390,1421,1448,1454,1488,1496,1505,1502,1475,1445,1460,1449,1427,1452,1430,1446,1428,1421,1425
"La Minerve (MÉ), Quebec",2478130,1103,1143,1163,1175,1220,1285,1300,1317,1299,1294,1230,1217,1192,1168,1176,1205,1223,1254,1261,1344,1426,1454,1475,1500,1492
"Godmanchester (CT), Quebec",2469060,1555,1522,1509,1515,1472,1464,1440,1414,1396,1409,1409,1393,1386,1402,1390,1400,1399,1383,1383,1395,1416,1458,1480,1532,1590
"Saint-Hubert-de-Rivière-du-Loup (MÉ), Quebec",2412010,1343,1337,1400,1405,1408,1421,1381,1331,1288,1259,1239,1250,1255,1247,1250,1281,1315,1350,1371,1378,1414,1453,1472,1438,1471
"Saint-Odilon-de-Cranbourne (PE), Quebec",2427035,1465,1459,1468,1472,1457,1448,1468,1481,1477,1475,1463,1441,1413,1390,1394,1374,1386,1397,1391,1411,1409,1407,1416,1434,1460
"Wotton (MÉ), Quebec",2440017,1590,1567,1557,1512,1511,1534,1509,1471,1461,1438,1442,1433,1427,1414,1417,1422,1419,1416,1380,1418,1408,1436,1455,1466,1448
"Matagami (V), Quebec",2499015,1957,1894,1804,1768,1622,1564,1521,1556,1579,1556,1533,1525,1504,1508,1505,1468,1445,1450,1432,1407,1407,1349,1341,1396,1364
"Clarendon (MÉ), Quebec",2484015,1347,1332,1318,1304,1295,1255,1216,1206,1188,1179,1181,1196,1213,1225,1236,1251,1280,1296,1312,1344,1404,1425,1438,1442,1442
"Sainte-Élisabeth (MÉ), Quebec",2452030,1493,1491,1514,1489,1463,1445,1456,1517,1547,1585,1568,1548,1498,1519,1505,1466,1451,1452,1406,1424,1403,1425,1445,1453,1473
"Saint-Simon (MÉ), Quebec",2454090,1142,1166,1173,1156,1206,1239,1271,1221,1288,1239,1240,1291,1290,1368,1400,1420,1400,1406,1397,1409,1399,1415,1403,1419,1474
"Chute-aux-Outardes (VL), Quebec",2496035,2005,1958,1943,1942,1897,1860,1793,1727,1677,1700,1650,1647,1634,1624,1599,1563,1521,1495,1467,1437,1394,1425,1403,1403,1406
"Saint-Alexis (MÉ), Quebec",2463023,1311,1359,1372,1342,1293,1281,1310,1318,1326,1365,1376,1369,1395,1367,1330,1323,1311,1352,1324,1363,1392,1420,1459,1451,1462
"Lac-aux-Sables (PE), Quebec",2435010,1330,1346,1318,1340,1322,1314,1316,1304,1313,1356,1367,1346,1337,1309,1289,1283,1277,1283,1285,1306,1387,1394,1416,1420,1463
"Nantes (MÉ), Quebec",2430045,1444,1449,1467,1454,1459,1450,1435,1407,1373,1374,1383,1373,1374,1384,1363,1377,1384,1381,1368,1378,1385,1407,1414,1414,1412
"L'Isle-aux-Allumettes (MÉ), Quebec",2484082,1396,1386,1402,1440,1444,1440,1398,1386,1397,1362,1346,1325,1333,1326,1330,1326,1321,1337,1338,1357,1384,1406,1393,1394,1413
"Saint-Majorique-de-Grantham (PE), Quebec",2449095,973,1012,1033,1062,1108,1148,1181,1196,1215,1261,1275,1295,1331,1356,1378,1390,1381,1374,1381,1391,1383,1375,1381,1361,1373
"Palmarolle (MÉ), Quebec",2487025,1531,1489,1477,1459,1463,1465,1461,1477,1475,1476,1475,1499,1485,1442,1415,1400,1384,1406,1401,1375,1381,1391,1414,1422,1425
"Hérouxville (PE), Quebec",2435035,1288,1303,1300,1296,1241,1238,1237,1273,1283,1304,1337,1287,1238,1266,1269,1276,1287,1309,1325,1359,1378,1441,1492,1531,1570
"Saint-Édouard (MÉ), Quebec",2468045,1214,1173,1189,1178,1213,1215,1264,1277,1320,1312,1322,1327,1341,1334,1342,1327,1335,1361,1363,1355,1377,1388,1420,1430,1438
"La Doré (PE), Quebec",2491050,1578,1569,1553,1508,1481,1461,1428,1430,1425,1458,1466,1441,1397,1378,1376,1365,1403,1379,1370,1377,1363,1367,1392,1371,1380
"L'Isle-Verte (MÉ), Quebec",2412043,1537,1503,1490,1478,1483,1463,1435,1473,1459,1471,1471,1472,1412,1330,1314,1294,1305,1292,1292,1337,1360,1384,1403,1417,1427
"Sainte-Ursule (MÉ), Quebec",2451040,1486,1475,1465,1445,1429,1426,1407,1395,1376,1370,1381,1335,1346,1347,1345,1331,1328,1335,1349,1312,1359,1361,1339,1342,1363
"L'Avenir (MÉ), Quebec",2449025,1297,1305,1252,1247,1282,1263,1269,1262,1233,1218,1213,1256,1293,1301,1296,1309,1316,1325,1349,1330,1357,1376,1409,1418,1456
"Vaudreuil-sur-le-Lac (VL), Quebec",2471090,909,949,1032,1133,1236,1297,1354,1365,1367,1361,1365,1336,1358,1329,1352,1336,1364,1353,1359,1349,1357,1356,1354,1350,1340
"Saint-Urbain-Premier (MÉ), Quebec",2470005,1165,1169,1192,1168,1165,1135,1121,1099,1100,1129,1161,1186,1188,1232,1239,1274,1247,1274,1278,1294,1353,1365,1339,1360,1380
"Racine (MÉ), Quebec",2442032,1173,1228,1259,1286,1256,1247,1251,1270,1273,1291,1257,1330,1316,1286,1273,1324,1329,1327,1334,1340,1351,1366,1393,1439,1441
"Saint-Hugues (MÉ), Quebec",2454100,1300,1292,1324,1332,1306,1322,1357,1393,1384,1350,1301,1268,1281,1275,1291,1337,1310,1313,1330,1331,1347,1345,1369,1382,1414
"Pointe-à-la-Croix (MÉ), Quebec",2406030,1522,1512,1539,1553,1568,1587,1569,1555,1525,1515,1484,1489,1448,1427,1426,1398,1368,1366,1375,1364,1346,1324,1320,1285,1294
"New Carlisle (MÉ), Quebec",2405040,1452,1418,1415,1396,1410,1364,1349,1336,1341,1331,1358,1367,1369,1376,1380,1380,1354,1357,1358,1336,1342,1359,1367,1340,1331
"Saint-Jude (MÉ), Quebec",2454110,1149,1138,1130,1138,1142,1143,1177,1216,1233,1228,1243,1333,1289,1246,1224,1230,1255,1326,1372,1432,1342,1336,1356,1404,1402
"Saint-Lazare-de-Bellechasse (MÉ), Quebec",2419050,1206,1191,1175,1166,1159,1165,1173,1180,1188,1188,1187,1202,1231,1263,1284,1297,1310,1303,1311,1339,1342,1347,1349,1337,1330
"Roxton Falls (VL), Quebec",2448010,1313,1326,1309,1309,1307,1307,1300,1299,1291,1258,1271,1290,1271,1282,1298,1298,1277,1275,1291,1310,1331,1368,1375,1369,1399
"Labrecque (MÉ), Quebec",2493055,1312,1293,1297,1295,1286,1305,1310,1339,1332,1371,1355,1339,1355,1338,1355,1318,1317,1319,1348,1350,1330,1354,1368,1373,1375
"Saint-Zénon (MÉ), Quebec",2462080,1203,1266,1301,1339,1343,1375,1360,1285,1291,1246,1247,1214,1212,1202,1155,1115,1169,1164,1176,1258,1327,1353,1346,1395,1435
"Saint-Urbain (PE), Quebec",2416055,1447,1472,1447,1440,1448,1451,1471,1466,1471,1458,1468,1434,1398,1390,1376,1366,1331,1334,1318,1305,1325,1346,1388,1400,1431
"Laurierville (MÉ), Quebec",2432072,1552,1540,1494,1455,1431,1409,1423,1411,1418,1432,1458,1420,1386,1358,1364,1340,1307,1289,1308,1312,1323,1329,1364,1375,1368
"Frampton (MÉ), Quebec",2426005,1311,1322,1343,1333,1303,1326,1351,1343,1362,1382,1398,1358,1369,1358,1339,1298,1291,1308,1293,1310,1320,1360,1378,1352,1374
"Fort-Coulonge (VL), Quebec",2484060,1658,1626,1614,1579,1552,1522,1491,1472,1451,1411,1383,1394,1408,1409,1421,1425,1392,1370,1346,1326,1317,1291,1259,1293,1293
"Saint-Louis-du-Ha! Ha! (PE), Quebec",2413080,1441,1430,1431,1412,1407,1350,1338,1320,1290,1292,1320,1329,1304,1290,1292,1287,1278,1275,1281,1285,1315,1323,1368,1353,1352
"Ragueneau (PE), Quebec",2496040,1616,1607,1592,1579,1562,1548,1538,1497,1485,1433,1412,1376,1368,1389,1399,1340,1336,1311,1311,1282,1312,1321,1305,1291,1287
"Notre-Dame-du-Portage (MÉ), Quebec",2412080,1192,1211,1224,1258,1248,1262,1243,1234,1246,1210,1193,1181,1153,1152,1111,1152,1153,1162,1201,1262,1296,1288,1312,1336,1341
"L'Anse-Saint-Jean (MÉ), Quebec",2494210,1208,1214,1201,1165,1153,1151,1148,1155,1192,1244,1268,1260,1252,1257,1251,1225,1248,1247,1272,1297,1294,1343,1333,1318,1310
"Lac Simon (IRI), Quebec",2489804,1018,999,1057,1076,1149,1184,1215,1291,1320,1345,1416,1438,1422,1384,1414,1385,1340,1354,1322,1323,1292,1330,1329,1370,1403
"Lorrainville (MÉ), Quebec",2485037,1416,1407,1385,1346,1359,1339,1357,1325,1358,1329,1327,1354,1309,1286,1266,1242,1217,1243,1256,1259,1290,1271,1280,1285,1277
"Eeyou Istchee Baie-James (GR), Quebec",2499060,1438,1381,1363,1409,1418,1400,1384,1294,1282,1293,1333,1323,1303,1261,1227,1193,1188,1201,1235,1229,1270,1242,1229,1214,1225
"Bury (MÉ), Quebec",2441070,1186,1205,1212,1240,1240,1247,1235,1234,1181,1166,1161,1161,1202,1193,1166,1170,1188,1170,1176,1214,1264,1252,1264,1266,1243
"Rivière-Bleue (MÉ), Quebec",2413025,1497,1466,1444,1439,1433,1406,1367,1339,1361,1318,1296,1275,1247,1245,1235,1222,1212,1210,1212,1237,1264,1280,1317,1304,1310
"Saint-Norbert-d'Arthabaska (MÉ), Quebec",2439043,1203,1183,1158,1185,1157,1132,1153,1161,1181,1184,1191,1194,1195,1189,1184,1165,1191,1231,1208,1229,1256,1266,1305,1297,1291
"Saint-Arsène (PE), Quebec",2412065,1177,1177,1150,1135,1144,1161,1186,1198,1204,1246,1261,1255,1248,1218,1223,1233,1218,1213,1227,1247,1252,1222,1226,1248,1269
"Saint-Édouard-de-Lotbinière (PE), Quebec",2433080,1297,1310,1296,1286,1285,1268,1247,1218,1229,1258,1254,1251,1212,1198,1168,1207,1182,1199,1213,1247,1251,1274,1300,1303,1295
"Saints-Anges (PE), Quebec",2426010,1002,1002,1017,1046,1038,1042,1052,1075,1083,1125,1160,1148,1158,1152,1143,1163,1173,1159,1190,1185,1246,1299,1312,1352,1364
"Sainte-Marie-Salomé (MÉ), Quebec",2463005,1191,1181,1184,1223,1250,1253,1238,1231,1234,1220,1178,1181,1192,1179,1186,1215,1221,1220,1235,1224,1236,1268,1279,1283,1296
"Hébertville-Station (VL), Quebec",2493025,1355,1323,1289,1278,1268,1238,1245,1228,1197,1221,1237,1243,1279,1292,1304,1315,1292,1273,1243,1237,1233,1265,1260,1288,1298
"Trécesson (CT), Quebec",2488075,1190,1167,1182,1165,1183,1200,1151,1138,1161,1169,1147,1182,1200,1203,1216,1219,1228,1238,1238,1238,1233,1246,1248,1263,1240
"Saint-Armand (MÉ), Quebec",2446017,1280,1256,1247,1204,1187,1169,1208,1187,1219,1253,1251,1258,1235,1232,1206,1205,1218,1200,1210,1211,1232,1232,1223,1234,1241
"Saint-Siméon (PE), Quebec",2405055,1228,1215,1239,1221,1207,1176,1189,1178,1166,1182,1179,1178,1172,1184,1196,1164,1136,1148,1171,1209,1213,1221,1201,1244,1254
"Kitigan Zibi (IRI), Quebec",2483802,1138,1121,1178,1228,1198,1173,1222,1233,1283,1364,1397,1378,1372,1274,1232,1217,1182,1198,1224,1205,1212,1200,1253,1252,1261
"Très-Saint-Sacrement (PE), Quebec",2469030,1259,1262,1252,1241,1243,1216,1185,1181,1169,1162,1149,1148,1148,1154,1153,1184,1209,1193,1198,1204,1210,1203,1237,1244,1223
"Senneterre (PE), Quebec",2489045,1212,1208,1206,1207,1193,1193,1208,1212,1210,1212,1217,1225,1222,1221,1207,1197,1197,1183,1175,1187,1199,1184,1188,1191,1189
"Saint-Alban (MÉ), Quebec",2434097,1192,1160,1159,1137,1140,1143,1204,1186,1217,1221,1231,1215,1197,1212,1206,1205,1195,1211,1194,1179,1197,1206,1227,1248,1264
"Saint-Valère (MÉ), Quebec",2439135,1336,1353,1350,1327,1317,1310,1295,1290,1286,1277,1298,1281,1300,1265,1282,1268,1252,1234,1233,1226,1194,1195,1191,1189,1187
"Sainte-Marguerite (PE), Quebec",2426035,1054,1047,1065,1079,1080,1070,1077,1066,1048,1075,1084,1095,1113,1074,1051,1084,1117,1114,1116,1156,1193,1241,1272,1299,1297
"Saint-Barnabé (PE), Quebec",2451025,1265,1259,1237,1188,1194,1214,1235,1209,1205,1209,1182,1201,1217,1212,1194,1200,1210,1208,1188,1184,1189,1182,1199,1221,1234
"Lac-Bouchette (MÉ), Quebec",2491005,1393,1382,1361,1333,1298,1308,1296,1258,1237,1202,1172,1166,1155,1177,1193,1191,1178,1161,1167,1183,1186,1178,1188,1198,1191
"Saint-Modeste (MÉ), Quebec",2412020,911,891,895,907,923,955,988,1032,1066,1126,1141,1154,1161,1155,1145,1168,1171,1166,1175,1189,1186,1189,1196,1211,1182
"Ayer's Cliff (VL), Quebec",2445035,1122,1137,1140,1134,1116,1100,1105,1086,1089,1105,1108,1095,1087,1080,1089,1076,1113,1133,1143,1165,1185,1216,1254,1291,1284
"Saint-Bruno-de-Guigues (MÉ), Quebec",2485045,1137,1107,1108,1116,1101,1083,1077,1083,1038,1062,1105,1130,1138,1159,1146,1137,1161,1137,1146,1159,1185,1218,1202,1182,1197
"Saint-Gabriel-de-Rimouski (MÉ), Quebec",2409025,1217,1237,1215,1243,1228,1229,1222,1213,1234,1221,1179,1164,1147,1136,1149,1162,1157,1140,1161,1174,1184,1223,1233,1223,1239
"Saint-Pierre-les-Becquets (MÉ), Quebec",2438065,1282,1262,1251,1216,1204,1194,1186,1187,1191,1238,1238,1185,1171,1152,1139,1125,1123,1145,1130,1156,1184,1173,1165,1156,1172
"Saint-Wenceslas (MÉ), Quebec",2450023,1151,1142,1105,1110,1136,1104,1097,1088,1076,1066,1070,1100,1113,1117,1142,1160,1170,1166,1151,1129,1177,1200,1217,1180,1202
"Grand-Remous (MÉ), Quebec",2483095,1272,1231,1240,1228,1234,1249,1190,1261,1212,1208,1173,1168,1191,1169,1158,1161,1163,1161,1135,1137,1171,1175,1178,1195,1221
"Saint-Georges-de-Clarenceville (MÉ), Quebec",2456010,1108,1092,1086,1094,1120,1107,1102,1100,1108,1096,1071,1078,1103,1095,1119,1133,1149,1132,1130,1138,1166,1185,1190,1217,1274
"Mont-Carmel (MÉ), Quebec",2414005,1262,1250,1258,1235,1225,1200,1191,1178,1159,1172,1138,1111,1108,1105,1134,1124,1138,1141,1132,1156,1165,1165,1162,1164,1191
"Saint-Narcisse-de-Beaurivage (PE), Quebec",2433030,1044,1014,989,972,980,984,989,1000,1059,1089,1100,1122,1121,1106,1106,1106,1124,1114,1145,1156,1164,1199,1204,1239,1303
"Saint-Aimé-des-Lacs (MÉ), Quebec",2415030,973,1007,1011,1038,1064,1082,1077,1064,1066,1105,1078,1094,1085,1101,1092,1091,1105,1110,1123,1131,1163,1152,1182,1181,1169
"Communauté de Wemotaci (IRI), Quebec",2490802,1065,1097,1090,1113,1078,1087,1114,1149,1198,1199,1207,1271,1262,1237,1177,1211,1217,1217,1194,1197,1162,1175,1212,1242,1296
"Stanstead (CT), Quebec",2445025,1073,1083,1080,1085,1079,1065,1054,1057,1050,1046,1041,1049,1052,1061,1061,1033,1044,1034,1075,1104,1158,1138,1144,1141,1171
"Disraeli (PE), Quebec",2431020,1020,1038,1041,1054,1063,1062,1091,1100,1117,1135,1163,1151,1133,1133,1134,1120,1137,1132,1152,1164,1156,1168,1160,1168,1169
"Notre-Dame-des-Neiges (MÉ), Quebec",2411045,1299,1271,1267,1222,1195,1197,1202,1190,1173,1145,1129,1115,1102,1094,1087,1070,1089,1082,1087,1112,1153,1168,1167,1172,1146
"Saint-Claude (MÉ), Quebec",2442100,1098,1081,1079,1078,1100,1113,1100,1122,1115,1110,1113,1114,1132,1147,1160,1184,1163,1154,1165,1153,1153,1160,1186,1169,1167
"Stukely-Sud (VL), Quebec",2445105,986,993,1024,998,961,950,961,967,984,999,1009,1014,1007,1040,1055,1065,1083,1081,1088,1143,1153,1176,1216,1231,1242
"Saint-Hilarion (PE), Quebec",2416050,1168,1162,1163,1188,1199,1192,1183,1185,1194,1197,1176,1169,1163,1125,1130,1129,1126,1107,1120,1139,1152,1192,1204,1221,1221
"Saint-Siméon (MÉ), Quebec",2415058,1468,1457,1437,1374,1378,1356,1360,1339,1319,1325,1296,1284,1265,1274,1238,1216,1174,1158,1134,1114,1141,1169,1158,1127,1113
"Saint-Léonard-de-Portneuf (MÉ), Quebec",2434115,1030,1031,1014,1049,1047,1050,1027,990,1036,1034,1032,1060,1093,1102,1092,1117,1117,1126,1116,1103,1140,1152,1173,1180,1214
"Plaisance (MÉ), Quebec",2480045,1128,1114,1101,1093,1084,1074,1079,1091,1099,1096,1124,1108,1083,1085,1109,1100,1100,1095,1099,1102,1134,1163,1220,1191,1191
"Saint-Eugène (MÉ), Quebec",2449105,1117,1145,1148,1153,1145,1164,1137,1132,1153,1147,1154,1106,1127,1138,1146,1137,1144,1141,1127,1121,1133,1154,1178,1161,1180
"Frelighsburg (MÉ), Quebec",2446010,1095,1076,1068,1062,1032,1033,1027,1019,1030,1071,1099,1079,1103,1110,1127,1113,1100,1087,1078,1079,1132,1164,1212,1175,1168
"Blanc-Sablon (MÉ), Quebec",2498005,1214,1222,1258,1281,1270,1272,1229,1175,1180,1145,1118,1111,1111,1095,1100,1113,1099,1085,1091,1100,1126,1122,1107,1080,1090
"Roxton (CT), Quebec",2448015,1055,1059,1039,1032,1025,1019,1033,1051,1064,1056,1087,1097,1074,1078,1086,1080,1066,1067,1085,1104,1125,1155,1159,1154,1180
"Bristol (MÉ), Quebec",2484005,1011,1050,1066,1129,1215,1244,1278,1292,1210,1144,1126,1136,1098,1096,1084,1027,1025,1043,1078,1088,1123,1135,1127,1138,1151
"Saint-Étienne-de-Beauharnois (MÉ), Quebec",2470030,789,763,752,762,764,783,768,760,786,787,821,808,810,833,840,838,901,925,982,1047,1119,1119,1136,1132,1151
"Saint-Félix-d'Otis (MÉ), Quebec",2494225,811,849,844,835,873,844,849,865,920,968,1011,1001,993,982,976,963,989,1009,1037,1074,1117,1146,1172,1206,1203
"Saint-Patrice-de-Beaurivage (MÉ), Quebec",2433025,1121,1121,1089,1067,1078,1044,1065,1110,1070,1089,1086,1067,1071,1024,1023,1043,1049,1080,1085,1083,1117,1094,1094,1107,1091
"Montpellier (MÉ), Quebec",2480090,757,803,852,906,942,971,968,973,951,985,992,1002,1007,1005,997,993,1012,1043,1057,1099,1115,1136,1229,1235,1253
"Bolton-Est (MÉ), Quebec",2445095,710,696,726,762,803,810,846,840,895,903,915,929,919,920,934,943,984,997,1018,1026,1111,1158,1207,1260,1337
"Sainte-Sabine (MÉ), Quebec",2446105,1069,1088,1069,1064,1085,1055,1088,1113,1077,1092,1128,1119,1091,1120,1099,1092,1107,1109,1095,1084,1111,1117,1116,1120,1123
"L'Isle-aux-Coudres (MÉ), Quebec",2416023,1343,1354,1341,1330,1293,1289,1261,1257,1265,1259,1272,1234,1203,1167,1145,1133,1122,1088,1100,1087,1110,1111,1097,1095,1083
"La Macaza (MÉ), Quebec",2479047,1035,1073,1057,1050,969,978,1020,1049,1084,1057,1062,1101,1096,1102,1126,1155,1115,1083,1061,1076,1105,1116,1101,1109,1138
"Westbury (CT), Quebec",2441065,961,962,950,949,948,943,955,965,984,996,1002,1014,1016,1017,1024,1007,1041,1059,1066,1087,1105,1125,1130,1151,1207
"Melbourne (CT), Quebec",2442075,971,1026,1051,1062,1072,1094,1055,1035,1017,1004,981,984,987,1004,1046,1065,1055,1055,1056,1077,1104,1131,1127,1135,1128
"Sainte-Félicité (MÉ), La Matanie, Quebec",2408023,1276,1245,1257,1250,1237,1205,1242,1224,1208,1179,1174,1168,1135,1124,1094,1089,1104,1081,1080,1075,1104,1107,1088,1075,1053
"Saint-Benjamin (MÉ), Quebec",2428025,870,874,869,877,878,869,871,874,872,873,894,905,944,946,967,985,1014,1026,1030,1073,1102,1148,1187,1196,1267
"Sainte-Jeanne-d'Arc (VL), Quebec",2492015,1152,1132,1124,1136,1149,1145,1143,1136,1130,1106,1097,1092,1070,1067,1060,1050,1052,1069,1075,1099,1102,1080,1111,1119,1111
"Saint-Narcisse-de-Rimouski (PE), Quebec",2410015,1028,1034,1037,1029,1072,1091,1091,1050,1046,1037,1026,1009,997,977,955,966,967,985,1006,1050,1093,1114,1141,1170,1190
"Saint-Janvier-de-Joly (MÉ), Quebec",2433065,920,927,908,911,915,898,881,910,939,970,977,983,993,961,964,996,1007,1043,1052,1079,1092,1138,1138,1158,1204
"Notre-Dame-du-Nord (MÉ), Quebec",2485090,1137,1123,1107,1107,1107,1118,1121,1107,1094,1070,1070,1086,1095,1044,1026,1037,1042,1037,1027,1059,1090,1096,1102,1089,1081
"Saint-Louis-de-Blandford (MÉ), Quebec",2439170,873,900,919,927,964,994,981,950,927,925,917,930,975,967,1001,1020,1042,1059,1095,1071,1085,1108,1091,1056,1066
"Saint-Cyprien (MÉ), Quebec",2412005,1246,1226,1226,1261,1243,1264,1236,1202,1189,1197,1166,1125,1120,1107,1087,1068,1070,1056,1069,1063,1081,1090,1061,1093,1090
"Grande-Vallée (MÉ), Quebec",2403020,1327,1302,1266,1257,1243,1226,1201,1172,1122,1127,1133,1133,1120,1098,1078,1051,1057,1078,1053,1062,1079,1079,1076,1069,1087
"Saint-Ludger (MÉ), Quebec",2430072,1211,1197,1199,1196,1215,1200,1234,1229,1191,1242,1252,1191,1159,1097,1086,1069,1045,1062,1047,1059,1079,1074,1073,1094,1091
"Saint-Bonaventure (MÉ), Quebec",2449125,1059,1014,1004,1026,1029,991,984,1002,1023,1018,1027,1011,1001,1014,1031,1035,1040,1043,1022,1035,1074,1042,1068,1074,1086
"Saint-Michel-du-Squatec (MÉ), Quebec",2413065,1354,1290,1254,1265,1266,1259,1232,1217,1186,1188,1165,1218,1197,1150,1115,1108,1081,1075,1069,1060,1074,1051,1033,1056,1053
"Saint-Frédéric (PE), Quebec",2427065,1021,1016,1019,1017,991,971,979,972,987,991,1002,985,989,993,976,969,1005,1022,1050,1072,1073,1121,1157,1185,1172
"Saint-Norbert (PE), Quebec",2452070,1067,1086,1046,1098,1113,1090,1061,1058,1034,1035,1065,1018,1027,1025,1007,1009,1041,1066,1036,1037,1073,1116,1112,1144,1143
"Romaine 2 (IRI), Quebec",2498804,955,957,947,939,961,932,958,984,985,987,1015,982,984,1005,1002,970,969,1001,1022,1048,1071,1101,1096,1102,1081
"Lac-Drolet (MÉ), Quebec",2430080,1181,1174,1164,1123,1140,1142,1115,1109,1079,1071,1070,1057,1039,1018,1024,1018,1003,1015,1031,1056,1067,1089,1071,1077,1066
"Entrelacs (MÉ), Quebec",2462053,813,843,877,901,917,947,924,918,904,913,908,908,922,923,936,931,931,941,945,1004,1061,1075,1052,1081,1124
"Durham-Sud (MÉ), Quebec",2449015,1025,1046,1051,1024,1070,1046,1046,1053,1041,1032,1034,1015,1013,1038,1043,1050,1056,1065,1074,1057,1059,1074,1058,1042,1041
"Lac-Simon (MÉ), Quebec",2480095,699,740,779,813,852,882,895,907,930,978,999,981,990,970,959,957,949,992,1007,1021,1058,1115,1141,1160,1159
"Sainte-Pétronille (VL), Quebec",2420030,1041,1032,1030,1034,1016,1034,1041,1023,1017,1028,1033,1027,1016,1004,1017,1017,997,1054,1053,1063,1054,1031,1049,1025,1015
"Sainte-Agathe-de-Lotbinière (MÉ), Quebec",2433017,1257,1260,1233,1210,1193,1206,1214,1191,1152,1163,1151,1166,1175,1172,1172,1169,1143,1101,1067,1062,1050,1039,1044,1027,1042
"Saint-Maxime-du-Mont-Louis (MÉ), Quebec",2404010,1297,1310,1254,1249,1219,1191,1152,1120,1119,1097,1117,1121,1126,1105,1130,1123,1093,1074,1047,1028,1050,1063,1044,1021,1031
"Kazabazua (MÉ), Quebec",2483015,824,817,866,868,808,841,879,955,931,906,853,847,858,897,923,946,957,977,985,984,1048,1087,1102,1101,1083
"Chute-Saint-Philippe (MÉ), Quebec",2479065,836,856,847,855,882,888,874,880,878,892,896,916,908,929,932,939,915,962,984,1029,1046,1085,1097,1099,1154
"Valcourt (CT), Quebec",2442060,995,997,1000,1005,1018,1031,1055,1071,1108,1108,1051,1059,1050,1038,1034,1043,1036,1037,1032,1035,1044,1061,1056,1050,1081
"Charette (MÉ), Quebec",2451080,957,932,932,936,925,929,920,936,974,989,999,984,990,977,966,958,1004,1000,1020,1013,1040,1059,1110,1138,1178
"Stratford (CT), Quebec",2430110,886,967,990,1029,1050,1086,1053,1037,1059,1063,1059,1023,1019,975,967,944,958,968,979,997,1038,1067,1070,1081,1062
"Saint-Félix-de-Dalquier (MÉ), Quebec",2488060,951,940,928,946,960,943,918,894,877,865,861,866,904,942,932,939,969,959,981,1005,1037,1036,1012,1031,1046
"Saint-Léon-de-Standon (PE), Quebec",2419020,1287,1268,1272,1266,1270,1241,1205,1203,1177,1157,1135,1153,1139,1117,1111,1130,1100,1083,1081,1052,1036,1019,1029,1032,1033
"Saint-Vallier (MÉ), Quebec",2419117,1065,1063,1047,1056,1039,1048,1028,1035,1045,1047,1053,1047,1045,1051,1054,1064,1072,1038,1048,1041,1036,1023,1032,1035,1026
"Notre-Dame-des-Bois (MÉ), Quebec",2430010,773,808,869,889,954,963,963,990,999,947,914,904,882,915,909,938,944,939,948,989,1035,1067,1112,1160,1209
"Sainte-Geneviève-de-Batiscan (PE), Quebec",2437215,1102,1106,1111,1085,1056,1043,1041,1042,1059,1074,1070,1052,1041,1015,1014,1008,1002,1005,1020,1021,1031,1081,1106,1138,1137
"Whapmagoostui (TC), Quebec",2499816,794,790,797,811,807,822,856,840,856,862,873,875,908,950,982,999,1004,998,998,1007,1030,1033,1040,1045,1061
"Sainte-Marthe (MÉ), Quebec",2471110,1139,1065,1038,1067,1090,1084,1098,1086,1093,1107,1104,1105,1107,1091,1115,1135,1072,1050,1034,1026,1029,1028,1036,1039,1065
"Saint-Jean-de-l'Île-d'Orléans (MÉ), Quebec",2420015,870,896,928,932,957,950,942,935,946,924,921,955,992,996,1020,1045,1052,1079,1040,998,1027,1016,1056,988,1006
"Saint-Sylvestre (MÉ), Quebec",2433007,953,965,957,934,951,979,994,1008,1012,1028,1047,1051,1048,1047,1036,1020,1008,1006,1027,1028,1027,1016,1050,1052,1070
"Low (CT), Quebec",2483010,898,908,886,904,938,960,919,925,928,920,933,963,959,978,993,986,1000,1026,1015,1021,1026,1038,1057,1067,1064
"Girardville (MÉ), Quebec",2492055,1306,1270,1234,1192,1164,1189,1178,1143,1117,1114,1099,1085,1061,1018,1014,992,1004,1027,1006,1011,1018,1014,1031,1059,1044
"Brébeuf (PE), Quebec",2478075,821,838,849,872,919,945,989,993,1030,1030,1019,1021,1025,1025,1021,979,1015,1010,1024,1040,1014,1019,1007,994,1012
"Notre-Dame-de-la-Merci (MÉ), Quebec",2462055,827,863,936,989,1055,1049,1057,1031,1031,1012,970,964,971,940,929,911,925,930,938,972,1012,1054,1082,1122,1154
"Saint-Stanislas (MÉ), Francheville, Quebec",2437245,1095,1100,1080,1071,1054,1038,1025,1026,1030,1018,1036,1017,1028,1012,1011,1011,1013,1023,998,982,1002,1005,1013,1043,1040
"Desbiens (V), Quebec",2493005,1148,1154,1110,1086,1073,1079,1082,1068,1054,1061,1060,1060,1054,1047,1021,1029,1024,1031,1001,997,1000,993,1015,1031,1034
"Sainte-Eulalie (MÉ), Quebec",2450005,897,894,898,929,904,896,891,900,891,874,876,897,913,892,885,895,912,937,938,967,1000,1002,1020,1034,1056
"Très-Saint-Rédempteur (MÉ), Quebec",2471125,629,643,661,688,717,743,781,806,827,857,885,900,898,901,941,935,953,983,984,994,1000,1056,1094,1144,1163
"Val-Alain (MÉ), Quebec",2433070,963,949,947,942,943,908,921,936,929,944,968,959,953,954,949,926,949,982,987,978,1000,1013,1041,1069,1084
"Sainte-Angèle-de-Mérici (MÉ), Quebec",2409035,1082,1063,1087,1068,1058,1070,1025,1032,1016,1004,997,1031,978,955,947,952,944,937,944,955,995,1001,1045,1027,1005
"Rivière-Ouelle (MÉ), Quebec",2414065,1195,1199,1198,1223,1209,1161,1098,1102,1077,1074,1056,1048,1022,1009,992,969,976,966,959,947,994,1012,1024,997,1014
"Les Méchins (MÉ), Quebec",2408005,1242,1206,1171,1174,1146,1153,1167,1151,1134,1128,1101,1092,1062,1027,1013,986,965,967,950,967,992,989,987,967,980
"Sainte-Thérèse-de-Gaspé (MÉ), Quebec",2402010,1183,1176,1163,1143,1128,1111,1107,1096,1067,1060,1053,1045,1032,1038,1014,1015,1010,992,971,979,981,985,978,1000,1009
"Saint-Léon-le-Grand (PE), La Matapédia, Quebec",2407030,1165,1156,1117,1096,1086,1069,1057,1041,1019,1001,970,989,996,966,936,940,937,944,942,949,976,981,977,985,983
"Baie-du-Febvre (MÉ), Quebec",2450100,1154,1154,1122,1124,1099,1065,1077,1060,1073,1044,1013,1009,1003,980,982,987,964,953,943,964,967,963,978,1007,1023
"Saint-Barnabé-Sud (MÉ), Quebec",2454105,902,914,881,898,895,872,878,873,886,898,868,875,861,879,867,867,892,906,934,952,967,1021,1023,1055,1053
"Kangiqsualujjuaq (VN), Quebec",2499090,722,739,734,734,753,746,768,797,803,836,884,874,902,906,923,954,969,925,950,957,965,981,1007,1036,1038
"Saint-Justin (MÉ), Quebec",2451045,1102,1089,1073,1037,1056,1056,1050,1034,1059,1061,1061,1015,991,1008,969,970,965,959,983,953,964,964,954,952,969
"Sainte-Justine-de-Newton (MÉ), Quebec",2471115,927,918,938,931,942,933,972,988,960,982,993,936,942,956,955,961,977,988,997,976,961,953,984,997,991
"Saint-Georges-de-Windsor (MÉ), Quebec",2440032,896,913,899,915,911,914,914,896,875,898,914,928,957,953,953,962,980,978,946,944,961,976,1009,1002,1034
"Saint-René-de-Matane (MÉ), Quebec",2408035,1026,1030,1036,1049,1058,1078,1105,1137,1078,1082,1095,1109,1035,1027,993,992,994,974,987,953,959,958,940,983,993
"Batiscan (MÉ), Quebec",2437210,923,921,960,945,972,954,949,942,975,949,951,941,935,953,923,902,889,913,927,918,958,995,1003,1014,1006
"Saint-René (PE), Quebec",2429050,595,595,615,606,612,617,598,609,630,653,673,711,727,732,739,748,756,799,846,884,958,985,993,1000,1035
"Saint-Roch-des-Aulnaies (MÉ), Quebec",2417065,1017,996,1012,994,973,942,966,936,938,939,965,959,958,952,932,911,906,907,927,944,958,959,964,937,942
"Petite-Rivière-Saint-François (MÉ), Quebec",2416005,740,715,726,706,707,706,716,743,756,758,742,755,781,818,814,810,836,858,866,894,957,1062,1179,1169,1150
"Senneville (VL), Quebec",2466127,983,980,967,946,953,965,965,964,941,960,927,932,928,915,915,925,946,948,962,954,955,967,1001,1011,1042
"Laverlochère-Angliers (MÉ), Quebec",2485052,1104,1076,1073,1051,1043,1041,1030,1033,1028,1023,1027,1001,995,971,980,962,942,965,960,953,951,980,979,978,977
"Duhamel-Ouest (MÉ), Quebec",2485030,782,797,799,818,839,869,879,863,844,838,830,821,846,872,879,866,873,876,901,924,948,943,942,939,946
"Dupuy (MÉ), Quebec",2487085,1028,1035,1007,967,954,958,917,1052,1037,990,929,950,963,933,935,934,944,934,919,925,945,956,962,964,956
"Sainte-Germaine-Boulé (MÉ), Quebec",2487030,1020,986,946,942,929,946,919,914,913,856,896,924,946,980,983,983,961,956,937,939,945,957,943,948,954
"Saint-Fabien-de-Panet (PE), Quebec",2418015,1034,1055,1055,1041,1054,1058,1034,1015,1001,1015,993,988,979,953,967,949,956,939,916,888,941,978,1000,993,1024
"Saint-Rosaire (PE), Quebec",2439145,787,795,771,790,790,783,792,809,813,837,846,837,845,848,841,849,860,877,871,898,940,945,979,943,945
"Dosquet (MÉ), Quebec",2433040,905,880,895,901,912,916,898,895,917,884,889,916,927,939,942,955,963,973,954,940,938,951,954,930,931
"Montebello (MÉ), Quebec",2480010,1064,1060,1047,1044,1031,1013,1011,985,982,974,992,987,976,979,979,995,944,960,935,934,938,951,986,976,973
"Lochaber-Partie-Ouest (CT), Quebec",2480060,456,455,453,478,485,507,534,568,597,605,634,668,713,761,797,839,841,847,854,883,937,955,992,1008,1016
"Otter Lake (MÉ), Quebec",2484055,891,899,925,930,970,974,996,1011,1013,1054,1074,1054,992,985,948,929,944,927,926,928,937,981,965,976,978
"Eastmain (TC), Quebec",2499810,624,620,611,635,629,660,686,694,710,759,781,794,826,839,867,874,898,923,938,932,934,951,947,944,969
"Lefebvre (MÉ), Quebec",2449020,822,838,840,812,844,815,829,848,852,859,875,862,870,896,901,910,910,917,924,912,928,943,924,922,918
"Val-des-Bois (MÉ), Quebec",2480140,719,732,743,797,828,851,844,874,879,880,901,922,889,869,841,839,841,837,837,863,928,937,947,973,1001
"Beaulac-Garthby (MÉ), Quebec",2431008,841,848,885,919,937,928,943,936,922,905,887,914,907,904,921,906,912,924,920,925,927,933,946,946,964
"Preissac (MÉ), Quebec",2488090,695,696,705,716,714,732,731,745,763,783,793,807,815,818,831,838,832,865,887,911,927,952,955,967,983
"Sainte-Perpétue (PE), Quebec",2450050,1013,995,1004,978,972,963,951,960,959,981,988,988,970,940,964,959,972,934,947,946,927,936,950,942,965
"Nutashkuan (IRI), Quebec",2498806,773,777,794,804,807,814,799,803,822,832,840,837,823,821,827,830,847,866,873,900,925,915,926,934,947
"Saint-Adelphe (PE), Quebec",2435015,974,981,979,994,999,1011,987,981,964,934,947,947,948,925,929,921,923,917,914,917,925,937,938,923,935
"Inverness (MÉ), Quebec",2432058,864,841,844,828,823,841,813,796,808,808,826,827,861,866,877,897,913,909,896,900,915,947,946,962,971
"Longue-Rive (MÉ), Quebec",2495032,1367,1363,1321,1286,1279,1254,1238,1200,1176,1132,1107,1075,1071,1038,1029,1014,977,933,923,908,915,912,915,902,882
"Saint-Valérien (PE), Quebec",2410060,878,865,856,858,826,842,850,869,884,885,901,904,878,855,832,841,849,851,877,874,910,929,939,955,989
"Deschaillons-sur-Saint-Laurent (MÉ), Quebec",2438070,1077,1064,1075,1047,1035,1015,1007,1006,976,966,962,961,943,937,903,906,897,878,888,889,909,923,923,896,923
"Val-Brillant (MÉ), Quebec",2407080,1011,1013,1008,1002,1020,1003,998,991,993,991,956,970,953,958,944,918,896,882,898,893,907,921,925,942,950
"Landrienne (CT), Quebec",2488035,1089,1062,1022,1004,999,990,975,987,981,997,989,960,975,962,995,963,964,943,927,894,903,910,911,932,910
"L'Ascension (MÉ), Quebec",2479050,794,832,820,831,827,859,876,888,906,875,843,840,820,810,794,791,795,823,832,854,903,930,960,967,981
"Irlande (MÉ), Quebec",2431040,968,905,894,901,917,948,952,960,971,942,967,947,919,914,905,884,881,888,879,908,902,912,904,913,920
"Sainte-Flavie (PE), Quebec",2409085,934,936,920,918,955,945,952,950,944,939,915,910,898,892,887,882,897,909,923,921,902,904,926,941,943
"Taschereau (MÉ), Quebec",2487042,1060,1063,1036,1011,1010,1002,984,971,992,993,990,988,990,964,954,964,939,924,897,883,902,893,894,917,912
"Cayamant (MÉ), Quebec",2483040,727,762,751,784,803,811,822,811,815,843,875,857,834,819,813,818,825,831,828,871,897,928,944,976,982
"Saint-Célestin (VL), Quebec",2450030,747,764,767,776,768,762,775,774,775,779,792,795,805,820,821,830,854,847,859,883,897,922,926,900,914
"Saint-Pierre-de-Broughton (MÉ), Quebec",2431135,864,865,865,886,891,888,883,876,880,889,887,887,884,875,878,898,900,881,871,872,897,906,900,913,932
"Harrington (CT), Quebec",2476065,793,782,792,799,774,775,810,835,837,852,853,850,845,855,833,843,838,849,853,874,895,943,942,953,977
"Lantier (MÉ), Quebec",2478015,670,733,764,780,789,826,803,798,788,788,831,827,823,804,791,840,838,846,866,845,894,907,929,987,973
"Sainte-Hélène-de-Kamouraska (MÉ), Quebec",2414025,959,940,937,922,915,899,910,902,910,904,912,912,926,930,920,914,903,895,883,888,893,883,882,894,889
"Honfleur (MÉ), Quebec",2419070,868,855,833,841,806,800,773,761,759,779,772,785,795,825,847,858,871,869,875,897,890,867,879,868,863
"Saint-Nazaire-d'Acton (PE), Quebec",2448050,915,896,888,860,841,834,845,843,843,844,826,826,842,867,892,884,858,857,843,866,889,882,883,893,909
"Notre-Dame-du-Bon-Conseil (PE), Quebec",2449080,998,964,946,944,914,919,918,914,939,979,993,999,979,974,955,960,941,917,904,889,886,883,901,952,998
"Saint-David (MÉ), Quebec",2453005,897,885,844,845,802,801,830,835,838,830,844,810,809,832,813,820,832,842,851,852,880,893,886,903,875
"Chesterville (MÉ), Quebec",2439030,819,839,847,874,878,900,925,903,880,889,900,903,906,914,920,925,937,929,895,871,878,880,896,896,885
"Saint-Marc-de-Figuery (PE), Quebec",2488040,628,641,645,647,668,698,705,735,760,776,779,793,820,846,864,836,849,822,852,854,876,895,896,909,924
"Sainte-Hedwidge (MÉ), Quebec",2491030,858,837,820,801,804,827,820,837,863,832,829,855,905,904,877,851,887,874,877,884,874,903,917,921,947
"Notre-Dame-du-Sacré-Coeur-d'Issoudun (PE), Quebec",2433085,790,805,787,772,767,802,812,812,832,851,878,858,871,863,871,866,870,879,881,872,873,891,901,891,905
"Saint-Léon-le-Grand (PE), Maskinongé, Quebec",2451035,986,989,977,972,964,974,980,1002,1003,997,995,985,984,963,959,932,925,916,889,871,871,881,867,886,866
"Sainte-Aurélie (MÉ), Quebec",2428015,947,960,970,994,993,999,971,945,916,911,916,917,863,851,851,842,832,822,818,845,864,850,869,886,898
"Huberdeau (MÉ), Quebec",2478065,936,946,916,917,926,927,957,935,917,925,898,894,885,882,862,868,867,862,869,864,863,866,864,864,859
"Sainte-Monique (MÉ), Lac-Saint-Jean-Est, Quebec",2493075,949,935,920,919,920,923,908,893,889,891,872,857,851,859,865,848,872,872,869,879,862,878,859,865,886
"Chénéville (MÉ), Quebec",2480103,755,768,776,774,784,786,779,766,779,799,797,775,789,770,765,769,763,800,814,825,858,908,929,950,948
"Ham-Nord (CT), Quebec",2439010,957,947,925,901,915,893,887,874,864,834,841,867,841,853,874,868,876,869,889,886,858,878,896,945,978
"Howick (MÉ), Quebec",2469025,590,599,601,604,612,606,603,614,621,631,637,662,688,717,743,789,815,815,829,843,858,852,879,880,870
"Lotbinière (MÉ), Quebec",2433115,910,925,946,960,975,931,917,922,912,909,886,859,820,802,808,815,806,801,800,814,857,864,865,858,897
"Bégin (MÉ), Quebec",2494250,944,949,924,890,875,879,882,911,899,886,873,876,866,861,847,821,812,819,824,834,856,870,870,881,882
"Sainte-Cécile-de-Whitton (MÉ), Quebec",2430050,890,921,889,893,914,903,896,902,918,894,894,865,852,839,844,863,837,827,844,833,855,885,889,912,910
"Notre-Dame-de-la-Salette (MÉ), Quebec",2482010,718,757,742,733,750,773,770,785,798,771,761,760,746,729,749,734,766,765,786,817,853,871,861,873,915
"Kangiqsujuaq (VN), Quebec",2499130,548,559,560,572,596,615,628,639,661,668,702,714,740,734,780,763,767,773,801,820,851,865,842,862,871
"Saint-Paul-de-Montminy (MÉ), Quebec",2418030,861,846,844,846,847,839,854,851,852,842,825,800,810,805,809,777,780,804,801,814,851,842,826,804,806
"Sainte-Famille-de-l'Île-d'Orléans (MÉ), Quebec",2420010,887,878,881,868,863,838,852,844,840,855,848,867,864,870,924,921,895,907,870,884,849,830,847,816,821
"Hemmingford (VL), Quebec",2468010,735,726,741,755,754,757,778,794,788,789,808,806,792,774,765,756,757,800,802,818,845,873,896,916,922
"Saint-Pierre-de-la-Rivière-du-Sud (PE), Quebec",2418055,919,939,946,980,979,1019,1008,974,957,939,922,928,923,910,915,908,903,871,872,850,844,839,832,815,846
"Saint-Épiphane (MÉ), Quebec",2412030,898,907,876,898,887,876,869,870,859,847,855,850,854,833,829,828,817,822,823,830,842,848,853,830,831
"Nemaska (TC), Quebec",2499808,578,580,600,609,629,653,645,657,673,683,722,742,746,731,762,770,782,801,814,806,840,834,855,857,852
"Saint-Donat (PE), Quebec",2409030,862,857,863,884,897,897,873,898,897,911,892,886,891,885,863,878,867,844,835,841,839,882,871,901,893
"Stanbridge East (MÉ), Quebec",2446045,924,882,890,872,842,834,859,865,862,865,875,890,875,874,889,865,856,865,846,837,836,852,854,833,853
"Saint-Philippe-de-Néri (PE), Quebec",2414060,968,963,932,919,897,891,889,893,886,893,868,868,870,857,839,826,831,814,813,817,822,817,832,854,836
"Saint-Étienne-de-Bolton (MÉ), Quebec",2445100,472,500,515,519,501,498,507,540,521,533,534,551,578,596,636,676,680,709,746,789,819,855,862,873,885
"Saint-Aimé-du-Lac-des-Îles (MÉ), Quebec",2479022,765,749,758,765,762,774,791,783,773,784,782,804,777,781,786,791,761,758,787,785,818,841,859,849,841
"Notre-Dame-de-Montauban (MÉ), Quebec",2435005,827,833,822,818,837,843,857,835,847,819,793,797,781,785,760,740,743,752,753,790,817,815,825,825,821
"Courcelles (MÉ), Quebec",2430090,1000,1011,999,1006,968,927,942,931,937,940,949,915,904,872,859,821,814,794,786,792,816,834,826,817,789
"Saint-Séverin (PE), Mékinac, Quebec",2435020,937,922,893,881,867,857,872,861,865,842,859,851,858,852,829,840,847,830,825,830,816,807,796,802,785
"Tadoussac (VL), Quebec",2495005,882,884,864,866,849,851,858,819,807,789,810,810,794,783,788,796,795,785,794,805,816,804,792,763,785
"Saint-Edmond-de-Grantham (PE), Quebec",2449100,622,618,615,622,620,635,642,650,664,669,675,695,718,734,745,764,770,783,793,799,814,824,822,821,828
"Manseau (MÉ), Quebec",2438028,917,932,918,953,932,943,935,918,897,886,843,867,857,842,833,820,837,804,801,801,810,829,855,841,853
"La Patrie (MÉ), Quebec",2441027,806,787,785,813,806,805,778,780,764,759,750,747,736,749,761,767,780,792,786,782,808,803,809,823,807
"Oujé-Bougoumou (TC), Quebec",2499818,566,555,592,609,624,616,620,646,686,735,732,742,737,749,754,752,776,785,786,785,807,841,831,850,884
"Saint-Édouard-de-Maskinongé (MÉ), Quebec",2451050,744,756,777,783,799,805,755,760,777,772,778,775,747,740,718,715,717,750,755,766,807,809,807,808,802
"Saint-Henri-de-Taillon (MÉ), Quebec",2493070,790,778,747,768,757,743,747,752,778,768,768,804,816,800,802,822,832,827,814,800,805,811,810,814,828
"Sainte-Gertrude-Manneville (MÉ), Quebec",2488085,799,794,776,789,800,812,790,776,793,795,758,771,764,777,772,789,796,793,783,795,798,785,782,773,779
"Kiamika (MÉ), Quebec",2479025,730,740,762,766,779,779,769,770,790,771,772,779,792,773,754,759,758,775,776,775,796,793,811,835,833
"Notre-Dame-de-Lourdes (PE), Quebec",2432080,728,737,728,732,722,718,722,721,722,720,703,686,691,687,698,690,700,715,723,756,795,827,827,812,815
"Notre-Dame-des-Monts (MÉ), Quebec",2415025,842,834,848,822,804,769,784,780,777,788,815,822,817,796,791,793,778,800,802,800,792,798,805,809,795
"Saint-Sylvère (MÉ), Quebec",2438005,853,838,846,849,859,839,858,881,901,905,868,856,847,830,818,789,778,763,782,768,791,784,774,777,771
"Côte-Nord-du-Golfe-du-Saint-Laurent (MÉ), Quebec",2498015,1181,1110,1072,1071,1045,1029,1023,999,983,978,968,935,896,878,863,846,841,839,817,791,789,793,793,766,753
"Notre-Dame-de-Pontmain (MÉ), Quebec",2479010,632,630,657,684,694,712,701,712,716,723,725,734,757,758,760,781,782,763,784,772,789,800,813,841,884
"La Durantaye (PE), Quebec",2419090,722,738,746,752,727,706,700,708,735,730,727,768,763,760,752,759,789,778,774,784,788,804,821,809,804
"Saint-Charles-de-Bourget (MÉ), Quebec",2494260,717,695,684,662,650,663,656,686,713,702,694,721,729,732,727,742,750,739,738,750,787,791,800,818,861
"La Corne (MÉ), Quebec",2488030,641,647,647,649,673,687,692,665,678,693,707,730,723,740,715,721,751,744,745,751,786,820,824,830,840
"Marston (CT), Quebec",2430035,634,646,656,664,681,688,671,664,648,661,666,674,676,687,691,705,720,727,739,758,783,814,812,805,802
"Lac-Delage (V), Quebec",2422030,454,473,488,509,514,533,516,508,484,570,604,646,656,647,632,637,631,674,733,752,780,786,796,786,810
"Saint-Mathieu-d'Harricana (MÉ), Quebec",2488050,713,733,722,702,706,721,726,696,700,701,702,708,708,726,741,743,775,746,750,749,779,794,818,836,832
"Normétal (MÉ), Quebec",2487115,1018,977,956,941,916,886,883,882,873,853,854,852,832,840,819,806,794,799,786,785,778,767,771,791,788
"Sainte-Christine (PE), Quebec",2448020,767,772,769,764,780,775,740,738,700,686,671,695,698,711,714,726,705,725,728,757,778,801,822,823,823
"Hatley (MÉ), Quebec",2445043,725,738,757,772,787,781,781,811,785,767,768,748,743,726,706,685,696,703,728,754,774,840,840,857,869
"Saint-Samuel (MÉ), Quebec",2439130,704,711,701,690,679,680,702,737,746,762,750,779,787,758,759,752,749,753,751,742,772,768,779,778,780
"Cascapédia--Saint-Jules (MÉ), Quebec",2405077,690,697,729,732,750,715,740,745,788,758,747,752,738,731,728,725,715,722,743,746,768,768,773,769,766
"Notre-Dame-Auxiliatrice-de-Buckland (PE), Quebec",2419010,811,816,827,829,825,817,823,794,809,807,791,782,786,771,762,768,785,782,775,778,768,784,788,801,827
"Saint-Honoré-de-Témiscouata (MÉ), Quebec",2413090,817,812,823,801,783,811,800,809,789,788,777,764,755,733,722,740,758,740,739,749,768,776,773,810,809
"Saint-Télesphore (MÉ), Quebec",2471015,807,775,736,757,799,772,785,786,757,782,776,765,753,764,773,789,789,782,779,761,766,752,777,815,825
"Ogden (MÉ), Quebec",2445020,775,784,796,806,781,765,765,781,775,768,771,781,785,767,767,745,764,769,740,740,765,791,808,799,788
"Aumond (CT), Quebec",2483090,674,668,675,681,759,773,770,738,738,730,728,744,742,765,757,755,712,729,741,728,764,785,790,775,760
"Val-des-Lacs (MÉ), Quebec",2478100,701,709,737,724,765,779,753,731,752,731,724,753,739,740,720,754,737,726,713,736,761,732,745,767,801
"Havelock (CT), Quebec",2469005,807,800,795,784,796,759,749,730,741,731,761,757,749,756,746,741,742,730,723,765,756,733,724,733,742
"Saint-Louis (MÉ), Quebec",2454120,773,767,744,738,727,734,736,736,758,778,782,767,764,754,735,719,722,728,717,726,749,744,733,751,748
"Sainte-Rose-de-Watford (MÉ), Quebec",2428030,782,775,768,757,744,754,758,747,760,777,786,762,757,744,736,729,733,737,736,761,747,775,755,742,730
"Saint-Nérée-de-Bellechasse (MÉ), Quebec",2419045,823,825,833,823,820,793,785,784,776,772,747,747,736,737,719,744,742,739,727,730,744,757,747,767,788
"Saint-Cyrille-de-Lessard (PE), Quebec",2417045,805,782,787,802,777,779,784,779,791,785,754,738,752,713,710,715,706,710,735,733,740,764,761,763,752
"Dixville (MÉ), Quebec",2444023,755,746,734,722,705,690,680,693,701,715,712,709,704,687,702,695,697,694,715,710,739,772,809,811,788
"Sainte-Brigitte-des-Saults (PE), Quebec",2449085,746,771,769,773,772,761,772,785,779,800,751,781,755,757,743,735,731,740,746,751,739,767,793,819,825
"Saint-Camille-de-Lellis (PE), Quebec",2428070,918,927,919,932,926,902,884,874,872,869,837,835,808,796,779,753,752,748,724,720,738,753,740,734,744
"Bolton-Ouest (MÉ), Quebec",2446065,692,711,713,709,709,718,684,694,710,692,676,675,667,658,626,630,631,631,664,710,737,725,741,768,757
"Duparquet (V), Quebec",2487005,684,694,649,616,615,642,631,625,651,696,663,658,652,657,673,668,675,691,693,720,726,740,742,732,726
"Kuujjuarapik (VN), Quebec",2499075,566,561,565,573,569,577,612,611,634,650,670,655,664,678,685,680,687,687,692,702,723,720,725,730,744
"Saint-Romain (MÉ), Quebec",2430100,681,694,678,688,673,633,650,654,692,703,700,704,711,714,705,690,704,692,704,700,715,699,694,709,716
"Mayo (MÉ), Quebec",2480065,440,442,452,496,530,537,584,637,673,605,554,586,583,578,592,593,620,636,668,665,714,696,701,713,732
"Saint-Alphonse (MÉ), Quebec",2405065,767,773,765,765,745,731,723,729,705,706,689,698,692,682,686,703,689,681,695,688,714,721,725,730,740
"Audet (MÉ), Quebec",2430055,740,748,716,691,673,666,668,676,696,716,728,730,764,744,746,734,734,725,718,721,713,713,721,706,706
"Saint-Jacques-de-Leeds (MÉ), Quebec",2431140,785,744,734,740,730,711,702,725,727,702,716,689,683,691,700,686,687,691,678,689,713,706,735,745,731
"Campbell's Bay (MÉ), Quebec",2484030,774,758,757,749,742,746,746,730,748,769,774,761,744,736,738,742,723,716,713,701,712,723,712,704,729
"Saint-Zéphirin-de-Courval (PE), Quebec",2450090,842,831,820,836,836,829,817,792,776,762,737,713,706,701,696,698,691,689,688,691,711,714,725,714,748
"Béarn (MÉ), Quebec",2485020,955,929,899,885,893,884,860,841,817,806,787,775,774,755,721,711,713,706,717,716,710,724,758,760,730
"Saint-Magloire (MÉ), Quebec",2428075,713,699,699,734,745,742,733,727,751,733,723,706,697,696,680,673,666,653,674,668,710,745,737,726,723
"Sainte-Sophie-de-Lévrard (PE), Quebec",2438040,818,816,809,808,801,783,778,770,779,760,743,757,742,761,749,727,722,703,687,685,707,723,737,764,752
"Saint-Thomas-Didyme (MÉ), Quebec",2492045,807,782,763,754,740,710,709,697,681,681,679,684,676,679,666,671,671,685,683,688,704,709,744,763,795
"Saint-Théophile (MÉ), Quebec",2429005,814,787,769,782,798,781,757,754,746,755,748,727,728,743,726,715,732,734,714,716,702,699,701,718,717
"Bouchette (MÉ), Quebec",2483050,734,698,716,717,715,721,692,737,745,762,791,793,760,755,745,727,696,697,669,690,700,734,757,755,772
"Saint-Sébastien (MÉ), Le Haut-Richelieu, Quebec",2456050,791,779,776,742,715,689,675,700,722,736,745,744,732,724,728,732,727,726,712,722,699,711,728,729,706
"Blue Sea (MÉ), Quebec",2483045,596,607,598,605,637,610,645,655,668,667,675,670,662,645,624,636,608,630,660,685,698,703,708,714,716
"Notre-Dame-de-Stanbridge (MÉ), Quebec",2446100,725,742,757,756,730,723,736,702,687,672,664,688,661,665,664,669,674,677,683,696,695,696,675,703,707
"Saint-Mathieu-de-Rioux (MÉ), Quebec",2411050,609,630,625,633,649,667,675,667,683,681,673,652,634,632,629,635,639,656,657,673,695,718,718,721,747
"Newport (MÉ), Quebec",2441037,767,765,764,770,771,788,805,813,793,754,725,730,728,735,736,731,721,711,714,705,694,705,701,702,702
"Saint-Herménégilde (MÉ), Quebec",2444015,607,652,677,670,686,719,726,705,714,713,703,705,689,689,670,670,687,722,696,726,694,715,719,739,752
"Bonne-Espérance (MÉ), Quebec",2498010,862,851,837,838,832,826,808,780,753,745,729,718,710,690,676,676,671,670,669,670,693,684,677,675,664
"Saint-Didace (PE), Quebec",2452090,598,619,600,610,605,604,619,597,598,599,593,599,611,630,638,653,655,670,675,676,691,712,741,757,747
"La Visitation-de-l'Île-Dupas (MÉ), Quebec",2452050,584,584,597,604,611,611,614,614,623,620,621,618,628,622,626,629,632,636,643,661,686,706,706,709,716
"Saint-Ignace-de-Stanbridge (MÉ), Quebec",2446095,691,721,716,684,657,634,630,628,646,664,642,651,631,657,667,679,627,634,649,659,683,683,708,710,705
"Saint-François-d'Assise (MÉ), Quebec",2406055,817,798,766,764,758,742,740,730,744,736,723,699,681,651,654,639,641,645,632,641,681,683,665,670,653
"Saint-Sébastien (MÉ), Le Granit, Quebec",2430085,817,818,822,791,782,751,734,742,708,693,703,692,661,662,646,659,647,658,647,663,681,683,694,719,704
"Saint-Philémon (PE), Quebec",2419005,867,869,870,842,814,792,792,774,729,756,747,757,735,742,721,718,698,695,700,693,680,702,701,702,715
"Lac-Sainte-Marie (MÉ), Quebec",2483020,514,541,591,621,645,646,630,609,616,615,610,599,573,589,570,564,581,603,625,634,678,686,719,730,747
"Notre-Dame-de-la-Paix (MÉ), Quebec",2480020,707,721,720,749,748,724,756,753,760,778,731,735,699,693,665,651,644,657,659,689,678,699,724,718,721
"Sainte-Louise (PE), Quebec",2417060,750,750,746,705,715,708,694,706,707,697,704,692,668,654,660,668,675,669,664,660,678,703,702,694,711
"Saint-Isidore-de-Clifton (MÉ), Quebec",2441012,799,788,804,786,778,783,780,780,762,734,717,736,716,701,700,688,686,667,653,657,678,693,708,725,738
"Saint-Édouard-de-Fabre (PE), Quebec",2485015,688,701,723,729,692,703,665,655,654,663,650,649,642,631,624,619,618,628,631,661,676,703,682,671,673
"Saint-Irénée (PE), Quebec",2415005,683,693,736,745,746,722,691,690,690,674,672,641,654,638,642,636,657,660,650,653,676,699,693,696,689
"Bowman (MÉ), Quebec",2480145,557,567,575,617,642,658,645,660,655,648,656,678,660,652,637,642,637,627,622,635,675,682,689,707,727
"North Hatley (VL), Quebec",2445050,751,723,746,744,727,718,696,678,679,665,658,653,648,653,649,632,644,654,648,667,668,658,696,791,775
"Poularies (MÉ), Quebec",2487035,763,735,721,742,729,697,712,706,680,676,678,695,692,676,670,684,675,694,682,677,667,671,661,677,683
"Saint-Augustin-de-Woburn (PE), Quebec",2430005,730,730,717,715,715,704,705,681,690,691,700,690,686,687,694,693,681,702,674,662,667,655,669,676,677
"Matimekosh (IRI), Quebec",2497808,459,468,500,519,536,533,538,552,549,532,542,583,595,611,616,612,630,621,645,657,664,657,688,691,697
"Bedford (CT), Quebec",2446040,824,800,776,775,756,739,733,729,715,706,701,692,702,681,683,689,684,677,663,661,663,677,680,697,722
"Saint-Gabriel-Lalemant (MÉ), Quebec",2414075,873,843,844,834,839,790,779,802,808,796,798,787,772,783,743,715,709,701,676,670,661,643,651,668,660
"Bonsecours (MÉ), Quebec",2442040,546,569,544,533,541,550,555,559,586,596,579,590,596,582,602,610,612,621,624,636,660,691,668,650,661
"Fortierville (MÉ), Quebec",2438047,743,735,710,706,695,709,719,725,716,730,710,712,702,684,680,665,645,669,673,664,660,653,659,665,664
"Saint-André-de-Kamouraska (MÉ), Quebec",2414040,644,636,635,634,635,619,618,624,631,651,656,679,685,675,672,656,661,666,666,673,657,650,661,665,662
"Montcerf-Lytton (MÉ), Quebec",2483088,741,734,746,736,754,740,736,748,709,713,690,693,701,686,663,632,628,634,629,634,653,675,656,665,688
"Kawawachikamach (TK), Quebec",2497806,550,575,577,586,586,573,596,558,556,569,593,604,616,614,618,595,604,639,647,657,650,641,650,648,634
"L'Île-du-Grand-Calumet (MÉ), Quebec",2484035,747,737,726,773,771,783,783,762,765,739,719,692,669,631,640,626,636,638,632,636,649,670,661,682,683
"Bryson (MÉ), Quebec",2484025,683,688,683,667,644,620,614,617,619,640,643,652,646,658,668,693,662,673,663,650,648,656,648,657,647
"Murdochville (V), Quebec",2403025,1182,984,825,814,800,811,824,817,815,789,764,760,741,692,664,648,651,649,614,624,646,634,619,617,618
"Saint-François-de-Sales (MÉ), Quebec",2491015,748,759,748,718,709,731,731,721,702,679,653,648,635,635,623,617,622,643,634,629,644,627,630,611,611
"Akulivik (VN), Quebec",2499125,480,478,494,495,499,515,513,564,568,598,619,644,656,661,662,638,646,652,649,639,643,644,635,632,622
"Gesgapegiag (IRI), Quebec",2406802,498,523,523,534,549,559,584,615,646,677,708,704,694,679,667,653,648,647,634,647,642,665,670,665,697
"Stanstead-Est (MÉ), Quebec",2444050,665,667,652,638,632,629,668,647,624,619,606,598,595,597,591,586,600,608,613,629,642,648,659,661,660
"Saint-Just-de-Bretenières (MÉ), Quebec",2418005,842,820,824,811,800,794,758,741,718,711,708,706,689,684,680,666,661,646,639,633,641,637,647,642,638
"Ferland-et-Boilleau (MÉ), Quebec",2494220,640,630,631,631,638,628,606,598,590,598,586,579,565,550,540,543,558,551,572,598,640,684,701,722,725
"Saint-Ludger-de-Milot (MÉ), Quebec",2493080,781,762,772,751,745,732,733,711,704,679,681,665,658,642,647,651,659,638,626,618,640,653,636,645,655
"Wentworth (CT), Quebec",2476035,440,462,469,469,475,482,475,485,482,499,504,502,507,516,530,533,565,569,580,589,638,636,650,666,687
"Namur (MÉ), Quebec",2480110,545,547,553,542,570,542,540,555,570,585,612,599,600,583,580,580,592,586,592,614,636,638,636,646,645
"Colombier (MÉ), Quebec",2495050,900,879,859,854,842,815,803,770,741,751,743,719,687,680,684,679,653,635,644,629,633,642,617,614,615
"Montcalm (MÉ), Quebec",2478055,545,560,579,601,626,650,649,666,644,629,616,610,624,623,627,620,617,626,618,611,633,636,650,654,671
"Sainte-Angèle-de-Prémont (MÉ), Quebec",2451055,641,638,650,648,655,665,650,652,655,655,649,633,648,631,614,596,610,620,615,618,633,622,631,617,624
"Sainte-Anne-de-la-Rochelle (MÉ), Quebec",2442050,648,623,650,684,678,645,668,640,638,635,612,606,608,606,606,598,601,619,645,631,630,625,615,607,600
"Rivière-à-Pierre (MÉ), Quebec",2434135,703,697,691,714,697,694,694,672,694,694,674,648,643,617,615,584,583,572,577,591,626,617,621,618,619
"Saint-Bernard-de-Michaudville (MÉ), Quebec",2454115,602,561,562,544,516,491,490,506,510,530,526,521,545,564,564,591,578,608,609,608,625,630,647,642,649
"Sainte-Christine-d'Auvergne (MÉ), Quebec",2434105,339,344,357,379,380,403,410,420,450,462,452,470,489,518,530,553,587,591,583,577,623,660,688,694,716
"Lawrenceville (VL), Quebec",2442045,640,640,636,640,663,648,638,651,635,669,660,661,644,649,649,633,630,623,627,638,622,619,611,608,636
"Les Bergeronnes (MÉ), Quebec",2495018,699,693,676,683,660,657,669,671,688,683,695,699,685,668,663,656,655,630,615,610,619,618,618,617,617
"East Farnham (MÉ), Quebec",2446085,534,519,503,500,480,487,501,505,503,514,554,550,546,547,545,558,572,557,588,583,616,642,676,700,693
"Baie-des-Sables (MÉ), Quebec",2408080,663,656,650,658,631,615,618,618,628,628,607,601,606,625,631,623,596,613,618,605,613,617,621,614,611
"Portneuf-sur-Mer (MÉ), Quebec",2495040,932,894,857,848,871,828,798,788,760,765,755,735,709,694,667,636,615,623,617,614,610,583,579,595,582
"Kamouraska (MÉ), Quebec",2414050,711,706,711,701,709,701,662,657,643,621,585,605,598,596,597,615,604,600,604,616,608,628,621,610,615
"Cloridorme (CT), Quebec",2403010,924,892,846,813,775,761,747,737,733,739,740,738,709,691,680,666,648,641,610,607,605,632,622,624,611
"Saint-Célestin (MÉ), Quebec",2450035,659,664,658,656,641,627,629,620,612,608,609,599,594,593,582,576,588,580,583,596,601,613,612,601,609
"Sainte-Sophie-d'Halifax (MÉ), Quebec",2432023,640,642,628,645,653,642,636,623,661,668,666,659,662,655,654,609,611,621,584,592,597,596,602,601,608
"Petit-Saguenay (MÉ), Quebec",2494205,889,874,850,822,827,822,808,817,793,769,757,724,698,673,664,648,637,630,612,599,595,639,624,624,630
"Pointe-Fortune (VL), Quebec",2471140,478,477,489,485,498,511,521,519,534,557,552,559,548,556,581,599,588,583,588,577,594,596,603,604,640
"Métis-sur-Mer (V), Quebec",2409048,617,629,607,623,620,601,610,598,591,598,605,594,580,549,558,571,552,561,563,580,593,611,592,583,585
"Sainte-Thérèse-de-la-Gatineau (MÉ), Quebec",2483055,394,383,362,366,345,340,393,442,509,515,526,522,534,531,522,525,561,582,573,571,591,586,578,564,544
"Saint-Joseph-de-Lepage (PE), Quebec",2409070,592,573,558,560,562,544,542,518,525,519,525,504,522,520,521,525,529,554,559,579,591,581,582,576,580
"Saint-Eusèbe (PE), Quebec",2413030,649,633,620,642,622,622,621,638,616,615,618,603,609,606,595,595,590,576,579,584,590,602,590,582,580
"Hope (CT), Quebec",2405025,725,715,698,703,725,712,696,685,628,622,620,612,595,585,587,564,610,624,604,589,586,597,603,606,613
"Mont-Saint-Michel (MÉ), Quebec",2479110,630,643,625,633,652,627,656,616,617,651,637,602,599,582,573,573,593,599,574,579,585,590,588,594,597
"Arundel (CT), Quebec",2478060,566,564,569,565,595,599,614,595,593,602,606,575,564,545,550,563,560,559,558,591,581,589,601,589,598
"Escuminac (MÉ), Quebec",2406025,614,620,622,630,630,645,605,591,600,598,603,581,589,567,556,542,566,553,563,557,581,612,632,620,612
"Packington (PE), Quebec",2413015,591,600,620,642,639,658,649,637,619,621,595,610,614,623,612,600,615,587,569,570,580,564,588,600,611
"Saint-Simon-les-Mines (MÉ), Quebec",2429125,450,455,463,466,468,477,490,506,500,494,500,509,508,529,547,558,567,568,581,587,577,588,612,639,633
"Tourville (MÉ), Quebec",2417035,727,710,725,730,748,730,723,714,679,660,635,616,621,596,587,586,572,569,572,584,577,560,571,572,566
"Sainte-Clotilde-de-Beauce (MÉ), Quebec",2431060,590,583,564,564,600,606,622,621,648,662,648,634,605,587,567,553,547,551,561,567,572,596,588,579,578
"Matapédia (MÉ), Quebec",2406045,715,736,726,740,714,694,686,683,685,684,682,680,668,672,670,643,632,608,578,560,565,569,564,580,580
"Kangirsuk (VN), Quebec",2499110,446,467,463,479,478,474,490,537,536,543,551,556,562,577,566,575,576,570,568,567,564,566,572,599,595
"Saint-Damase-de-L'Islet (MÉ), Quebec",2417040,635,617,605,604,606,594,589,578,588,597,590,590,585,558,554,549,546,553,548,540,564,580,569,568,564
"La Bostonnais (MÉ), Quebec",2490017,540,539,580,598,595,616,589,547,527,458,508,507,582,591,621,634,621,585,559,543,561,570,590,601,613
"Saint-Pierre-Baptiste (PE), Quebec",2432050,502,493,471,446,425,426,433,445,455,469,486,499,507,535,518,527,522,520,530,540,561,592,585,607,623
"Mingan (IRI), Quebec",2498808,397,397,401,411,408,412,410,418,430,458,456,486,506,517,533,543,553,554,547,541,556,560,567,568,572
"Sainte-Anne-du-Lac (MÉ), Quebec",2479115,580,594,596,604,610,613,606,602,600,604,619,603,580,576,579,572,560,540,552,558,556,565,562,556,572
"Saint-Camille (CT), Quebec",2440025,448,458,456,452,450,449,470,472,496,496,515,528,521,518,517,525,526,545,548,557,554,567,572,580,564
"Denholm (MÉ), Quebec",2483005,536,522,525,565,567,592,585,591,582,569,553,564,552,539,507,489,501,510,501,522,553,552,551,570,594
"Massueville (VL), Quebec",2453010,565,557,537,530,520,522,516,509,517,523,519,520,529,533,532,531,533,536,528,535,553,555,548,559,557
"Sainte-Edwidge-de-Clifton (CT), Quebec",2444055,539,538,523,506,474,444,449,457,477,471,488,481,488,521,509,506,506,524,542,531,549,538,550,550,537
"Saint-Jules (PE), Quebec",2427055,543,542,544,535,535,539,541,538,537,577,581,576,549,535,532,536,533,531,557,551,548,540,546,544,552
"Barnston-Ouest (MÉ), Quebec",2444045,608,603,598,592,579,588,610,601,596,592,592,581,573,564,563,557,552,550,543,544,547,542,551,544,547
"Umiujaq (VN), Quebec",2499080,357,390,401,391,408,406,416,452,434,451,450,449,460,446,445,449,460,485,510,525,547,570,575,580,576
"Saint-Juste-du-Lac (MÉ), Quebec",2413040,669,673,666,649,649,653,624,592,591,589,587,595,573,585,573,562,544,554,553,548,545,552,556,554,545
"Timiskaming (IRI), Quebec",2485806,544,535,525,523,507,510,522,526,530,530,540,549,554,529,522,528,529,524,517,532,545,548,549,538,532
"Pikogan (IRI), Quebec",2488802,455,466,469,479,486,492,526,511,521,523,541,558,551,562,556,534,531,534,533,537,544,542,551,562,570
"Lac-Sergent (V), Quebec",2434120,247,290,321,335,379,424,407,403,403,431,470,473,486,483,476,503,514,518,511,534,543,567,594,616,629
"Saint-Moïse (PE), Quebec",2407095,642,625,643,642,638,625,622,604,591,589,577,574,569,557,573,578,558,537,557,538,543,560,551,537,527
"Sacré-Coeur-de-Jésus (PE), Quebec",2431130,573,570,576,580,598,602,591,589,582,576,564,547,523,526,517,521,517,531,535,540,542,549,555,574,575
"Stornoway (MÉ), Quebec",2430105,614,602,590,578,583,584,576,570,577,556,563,565,563,554,532,530,530,531,530,536,542,539,545,554,546
"Berry (MÉ), Quebec",2488070,515,518,535,529,541,566,589,562,579,593,628,612,612,590,566,537,554,553,558,555,536,544,538,534,551
"Saint-François-de-l'Île-d'Orléans (MÉ), Quebec",2420005,497,508,544,537,557,568,554,536,523,536,523,500,501,502,513,519,519,542,535,551,536,542,549,537,540
"Saint-Robert-Bellarmin (MÉ), Quebec",2430070,701,709,702,692,665,650,660,674,685,693,677,652,637,617,584,575,583,560,559,547,531,522,521,529,523
"Thorne (MÉ), Quebec",2484045,412,419,412,418,427,423,406,407,415,402,395,409,410,406,433,445,473,472,482,482,530,530,541,556,559
"Lac-Saguay (VL), Quebec",2479060,398,415,421,444,477,489,504,490,473,444,445,465,460,459,464,456,462,459,475,514,528,525,546,570,600
"Saint-Adrien (MÉ), Quebec",2440010,538,526,513,508,486,488,483,481,497,485,491,508,528,530,529,520,512,517,502,518,526,537,565,559,572
"Lac-Saint-Paul (MÉ), Quebec",2479105,438,449,486,501,508,520,530,508,487,495,488,479,470,468,466,482,472,484,481,492,525,575,553,561,568
"Saint-Luc-de-Vincennes (MÉ), Quebec",2437225,616,602,589,579,570,551,555,567,535,555,592,601,590,573,572,542,528,535,535,547,525,548,545,577,578
"Sainte-Monique (MÉ), Nicolet-Yamaska, Quebec",2450057,600,585,571,561,535,538,536,532,529,537,551,568,562,578,525,500,496,513,518,519,522,523,533,519,525
"Saint-Onésime-d'Ixworth (MÉ), Quebec",2414080,633,629,634,601,591,579,562,552,566,568,561,557,561,555,554,560,565,544,541,509,522,518,534,523,520
"Saint-Alexis-de-Matapédia (MÉ), Quebec",2406050,671,650,664,656,627,623,608,592,579,550,549,527,528,502,493,498,494,498,497,493,521,507,507,514,508
"Saint-Alfred (MÉ), Quebec",2427015,437,428,437,450,446,461,474,479,469,482,484,494,488,474,482,491,501,494,505,511,521,529,539,543,558
"Egan-Sud (MÉ), Quebec",2483075,538,525,514,509,521,512,517,525,540,540,548,529,534,515,516,507,502,516,514,515,520,520,529,538,534
"Saint-Denis-De La Bouteillerie (MÉ), Quebec",2414055,481,489,493,492,505,524,532,522,533,509,505,508,522,532,516,514,522,520,512,524,519,533,514,516,499
"Calixa-Lavallée (MÉ), Quebec",2459030,517,505,516,537,548,538,548,539,526,510,512,492,518,513,531,536,528,501,513,506,516,527,507,531,528
"Saint-Malo (MÉ), Quebec",2444003,543,533,512,528,534,521,519,526,521,497,483,484,466,459,463,476,476,483,496,505,516,523,530,523,541
"Saint-Bruno-de-Kamouraska (MÉ), Quebec",2414010,560,557,550,547,536,534,532,506,535,550,535,528,516,532,540,542,539,528,521,504,515,525,522,512,511
"Saint-Émile-de-Suffolk (MÉ), Quebec",2480125,540,588,590,576,567,548,539,558,572,576,569,541,520,505,495,483,469,467,476,494,515,533,550,544,537
"Saint-Évariste-de-Forsyth (MÉ), Quebec",2429025,617,607,622,629,644,649,607,577,551,529,531,547,546,547,570,583,556,537,526,504,512,518,505,501,499
"Saint-Marcel-de-Richelieu (MÉ), Quebec",2454125,638,620,592,611,589,583,556,540,545,547,547,543,523,524,502,497,502,499,507,512,511,511,505,503,496
"Sainte-Apolline-de-Patton (PE), Quebec",2418025,649,662,669,672,681,679,664,633,625,620,621,596,591,567,566,541,524,497,507,504,510,512,532,532,544
"Pike River (MÉ), Quebec",2446025,610,585,578,587,567,543,530,554,534,531,530,537,513,500,515,517,502,498,491,490,508,504,472,488,500
"Parisville (PE), Quebec",2438055,539,538,539,509,504,495,504,518,514,524,534,542,544,521,520,528,517,523,507,487,505,512,499,513,510
"Litchfield (MÉ), Quebec",2484040,514,508,505,497,487,481,470,455,454,458,452,451,444,446,451,461,460,469,478,483,502,510,502,496,511
"Grandes-Piles (VL), Quebec",2435040,378,374,373,361,357,351,349,368,364,373,361,386,381,389,402,416,429,451,463,472,497,528,578,599,626
"Lac-des-Aigles (MÉ), Quebec",2413060,666,636,637,616,633,608,610,604,583,564,551,547,547,528,523,508,493,506,509,503,496,500,506,508,526
"Saint-Octave-de-Métis (PE), Quebec",2409055,524,514,512,505,507,491,501,518,513,515,520,509,515,523,526,512,501,498,510,507,495,518,502,510,507
"Saint-Sixte (MÉ), Quebec",2480070,451,454,457,464,464,472,465,463,465,466,467,454,466,472,475,473,472,474,476,489,495,513,544,550,549
"Grand-Saint-Esprit (MÉ), Quebec",2450065,500,505,496,483,470,468,483,465,485,480,474,470,479,483,489,476,466,461,475,483,493,479,482,484,476
"Péribonka (MÉ), Quebec",2492010,547,583,621,587,549,542,540,525,507,502,499,499,508,516,520,513,492,475,473,479,491,518,534,541,583
"Gallichan (MÉ), Quebec",2487020,483,483,464,461,449,459,459,436,456,483,486,495,478,487,472,466,479,483,488,486,490,472,490,498,501
"Leclercville (MÉ), Quebec",2433123,596,601,570,550,546,525,516,506,484,484,478,496,485,489,481,475,470,485,484,484,490,485,504,513,508
"Villeroy (MÉ), Quebec",2432085,529,519,506,515,496,496,487,477,476,473,486,471,463,452,450,457,454,469,465,464,490,490,517,513,511
"Duhamel (MÉ), Quebec",2480135,372,364,382,339,356,383,353,373,408,423,416,426,410,420,434,428,429,428,434,466,488,525,556,567,567
"Saint-Eugène-d'Argentenay (MÉ), Quebec",2492065,619,620,603,596,580,576,576,578,558,547,545,526,526,502,498,482,476,470,464,475,488,490,494,482,495
"Clermont (CT), Quebec",2487110,563,569,569,562,569,536,535,506,487,487,480,503,495,476,479,496,497,490,512,497,487,485,486,477,466
"Les Hauteurs (MÉ), Quebec",2409015,599,598,583,587,596,577,571,553,532,526,523,512,521,514,506,503,493,485,479,469,486,465,479,483,482
"La Motte (MÉ), Quebec",2488045,412,381,382,385,386,398,385,470,473,456,462,467,471,471,457,454,461,451,446,451,483,496,504,510,524
"Odanak (IRI), Quebec",2450802,434,486,494,482,467,471,452,451,462,467,457,466,467,455,439,448,458,461,464,475,483,479,488,501,513
"Saint-Adelme (PE), Quebec",2408030,538,530,527,531,515,498,502,494,482,488,486,476,500,499,507,518,503,503,482,472,483,478,489,489,490
"Saint-Prosper-de-Champlain (MÉ), Quebec",2437250,541,534,536,549,541,541,530,512,504,496,510,527,528,532,529,532,531,533,515,486,483,470,475,470,481
"Saint-Clément (MÉ), Quebec",2411005,538,519,526,528,515,521,498,487,495,497,499,487,479,480,466,454,463,466,475,478,480,479,497,485,503
"Lamarche (MÉ), Quebec",2493060,538,530,548,534,541,564,566,544,554,555,562,563,549,533,524,513,484,477,456,447,475,493,491,514,523
"Grosse-Île (MÉ), Quebec",2401042,552,541,537,533,529,531,529,518,493,495,492,479,480,460,456,464,466,462,467,468,474,475,486,454,456
"Lac-des-Plages (MÉ), Quebec",2480130,371,403,431,442,458,468,473,485,510,524,525,483,488,469,458,429,444,444,437,446,474,509,533,549,546
"Saint-Cyprien (PE), Quebec",2428040,613,627,622,625,648,630,650,641,606,572,550,551,538,517,502,487,480,480,471,477,472,478,463,464,458
"Sainte-Françoise (MÉ), Quebec",2438035,510,495,489,486,493,475,474,464,489,492,485,482,485,459,450,451,461,447,451,442,470,466,473,481,457
"Saint-Elzéar (MÉ), Bonaventure, Quebec",2405050,516,509,497,491,507,508,504,493,487,494,468,478,477,463,465,455,452,436,435,446,469,477,472,459,484
"Mulgrave-et-Derry (MÉ), Quebec",2480085,237,261,275,321,343,381,378,370,368,370,357,361,361,350,350,358,370,389,400,435,468,468,489,491,506
"Saint-Adalbert (MÉ), Quebec",2417015,699,663,669,647,623,596,584,578,559,544,537,525,525,523,524,509,487,477,458,456,463,461,483,482,480
"Scotstown (V), Quebec",2441080,650,634,639,594,599,590,577,583,578,572,543,506,489,500,481,469,432,442,450,467,462,482,472,477,474
"Saint-Eugène-de-Guigues (MÉ), Quebec",2485085,447,470,463,464,470,477,477,467,467,495,459,460,466,473,450,457,484,466,448,455,460,465,455,461,449
"Quaqtaq (VN), Quebec",2499115,311,302,292,310,332,330,346,332,349,365,377,388,378,390,397,413,411,424,436,442,458,462,471,474,474
"Lingwick (CT), Quebec",2441085,426,441,447,468,470,475,453,430,424,410,405,419,421,430,413,426,447,452,444,441,457,444,442,476,478
"Maricourt (MÉ), Quebec",2442065,495,482,469,456,440,435,447,467,393,410,498,453,488,482,451,416,426,433,448,447,457,464,460,473,490
"Saint-Simon-de-Rimouski (MÉ), Quebec",2411055,457,445,445,441,446,433,432,427,428,420,433,433,434,429,413,421,410,424,430,436,455,460,475,474,481
"Fassett (MÉ), Quebec",2480005,492,478,467,474,471,468,464,446,442,459,456,452,447,448,441,434,450,445,440,442,454,464,492,479,487
"Saint-Luc-de-Bellechasse (MÉ), Quebec",2428060,488,489,476,505,484,488,472,481,492,483,481,486,456,439,442,437,435,445,436,448,454,456,471,465,476
"Saint-André-du-Lac-Saint-Jean (VL), Quebec",2491010,557,546,536,518,510,485,481,466,482,494,491,468,458,462,463,468,455,462,447,451,453,476,478,474,476
"Lochaber (CT), Quebec",2480055,442,441,436,460,464,483,469,458,444,413,397,397,402,408,406,407,407,409,412,426,451,461,482,487,492
"Aston-Jonction (MÉ), Quebec",2450013,421,388,392,382,371,379,396,405,429,425,414,398,408,408,416,425,429,414,421,442,450,444,466,459,438
"Auclair (MÉ), Quebec",2413045,529,533,517,512,498,511,503,502,477,451,446,458,444,433,425,448,458,443,450,443,448,461,465,473,466
"Kipawa (MÉ), Quebec",2485010,533,556,595,616,586,567,509,498,484,479,475,489,495,502,510,507,495,483,471,460,448,439,433,418,414
"Saint-Pie-de-Guire (PE), Quebec",2449130,454,448,437,451,461,467,470,464,456,466,469,465,441,442,447,459,457,460,454,465,448,461,472,465,461
"Saint-Rémi-de-Tingwick (MÉ), Quebec",2439020,484,459,467,456,460,469,467,475,484,477,477,468,458,484,464,460,444,432,441,427,448,462,471,471,458
"Saint-Vianney (MÉ), Quebec",2407075,533,506,489,495,471,489,485,494,493,488,478,484,472,465,462,437,428,400,413,438,447,442,430,438,426
"Lac-du-Cerf (MÉ), Quebec",2479015,423,415,412,419,417,420,412,416,416,417,416,418,428,426,424,433,444,457,450,448,445,469,490,494,499
"Martinville (MÉ), Quebec",2444060,478,455,461,473,468,472,478,463,476,465,465,473,461,444,433,438,433,442,441,434,445,452,450,454,452
"Sainte-Marie-de-Blandford (MÉ), Quebec",2438015,500,511,513,519,522,523,505,494,499,473,470,463,464,467,471,468,457,453,456,448,445,442,473,479,469
"Saint-Aimé (MÉ), Quebec",2453015,542,539,525,523,517,525,517,506,511,515,508,497,495,487,475,464,457,452,436,434,440,439,437,449,449
"Sainte-Rose-du-Nord (PE), Quebec",2494230,416,413,411,422,424,442,440,437,433,441,414,420,414,417,418,441,439,412,403,413,439,446,468,486,501
"Baie-Trinité (VL), Quebec",2496005,612,596,595,578,539,525,497,485,515,504,498,481,455,438,427,404,391,397,412,414,437,425,425,408,399
"Saint-Dominique-du-Rosaire (MÉ), Quebec",2488065,473,482,462,464,444,449,439,445,428,441,433,451,448,450,449,450,449,441,448,432,436,436,459,456,453
"Ulverton (MÉ), Quebec",2442078,363,378,381,365,361,365,372,379,387,394,417,408,396,407,413,418,418,415,416,424,435,450,457,453,451
"Biencourt (MÉ), Quebec",2413055,629,619,612,610,610,595,588,553,538,523,505,504,497,479,465,459,454,442,423,419,431,437,437,429,425
"Maddington Falls (MÉ), Quebec",2439165,465,454,438,423,420,417,418,431,439,441,447,436,427,424,415,415,415,420,423,429,430,431,433,437,445
"Trois-Rives (MÉ), Quebec",2435055,474,476,454,425,418,412,421,431,455,473,487,464,438,417,395,393,395,403,408,406,430,440,455,446,449
"Sainte-Séraphine (PE), Quebec",2439105,430,429,426,423,410,405,404,402,397,389,383,375,377,367,362,358,371,385,400,413,429,431,445,453,457
"Saint-Valentin (MÉ), Quebec",2456030,497,483,466,463,474,483,496,484,491,482,476,469,481,469,476,453,435,436,423,426,427,440,437,432,466
"Saint-Marcel (MÉ), Quebec",2417020,539,543,533,540,543,524,498,498,486,454,440,439,449,447,432,429,436,418,415,416,426,436,438,430,455
"Saint-Augustin (MÉ), Quebec",2498012,631,608,596,595,592,594,564,543,525,512,476,451,451,448,446,443,436,418,421,425,425,422,430,427,424
"Tasiujaq (VN), Quebec",2499100,232,240,240,242,237,253,267,281,279,280,307,320,321,352,357,376,352,392,399,421,425,439,445,441,466
"Notre-Dame-de-Ham (MÉ), Quebec",2439015,403,408,409,426,420,426,432,417,434,437,416,413,396,409,415,413,402,397,409,404,417,407,426,404,409
"Ivujivik (VN), Quebec",2499140,305,302,330,326,347,354,359,346,359,372,371,385,391,400,421,419,433,433,430,411,416,415,426,434,426
"Saint-Eugène-de-Ladrière (PE), Quebec",2410075,483,451,455,461,447,444,428,399,403,414,422,414,416,402,393,382,389,395,405,414,415,421,406,413,417
"Sainte-Hélène-de-Mancebourg (PE), Quebec",2487070,392,395,353,345,361,377,361,394,377,380,358,346,358,359,361,374,399,408,413,430,414,410,406,402,404
"Saint-Tharcisius (PE), Quebec",2407070,510,504,505,500,498,480,471,464,470,463,463,455,446,435,423,419,431,431,420,425,412,425,416,424,412
"Rivière-Éternité (MÉ), Quebec",2494215,582,584,589,589,567,589,551,553,541,519,507,487,492,464,426,422,430,437,415,430,411,427,446,444,451
"Roquemaure (MÉ), Quebec",2487015,458,458,443,409,390,405,414,399,393,406,415,425,424,418,401,392,389,403,400,404,411,402,388,383,386
"Bois-Franc (MÉ), Quebec",2483085,444,432,431,441,454,452,449,451,455,448,445,432,437,422,425,419,410,417,412,408,410,410,414,421,419
"Longue-Pointe-de-Mingan (MÉ), Quebec",2498045,509,489,475,468,445,432,430,439,452,481,479,484,478,463,453,438,438,430,417,404,407,408,413,414,420
"Boileau (MÉ), Quebec",2480115,232,250,267,282,311,320,329,340,351,367,382,370,365,352,343,338,351,359,371,389,406,409,410,412,409
"Kinnear's Mills (MÉ), Quebec",2431105,372,371,380,372,347,336,325,321,361,380,372,367,357,355,349,355,354,348,369,390,402,421,417,415,416
"Saint-Marcellin (PE), Quebec",2410025,341,346,345,351,345,358,342,341,328,319,325,341,337,359,355,355,351,349,359,376,400,407,409,432,425
"Saint-Joseph-de-Kamouraska (PE), Quebec",2414030,423,417,417,419,410,404,407,412,430,434,418,404,408,393,383,393,391,393,385,390,399,404,397,397,402
"Piopolis (MÉ), Quebec",2430020,335,340,339,353,358,374,364,365,354,358,360,361,353,355,369,357,373,360,358,368,397,402,401,395,417
"Saint-Adrien-d'Irlande (MÉ), Quebec",2431095,408,417,441,442,430,407,370,370,371,375,392,386,386,380,391,399,393,391,381,393,397,391,361,362,352
"Saint-Louis-de-Gonzague (MÉ), Quebec",2428035,443,435,462,459,448,442,449,451,427,426,420,402,407,401,382,371,354,356,352,372,394,393,383,384,382
"Saint-Noël (VL), Quebec",2407100,501,494,491,483,489,460,467,449,452,442,431,432,440,415,403,397,397,407,396,396,393,389,385,372,386
"Dundee (CT), Quebec",2469075,415,397,406,442,428,435,416,402,417,413,409,404,402,403,385,384,370,366,367,370,392,393,384,379,382
"Ivry-sur-le-Lac (MÉ), Quebec",2478042,408,422,421,412,409,396,394,403,402,418,427,408,414,425,422,387,373,370,375,379,392,392,395,384,385
"Elgin (MÉ), Quebec",2469050,456,456,447,452,459,454,506,512,508,446,396,404,388,398,399,395,393,398,388,398,390,383,388,399,393
"Sainte-Élizabeth-de-Warwick (MÉ), Quebec",2439090,408,390,377,377,378,372,371,372,374,376,379,379,378,380,377,377,378,376,378,382,387,396,395,401,399
"Saint-Damase (PE), Quebec",2407105,455,462,459,452,466,448,432,435,423,401,397,398,391,366,360,354,337,349,349,361,386,382,383,384,382
"Sainte-Françoise (PE), Quebec",2411030,459,453,446,449,440,429,422,409,406,404,396,391,389,386,380,382,387,388,394,391,386,405,427,416,426
"Waltham (MÉ), Quebec",2484070,429,406,402,385,367,358,367,363,385,377,384,382,380,378,371,375,384,382,386,400,386,390,395,390,393
"La Rédemption (PE), Quebec",2409005,545,552,528,530,516,517,528,545,516,520,492,496,503,493,450,430,425,418,403,392,385,387,387,389,376
"Sainte-Hélène-de-Chester (MÉ), Quebec",2439035,367,367,365,368,362,360,347,353,358,362,361,378,377,378,376,377,379,382,382,371,385,396,402,409,411
"Rapide-Danseur (MÉ), Quebec",2487010,268,274,289,292,272,273,287,291,305,303,315,328,322,320,316,330,339,347,349,363,381,387,389,380,379
"Saint-Julien (MÉ), Quebec",2431035,424,408,406,404,401,406,408,405,411,403,404,398,388,386,384,376,370,370,363,366,381,393,397,398,402
"Saint-Philibert (MÉ), Quebec",2429065,370,387,405,401,402,390,402,402,382,380,370,364,359,363,369,368,362,368,363,377,380,368,365,365,366
"Saint-Stanislas (MÉ), Maria-Chapdelaine, Quebec",2492070,347,336,321,321,342,346,339,339,340,345,353,363,374,379,388,371,345,351,367,356,377,380,380,383,386
"Saint-Joseph-des-Érables (MÉ), Quebec",2427050,467,454,446,435,428,420,420,419,419,422,422,416,418,412,409,409,403,394,388,383,376,382,386,395,398
"Saint-Léandre (PE), Quebec",2408065,387,392,403,421,421,402,416,408,407,394,405,413,396,411,405,397,385,382,369,361,376,384,377,365,373
"Clerval (MÉ), Quebec",2487075,355,348,349,364,367,359,382,373,368,363,367,371,383,384,373,375,369,343,358,355,374,355,367,369,368
"Grosses-Roches (MÉ), Quebec",2408015,462,457,443,426,419,415,417,406,407,422,415,423,416,391,385,392,392,381,373,375,374,393,395,387,406
"Sainte-Irène (PE), Quebec",2407040,329,342,337,342,337,352,338,337,344,340,344,322,317,324,329,327,329,325,331,336,373,375,404,401,415
"Notre-Dame-du-Rosaire (MÉ), Quebec",2418040,406,404,389,395,390,393,378,379,373,381,388,394,397,390,405,392,387,373,358,354,372,396,392,394,424
"Saint-Zénon-du-Lac-Humqui (PE), Quebec",2407035,440,415,421,418,421,428,405,393,381,369,368,383,373,380,365,357,358,359,362,361,372,360,371,365,362
"Sainte-Florence (MÉ), Quebec",2407010,481,486,479,484,476,455,450,443,444,432,411,403,408,395,390,383,389,369,361,359,369,355,354,370,387
"Warden (VL), Quebec",2447030,340,337,339,336,354,349,350,365,368,362,360,357,366,375,381,365,368,371,365,369,368,390,394,396,410
"Saint-Marc-du-Lac-Long (PE), Quebec",2413020,477,472,482,485,485,479,461,445,431,430,441,412,397,395,395,396,390,391,375,373,365,374,371,390,395
"Gros-Mécatina (MÉ), Quebec",2498014,581,563,553,559,566,566,548,540,522,510,495,484,480,460,451,449,429,412,387,369,356,353,353,342,350
"Saint-Edmond-les-Plaines (MÉ), Quebec",2492050,525,503,495,478,466,433,416,420,415,403,390,392,381,383,379,383,372,357,356,353,355,344,356,358,368
"Béthanie (MÉ), Quebec",2448005,342,335,331,331,331,332,324,327,323,321,315,312,309,316,308,325,335,331,325,337,354,348,352,360,332
"Lac-Rapide (IRI), Quebec",2483804,280,283,303,296,293,311,302,307,311,308,313,322,327,313,322,320,334,325,337,345,353,358,349,341,343
"Sainte-Praxède (PE), Quebec",2431050,344,349,352,359,363,365,368,364,363,362,364,355,345,340,336,327,332,320,320,336,353,371,385,386,393
"Chichester (CT), Quebec",2484090,387,382,384,392,391,388,378,375,380,371,368,359,359,354,352,348,345,346,345,347,352,358,354,354,359
"Saint-Jean-de-Brébeuf (MÉ), Quebec",2431100,385,388,399,412,398,395,400,390,365,371,361,353,368,372,374,372,361,344,341,352,352,361,370,365,370
"Sainte-Cécile-de-Lévrard (PE), Quebec",2438060,424,437,440,438,438,422,405,397,375,384,363,349,362,371,372,372,361,364,373,351,350,359,355,337,335
"Sainte-Félicité (MÉ), L'Islet, Quebec",2417025,459,434,447,438,431,421,403,400,393,399,412,401,381,389,387,387,398,378,360,356,349,357,366,369,359
"Saint-Godefroi (CT), Quebec",2405015,377,359,344,335,339,370,379,377,393,404,404,409,410,407,385,377,358,350,341,341,348,367,362,360,357
"Abercorn (VL), Quebec",2446005,335,332,340,348,364,366,366,374,380,398,390,370,372,375,332,336,346,335,330,345,344,350,348,355,368
"Brome (VL), Quebec",2446070,291,283,274,258,272,279,263,266,277,276,275,272,270,277,278,298,309,315,321,311,343,345,351,338,341
"Esprit-Saint (MÉ), Quebec",2410005,460,446,436,410,403,398,387,396,402,387,383,371,363,346,333,342,333,334,330,331,341,329,324,324,329
"Hope Town (MÉ), Quebec",2405020,346,334,317,310,314,347,348,340,348,350,343,351,354,355,338,337,334,331,336,341,340,335,340,338,331
"Nédélec (CT), Quebec",2485100,436,438,427,405,409,416,415,424,418,423,406,404,379,356,357,350,335,331,336,339,340,365,363,364,338
"Sainte-Sabine (PE), Quebec",2428065,408,420,403,428,414,405,399,386,390,401,385,378,367,375,356,354,360,362,351,345,340,349,353,363,347
"Saint-Nazaire-de-Dorchester (PE), Quebec",2419015,416,419,404,407,396,388,383,386,399,372,358,362,367,371,363,364,352,341,331,331,340,348,334,332,323
"Sainte-Euphémie-sur-Rivière-du-Sud (MÉ), Quebec",2418035,361,361,361,354,362,358,353,351,337,334,329,329,332,318,311,321,320,326,330,331,339,347,368,360,350
"Saint-Sévère (PE), Quebec",2451030,342,335,332,338,330,331,332,324,314,322,321,321,329,314,309,304,316,320,325,327,339,351,358,343,337
"Saint-Augustin (PE), Quebec",2492005,431,405,401,385,392,396,405,412,398,399,399,388,382,365,360,349,336,338,325,325,335,334,328,338,321
"Shigawake (MÉ), Quebec",2405010,377,373,367,362,360,356,350,338,336,330,336,329,329,316,299,289,279,285,299,304,333,336,331,334,329
"Fugèreville (MÉ), Quebec",2485055,350,323,303,312,312,303,293,307,320,315,331,321,316,335,333,321,331,325,308,304,331,346,339,326,320
"Guérin (CT), Quebec",2485095,304,318,308,297,296,297,300,297,305,308,306,318,321,326,323,314,328,315,336,333,331,325,332,325,324
"Kebaowek (IRI), Quebec",2485802,247,262,262,255,257,271,265,275,279,282,284,286,283,281,279,271,285,297,309,320,328,333,358,380,399
"Latulipe-et-Gaboury (CU), Quebec",2485060,361,361,349,332,342,334,310,307,305,294,305,293,305,300,291,293,281,290,298,302,324,337,325,323,312
"Milan (MÉ), Quebec",2430040,324,325,307,286,297,301,290,291,310,305,273,277,273,283,295,299,291,295,304,308,324,324,317,332,327
"Saint-Cléophas (PE), Quebec",2407090,387,390,375,379,389,368,361,352,346,344,335,357,347,340,346,332,320,332,327,322,323,322,317,317,316
"Chartierville (MÉ), Quebec",2441020,368,386,383,363,379,375,369,347,338,329,305,299,296,284,278,277,291,284,289,301,319,310,315,326,323
"Saint-Paul-de-la-Croix (PE), Quebec",2412035,380,390,378,375,385,371,385,382,381,378,370,372,350,327,316,308,299,293,303,302,314,313,326,324,308
"Essipit (IRI), Quebec",2495802,261,255,255,253,249,248,254,253,258,264,270,275,281,287,290,293,295,297,302,307,310,309,309,303,301
"Saint-Elzéar-de-Témiscouata (MÉ), Quebec",2413085,330,319,315,310,320,335,343,343,349,354,344,342,338,340,335,320,323,333,323,314,310,319,333,341,335
"Saint-Éloi (PE), Quebec",2411035,343,336,333,342,340,336,331,332,324,314,309,319,313,297,288,284,293,294,304,304,309,317,308,328,323
"La Reine (MÉ), Quebec",2487080,392,399,387,369,354,364,356,359,354,344,338,359,356,357,351,339,348,332,343,324,308,304,302,300,305
"Saint-Athanase (MÉ), Quebec",2413100,342,337,325,328,324,322,305,305,313,317,301,306,303,295,308,315,310,293,298,298,303,310,301,310,308
"Saint-Roch-de-Mékinac (PE), Quebec",2435045,308,321,317,309,316,325,330,336,352,350,380,346,336,328,329,297,296,305,306,308,303,310,319,325,330
"Sainte-Rita (MÉ), Quebec",2411015,393,374,366,359,360,354,351,348,335,313,311,281,285,296,298,304,322,314,302,287,302,313,320,316,322
"Saint-Thuribe (PE), Quebec",2434085,318,307,306,323,314,304,300,291,288,282,288,280,294,291,279,287,281,278,279,269,299,311,313,301,300
"Saint-Alexandre-des-Lacs (PE), Quebec",2407065,328,318,303,305,294,276,283,259,259,273,259,258,266,257,260,268,274,295,300,300,298,305,302,306,295
"Saint-Séverin (PE), Robert-Cliche, Quebec",2427070,281,277,276,286,271,279,280,275,280,260,266,266,260,264,271,276,270,285,279,278,298,299,308,303,309
"La Visitation-de-Yamaska (MÉ), Quebec",2450085,399,399,378,361,357,351,356,344,342,337,333,321,325,321,325,328,308,309,293,294,297,295,301,296,305
"Saint-Germain (PE), Quebec",2414045,307,303,292,300,286,300,293,292,287,292,279,276,278,282,286,286,285,280,275,289,296,300,303,304,314
"Saint-Omer (MÉ), Quebec",2417005,386,381,375,363,351,343,333,325,318,319,309,295,286,291,281,276,280,287,280,292,294,289,294,294,303
"Stanbridge Station (MÉ), Quebec",2446030,364,364,353,341,320,311,302,285,288,281,278,266,285,273,269,276,285,281,282,288,294,290,290,284,284
"Authier (MÉ), Quebec",2487050,321,354,368,321,275,247,238,248,269,276,282,281,279,278,277,266,282,288,279,289,291,282,293,287,280
"Lemieux (MÉ), Quebec",2438020,348,355,336,336,334,328,331,337,330,316,308,306,298,300,306,300,295,310,310,302,291,297,278,276,281
"Rémigny (MÉ), Quebec",2485105,371,351,343,331,319,317,304,290,284,272,279,260,265,268,264,276,275,264,266,278,290,309,301,305,316
"Authier-Nord (MÉ), Quebec",2487100,343,324,307,294,304,319,310,294,288,285,274,277,267,272,287,300,290,281,285,276,289,294,287,277,283
"Sainte-Madeleine-de-la-Rivière-Madeleine (MÉ), Quebec",2404005,428,415,392,375,371,370,362,355,349,333,330,326,314,302,290,284,284,284,269,264,289,284,287,277,273
"Saint-Pierre (VL), Quebec",2461020,299,300,301,303,304,306,298,270,288,267,308,315,328,314,302,275,296,296,284,289,288,281,294,293,290
"Marsoui (VL), Quebec",2404025,376,366,347,360,339,340,321,321,316,311,306,288,285,279,272,272,281,267,271,275,287,278,276,282,280
"Belleterre (V), Quebec",2485065,386,362,361,365,353,349,339,321,312,307,298,302,291,288,294,310,302,295,286,287,286,291,297,291,290
"Franquelin (MÉ), Quebec",2496015,384,400,395,368,357,347,346,345,342,343,325,321,312,305,308,312,311,299,281,295,286,279,293,286,291
"Notre-Dame-de-Bonsecours (MÉ), Quebec",2480015,292,292,291,295,293,276,275,267,264,261,265,271,276,284,291,304,289,293,285,285,286,289,301,295,294
"East Hereford (MÉ), Quebec",2444010,308,320,318,331,332,339,338,344,341,322,310,298,284,280,274,268,265,267,266,279,285,293,299,311,311
"Saint-Gilbert (PE), Quebec",2434060,300,293,304,293,285,293,296,295,284,281,282,296,295,303,300,297,292,291,286,281,285,277,304,291,293
"Rivière-au-Tonnerre (MÉ), Quebec",2498055,418,414,394,398,396,384,362,338,345,326,306,298,302,298,288,277,279,275,272,268,279,290,283,292,284
"Saints-Martyrs-Canadiens (PE), Quebec",2439005,213,218,231,243,251,252,253,248,242,235,229,239,241,243,241,257,257,262,263,278,277,286,295,314,317
"Sainte-Lucie-de-Beauregard (MÉ), Quebec",2418020,357,363,351,345,345,337,315,322,307,310,305,302,298,292,276,280,280,280,284,270,276,278,280,289,292
"Lac-Saint-Joseph (V), Quebec",2422015,186,203,216,230,246,264,248,234,219,247,251,266,257,252,262,261,254,262,263,259,273,290,276,280,292
"Godbout (VL), Quebec",2496010,332,350,357,366,363,359,346,324,302,312,298,290,289,282,270,264,254,254,259,266,271,277,282,278,277
"Laforce (MÉ), Quebec",2485070,302,294,276,262,250,236,230,235,249,249,244,269,280,288,293,286,284,285,277,277,268,275,279,286,298
"Saint-Roch-Ouest (MÉ), Quebec",2463040,316,306,304,297,296,288,292,288,286,279,272,272,270,268,268,267,262,263,262,264,266,256,279,276,275
"Estérel (V), Quebec",2477011,186,190,186,185,185,202,192,188,170,178,198,214,204,197,197,197,203,206,217,249,263,283,289,292,304
"Natashquan (MÉ), Quebec",2498025,369,344,326,306,284,263,259,262,269,274,279,276,267,264,263,262,262,262,259,261,263,260,263,265,270
"Winneway (S-É), Quebec",2485804,161,170,172,176,182,186,186,195,211,216,216,238,248,255,260,254,257,263,260,265,262,269,273,280,292
"Pakuashipi (S-É), Quebec",2498802,234,240,249,263,276,292,292,297,303,312,307,281,270,258,247,235,239,235,244,253,260,258,263,262,260
"Saint-Cléophas-de-Brandon (MÉ), Quebec",2452075,292,288,296,299,307,285,283,275,285,275,277,274,258,243,237,226,234,225,224,234,257,270,301,291,295
"Saint-Fortunat (MÉ), Quebec",2431030,324,311,308,300,284,278,283,275,275,284,282,278,273,270,269,265,265,257,259,258,257,272,272,283,267
"Chazel (MÉ), Quebec",2487095,336,354,347,343,329,321,325,313,299,292,289,282,294,298,298,288,266,275,278,268,256,263,284,275,269
"Kitcisakik (S-É), Quebec",2489802,225,224,247,269,281,299,308,308,328,319,342,319,347,342,289,272,253,259,265,258,254,257,262,272,302
"Padoue (MÉ), Quebec",2409040,290,290,281,275,292,283,296,283,277,274,273,265,249,246,244,245,247,244,236,254,253,262,253,246,249
"Saint-Elphège (PE), Quebec",2450095,300,287,287,284,280,273,279,284,286,287,294,289,283,279,274,267,264,264,259,250,252,254,251,249,247
"Saint-François-Xavier-de-Viger (MÉ), Quebec",2412025,298,287,272,279,295,278,289,277,280,255,255,251,243,239,249,246,241,243,238,228,249,242,250,248,278
"Schefferville (V), Quebec",2497040,244,233,233,226,219,204,208,215,216,211,217,216,203,191,174,156,177,189,212,231,248,245,259,261,266
"Sainte-Paule (MÉ), Quebec",2408040,202,208,207,208,224,228,218,208,201,196,212,214,226,225,226,232,229,233,231,225,247,250,257,253,247
"Lejeune (MÉ), Quebec",2413050,388,390,378,350,346,356,347,325,307,303,286,283,291,297,276,262,264,266,259,251,246,245,237,243,246
"Saint-Gérard-Majella (PE), Quebec",2453085,262,261,259,257,255,253,248,248,247,248,247,244,243,240,243,242,229,225,223,233,241,238,242,250,250
"Albertville (MÉ), Quebec",2407025,343,339,316,332,330,319,312,297,278,264,257,247,240,238,234,228,226,227,242,232,240,239,266,254,264
"Wôlinak (IRI), Quebec",2438802,177,167,184,178,165,168,163,177,175,192,180,196,190,181,200,200,199,205,222,227,238,252,284,290,299
"Notre-Dame-des-Anges (PE), Quebec",2423015,410,398,391,408,437,428,427,437,395,408,391,392,389,361,320,316,310,297,293,253,237,243,252,247,249
"Aupaluk (VN), Quebec",2499105,162,175,173,170,185,176,193,204,201,188,198,203,194,190,206,211,215,216,222,241,235,244,233,230,243
"La Trinité-des-Monts (PE), Quebec",2410010,298,286,289,284,280,276,272,280,268,264,257,251,249,235,223,224,219,223,223,218,233,243,239,236,247
"Portage-du-Fort (VL), Quebec",2484020,258,256,264,275,282,290,283,263,263,268,268,264,258,254,246,234,226,224,219,213,233,231,233,238,245
"Saint-Jean-de-la-Lande (MÉ), Quebec",2413010,300,281,284,288,295,294,305,326,323,312,309,300,287,277,262,248,246,244,236,230,232,252,245,240,248
"Alleyn-et-Cawood (MÉ), Quebec",2484050,183,179,163,160,170,185,175,187,194,188,192,186,184,189,176,171,169,188,199,215,229,243,230,244,254
"Rivière-Saint-Jean (MÉ), Quebec",2498050,289,253,253,245,257,258,252,253,249,260,238,235,238,231,214,213,219,221,215,223,227,225,227,223,217
"Aguanish (MÉ), Quebec",2498030,345,333,318,312,311,302,296,290,291,283,277,276,280,265,248,244,241,240,233,226,224,218,222,222,214
"Saint-Charles-Garnier (PE), Quebec",2409010,328,330,332,315,301,299,285,288,278,270,267,256,250,240,249,240,235,234,227,215,222,232,227,238,242
"Belcourt (MÉ), Quebec",2489050,277,273,269,267,261,258,257,253,248,244,240,239,237,235,230,226,225,221,219,220,221,218,218,218,220
"Lac-Édouard (MÉ), Quebec",2490027,138,128,128,138,152,153,155,152,156,154,174,174,179,180,184,190,188,187,189,209,219,215,217,221,227
"Grand-Métis (MÉ), Quebec",2409060,285,282,275,270,270,266,262,254,247,243,235,233,227,224,218,212,211,212,213,214,218,213,214,214,214
"Sainte-Jeanne-d'Arc (PE), Quebec",2409020,360,344,323,327,308,322,312,323,311,337,311,296,307,308,298,280,272,255,252,238,218,217,215,216,231
"Saint-Médard (MÉ), Quebec",2411025,283,287,279,265,264,249,250,237,236,236,221,217,219,222,217,207,206,204,203,203,217,220,216,216,207
"Ham-Sud (MÉ), Quebec",2440005,239,238,234,229,224,219,224,223,221,228,225,228,229,228,231,234,230,222,215,210,214,218,223,229,230
"Launay (CT), Quebec",2488080,260,249,255,243,230,227,232,235,234,224,230,233,233,233,211,218,216,220,207,206,211,204,210,213,204
"Passes-Dangereuses (NO), Quebec",2492902,192,189,183,188,189,176,206,219,208,219,225,221,216,207,189,183,175,185,192,196,210,203,208,203,202
"Moffet (MÉ), Quebec",2485075,237,219,204,208,203,207,200,200,206,202,195,208,201,188,188,184,181,190,187,184,206,213,210,210,211
"La Morandière (MÉ), Quebec",2488015,294,292,281,278,261,262,254,248,232,231,232,218,212,209,209,206,194,207,196,204,205,210,201,204,211
"La Martre (MÉ), Quebec",2404030,269,277,270,266,258,252,254,250,246,237,244,245,230,228,231,241,232,214,205,195,196,186,188,180,191
"Hampden (CT), Quebec",2441075,169,177,190,188,201,210,210,216,219,220,213,197,188,191,182,176,166,174,182,192,195,214,200,203,201
"Saint-Lambert (PE), Quebec",2487120,254,223,224,225,222,223,223,211,206,204,212,196,191,183,186,194,183,187,189,186,192,197,195,197,199
"Mont-Saint-Pierre (VL), Quebec",2404015,241,228,233,224,223,228,207,204,201,199,190,197,189,177,170,154,159,164,170,170,187,197,210,209,199
"Saint-Jacques-le-Majeur-de-Wolfestown (PE), Quebec",2431025,181,181,178,177,175,171,176,178,181,184,189,188,187,188,189,188,184,180,181,189,186,193,197,200,212
"Baie-Sainte-Catherine (MÉ), Quebec",2415065,277,265,262,248,239,226,225,221,217,213,203,214,208,204,205,205,204,199,195,189,185,172,164,164,164
"Val-Racine (MÉ), Quebec",2430015,117,123,125,127,136,144,140,143,154,153,169,172,173,177,182,178,182,187,176,187,184,189,186,183,191
"Sainte-Marguerite-Marie (MÉ), Quebec",2407005,237,241,237,240,231,222,220,216,217,209,203,187,172,163,171,165,170,166,169,178,183,181,183,181,175
"L'Île-d'Anticosti (MÉ), Quebec",2498020,269,281,270,278,276,280,289,253,259,245,239,242,236,231,227,217,202,191,192,189,178,190,201,196,200
"Lac-des-Seize-Îles (MÉ), Quebec",2477055,204,207,202,202,203,201,186,189,186,215,220,217,207,195,179,172,173,177,180,171,176,189,188,193,197
"Lac-Frontière (MÉ), Quebec",2418010,165,176,172,180,186,197,191,191,188,194,197,192,193,194,180,183,178,174,171,180,175,190,182,172,184
"Lac-Poulin (VL), Quebec",2429095,91,104,112,119,128,136,138,138,137,136,135,138,139,139,141,147,149,154,159,164,172,175,176,174,174
"Ristigouche-Partie-Sud-Est (CT), Quebec",2406035,168,175,174,180,175,172,170,170,171,170,170,172,171,173,175,170,171,169,165,165,171,172,170,174,174
"Val-Saint-Gilles (MÉ), Quebec",2487105,173,174,170,167,173,173,181,173,169,176,179,182,170,165,157,156,159,165,172,169,169,183,179,174,174
"Mont-Albert (NO), Quebec",2404902,224,234,240,231,225,219,226,228,219,211,205,200,191,179,182,179,187,178,184,173,167,174,176,180,192
"Saint-Jean-de-Cherbourg (PE), Quebec",2408010,204,207,208,209,222,218,222,208,208,209,193,184,187,172,164,165,165,161,161,160,163,170,169,173,175
"Lac-Chicobi (NO), Quebec",2488904,194,200,189,171,173,177,168,178,189,189,201,188,165,167,156,137,133,137,136,147,162,160,171,155,160
"Notre-Dame-de-Lorette (MÉ), Quebec",2492060,219,213,201,193,182,175,180,186,185,186,190,188,192,187,190,188,179,171,163,161,159,159,160,156,161
"Petite-Vallée (MÉ), Quebec",2403015,220,207,204,203,212,207,198,188,187,179,177,179,171,173,174,169,166,164,166,162,157,150,151,155,154
"Saint-André-de-Restigouche (MÉ), Quebec",2406040,221,209,200,199,197,190,178,171,175,164,161,150,151,141,148,160,160,159,149,154,154,148,147,146,149
"L'Ascension-de-Patapédia (MÉ), Quebec",2406060,233,228,223,216,214,211,211,209,200,192,194,188,183,181,166,163,148,153,154,146,147,157,154,161,157
"Rochebaucourt (MÉ), Quebec",2488010,218,208,191,181,169,178,162,164,158,162,162,157,144,148,144,131,143,139,140,140,147,150,146,138,133
"Kingsbury (VL), Quebec",2442070,143,136,132,135,128,121,125,133,142,154,149,147,148,139,143,139,133,138,137,139,143,142,136,142,140
"Rapides-des-Joachims (MÉ), Quebec",2484100,201,193,191,194,187,171,170,167,172,175,168,160,152,151,149,155,146,143,140,144,141,151,154,145,147
"Rivière-à-Claude (MÉ), Quebec",2404020,163,173,174,173,173,171,165,157,142,136,129,125,124,131,129,127,118,124,121,121,141,149,151,153,158
"Sheenboro (MÉ), Quebec",2484095,118,129,146,143,157,166,164,170,153,137,131,132,129,129,122,129,125,119,125,121,126,125,131,116,118
"Saint-Pierre-de-Lamy (MÉ), Quebec",2413075,129,135,137,134,132,122,116,114,115,115,112,116,122,118,117,117,113,110,111,119,123,130,137,137,135
"Saint-Antoine-de-l'Isle-aux-Grues (PE), Quebec",2418070,160,166,157,165,170,163,156,159,153,154,147,147,150,146,153,143,138,132,117,115,121,116,114,106,108
"L'Île-Cadieux (V), Quebec",2471095,128,125,125,125,127,127,126,123,117,110,105,107,114,115,123,126,126,123,123,121,120,120,120,120,121
"Lac-Walker (NO), Quebec",2497904,106,119,133,128,132,129,128,126,117,116,130,134,126,120,114,109,98,92,93,115,114,119,120,124,136
"Sagard (NO), Quebec",2415904,162,158,152,146,146,144,143,145,142,140,139,135,132,130,130,129,125,121,115,110,109,116,113,111,110
"Saint-Guillaume-Nord (NO), Quebec",2462912,60,61,62,64,65,66,64,64,64,65,66,71,75,79,84,88,89,91,94,98,103,106,110,112,114
"Saint-Hilaire-de-Dorset (PE), Quebec",2429020,111,108,108,107,106,105,103,102,101,102,100,99,97,98,98,96,96,97,98,97,97,95,96,98,102
"Champneuf (MÉ), Quebec",2488005,161,157,150,137,132,131,130,124,130,137,128,138,134,129,125,124,127,111,110,103,94,87,70,76,78
"Rivière-aux-Outardes (NO), Quebec",2496902,51,66,74,80,86,89,95,98,108,119,125,118,127,118,109,95,91,89,90,92,92,94,91,83,79
"Laniel (NO), Quebec",2485905,88,85,78,82,84,87,84,75,78,86,78,89,86,93,88,80,81,86,88,87,90,101,110,111,102
"Baie-Johan-Beetz (MÉ), Quebec",2498035,90,92,88,85,95,94,91,94,87,91,81,86,85,88,90,85,86,82,78,78,83,77,78,78,75
"Barkmere (V), Quebec",2478050,45,47,49,50,55,57,59,57,57,58,58,56,56,55,56,58,62,66,70,78,81,82,84,83,84
"Saint-Guy (MÉ), Quebec",2411020,106,104,106,90,90,88,90,93,94,95,90,82,76,64,64,53,59,67,70,71,76,77,74,68,70
"Notre-Dame-des-Sept-Douleurs (PE), Quebec",2412045,45,45,45,45,46,46,45,47,47,48,49,48,44,40,38,36,42,49,54,62,70,70,70,71,72
"Saint-Venant-de-Paquette (MÉ), Quebec",2444005,119,123,125,123,125,113,98,90,93,99,105,101,97,97,97,97,89,84,78,75,70,71,71,73,74
"Lac-Tremblant-Nord (MÉ), Quebec",2478127,36,37,34,32,28,25,32,37,38,39,47,51,45,38,44,42,44,45,48,53,60,69,69,79,83
"Rivière-Ojima (NO), Quebec",2487904,111,115,115,116,121,126,123,115,111,109,105,103,98,94,89,87,81,78,72,65,60,63,62,62,62
"Lac-Ministuk (NO), Quebec",2494928,0,0,0,0,0,0,0,0,0,0,0,0,0,0,3,12,20,29,46,52,59,53,61,70,71
"Rivière-Bonaventure (NO), Quebec",2405902,35,34,35,35,36,35,35,35,35,35,35,35,35,35,35,35,40,44,49,54,59,60,60,61,62
"Mont-Élie (NO), Quebec",2415902,61,64,66,68,72,75,73,73,70,67,65,64,63,62,63,63,61,59,55,53,52,55,53,53,53
"Saint-Benoît-du-Lac (MÉ), Quebec",2445080,48,48,47,45,47,48,49,54,51,50,51,45,38,38,33,32,37,38,42,43,43,44,45,43,57
"Lac-Ashuapmushuan (NO), Quebec",2491902,4,4,5,11,16,35,43,45,36,32,28,35,36,36,37,36,36,35,36,36,41,39,42,46,42
"Lac-Huron (NO), Quebec",2410902,0,1,2,3,4,5,5,5,5,5,5,6,7,8,9,10,13,17,21,25,30,31,31,33,32
"Rivière-Mistassini (NO), Quebec",2492904,0,2,4,6,8,10,15,19,23,27,31,35,39,42,46,50,46,42,36,32,27,27,27,28,28
"Lac-Despinassy (NO), Quebec",2488902,33,31,28,26,24,25,21,20,18,16,15,14,12,12,12,10,13,14,16,18,21,21,20,19,18
"Lac-John (IRI), Quebec",2497810,23,21,21,19,18,16,17,18,19,20,21,24,27,29,31,33,31,28,26,23,21,21,22,22,22
"Mont-Valin (NO), Quebec",2494930,22,19,19,17,16,16,14,12,9,7,5,5,5,5,5,5,8,11,14,17,20,20,20,20,20
"Routhierville (NO), Quebec",2407902,23,25,25,25,25,20,19,19,18,15,15,16,18,17,17,18,19,15,16,19,20,20,18,17,17
"Rivière-Bonjour (NO), Quebec",2408902,0,0,0,0,0,0,0,0,0,0,0,0,0,0,0,0,0,0,0,0,16,16,16,16,16
"Rivière-Mouchalagane (NO), Quebec",2497906,0,0,0,0,0,0,0,0,0,0,0,0,0,0,0,5,0,0,0,0,15,15,15,15,15
"Baie-de-la-Bouteille (NO), Quebec",2462906,5,5,5,5,5,5,5,5,5,5,5,5,5,5,5,5,6,7,8,9,10,10,9,11,10
"Belle-Rivière (NO), Quebec",2493908,0,0,0,0,0,0,0,0,0,0,0,0,0,0,0,0,0,0,0,0,10,10,10,10,10
"Lac-Casault (NO), Quebec",2407908,2,2,3,4,4,5,5,5,5,5,5,5,5,5,5,5,6,7,8,9,10,10,10,10,10
"Lac-Matapédia (NO), Quebec",2407914,2,1,2,7,10,10,9,9,10,7,5,3,5,6,6,6,5,7,7,10,10,8,12,12,13
"Lac-Matawin (NO), Quebec",2462908,9,9,9,10,10,10,11,12,13,14,15,14,13,12,11,10,10,10,10,10,10,10,10,10,10
"Lac-Normand (NO), Quebec",2435904,0,0,1,1,2,5,6,7,6,6,5,5,5,5,5,5,6,7,8,9,10,10,10,10,10
"Les Lacs-du-Témiscamingue (NO), Quebec",2485907,0,1,2,3,4,5,5,5,5,5,5,8,9,13,14,15,14,13,12,11,10,10,10,10,9
"L'Île-Dorval (V), Quebec",2466092,0,0,0,0,0,0,2,2,3,4,5,5,5,5,5,5,6,7,8,9,10,9,9,9,9
"Linton (NO), Quebec",2434904,2,0,0,0,0,0,0,0,0,0,0,0,0,0,0,0,0,0,0,0,10,10,10,10,10
"Mistissini (VC), Quebec",2499030,0,0,0,0,0,0,0,0,0,0,0,0,0,0,0,0,0,0,0,0,10,10,10,10,10
"Baie-d'Hudson (NO), Quebec",2499904,0,0,0,0,0,0,0,0,0,0,0,0,0,0,0,0,0,0,0,0,5,5,5,5,5
"Hunter's Point (S-É), Quebec",2485803,5,10,15,20,25,32,31,29,29,28,27,23,20,17,13,10,9,8,7,6,5,5,5,5,5
"Lac-Devenyns (NO), Quebec",2462904,2,0,0,0,0,0,0,0,0,0,0,0,0,0,0,0,0,0,0,0,5,5,5,5,5
"Lac-Douaire (NO), Quebec",2479922,0,0,0,0,0,0,0,0,0,0,5,5,5,5,5,5,0,0,0,0,5,5,5,5,5
"Lac-Nilgaut (NO), Quebec",2484902,10,5,5,5,5,5,0,0,0,0,5,5,5,5,5,5,0,0,0,0,5,5,5,5,5
"Lac-Pythonga (NO), Quebec",2483902,5,5,5,5,5,5,6,7,6,6,5,5,5,3,3,5,6,5,4,5,5,5,11,10,10
"Picard (NO), Quebec",2414902,9,6,3,1,0,0,1,2,3,4,5,6,7,8,9,10,9,8,7,6,5,5,5,5,6
"Rivière-de-la-Savane (NO), Quebec",2435906,0,0,0,0,0,0,0,0,0,0,0,0,0,0,0,0,0,0,0,0,5,5,5,5,5
"Akulivik (TI), Quebec",2499883,0,0,0,0,0,0,0,0,0,0,0,0,0,0,0,0,0,0,0,0,0,0,0,0,0
"Aupaluk (TI), Quebec",2499891,0,0,0,0,0,0,0,0,0,0,0,0,0,0,0,0,0,0,0,0,0,0,0,0,0
"Baie-Atibenne (NO), Quebec",2462920,0,0,0,0,0,0,0,0,0,0,0,0,0,0,0,0,0,0,0,0,0,0,0,0,0
"Baie-des-Chaloupes (NO), Quebec",2479920,0,0,0,0,0,0,0,0,0,0,0,0,0,0,0,0,0,0,0,0,0,0,0,0,0
"Baie-Obaoca (NO), Quebec",2462918,0,0,0,0,0,0,0,0,0,0,0,0,0,0,0,0,0,0,0,0,0,0,0,0,0
"Caniapiscau (NO), Quebec",2497908,0,0,0,0,0,0,0,0,0,0,0,0,0,0,0,0,0,0,0,0,0,0,0,0,0
"Cascades-Malignes (NO), Quebec",2483904,0,0,0,0,0,0,0,0,0,0,0,0,0,0,0,0,0,0,0,0,0,0,0,0,0
"Chisasibi (VC), Quebec",2499055,0,0,0,0,0,0,0,0,0,0,0,0,0,0,0,0,0,0,0,0,0,0,0,0,0
"Collines-du-Basque (NO), Quebec",2403904,0,0,0,0,0,0,0,0,0,0,0,0,0,0,0,0,0,0,0,0,0,0,0,0,0
"Coulée-des-Adolphe (NO), Quebec",2404904,0,0,0,0,0,0,0,0,0,0,0,0,0,0,0,0,0,0,0,0,0,0,0,0,0
"Dépôt-Échouani (NO), Quebec",2483912,0,0,0,0,0,0,0,0,0,0,0,0,0,0,0,0,0,0,0,0,0,0,0,0,0
"Doncaster (IRI), Quebec",2478802,0,0,0,0,0,0,0,0,0,0,0,0,0,0,0,0,0,0,0,0,0,0,0,0,0
"Eastmain (VC), Quebec",2499045,0,0,0,0,0,0,0,0,0,0,0,0,0,0,0,0,0,0,0,0,0,0,0,0,0
"Inukjuak (TI), Quebec",2499879,0,0,0,0,0,0,0,0,0,0,0,0,0,0,0,0,0,0,0,0,0,0,0,0,0
"Ivujivik (TI), Quebec",2499885,0,0,0,0,0,0,0,0,0,0,0,0,0,0,0,0,0,0,0,0,0,0,0,0,0
"Kangiqsualujjuaq (TI), Quebec",2499894,0,0,0,0,0,0,0,0,0,0,0,0,0,0,0,0,0,0,0,0,0,0,0,0,0
"Kangiqsujuaq (TI), Quebec",2499888,0,0,0,0,0,0,0,0,0,0,0,0,0,0,0,0,0,0,0,0,0,0,0,0,0
"Kangirsuk (TI), Quebec",2499890,0,0,0,0,0,0,0,0,0,0,0,0,0,0,0,0,0,0,0,0,0,0,0,0,0
"Kawawachikamach (VK), Quebec",2499065,0,0,0,0,0,0,0,0,0,0,0,0,0,0,0,0,0,0,0,0,0,0,0,0,0
"Kuujjuaq (TI), Quebec",2499893,0,0,0,0,0,0,0,0,0,0,0,0,0,0,0,0,0,0,0,0,0,0,0,0,0
"Kuujjuarapik (TI), Quebec",2499877,0,0,0,0,0,0,0,0,0,0,0,0,0,0,0,0,0,0,0,0,0,0,0,0,0
"Lac-Achouakan (NO), Quebec",2493906,0,0,0,0,0,0,0,0,0,0,0,0,0,0,0,0,0,0,0,0,0,0,0,0,0
"Lac-Akonapwehikan (NO), Quebec",2479904,0,0,0,0,0,0,0,0,0,0,0,0,0,0,0,0,0,0,0,0,0,0,0,0,0
"Lac-à-la-Croix (NO), Quebec",2409904,0,0,0,0,0,0,0,0,0,0,0,0,0,0,0,0,0,0,0,0,0,0,0,0,0
"Lac-Alfred (NO), Quebec",2407912,0,0,0,0,0,0,0,0,0,0,0,0,0,0,0,0,0,0,0,0,0,0,0,0,0
"Lac-au-Brochet (NO), Quebec",2495902,1,0,0,0,0,0,0,0,0,0,0,0,0,0,0,5,0,0,0,0,0,0,0,0,0
"Lac-Bazinet (NO), Quebec",2479910,0,0,0,0,0,0,0,0,0,0,0,0,0,0,0,0,0,0,0,0,0,0,0,0,0
"Lac-Blanc (NO), Quebec",2434902,0,0,0,0,0,0,0,0,0,0,0,0,0,0,0,0,0,0,0,0,0,0,0,0,0
"Lac-Boisbouscache (NO), Quebec",2411902,0,0,0,0,0,0,0,0,0,0,0,0,0,0,0,0,0,0,0,0,0,0,0,0,0
"Lac-Boulé (NO), Quebec",2435908,0,0,0,0,0,0,0,0,0,0,0,0,0,0,0,0,0,0,0,0,0,0,0,0,0
"Lac-Cabasta (NO), Quebec",2462919,0,0,0,0,0,0,0,0,0,0,0,0,0,0,0,0,0,0,0,0,0,0,0,0,0
"Lac-Croche (NO), Quebec",2422902,0,0,0,0,0,0,0,0,0,0,0,0,0,0,0,0,0,0,0,0,0,0,0,0,0
"Lac-De La Bidière (NO), Quebec",2479912,0,0,0,0,0,0,0,0,0,0,0,0,0,0,0,0,0,0,0,0,0,0,0,0,0
"Lac-de-la-Maison-de-Pierre (NO), Quebec",2479916,0,0,0,0,0,0,0,0,0,0,0,0,0,0,0,0,0,0,0,0,0,0,0,0,0
"Lac-de-la-Pomme (NO), Quebec",2479902,0,0,0,0,0,0,0,0,0,0,0,0,0,0,0,0,0,0,0,0,0,0,0,0,0
"Lac-des-Dix-Milles (NO), Quebec",2462914,0,0,0,0,0,0,0,0,0,0,0,0,0,0,0,0,0,0,0,0,0,0,0,0,0
"Lac-des-Eaux-Mortes (NO), Quebec",2409902,0,0,0,0,0,0,0,0,0,0,0,0,0,0,0,0,0,0,0,0,0,0,0,0,0
"Lac-Duparquet (NO), Quebec",2487902,0,0,0,0,0,0,0,0,0,0,0,0,0,0,0,0,0,0,0,0,0,0,0,0,0
"Lac-du-Taureau (NO), Quebec",2462922,0,0,0,0,0,0,0,0,0,0,0,0,0,0,0,0,0,0,0,0,0,0,0,0,0
"Lac-Ernest (NO), Quebec",2479924,0,0,0,0,0,0,0,0,0,0,0,0,0,0,0,0,0,0,0,0,0,0,0,0,0
"Lac-Granet (NO), Quebec",2489912,0,0,0,0,0,0,0,0,0,0,0,0,0,0,0,0,0,0,0,0,0,0,0,0,0
"Lac-Jacques-Cartier (NO), Quebec",2421904,0,0,0,0,0,0,0,0,0,0,0,0,0,0,0,0,0,0,0,0,0,0,0,0,0
"Lac-Jérôme (NO), Quebec",2498904,0,0,0,0,0,0,0,0,0,0,0,0,0,0,0,0,0,0,0,0,0,0,0,0,0
"Lac-Juillet (NO), Quebec",2497912,0,0,0,0,0,0,0,0,0,0,0,0,0,0,0,0,0,0,0,0,0,0,0,0,0
"Lac-Lapeyrère (NO), Quebec",2434906,0,0,0,0,0,0,0,0,0,0,0,0,0,0,0,0,0,0,0,0,0,0,0,0,0
"Lac-Legendre (NO), Quebec",2462910,0,0,0,0,0,0,0,0,0,0,0,0,0,0,0,0,0,0,0,0,0,0,0,0,0
"Lac-Lenôtre (NO), Quebec",2483906,0,0,0,0,0,0,0,0,0,0,0,0,0,0,0,0,0,0,0,0,0,0,0,0,0
"Lac-Marguerite (NO), Quebec",2479926,0,0,0,0,0,0,0,0,0,0,0,0,0,0,0,0,0,0,0,0,0,0,0,0,0
"Lac-Masketsi (NO), Quebec",2435902,12,0,0,0,0,5,0,0,0,0,0,0,0,0,0,0,0,0,0,0,0,0,0,0,0
"Lac-Metei (NO), Quebec",2489908,0,0,0,0,0,0,0,0,0,0,0,0,0,0,0,0,0,0,0,0,0,0,0,0,0
"Lac-Minaki (NO), Quebec",2462902,0,0,0,0,0,0,0,0,0,0,0,0,0,0,0,0,0,0,0,0,0,0,0,0,0
"Lac-Moncouche (NO), Quebec",2493904,0,0,0,0,0,0,0,0,0,0,0,0,0,0,0,0,0,0,0,0,0,0,0,0,0
"Lac-Moselle (NO), Quebec",2483908,0,0,0,0,0,0,0,0,0,0,0,0,0,0,0,0,0,0,0,0,0,0,0,0,0
"Lac-Oscar (NO), Quebec",2479914,0,0,0,0,0,0,0,0,0,0,0,0,0,0,0,0,0,0,0,0,0,0,0,0,0
"Lac-Pikauba (NO), Quebec",2416902,1,0,0,0,0,0,0,0,0,0,0,0,0,0,0,0,0,0,0,0,0,0,0,0,0
"Lac-Santé (NO), Quebec",2462916,0,0,0,0,0,0,0,0,0,0,0,0,0,0,0,0,0,0,0,0,0,0,0,0,0
"Lac-Vacher (NO), Quebec",2497914,0,0,0,0,0,0,0,0,0,0,0,0,0,0,0,0,0,0,0,0,0,0,0,0,0
"Lac-Wagwabika (NO), Quebec",2479906,0,0,0,0,0,0,0,0,0,0,0,0,0,0,0,0,0,0,0,0,0,0,0,0,0
"Lalemant (NO), Quebec",2494926,0,0,0,0,0,0,0,0,0,0,0,0,0,0,0,0,0,0,0,0,0,0,0,0,0
"Matchi-Manitou (NO), Quebec",2489902,2,0,0,0,0,0,0,0,0,0,0,0,0,0,0,0,0,0,0,0,0,0,0,0,0
"Mont-Alexandre (NO), Quebec",2402902,0,0,0,0,0,0,0,0,0,0,0,0,0,0,0,0,0,0,0,0,0,0,0,0,0
"Mont-Apica (NO), Quebec",2493902,0,0,0,0,0,0,0,0,0,0,0,0,0,0,0,0,0,0,0,0,0,0,0,0,0
"Nemaska (VC), Quebec",2499040,0,0,0,0,0,0,0,0,0,0,0,0,0,0,0,0,0,0,0,0,0,0,0,0,0
"Petit-Lac-Sainte-Anne (NO), Quebec",2414904,0,0,0,0,0,0,0,0,0,0,0,0,0,0,0,0,0,0,0,0,0,0,0,0,0
"Petit-Mécatina (NO), Quebec",2498912,0,0,0,0,0,0,0,0,0,0,0,0,0,0,0,0,0,0,0,0,0,0,0,0,0
"Quaqtaq (TI), Quebec",2499889,0,0,0,0,0,0,0,0,0,0,0,0,0,0,0,0,0,0,0,0,0,0,0,0,0
"Réservoir-Dozois (NO), Quebec",2489910,0,0,0,0,0,0,0,0,0,0,0,0,0,0,0,0,0,0,0,0,0,0,0,0,0
"Rivière-Koksoak (NO), Quebec",2499902,0,0,0,0,0,0,0,0,0,0,0,0,0,0,0,0,0,0,0,0,0,0,0,0,0
"Rivière-Nipissis (NO), Quebec",2497902,0,0,0,0,0,0,0,0,0,0,0,0,0,0,0,0,0,0,0,0,0,0,0,0,0
"Rivière-Nouvelle (NO), Quebec",2406902,0,0,0,0,0,0,0,0,0,0,0,0,0,0,0,0,0,0,0,0,0,0,0,0,0
"Rivière-Patapédia-Est (NO), Quebec",2407906,0,0,0,0,0,0,0,0,0,0,0,0,0,0,0,0,0,0,0,0,0,0,0,0,0
"Rivière-Saint-Jean (NO), Quebec",2403902,0,0,0,0,0,0,0,0,0,0,0,0,0,0,0,0,0,0,0,0,0,0,0,0,0
"Rivière-Vaseuse (NO), Quebec",2407904,0,0,0,0,0,0,0,0,0,0,0,0,0,0,0,0,0,0,0,0,0,0,0,0,0
"Ruisseau-des-Mineurs (NO), Quebec",2407910,0,0,0,0,0,5,0,0,0,0,0,0,0,0,0,0,0,0,0,0,0,0,0,0,0
"Ruisseau-Ferguson (NO), Quebec",2406904,0,0,0,0,0,0,0,0,0,0,0,0,0,0,0,0,0,0,0,0,0,0,0,0,0
"Saint-Louis-de-Gonzague-du-Cap-Tourmente (PE), Quebec",2421015,2,2,1,1,1,0,0,0,0,0,5,5,5,5,5,5,0,0,0,0,0,0,0,0,0
"Salluit (TI), Quebec",2499887,0,0,0,0,0,0,0,0,0,0,0,0,0,0,0,0,0,0,0,0,0,0,0,0,0
"Sault-au-Cochon (NO), Quebec",2421902,0,0,0,0,0,0,0,0,0,0,0,0,0,0,0,0,0,0,0,0,0,0,0,0,0
"Tasiujaq (TI), Quebec",2499892,0,0,0,0,0,0,0,0,0,0,0,0,0,0,0,0,0,0,0,0,0,0,0,0,0
"Umiujaq (TI), Quebec",2499878,0,0,0,0,0,0,0,0,0,0,0,0,0,0,0,0,0,0,0,0,0,0,0,0,0
"Waskaganish (VC), Quebec",2499035,0,0,0,0,0,0,0,0,0,0,0,0,0,0,0,0,0,0,0,0,0,0,0,0,0
"Waswanipi (VC), Quebec",2499010,0,0,0,0,0,0,0,0,0,0,0,0,0,0,0,0,0,0,0,0,0,0,0,0,0
"Wemindji (VC), Quebec",2499050,0,0,0,0,0,0,0,0,0,0,0,0,0,0,0,0,0,0,0,0,0,0,0,0,0
"Whapmagoostui (VC), Quebec",2499070,0,0,0,0,0,0,0,0,0,0,0,0,0,0,0,0,0,0,0,0,0,0,0,0,0
"Toronto (C), Ontario",3520005,2583704,2603655,2595755,2591737,2595326,2608715,2613670,2626790,2648782,2674738,2704692,2737041,2764175,2788656,2800240,2822610,2856557,2903971,2939364,2952366,2917666,2988742,3134010,3280417,3271830
"Ottawa (CV), Ontario",3506008,806911,818340,827171,832697,838624,846129,855764,869259,883755,898924,912356,922564,932118,941129,949360,964965,985994,1008849,1031510,1052089,1062174,1083498,1116097,1157503,1188114
"Mississauga (CY), Ontario",3521005,638334,654694,667050,679298,690560,697889,707544,714980,723084,730640,735775,738866,741424,740041,738232,744011,747600,752117,761192,758665,747057,748760,762508,781304,764597
"Brampton (CY), Ontario",3521010,341463,365476,387671,410414,433414,456114,476703,496543,511379,526854,542697,555819,569427,582090,596008,615190,631618,652892,673296,688154,687462,702213,744063,783581,777759
"Hamilton (C), Ontario",3525005,510228,514981,518778,520935,522334,523786,524348,526302,528871,532435,535438,539092,542680,545703,548384,553623,562009,569481,578790,588282,594074,602649,616383,633239,640465
"London (CY), Ontario",3539036,350343,354526,357415,360764,363592,366763,368271,371228,372805,375394,377836,380951,383174,386326,389888,396638,406867,418229,428058,435965,441572,456137,473805,490055,494785
"Markham (CY), Ontario",3519036,218268,231802,243408,254168,263390,273609,282968,291462,299759,306833,311373,318023,325250,331712,335813,338936,338876,341063,347690,351799,351943,352745,358953,368764,371504
"Vaughan (CY), Ontario",3519028,191304,205617,217965,229494,239579,249853,259718,270544,279858,290582,297864,304194,308495,311060,313124,315669,317764,322152,329058,333632,336482,339534,344807,354570,358535
"Kitchener (CY), Ontario",3530013,198444,201788,204430,207942,210930,213638,215028,218385,220797,223488,226736,229046,231084,233105,235467,241449,247570,254322,261694,266170,269009,281673,301704,321038,323917
"Windsor (CY), Ontario",3537039,218186,221474,223270,224614,225253,225053,222729,220257,217681,217320,217086,218137,220342,220694,221177,223929,226556,231767,237686,239765,239248,246186,256583,266580,269614
"Oakville (T), Ontario",3524001,150717,154873,159083,164017,168510,172345,176233,180322,183796,185996,187762,189868,192159,194112,196442,199674,202934,208381,214200,219028,222225,226776,232240,238878,243107
"Richmond Hill (T), Ontario",3519038,138233,146528,153445,159737,164880,170325,177244,181783,185114,188397,191405,194031,196609,198822,199920,200677,200180,201319,205806,209062,210046,210393,213922,219336,222031
"Burlington (CY), Ontario",3524002,156873,159585,162264,165705,168655,170876,171989,173570,174992,178580,180964,183128,184379,185546,186615,188512,189081,190144,192509,193853,193848,194803,196632,199089,197737
"Oshawa (CY), Ontario",3518013,144619,144950,145814,146519,146949,147041,147099,148657,149735,152387,154251,155328,157389,159162,161270,164738,167078,171154,175771,180116,183273,188625,196721,207851,213592
"Greater Sudbury / Grand Sudbury (CV), Ontario",3553005,161124,160798,161250,161729,162463,163769,164293,165071,165226,164793,164778,165338,165766,165593,165633,166104,167212,169553,170836,171974,172656,175194,180025,187145,188504
"Barrie (CY), Ontario",3543042,109199,114513,119943,125087,130118,134530,136397,137724,138500,139555,140836,142247,143747,144401,144474,146195,145683,146736,150148,152416,154517,157713,162786,169516,174469
"Guelph (CY), Ontario",3523008,110824,112588,114308,116269,118432,119913,120313,121636,122686,124311,125789,127705,129415,131114,132822,136540,138873,141703,144765,148246,150277,153216,156386,159396,160760
"Whitby (T), Ontario",3518009,91396,95900,100803,105815,110841,116170,118582,120573,122972,124545,125832,128181,129411,130903,131374,132335,133923,135078,136971,140662,144558,149559,154633,158758,162413
"Cambridge (CY), Ontario",3530010,114939,117143,118955,121298,123455,125343,126307,126711,127554,129297,130805,131532,132046,132693,132807,134009,135532,137572,139862,143226,144452,148536,156364,164322,165354
"St. Catharines (CY), Ontario",3526053,134370,134965,135457,136158,136546,136703,135693,134950,134755,135120,135045,135565,135825,135809,136213,136829,137987,139655,141428,142147,142359,145068,149163,152000,153865
"Milton (T), Ontario",3524009,33162,37319,41608,46287,51239,57099,61763,67601,75615,81970,87938,93747,100193,105609,109909,114355,118132,123238,129022,135129,138930,142627,147740,152528,157345
"Kingston (CY), Ontario",3510010,118842,120351,121375,121819,121708,121761,122127,123156,124619,125876,127163,126719,126361,126480,126720,127666,130567,133569,135726,137332,138189,141655,145127,148565,149527
"Ajax (T), Ontario",3518005,77080,80308,83840,87354,90724,94499,99929,104212,107182,110650,113315,115512,117655,119681,122017,123693,124724,126296,128937,131297,132184,133401,135711,138900,141111
"Waterloo (CY), Ontario",3530016,90323,92711,94786,97313,99684,101797,102495,102961,102845,102318,101997,102829,103561,104372,106012,108823,112587,117231,121608,125343,127618,133309,138917,144647,142450
"Thunder Bay (CY), Ontario",3558004,113298,113195,113532,113638,113488,112947,112086,111804,111561,111533,111388,111420,111360,111273,110928,110861,111867,112516,113423,113907,113177,113782,115359,117278,117671
"Brantford (CY), Ontario",3529006,90807,91416,92301,93147,94227,94642,94943,95572,96091,96742,97452,97772,98649,99341,100287,101524,103799,105049,106606,107784,109151,112312,116709,121372,123521
"Chatham-Kent (MU), Ontario",3536020,111506,111153,111268,111160,111758,111853,110663,109459,108286,107054,106198,105569,105065,104733,104106,104188,104765,105367,105872,106885,107928,109096,110124,111341,112716
"Clarington (MU), Ontario",3518017,72765,74331,76140,77887,79482,81048,82469,83477,84512,85798,87244,88996,90320,91648,93125,95099,97471,99513,101138,103207,105906,109305,111648,113530,114180
"Pickering (CY), Ontario",3518001,90552,90747,91226,91522,91544,91237,91326,91399,91172,91226,91269,91633,92529,92953,93703,94605,95749,97058,98891,101596,103593,105758,109143,113576,118378
"Niagara Falls (CY), Ontario",3526043,81992,82674,83311,84085,84692,85008,84832,84651,84415,84915,85356,86340,86956,87759,88854,90688,92303,94096,96078,97304,98274,100351,104512,110804,113983
"Newmarket (T), Ontario",3519048,68688,71653,73818,75545,76553,77508,78271,79126,80273,81537,82440,83474,85047,86056,86110,86790,87348,88031,89585,91012,91487,91822,92877,95430,95763
"Peterborough (CY), Ontario",3515014,74953,75839,76561,77156,77797,78209,78470,79098,79459,80374,81054,81160,81985,82039,82320,83442,84697,86226,86904,87126,87001,88600,91460,96666,97834
"Kawartha Lakes (CY), Ontario",3516010,71978,72892,74239,75271,76312,76846,76152,75910,75297,75048,74916,75486,75689,75889,76454,77262,78398,79375,80200,81091,82166,83709,84289,84822,85351
"Caledon (T), Ontario",3521024,52639,54357,55794,57193,58516,59464,60355,60689,60265,60733,61166,62343,63593,65219,66229,68896,71921,74087,75578,77923,79947,82637,86049,89879,90201
"Sarnia (CY), Ontario",3538030,73600,73855,73918,73919,73910,73814,73890,73847,74159,74091,74251,74091,73771,73632,73322,73455,73659,74459,74973,75038,74779,76410,77886,80182,80539
"Sault Ste. Marie (CY), Ontario",3557061,77381,76986,76923,77007,77313,77469,77406,77322,77223,77197,77016,76617,76607,75882,75551,75134,74628,74311,74831,75207,74679,76016,78101,80979,81182
"Norfolk County (CY), Ontario",3528052,63175,63506,63790,64132,64380,64660,64507,64594,64728,64794,64728,64621,64383,64540,64963,65717,66331,67720,68968,69341,70296,71903,73076,74256,75618
"Halton Hills (T), Ontario",3524015,50268,51717,53161,54839,56371,57579,58290,59044,59539,60224,60666,60949,61343,61837,62282,62992,63727,63961,64908,65388,65417,66331,67779,68491,68265
"Aurora (T), Ontario",3519046,41923,44160,45945,47466,48585,49564,50464,51149,52235,53731,54870,55019,55090,55096,55632,57297,59189,60889,62345,63634,64607,65063,66159,67618,67385
"Welland (CY), Ontario",3526032,50354,50730,51054,51480,51825,52179,52044,51895,51866,52066,52006,52123,52426,52711,53105,53762,54493,55286,56211,56913,58101,59482,61843,64578,66480
"Belleville (CY), Ontario",3512005,47926,48561,48946,49622,50199,50655,50870,50638,50753,50693,50779,50853,50896,51186,51384,52173,53155,54146,54949,56499,57301,58343,59982,61558,62914
"North Bay (CY), Ontario",3548044,54880,55107,55247,55327,55735,55937,55568,55373,55242,55243,55108,54602,54041,53722,53332,52924,53420,53612,54010,54397,54825,56285,58624,61665,62062
"Whitchurch-Stouffville (T), Ontario",3519044,22892,23725,24327,24817,25061,25424,28020,30396,32801,35752,39139,41742,43638,44934,45790,47409,48194,48980,49971,50813,51878,53492,54868,57304,58010
"Haldimand County (CY), Ontario",3528018,45472,45785,46066,46417,46594,46850,46631,46712,46416,46172,46003,45702,45839,45944,46403,46864,47327,48778,49323,50219,51210,52560,53740,54732,56059
"Cornwall (CY), Ontario",3501012,47436,47561,47793,47805,47600,47421,47278,47362,47242,47320,47529,47509,47229,47338,47515,47740,47913,48414,49040,49371,49643,50331,51572,53295,54346
"Georgina (T), Ontario",3519070,40919,42265,43138,43771,43962,44075,43980,44221,44174,44515,44780,45058,45405,45554,46000,46882,47463,47781,48407,48993,49617,50690,51593,53258,53630
"Woodstock (CY), Ontario",3532042,35185,35521,36028,36410,37017,37353,37527,37794,38035,38461,39099,39905,40396,41267,41552,42349,43565,44752,45730,47312,48778,50356,51760,53599,55572
"Quinte West (CY), Ontario",3512015,43022,43413,43529,43829,44057,44230,44258,44403,44065,44096,44241,44193,44107,43967,44275,44818,45688,46737,47437,47780,48343,49392,49942,50436,50385
"New Tecumseth (T), Ontario",3543007,27226,27690,28121,28446,28697,28735,29268,29759,30263,30688,31085,32091,32617,33225,33878,35510,38163,40682,42405,44247,45926,47511,49006,49578,50739
"Innisfil (T), Ontario",3543017,29547,30210,30839,31348,31777,31959,32185,32497,33049,33116,33324,33788,34613,35416,36781,37826,39136,40167,41599,43680,45227,46831,48083,49536,50686
"Bradford West Gwillimbury (T), Ontario",3543014,23220,23712,24206,24585,24897,25057,25333,25533,26001,27289,29185,30725,32449,33924,35249,36653,39513,41101,42355,43462,44909,47174,48659,50011,51346
"St. Thomas (CY), Ontario",3534021,34655,35100,35567,36271,36809,37548,37937,38176,38432,38613,38999,39053,39315,39395,39520,40004,40729,41476,42403,43516,44566,45622,46853,48045,49388
"Timmins (CY), Ontario",3556027,45893,45318,44953,44792,44671,44588,44518,44419,44366,44346,44367,44164,44179,43683,43032,42882,42593,42478,42777,42856,42804,42966,44177,45085,45569
"Lakeshore (T), Ontario",3537064,29991,31120,32049,32937,33788,34601,35259,35281,35123,35156,35535,35843,36148,36483,37037,37709,38687,40104,40647,41383,41988,43256,44719,45646,45954
"Brant (CY), Ontario",3529005,31934,32413,32948,33536,34166,34629,34910,34928,35259,35360,35521,35921,36064,36266,36370,36642,36468,37283,38194,39477,41134,42578,43722,44935,45565
"East Gwillimbury (T), Ontario",3519054,21357,21821,22058,22169,22043,21857,21995,22122,22336,22576,23183,23225,23282,23637,24237,24796,26460,30038,31654,34315,36311,38002,39979,42247,42989
"Orillia (CY), Ontario",3543052,30223,30558,30868,31111,31277,31316,30990,31022,31162,31204,31400,31186,31013,31227,31912,32036,32567,32997,33611,34187,34753,35698,36523,37367,37735
"Stratford (CY), Ontario",3531011,31018,31215,31481,31581,31611,31611,31520,31533,31720,31701,31699,31947,31850,31985,32250,32257,32725,33252,33693,34116,34544,34873,35371,35740,36097
"Fort Erie (T), Ontario",3526003,29245,29606,29930,30295,30643,30899,30952,31029,30931,30651,30728,30823,30892,30949,31125,31512,32243,32642,33124,33586,34089,35058,36082,36601,37226
"LaSalle (T), Ontario",3537034,26378,27083,27607,28066,28450,28775,29235,29343,29125,29187,29417,29579,29946,30053,30375,31133,32030,32844,33050,33602,33991,35287,35810,36347,36452
"Centre Wellington (TP), Ontario",3523025,25182,25550,25878,26290,26723,26971,27031,26973,27035,27185,27417,27892,28028,28122,28412,29017,29791,30617,31063,31514,32325,33098,33555,34139,34565
"Orangeville (T), Ontario",3522014,26323,26707,27146,27582,27912,27957,28138,28162,28216,28512,28758,28699,28892,29430,29639,29747,29956,30153,30711,31086,31431,31627,32124,32400,33070
"Leamington (MU), Ontario",3537003,28290,28841,29232,29583,29845,29909,29927,29891,30494,29582,29168,28839,28729,28859,28467,28443,28896,29641,30335,30715,30875,31983,33214,34335,34653
"Grimsby (T), Ontario",3526065,22183,22707,23220,23771,24315,24827,25088,25279,25474,25706,26052,26496,26668,27101,27719,28094,28472,29123,29528,29699,29986,30390,30708,31264,31478
"King (TP), Ontario",3519049,19229,19697,19985,20190,20216,20093,20017,20055,19995,20128,20476,20960,21896,23114,24325,25342,25804,26800,27663,28089,28380,28841,28916,29281,29077
"Woolwich (TP), Ontario",3530035,18886,19198,19464,19804,20126,20442,21187,21651,22240,22919,23933,24507,24817,25142,25368,25753,26144,26741,26916,27386,28179,29564,30909,31520,31382
"Clarence-Rockland (C), Ontario",3502036,20416,20688,21034,21243,21456,21647,22039,22379,22598,23277,23884,24358,24508,24705,24884,25212,25308,25705,26445,27001,27575,28153,28810,29613,30375
"Lincoln (T), Ontario",3526057,21447,21708,21926,22163,22329,22498,22610,22801,22931,23064,23065,23386,23560,23644,24190,24470,24655,24814,25182,25723,26848,27556,28303,28556,28356
"Prince Edward County (CY), Ontario",3513020,25789,26068,26131,26221,26313,26097,25850,25768,25796,25791,25712,25466,25409,25272,25145,25179,25242,25392,25611,25891,26570,26757,26823,27146,27544
"Wasaga Beach (T), Ontario",3543064,12888,13445,13987,14521,15036,15526,16058,16693,17204,17554,17959,18516,19067,19634,20449,21248,22342,23136,23731,24536,25792,26729,27271,28055,28736
"Collingwood (T), Ontario",3543031,16644,16960,17269,17521,17727,17861,17802,18090,18402,19193,19796,20696,21098,21585,22052,22401,22968,23666,24213,25064,25743,26695,27635,27933,28366
"Thorold (CY), Ontario",3526037,18792,18835,18857,18915,18927,18909,18848,18630,18656,18444,18462,18177,18283,18628,18970,19469,20336,21420,22455,23597,24951,27332,28869,31328,33844
"Strathroy-Caradoc (MU), Ontario",3539015,19897,20118,20244,20412,20542,20693,20899,21172,21308,21490,21508,21608,21527,21293,21211,21516,22223,23153,23563,24106,24838,25719,26284,26560,26497
"Amherstburg (T), Ontario",3537028,21172,21655,21983,22249,22450,22555,22605,22454,22144,22180,22119,22124,22088,22321,22306,22576,22966,23557,23670,24076,24420,25205,26226,27239,27509
"Tecumseh (T), Ontario",3537048,25213,25434,25486,25468,25345,25118,24912,24610,24398,24332,24184,23986,24098,23947,23674,23844,24146,24419,24306,24175,24148,24914,25264,25682,25554
"Essa (TP), Ontario",3543021,17525,17668,17792,17832,17795,17644,17787,18142,18414,18860,19116,19749,20142,20730,21237,21852,22317,22926,23337,23478,24046,24748,24868,25902,26036
"Oro-Medonte (TP), Ontario",3543023,19029,19471,19872,20220,20532,20724,20465,20541,20649,20513,20578,20466,20474,20760,20679,21746,22221,22900,23226,23487,23887,24552,24684,24883,24681
"Kingsville (T), Ontario",3537013,20407,20820,21104,21351,21545,21681,21783,21856,21787,21922,21925,21998,21973,22109,21949,22139,22343,22567,22730,22986,22958,23831,24774,25369,25302
"Brockville (CY), Ontario",3507015,22464,22574,22697,22758,22835,22959,22773,22751,22716,22605,22625,22508,22320,22103,21977,22094,22139,22358,22770,22854,22857,23079,23261,23396,23720
"Springwater (TP), Ontario",3543009,16737,17094,17419,17685,17932,18099,18469,18686,18670,18769,18709,18603,18800,19001,19316,19636,20302,20867,21459,22012,22552,23569,24020,24027,24144
"Scugog (TP), Ontario",3518020,20909,21152,21448,21739,21996,22195,22261,22306,22285,22163,22108,22205,22257,22126,22169,22162,22141,22090,22112,22086,22397,22999,23522,23745,23928
"Owen Sound (CY), Ontario",3542059,22300,22371,22458,22497,22516,22479,22400,22332,22433,22345,22199,21932,21766,21815,21623,21900,21803,21849,22141,22339,22380,22736,23046,23469,24075
"Uxbridge (TP), Ontario",3518029,18024,18384,18789,19184,19540,19878,20319,20640,20960,21136,21161,21343,21493,21509,21850,21705,21969,22231,22312,22238,22367,22456,22546,22718,22618
"Wilmot (TP), Ontario",3530020,15430,15894,16304,16793,17283,17797,18349,18718,18960,19517,19772,20147,20597,20726,20888,21134,21435,21847,21949,22168,22205,22679,23244,23305,22890
"Essex (T), Ontario",3537016,20855,21017,21046,21021,20918,20800,20588,20459,20348,20259,20082,20145,20387,20545,20691,20981,21182,21583,21581,21782,22049,22758,23263,23678,23872
"Huntsville (T), Ontario",3544042,18045,18256,18519,18636,18754,18874,19210,19458,19485,19650,19497,19615,19737,19900,20014,20326,20521,20849,21179,21575,21944,22537,23041,23322,23948
"Cobourg (T), Ontario",3514021,17823,18025,18248,18466,18647,18771,18656,18739,18812,18870,18930,19337,19476,19649,19881,19845,20300,20400,20601,20756,21244,21641,21879,22079,22529
"South Frontenac (TP), Ontario",3510020,17044,17551,17986,18347,18637,18839,18700,18741,18750,18680,18565,18590,18730,18664,18711,19179,19816,20241,20351,20646,20900,21404,21685,21848,21599
"Port Colborne (CY), Ontario",3526011,19135,19170,19205,19245,19245,19215,18974,18924,18926,18919,18863,18926,18820,18840,18677,18805,19325,19784,20169,20548,20742,20929,21388,21782,21921
"Russell (TP), Ontario",3502048,12935,13276,13636,13943,14206,14446,14817,15039,15327,15575,15697,16057,16228,16492,16759,17019,17629,18093,18618,19536,20512,21186,21998,22705,23655
"Niagara-on-the-Lake (T), Ontario",3526047,14325,14471,14590,14744,14873,15054,15335,15475,15581,15629,15760,16005,16342,16858,17324,17985,18625,18939,19273,19412,19704,19949,20129,20153,20080
"Middlesex Centre (MU), Ontario",3539033,14766,15063,15312,15574,15841,16146,16414,16473,16599,16736,16921,17084,17174,17363,17479,17769,18107,18620,18735,18952,19696,20730,21417,21709,21689
"Selwyn (TP), Ontario",3515015,16644,16883,17083,17229,17423,17545,17405,17346,17313,17444,17196,17252,17286,17141,17337,17476,17949,18511,18711,18936,19300,19727,20207,20581,20628
"Petawawa (T), Ontario",3547076,15117,15105,15164,15241,15261,15376,15559,15996,16290,16260,16665,16728,16995,17401,17702,17844,18230,18418,18837,18919,19158,19115,19117,19377,19606
"Pelham (T), Ontario",3526028,15848,16040,16214,16403,16548,16673,16717,16723,16791,16866,17009,17077,16966,17157,17151,17575,18104,18414,18556,18648,18847,19217,19687,19693,19980
"Tillsonburg (T), Ontario",3532004,14594,14706,14874,15006,15179,15330,15272,15372,15445,15624,15672,15981,15999,16071,16094,16309,16782,17241,17720,18130,18733,19516,20268,21006,21450
"North Grenville (MU), Ontario",3507065,14156,14299,14463,14541,14649,14698,14729,15024,15173,15329,15522,15990,16276,16458,16756,16885,17149,17516,17877,18315,18650,18953,19102,19468,19733
"Loyalist (TP), Ontario",3511005,15151,15217,15340,15447,15539,15594,15809,15967,16211,16356,16660,17105,17013,17182,17396,17402,17596,17811,17984,18367,18631,18978,19157,19375,19761
"Midland (T), Ontario",3543074,16787,16903,16980,17003,16997,16863,16948,16869,16782,17014,16979,17043,17139,17147,17230,17293,17757,18110,18203,18236,18484,18905,19250,19284,19305
"Bracebridge (T), Ontario",3544018,14325,14730,15157,15521,15860,16127,15889,15845,15864,15899,15768,16057,16139,16336,16259,16401,16782,17087,17432,17541,17946,18349,18484,18695,18676
"Port Hope (MU), Ontario",3514020,16229,16365,16561,16737,16858,16925,16712,16696,16652,16615,16599,16672,16704,16831,16958,17199,17671,17783,17901,17691,17909,18257,18343,18461,18446
"Greater Napanee (T), Ontario",3511015,15646,15681,15751,15789,15856,15887,15769,15796,15860,15964,15843,16092,16126,16120,16219,16252,16364,16618,17015,17220,17483,17535,17714,17972,18016
"Saugeen Shores (T), Ontario",3541045,11806,11908,12019,12055,12024,12083,12146,12259,12420,12654,12981,13168,13301,13454,13727,14073,14574,15054,15336,15791,16560,16852,17199,17674,18167
"North Perth (MU), Ontario",3531040,12524,12612,12713,12729,12717,12699,12860,12943,12851,12914,12977,13070,13170,13319,13334,13530,14004,14644,15012,15597,16257,16780,17368,17833,18168
"West Lincoln (TP), Ontario",3526021,12808,12998,13176,13364,13528,13692,13875,14073,14098,14155,14239,14362,14608,14752,14758,14915,15247,15526,15597,15761,16111,16339,16556,16531,16586
"Kenora (CY), Ontario",3560010,16417,16283,16223,16102,15856,15711,15674,15808,15826,15691,15731,15599,15543,15454,15392,15467,15661,15556,15516,15464,15629,15572,15575,15723,15892
"Clearview (TP), Ontario",3543005,14318,14441,14554,14612,14647,14573,14637,14614,14333,14196,14096,13985,13997,14134,14246,14564,14765,14903,15037,15241,15414,15980,15912,16301,16571
"Mississippi Mills (T), Ontario",3509030,12105,12163,12204,12213,12163,12146,12181,12308,12554,12445,12690,12738,12814,13114,13294,13439,13809,14225,14472,14769,15298,15606,15768,15984,16073
"St. Clair (TP), Ontario",3538003,15218,15250,15228,15187,15146,15161,15028,15017,14937,14999,14882,14785,14739,14593,14567,14440,14558,14748,14841,14977,15199,15482,15764,15904,15872
"Severn (TP), Ontario",3543015,11530,11754,11976,12164,12326,12382,12559,12660,12604,12658,12693,12942,13149,13359,13600,13622,14206,14578,14678,14886,15124,15467,15713,15773,15716
"West Nipissing / Nipissing Ouest (M), Ontario",3548055,13586,13656,13682,13729,13823,13834,14064,14107,14181,14336,14494,14503,14539,14570,14541,14699,14917,14943,14894,14913,15078,15751,16246,16732,16682
"Pembroke (CY), Ontario",3547064,13985,14065,14154,14227,14285,14404,14452,14619,14625,14676,14709,14649,14506,14310,14892,14148,14269,14432,14620,14771,14920,15122,15255,15327,15479
"Thames Centre (MU), Ontario",3539027,12923,13078,13190,13315,13413,13542,13695,13487,13510,13344,13338,13311,13411,13421,13363,13569,13825,14195,14276,14312,14528,15124,15264,15526,15475
"Guelph/Eramosa (TP), Ontario",3523009,11606,11791,11964,12171,12368,12497,12790,12812,12812,12850,12707,13114,12958,13537,13656,13063,13845,14018,14042,14175,14461,14832,14712,14879,14870
"Ingersoll (T), Ontario",3532018,11436,11572,11736,11898,12069,12229,12283,12444,12358,12352,12502,12643,12650,12672,12865,13159,13414,13766,13975,14069,14346,14428,14687,14780,14911
"Trent Hills (MU), Ontario",3514045,12992,12915,12844,12771,12691,12595,12719,12753,12743,12927,12845,12883,12840,12940,13004,13209,13481,13790,13916,14089,14308,14536,14964,14994,15103
"Central Elgin (MU), Ontario",3534020,12737,12805,12852,12935,13017,13180,13203,13268,13083,13062,13061,12949,13062,12963,12865,12941,13137,13337,13608,13891,14261,14500,14833,15015,15230
"South Stormont (TP), Ontario",3501011,12417,12548,12723,12834,12881,12957,12911,12798,12901,12928,12934,13001,13107,13232,13264,13469,13522,13662,13758,13866,14082,14164,14466,14558,14602
"The Nation / La Nation (M), Ontario",3502025,11024,11049,11119,11146,11118,11112,11066,11311,11459,11771,12075,12357,12439,12634,12936,13195,13192,13439,13576,13640,13917,14141,14459,14688,15122
"South Glengarry (TP), Ontario",3501005,13172,13209,13290,13328,13295,13283,13378,13258,13329,13386,13464,13414,13417,13466,13534,13420,13453,13555,13636,13736,13779,14003,14204,14230,14355
"Gravenhurst (T), Ontario",3544002,11327,11346,11412,11395,11418,11418,11625,11923,12079,12142,12344,12316,12385,12515,12485,12621,12897,13198,13204,13328,13649,14083,14313,14403,14576
"West Grey (MU), Ontario",3542004,12291,12383,12512,12605,12635,12667,12630,12734,12730,12650,12549,12574,12596,12629,12630,12856,13099,13288,13354,13439,13608,13886,14132,14245,14355
"Tiny (TP), Ontario",3543068,9377,9736,10100,10456,10795,11068,11155,11286,11381,11495,11486,11738,11737,11809,12034,12037,12372,12688,12899,13248,13418,13645,13961,14174,14195
"Brock (TP), Ontario",3518039,12517,12480,12469,12450,12424,12358,12093,11937,11845,11724,11624,11597,11675,11707,11803,11956,12024,12151,12437,12636,13144,13486,13640,13779,13710
"Perth East (TP), Ontario",3531030,12528,12557,12578,12542,12476,12453,12405,12326,12360,12286,12352,12410,12600,12531,12541,12619,12558,12644,12849,13059,13105,13283,13189,13324,13423
"Carleton Place (T), Ontario",3509028,9486,9576,9657,9728,9794,9814,9802,9830,9903,10065,10068,10154,10461,10642,10738,10979,11257,11493,11875,12430,13064,13574,13971,14447,14837
"Wellington North (TP), Ontario",3523050,11702,11678,11644,11636,11647,11564,11455,11492,11635,11921,11749,11796,11916,11967,12102,12247,12368,12490,12630,12668,12922,13285,13781,13952,14407
"Kincardine (MU), Ontario",3541024,11435,11558,11600,11612,11517,11526,11472,11427,11419,11400,11456,11452,11469,11583,11494,11727,11957,12103,12252,12547,12748,12798,13012,13171,13169
"Brighton (MU), Ontario",3514004,9828,9983,10178,10313,10467,10595,10763,10909,11049,11147,11174,11453,11697,11795,11970,12113,12305,12415,12603,12462,12504,12672,12734,12821,12900
"Erin (T), Ontario",3523017,11454,11510,11532,11578,11607,11519,11499,11400,11224,11086,11066,11173,11107,11098,11407,11771,11879,12079,12274,12358,12439,12659,12634,12783,12924
"Lambton Shores (MU), Ontario",3538040,10938,11058,11137,11243,11350,11449,11352,11248,11137,11006,10878,10919,10825,10855,10716,10880,11123,11469,11749,11983,12263,12621,12932,12915,12962
"North Dundas (TP), Ontario",3501030,11454,11483,11547,11548,11519,11490,11391,11483,11435,11490,11524,11583,11632,11721,11550,11563,11682,11801,11898,12150,12224,12424,12734,12806,12706
"Meaford (MU), Ontario",3542047,10771,10889,11026,11123,11208,11269,11346,11449,11308,11421,11334,11308,11380,11265,11208,11251,11503,11646,11778,11812,11858,12165,12361,12433,12652
"Norwich (TP), Ontario",3532002,10728,10702,10712,10728,10739,10709,10525,10578,10686,10757,10853,10870,10944,11079,11083,11140,11192,11276,11568,11597,11857,12128,12062,12165,12321
"Wellesley (TP), Ontario",3530027,9733,9857,9938,10063,10152,10164,10328,10515,10602,10905,11024,11294,11644,11530,11605,11566,11630,11670,11615,11605,11767,11975,12253,12341,12413
"Elliot Lake (CY), Ontario",3557041,12313,12175,12086,11991,11896,11776,11680,11709,11655,11613,11534,11277,11010,10881,10843,10955,11185,11475,11496,11585,11706,12063,12279,12351,12317
"Tay (TP), Ontario",3543071,9508,9674,9808,9923,10020,10095,10161,10192,10187,9891,10001,9922,9987,10062,10040,10335,10622,10895,11224,11326,11527,11801,12031,12077,11968
"Georgian Bluffs (TP), Ontario",3542053,10523,10608,10716,10784,10833,10832,10749,10664,10616,10667,10648,10754,11008,11004,11050,10680,10810,11099,11184,11365,11480,11637,11881,11905,12061
"Hamilton (TP), Ontario",3514019,11201,11222,11305,11355,11379,11311,11305,11129,11200,10970,10967,10964,11024,11010,11146,11188,11128,10907,10857,11646,11457,11638,11702,11830,11810
"Adjala-Tosorontio (TP), Ontario",3543003,10489,10656,10832,10974,11080,11076,11043,11021,10981,10939,10894,10998,11064,11123,11212,11236,11292,11381,11538,11397,11440,11658,11754,11893,11948
"South Dundas (MU), Ontario",3501020,11210,11190,11183,11109,11001,10906,10951,10904,10918,11070,11052,11059,11155,11051,11061,11098,11119,11211,11303,11299,11427,11584,11759,11791,11943
"Mapleton (TP), Ontario",3523033,9696,9806,9914,10037,10182,10239,10395,10418,10488,10257,10305,10333,10581,10759,10780,10819,10990,11141,11287,11268,11302,11538,11587,11577,11518
"Rideau Lakes (TP), Ontario",3507040,10041,10183,10316,10435,10536,10642,10607,10505,10576,10555,10419,10417,10511,10489,10576,10522,10712,10898,10856,10998,11258,11699,11885,12079,12148
"North Dumfries (TP), Ontario",3530004,9094,9196,9256,9336,9382,9401,9445,9494,9523,9563,9601,9757,9903,10045,10213,10507,10611,10762,10911,11014,11038,11557,12047,12801,13051
"Grey Highlands (MU), Ontario",3542015,9543,9591,9674,9708,9743,9773,9716,9876,9697,9786,9742,9957,9933,9734,9950,10061,10292,10325,10394,10503,10856,11307,11616,11997,12148
"Ramara (TP), Ontario",3543019,8916,9118,9306,9479,9633,9727,9843,9962,10056,10039,9382,9404,9308,9474,9341,9773,10219,10278,10421,10541,10775,11186,11341,11437,11551
"Hawkesbury (T), Ontario",3502008,10700,10805,10958,11070,11159,11183,11059,11021,10901,10785,10793,10763,10788,10729,10624,10446,10445,10454,10502,10546,10534,10668,10764,11063,11451
"North Glengarry (TP), Ontario",3501050,10983,11015,11074,11088,11032,10964,10895,10948,10832,10617,10459,10585,10453,10339,10298,10339,10417,10325,10241,10260,10493,10576,10790,10763,10772
"Penetanguishene (T), Ontario",3543072,8635,8876,9137,9363,9573,9712,9490,9317,9283,9485,9320,9360,9300,9259,9256,9221,9648,9891,10080,10219,10465,10739,10922,11056,11141
"Cavan Monaghan (TP), Ontario",3515013,8798,8913,8981,9047,9098,9133,9098,9028,9044,8954,8770,8682,8776,8940,9048,9085,9220,9526,9684,10080,10427,10901,11217,11506,11507
"South Huron (MU), Ontario",3540005,10367,10356,10332,10300,10311,10281,10114,10175,10122,10168,10173,10147,10180,10222,10206,10291,10305,10481,10418,10361,10406,10460,10569,10706,10781
"Alfred and Plantagenet (TP), Ontario",3502023,8918,8941,8979,8989,8966,8938,8830,9094,9178,9328,9446,9499,9723,9813,9935,9908,10044,10070,10181,10165,10358,10622,10555,10732,10896
"Leeds and the Thousand Islands (TP), Ontario",3507021,9422,9490,9585,9636,9692,9737,9621,9551,9555,9512,9491,9648,9648,9521,9576,9703,9672,9860,10045,10007,10150,10212,10139,10200,10185
"Brockton (MU), Ontario",3541032,10049,10094,10090,10082,9986,9948,10061,9872,9782,9815,9656,9651,9714,9676,9718,9705,9740,9848,9994,10090,10141,10314,10471,10611,10811
"Temiskaming Shores (CY), Ontario",3554020,11025,10799,10668,10652,10556,10499,10518,10497,10523,10551,10648,10556,10491,10389,10340,10094,10144,10051,9944,10048,10040,10245,10249,10185,10144
"Arnprior (T), Ontario",3547002,7451,7435,7436,7445,7385,7416,7684,7716,7959,8155,8323,8606,8801,8956,8991,9016,9262,9476,9470,9830,9964,10273,10856,11224,11459
"Huron East (MU), Ontario",3540040,10058,10004,9916,9812,9738,9615,9613,9583,9633,9433,9505,9296,9257,9325,9284,9403,9416,9548,9622,9792,9906,10088,10255,10216,10402
"Elizabethtown-Kitley (TP), Ontario",3507014,10187,10227,10274,10276,10287,10267,10160,10217,9959,9863,9720,9827,9730,9948,9780,9870,9773,9730,9641,9674,9882,9930,9971,9828,9886
"Laurentian Valley (TP), Ontario",3547075,9071,9172,9298,9411,9468,9596,9867,9858,9930,9931,9899,10088,10132,9950,9063,9745,9703,9764,9659,9704,9814,9816,9837,9812,9714
"Mono (T), Ontario",3522012,7153,7238,7292,7331,7359,7300,7406,7529,7578,7658,7726,7770,7894,8121,8528,8872,9423,9861,9760,9782,9771,9855,9945,10008,10036
"The Blue Mountains (T), Ontario",3542045,6352,6492,6642,6772,6905,6984,6885,6696,6726,6644,6586,6685,6681,6830,6972,7205,7647,8045,8542,9123,9751,10224,10513,10897,11162
"Malahide (TP), Ontario",3534010,9129,9127,9114,9145,9154,9160,9221,9093,9116,9360,9398,9408,9350,9472,9501,9538,9526,9595,9681,9726,9665,9649,9697,9843,9995
"Smiths Falls (T), Ontario",3509004,9904,9878,9820,9733,9605,9457,9315,9164,9037,9247,9191,9266,9214,9161,9087,8995,9067,9158,9401,9441,9619,9910,10055,10536,11093
"Minto (T), Ontario",3523043,8452,8531,8594,8670,8758,8806,8676,8642,8513,8522,8557,8792,8689,8819,8812,8906,9133,9257,9303,9369,9469,9643,9825,9980,10029
"South Bruce Peninsula (T), Ontario",3541055,8378,8478,8522,8600,8596,8631,8550,8596,8648,8509,8613,8654,8406,8463,8462,8605,8620,8705,8995,9251,9452,9693,9713,9856,9799
"Shelburne (T), Ontario",3522021,4385,4567,4756,4969,5172,5353,5483,5624,5726,5876,6070,6381,6760,7232,7849,8453,8705,8932,9056,9115,9410,9826,9919,10556,10767
"Beckwith (TP), Ontario",3509024,6299,6394,6467,6540,6599,6623,6775,6844,6945,7111,7164,7250,7275,7445,7593,7890,8098,8449,8702,9035,9401,9708,9903,9996,10073
"West Perth (MU), Ontario",3531025,9470,9444,9444,9374,9257,9152,9110,9096,9142,9153,9158,9255,9121,9058,9080,9101,9197,9249,9359,9299,9398,9531,9767,9939,10080
"Southgate (TP), Ontario",3542005,7092,7131,7203,7245,7280,7320,7326,7352,7362,7387,7377,7400,7411,7414,7456,7532,7767,7901,8243,8634,9155,9762,10185,10882,11599
"Zorra (TP), Ontario",3532027,8357,8355,8358,8373,8404,8429,8396,8319,8264,8361,8253,8326,8331,8273,8300,8361,8392,8472,8628,8758,9007,9139,9372,9589,9755
"Champlain (TP), Ontario",3502010,8886,8912,8962,8985,8979,8960,9016,8857,8849,8848,8749,8820,8849,8902,8831,8896,8849,8830,8881,9014,8927,9118,9191,9162,9321
"Plympton-Wyoming (T), Ontario",3538035,7636,7679,7700,7727,7736,7754,7765,7774,7778,7779,7757,7738,7770,7799,7939,7989,8097,8309,8368,8467,8638,9012,9251,9376,9548
"Renfrew (T), Ontario",3547048,8222,8195,8187,8176,8110,8103,8095,8231,8277,8329,8412,8318,8322,8421,8475,8391,8446,8268,8357,8425,8463,8438,8691,8563,8721
"Drummond/North Elmsley (TP), Ontario",3509010,6935,7050,7124,7218,7308,7346,7314,7419,7430,7510,7684,7671,7757,7789,7876,7971,7923,8008,8259,8413,8457,8632,9036,8799,8817
"Kapuskasing (T), Ontario",3556066,9647,9436,9221,9084,8933,8759,8695,8598,8453,8402,8381,8311,8346,8399,8546,8494,8444,8352,8346,8279,8354,8482,8643,8853,8825
"Hanover (T), Ontario",3542029,7137,7186,7260,7290,7339,7397,7490,7520,7618,7636,7682,7673,7668,7779,7782,7881,7948,8024,8131,8148,8258,8441,8411,8555,8723
"Puslinch (TP), Ontario",3523001,6094,6248,6415,6593,6776,6908,6935,7017,7125,7197,7198,7184,7305,7354,7541,7514,7526,7764,7910,8116,8232,8483,8709,8718,8577
"East Zorra-Tavistock (TP), Ontario",3532038,7140,7153,7192,7196,7242,7205,7135,7064,7017,6921,7012,7080,7100,7067,7244,7301,7389,7695,7876,8018,8173,8418,8599,8631,8710
"Goderich (T), Ontario",3540028,7896,7894,7879,7864,7832,7796,7748,7717,7771,7747,7694,7513,7511,7598,7750,7796,7767,7935,7913,8070,8154,8159,8222,8254,8412
"Stone Mills (TP), Ontario",3511030,7615,7682,7714,7757,7798,7806,7785,7848,7733,7860,7727,7784,7869,7963,7808,7900,7851,7901,7992,7973,8131,8274,8442,8447,8523
"Central Huron (MU), Ontario",3540025,8068,8033,8006,7967,7920,7862,7939,8071,7819,7966,7730,7758,7659,7736,7811,7746,7938,7983,8054,7992,8072,8284,8318,8240,8318
"Kirkland Lake (T), Ontario",3554068,8894,8736,8623,8594,8530,8492,8512,8623,8704,8668,8695,8565,8518,8440,8243,8175,8124,8092,8152,8010,8050,7935,7957,8101,8158
"Huron-Kinloss (TP), Ontario",3541015,6465,6553,6620,6678,6683,6722,6651,6742,6762,6913,6958,7107,7175,7261,7276,7230,7346,7626,7839,7802,8036,8367,8354,8518,8445
"Aylmer (T), Ontario",3534011,7418,7372,7337,7340,7338,7333,7358,7270,7272,7292,7357,7460,7427,7528,7586,7697,7875,7777,7928,7969,8019,8053,8098,8211,8371
"St. Marys (T), Ontario",3531016,6526,6584,6664,6730,6775,6842,6831,6827,6844,6851,6831,6972,7083,7203,7312,7448,7544,7564,7680,7833,7969,8094,8245,8202,8203
"South-West Oxford (TP), Ontario",3532012,8053,7982,7955,7899,7887,7827,7858,7726,7782,7695,7724,7701,7693,7733,7831,7832,7841,7820,7893,7956,7955,7998,8040,8100,8375
"Muskoka Lakes (TP), Ontario",3544053,6278,6383,6498,6556,6628,6653,6633,6634,6815,6748,6866,6747,6792,6621,6660,6756,6961,7129,7475,7678,7925,8178,8311,8363,8463
"Douro-Dummer (TP), Ontario",3515023,6916,7001,7063,7106,7151,7176,7118,7088,6934,7035,6973,7144,6995,6811,6641,6922,7076,7346,7515,7677,7923,8207,8405,8557,8379
"McNab/Braeside (TP), Ontario",3547003,7118,7191,7292,7385,7433,7477,7573,7528,7469,7580,7549,7515,7347,7386,7314,7368,7354,7522,7547,7685,7895,8086,8133,8266,8340
"Blandford-Blenheim (TP), Ontario",3532045,7698,7630,7580,7522,7486,7415,7374,7491,7477,7644,7538,7515,7535,7611,7477,7609,7744,7806,7822,7813,7882,7973,8187,8270,8251
"Bluewater (MU), Ontario",3540010,7183,7230,7256,7304,7340,7333,7289,7224,7328,7204,7207,7135,7248,7086,7255,7305,7358,7436,7509,7701,7819,8054,8107,8308,8327
"Edwardsburgh/Cardinal (TP), Ontario",3507004,6915,6917,6934,6938,6908,6873,6895,6913,6836,6876,7114,7160,7161,7172,7195,7270,7331,7485,7640,7745,7794,7868,8002,7858,7952
"Fort Frances (T), Ontario",3559012,8609,8517,8466,8425,8368,8336,8267,8194,8065,8114,8134,8004,7983,7898,7878,7877,7778,7812,7769,7710,7792,7661,7656,7680,7607
"Alnwick/Haldimand (TP), Ontario",3514024,6080,6190,6336,6453,6564,6637,6668,6737,6689,6722,6780,6734,6717,6922,6926,7056,7071,7477,7624,7634,7737,7926,8114,8136,8197
"Kenora, Unorganized (NO), Ontario",3560090,7821,7728,7664,7548,7384,7212,7096,7088,7129,7140,7125,7038,7070,6832,6775,6873,7087,7252,7447,7527,7724,7864,7899,7916,7877
"Dryden (CY), Ontario",3560027,8513,8563,8598,8614,8562,8469,8362,8248,7967,7798,7822,7927,7914,7964,7944,7958,7912,7865,7720,7696,7681,7684,7641,7837,7808
"North Stormont (TP), Ontario",3501042,7135,7130,7143,7124,7071,7002,6970,6927,6991,6976,6956,7027,7031,6963,6994,7066,7129,7098,7283,7454,7644,7739,7772,7965,7946
"Augusta (TP), Ontario",3507006,7927,7899,7885,7830,7792,7718,7967,7817,7759,7786,7589,7329,7399,7465,7492,7530,7523,7503,7484,7638,7637,7809,7739,7887,7767
"Whitewater Region (TP), Ontario",3547056,6764,6781,6823,6874,6855,6866,6849,6944,6935,7124,7079,7109,7156,7061,7151,7179,7180,7202,7384,7386,7490,7687,7659,7762,7899
"Dysart et al (MU), Ontario",3546024,5107,5245,5397,5482,5573,5652,5729,5802,5849,5887,6051,6088,6192,6161,6278,6383,6580,6704,6910,7138,7423,7696,7894,7956,8100
"Bayham (MU), Ontario",3534005,6634,6682,6741,6834,6911,6976,7026,7193,7173,7156,7171,7354,7448,7442,7544,7585,7476,7568,7475,7402,7384,7646,7748,7797,7935
"Otonabee-South Monaghan (TP), Ontario",3515005,6719,6785,6844,6880,6939,6944,6889,6850,6760,6720,6738,6743,6429,6835,6798,6854,7017,7151,7252,7150,7352,7505,7707,8038,8084
"Chatsworth (TP), Ontario",3542037,6531,6556,6604,6608,6614,6607,6624,6566,6547,6550,6605,6533,6604,6579,6585,6822,6977,7207,7280,7290,7347,7544,7645,7770,7770
"Minden Hills (TP), Ontario",3546015,5496,5591,5661,5660,5663,5666,5680,5740,5717,5716,5763,5939,6007,6143,6097,6210,6519,6598,6767,6871,7213,7579,7772,7821,7841
"Arran-Elderslie (MU), Ontario",3541043,6840,6904,6937,6970,6937,6976,6966,7031,6848,7000,6991,6976,7028,6983,7077,6948,7075,7089,7165,7195,7193,7253,7398,7423,7639
"Parry Sound (T), Ontario",3549032,6363,6282,6208,6129,6053,5981,6075,6164,6202,6243,6295,6369,6315,6365,6397,6531,6661,6853,6875,7054,7162,7269,7424,7478,7584
"Wainfleet (TP), Ontario",3526014,6507,6588,6660,6741,6800,6824,6793,6718,6635,6550,6514,6564,6504,6448,6526,6547,6785,6923,6970,7105,7147,7285,7318,7321,7329
"Cramahe (TP), Ontario",3514014,5941,5977,6040,6090,6116,6145,6161,6144,6076,6073,6252,6198,6430,6324,6424,6524,6646,6691,6588,6557,6763,6952,6963,7159,7216
"Perth (T), Ontario",3509021,6211,6202,6186,6157,6112,6066,6061,5981,5981,5983,5959,5926,5939,5965,5962,6059,6074,6236,6352,6536,6685,6722,6813,6856,6972
"Trent Lakes (MU), Ontario",3515044,4537,4713,4897,5070,5259,5408,5359,5318,5266,5242,5200,5235,5299,5371,5424,5536,5787,6059,6261,6460,6641,6806,7007,7303,7357
"North Middlesex (MU), Ontario",3539041,7144,7121,7073,7034,7004,6974,7005,6867,6947,6906,6824,6776,6715,6581,6513,6523,6522,6465,6480,6567,6551,6711,6788,6842,6864
"Six Nations (Part) 40 (IRI), Brant, Ontario",3529020,5764,5826,5899,5976,6066,6109,6160,6212,6273,6333,6358,6212,6081,5943,5802,5678,5864,6003,6169,6323,6490,6688,6925,7178,7298
"Thunder Bay, Unorganized (NO), Ontario",3558090,6462,6539,6636,6722,6780,6765,6598,6400,6253,6175,6048,5738,5746,5832,5938,6012,6016,6189,6289,6352,6432,6669,6804,6832,6831
"Tweed (MU), Ontario",3512030,5804,5820,5802,5820,5798,5801,5972,5975,6042,6103,6181,6135,6179,6160,6061,6213,6170,6248,6278,6230,6261,6458,6472,6510,6504
"Algoma, Unorganized, North Part (NO), Ontario",3557095,6313,6199,6119,6036,5962,5866,5886,5890,5729,5686,5645,5678,5680,5726,5781,5873,6015,5972,6145,6188,6245,6560,6850,6972,7008
"Oliver Paipoonge (MU), Ontario",3558011,6073,6047,6042,6027,5993,5938,5744,5593,5574,5739,5869,6147,6160,6239,6136,6090,6126,6256,6196,6258,6241,6247,6432,6497,6524
"Petrolia (T), Ontario",3538019,5041,5120,5175,5256,5328,5425,5613,5568,5630,5712,5670,5869,5778,5785,5837,5894,5891,5985,6132,6201,6240,6339,6355,6376,6422
"South Bruce (MU), Ontario",3541004,6308,6307,6304,6277,6184,6151,6100,6017,5938,5950,5828,5714,5795,5726,5739,5786,5856,5931,5956,6032,6127,6077,6140,6148,6247
"Southwest Middlesex (MU), Ontario",3539005,6352,6324,6265,6214,6154,6088,6000,5990,5958,5927,6018,5861,5884,5850,5887,5860,5994,6023,6022,6115,6125,6266,6344,6473,6468
"Tay Valley (TP), Ontario",3509015,5642,5716,5761,5790,5814,5782,5874,5839,5667,5840,5671,5760,5798,5715,5718,5783,5782,5871,5916,6010,6113,6269,5991,6140,6171
"Sioux Lookout (MU), Ontario",3560034,5527,5504,5521,5491,5454,5384,5266,5230,5239,5217,5181,5229,5285,5322,5365,5446,5590,5683,5814,5951,6096,6027,6028,5994,6122
"Ashfield-Colborne-Wawanosh (TP), Ontario",3540063,5609,5586,5590,5569,5569,5579,5684,5656,5589,5625,5723,5565,5611,5504,5416,5572,5563,5670,5841,5967,6094,6270,6666,6836,7052
"Lanark Highlands (TP), Ontario",3509039,4976,5063,5139,5208,5291,5336,5311,5288,5284,5256,5255,5336,5282,5368,5488,5457,5624,5624,5831,5952,5959,6154,6290,6391,6370
"Lucan Biddulph (TP), Ontario",3539060,4357,4365,4362,4355,4338,4341,4362,4394,4395,4471,4467,4525,4634,4676,4821,4849,5147,5397,5533,5755,5929,6306,6484,6717,6827
"Cochrane (T), Ontario",3556042,5969,5853,5773,5734,5704,5673,5725,5530,5519,5497,5476,5501,5494,5521,5445,5458,5498,5533,5545,5553,5598,5699,5912,5989,5948
"Gananoque (T), Ontario",3507024,5358,5376,5418,5441,5453,5461,5382,5375,5270,5296,5323,5281,5242,5215,5179,5290,5333,5379,5535,5528,5560,5633,5579,5591,5568
"Seguin (TP), Ontario",3549003,3861,3978,4092,4186,4301,4396,4347,4290,4222,4142,4082,4147,4221,4277,4348,4438,4667,4860,5129,5311,5479,5598,5691,5728,5761
"Espanola (T), Ontario",3552026,5628,5592,5560,5506,5450,5465,5521,5490,5496,5463,5468,5483,5391,5317,5258,5123,5182,5151,5244,5289,5383,5422,5493,5486,5504
"Havelock-Belmont-Methuen (TP), Ontario",3515030,4634,4665,4696,4724,4752,4744,4767,4827,4726,4684,4612,4691,4654,4573,4572,4641,4782,4978,5047,5138,5262,5455,5560,5684,5663
"West Elgin (MU), Ontario",3534042,5652,5609,5575,5566,5532,5526,5535,5477,5354,5333,5270,5289,5124,5124,5150,5104,5111,5147,5268,5127,5260,5343,5469,5522,5566
"North Huron (TP), Ontario",3540055,5184,5176,5170,5159,5165,5201,5082,5057,5180,5014,5010,5017,5038,5102,5047,5041,5052,5003,5152,5150,5253,5354,5460,5408,5411
"Stirling-Rawdon (TP), Ontario",3512020,5068,5090,5077,5088,5097,5084,5129,5077,5044,5080,5098,5098,5134,5155,5029,5014,5074,5062,5160,5080,5197,5337,5427,5539,5489
"East Ferris (MU), Ontario",3548034,4439,4456,4448,4450,4458,4468,4528,4648,4671,4801,4880,4864,4893,4908,5031,4970,5105,5118,5050,5052,5137,5480,5595,5874,5835
"Central Frontenac (TP), Ontario",3510035,4702,4758,4804,4821,4815,4801,4785,4769,4735,4707,4634,4593,4456,4441,4477,4488,4487,4633,4833,4913,5062,5193,5388,5443,5348
"Southwold (TP), Ontario",3534024,4651,4672,4710,4768,4812,4896,4868,4813,4748,4697,4602,4582,4551,4527,4511,4541,4620,4707,4822,4923,5060,5138,5258,5361,5473
"Centre Hastings (MU), Ontario",3512026,4425,4480,4491,4538,4552,4552,4501,4656,4688,4755,4673,4679,4956,4854,5037,4863,5057,5002,4942,5017,4980,5255,5108,5266,5170
"Hearst (T), Ontario",3556076,6116,6005,5942,5904,5870,5810,5672,5529,5400,5300,5217,5224,5242,5230,5205,5187,5136,5103,5049,4955,4965,5038,5037,5068,5032
"Asphodel-Norwood (TP), Ontario",3515003,4133,4199,4261,4302,4352,4374,4312,4219,4167,4064,4159,4055,4132,4145,4183,4213,4412,4548,4614,4742,4854,4982,5141,5213,5308
"Tyendinaga (TP), Ontario",3512001,3853,3919,3971,4032,4089,4160,4218,4280,4293,4256,4185,4283,4272,4231,4194,4377,4368,4408,4539,4716,4712,4916,4998,4948,5005
"Iroquois Falls (T), Ontario",3556031,5447,5311,5186,5081,4983,4866,4757,4778,4772,4705,4699,4665,4612,4651,4600,4640,4665,4524,4535,4553,4583,4605,4668,4696,4640
"Northern Bruce Peninsula (MU), Ontario",3541069,3720,3777,3843,3885,3901,3942,3948,3895,3902,3873,3809,3843,3938,3956,4029,4071,4096,4146,4236,4347,4530,4763,4849,4860,5018
"Hastings Highlands (MU), Ontario",3512076,4131,4151,4141,4151,4151,4123,4372,4285,4215,4229,4257,4273,4106,4189,4217,4160,4220,4266,4396,4456,4515,4658,4757,4894,4957
"Amaranth (TP), Ontario",3522008,3875,3907,3946,3987,4006,3976,4007,4044,4044,4059,4051,3993,3973,3999,4113,4197,4281,4387,4428,4458,4505,4553,4628,4740,4808
"Greenstone (MU), Ontario",3558075,5847,5682,5554,5392,5215,5056,4982,4943,4908,4884,4829,4869,4810,4783,4652,4772,4646,4583,4628,4522,4452,4493,4438,4351,4398
"Marmora and Lake (MU), Ontario",3512046,4124,4114,4092,4077,4068,4027,4075,4226,4183,4221,4143,4100,4049,3988,4018,4043,4123,4214,4267,4328,4416,4499,4474,4529,4761
"Deep River (T), Ontario",3547096,4272,4292,4314,4325,4338,4334,4383,4364,4242,4310,4290,4267,4243,4263,4178,4211,4188,4220,4190,4158,4334,4363,4348,4341,4353
"Dutton/Dunwich (MU), Ontario",3534030,3826,3836,3864,3901,3921,3948,3927,3977,3932,3993,3971,3899,3894,3889,3925,3972,4021,4124,4171,4275,4323,4476,4542,4638,4686
"Red Lake (MU), Ontario",3560042,4387,4453,4551,4611,4659,4713,4601,4610,4683,4736,4786,4789,4720,4586,4374,4221,4196,4211,4259,4191,4248,4205,4258,4279,4285
"Prescott (T), Ontario",3507008,4377,4355,4363,4350,4341,4315,4320,4342,4351,4378,4382,4391,4369,4348,4323,4295,4288,4313,4294,4155,4230,4280,4299,4323,4342
"Howick (TP), Ontario",3540046,3935,3943,3960,3979,3987,4029,3954,3983,3969,3947,3967,3878,3922,3932,4034,3957,4029,4079,4162,4115,4208,4376,4402,4558,4517
"Bancroft (T), Ontario",3512061,4220,4168,4114,4067,4016,3960,3890,3923,4032,3986,3958,3977,3972,3939,3984,3956,3995,4018,3950,4045,4200,4364,4391,4444,4331
"Casselman (VL), Ontario",3502044,3036,3113,3192,3263,3328,3384,3494,3580,3627,3658,3724,3692,3702,3664,3654,3648,3685,3784,3855,4011,4136,4281,4362,4436,4535
"Callander (MU), Ontario",3549066,3294,3367,3435,3485,3531,3589,3677,3759,3822,3904,3962,4086,4066,3956,3949,3960,3923,3990,4059,4078,4097,4093,4064,4002,4021
"Montague (TP), Ontario",3509001,3399,3405,3394,3387,3367,3320,3424,3361,3467,3500,3576,3614,3681,3744,3755,3873,3770,3868,3935,3928,4073,4182,4260,4351,4414
"Madawaska Valley (TP), Ontario",3547030,4558,4544,4554,4548,4530,4503,4443,4378,4396,4462,4356,4385,4334,4256,4182,4199,4145,4117,4076,4062,4047,4222,4237,4146,4151
"Grand Valley (T), Ontario",3522010,2954,2962,2979,2996,2988,2947,2932,2920,2880,2848,2797,2780,2789,2835,2951,3082,3153,3349,3566,3846,4032,4333,4504,4589,4759
"Bonnechere Valley (TP), Ontario",3547035,3716,3721,3743,3753,3764,3767,3869,3780,3931,3827,3845,3748,3929,3775,3792,3752,3839,3828,3905,3936,4025,4161,4133,4249,4326
"Highlands East (MU), Ontario",3546005,3123,3128,3163,3165,3170,3170,3185,3242,3256,3346,3286,3378,3300,3350,3413,3397,3526,3777,3793,3878,3945,4090,4177,4290,4372
"Perth South (TP), Ontario",3531013,4445,4433,4423,4384,4331,4268,4223,4182,4154,4118,4086,3903,4009,3979,3787,3929,3938,3959,3941,3888,3926,3967,3872,3980,4055
"Lake of Bays (TP), Ontario",3544027,2984,3100,3255,3388,3515,3618,3542,3445,3478,3480,3528,3468,3412,3343,3269,3236,3441,3495,3648,3729,3882,4073,3984,4090,4105
"Warwick (TP), Ontario",3538043,4181,4167,4154,4138,4117,4093,3919,3860,3685,3605,3860,3848,3910,3884,3861,3772,3810,3753,3812,3816,3785,3846,3931,4002,3955
"Morris-Turnberry (MU), Ontario",3540050,3629,3601,3577,3550,3522,3511,3560,3461,3451,3540,3497,3529,3578,3553,3511,3583,3525,3682,3627,3688,3740,3803,3837,4036,4028
"Mulmur (TP), Ontario",3522016,3214,3264,3329,3389,3419,3422,3446,3473,3469,3481,3461,3409,3385,3403,3500,3568,3616,3680,3689,3689,3701,3708,3815,3839,3813
"Georgian Bay (TP), Ontario",3544065,2081,2160,2237,2308,2374,2426,2462,2511,2465,2531,2537,2574,2540,2443,2486,2600,2820,3064,3225,3400,3573,3670,3730,3754,3798
"East Hawkesbury (TP), Ontario",3502001,3537,3529,3546,3536,3512,3476,3488,3414,3395,3464,3407,3417,3413,3405,3366,3372,3395,3400,3435,3462,3544,3675,3674,3715,3787
"Blind River (T), Ontario",3557038,4106,4041,3998,3956,3913,3862,3897,3870,3758,3711,3629,3595,3589,3592,3565,3540,3482,3575,3539,3538,3537,3541,3682,3637,3692
"Powassan (MU), Ontario",3549060,3373,3401,3402,3406,3400,3399,3360,3391,3379,3419,3457,3459,3450,3483,3453,3539,3480,3365,3407,3359,3445,3561,3636,3655,3657
"Sables-Spanish Rivers (TP), Ontario",3552023,3363,3381,3366,3365,3334,3323,3198,3249,3224,3260,3126,3114,3133,3149,3191,3272,3247,3291,3299,3298,3346,3429,3422,3432,3412
"Shuniah (MU), Ontario",3558028,2566,2651,2746,2840,2925,2988,2932,2893,2858,2827,2799,2807,2818,2832,2842,2872,3001,3063,3163,3262,3345,3369,3408,3449,3458
"Timiskaming, Unorganized, West Part (NO), Ontario",3554094,3360,3374,3379,3431,3453,3463,3352,3276,3148,3050,2972,3085,3163,3163,3251,3317,3279,3278,3255,3243,3309,3414,3461,3555,3606
"Horton (TP), Ontario",3547046,2672,2716,2773,2821,2858,2882,2820,2859,2829,2797,2792,2825,2859,2899,2926,2972,3006,3138,3175,3218,3284,3329,3356,3452,3550
"Marathon (T), Ontario",3558059,4584,4471,4374,4263,4127,3998,3903,3761,3644,3479,3447,3493,3504,3447,3388,3360,3318,3330,3339,3269,3258,3275,3235,3211,3223
"Melancthon (TP), Ontario",3522019,2839,2888,2930,2973,3003,2995,2980,2971,2938,2923,2911,2882,2879,2913,3013,3099,3148,3214,3232,3241,3258,3400,3456,3593,3581
"Merrickville-Wolford (VL), Ontario",3507052,2910,2913,2943,2954,2952,2948,2938,2918,2804,2946,2915,2924,2990,3025,3104,3126,3148,3232,3270,3275,3230,3395,3387,3431,3411
"North Algona Wilberforce (TP), Ontario",3547070,2829,2852,2883,2902,2915,2931,2856,2899,2835,2874,2958,2919,2863,3016,2922,2986,3001,3034,3101,3144,3227,3245,3337,3301,3290
"Athens (TP), Ontario",3507042,3188,3196,3229,3225,3217,3201,3243,3197,3168,3153,3202,3213,3154,3131,3075,3094,3070,2973,3007,3111,3147,3106,3132,3101,3078
"Adelaide-Metcalfe (TP), Ontario",3539047,3203,3223,3238,3256,3264,3267,3293,3270,3275,3174,3103,3233,3144,3100,3124,3064,3110,3107,3141,3116,3131,3177,3197,3256,3196
"Admaston/Bromley (TP), Ontario",3547043,2929,2893,2878,2854,2819,2808,2904,2873,2876,2831,2931,2935,2900,2999,3029,3007,3071,2990,3029,3135,3102,3055,3081,3111,3086
"Laurentian Hills (T), Ontario",3547090,2853,2835,2844,2859,2867,2906,2843,2876,2954,2921,2891,2954,2959,2912,3016,3043,2996,2950,3005,2973,3014,3084,3100,3096,3147
"Sudbury, Unorganized, North Part (NO), Ontario",3552093,2942,2844,2739,2636,2520,2427,2401,2373,2339,2330,2316,2404,2486,2575,2665,2750,2748,2770,2879,2894,2982,3060,3048,3058,3083
"North Kawartha (TP), Ontario",3515037,2221,2268,2310,2339,2380,2393,2423,2374,2399,2330,2337,2334,2385,2402,2432,2551,2641,2732,2766,2883,2967,3087,3199,3251,3355
"Greater Madawaska (TP), Ontario",3547008,2374,2460,2553,2645,2744,2819,2769,2715,2653,2589,2527,2625,2616,2621,2595,2565,2660,2783,2809,2880,2957,3071,3188,3219,3234
"Enniskillen (TP), Ontario",3538016,3374,3354,3331,3305,3259,3220,3076,3222,3039,3060,2998,2893,2972,2914,2901,2854,2834,2867,2858,2818,2925,3025,3087,3125,3174
"French River / Rivière des Français (M), Ontario",3552001,2893,2869,2837,2786,2727,2719,2699,2604,2563,2560,2487,2535,2571,2622,2676,2690,2710,2728,2769,2801,2923,3089,3137,3128,3178
"East Garafraxa (TP), Ontario",3522001,2293,2334,2387,2435,2478,2460,2542,2554,2615,2639,2659,2708,2674,2582,2639,2654,2720,2798,2835,2865,2900,2910,2870,2934,2976
"Wikwemikong Unceded (IRI), Ontario",3551043,2515,2496,2482,2493,2469,2450,2549,2539,2560,2649,2633,2585,2560,2597,2552,2561,2595,2712,2750,2766,2869,2888,2931,2908,2875
"McDougall (MU), Ontario",3549031,2698,2714,2741,2760,2772,2786,2793,2791,2783,2777,2764,2756,2760,2753,2752,2763,2730,2800,2781,2813,2816,2896,2957,2982,3002
"Wawa (MU), Ontario",3557076,3801,3676,3581,3477,3397,3314,3289,3199,3087,3045,3055,3036,2977,2974,2971,2972,2929,2886,2886,2815,2810,2899,2902,2941,2943
"Markstay-Warren (MU), Ontario",3552013,2720,2677,2636,2593,2553,2542,2506,2469,2421,2400,2356,2424,2484,2560,2642,2716,2711,2801,2750,2770,2805,2847,2935,3002,2990
"Perry (TP), Ontario",3549014,2332,2288,2246,2190,2127,2079,2152,2201,2257,2328,2376,2446,2454,2448,2501,2514,2592,2665,2713,2712,2742,2804,2841,2852,2866
"Atikokan (T), Ontario",3559001,3740,3661,3591,3515,3442,3380,3267,3182,2987,2884,2841,2807,2789,2805,2797,2799,2829,2790,2748,2711,2716,2744,2739,2787,2796
"Northeastern Manitoulin and the Islands (MU), Ontario",3551017,2638,2675,2698,2732,2745,2780,2713,2807,2831,2747,2745,2759,2838,2694,2772,2747,2696,2697,2692,2726,2715,2736,2814,2760,2764
"Front of Yonge (TP), Ontario",3507017,2744,2773,2815,2842,2873,2891,2907,2798,2852,2859,2804,2769,2742,2698,2739,2650,2696,2667,2623,2686,2692,2728,2726,2753,2773
"Algonquin Highlands (TP), Ontario",3546018,1915,1937,1990,2014,2037,2050,2079,2109,2128,2146,2230,2298,2316,2339,2360,2385,2452,2491,2539,2582,2671,2769,2841,2863,2915
"Black River-Matheson (TP), Ontario",3556014,3020,2935,2868,2814,2755,2687,2630,2594,2558,2515,2465,2466,2478,2478,2476,2497,2537,2586,2664,2666,2660,2791,2803,2866,2899
"Cochrane, Unorganized, North Part (NO), Ontario",3556092,3114,2981,2869,2764,2649,2544,2648,2754,2871,3005,3139,3104,3078,3036,2985,2928,2856,2787,2740,2682,2638,2663,2720,2762,2770
"Tyendinaga Mohawk Territory (IRI), Ontario",3512004,1460,1481,1492,1517,1543,1590,1809,2023,2235,2452,2658,2561,2600,2681,2724,2652,2638,2602,2599,2642,2628,2796,2829,2940,3028
"Addington Highlands (TP), Ontario",3511035,2457,2477,2498,2517,2553,2552,2550,2567,2495,2542,2551,2551,2479,2417,2384,2369,2465,2447,2524,2552,2616,2673,2715,2734,2827
"Parry Sound, Unorganized, Centre Part (NO), Ontario",3549096,2274,2321,2373,2404,2445,2469,2423,2475,2397,2364,2300,2243,2217,2199,2139,2188,2255,2400,2443,2483,2560,2687,2801,2841,2877
"Killaloe, Hagarty and Richards (TP), Ontario",3547033,2583,2593,2605,2631,2629,2631,2602,2592,2551,2488,2451,2484,2417,2425,2409,2482,2459,2512,2497,2528,2483,2469,2505,2542,2505
"Brooke-Alvinston (MU), Ontario",3538015,2894,2876,2851,2822,2790,2751,2808,2788,2739,2663,2604,2630,2513,2487,2498,2477,2421,2419,2403,2434,2457,2473,2522,2539,2557
"Pikangikum 14 (IRI), Ontario",3560077,1425,1543,1681,1823,1991,2186,2198,2218,2268,2268,2309,2318,2310,2291,2263,2130,2194,2237,2303,2363,2428,2429,2437,2446,2458
"North Frontenac (TP), Ontario",3510045,1868,1897,1918,1945,1961,1976,1973,1984,1959,1925,1889,1840,1886,1948,1921,1941,2062,2130,2162,2203,2343,2402,2457,2508,2515
"Neebing (MU), Ontario",3558001,2127,2146,2177,2202,2231,2253,2201,2162,2123,2084,2037,2119,2140,2161,2175,2103,2217,2178,2249,2285,2326,2340,2376,2381,2390
"Madoc (TP), Ontario",3512036,2090,2098,2101,2115,2119,2114,2134,2232,2223,2145,2221,2250,2181,2167,2096,2133,2074,2205,2333,2351,2303,2373,2415,2455,2467
"Central Manitoulin (MU), Ontario",3551006,1946,1952,1967,1952,1953,1984,1975,1946,1945,1983,1983,2081,2119,2086,2066,2108,2119,2127,2178,2198,2296,2361,2377,2372,2386
"Bonfield (TP), Ontario",3548027,2136,2111,2080,2062,2047,2019,2023,2030,2041,2053,2068,2138,2141,2093,2016,2048,2039,2092,2130,2201,2227,2335,2469,2592,2597
"Sandy Lake 88 (IRI), Ontario",3560071,1776,1807,1851,1874,1908,1919,1872,1902,1946,2016,1902,1915,1927,2005,2058,2072,1939,2104,2116,2132,2188,2162,2167,2158,2175
"Dawn-Euphemia (TP), Ontario",3538007,2459,2430,2388,2338,2302,2268,2201,2167,2142,2173,2089,2074,2010,1956,1963,2023,1986,2082,2157,2101,2050,2158,2131,2109,2127
"Manitouwadge (TP), Ontario",3558066,3055,2924,2804,2666,2520,2362,2246,2211,2180,2131,2158,2082,2076,2010,1954,1992,1987,1989,2032,2028,2043,2030,2026,2058,2052
"Chapleau (TP), Ontario",3552092,2932,2837,2728,2625,2506,2418,2371,2324,2277,2196,2159,2153,2164,2079,2056,2000,1990,1987,1988,1991,2017,2005,1984,2005,2044
"Point Edward (VL), Ontario",3538031,2174,2157,2139,2115,2098,2083,2111,2137,2132,2122,2072,2077,2105,2132,2082,2081,2081,2032,2036,2014,1985,2001,2060,2033,1989
"Frontenac Islands (TP), Ontario",3510005,1693,1745,1803,1841,1880,1913,1903,1901,1903,1903,1903,1916,1868,1851,1800,1798,1852,1947,1947,1951,1983,2030,1999,1987,1963
"Mattawa (T), Ontario",3548021,2344,2281,2217,2148,2114,2053,2099,1984,1993,2056,2076,2107,2100,2065,2063,2033,2063,2043,2008,1925,1951,1997,2047,2135,2193
"Huron Shores (MU), Ontario",3557035,1856,1831,1804,1777,1768,1743,1762,1803,1772,1739,1759,1763,1732,1777,1678,1704,1749,1799,1867,1942,1909,1975,2001,2031,2030
"Akwesasne (Part) 59 (IRI), Ontario",3501007,1491,1511,1538,1557,1572,1589,1625,1662,1638,1692,1658,1694,1771,1754,1884,1741,1756,1772,1794,1815,1835,1858,1896,1928,1947
"Nipissing (TP), Ontario",3549071,1608,1624,1652,1669,1681,1693,1687,1691,1740,1723,1742,1677,1705,1686,1720,1745,1710,1687,1732,1786,1813,1801,1811,1862,1840
"Deseronto (T), Ontario",3512002,1868,1874,1880,1886,1886,1893,1895,1891,1887,1887,1883,1869,1853,1835,1822,1835,1732,1799,1885,1866,1808,1848,1911,1897,1844
"Magnetawan (MU), Ontario",3549043,1393,1449,1504,1551,1598,1647,1616,1571,1499,1525,1473,1477,1427,1446,1404,1429,1523,1574,1624,1736,1807,1843,1897,1876,1888
"Walpole Island 46 (IRI), Ontario",3538004,1926,1940,1941,1950,1952,1952,1952,1951,1950,1953,1966,1910,1846,1782,1705,1636,1636,1648,1654,1749,1721,1762,1795,1829,1836
"Nipissing 10 (IRI), Ontario",3548073,1432,1436,1447,1455,1462,1455,1403,1462,1464,1432,1499,1536,1574,1656,1629,1636,1682,1653,1688,1712,1704,1737,1821,1928,1853
"Faraday (TP), Ontario",3512058,1632,1641,1626,1621,1624,1628,1567,1569,1647,1560,1486,1518,1502,1491,1446,1427,1462,1562,1632,1617,1669,1691,1678,1733,1820
"Nipissing, Unorganized, North Part (NO), Ontario",3548094,1925,1915,1900,1891,1885,1853,1884,1834,1892,1922,1885,1861,1902,1859,1863,1818,1761,1782,1712,1614,1647,1726,1808,1831,1843
"Attawapiskat 91A (IRI), Ontario",3560051,1357,1371,1396,1405,1403,1389,1384,1397,1422,1438,1458,1469,1480,1494,1515,1553,1516,1515,1579,1654,1640,1679,1655,1660,1667
"Strong (TP), Ontario",3549046,1418,1410,1407,1401,1385,1363,1365,1366,1361,1360,1377,1389,1430,1402,1433,1466,1560,1530,1464,1549,1609,1636,1646,1589,1624
"Brudenell, Lyndoch and Raglan (TP), Ontario",3547020,1620,1602,1602,1582,1562,1550,1587,1625,1618,1665,1687,1623,1573,1574,1548,1531,1564,1510,1528,1540,1603,1642,1660,1667,1656
"Moosonee (TV), Ontario",3556106,1014,1200,1391,1603,1845,2075,1971,2003,1870,1828,1778,1722,1611,1630,1597,1517,1553,1586,1550,1543,1584,1560,1548,1543,1510
"Terrace Bay (TP), Ontario",3558054,2018,1950,1891,1826,1758,1666,1558,1576,1572,1490,1508,1525,1556,1555,1609,1656,1638,1613,1610,1621,1577,1615,1592,1582,1553
"Macdonald, Meredith and Aberdeen Additional (TP), Ontario",3557051,1514,1518,1536,1549,1579,1598,1623,1542,1544,1499,1505,1531,1548,1579,1610,1645,1593,1592,1600,1547,1573,1638,1637,1689,1771
"Carling (TP), Ontario",3549036,1097,1107,1120,1138,1150,1160,1142,1168,1218,1244,1273,1248,1265,1185,1154,1156,1242,1363,1387,1459,1540,1548,1588,1599,1609
"Fort Albany (Part) 67 (IRI), Kenora,Ontario",3560050,0,1,2,4,4,39,315,603,906,1234,1566,1549,1532,1508,1474,1451,1470,1478,1490,1508,1521,1520,1525,1530,1538
"Nipigon (TP), Ontario",3558044,2034,1983,1942,1897,1856,1804,1765,1740,1718,1696,1669,1674,1676,1675,1669,1674,1636,1591,1580,1542,1520,1586,1601,1620,1624
"Armour (TP), Ontario",3549019,1370,1358,1350,1324,1315,1286,1312,1336,1355,1376,1392,1419,1357,1400,1446,1441,1465,1413,1513,1453,1513,1560,1634,1654,1698
"St. Joseph (TP), Ontario",3557008,1241,1218,1204,1191,1176,1157,1176,1193,1204,1216,1220,1268,1222,1236,1287,1260,1342,1370,1345,1407,1482,1510,1567,1587,1560
"Englehart (T), Ontario",3554052,1645,1605,1583,1569,1545,1524,1563,1575,1506,1539,1547,1512,1485,1543,1484,1503,1487,1429,1434,1477,1481,1489,1517,1552,1559
"McKellar (TP), Ontario",3549028,966,989,1020,1047,1080,1107,1122,1135,1141,1150,1161,1153,1149,1139,1131,1135,1215,1290,1355,1411,1461,1493,1516,1525,1534
"Rainy River, Unorganized (NO), Ontario",3559090,1560,1543,1509,1480,1457,1449,1369,1322,1332,1231,1182,1210,1243,1298,1344,1409,1449,1483,1508,1476,1445,1547,1517,1511,1498
"Factory Island 1 (IRI), Ontario",3556094,1514,1492,1499,1518,1528,1532,1457,1426,1446,1487,1455,1525,1542,1523,1555,1615,1560,1495,1507,1505,1433,1453,1484,1507,1511
"Oneida 41 (IRI), Ontario",3539021,1482,1504,1522,1545,1569,1585,1542,1495,1439,1378,1316,1295,1277,1259,1245,1232,1271,1313,1349,1381,1406,1454,1506,1553,1565
"St.-Charles (MU), Ontario",3552004,1284,1254,1239,1224,1192,1187,1240,1295,1319,1276,1307,1274,1259,1272,1258,1298,1294,1276,1323,1381,1404,1482,1551,1603,1654
"Chisholm (TP), Ontario",3548031,1278,1294,1311,1331,1351,1359,1337,1319,1304,1296,1293,1291,1285,1325,1313,1326,1350,1346,1340,1358,1362,1405,1461,1524,1593
"Thessalon (T), Ontario",3557028,1431,1401,1377,1370,1362,1346,1334,1335,1345,1371,1294,1329,1358,1331,1314,1307,1255,1297,1307,1251,1302,1375,1368,1338,1363
"Curve Lake First Nation 35 (IRI), Ontario",3515019,987,1018,1034,1061,1077,1095,1080,1065,1049,1041,1030,1024,1035,1048,1093,1087,1118,1148,1187,1214,1289,1321,1360,1418,1428
"Kettle Point 44 (IRI), Ontario",3538056,863,904,942,983,1020,1056,1033,1012,991,974,966,991,1013,1033,1044,1042,1090,1144,1194,1240,1276,1307,1332,1358,1363
"Emo (TP), Ontario",3559019,1375,1357,1340,1335,1331,1346,1358,1294,1314,1268,1279,1276,1280,1307,1322,1355,1388,1346,1375,1264,1249,1284,1255,1247,1255
"Ignace (TP), Ontario",3560001,1759,1715,1672,1626,1557,1473,1407,1348,1291,1243,1225,1231,1185,1165,1194,1235,1258,1237,1219,1226,1240,1237,1258,1243,1210
"Armstrong (TP), Ontario",3554036,1269,1239,1221,1230,1216,1192,1199,1216,1220,1233,1247,1244,1237,1225,1210,1189,1196,1204,1209,1216,1238,1253,1260,1264,1269
"Smooth Rock Falls (T), Ontario",3556048,1912,1826,1748,1671,1595,1513,1456,1420,1413,1410,1400,1423,1384,1372,1331,1360,1351,1299,1277,1257,1233,1260,1276,1290,1259
"Moonbeam (TP), Ontario",3556056,1260,1273,1287,1304,1324,1332,1282,1234,1195,1150,1130,1150,1172,1164,1170,1267,1236,1222,1183,1168,1198,1200,1252,1271,1262
"Laird (TP), Ontario",3557011,1060,1066,1076,1087,1101,1109,1104,1099,1090,1087,1079,1029,1071,1079,1071,1079,1085,1125,1133,1190,1164,1140,1208,1248,1221
"Sagamok (IRI), Ontario",3557071,913,908,914,915,920,920,950,979,1006,1039,1065,1064,1116,1163,1148,1170,1194,1166,1200,1149,1156,1180,1215,1250,1200
"South River (VL), Ontario",3549056,1079,1089,1079,1069,1088,1100,1142,1100,1138,1084,1074,1086,1101,1110,1122,1142,1153,1166,1119,1179,1141,1233,1204,1219,1211
"Deer Lake (IRI), Ontario",3560070,791,780,771,761,743,713,716,729,747,764,792,846,817,879,879,902,934,984,1048,1107,1137,1089,1072,1025,1030
"Garden River 14 (IRI), Ontario",3557074,901,917,940,967,998,1028,1047,1095,1112,1119,1144,1135,1186,1166,1146,1156,1174,1196,1157,1149,1113,1137,1171,1205,1205
"Kasabonika Lake (IRI), Ontario",3560096,774,764,754,740,727,713,737,770,811,852,903,875,881,901,882,882,930,972,1017,1065,1105,1092,1077,1080,1107
"Whitestone (MU), Ontario",3549039,883,914,951,981,1017,1048,1028,1008,981,958,935,923,937,947,935,933,970,1031,1030,1052,1104,1129,1146,1153,1160
"South Algonquin (TP), Ontario",3548001,1321,1317,1318,1310,1302,1288,1253,1261,1233,1230,1236,1198,1196,1179,1151,1113,1113,1110,1081,1089,1090,1104,1143,1157,1151
"Kitchenuhmaykoosib Aaki 84 (IRI), Ontario",3560075,465,547,632,723,831,954,947,952,961,961,934,959,984,1008,1032,1050,1021,1050,1071,1078,1078,1072,1099,1087,1092
"Schreiber (TP), Ontario",3558051,1492,1380,1276,1159,1044,936,973,1016,1062,1109,1151,1126,1135,1143,1092,1084,1081,1057,1053,1054,1078,1066,1081,1100,1068
"Lac Seul 28 (IRI), Ontario",3560056,736,757,787,815,837,856,854,864,876,885,904,921,937,957,977,1006,1021,1030,1040,1054,1065,1064,1067,1071,1076
"Six Nations (Part) 40 (IRI), Haldimand-Norfolk, Ontario",3528037,762,776,787,797,810,829,861,896,924,950,970,952,939,930,928,927,948,982,1011,1033,1060,1088,1113,1134,1162
"Machin (MU), Ontario",3560021,1179,1145,1118,1090,1049,1006,993,936,923,934,959,937,946,977,989,993,1042,1004,994,1054,1048,1048,1051,1055,1060
"Chippewas of Rama First Nation (IRI), Ontario",3543050,627,676,728,776,828,879,883,886,885,890,897,906,910,910,911,911,967,986,958,1049,1044,1076,1102,1129,1149
"Cobalt (T), Ontario",3554008,1262,1247,1243,1261,1260,1251,1263,1205,1186,1161,1158,1157,1127,1178,1115,1155,1079,1044,1072,1000,1036,966,947,928,942
"Assiginack (TP), Ontario",3551011,962,966,954,945,937,930,929,951,956,963,977,1035,1038,1037,1012,1027,1025,1019,995,1016,1033,1069,1063,1095,1137
"Fort Hope 64 (IRI), Ontario",3560053,1055,1082,1115,1138,1180,1181,1168,1095,1129,1112,1098,1080,1033,1015,1053,1042,1036,1041,1047,1004,1023,1031,1040,980,985
"Prince (TP), Ontario",3557066,1048,1031,1027,1028,1026,1003,1014,1026,1032,1043,1055,1051,1040,1037,1037,1034,1026,1021,1020,1015,1018,1055,1054,1127,1113
"Hornepayne (TP), Ontario",3557096,1419,1380,1346,1312,1283,1245,1254,1233,1172,1126,1074,1085,1015,1030,997,1012,990,1001,1028,1000,1015,1022,1092,1075,1110
"Fort William 52 (IRI), Ontario",3558003,617,674,739,801,866,923,912,907,903,895,889,912,938,966,990,1008,999,987,995,1004,1012,1011,1023,1035,1038
"Papineau-Cameron (TP), Ontario",3548013,1038,1048,1063,1069,1090,1090,1025,1017,1030,1010,1002,1013,1021,1032,1035,1043,1009,1008,1004,1008,1008,1008,1088,1122,1136
"The Archipelago (TP), Ontario",3549005,522,534,546,558,571,591,592,590,586,583,578,544,546,554,543,552,648,713,832,908,1006,1029,1045,1051,1057
"Kearney (T), Ontario",3549018,798,802,803,808,804,821,801,831,815,841,859,830,839,890,882,900,918,909,890,928,1005,1027,1043,1049,1055
"Machar (TP), Ontario",3549054,879,883,887,886,889,889,864,960,916,956,932,974,950,964,912,902,897,933,962,954,998,976,955,946,958
"Burk's Falls (VL), Ontario",3549022,974,959,955,943,931,919,921,982,966,953,992,936,1017,971,1027,995,967,1001,1018,1031,997,1017,989,1029,1031
"Alberton (TP), Ontario",3559011,989,986,988,994,990,984,959,930,898,882,890,901,914,943,965,991,988,985,982,982,996,1019,1001,964,977
"Carlow/Mayo (TP), Ontario",3512065,864,879,899,929,955,981,963,950,904,950,908,906,929,910,894,889,976,953,971,966,986,1054,1098,1082,1048
"Sundridge (VL), Ontario",3549048,1017,1005,996,990,974,955,1018,967,957,985,1004,1021,991,980,953,988,1001,1002,1038,966,968,946,1013,1015,1056
"Ear Falls (TP), Ontario",3560032,1197,1196,1210,1217,1212,1183,1141,1118,1098,1048,1057,1055,1021,1050,1038,1021,956,977,969,971,960,960,963,966,971
"M'Chigeeng 22 (IRI), Ontario",3551045,757,767,776,784,789,797,819,848,875,896,917,909,891,878,909,904,930,915,950,947,959,981,997,1000,989
"Weagamow Lake 87 (IRI), Ontario",3560059,732,736,741,741,745,726,742,759,773,808,818,858,868,896,921,908,943,949,971,978,958,936,943,947,971
"McMurrich/Monteith (TP), Ontario",3549012,793,799,807,810,812,816,814,802,779,814,794,783,787,832,834,846,861,895,904,912,939,993,969,961,940
"Red Rock (TP), Ontario",3558041,1278,1242,1208,1179,1137,1095,1023,958,957,962,963,969,947,939,904,918,945,953,938,914,924,931,942,953,955
"Temagami (MU), Ontario",3548069,927,937,937,937,948,957,938,921,904,884,855,846,836,829,822,818,837,847,858,871,884,927,946,988,991
"Chippewas of the Thames First Nation 42 (IRI), Ontario",3539017,928,902,878,852,818,774,776,778,776,776,781,773,765,758,753,762,787,812,836,854,870,900,932,961,969
"Wabaseemoong (IRI), Ontario",3560061,417,499,581,659,742,821,817,822,837,848,859,862,863,863,861,851,854,852,851,854,855,855,858,861,865
"Gore Bay (T), Ontario",3551026,918,911,913,925,925,946,912,922,913,855,868,918,869,903,891,871,858,846,836,784,837,859,880,882,876
"Conmee (TP), Ontario",3558019,780,782,787,788,787,769,770,773,775,778,784,786,790,805,850,838,836,883,859,855,826,847,842,812,776
"Saugeen 29 (IRI), Ontario",3541057,710,728,752,766,774,788,779,770,763,760,756,817,882,945,1004,1062,1011,957,905,854,821,860,849,846,823
"La Vallee (TP), Ontario",3559016,1105,1098,1103,1096,1107,1101,1084,1069,1062,1051,1008,1012,1012,983,953,956,922,883,832,861,818,811,812,816,812
"Fort Albany (Part) 67 (IRI), Cochrane, Ontario",3556093,499,741,999,1276,1564,1860,1617,1363,1101,822,534,575,611,694,782,785,788,791,800,807,813,821,839,852,854
"Plummer Additional (TP), Ontario",3557019,693,684,676,668,659,647,615,662,651,644,667,660,656,673,691,673,708,756,744,765,785,779,850,850,850
"Val Rita-Harty (TP), Ontario",3556070,1074,1048,1022,1006,988,966,956,899,889,837,838,828,805,792,742,788,736,749,771,786,784,797,835,787,774
"Chapple (TP), Ontario",3559024,951,938,921,913,898,883,861,833,807,791,762,734,708,692,667,665,654,711,697,757,783,784,785,765,761
"Johnson (TP), Ontario",3557016,682,680,684,694,708,723,735,744,753,761,767,754,793,745,807,768,767,771,775,778,778,794,818,842,842
"Rainy River (T), Ontario",3559042,1011,985,986,961,946,929,911,891,871,862,856,843,829,829,818,817,806,795,785,777,776,769,770,774,770
"Billings (TP), Ontario",3551021,566,563,548,554,554,547,538,532,525,518,514,535,557,574,590,618,662,683,736,767,774,806,790,849,856
"Larder Lake (TP), Ontario",3554062,817,801,779,770,767,750,761,740,733,707,695,729,742,741,749,746,736,761,756,748,773,793,769,765,729
"Ryerson (TP), Ontario",3549024,654,665,677,679,694,711,679,667,664,675,640,655,637,641,647,667,681,760,749,755,770,803,796,817,883
"Constance Lake 92 (IRI), Ontario",3556095,763,751,739,745,734,727,755,720,698,703,690,649,617,602,628,610,638,703,743,741,766,788,797,806,808
"Tudor and Cashel (TP), Ontario",3512048,689,692,698,703,706,703,686,666,644,621,597,617,609,628,608,600,592,603,643,688,763,782,796,809,816
"Webequie (IRI), Ontario",3560079,629,629,634,627,628,642,640,649,661,671,678,689,728,752,801,795,785,799,802,767,754,778,760,769,762
"Sioux Narrows-Nestor Falls (TP), Ontario",3560008,596,612,634,652,678,686,703,679,682,709,734,700,652,616,606,582,616,648,682,718,747,747,749,752,756
"Wollaston (TP), Ontario",3512054,701,714,725,740,749,751,738,706,723,746,719,674,703,654,669,686,705,685,708,729,746,762,801,849,814
"Rankin Location 15D (IRI), Ontario",3557075,804,759,715,674,632,588,594,599,605,616,632,632,628,629,632,636,653,672,692,710,725,740,762,784,784
"O'Connor (TP), Ontario",3558016,753,750,748,747,745,748,747,766,705,712,701,697,730,655,698,682,673,652,682,701,722,719,715,707,659
"Charlton and Dack (MU), Ontario",3554044,726,695,675,667,641,634,641,654,661,673,685,706,645,694,740,699,688,719,720,701,713,720,724,726,729
"Christian Island 30 (IRI), Ontario",3543069,540,561,580,594,607,623,749,879,1009,1144,1269,1151,1026,900,771,637,673,691,704,712,710,731,749,767,780
"Poplar Hill (IRI), Ontario",3560067,391,407,426,443,459,476,499,499,519,544,497,509,511,514,528,493,536,574,615,658,695,695,725,730,746
"Spanish (T), Ontario",3557039,845,823,801,787,767,748,745,741,733,727,713,712,708,709,714,727,717,711,705,700,691,706,727,748,748
"Cat Lake 63C (IRI), Ontario",3560054,450,461,478,488,497,512,494,468,504,524,508,505,555,564,580,587,599,637,671,701,677,695,695,705,651
"Sarnia 45 (IRI), Ontario",3538025,728,741,742,745,747,732,740,698,670,659,659,639,614,635,647,655,658,667,672,674,675,691,704,718,721
"Oil Springs (VL), Ontario",3538018,786,780,770,759,750,740,765,730,777,738,721,694,687,710,706,661,703,680,706,709,672,649,677,689,664
"Couchiching 16A (IRI), Ontario",3559063,623,631,653,675,690,710,753,775,804,799,819,831,839,844,796,830,783,740,694,724,661,620,645,665,641
"Westport (VL), Ontario",3507033,669,661,664,662,664,667,676,683,658,687,631,652,613,604,576,602,610,621,632,643,651,660,667,707,751
"Whitefish Bay 32A (IRI), Ontario",3560004,599,608,617,627,638,650,650,660,674,686,687,670,652,630,607,593,603,610,618,629,637,637,639,641,644
"Sachigo Lake 1 (IRI), Ontario",3560076,463,466,472,470,469,471,456,459,430,438,427,446,468,488,507,533,574,590,596,635,635,636,638,640,643
"Gordon/Barrie Island (MU), Ontario",3551027,532,518,502,500,483,468,497,487,495,527,531,528,523,513,501,499,523,524,528,593,634,568,534,563,586
"New Credit (Part) 40A (IRI), Brant, Ontario",3529021,416,424,441,463,489,513,524,534,542,552,550,562,575,588,605,625,628,627,627,628,632,651,674,698,710
"Wunnumin 1 (IRI), Ontario",3560085,428,443,458,472,493,506,495,505,514,495,492,518,544,563,585,610,623,636,625,621,613,662,639,654,674
"English River 21 (IRI), Ontario",3560058,479,515,556,588,629,655,660,631,687,684,658,688,684,645,665,658,650,656,600,617,609,575,577,579,599
"Neyaashiinigmiing 27 (IRI), Ontario",3541060,613,612,611,617,614,612,624,636,649,665,683,671,662,654,645,622,647,615,583,574,607,641,579,610,639
"Baldwin (TP), Ontario",3552028,645,628,608,595,574,569,571,571,569,571,560,570,607,588,631,614,622,632,590,607,598,613,611,620,619
"Dubreuilville (TP), Ontario",3557079,1013,965,926,887,853,809,796,734,687,681,651,643,626,623,617,632,622,625,625,598,598,583,576,561,541
"Bruce Mines (T), Ontario",3557021,647,644,630,621,606,593,582,571,578,589,575,596,567,578,579,596,594,596,598,600,596,641,660,679,611
"McGarry (TP), Ontario",3554058,813,778,756,737,711,685,639,647,616,623,606,609,609,610,614,618,611,608,604,628,593,634,643,624,610
"Tarbutt and Tarbutt Additional (TP), Ontario",3557014,482,461,448,431,412,401,404,406,405,405,408,437,461,490,517,562,550,556,532,543,593,606,624,642,642
"White River (TP), Ontario",3557091,1036,1001,967,938,905,870,814,773,691,645,622,622,609,625,643,662,657,616,622,589,578,590,608,626,626
"Calvin (MU), Ontario",3548022,627,625,627,625,625,629,566,617,614,619,575,568,557,548,543,529,541,550,558,566,577,596,620,676,639
"Alderville First Nation (IRI), Ontario",3514027,377,398,417,438,460,478,484,464,477,452,487,488,470,486,479,517,540,549,536,516,565,556,537,540,578
"Mattice-Val Côté (TP), Ontario",3556077,935,898,869,847,825,797,766,741,725,713,703,691,704,671,673,658,622,595,588,570,562,567,579,588,590
"The North Shore (TP), Ontario",3557040,562,558,559,558,562,560,539,528,531,514,518,532,514,499,498,506,499,497,492,502,550,556,558,607,606
"Hudson (TP), Ontario",3554021,512,527,547,574,592,610,626,562,528,509,488,493,498,458,489,516,484,488,498,523,549,533,585,566,564
"Harris (TP), Ontario",3554014,538,535,533,530,529,527,528,536,533,538,535,539,542,545,549,554,552,549,601,553,548,589,541,584,584
"Osnaburgh 63B (IRI), Ontario",3560055,299,310,321,334,348,365,373,388,405,420,436,448,466,479,448,454,479,530,537,570,548,591,589,599,595
"Harley (TP), Ontario",3554026,581,571,561,563,565,572,599,566,504,551,550,546,541,539,554,565,538,557,532,536,545,541,575,563,595
"Kingfisher Lake 1 (IRI), Ontario",3560098,387,393,404,412,423,433,426,425,427,424,422,444,465,486,508,528,531,530,531,533,536,538,554,562,568
"Coleman (TP), Ontario",3554001,588,600,621,641,665,678,647,678,642,651,599,624,668,630,617,604,597,610,557,579,533,582,570,560,565
"Evanturel (TP), Ontario",3554049,524,511,494,497,490,486,478,442,477,469,461,445,475,449,441,464,512,525,516,502,520,493,539,523,525
"Morley (TP), Ontario",3559031,584,573,561,551,548,541,493,545,507,522,517,498,494,533,518,485,502,495,527,509,518,524,547,534,570
"Pikwakanagan (Golden Lake 39) (IRI), Ontario",3547037,461,449,445,441,433,430,435,411,421,430,444,413,414,431,444,458,444,464,481,497,512,552,521,515,520
"Fauquier-Strickland (TP), Ontario",3556052,707,683,654,629,601,583,599,572,551,545,542,509,530,502,522,549,519,502,485,483,482,511,492,491,484
"Whitefish River 4 (IRI), Ontario",3551040,280,301,322,336,361,392,415,438,460,482,497,467,475,495,482,462,464,466,484,495,474,484,488,494,489
"Wapekeka 2 (IRI), Ontario",3560088,343,345,348,349,356,366,372,357,342,368,383,396,414,424,421,462,463,454,480,489,473,500,462,462,448
"Bearskin Lake (IRI), Ontario",3560095,379,390,407,419,443,480,465,454,447,429,402,394,387,380,374,371,392,410,430,451,469,469,470,472,474
"Shoal Lake 39A (IRI), Ontario",3560068,346,345,351,355,356,365,369,378,389,397,402,403,404,406,404,405,419,429,441,454,465,465,466,468,470
"Tehkummah (TP), Ontario",3551001,378,380,378,380,384,387,381,406,376,403,411,394,427,440,440,441,445,443,448,450,465,480,495,492,524
"Gillies (TP), Ontario",3558012,542,545,552,556,558,558,544,532,520,504,485,495,503,470,464,485,480,475,472,465,459,490,475,485,486
"Newbury (VL), Ontario",3539002,436,438,441,444,450,455,456,459,461,461,453,477,494,507,468,481,457,452,456,469,454,482,506,476,448
"Limerick (TP), Ontario",3512051,374,373,373,373,373,373,371,367,360,354,360,346,346,347,348,350,392,400,423,437,449,460,468,476,480
"Long Lake 58 (IRI), Ontario",3558068,402,408,415,422,430,433,421,412,402,390,381,383,387,391,396,398,424,459,421,426,432,431,436,441,442
"Mississagi River 8 (IRI), Ontario",3557073,376,385,397,411,423,431,425,418,411,403,402,406,406,412,420,423,423,424,428,430,429,406,418,430,430
"Whitefish Lake 6 (IRI), Ontario",3552051,347,348,350,351,353,363,374,384,393,404,406,395,417,413,395,393,412,419,401,418,426,432,398,408,402
"Kee-Way-Win (IRI), Ontario",3560104,280,291,304,317,326,334,336,331,331,330,358,375,390,403,414,435,432,414,427,449,425,413,408,395,402
"Kenora 38B (IRI), Ontario",3560066,130,173,215,260,310,368,373,384,398,405,408,415,420,423,426,435,433,428,425,423,421,421,422,424,426
"Pickle Lake (TP), Ontario",3560049,418,439,454,473,486,497,460,451,446,439,439,432,425,417,408,399,393,411,434,408,415,413,388,415,417
"Killarney (MU), Ontario",3552036,445,450,456,460,456,474,486,536,546,532,510,486,460,437,413,390,379,380,377,383,410,421,424,416,424
"Dawson (TP), Ontario",3559040,632,622,626,623,621,633,623,610,595,587,570,545,522,508,488,472,450,438,388,394,407,407,408,410,408
"Sabaskong Bay 35D (IRI), Ontario",3560063,366,379,390,399,405,409,398,381,381,364,406,416,427,423,394,382,385,364,378,387,400,400,401,402,404
"Burpee and Mills (TP), Ontario",3551028,370,363,355,350,337,333,333,340,332,321,312,336,333,348,347,347,365,378,387,370,395,400,403,408,404
"Hilton (TP), Ontario",3557004,265,261,260,255,254,250,253,254,256,259,266,276,283,293,303,315,331,346,365,382,394,402,414,426,426
"Sucker Creek 23 (IRI), Ontario",3551041,322,325,332,343,350,360,365,351,333,355,378,364,377,398,369,381,381,380,381,380,390,386,389,394,390
"Nairn and Hyman (TP), Ontario",3552031,438,445,461,475,493,507,502,499,493,495,482,457,429,403,375,345,352,348,376,383,387,405,425,433,450
"Dorion (TP), Ontario",3558034,457,446,435,421,405,390,378,368,360,351,345,342,339,335,329,325,338,351,365,377,386,389,394,399,400
"Pic River 50 (IRI), Ontario",3558062,360,365,371,380,389,398,398,399,402,406,409,419,429,439,447,453,440,428,416,402,384,404,395,406,413
"Parry Island First Nation (IRI), Ontario",3549073,391,389,387,383,378,364,379,393,405,417,427,405,384,362,343,327,337,349,360,370,381,390,396,398,401
"Fort Severn 89 (IRI), Ontario",3560078,418,422,429,433,437,436,410,372,386,346,346,316,341,341,362,376,383,385,393,394,377,392,395,393,395
"Latchford (T), Ontario",3554006,379,366,356,346,334,334,345,360,370,383,395,394,353,351,333,319,329,339,346,355,370,378,378,383,389
"Serpent River 7 (IRI), Ontario",3557072,336,339,340,345,348,350,327,327,333,362,386,389,368,370,402,375,367,350,340,350,369,353,381,404,385
"Summer Beaver (S-É), Ontario",3560086,290,304,322,338,354,380,357,363,375,379,339,350,359,367,378,395,369,376,369,388,369,387,405,406,409
"James (TP), Ontario",3554042,485,467,455,448,430,430,408,416,415,434,430,427,426,446,436,426,413,365,368,368,360,365,367,364,378
"Hiawatha First Nation (IRI), Ontario",3515008,314,350,391,430,468,496,471,446,420,397,371,368,368,370,371,374,378,389,376,363,355,377,394,406,442
"Casey (TP), Ontario",3554029,439,429,416,415,401,397,393,393,389,388,384,386,382,380,376,376,371,366,359,353,353,358,360,361,362
"Kerns (TP), Ontario",3554024,374,359,352,348,339,337,341,350,354,364,368,365,358,352,370,364,361,357,350,362,343,349,361,387,389
"Moravian 47 (IRI), Ontario",3536029,386,393,402,416,430,427,425,422,419,419,415,413,412,410,405,405,426,416,389,363,338,343,346,350,354
"Chamberlain (TP), Ontario",3554054,361,356,348,343,340,329,351,311,293,292,305,313,318,327,333,342,343,345,344,337,322,333,313,339,340
"Jocelyn (TP), Ontario",3557001,307,301,298,292,288,282,275,266,257,247,244,258,271,286,301,322,321,320,344,314,321,328,338,348,348
"Lake of the Woods (TP), Ontario",3559047,337,334,333,332,336,330,324,317,309,304,297,281,266,256,240,234,251,267,284,301,318,315,316,303,310
"Slate Falls (IRI), Ontario",3560046,214,214,217,218,223,220,221,222,227,232,241,240,241,238,237,241,257,271,285,300,313,313,314,315,317
"Manitou Rapids 11 (IRI), Ontario",3559026,200,206,212,221,229,238,249,261,274,293,323,317,311,308,301,291,283,284,291,301,311,309,310,333,383
"Whitesand (IRI), Ontario",3558097,144,166,189,213,236,257,258,259,260,264,270,283,297,311,323,334,333,358,357,306,310,312,316,320,321
"Muskrat Dam Lake (IRI), Ontario",3560097,68,103,140,178,221,266,257,257,275,273,269,272,281,276,279,290,294,295,298,301,304,304,305,306,308
"Joly (TP), Ontario",3549051,301,297,295,292,288,287,289,288,288,290,291,293,299,302,304,310,307,306,304,301,300,309,314,316,318
"Seine River 23A (IRI), Ontario",3559066,241,247,253,256,264,282,281,280,277,279,279,275,267,256,269,271,267,267,267,267,282,279,279,280,278
"Matachewan (TP), Ontario",3554056,321,332,345,361,373,386,392,401,405,411,413,377,338,301,262,231,240,249,258,267,279,289,288,296,317
"North Spirit Lake (IRI), Ontario",3560080,243,246,253,260,268,272,268,267,269,265,272,278,286,291,295,300,296,290,285,281,278,278,279,280,281
"Head, Clara and Maria (TP), Ontario",3547098,234,232,232,233,235,233,233,233,234,235,240,244,248,253,253,250,259,270,279,269,276,280,294,306,293
"Eagle Lake 27 (IRI), Ontario",3560024,219,226,232,239,243,241,236,232,231,229,234,235,237,237,236,231,239,247,254,263,269,269,270,271,272
"Big Grassy River 35G (IRI), Ontario",3559051,185,185,191,193,203,215,223,230,235,245,256,252,248,250,247,243,246,249,253,257,264,260,260,261,237
"Peawanuck (S-É), Ontario",3560091,202,205,211,216,222,231,228,230,234,237,243,238,231,223,213,202,215,226,237,249,259,259,260,261,262
"Marten Falls 65 (IRI), Ontario",3560052,248,242,237,233,230,230,223,217,212,204,196,206,219,230,245,260,259,258,257,257,256,256,257,258,259
"Bear Island 1 (IRI), Ontario",3548072,188,193,198,202,207,212,216,219,222,224,224,212,199,187,172,159,180,198,218,238,255,263,274,286,287
"Neskantaga (IRI), Ontario",3560093,6,53,102,155,213,277,264,264,265,261,246,244,242,237,239,245,247,249,251,254,255,259,256,262,263
"Lake Helen 53A (IRI), Ontario",3558064,286,287,290,293,296,293,294,296,300,304,310,307,303,300,295,301,299,300,249,248,252,252,241,244,245
"Wahta Mohawk Territory (IRI), Ontario",3544071,192,197,202,207,211,215,218,221,224,225,227,226,224,222,219,219,227,234,239,245,252,260,264,266,269
"Rainy Lake 17A (IRI), Ontario",3559068,209,205,198,195,194,190,193,196,200,211,222,221,219,219,217,218,222,227,233,238,244,242,242,243,242
"Osnaburgh 63A (IRI), Ontario",3558085,195,188,182,175,167,159,156,155,156,158,160,175,191,207,221,240,242,241,243,242,242,244,247,250,251
"Chippewas of Georgina Island First Nation (IRI), Ontario",3519076,286,299,314,333,355,366,355,341,323,305,283,282,280,276,270,267,262,246,245,242,238,240,244,251,253
"Pelee (TP), Ontario",3537001,266,274,282,288,290,295,271,246,222,198,177,190,202,218,229,242,240,241,242,240,237,246,255,264,266
"Manitoulin, Unorganized, West Part (NO), Ontario",3551094,209,217,223,226,220,224,211,199,186,174,161,163,165,166,165,170,181,191,202,212,225,228,230,233,231
"Hilliard (TP), Ontario",3554034,250,246,239,237,236,229,223,220,215,212,209,211,213,214,214,212,214,216,218,220,224,227,228,229,230
"Moose Point 79 (IRI), Ontario",3544073,196,199,201,204,208,217,220,222,224,223,216,215,215,214,212,213,216,218,219,220,223,230,234,235,238
"Mattagami 71 (IRI), Ontario",3552052,174,178,178,182,190,196,198,199,200,203,199,197,196,194,193,195,199,203,208,213,219,225,224,225,227
"Ginoogaming First Nation (IRI), Ontario",3558067,241,233,218,204,189,183,179,178,176,175,174,182,192,200,208,217,216,215,213,211,209,210,212,215,216
"Dokis 9 (IRI), Ontario",3549077,205,202,202,201,202,202,204,206,206,208,213,240,269,297,325,348,318,291,262,230,207,212,215,216,217
"Opasatika (TP), Ontario",3556073,340,328,321,312,299,286,273,254,245,235,218,222,225,227,228,229,224,218,215,210,207,209,213,216,217
"Hilton Beach (VL), Ontario",3557006,179,176,175,176,175,176,172,167,160,155,149,154,158,164,168,175,180,186,193,198,204,208,214,220,220
"The Dalles 38C (IRI), Ontario",3560089,124,131,139,146,155,164,168,173,182,190,200,201,203,202,201,199,197,194,191,189,186,186,187,188,189
"Aroland (S-É), Ontario",3558076,362,359,356,350,345,340,342,348,356,364,373,372,372,372,372,374,336,298,260,221,185,186,188,190,191
"Parry Sound, Unorganized, North East Part (NO), Ontario",3549095,194,205,217,223,236,245,241,238,233,230,226,221,214,205,197,191,189,188,187,185,185,189,192,193,194
"Wabigoon Lake 27 (IRI), Ontario",3560057,159,157,156,154,155,155,160,167,176,184,191,187,185,181,176,174,177,178,180,181,183,183,184,185,186
"Rat Portage 38A (IRI), Ontario",3560069,190,191,194,195,195,199,230,266,302,339,366,324,280,235,188,145,152,158,165,172,178,178,179,180,181
"New Credit (Part) 40A (IRI), Haldimand-Norfolk, Ontario",3528035,95,85,73,61,51,40,56,72,90,109,124,126,128,130,132,140,144,152,159,166,172,177,181,184,188
"Abitibi 70 (IRI), Ontario",3556033,134,130,129,127,125,120,122,124,126,128,130,133,138,141,146,151,153,156,159,163,166,168,172,175,175
"Sheguiandah 24 (IRI), Ontario",3551042,128,135,143,151,158,165,163,163,162,160,158,156,153,150,144,139,144,147,152,157,166,167,168,170,168
"Rainy Lake 26A (IRI), Ontario",3559064,101,107,115,122,129,133,138,141,146,152,165,163,161,163,160,160,160,161,163,163,165,164,164,165,164
"Shawanaga 17 (IRI), Ontario",3549072,184,185,191,192,195,201,204,207,210,214,220,219,218,214,209,199,191,184,176,168,163,167,170,171,172
"Rocky Bay 1 (IRI), Ontario",3558069,205,200,193,182,174,161,165,169,175,180,188,189,188,189,190,190,185,179,174,168,161,162,164,166,166
"Duck Lake 76B (IRI), Ontario",3552054,112,108,102,98,91,85,84,82,82,82,86,88,88,89,90,88,102,117,131,146,159,163,162,163,164
"Gauthier (TP), Ontario",3554066,133,134,134,135,137,137,134,134,132,129,126,130,132,136,140,142,145,148,150,154,157,159,160,161,162
"Mattawan (TP), Ontario",3548019,120,127,134,140,147,151,153,156,158,161,165,166,166,167,166,164,163,161,160,159,157,162,169,176,177
"Thessalon 12 (IRI), Ontario",3557026,129,127,126,123,120,116,115,114,113,113,111,113,116,119,124,128,133,139,146,150,156,159,164,169,169
"French River 13 (IRI), Ontario",3549076,127,122,118,114,109,102,110,118,125,133,142,138,134,130,126,122,126,131,134,139,143,146,148,149,150
"Pic Mobert North (IRI), Ontario",3558060,173,166,159,152,148,145,153,165,179,191,199,201,201,201,200,203,192,179,168,155,143,144,146,148,148
"Saug-A-Gaw-Sing 1 (IRI), Ontario",3559053,10,28,45,63,82,105,107,110,111,118,123,119,115,113,108,102,110,118,125,134,141,140,140,141,140
"Munsee-Delaware Nation 1 (IRI), Ontario",3539018,259,243,227,210,193,174,171,170,167,164,165,164,163,161,160,157,153,149,145,139,135,139,144,149,150
"New Post 69A (IRI), Ontario",3556102,112,106,100,95,87,76,77,78,79,79,80,82,85,88,92,99,105,112,119,127,133,134,137,139,139
"Rainy Lake 18C (IRI), Ontario",3559061,86,90,92,94,93,98,97,97,96,97,95,97,99,105,109,118,120,124,126,129,133,132,132,133,132
"Mississaugas of Scugog Island (IRI), Ontario",3518022,54,58,62,65,70,75,81,86,89,93,97,106,113,121,130,135,134,132,132,131,132,134,138,142,145
"Sheshegwaning 20 (IRI), Ontario",3551044,92,97,99,101,109,112,113,114,117,118,121,125,129,130,132,141,139,136,133,131,132,134,135,137,136
"Pic Mobert South (IRI), Ontario",3558061,145,138,131,122,114,108,104,102,101,99,100,105,111,117,124,129,130,130,131,131,131,132,134,136,136
"Whitefish Bay 34A (IRI), Ontario",3560083,50,58,68,77,88,99,101,107,116,123,131,133,133,131,129,128,129,129,129,130,131,131,131,131,132
"Wahnapitei 11 (IRI), Ontario",3553040,51,52,53,52,53,55,64,73,82,94,105,110,113,117,120,119,121,124,126,127,129,131,135,140,141
"Neguaguon Lake 25D (IRI), Ontario",3559060,217,226,226,239,250,266,255,241,227,215,197,193,188,186,181,180,168,155,145,132,123,122,122,123,122
"Gull River 55 (IRI), Ontario",3558065,263,255,249,241,229,215,212,210,208,210,217,226,235,245,252,251,224,196,169,140,113,114,115,116,116
"Goulais Bay 15A (IRI), Ontario",3557077,61,68,74,79,83,85,87,89,91,93,98,97,96,97,97,98,101,104,107,110,112,114,117,120,120
"Brethour (TP), Ontario",3554032,162,154,146,137,129,120,122,125,128,132,132,132,130,129,128,126,122,118,114,111,108,109,110,110,110
"Magnetewan 1 (IRI), Ontario",3549078,79,79,81,80,80,81,85,87,90,93,95,95,96,96,99,104,104,105,105,105,106,108,110,111,112
"Nipissing, Unorganized, South Part (NO), Ontario",3548091,51,57,62,68,72,77,77,77,77,79,82,87,93,98,103,105,105,105,104,105,104,107,111,116,116
"Pays Plat 51 (IRI), Ontario",3558063,67,69,72,74,78,83,81,80,80,79,78,80,82,84,87,92,95,98,100,103,104,105,106,107,107
"Shoal Lake (Part) 40 (IRI), Ontario",3560082,2,22,43,65,85,109,106,105,105,105,103,98,91,86,80,74,80,85,90,97,101,101,101,101,102
"Whitefish Bay 33A (IRI), Ontario",3560005,52,54,56,56,56,56,58,62,67,73,82,85,89,90,93,99,99,98,98,98,98,98,98,98,98
"Thornloe (VL), Ontario",3554038,125,120,117,114,112,109,112,116,120,123,127,124,121,119,116,114,110,106,102,98,95,96,97,97,97
"Ojibway Nation of Saugeen (Savant Lake) (IRI), Ontario",3558080,245,216,188,158,128,103,104,105,106,106,103,102,100,98,96,93,93,93,93,93,92,93,94,95,95
"Shoal Lake 34B2 (IRI), Ontario",3560064,146,144,142,138,134,131,123,116,112,106,102,113,123,134,146,155,141,126,112,98,86,86,86,86,86
"Matachewan 72 (IRI), Ontario",3554057,64,66,70,72,73,75,75,77,79,83,85,81,76,72,68,63,64,65,66,67,69,70,70,70,70
"Chapleau Cree Fox Lake (IRI), Ontario",3552056,51,49,47,46,44,42,42,41,41,41,41,42,44,45,46,49,51,54,58,61,65,67,67,67,68
"Gros Cap 49 (IRI), Ontario",3557078,65,63,61,59,57,55,58,60,63,66,69,70,70,71,73,80,77,74,71,68,65,66,68,70,70
"Wabauskang 21 (IRI), Ontario",3560084,55,62,70,78,85,88,84,81,79,77,77,76,76,74,73,72,70,67,64,62,59,59,59,59,59
"Northwest Angle 33B (IRI), Ontario",3560060,99,89,78,66,52,42,51,61,71,80,90,92,94,96,98,97,88,78,70,61,54,54,54,54,54
"Lake of the Woods 37 (IRI), Ontario",3560065,103,94,86,78,68,60,58,55,53,51,48,50,52,56,61,64,62,59,56,54,52,52,52,52,52
"Zhiibaahaasing 19A (IRI), Ontario",3551100,35,40,41,45,50,54,56,58,59,59,57,57,57,57,56,57,53,50,48,45,43,44,44,45,44
"Christian Island 30A (IRI), Ontario",3543070,36,36,36,36,38,38,37,36,34,32,34,37,38,41,44,43,40,38,35,33,31,32,33,34,35
"Cochrane, Unorganized, South East Part (NO), Ontario",3556098,21,21,22,23,24,25,23,20,18,17,15,14,13,12,11,10,13,16,19,22,25,25,26,27,27
"Chapleau 74A (IRI), Ontario",3552053,35,30,30,27,23,21,24,25,28,30,32,30,29,27,25,22,21,20,19,19,18,19,19,19,19
"Cockburn Island (TP), Ontario",3551034,1,3,5,7,8,10,8,5,4,2,0,0,0,0,0,0,4,7,11,14,17,17,17,17,17
"Wawakapewin (IRI), Ontario",3560100,32,30,27,26,24,22,22,22,21,21,22,22,22,23,22,22,21,20,19,18,17,17,17,17,17
"Chief's Point No. 28 (IRI), Ontario",3541056,0,0,0,0,0,0,0,0,0,0,0,0,0,0,0,0,4,7,10,13,16,16,16,16,16
"Henvey Inlet 2 (IRI), Ontario",3549075,14,14,14,15,15,15,18,20,23,26,28,22,18,13,9,5,8,10,12,14,16,16,16,16,16
"Sturgeon Falls 23 (IRI), Ontario",3559089,6,6,6,6,5,5,5,5,5,4,4,4,4,4,4,5,6,7,9,9,10,10,10,10,10
"Algoma, Unorganized, South East Part (NO), Ontario",3557094,0,0,0,0,0,0,0,0,0,0,0,0,0,0,0,0,1,2,3,4,5,5,5,5,5
"Big Island Mainland 93 (IRI), Ontario",3559052,88,72,56,39,24,10,8,5,3,2,0,3,4,6,8,10,9,8,7,6,5,5,5,5,5
"Cochrane, Unorganized, South West Part (NO), Ontario",3556091,0,0,0,0,0,0,0,0,0,0,0,0,0,0,0,0,1,2,3,4,5,5,5,5,5
"Point Grondine 3 (IRI), Ontario",3552037,0,0,0,0,0,0,0,0,0,0,0,0,0,0,0,0,1,2,3,4,5,5,5,5,5
"Rainy Lake 17B (IRI), Ontario",3559069,0,1,2,3,4,5,5,5,4,5,5,5,5,6,5,5,5,5,5,5,5,5,5,5,5
"Sand Point First Nation (IRI), Ontario",3558074,0,0,0,0,0,0,0,0,0,0,0,0,0,0,0,0,1,2,3,4,5,5,5,5,5
"Timiskaming, Unorganized, East Part (NO), Ontario",3554091,0,2,5,7,8,10,8,5,3,2,0,1,2,3,4,5,5,5,5,5,5,5,5,5,5
"Agency 1 (IRI), Ontario",3559062,0,0,0,0,0,0,0,0,0,0,0,0,0,0,0,0,0,0,0,0,0,0,0,0,0
"Assabaska (IRI), Ontario",3559046,0,0,0,0,0,0,0,0,0,0,0,0,0,0,0,0,0,0,0,0,0,0,0,0,0
"Chapleau 75 (IRI), Ontario",3552058,97,97,97,95,95,95,91,88,86,85,79,64,48,32,15,0,0,0,0,0,0,0,0,0,0
"Flying Post 73 (IRI), Ontario",3556100,1,8,15,24,32,41,34,26,18,10,0,0,0,0,0,0,0,0,0,0,0,0,0,0,0
"Lac des Mille Lacs 22A1 (IRI), Ontario",3558100,0,4,9,13,17,22,18,13,9,4,0,0,0,0,0,0,0,0,0,0,0,0,0,0,0
"Lake Nipigon (IRI), Ontario",3558077,24,24,23,22,21,21,17,12,8,4,0,0,0,0,0,0,0,0,0,0,0,0,0,0,0
"Lansdowne House (S-É), Ontario",3560081,275,226,173,116,57,0,0,0,0,0,0,0,0,0,0,0,0,0,0,0,0,0,0,0,0
"Moose Factory 68 (IRI), Ontario",3556096,4,4,3,2,1,0,0,0,0,0,0,0,0,0,0,0,0,0,0,0,0,0,0,0,0
"Naiscoutaing 17A (IRI), Ontario",3549093,0,0,0,0,0,0,0,0,0,0,0,0,0,0,0,0,0,0,0,0,0,0,0,0,0
"Obadjiwan 15E (IRI), Ontario",3557092,0,0,0,0,0,0,0,0,0,0,0,0,0,0,0,0,0,0,0,0,0,0,0,0,0
"Red Rock 53 (IRI), Ontario",3558092,6,6,6,6,6,6,6,6,5,5,5,5,5,5,5,5,4,3,2,1,0,0,0,0,0
"Winnipeg (CY), Manitoba",4611040,638312,641811,645097,649780,651425,654197,656478,659008,664744,670491,678687,688092,695436,704037,714173,727345,741629,753595,763685,767977,772330,785964,815194,842015,850260
"Brandon (CY), Manitoba",4607062,40918,41022,41411,42041,42548,42896,43355,44246,45118,46348,47018,47591,48099,48649,49426,50389,51426,51844,52531,52876,52883,54068,55940,58188,59444
"Steinbach (CY), Manitoba",4602044,9661,9978,10308,10758,11227,11628,12091,12553,12987,13485,14046,14645,15073,15588,15963,16519,16636,17045,17611,18176,18396,19172,20070,20950,21671
"Hanover (RM), Manitoba",4602041,11000,11188,11358,11648,11930,12163,12597,13031,13398,13830,14168,14539,14902,15216,15685,16068,16261,16636,17090,17503,17798,18165,18786,19309,19950
"Springfield (RM), Manitoba",4612047,12921,12984,13127,13271,13272,13309,13549,13759,14027,14054,14294,14450,14809,15089,15435,15654,15631,15807,15820,16111,16633,16982,17246,17370,17494
"Winkler (CY), Manitoba",4603050,8275,8424,8645,8911,9164,9468,9798,10168,10534,10699,10958,11347,11757,12146,12599,13124,13278,13463,13835,14127,14181,14478,15040,15634,16156
"Portage la Prairie (CY), Manitoba",4609029,13303,13219,13300,13518,13190,13041,13140,13508,13102,13180,13179,13295,13347,13552,13284,13597,13669,13610,13648,13736,13838,14057,14190,14473,14738
"Thompson (CY), Manitoba",4622026,13672,13775,13860,14019,14044,13959,13968,13855,13616,13596,13405,13340,13427,13623,13798,14120,14061,13866,13708,13307,13490,13261,13244,12924,12917
"Taché (RM), Manitoba",4602069,8815,8891,8961,9127,9303,9386,9628,9712,9961,10300,10520,10947,11236,11533,11848,11930,12400,12157,12258,12014,12463,12631,13002,13407,13509
"St. Andrews (RM), Manitoba",4613043,11010,11138,11224,11428,11591,11679,11736,11761,11897,11978,12058,12107,12124,12041,12134,12152,11921,11953,11978,11898,12022,12029,12023,11954,12021
"St. Clements (RM), Manitoba",4613056,9389,9497,9587,9755,9905,9975,9979,10273,10374,10506,10651,11231,11234,11387,11174,11120,11325,11410,11668,11785,11859,11840,11869,11973,12029
"Selkirk (CY), Manitoba",4613047,10018,9926,9848,9840,9861,9749,9689,9792,9792,9887,9991,9963,10074,10129,10344,10492,10516,10507,10768,10794,10770,10789,10776,11150,11570
"Morden (CY), Manitoba",4603053,6326,6377,6471,6556,6664,6767,6975,7281,7530,7715,7981,8100,8311,8496,8621,8923,9198,9413,9788,10177,10291,10516,11042,11375,11578
"East St. Paul (RM), Manitoba",4613032,7912,8090,8283,8562,8800,8963,9059,9027,9094,9142,9180,9125,9279,9380,9491,9567,9672,9678,9711,9893,9953,10088,10238,10249,10321
"Stanley (RM), Manitoba",4603047,5267,5469,5727,5986,6275,6556,6968,7390,7936,8227,8503,8654,8837,8961,9021,9191,9145,9273,9182,9161,9159,9308,9540,9790,9929
"Rockwood (RM), Manitoba",4614036,7865,7849,7835,7915,7931,7921,7965,7934,7991,8071,8060,8073,8107,8105,8082,7980,8229,8342,8519,8665,8717,8908,8940,9040,9180
"Dauphin (CY), Manitoba",4617050,8293,8246,8156,8113,8142,8073,8096,8174,8282,8349,8326,8313,8461,8392,8472,8494,8462,8523,8546,8545,8577,8559,8459,8515,8587
"Macdonald (RM), Manitoba",4610035,5410,5465,5573,5647,5721,5763,5831,5943,6031,6155,6367,6416,6653,6923,7129,7293,7536,7775,7929,8089,8373,8673,8875,9038,9215
"Ritchot (RM), Manitoba",4602075,5093,5099,5097,5147,5212,5233,5317,5474,5516,5563,5568,5718,5942,6072,6368,6936,7218,7592,7685,7680,7698,7951,8271,8545,8770
"Portage la Prairie (RM), Manitoba",4609024,6965,6979,7019,7137,7005,6951,6821,6495,6643,6633,6606,6585,6637,6685,7034,7130,7122,7234,7205,7153,7254,7322,7369,7374,7359
"La Broquerie (RM), Manitoba",4602053,2983,3122,3263,3433,3617,3814,4104,4406,4702,5023,5321,5525,5711,5879,6094,6282,6360,6504,6680,6837,6935,7228,7486,7671,7808
"West St. Paul (RM), Manitoba",4613037,4193,4250,4297,4373,4442,4472,4652,4831,4912,4952,5005,5007,5153,5160,5318,5512,5737,5878,6070,6524,6909,7432,8207,9518,10796
"Gimli (RM), Manitoba",4618031,5320,5435,5603,5689,5820,5897,5958,5835,5721,5768,5879,5946,6124,6152,6180,6233,6265,6397,6446,6563,6673,6756,6819,6891,6914
"Rhineland (MU), Manitoba",4603041,5647,5631,5626,5624,5644,5645,5736,5851,5938,5895,5883,5933,5974,6018,6066,6124,6200,6135,6182,6146,6195,6385,6571,6758,6819
"Niverville (T), Manitoba",4602046,1986,2080,2175,2302,2428,2561,2789,2983,3182,3405,3655,3812,4177,4361,4652,4781,4938,5178,5486,5855,6166,6413,6734,7041,7277
"The Pas (T), Manitoba",4621045,5937,5906,5908,5867,5796,5745,5634,5567,5617,5601,5595,5594,5618,5606,5512,5499,5585,5637,5736,5802,5859,5814,5753,5674,5634
"Neepawa (T), Manitoba",4615020,3419,3418,3432,3417,3396,3378,3400,3439,3494,3573,3673,3854,4078,4264,4488,4743,4904,5082,5321,5631,5846,5937,5950,6144,6328
"Ste. Anne (RM), Manitoba",4602057,4539,4546,4559,4607,4649,4635,4710,4676,4690,4725,4776,4865,5022,5096,5107,5137,5422,5449,5377,5492,5721,5836,6006,6196,6387
"Brokenhead (RM), Manitoba",4612054,3971,3974,4003,4031,4041,4050,4153,4356,4359,4625,4697,5006,5036,5144,5188,5235,5398,5367,5479,5471,5564,5645,5722,5804,5931
"Norway House 17 (IRI), Manitoba",4622058,3949,3995,4034,4086,4113,4119,4213,4342,4470,4646,4739,4739,4762,4854,4845,4997,5052,5193,5293,5470,5542,5553,5592,5605,5616
"Stonewall (T), Manitoba",4614039,4098,4130,4199,4294,4402,4485,4494,4512,4580,4554,4583,4675,4773,4832,4784,4926,4865,4951,4982,4990,5170,5284,5304,5359,5443
"Flin Flon (Part) (CY), Manitoba",4621064,6164,6084,6061,5948,5812,5743,5672,5669,5618,5595,5464,5333,5262,5212,5095,5098,5131,5093,5028,5062,5047,5022,4877,4777,4732
"Cornwallis (RM), Manitoba",4607060,3869,3880,3932,4003,4097,4191,4228,4273,4332,4442,4473,4495,4526,4552,4593,4659,4547,4589,4722,4753,4700,4609,4612,4650,4705
"Altona (T), Manitoba",4603040,3533,3567,3626,3679,3746,3819,3915,4026,4121,4134,4156,4185,4214,4233,4264,4306,4412,4442,4478,4463,4507,4572,4713,4833,4989
"Headingley (RM), Manitoba",4611042,1988,2159,2330,2510,2678,2852,2927,3007,3106,3205,3303,3387,3457,3530,3616,3709,3953,4151,4264,4296,4490,4648,4890,5175,5368
"Swan River (T), Manitoba",4620048,4129,4113,4021,4009,3962,3929,3919,3893,3857,3931,3927,3906,3935,3956,3953,4059,4143,4115,4104,4111,4142,4094,4034,4058,4048
"North Norfolk (MU), Manitoba",4608046,3936,3912,3871,3811,3744,3751,3770,3814,3846,3832,3795,3821,3899,3943,4025,3889,3919,4000,4022,3923,4039,3951,4045,4108,4084
"De Salaberry (RM), Manitoba",4602032,3310,3322,3332,3366,3424,3453,3481,3509,3517,3529,3510,3548,3580,3595,3650,3683,3721,3797,3894,3976,4029,4152,4203,4382,4401
"Alexander (RM), Manitoba",4601071,2864,2922,2976,3040,3026,3020,3041,3076,2992,3024,2981,3097,3130,3213,3216,3380,3390,3400,3603,3886,3902,3947,3936,3966,4032
"Woodlands (RM), Manitoba",4614031,3520,3500,3535,3580,3613,3650,3645,3631,3565,3574,3548,3525,3471,3479,3546,3494,3590,3691,3713,3764,3894,3900,3930,4005,4057
"Lac du Bonnet (RM), Manitoba",4601057,2476,2586,2672,2757,2829,2864,2958,2906,2962,3011,2963,3006,3058,3018,3080,3179,3331,3457,3486,3528,3680,3734,3676,3602,3592
"Killarney - Turtle Mountain (RM), Manitoba",4605025,3459,3442,3444,3412,3368,3356,3324,3272,3259,3204,3251,3309,3371,3402,3437,3462,3434,3500,3517,3527,3608,3552,3622,3655,3708
"St. Theresa Point (IRI), Manitoba",4622801,2240,2314,2406,2510,2623,2729,2821,2850,2922,2893,2941,3055,3094,3231,3308,3382,3394,3458,3469,3553,3516,3545,3556,3611,3619
"Cartier (RM), Manitoba",4610043,3178,3163,3185,3214,3233,3217,3204,3218,3200,3177,3184,3195,3277,3293,3440,3417,3406,3410,3399,3391,3445,3533,3615,3696,3739
"Bifrost-Riverton (MU), Manitoba",4618076,3662,3675,3707,3648,3665,3612,3518,3472,3583,3583,3570,3546,3557,3515,3480,3452,3432,3312,3439,3408,3409,3453,3466,3504,3518
"Beausejour (T), Manitoba",4612056,2829,2803,2846,2882,2873,2875,2938,2996,3050,3089,3159,3207,3243,3252,3270,3267,3262,3265,3256,3306,3390,3458,3508,3535,3565
"WestLake-Gladstone (MU), Manitoba",4608060,3306,3283,3202,3151,3114,3099,3087,3162,3085,3140,3098,3115,3131,3134,3132,3205,3223,3269,3309,3310,3324,3441,3505,3547,3604
"Virden (T), Manitoba",4606034,3182,3167,3136,3112,3094,3058,3041,3051,3066,3072,3148,3229,3294,3342,3328,3376,3283,3283,3285,3271,3308,3299,3329,3289,3322
"Carman (T), Manitoba",4603074,2890,2846,2823,2798,2786,2769,2836,2918,2939,2980,3066,3097,3129,3155,3181,3220,3240,3247,3267,3279,3277,3325,3408,3497,3547
"Morris (RM), Manitoba",4603065,2797,2775,2764,2761,2757,2750,2774,2818,2905,2932,3060,3052,3051,3036,3120,3129,3171,3123,3130,3220,3259,3391,3468,3490,3550
"Garden Hill First Nation (IRI), Manitoba",4622048,2088,2153,2224,2315,2375,2459,2529,2611,2678,2772,2828,2848,2840,2812,2779,2699,2797,2887,2973,3074,3162,3135,3169,3147,3143
"Hillsburg-Roblin-Shell River (MU), Manitoba",4616048,3704,3666,3624,3580,3489,3433,3389,3308,3271,3266,3300,3314,3280,3279,3230,3236,3222,3222,3157,3112,3158,3079,3069,3132,3184
"Division No. 19, Unorganized (NO), Manitoba",4619045,3302,3315,3338,3345,3337,3331,3284,3344,3304,3201,3131,3056,3013,3064,3055,2915,3047,3085,3132,3124,3155,3205,3257,3290,3324
"Peguis 1B (IRI), Manitoba",4619059,2557,2566,2592,2555,2554,2598,2574,2644,2621,2617,2675,2700,2694,2717,2736,2795,2850,2940,3101,3184,3133,3169,3297,3259,3313
"Ste. Anne (T), Manitoba",4602061,1550,1549,1552,1577,1593,1582,1650,1645,1635,1643,1655,1729,1832,1939,2075,2187,2291,2473,2576,2763,3002,3103,3177,3350,3587
"Wallace-Woodworth (RM), Manitoba",4606031,3007,2979,2955,2938,2910,2898,2895,2884,2905,2860,2878,2880,2936,2908,2971,2989,3000,2990,2958,2960,2985,2968,2919,2973,2983
"Lorne (MU), Manitoba",4604064,3195,3187,3165,3163,3133,3079,3010,3038,3036,2986,3030,3026,3020,3064,3100,3066,3027,3012,3029,2934,2968,2944,3006,3004,3022
"North Cypress-Langford (MU), Manitoba",4607066,2714,2708,2711,2748,2774,2773,2737,2706,2688,2694,2671,2695,2717,2736,2769,2815,2864,2886,2920,2940,2939,3000,3081,3194,3234
"Swan Valley West (MU), Manitoba",4620042,3392,3390,3304,3285,3237,3189,3123,3094,3075,2974,2932,2969,2944,2914,2882,2848,2846,2865,2821,2762,2825,2727,2732,2709,2702
"Minnedosa (T), Manitoba",4615075,2500,2517,2519,2536,2529,2535,2536,2531,2535,2595,2635,2579,2512,2525,2490,2511,2544,2610,2674,2738,2804,2814,2821,2859,2859
"Sandy Bay 5 (IRI), Manitoba",4608069,2503,2521,2527,2532,2556,2565,2536,2532,2558,2560,2552,2556,2592,2594,2597,2583,2602,2636,2671,2671,2682,2777,2827,2861,2906
"Russell-Binscarth (MU), Manitoba",4616030,2612,2587,2580,2541,2470,2497,2519,2514,2527,2560,2567,2567,2534,2519,2473,2479,2502,2497,2550,2589,2652,2652,2677,2713,2715
"Dufferin (RM), Manitoba",4603072,2464,2448,2446,2449,2453,2447,2529,2511,2517,2510,2423,2436,2496,2403,2440,2504,2604,2684,2643,2591,2609,2650,2643,2657,2587
"Souris-Glenwood (MU), Manitoba",4607052,2430,2434,2446,2461,2485,2476,2502,2472,2420,2478,2471,2486,2517,2543,2586,2615,2638,2626,2612,2619,2602,2621,2644,2704,2737
"Grey (RM), Manitoba",4609018,2772,2748,2745,2787,2702,2653,2612,2506,2606,2628,2641,2586,2662,2588,2706,2694,2675,2621,2521,2511,2592,2621,2642,2640,2655
"Emerson-Franklin (MU), Manitoba",4602024,2484,2483,2507,2487,2517,2521,2439,2458,2495,2469,2466,2495,2433,2500,2628,2581,2498,2521,2507,2515,2496,2529,2585,2599,2686
"Pembina (MU), Manitoba",4604034,2572,2553,2510,2493,2490,2456,2439,2414,2351,2418,2377,2385,2384,2382,2363,2379,2377,2407,2428,2413,2474,2552,2554,2535,2502
"Nelson House 170 (IRI), Manitoba",4622059,1732,1804,1885,1979,2049,2127,2176,2238,2290,2365,2410,2424,2434,2519,2597,2573,2632,2617,2603,2634,2455,2453,2504,2645,2723
"Boissevain-Morton (MU), Manitoba",4605032,2299,2265,2262,2254,2258,2252,2222,2282,2328,2295,2293,2328,2351,2376,2381,2388,2403,2370,2335,2320,2356,2414,2394,2386,2369
"Dauphin (RM), Manitoba",4617048,2325,2327,2344,2367,2363,2377,2345,2311,2298,2285,2231,2248,2258,2276,2290,2333,2326,2337,2334,2318,2325,2317,2299,2304,2295
"Split Lake 171 (IRI), Manitoba",4622063,1624,1659,1706,1770,1830,1876,1946,2010,2016,2111,2149,2155,2198,2138,2115,2115,2191,2221,2290,2341,2286,2269,2341,2408,2462
"West Interlake (MU), Manitoba",4618056,2457,2451,2466,2455,2448,2430,2401,2348,2304,2293,2225,2229,2212,2208,2178,2195,2288,2248,2273,2280,2276,2302,2317,2341,2349
"Opaskwayak Cree Nation 21E (IRI), Manitoba",4621043,2086,2119,2168,2204,2218,2251,2246,2251,2303,2334,2362,2403,2448,2488,2492,2537,2487,2419,2374,2319,2269,2254,2232,2201,2184
"Kelsey (RM), Manitoba",4621052,2571,2560,2560,2549,2527,2494,2413,2366,2423,2355,2354,2425,2410,2397,2513,2463,2444,2294,2235,2205,2225,2210,2189,2160,2142
"Oxford House 24 (IRI), Manitoba",4622050,1791,1833,1898,1942,1993,2026,1975,1954,1927,1901,1915,1927,1942,1971,1992,2030,2074,2112,2146,2189,2217,2216,2240,2244,2243
"Prairie View (MU), Manitoba",4615056,2470,2451,2423,2380,2330,2270,2261,2267,2183,2202,2181,2135,2131,2123,2120,2124,2114,2082,2116,2189,2212,2140,2192,2159,2149
"Division No. 22, Unorganized (NO), Manitoba",4622046,2347,2415,2478,2559,2617,2679,2705,2750,2779,2827,2830,2831,2890,2792,2873,2733,2692,2566,2467,2351,2197,2196,2220,2224,2223
"Riverdale (MU), Manitoba",4607076,2079,2067,2076,2088,2105,2108,2150,2171,2106,2049,2049,2051,2071,2088,2091,2198,2179,2154,2134,2137,2194,2164,2211,2262,2205
"Fort Alexander 3 (IRI), Manitoba",4619050,2038,2062,2101,2099,2115,2163,2131,2178,2143,2150,2126,2112,2094,2070,2029,1986,1990,2097,2132,2155,2177,2216,2247,2274,2300
"Wasagamack (IRI), Manitoba",4622800,1155,1150,1165,1175,1177,1209,1246,1293,1339,1402,1440,1460,1478,1505,1514,1470,1613,1752,1889,2033,2149,2148,2171,2175,2175
"Cross Lake 19A (IRI), Manitoba",4622052,543,752,976,1212,1464,1721,1754,1797,1833,1887,1929,1946,1962,1984,1978,1991,2019,2042,2062,2090,2109,2191,2180,2282,2396
"Pukatawagan 198 (IRI), Manitoba",4623064,1509,1510,1476,1502,1532,1536,1593,1658,1713,1715,1860,1958,1958,1992,1940,1897,2005,2101,2157,2140,2099,2065,2070,2060,2055
"Louise (MU), Manitoba",4604040,2108,2045,1998,1960,1941,1873,1907,1846,1877,1950,1936,1938,1965,1918,1896,1947,1952,1969,1971,2032,2074,2072,2084,2061,2086
"Morris (T), Manitoba",4603067,1713,1700,1692,1696,1693,1685,1747,1777,1807,1813,1823,1866,1907,1832,1928,1934,1903,2010,2052,2021,2023,2049,2047,2129,2139
"Armstrong (RM), Manitoba",4618037,1958,1973,1989,1979,1975,1950,1935,1902,1881,1888,1842,1856,1845,1753,1750,1838,1844,1919,1909,1876,2011,2030,2044,2051,2062
"Cross Lake 19 (IRI), Manitoba",4622051,1536,1551,1592,1609,1638,1629,1641,1661,1737,1779,1784,1790,1786,1760,1727,1665,1721,1773,1823,1879,1919,1903,1930,1942,1882
"Fisher (RM), Manitoba",4618068,2083,2063,2077,2036,2021,1966,1925,1864,1808,1780,1722,1743,1778,1803,1813,1851,1788,1872,1936,1925,1889,1835,1819,1802,1800
"Division No. 21, Unorganized (NO), Manitoba",4621078,1986,1974,1975,1959,1935,1927,1883,1938,1875,1922,1858,1912,1943,1913,1867,1883,1886,1876,1885,1884,1883,1829,1790,1821,1820
"Harrison Park (MU), Manitoba",4615070,1757,1745,1778,1811,1825,1840,1778,1785,1804,1766,1800,1721,1674,1616,1617,1646,1634,1716,1741,1824,1878,1880,1888,1915,1916
"Yellowhead (RM), Manitoba",4615063,2312,2283,2233,2191,2158,2110,2070,2025,2047,2000,1983,2024,1997,1970,1975,1974,1934,1934,1937,1823,1877,1870,1811,1880,1867
"Piney (RM), Manitoba",4601039,1734,1753,1787,1809,1835,1786,1761,1761,1751,1743,1726,1718,1741,1742,1731,1755,1732,1799,1821,1817,1874,1900,1892,1909,1937
"Carberry (T), Manitoba",4607068,1550,1533,1548,1549,1554,1539,1559,1598,1619,1667,1694,1728,1703,1679,1747,1780,1778,1799,1792,1789,1864,1948,2070,2042,1950
"Oakland-Wawanesa (MU), Manitoba",4607046,1666,1639,1640,1630,1619,1611,1637,1649,1645,1659,1637,1687,1628,1689,1713,1735,1761,1773,1792,1803,1811,1805,1785,1872,1869
"Norfolk-Treherne (MU), Manitoba",4608032,1921,1916,1911,1887,1863,1853,1817,1770,1733,1693,1766,1738,1716,1744,1732,1781,1788,1791,1789,1771,1808,1886,1871,1948,1960
"Stuartburn (RM), Manitoba",4601035,1635,1626,1659,1651,1660,1653,1642,1628,1630,1564,1546,1539,1553,1600,1598,1677,1722,1694,1746,1781,1774,1811,1831,1868,1907
"Whitehead (RM), Manitoba",4607057,1483,1469,1454,1452,1443,1435,1442,1451,1474,1515,1553,1615,1664,1699,1714,1691,1748,1817,1756,1792,1725,1753,1790,1844,1824
"Ste. Rose (MU), Manitoba",4617041,1986,1939,1925,1903,1865,1821,1870,1860,1826,1806,1808,1787,1768,1742,1722,1736,1752,1697,1672,1656,1673,1675,1661,1665,1651
"Oakview (RM), Manitoba",4615032,1786,1749,1721,1702,1658,1629,1590,1556,1530,1525,1533,1551,1590,1608,1642,1660,1645,1647,1652,1661,1667,1637,1645,1670,1670
"Whitemouth (RM), Manitoba",4601046,1662,1636,1625,1593,1551,1513,1503,1490,1519,1552,1559,1459,1528,1571,1657,1564,1655,1638,1650,1651,1665,1623,1656,1670,1732
"Prairie Lakes (RM), Manitoba",4605071,1518,1497,1524,1539,1544,1558,1511,1489,1475,1440,1434,1463,1467,1470,1457,1471,1498,1531,1566,1608,1661,1653,1656,1667,1679
"Ebb and Flow 52 (IRI), Manitoba",4617029,1029,1059,1086,1120,1164,1225,1246,1273,1304,1324,1318,1331,1349,1354,1367,1384,1430,1492,1547,1596,1642,1699,1692,1766,1751
"Grassland (MU), Manitoba",4605062,1712,1659,1621,1590,1552,1507,1464,1514,1501,1476,1501,1550,1475,1537,1530,1590,1584,1582,1586,1598,1620,1605,1554,1592,1635
"Minitonas-Bowsman (MU), Manitoba",4620051,2049,2028,1972,1982,1962,1952,1924,1893,1846,1853,1824,1776,1747,1717,1679,1680,1672,1666,1649,1633,1620,1568,1552,1559,1545
"Glenboro-South Cypress (MU), Manitoba",4607039,1497,1488,1480,1491,1492,1492,1481,1473,1473,1490,1492,1505,1516,1530,1548,1586,1602,1602,1608,1608,1599,1632,1676,1738,1759
"St. Laurent (RM), Manitoba",4618040,1212,1271,1334,1388,1442,1485,1443,1431,1371,1390,1309,1303,1293,1305,1319,1364,1386,1413,1447,1504,1579,1604,1581,1592,1577
"Pinawa (LGD), Manitoba",4601051,1530,1529,1523,1510,1490,1466,1457,1479,1494,1507,1441,1427,1488,1510,1478,1509,1488,1550,1569,1555,1577,1588,1595,1612,1653
"God's Lake 23 (IRI), Manitoba",4622049,1186,1180,1167,1142,1126,1148,1179,1224,1271,1331,1365,1351,1336,1327,1295,1262,1328,1390,1450,1516,1573,1543,1594,1635,1655
"Rosedale (RM), Manitoba",4615078,1632,1633,1656,1647,1656,1685,1661,1641,1626,1635,1656,1601,1616,1696,1708,1705,1708,1637,1633,1593,1560,1563,1570,1591,1591
"Thompson (RM), Manitoba",4603058,1360,1330,1314,1303,1301,1298,1323,1357,1389,1394,1423,1429,1434,1436,1443,1461,1485,1502,1526,1546,1560,1444,1426,1486,1440
"Deloraine-Winchester (MU), Manitoba",4605038,1625,1620,1613,1591,1607,1588,1601,1525,1504,1510,1490,1540,1542,1554,1533,1501,1510,1492,1491,1492,1511,1465,1489,1540,1553
"St. François Xavier (RM), Manitoba",4610052,1038,1037,1053,1070,1098,1107,1173,1199,1261,1279,1247,1328,1406,1435,1411,1433,1429,1459,1500,1506,1507,1539,1577,1595,1607
"Fisher River 44 (IRI), Manitoba",4619056,882,926,991,1032,1077,1152,1143,1173,1161,1176,1181,1243,1306,1373,1438,1507,1530,1530,1504,1509,1490,1549,1627,1666,1687
"Riding Mountain West (RM), Manitoba",4616020,1511,1518,1525,1486,1453,1441,1402,1442,1389,1364,1402,1399,1400,1408,1425,1441,1440,1425,1443,1451,1475,1474,1491,1511,1511
"Winnipeg Beach (T), Manitoba",4618034,821,862,917,963,1004,1030,1026,1013,1008,1019,1016,1041,1078,1105,1123,1153,1224,1299,1364,1417,1461,1461,1484,1451,1480
"Gilbert Plains (MU), Manitoba",4617054,1661,1657,1652,1652,1644,1632,1595,1631,1647,1637,1639,1630,1603,1552,1537,1486,1482,1499,1461,1449,1454,1436,1406,1393,1350
"Pipestone (RM), Manitoba",4606023,1583,1549,1517,1506,1477,1426,1439,1481,1438,1464,1455,1497,1501,1510,1473,1473,1512,1503,1497,1477,1454,1482,1510,1456,1378
"Waywayseecappo First Nation (IRI), Manitoba",4616017,1157,1150,1154,1149,1142,1143,1215,1244,1275,1287,1226,1253,1322,1356,1366,1396,1382,1370,1476,1465,1450,1550,1651,1645,1714
"Grandview (MU), Manitoba",4617058,1682,1657,1636,1617,1602,1608,1575,1540,1523,1527,1520,1506,1517,1519,1511,1494,1493,1503,1477,1443,1443,1417,1430,1379,1387
"Division No.  1, Unorganized (NO), Manitoba",4601094,699,800,901,983,1077,1146,1104,1080,1046,1011,966,1007,1017,1057,1015,1033,1113,1196,1260,1313,1395,1414,1410,1422,1445
"Reynolds (RM), Manitoba",4601043,1339,1368,1395,1422,1431,1437,1403,1387,1359,1334,1311,1280,1334,1321,1397,1358,1362,1370,1377,1373,1373,1311,1319,1416,1439
"Cartwright-Roblin (MU), Manitoba",4604052,1287,1280,1264,1270,1267,1264,1251,1238,1230,1247,1247,1265,1283,1296,1302,1329,1324,1341,1351,1342,1369,1386,1388,1397,1395
"Long Plain 6 (IRI), Manitoba",4609025,772,814,881,956,989,1048,1009,1064,1111,1154,1100,1124,1158,1187,1221,1275,1272,1268,1380,1378,1369,1409,1468,1484,1579
"Lakeshore (RM), Manitoba",4617075,1527,1508,1495,1487,1475,1455,1444,1436,1435,1427,1411,1400,1393,1377,1371,1377,1368,1372,1369,1363,1366,1364,1352,1355,1344
"Coldwell (RM), Manitoba",4618044,1355,1350,1371,1362,1377,1365,1394,1377,1397,1387,1359,1334,1329,1304,1275,1279,1235,1262,1297,1308,1340,1365,1373,1363,1368
"St-Pierre-Jolys (VL), Manitoba",4602037,912,903,887,878,872,867,913,961,1007,1060,1121,1194,1206,1225,1179,1200,1231,1253,1307,1322,1340,1314,1363,1379,1371
"Arborg (T), Manitoba",4618074,988,995,1016,1024,1039,1046,1069,1087,1109,1150,1166,1175,1200,1216,1227,1254,1248,1268,1291,1302,1316,1374,1432,1411,1455
"Grahamdale (RM), Manitoba",4618060,1504,1476,1487,1457,1447,1414,1401,1379,1362,1365,1338,1336,1346,1348,1341,1347,1320,1320,1323,1313,1313,1308,1290,1322,1326
"Elton (RM), Manitoba",4607071,1353,1342,1339,1338,1332,1319,1295,1273,1264,1271,1277,1283,1288,1289,1297,1306,1317,1316,1319,1317,1312,1334,1370,1420,1437
"Montcalm (RM), Manitoba",4603030,1431,1403,1383,1378,1367,1356,1313,1350,1358,1384,1321,1416,1322,1295,1297,1294,1275,1262,1262,1303,1311,1331,1364,1400,1420
"Chemawawin 2 (IRI), Manitoba",4621029,996,1003,1004,997,994,1015,1024,1040,1079,1112,1158,1192,1233,1268,1277,1290,1248,1315,1338,1336,1304,1295,1282,1264,1254
"Rosser (RM), Manitoba",4614015,1441,1412,1416,1416,1407,1395,1393,1375,1371,1369,1364,1372,1386,1395,1407,1399,1373,1353,1332,1308,1300,1369,1406,1460,1481
"Powerview-Pine Falls (T), Manitoba",4601075,1447,1432,1425,1415,1383,1325,1315,1326,1327,1333,1326,1319,1343,1341,1335,1335,1322,1313,1303,1283,1267,1284,1280,1290,1311
"Sifton (RM), Manitoba",4606016,1150,1157,1162,1166,1176,1176,1168,1110,1112,1175,1179,1238,1229,1277,1266,1268,1252,1243,1281,1265,1264,1261,1272,1256,1267
"Hamiota (MU), Manitoba",4615037,1356,1346,1326,1313,1297,1279,1286,1266,1248,1305,1297,1307,1268,1257,1262,1242,1244,1254,1255,1276,1250,1256,1272,1261,1210
"Alonsa (RM), Manitoba",4617026,1671,1625,1590,1564,1520,1465,1430,1395,1362,1322,1273,1268,1267,1259,1255,1264,1250,1250,1245,1234,1234,1232,1222,1225,1216
"Teulon (T), Manitoba",4614042,1074,1064,1082,1104,1127,1146,1148,1137,1136,1139,1131,1149,1173,1195,1210,1222,1186,1168,1204,1221,1224,1251,1256,1269,1289
"Victoria (RM), Manitoba",4608042,1198,1177,1182,1172,1158,1170,1135,1099,1162,1151,1124,1129,1186,1172,1144,1146,1181,1162,1144,1213,1214,1256,1279,1294,1333
"Berens River 13 (IRI), Manitoba",4619077,640,661,692,711,730,767,809,879,922,988,1050,1049,1031,1038,1018,1075,1102,1140,1157,1187,1201,1222,1239,1255,1271
"Roland (RM), Manitoba",4603062,1058,1051,1041,1043,1038,1030,1038,1082,1064,1078,1079,1129,1103,1131,1150,1163,1160,1173,1174,1134,1185,1203,1233,1265,1283
"Fairford 50 (IRI), Manitoba",4618067,849,871,908,912,928,932,945,949,963,990,1007,1035,1075,1116,1151,1200,1178,1182,1187,1184,1177,1192,1201,1214,1218
"Glenella-Lansdowne (MU), Manitoba",4608055,1420,1392,1372,1341,1316,1288,1273,1265,1255,1248,1253,1239,1241,1230,1218,1193,1186,1184,1183,1165,1157,1198,1219,1234,1253
"Shamattawa 1 (IRI), Manitoba",4623071,916,902,884,908,911,936,944,968,1004,1011,1011,1003,1006,994,1006,1048,1053,1070,1095,1139,1157,1161,1188,1139,1119
"Minto-Odanah (MU), Manitoba",4615074,1222,1225,1224,1223,1234,1230,1186,1212,1251,1290,1178,1191,1288,1228,1279,1209,1184,1172,1162,1153,1146,1147,1152,1168,1168
"Two Borders (MU), Manitoba",4605056,1576,1528,1490,1464,1442,1423,1380,1359,1346,1319,1321,1256,1282,1210,1190,1194,1157,1180,1208,1157,1145,1162,1152,1094,1082
"Mossey River (RM), Manitoba",4617072,1339,1319,1309,1297,1287,1269,1217,1219,1229,1199,1193,1190,1146,1159,1134,1164,1123,1138,1136,1141,1139,1137,1127,1130,1121
"Snow Lake (T), Manitoba",4621071,1232,1158,1096,1023,929,841,787,804,776,755,735,768,806,843,871,921,969,1003,1024,1049,1118,1110,1099,1084,1075
"Sioux Valley Dakota Nation (IRI), Manitoba",4606040,1080,1074,1074,1078,1086,1103,1110,1125,1139,1141,1164,1115,1137,1105,1059,1052,1050,1060,1072,1083,1086,1083,1093,1080,1090
"Lac du Bonnet (T), Manitoba",4601060,1107,1084,1080,1064,1055,1031,1010,1066,1048,1016,1079,1086,1060,1110,1097,1099,1077,1087,1093,1066,1072,1111,1110,1157,1136
"Melita (T), Manitoba",4605052,1125,1097,1101,1074,1061,1058,1046,1051,1058,1058,1075,1088,1084,1080,1060,1056,1050,1047,1047,1053,1068,1064,1066,1073,1081
"Gillam (T), Manitoba",4623022,1140,1128,1086,1107,1129,1174,1135,1155,1230,1263,1282,1315,1298,1341,1276,1226,1164,1096,1064,1072,1047,1042,1061,1058,1082
"Clanwilliam-Erickson (MU), Manitoba",4615092,915,924,929,935,948,939,936,881,917,892,898,868,891,933,901,865,939,1014,1033,1018,1031,1032,1037,1051,1051
"Argyle (RM), Manitoba",4604057,1162,1137,1115,1111,1100,1090,1079,1102,1111,1051,1069,1060,1055,1043,1028,1034,1020,1024,1022,1006,1017,1029,1030,1036,1035
"Dunnottar (VL), Manitoba",4613049,501,540,579,623,666,703,702,702,702,701,701,717,735,747,761,776,820,863,913,963,1004,1018,988,1045,1012
"Rossburn (MU), Manitoba",4616005,1104,1082,1086,1094,1069,1072,1067,1052,1045,1045,1045,1065,1035,1024,1021,976,957,943,927,971,992,991,1002,1015,1015
"Obushkudayang (IRI), Manitoba",4618061,0,0,0,0,0,0,0,0,0,0,0,0,0,0,0,28,224,421,616,814,986,997,1004,1015,1018
"Poplar River 16 (IRI), Manitoba",4619075,657,645,654,654,655,666,694,746,775,820,867,890,915,911,899,888,899,919,928,942,986,1031,1030,1057,1037
"Grand Rapids 33 (IRI), Manitoba",4621027,607,614,636,643,649,669,670,676,698,715,733,769,808,843,867,898,917,928,951,947,970,963,954,941,933
"Dog Creek 46 (IRI), Manitoba",4618055,671,664,661,648,646,635,649,657,669,689,697,735,781,818,851,899,891,904,918,925,929,940,945,956,890
"Little Grand Rapids 14 (IRI), Manitoba",4619051,809,811,807,795,800,816,813,822,840,862,861,831,820,856,849,832,842,860,868,881,920,937,961,1006,1040
"Churchill (T), Manitoba",4623056,973,966,928,917,928,944,918,906,843,869,826,853,872,887,905,912,958,907,875,890,890,849,856,900,895
"Moose Lake 31A (IRI), Manitoba",4621058,765,762,765,761,735,724,758,800,860,919,985,1022,1061,1097,1118,1150,1093,1029,975,917,863,857,849,837,830
"Cross Lake 19E (IRI), Manitoba",4622067,567,576,587,604,610,627,637,652,669,688,701,733,768,809,840,874,872,869,864,862,856,858,867,869,869
"Ellice-Archie (RM), Manitoba",4615047,1176,1149,1134,1101,1072,1039,1014,993,978,980,980,961,957,938,927,904,885,874,864,857,850,826,859,876,871
"God's River 86A (IRI), Manitoba",4622055,475,494,504,521,540,560,543,574,593,613,592,615,615,628,638,654,692,728,765,803,834,829,862,899,916
"South Indian Lake (S-É), Manitoba",4623037,789,788,769,790,816,836,818,808,767,792,751,789,827,864,906,957,922,880,836,790,789,795,768,822,846
"Shoal River Indian Reserve 65A (IRI), Manitoba",4619072,672,661,658,638,619,624,657,712,747,795,814,819,816,820,816,827,810,802,781,767,782,787,788,791,838
"McCreary (MU), Manitoba",4617035,1069,1052,1028,1013,1001,982,955,946,936,930,958,928,919,930,928,896,846,804,785,795,761,760,754,756,750
"Red Sucker Lake 1976 (IRI), Manitoba",4622056,545,577,610,650,687,729,730,718,682,685,665,683,702,724,737,751,752,751,750,750,741,780,749,773,789
"Pine Creek 66A (IRI), Manitoba",4619070,707,691,685,671,641,634,640,668,674,693,697,698,681,636,638,653,643,652,677,697,722,768,794,789,792
"Bloodvein 12 (IRI), Manitoba",4619052,648,640,643,627,620,594,595,616,617,633,655,689,715,701,692,703,688,680,663,649,662,674,662,634,647
"Ethelbert (MU), Manitoba",4617064,810,788,768,745,732,709,675,657,655,653,630,600,580,578,580,619,615,616,633,655,662,683,680,656,648
"Lac Brochet 197A (IRI), Manitoba",4623067,642,626,602,598,617,623,655,696,732,776,826,813,843,789,774,741,706,709,714,688,662,653,655,653,653
"Brenda-Waskada (MU), Manitoba",4605044,843,807,800,785,761,756,693,705,682,655,656,668,672,678,681,685,676,661,628,650,660,689,683,667,626
"Little Saskatchewan 48 (IRI), Manitoba",4618063,291,323,366,398,436,483,479,470,461,456,431,424,398,366,342,331,391,458,524,589,645,654,659,666,668
"Lynn Lake (T), Manitoba",4623047,710,707,691,710,727,728,745,698,647,660,675,634,596,518,527,505,521,536,550,560,594,586,587,585,585
"Brochet 197 (IRI), Manitoba",4623065,294,298,296,301,304,314,328,345,392,396,414,433,452,468,489,521,532,538,544,548,575,567,567,566,566
"Roseau River 2 (IRI), Manitoba",4602027,586,587,589,594,602,588,594,600,602,604,600,600,599,594,589,580,568,575,588,624,574,576,569,575,557
"Mountain (North) (RM), Manitoba",4620055,957,930,875,846,809,776,744,710,672,658,637,617,603,587,569,563,567,562,559,556,562,555,547,551,548
"Hole or Hollow Water 10 (IRI), Manitoba",4619053,635,635,639,640,637,636,633,650,644,647,636,633,625,620,604,593,577,568,551,536,545,555,562,569,576
"Black River 9 (IRI), Manitoba",4619054,400,418,428,439,450,475,470,493,530,544,536,563,601,658,703,710,663,623,575,530,514,523,530,537,544
"Waterhen 45 (IRI), Manitoba",4619069,385,388,398,405,407,399,392,398,389,391,389,390,388,387,381,382,401,423,439,459,487,542,562,579,573
"Keeseekoowenin 61 (IRI), Manitoba",4615067,415,395,397,391,378,369,384,398,414,437,459,422,440,435,431,395,408,437,443,482,485,512,543,551,576
"York Landing (IRI), Manitoba",4622065,434,431,434,433,437,432,435,425,450,450,459,456,457,461,458,459,485,470,476,469,470,431,421,415,440
"Birdtail Creek 57 (IRI), Manitoba",4615042,329,336,337,349,357,357,364,372,380,397,417,444,420,436,430,421,406,447,486,501,459,499,493,500,465
"Victoria Beach (RM), Manitoba",4601078,272,294,322,347,369,391,386,385,381,378,373,374,383,385,388,397,408,421,433,443,459,457,461,446,468
"Crane River 51 (IRI), Manitoba",4619068,369,381,400,409,421,452,473,480,494,534,508,522,534,494,473,453,437,468,466,467,454,462,468,474,480
"Mountain (South) (RM), Manitoba",4620032,654,633,612,604,593,578,584,557,529,519,461,423,429,408,439,422,423,410,420,434,454,465,457,447,463
"Brokenhead 4 (IRI), Manitoba",4613062,386,397,412,434,457,484,455,446,446,479,524,503,519,522,531,529,511,491,477,463,449,455,462,477,492
"Swan Lake 7 (IRI), Manitoba",4604068,434,418,395,373,365,357,365,342,347,362,372,379,375,365,356,356,377,383,398,419,394,399,400,402,401
"Rolling River 67 (IRI), Manitoba",4615071,317,327,338,348,345,363,364,367,370,376,364,364,368,368,375,372,371,365,371,394,389,389,391,396,396
"Valley River 63A (IRI), Manitoba",4616046,392,403,415,416,424,435,421,402,387,377,369,373,371,370,364,362,363,358,361,365,371,371,375,380,380
"Churchill 1 (IRI), Manitoba",4623058,321,322,316,324,328,340,330,328,312,327,324,319,319,324,323,333,360,341,369,363,368,364,365,364,364
"Leaf Rapids (T), Manitoba",4623034,1294,1147,944,797,682,547,521,559,544,473,503,521,536,548,568,583,554,516,456,369,360,355,356,355,355
"Pauingassi First Nation (IRI), Manitoba",4619079,426,409,400,387,373,362,365,379,380,388,395,378,361,347,329,317,321,328,330,334,348,354,359,364,369
"Canupawakpa Dakota First Nation (Oak Lake 59) (IRI), Manitoba",4606029,312,304,312,297,294,301,296,294,292,291,292,305,304,301,296,315,296,288,316,331,330,329,352,350,353
"Jackhead 43 (IRI), Manitoba",4619061,170,197,214,239,258,281,270,270,258,253,233,231,228,225,219,214,224,237,247,259,276,281,285,289,293
"Opaskwayak Cree Nation 21A (IRI), Manitoba",4621033,240,231,229,216,202,188,184,182,185,185,184,191,195,201,204,216,222,229,237,243,249,247,245,242,240
"Dakota Tipi 1 (IRI), Manitoba",4609027,112,124,134,145,156,162,162,162,164,166,168,167,166,164,162,164,178,192,205,220,234,238,240,243,246
"Division No. 18, Unorganized, East Part (NO), Manitoba",4618091,48,56,65,74,82,90,97,103,110,118,125,131,138,145,151,159,172,187,203,219,232,235,237,240,241
"Buffalo Point 36 (IRI), Manitoba",4601070,120,125,129,135,140,143,145,150,154,159,163,161,163,164,167,172,181,192,203,213,222,225,224,226,230
"Dauphin River 48A (IRI), Manitoba",4619062,93,92,90,91,88,87,85,87,85,87,86,71,54,39,19,6,50,94,136,179,219,223,226,229,232
"Grand Rapids (T), Manitoba",4621025,365,365,362,352,346,343,327,313,306,293,283,301,281,277,271,275,263,250,240,228,219,218,216,213,211
"Moose Lake 31D (IRI), Manitoba",4621080,0,0,0,0,0,0,0,0,0,0,0,0,0,0,0,5,37,69,100,133,161,160,158,156,155
"Black Sturgeon (IRI), Manitoba",4623800,0,0,0,0,0,0,0,0,0,0,0,0,0,0,0,4,35,66,97,127,155,153,153,153,153
"Red Sucker Lake 1976A (IRI), Manitoba",4622045,108,115,121,130,136,145,145,143,135,137,132,136,140,144,147,149,150,150,151,151,151,151,153,153,153
"Division No. 23, Unorganized (NO), Manitoba",4623062,230,213,205,197,185,174,167,163,158,151,152,178,203,229,258,285,257,225,194,161,144,142,142,142,142
"Wuskwi Sipihk First Nation 2 (IRI), Manitoba",4620060,2,4,7,10,12,16,27,38,49,62,73,67,60,53,45,44,64,85,104,125,144,142,140,141,141
"Fox Lake 2 (IRI), Manitoba",4623027,147,133,125,117,111,105,116,132,149,168,196,193,187,179,171,159,154,146,138,129,129,127,127,127,127
"Opaskwayak Cree Nation 21I (IRI), Manitoba",4621040,141,143,147,153,155,162,162,162,166,168,168,195,222,248,273,295,259,222,189,152,121,120,119,117,116
"Division No. 17, Unorganized (NO), Manitoba",4617092,59,86,114,143,173,207,186,165,146,125,102,102,102,102,102,102,104,106,109,110,112,112,111,111,110
"Roseau Rapids 2A (IRI), Manitoba",4602026,95,102,109,116,121,129,126,124,120,117,109,112,114,115,118,116,112,110,108,106,103,106,110,114,117
"Dakota Plains 6A (IRI), Manitoba",4609026,111,101,93,85,76,69,78,85,94,104,114,107,103,96,88,79,83,87,92,97,101,103,104,105,106
"Shoal River 65B (IRI), Manitoba",4619040,0,0,0,0,0,0,0,0,0,0,0,0,0,0,0,3,22,42,62,81,98,100,101,102,103
"Division No. 20, Unorganized, South Part (NO), Manitoba",4620066,44,59,75,89,105,116,108,100,92,88,82,81,83,83,82,83,87,89,90,92,96,95,93,94,94
"O-Pipon-Na-Piwin Cree Nation 1 (IRI), Manitoba",4623040,34,33,32,34,34,35,34,34,33,34,32,34,35,37,39,42,50,58,66,73,81,80,80,80,80
"Gambler 63 (Part) (IRI), Parklands, Manitoba",4616025,58,65,70,74,79,86,83,79,76,73,73,74,74,75,77,80,80,78,79,78,79,79,80,81,81
"Ilford (S-É), Manitoba",4622064,127,122,117,109,106,101,90,79,66,50,38,37,38,37,34,33,39,45,51,58,63,63,64,64,64
"Mooseocoot (IRI), Manitoba",4622802,0,0,0,0,0,0,0,0,0,0,2,16,30,44,59,72,69,67,64,63,61,61,62,62,62
"A Kwis Ki Mahka (IRI), Manitoba",4623023,61,60,58,59,60,62,61,62,65,68,68,70,69,71,68,66,63,60,59,60,59,58,58,58,58
"Rolling River 67B (IRI), Manitoba",4615072,10,10,10,10,10,10,8,6,4,2,1,8,16,24,35,48,49,51,53,55,57,57,57,58,58
"The Narrows 49 (IRI), Manitoba",4619065,560,544,543,538,523,526,578,651,710,784,820,678,519,355,173,6,17,27,38,48,57,58,59,60,61
"Fisher River 44A (IRI), Manitoba",4619058,34,37,39,43,45,46,41,39,35,33,31,36,42,48,55,60,57,54,50,47,46,47,48,49,50
"Opaskwayak Cree Nation 21C (IRI), Manitoba",4621035,6,8,9,11,13,15,15,17,17,18,20,21,20,21,20,19,23,27,32,36,40,40,40,39,39
"Opaskwayak Cree Nation 21B (IRI), Manitoba",4621034,31,32,34,35,37,38,36,35,35,34,32,33,34,35,37,41,40,39,38,37,36,36,36,36,36
"Chemawawin 3 (IRI), Manitoba",4619082,16,16,18,18,19,19,17,15,13,12,10,11,12,14,14,15,18,20,22,24,27,28,28,28,28
"Division No. 20, Unorganized, North Part (NO), Manitoba",4620069,1,3,5,6,7,10,17,23,31,38,46,42,37,33,28,25,25,25,25,25,25,25,25,25,25
"Gambler 63 (Part) (IRI), Southwest / Sud-ouest, Manitoba",4615049,5,6,7,8,9,10,9,8,7,6,5,5,5,5,5,5,7,9,11,13,15,15,15,15,15
"Granville Lake (S-É), Manitoba",4623039,71,76,78,86,93,97,87,74,59,38,16,15,13,12,11,10,10,11,11,12,12,12,12,12,12
"Swan Lake 65C (IRI), Manitoba",4619071,151,150,154,158,157,155,134,118,94,73,49,44,38,33,27,23,20,18,15,12,10,10,10,10,10
"Long Plain (IRI), Manitoba",4609030,0,0,0,0,0,0,0,0,0,0,0,0,0,0,0,0,1,2,3,4,5,5,5,5,5
"Opaskwayak Cree Nation 21N (IRI), Manitoba",4621039,6,6,6,6,5,5,5,5,5,5,5,5,5,5,5,5,5,5,5,5,5,5,5,5,5
"Division No. 18, Unorganized, West Part (NO), Manitoba",4618093,0,0,0,0,0,0,0,0,0,0,0,0,0,0,0,0,0,0,0,0,0,0,0,0,0
"Moose Lake 31G (IRI), Manitoba",4621060,0,0,0,0,0,0,0,0,0,0,0,0,0,0,0,0,0,0,0,0,0,0,0,0,0
"Mooseocoot 4 (IRI), Manitoba",4622066,20,19,19,17,17,17,14,12,10,9,6,6,6,6,6,5,4,3,2,1,0,0,0,0,0
"Mystery Lake (LGD), Manitoba",4622017,5,4,3,2,1,0,3,4,6,8,10,7,6,4,2,0,0,0,0,0,0,0,0,0,0
"Opaskwayak Cree Nation 21D (IRI), Manitoba",4621036,0,0,0,0,0,0,0,0,0,0,0,0,0,0,0,0,0,0,0,0,0,0,0,0,0
"Shoal Lake (Part) 40 (IRI), Manitoba",4601079,0,0,0,0,0,0,0,0,0,0,0,0,0,0,0,0,0,0,0,0,0,0,0,0,0
"Swan Lake 7A (IRI), Manitoba",4607040,14,14,14,14,14,14,14,14,14,14,14,14,14,14,15,15,12,9,6,3,0,0,0,0,0
"Waywayseecappo Highway 10 (IRI), Manitoba",4607072,0,0,0,0,0,0,0,0,0,0,0,0,0,0,0,0,0,0,0,0,0,0,0,0,0
"Saskatoon (CY), Saskatchewan",4711066,201873,203231,204327,206086,207103,208579,211222,214955,220105,225287,230452,237296,242656,247268,251476,256975,261962,266509,271259,274971,275202,281698,296007,310715,318067
"Regina (CY), Saskatchewan",4706027,182560,182302,183114,183881,183863,184301,185991,188718,192616,196285,199870,205648,210562,214750,218352,223296,227093,230366,233224,234137,233674,236282,246053,257915,263419
"Prince Albert (CY), Saskatchewan",4715066,35110,35086,35052,35209,35126,34937,35088,35318,35514,35809,36181,36345,36627,36670,36801,37116,37579,37972,38610,38769,38837,38670,39031,40137,40728
"Moose Jaw (CY), Saskatchewan",4707039,32782,32716,32958,33149,32916,32799,32960,33349,33663,33875,34126,34284,34346,34529,34580,34852,35024,35079,34862,34728,34557,34781,35512,36256,36337
"Swift Current (CY), Saskatchewan",4708004,15134,15051,15119,15267,15260,15300,15320,15472,15659,15904,15950,16147,16372,16607,16825,17033,17152,17281,17275,17297,17213,17394,17503,17922,18154
"Yorkton (CY), Saskatchewan",4709012,15414,15443,15368,15424,15309,15344,15451,15642,15772,15959,16032,16276,16549,16696,16613,16762,16770,16831,16856,16711,16720,16589,16824,17285,17543
"North Battleford (CY), Saskatchewan",4716029,13971,13946,13896,13774,13650,13500,13791,13945,14257,14263,14235,14367,14507,14557,14664,14687,14576,14455,14395,14325,14202,14178,14217,14455,14882
"Warman (CY), Saskatchewan",4711068,3618,3859,4110,4396,4680,4982,5370,5924,6301,6792,7439,8135,8855,9793,10796,11542,12038,12300,12466,12620,12839,13170,13587,13999,14245
"Lloydminster (Part) (CY), Saskatchewan",4717029,8133,8149,8263,8417,8487,8464,8817,9149,9571,9766,10228,10739,11386,12006,12271,12214,12302,12399,12524,12394,12306,12080,12236,12511,13137
"Weyburn (CY), Saskatchewan",4702047,9718,9701,9692,9657,9603,9628,9711,9976,10246,10512,10727,10923,11038,11108,11112,11160,11229,11309,11312,11323,11321,11349,11419,11698,11871
"Estevan (CY), Saskatchewan",4701024,10478,10451,10428,10326,10298,10344,10608,10739,10981,11195,11373,11596,11951,12087,11950,11808,11640,11513,11501,11283,11162,11009,11099,11244,11391
"Martensville (CY), Saskatchewan",4711070,4506,4617,4727,4865,5013,5193,5602,6078,6721,7391,8100,8544,8939,9281,9624,10111,10418,10575,10593,10748,10928,11207,11459,11675,11808
"Corman Park No. 344 (RM), Saskatchewan",4711065,8028,8092,8162,8259,8301,8389,8670,8800,8518,8412,8518,8591,8585,8612,8604,8846,8913,9196,9075,9030,9160,9379,9808,10247,10463
"Humboldt (CY), Saskatchewan",4715008,5297,5251,5212,5193,5141,5103,5219,5423,5541,5765,5822,5844,5897,5919,6063,6017,6077,6110,6162,6182,6210,6209,6400,6431,6551
"Melfort (CY), Saskatchewan",4714051,5713,5627,5564,5498,5410,5278,5348,5466,5534,5648,5696,5783,5844,5944,6043,6117,6179,6168,6126,6062,6107,5975,6061,6112,6028
"Meadow Lake (CY), Saskatchewan",4717052,4722,4734,4801,4880,4874,4917,4881,5060,5000,5112,5213,5297,5340,5434,5420,5551,5500,5506,5477,5563,5502,5488,5498,5576,5667
"Nipawin (T), Saskatchewan",4714076,4374,4332,4302,4262,4220,4152,4186,4239,4293,4327,4375,4378,4427,4455,4497,4511,4558,4608,4646,4636,4715,4934,4942,4963,5033
"Kindersley (T), Saskatchewan",4713008,4676,4672,4586,4562,4531,4523,4609,4612,4745,4816,4773,4858,4808,4854,4819,4705,4656,4709,4716,4714,4714,4681,4615,4689,4740
"Melville (CY), Saskatchewan",4705074,4596,4567,4457,4389,4326,4247,4247,4370,4530,4614,4626,4609,4597,4645,4686,4625,4646,4653,4635,4632,4614,4486,4488,4541,4547
"Edenwold No. 158 (RM), Saskatchewan",4706029,2948,3064,3216,3369,3512,3750,3985,4102,4133,4192,4267,4219,4318,4572,4532,4640,4654,4673,4672,4628,4560,4662,4855,4906,4932
"Battleford (T), Saskatchewan",4712079,3920,3905,3845,3863,3755,3751,3826,3901,3955,4095,4151,4207,4267,4331,4441,4531,4531,4527,4502,4512,4520,4557,4584,4629,4657
"White City (T), Saskatchewan",4706030,1134,1131,1131,1138,1139,1160,1300,1454,1618,1793,1984,2231,2476,2717,2963,3225,3394,3556,3707,3829,3941,3976,4127,4301,4379
"Prince Albert No. 461 (RM), Saskatchewan",4715064,3458,3373,3288,3217,3117,3039,3186,3347,3519,3665,3743,3713,3700,3724,3757,3694,3710,3726,3654,3639,3566,3519,3578,3555,3589
"Buckland No. 491 (RM), Saskatchewan",4715094,3589,3579,3574,3554,3514,3487,3534,3608,3679,3751,3739,3682,3642,3592,3550,3469,3460,3445,3433,3401,3361,3385,3430,3521,3550
"Tisdale (T), Saskatchewan",4714044,3129,3117,3106,3086,3064,3043,3091,3146,3188,3242,3255,3252,3280,3297,3309,3289,3293,3243,3141,3118,3038,3029,3049,3063,3052
"Vanscoy No. 345 (RM), Saskatchewan",4712054,2680,2682,2676,2691,2655,2684,2703,2734,2742,2789,2788,2890,2869,2947,2883,2919,2967,2905,2988,2927,2894,2882,2915,2957,3029
"Moosomin (T), Saskatchewan",4705004,2424,2407,2397,2353,2327,2304,2364,2403,2401,2481,2563,2600,2729,2747,2737,2823,2827,2834,2831,2824,2859,2878,2883,2865,2906
"La Loche (NV), Saskatchewan",4718074,2215,2270,2319,2371,2402,2426,2469,2548,2544,2616,2700,2698,2684,2655,2644,2541,2631,2709,2768,2834,2768,2828,2832,2873,3124
"Pilot Butte (T), Saskatchewan",4706031,1882,1887,1895,1909,1907,1916,1975,1915,1911,1908,1898,1893,1916,1991,2101,2230,2349,2465,2572,2657,2746,2940,3056,3167,3255
"La Ronge (T), Saskatchewan",4718041,2862,2895,2875,2869,2852,2812,2677,2731,2866,2928,2815,2839,2895,2844,2809,2757,2775,2756,2699,2655,2631,2631,2655,2697,2668
"Meadow Lake No. 588 (RM), Saskatchewan",4717054,2753,2725,2716,2707,2670,2639,2664,2680,2687,2706,2705,2673,2671,2643,2596,2544,2550,2574,2609,2592,2589,2595,2611,2669,2712
"Unity (T), Saskatchewan",4713074,2292,2270,2211,2217,2208,2188,2256,2404,2380,2423,2457,2514,2536,2586,2599,2663,2681,2665,2637,2595,2575,2531,2549,2499,2543
"Rosetown (T), Saskatchewan",4712006,2504,2454,2413,2380,2309,2315,2349,2368,2354,2322,2368,2347,2354,2418,2491,2521,2559,2566,2548,2549,2568,2532,2579,2551,2600
"Rosthern No. 403 (RM), Saskatchewan",4715031,1820,1823,1839,1870,1878,1888,1884,1932,1943,2028,2072,2089,2095,2231,2210,2388,2638,2524,2577,2488,2510,2649,2618,2700,2791
"Esterhazy (T), Saskatchewan",4705052,2377,2372,2366,2373,2362,2387,2403,2440,2484,2505,2541,2570,2646,2643,2634,2573,2555,2538,2524,2489,2466,2421,2509,2514,2513
"Outlook (T), Saskatchewan",4711027,2167,2127,2081,2051,2014,1974,2007,2057,2119,2191,2255,2287,2302,2310,2312,2343,2365,2383,2399,2409,2404,2486,2556,2628,2629
"Assiniboia (T), Saskatchewan",4703036,2549,2520,2474,2429,2334,2316,2320,2354,2371,2427,2457,2438,2468,2489,2492,2442,2438,2432,2396,2389,2401,2395,2417,2419,2431
"Maple Creek (T), Saskatchewan",4704048,2313,2294,2270,2235,2236,2179,2174,2196,2270,2209,2204,2124,2099,2110,2045,2111,2115,2158,2129,2149,2255,2192,2324,2300,2354
"Seekaskootch 119 (IRI), Saskatchewan",4717801,1853,1836,1856,1879,1864,1819,1987,2147,2309,2496,2684,2799,2926,2800,2823,2666,2579,2484,2432,2340,2251,2257,2270,2323,2361
"Biggar (T), Saskatchewan",4712046,2271,2218,2196,2142,2092,2069,2096,2125,2141,2190,2202,2200,2217,2233,2262,2268,2251,2231,2216,2171,2175,2259,2282,2353,2337
"Dundurn No. 314 (RM), Saskatchewan",4711061,576,593,604,625,639,660,748,846,952,1064,1217,1485,1748,2008,2276,2521,2460,2395,2329,2253,2170,2222,2324,2428,2479
"Canora (T), Saskatchewan",4709032,2215,2190,2137,2125,2060,2037,2085,2130,2187,2243,2259,2234,2204,2166,2093,2082,2088,2107,2128,2130,2166,2135,2160,2158,2179
"Britannia No. 502 (RM), Saskatchewan",4717028,1398,1406,1438,1477,1506,1531,1588,1638,1692,1739,1792,1873,1972,2065,2142,2210,2183,2159,2158,2121,2110,2115,2128,2177,2212
"Swift Current No. 137 (RM), Saskatchewan",4708001,1687,1647,1646,1645,1616,1588,1663,1752,1852,1948,2032,2019,2019,2017,2004,2005,2029,2030,2045,2037,2053,2050,2055,2084,2089
"Blucher No. 343 (RM), Saskatchewan",4711069,1606,1626,1652,1680,1696,1712,1751,1782,1851,1979,1919,1958,2018,1984,1994,2065,2091,2037,2074,2144,2041,2171,2234,2223,2239
"Lumsden No. 189 (RM), Saskatchewan",4706053,1647,1644,1661,1667,1654,1644,1645,1730,1762,1822,1817,1838,1955,1958,1957,2005,2039,2143,2100,2113,2038,2036,2066,2069,2150
"Fort Qu'Appelle (T), Saskatchewan",4706051,1966,1947,1949,1947,1939,1940,1966,1997,2036,2073,2084,2096,2102,2098,2088,2087,2088,2086,2077,2046,2016,2041,2117,2207,2247
"Stanley 157 (IRI), Saskatchewan",4718803,1267,1303,1366,1426,1469,1512,1598,1616,1648,1625,1689,1757,1791,1837,1865,1914,1936,1891,1892,1895,1964,1962,1973,1994,1999
"Indian Head (T), Saskatchewan",4706039,1789,1751,1717,1699,1670,1668,1698,1737,1785,1830,1859,1893,1917,1934,1942,1949,1993,2022,1992,1964,1954,2026,2082,2150,2201
"Orkney No. 244 (RM), Saskatchewan",4709011,1801,1793,1790,1787,1771,1758,1776,1818,1856,1881,1901,1917,1932,1929,1913,1926,1926,1926,1913,1916,1925,1917,1930,1950,1957
"Pelican Narrows 184B (IRI), Saskatchewan",4718820,1283,1317,1360,1408,1444,1476,1566,1680,1791,1918,2069,2082,2003,2054,2035,2019,1981,1990,2029,1947,1890,1888,1902,1919,1923
"Watrous (T), Saskatchewan",4711053,1839,1828,1819,1793,1779,1777,1788,1810,1838,1873,1892,1914,1913,1903,1949,1947,1951,1881,1893,1874,1887,1932,2020,2110,2154
"Rosthern (T), Saskatchewan",4715032,1520,1497,1479,1454,1425,1413,1449,1496,1545,1582,1606,1627,1655,1681,1709,1719,1736,1788,1798,1855,1870,1842,1849,1902,1926
"Wynyard (T), Saskatchewan",4710047,2001,1979,1921,1915,1823,1774,1768,1796,1826,1806,1797,1799,1749,1827,1836,1819,1824,1806,1892,1854,1867,1804,1777,1841,1827
"Dalmeny (T), Saskatchewan",4711073,1640,1628,1615,1617,1604,1604,1679,1708,1759,1746,1754,1793,1799,1803,1805,1900,1875,1850,1884,1837,1859,1811,1885,1931,1900
"Division No. 18, Unorganized (NO), Saskatchewan",4718090,1603,1547,1494,1450,1386,1343,1400,1477,1544,1607,1644,1598,1552,1505,1454,1413,1481,1585,1712,1793,1858,1856,1868,1890,1891
"Lumsden (T), Saskatchewan",4706056,1627,1607,1600,1591,1574,1555,1568,1589,1620,1653,1678,1726,1770,1809,1841,1877,1884,1889,1888,1867,1833,1869,1940,2022,2059
"Mervin No. 499 (RM), Saskatchewan",4717045,1291,1301,1325,1343,1361,1388,1346,1353,1317,1249,1252,1282,1259,1261,1249,1291,1361,1487,1614,1702,1830,1835,1846,1889,1920
"Shaunavon (T), Saskatchewan",4704036,1797,1776,1767,1754,1738,1722,1787,1753,1771,1832,1777,1773,1758,1782,1734,1770,1789,1758,1787,1798,1822,1805,1789,1853,1939
"Balgonie (T), Saskatchewan",4706032,1277,1301,1336,1369,1394,1433,1478,1548,1597,1711,1679,1788,1780,1747,1844,1830,1839,1846,1848,1831,1812,1835,1904,1984,2020
"Kamsack (T), Saskatchewan",4709039,2023,1980,1932,1873,1783,1736,1755,1784,1816,1837,1843,1895,1996,1937,1953,1931,2008,2007,2034,1933,1811,1810,1778,1789,1849
"Shellbrook No. 493 (RM), Saskatchewan",4716046,1748,1737,1712,1699,1676,1655,1586,1643,1659,1679,1559,1545,1622,1673,1647,1629,1686,1639,1593,1601,1635,1611,1639,1661,1671
"Big River 118 (IRI), Saskatchewan",4716858,1261,1311,1355,1403,1447,1488,1527,1552,1598,1640,1695,1664,1634,1649,1646,1619,1614,1612,1603,1594,1590,1593,1599,1609,1613
"Carlyle (T), Saskatchewan",4701056,1301,1318,1288,1299,1295,1298,1342,1372,1421,1462,1498,1537,1565,1581,1587,1577,1600,1605,1600,1598,1588,1561,1568,1563,1571
"Langham (T), Saskatchewan",4711067,1166,1159,1159,1156,1146,1147,1169,1198,1236,1280,1333,1381,1423,1461,1501,1550,1550,1580,1552,1559,1569,1607,1681,1756,1793
"Shellbrook (T), Saskatchewan",4716047,1288,1278,1269,1261,1251,1243,1290,1329,1382,1424,1458,1460,1427,1354,1418,1485,1466,1491,1515,1526,1552,1554,1555,1571,1576
"Aberdeen No. 373 (RM), Saskatchewan",4715018,834,826,820,813,790,785,833,888,950,1007,1052,1112,1181,1257,1339,1427,1462,1471,1415,1461,1519,1512,1533,1570,1585
"Wilton No. 472 (RM), Saskatchewan",4717022,1579,1547,1540,1527,1510,1498,1516,1523,1532,1535,1536,1560,1603,1635,1657,1667,1632,1596,1582,1544,1500,1514,1523,1558,1583
"Lanigan (T), Saskatchewan",4711049,1310,1303,1289,1274,1261,1258,1277,1304,1340,1385,1424,1452,1426,1424,1432,1415,1433,1449,1464,1474,1477,1505,1521,1580,1597
"Île-à-la-Crosse (NV), Saskatchewan",4718067,1275,1298,1326,1346,1354,1371,1371,1394,1401,1403,1395,1377,1368,1355,1345,1338,1365,1400,1412,1430,1462,1456,1468,1488,1484
"Ahtahkakoop 104 (IRI), Saskatchewan",4716860,1134,1142,1149,1152,1146,1138,1137,1207,1246,1301,1397,1429,1465,1492,1517,1516,1510,1501,1476,1464,1439,1501,1538,1604,1609
"Hudson Bay (T), Saskatchewan",4714004,1806,1777,1757,1738,1712,1668,1638,1596,1562,1524,1527,1486,1551,1515,1496,1452,1451,1443,1452,1462,1424,1455,1448,1465,1391
"Air Ronge (NV), Saskatchewan",4718042,1039,1061,1070,1092,1109,1132,1129,1147,1154,1160,1159,1216,1225,1200,1253,1233,1232,1237,1230,1332,1413,1483,1420,1471,1515
"Frenchman Butte No. 501 (RM), Saskatchewan",4717032,1337,1305,1306,1299,1260,1252,1302,1345,1391,1435,1480,1463,1391,1520,1552,1527,1510,1471,1418,1408,1403,1398,1416,1398,1382
"Lac La Ronge 156 (IRI), Saskatchewan",4718809,1151,1208,1279,1340,1409,1512,1545,1642,1674,1735,1897,1861,1858,1882,1863,2018,1876,1692,1677,1472,1394,1389,1399,1418,1415
"Canwood No. 494 (RM), Saskatchewan",4716051,1748,1751,1704,1645,1600,1557,1529,1497,1475,1463,1450,1444,1445,1434,1417,1408,1406,1401,1394,1388,1377,1379,1386,1394,1398
"Laird No. 404 (RM), Saskatchewan",4715026,1177,1169,1164,1165,1162,1173,1212,1259,1297,1303,1273,1302,1320,1322,1399,1425,1455,1490,1456,1413,1340,1369,1431,1474,1488
"Regina Beach (T), Saskatchewan",4706058,1077,1100,1136,1166,1199,1232,1192,1187,1139,1110,1108,1126,1140,1148,1156,1178,1191,1242,1280,1262,1326,1299,1360,1361,1322
"Lac La Hache 220 (IRI), Saskatchewan",4718832,868,858,852,852,841,845,876,925,967,1016,1068,1089,1105,1139,1161,1181,1214,1229,1225,1275,1320,1253,1311,1345,1443
"Lakeland No. 521 (RM), Saskatchewan",4715075,671,744,817,884,961,1032,1001,978,958,931,883,925,887,890,927,937,1007,1139,1163,1299,1320,1329,1348,1380,1393
"Oxbow (T), Saskatchewan",4701014,1142,1127,1142,1148,1162,1169,1210,1244,1317,1354,1323,1345,1367,1430,1381,1377,1359,1374,1365,1334,1318,1320,1278,1309,1290
"Beaver River No. 622 (RM), Saskatchewan",4717062,1119,1106,1123,1126,1130,1123,1067,1087,1109,1080,1045,1089,1143,1188,1227,1259,1249,1235,1271,1271,1310,1346,1383,1454,1442
"Estevan No. 5 (RM), Saskatchewan",4701022,1070,1071,1076,1064,1072,1076,1089,1112,1130,1150,1176,1232,1289,1340,1377,1414,1397,1375,1359,1325,1306,1286,1288,1289,1293
"Wadena (T), Saskatchewan",4710068,1423,1404,1381,1358,1337,1331,1311,1279,1310,1320,1335,1327,1328,1324,1322,1321,1305,1322,1325,1304,1296,1263,1291,1287,1278
"Creighton (T), Saskatchewan",4718051,1576,1569,1567,1558,1519,1528,1550,1545,1549,1611,1517,1514,1521,1428,1469,1452,1418,1398,1331,1291,1290,1238,1245,1243,1238
"Osler (T), Saskatchewan",4711075,851,867,891,921,945,956,956,1006,1053,1091,1127,1170,1206,1235,1258,1280,1287,1294,1298,1299,1290,1321,1381,1443,1473
"Beardy's 97 and Okemasis 96 (IRI), Saskatchewan",4715845,1117,1140,1157,1188,1195,1200,1226,1261,1299,1333,1359,1366,1335,1385,1357,1369,1358,1339,1325,1305,1286,1295,1313,1344,1357
"Sherwood No. 159 (RM), Saskatchewan",4706026,985,984,996,1005,1004,1007,981,961,946,932,912,937,958,980,1000,1025,1085,1143,1200,1245,1282,1298,1347,1405,1431
"Macklin (T), Saskatchewan",4713051,1335,1326,1291,1317,1339,1329,1375,1407,1441,1464,1462,1433,1442,1417,1468,1413,1392,1355,1340,1301,1276,1237,1262,1223,1185
"Waldheim (T), Saskatchewan",4715028,906,904,899,902,892,897,919,946,977,1024,1065,1146,1170,1159,1247,1250,1207,1199,1205,1212,1273,1269,1318,1362,1447
"Spiritwood No. 496 (RM), Saskatchewan",4716056,1453,1436,1401,1366,1336,1294,1207,1332,1321,1343,1376,1375,1360,1332,1294,1250,1258,1266,1268,1271,1272,1274,1281,1288,1291
"South Qu'Appelle No. 157 (RM), Saskatchewan",4706034,1117,1098,1094,1089,1084,1094,1114,1177,1246,1203,1317,1312,1308,1335,1324,1307,1297,1305,1288,1298,1266,1238,1255,1235,1256
"Sturgeon Lake 101 (IRI), Saskatchewan",4716856,899,943,989,1043,1098,1150,1175,1193,1217,1231,1261,1260,1260,1247,1235,1214,1227,1242,1247,1258,1265,1268,1274,1281,1285
"Langenburg (T), Saskatchewan",4705048,1110,1089,1092,1056,1040,1055,1070,1095,1123,1153,1174,1179,1189,1196,1199,1206,1221,1233,1240,1248,1254,1246,1248,1249,1256
"Moose Jaw No. 161 (RM), Saskatchewan",4707038,1388,1349,1344,1331,1282,1242,1223,1216,1202,1190,1169,1167,1169,1178,1192,1200,1221,1227,1231,1251,1252,1260,1281,1295,1293
"Torch River No. 488 (RM), Saskatchewan",4714077,1737,1686,1665,1640,1615,1583,1614,1623,1551,1534,1489,1521,1514,1531,1549,1480,1500,1446,1391,1329,1252,1250,1256,1256,1277
"Maidstone (T), Saskatchewan",4717018,1010,1005,1020,1040,1056,1059,1088,1112,1139,1162,1190,1258,1263,1274,1277,1209,1221,1165,1188,1197,1249,1230,1222,1245,1222
"Wilkie (T), Saskatchewan",4713069,1288,1272,1245,1265,1244,1236,1265,1296,1308,1327,1320,1351,1279,1296,1252,1245,1253,1191,1204,1187,1214,1223,1214,1240,1261
"Foam Lake (T), Saskatchewan",4710038,1213,1211,1182,1167,1146,1135,1149,1121,1167,1194,1161,1111,1186,1169,1146,1162,1170,1170,1188,1189,1207,1206,1159,1212,1154
"Chicken 224 (IRI), Saskatchewan",4718828,1083,1092,1111,1127,1128,1151,1121,1147,1110,1145,1116,1176,1242,1303,1366,1415,1377,1337,1318,1299,1189,1187,1196,1213,1210
"Maple Creek No. 111 (RM), Saskatchewan",4704045,1159,1171,1185,1169,1180,1185,1193,1198,1183,1177,1162,1180,1168,1107,1097,1083,1170,1159,1206,1191,1189,1219,1162,1189,1179
"Carnduff (T), Saskatchewan",4701008,1012,1016,1029,1013,1010,1028,1034,1082,1052,1114,1153,1134,1146,1151,1117,1125,1129,1154,1121,1136,1179,1134,1143,1159,1139
"Hudson Bay No. 394 (RM), Saskatchewan",4714001,1507,1477,1468,1446,1413,1386,1315,1283,1241,1229,1126,1166,1087,1124,1092,1120,1105,1104,1106,1092,1174,1126,1096,1077,1116
"Makwa Lake 129B (IRI), Saskatchewan",4717807,757,762,781,803,819,826,855,877,895,912,936,953,983,1005,1011,1020,1047,1074,1106,1128,1149,1150,1157,1184,1203
"Meota No. 468 (RM), Saskatchewan",4717001,906,919,945,966,976,996,993,983,976,968,955,954,965,966,959,963,996,1027,1065,1065,1146,1130,1120,1198,1217
"Weyburn No. 67 (RM), Saskatchewan",4702044,878,905,915,911,922,925,939,979,1007,1051,1084,1097,1109,1114,1111,1115,1120,1129,1142,1143,1138,1142,1143,1149,1149
"Longlaketon No. 219 (RM), Saskatchewan",4706070,957,950,944,931,926,923,903,914,980,1053,980,981,972,1001,1061,1038,1060,1086,1084,1107,1129,1164,1134,1221,1192
"Birch Hills (T), Saskatchewan",4715068,971,960,961,962,956,953,978,1010,1046,1078,1096,1037,1052,1002,1044,1068,1111,1099,1087,1060,1100,1090,1073,1092,1093
"Paddockwood No. 520 (RM), Saskatchewan",4715099,1083,1068,1057,1037,1006,991,989,994,1002,1010,994,976,964,949,936,926,965,998,1033,1067,1093,1101,1117,1144,1155
"Kipling (T), Saskatchewan",4705016,1043,1022,1007,993,983,977,995,1013,1033,1057,1063,1014,1078,1050,1071,1101,1086,1084,1106,1073,1092,1086,1088,1087,1091
"Preeceville (T), Saskatchewan",4709064,1084,1074,1059,1071,1069,1061,1079,1079,1029,1093,1085,1097,1140,1160,1168,1141,1154,1098,1084,1082,1089,1075,1030,1073,1046
"Grenfell (T), Saskatchewan",4705029,1062,1026,1021,980,960,952,972,996,1021,1047,1063,1068,1085,1095,1107,1114,1110,1135,1075,1061,1076,1117,1136,1135,1203
"Davidson (T), Saskatchewan",4711014,1050,1035,1023,1007,982,978,987,1001,1014,1032,1058,1011,999,1017,1077,1074,1099,1073,1054,1045,1074,1099,1113,1134,1164
"Lajord No. 128 (RM), Saskatchewan",4706011,1060,1042,1037,1028,1012,1005,1030,1048,1047,1071,1026,1105,1187,1208,1250,1268,1236,1201,1165,1115,1069,1082,1123,1171,1191
"Caronport (VL), Saskatchewan",4707037,1057,1048,1037,1020,980,935,949,972,1027,1039,1104,1143,1148,1053,987,1033,1035,1088,1107,1071,1058,1054,1058,1027,1029
"St. Louis No. 431 (RM), Saskatchewan",4715057,1302,1274,1245,1214,1177,1148,1118,1094,1071,1039,993,1057,1123,1134,1124,1113,1105,1092,1082,1067,1052,1120,1079,1125,1080
"Montreal Lake 106 (IRI), Saskatchewan",4718802,879,890,891,899,903,906,920,951,978,1005,1031,1051,1076,1098,1123,1148,1130,1120,1089,1064,1051,1049,1057,1072,1069
"Battle River No. 438 (RM), Saskatchewan",4712078,1005,1000,998,1000,986,999,1007,1015,1022,1040,1040,1049,1061,1071,1088,1092,1083,1073,1062,1048,1049,1059,1063,1074,1080
"Delisle (T), Saskatchewan",4712056,904,903,902,912,909,919,952,969,1003,967,1003,980,1028,1049,1049,1063,1059,1107,1066,1033,1049,1015,1001,1036,994
"Buffalo Narrows (NV), Saskatchewan",4718070,1153,1140,1142,1138,1110,1109,1116,1139,1154,1170,1182,1174,1173,1170,1162,1138,1121,1112,1084,1060,1046,1044,1052,1067,1064
"Pinehouse (NV), Saskatchewan",4718065,1064,1069,1074,1088,1096,1102,1081,1048,1066,1019,1007,1025,1050,1072,1089,1102,1075,1074,1035,1046,1046,1044,1052,1067,1064
"Duck Lake No. 463 (RM), Saskatchewan",4715061,920,882,850,820,789,758,770,789,809,823,818,854,948,946,888,994,925,898,909,976,1035,1042,1057,1082,1092
"Redvers (T), Saskatchewan",4701049,917,915,902,883,889,890,911,931,953,975,997,1032,1022,1094,1073,1065,1060,1037,1038,1059,1026,1013,1029,1059,1068
"Kindersley No. 290 (RM), Saskatchewan",4713006,1146,1121,1093,1087,1079,1055,1051,1050,1038,1029,1006,1022,1037,1048,1064,1071,1067,1054,1046,1029,1022,1015,1011,1016,1023
"Big River No. 555 (RM), Saskatchewan",4716075,899,898,896,887,871,869,856,894,909,900,869,893,898,886,866,919,913,943,939,1018,1015,1059,1057,1037,1008
"Gravelbourg (T), Saskatchewan",4703071,1201,1201,1163,1152,1133,1099,1159,1133,1161,1117,1146,1115,1102,1140,1049,1117,1102,1068,1028,994,1012,1013,1020,994,1047
"Wakaw (T), Saskatchewan",4715042,896,892,886,882,868,874,861,930,999,964,1007,1008,1004,977,952,940,972,975,994,1003,997,1004,1018,1042,1052
"Preeceville No. 334 (RM), Saskatchewan",4709062,1104,1071,1053,1031,995,988,896,876,925,913,872,923,910,914,909,942,966,991,987,983,992,1037,1095,1036,1043
"Kerrobert (T), Saskatchewan",4713042,1114,1083,1079,1057,1043,1018,1028,1044,1049,1049,1083,1043,1099,1070,1066,1044,1004,964,986,996,991,975,985,985,999
"Spiritwood (T), Saskatchewan",4716058,926,933,931,929,935,922,944,889,940,957,931,915,906,910,908,933,947,962,969,982,991,993,998,1002,1005
"Eston (T), Saskatchewan",4708076,1046,1023,1000,993,978,978,980,991,1009,1032,1043,1048,1055,1064,1068,1075,1065,1046,1032,1011,981,983,986,1001,1005
"Humboldt No. 370 (RM), Saskatchewan",4715007,926,917,906,887,873,857,863,876,893,907,909,913,926,935,946,961,970,973,980,984,979,991,1005,1029,1039
"Canoe Lake 165 (IRI), Saskatchewan",4718817,761,772,786,812,827,846,837,820,821,787,739,772,810,848,896,937,953,926,974,966,977,1007,1022,996,984
"Candle Lake (RV), Saskatchewan",4715070,518,566,624,680,738,800,794,795,796,792,777,790,808,825,839,853,882,906,932,958,976,984,998,1022,1032
"Carrot River (T), Saskatchewan",4714069,1034,1021,1012,988,978,955,969,987,1004,1021,1022,1014,1011,1007,998,988,988,976,962,982,974,950,918,916,864
"Whitewood (T), Saskatchewan",4705034,956,937,935,918,886,874,890,908,928,950,960,914,936,899,917,881,906,919,939,951,971,945,908,908,920
"Nipawin No. 487 (RM), Saskatchewan",4714072,1291,1267,1244,1216,1195,1161,1086,1056,1073,995,1061,1008,1018,993,975,1031,995,953,955,972,970,914,928,928,893
"Fond du Lac 227 (IRI), Saskatchewan",4718824,699,721,753,781,805,825,861,907,904,917,899,889,899,932,941,932,976,966,992,955,959,967,979,990,977
"Moose Range No. 486 (RM), Saskatchewan",4714067,1228,1199,1184,1159,1140,1104,1127,1151,1167,1178,1145,1114,1091,1069,1046,1031,1026,979,1005,942,956,954,940,974,1047
"Good Lake No. 274 (RM), Saskatchewan",4709029,709,709,721,733,744,756,743,735,727,717,693,730,725,742,796,758,794,826,859,900,948,943,950,960,963
"Southend 200 (IRI), Saskatchewan",4718822,713,757,801,854,892,935,952,906,931,902,933,955,893,916,951,942,939,964,955,965,944,941,948,961,958
"North Qu'Appelle No. 187 (RM), Saskatchewan",4706048,852,848,854,858,860,862,829,804,784,767,745,775,803,829,851,876,895,913,929,934,941,1003,996,1024,1044
"Cana No. 214 (RM), Saskatchewan",4705073,962,944,927,901,881,869,897,913,899,885,875,886,905,915,881,881,889,904,886,897,936,918,918,932,882
"Gull Lake (T), Saskatchewan",4708011,1018,991,982,981,974,976,978,1056,1077,1018,1007,1016,1073,1075,1070,1075,1079,1000,1000,942,929,928,915,916,905
"Hague (T), Saskatchewan",4715034,730,727,727,729,732,740,751,767,821,849,904,903,905,906,908,907,917,958,908,901,919,926,939,962,971
"McKillop No. 220 (RM), Saskatchewan",4706071,525,531,544,555,562,575,590,575,584,592,592,672,678,674,747,751,791,829,865,894,916,928,963,1004,1023
"Rocanville (T), Saskatchewan",4705038,899,896,896,900,901,884,889,878,883,892,874,879,858,861,894,887,898,903,909,913,909,940,949,938,946
"Kimosom Pwatinahk 203 (IRI), Saskatchewan",4718852,917,903,886,878,867,850,913,990,1062,1135,1236,1210,1158,1228,1157,1090,1059,1035,992,945,905,902,908,921,919
"Wallace No. 243 (RM), Saskatchewan",4709006,985,976,950,951,924,926,919,919,917,911,895,897,894,889,877,875,881,886,889,893,904,899,906,916,919
"Leader (T), Saskatchewan",4708058,923,920,914,904,898,894,874,860,854,852,841,848,856,866,873,885,895,899,902,901,903,902,905,918,922
"Bjorkdale No. 426 (RM), Saskatchewan",4714038,1063,1048,1043,1031,1030,1023,986,960,970,964,905,941,861,862,861,870,880,838,874,863,902,925,937,872,850
"Tisdale No. 427 (RM), Saskatchewan",4714043,1053,1031,1008,991,964,942,927,974,947,899,941,988,938,1009,944,935,915,926,921,922,902,954,892,951,945
"Lashburn (T), Saskatchewan",4717024,804,812,845,886,909,948,1017,989,1005,1050,988,988,1007,995,1015,1014,943,948,919,880,900,903,909,930,944
"Churchbridge (T), Saskatchewan",4705094,811,789,767,749,731,714,705,744,720,761,764,767,824,851,886,916,918,908,901,893,890,884,885,884,888
"James Smith 100 (IRI), Saskatchewan",4715849,644,660,680,698,718,728,725,724,720,708,694,708,723,738,752,778,829,848,856,906,877,884,896,917,926
"Wolseley (T), Saskatchewan",4705024,779,771,775,777,778,789,806,821,839,864,874,877,861,866,849,869,887,910,915,903,872,876,845,860,856
"Leask No. 464 (RM), Saskatchewan",4716041,773,792,807,821,826,851,841,827,817,804,777,765,742,735,709,702,706,744,816,862,869,886,868,889,870
"Buffalo River Dene Nation (IRI), Saskatchewan",4718818,621,650,674,719,742,762,760,774,783,789,785,756,759,803,814,810,821,838,841,858,867,871,883,919,938
"Clearwater River Dene 222 (IRI), Saskatchewan",4718839,599,617,627,646,661,679,697,728,754,780,805,773,797,820,807,857,847,837,835,864,860,901,913,908,951
"Herbert (T), Saskatchewan",4707026,821,798,789,770,746,749,747,751,756,753,773,790,808,828,859,873,874,873,870,861,857,843,832,828,876
"Southey (T), Saskatchewan",4706092,708,709,715,727,730,729,721,724,760,772,802,792,805,781,756,841,855,822,828,861,855,831,840,813,791
"Loon Lake No. 561 (RM), Saskatchewan",4717056,801,796,804,807,826,822,795,738,736,730,741,748,762,771,773,773,772,759,802,843,846,887,850,886,905
"Kelvington (T), Saskatchewan",4714022,1017,992,970,943,908,873,881,892,902,911,901,887,876,867,859,847,847,844,843,834,845,837,840,846,844
"Porcupine Plain (T), Saskatchewan",4714007,834,815,824,823,817,794,807,822,839,858,868,835,875,864,865,878,869,864,842,841,837,840,837,872,904
"Star City No. 428 (RM), Saskatchewan",4714047,1033,1012,1003,987,972,949,949,952,951,948,928,930,933,937,935,949,945,925,900,858,835,816,811,777,799
"Excelsior No. 166 (RM), Saskatchewan",4707021,874,866,879,870,857,841,859,886,919,951,980,953,924,887,853,828,842,835,850,819,830,834,847,858,855
"Biggar No. 347 (RM), Saskatchewan",4712042,1072,1034,991,965,922,895,882,870,856,854,836,822,815,807,811,817,820,823,823,819,823,834,865,819,891
"Sasman No. 336 (RM), Saskatchewan",4710071,970,988,972,966,966,964,940,915,904,867,832,814,809,793,785,780,787,793,804,813,822,823,826,825,828
"Hoodoo No. 401 (RM), Saskatchewan",4715039,715,740,756,773,793,813,792,779,767,750,717,717,673,707,699,694,727,755,786,811,820,826,838,858,866
"Cote 64 (IRI), Saskatchewan",4709819,600,605,604,614,622,622,644,670,699,733,782,787,740,772,777,775,762,774,772,798,814,869,861,865,853
"Hepburn (T), Saskatchewan",4715027,487,495,503,517,524,544,554,565,577,581,581,600,624,650,680,714,736,754,776,794,813,840,824,820,824
"Strasbourg (T), Saskatchewan",4706074,770,768,760,755,743,743,737,746,756,772,763,773,833,807,798,824,790,753,784,790,811,862,830,848,822
"Cudworth (T), Saskatchewan",4715041,778,774,770,765,762,751,757,767,779,787,784,792,802,813,825,828,840,788,769,793,789,787,793,831,756
"Radville (T), Saskatchewan",4702031,759,767,771,775,788,806,838,817,846,868,872,812,829,844,838,818,785,795,796,794,785,787,789,792,793
"Big Island Lake Cree Territory (IRI), Saskatchewan",4717811,584,606,640,673,707,735,777,756,766,762,771,782,803,818,829,837,860,827,808,843,782,787,792,810,823
"Gordon 86 (IRI), Saskatchewan",4710823,739,768,794,838,872,884,929,971,970,1042,1040,1010,998,940,869,855,836,816,809,786,781,781,785,782,787
"Carrot River 29A (IRI), Saskatchewan",4714845,542,548,563,586,604,612,655,704,747,789,841,839,842,844,845,857,832,817,799,818,780,776,780,785,783
"Cumberland House Cree Nation 20 (IRI), Saskatchewan",4718801,407,445,479,519,564,614,630,659,682,708,737,755,776,796,813,822,824,811,749,759,776,774,779,790,788
"Mistawasis 103 (IRI), Saskatchewan",4716855,582,665,749,827,921,993,959,917,883,844,820,778,758,742,716,701,722,756,732,721,764,759,732,711,702
"Saltcoats No. 213 (RM), Saskatchewan",4705077,815,798,802,790,776,756,739,726,710,702,693,695,700,726,718,730,730,753,800,765,762,757,758,758,760
"Waterhen 130 (IRI), Saskatchewan",4717806,594,613,640,678,721,746,745,736,722,701,688,686,693,696,697,695,714,756,752,768,750,753,757,774,787
"Porcupine No. 395 (RM), Saskatchewan",4714006,1113,1082,1055,1024,994,957,896,888,882,847,836,840,848,814,852,812,780,795,786,752,749,703,701,718,715
"Three Lakes No. 400 (RM), Saskatchewan",4715044,724,713,709,692,686,669,657,651,657,615,634,678,623,611,632,611,595,604,664,712,744,743,753,770,778
"St. Peter No. 369 (RM), Saskatchewan",4715001,936,925,928,937,929,918,895,879,866,843,818,803,784,833,822,794,787,775,768,755,742,734,777,780,788
"White Bear 70 (IRI), Saskatchewan",4701808,557,600,650,702,768,815,740,791,744,738,762,713,745,711,709,712,721,727,733,733,739,730,730,731,732
"Aberdeen (T), Saskatchewan",4715019,547,546,542,553,547,541,550,563,576,588,615,624,635,647,664,687,701,710,723,732,738,744,754,771,779
"Fertile Belt No. 183 (RM), Saskatchewan",4705051,883,857,845,820,800,784,785,791,794,802,805,792,794,830,827,796,791,777,770,754,738,741,709,739,783
"Ituna (T), Saskatchewan",4710004,710,685,667,653,646,628,645,666,695,705,722,714,715,712,712,711,715,721,726,733,738,667,732,708,697
"Moosomin 112B (IRI), Saskatchewan",4717812,526,514,514,510,499,485,538,588,642,701,771,760,720,768,751,746,745,731,724,710,735,739,743,760,705
"Chitek Lake 191 (IRI), Saskatchewan",4716863,778,805,821,835,843,844,810,792,767,749,779,784,796,803,820,850,841,837,789,746,729,730,734,738,740
"Thunderchild First Nation 115B (IRI), Saskatchewan",4717803,776,788,818,840,858,838,838,845,851,847,809,815,741,756,759,730,730,729,734,732,727,751,779,766,759
"Assiniboine 76 (IRI), Saskatchewan",4706810,663,661,674,678,687,690,684,682,682,681,688,658,621,577,525,462,520,596,641,678,722,745,707,705,730
"Muskoday First Nation (IRI), Saskatchewan",4715847,527,539,547,555,562,570,591,618,648,678,705,685,688,711,678,669,683,692,705,714,722,755,737,745,762
"Watson (T), Saskatchewan",4710062,797,792,781,769,747,726,738,753,779,781,789,771,796,735,749,704,711,696,648,677,720,731,731,699,704
"Francis No. 127 (RM), Saskatchewan",4706004,758,741,728,713,704,691,681,650,719,666,695,702,704,703,701,693,723,723,727,724,719,653,680,685,748
"Lacadena No. 228 (RM), Saskatchewan",4708042,717,692,673,658,629,614,577,563,589,616,578,567,551,567,564,547,601,623,666,672,714,671,725,706,704
"Eldon No. 471 (RM), Saskatchewan",4717017,783,774,770,769,771,765,768,767,767,769,773,770,780,782,776,767,759,748,743,731,712,704,701,708,719
"Flying Dust First Nation 105 (IRI), Saskatchewan",4717805,589,593,605,625,634,632,620,594,594,556,524,540,560,574,586,599,620,642,667,687,709,704,708,740,739
"Beauval (NV), Saskatchewan",4718033,854,848,861,850,837,826,827,772,791,783,772,749,728,706,690,662,671,686,691,697,707,704,710,720,718
"Denare Beach (NV), Saskatchewan",4718049,691,692,691,695,693,703,699,713,734,736,730,731,745,727,702,725,725,725,702,706,703,710,707,689,650
"Willow Creek No. 458 (RM), Saskatchewan",4714053,832,801,787,763,741,730,688,704,693,730,705,690,680,668,655,649,620,659,649,686,703,697,701,705,703
"North Battleford No. 437 (RM), Saskatchewan",4716028,835,816,802,782,760,750,751,748,750,755,748,747,751,748,744,740,734,728,718,710,702,703,707,711,713
"Dundurn (T), Saskatchewan",4711063,609,617,625,643,652,662,668,677,689,700,710,701,687,670,652,635,651,666,681,693,698,715,748,781,797
"Piapot 75 (IRI), Saskatchewan",4706809,534,531,527,511,500,487,486,516,550,500,510,525,540,541,539,536,591,605,652,654,697,720,720,715,667
"Poorman 88 (IRI), Saskatchewan",4710825,701,697,695,700,711,707,725,745,776,781,802,766,822,744,753,751,753,760,778,747,696,697,700,699,703
"Milestone (T), Saskatchewan",4702067,548,540,549,542,554,565,569,582,597,611,630,655,670,688,702,710,669,646,668,704,693,672,681,670,655
"Sandy Bay (NV), Saskatchewan",4718058,613,618,633,649,650,663,670,686,692,695,690,646,686,641,628,592,612,638,655,674,693,692,697,707,705
"Lampman (T), Saskatchewan",4701032,667,657,654,653,649,658,670,680,675,721,727,709,709,731,687,700,680,690,649,680,691,703,675,689,625
"One Arrow 95 (IRI), Saskatchewan",4715844,329,337,352,367,372,380,427,479,535,595,665,670,678,689,699,705,705,701,701,697,691,707,739,724,755
"Bienfait (T), Saskatchewan",4701021,800,773,779,781,770,768,776,784,795,800,804,804,803,800,792,789,771,751,731,705,689,681,681,682,683
"Big River (T), Saskatchewan",4716072,753,753,760,760,745,746,697,665,643,683,657,671,687,699,714,714,716,671,711,646,689,671,697,711,744
"Kinistino (T), Saskatchewan",4715074,716,709,694,690,673,654,683,705,730,750,764,764,737,759,737,660,692,723,752,710,689,717,657,714,722
"Coulee No. 136 (RM), Saskatchewan",4707018,572,559,550,550,535,517,529,545,563,578,596,589,581,575,578,583,608,632,652,670,688,691,702,711,709
"Flett's Springs No. 429 (RM), Saskatchewan",4715051,795,782,775,770,764,751,754,763,774,777,767,763,762,760,757,741,711,677,647,669,678,682,695,736,755
"Birch Hills No. 460 (RM), Saskatchewan",4715067,797,782,766,752,740,711,702,699,698,693,676,684,652,659,667,669,664,628,632,664,671,709,703,686,693
"Buena Vista (VL), Saskatchewan",4706055,405,422,441,461,480,495,509,515,543,517,542,562,578,589,627,626,620,635,644,631,668,646,662,699,711
"Stoughton (T), Saskatchewan",4701066,728,709,699,690,675,662,703,670,719,743,701,717,700,679,685,664,667,669,670,664,667,670,649,691,660
"Sturgis (T), Saskatchewan",4709066,637,632,608,592,581,586,592,604,614,625,631,643,649,654,653,652,701,685,641,683,666,662,657,678,689
"Garden River No. 490 (RM), Saskatchewan",4715079,737,713,696,675,657,642,675,691,665,669,654,655,660,668,678,693,689,656,671,693,663,664,672,646,643
"Naicam (T), Saskatchewan",4714032,778,767,759,748,720,701,735,721,699,718,698,735,689,687,667,678,661,681,684,665,663,675,695,692,674
"Montrose No. 315 (RM), Saskatchewan",4712026,725,702,695,683,661,663,675,690,701,722,730,747,698,737,729,727,715,673,652,645,662,656,614,668,652
"Eagle Creek No. 376 (RM), Saskatchewan",4712064,588,571,571,561,555,563,567,572,574,586,595,596,600,604,611,610,622,631,640,648,660,666,669,676,680
"Cowessess 73 (IRI), Saskatchewan",4705803,498,499,500,507,522,527,546,566,590,624,695,680,635,621,605,554,578,598,641,689,657,654,610,641,609
"Pasqua 79 (IRI), Saskatchewan",4706812,353,380,409,436,466,486,499,513,529,542,562,561,558,552,546,538,568,596,622,642,654,678,695,705,689
"St. Brieux (T), Saskatchewan",4715049,518,511,511,509,505,507,548,562,582,596,606,619,635,628,667,690,669,650,643,659,652,662,671,687,694
"Arcola (T), Saskatchewan",4701059,549,543,532,517,525,522,549,579,608,636,668,700,681,682,707,677,636,615,633,678,650,668,672,680,670
"Parkdale No. 498 (RM), Saskatchewan",4717047,662,671,679,702,717,720,710,695,680,663,640,607,619,631,647,630,688,661,639,633,649,651,655,670,681
"Kahkewistahaw 72 (IRI), Saskatchewan",4705804,398,413,437,462,489,521,525,517,550,520,537,532,531,526,521,520,539,583,615,648,647,650,665,662,626
"Asquith (T), Saskatchewan",4712059,587,576,579,585,579,590,599,608,611,620,620,624,631,639,649,659,658,654,650,645,646,651,654,661,665
"Allan (T), Saskatchewan",4711072,688,680,671,658,648,645,672,644,649,689,662,662,661,645,691,666,664,661,659,653,645,648,669,689,691
"Clayton No. 333 (RM), Saskatchewan",4709067,831,815,800,788,772,765,736,717,698,665,683,700,646,607,647,601,603,612,622,629,645,640,629,632,589
"Qu'Appelle (T), Saskatchewan",4706036,663,648,645,641,636,638,624,661,645,683,688,679,713,693,668,661,669,657,637,653,645,678,698,741,776
"Sweet Grass 113 (IRI), Saskatchewan",4712833,542,523,517,510,494,499,513,528,543,566,594,643,642,683,646,662,673,668,679,678,641,676,686,677,631
"St. Walburg (T), Saskatchewan",4717036,674,672,677,682,685,687,702,711,720,725,734,731,735,733,726,705,694,678,670,654,639,641,645,660,671
"Little Pine 116 (IRI), Saskatchewan",4713836,579,584,580,586,586,591,613,636,651,669,691,684,699,714,722,718,703,686,669,652,637,630,628,631,635
"Shoal Lake 28A (IRI), Saskatchewan",4714839,453,469,496,523,542,561,568,583,627,616,636,553,568,515,476,445,485,522,561,596,634,631,634,638,636
"Balcarres (T), Saskatchewan",4706047,632,630,625,618,615,613,593,628,628,614,633,633,610,626,633,596,613,623,631,634,633,638,662,671,668
"Coronach (T), Saskatchewan",4703004,819,825,799,798,787,779,753,755,722,720,724,691,706,676,701,650,677,649,655,653,631,625,610,602,606
"Cote No. 271 (RM), Saskatchewan",4709037,676,653,628,614,580,558,563,572,580,589,589,587,582,574,562,560,574,587,600,613,628,624,629,636,638
"Grand Coulee (T), Saskatchewan",4706028,375,389,401,416,431,449,474,503,534,564,590,610,626,642,655,671,668,662,655,640,625,633,657,685,697
"Pense (T), Saskatchewan",4706023,544,533,533,530,522,522,535,520,513,528,549,564,594,593,599,606,614,621,627,625,625,654,664,660,652
"Wawken No. 93 (RM), Saskatchewan",4701076,658,654,644,626,618,610,601,595,589,581,569,588,584,581,608,584,636,626,609,631,625,617,617,618,619
"Pierceland (VL), Saskatchewan",4717067,460,465,479,491,506,511,526,536,549,559,569,578,595,603,610,614,600,613,612,610,624,607,660,639,638
"Caron No. 162 (RM), Saskatchewan",4707036,528,531,528,527,515,509,508,515,521,525,530,537,544,552,571,593,601,609,612,614,618,621,631,639,637
"Keeseekoose 66 (IRI), Saskatchewan",4709820,535,539,524,529,514,511,524,494,501,457,437,454,469,483,496,509,531,553,575,595,617,613,618,624,626
"Bruno (T), Saskatchewan",4715012,579,567,553,531,515,503,515,533,554,574,581,582,622,604,603,629,618,623,622,611,616,607,614,661,656
"Kinistino No. 459 (RM), Saskatchewan",4715071,832,812,793,778,755,724,706,692,678,657,622,607,597,585,576,562,547,551,571,577,616,658,675,657,631
"Fertile Valley No. 285 (RM), Saskatchewan",4712020,615,618,617,618,611,615,612,559,571,542,520,524,529,535,546,553,535,576,565,584,615,600,594,623,625
"Cupar (T), Saskatchewan",4706094,611,602,593,585,579,575,576,580,585,589,591,593,593,590,582,580,591,601,610,613,613,621,644,671,683
"Pleasantdale No. 398 (RM), Saskatchewan",4714035,688,675,667,661,634,614,615,620,621,627,632,624,640,656,649,608,611,609,611,606,613,610,613,617,615
"Makaoo (Part) 120 (IRI), Saskatchewan",4717802,407,402,410,413,408,402,410,415,421,421,425,450,479,501,521,539,554,569,589,602,612,614,618,632,642
"Dufferin No. 190 (RM), Saskatchewan",4706059,549,545,532,531,528,527,519,514,512,509,507,530,551,569,592,577,588,598,607,610,610,618,641,668,680
"Eastend (T), Saskatchewan",4704026,581,559,542,516,507,477,496,503,522,530,531,522,517,500,501,516,529,543,574,620,610,639,640,603,610
"Standing Buffalo 78 (IRI), Saskatchewan",4706811,464,463,461,463,462,464,500,539,579,622,662,695,625,601,621,588,596,603,608,606,603,611,634,661,673
"Churchbridge No. 211 (RM), Saskatchewan",4705093,790,773,752,737,712,689,687,686,686,690,686,675,671,658,644,624,572,551,527,538,599,564,596,576,573
"Baildon No. 131 (RM), Saskatchewan",4707001,644,633,612,603,583,558,563,573,586,596,609,608,608,608,619,635,631,625,615,604,597,600,610,618,616
"Morin Lake 217 (IRI), Saskatchewan",4718808,388,393,404,410,412,421,455,495,537,581,641,599,617,611,655,599,600,607,582,578,597,596,600,609,607
"Wapachewunak 192D (IRI), Saskatchewan",4718814,425,445,461,481,497,519,528,563,530,520,475,490,508,524,541,554,563,574,578,583,595,568,593,542,562
"Duck Lake (T), Saskatchewan",4715062,631,629,631,634,635,611,641,633,611,575,588,585,587,584,581,584,589,590,594,594,594,598,606,621,627
"Ponteix (T), Saskatchewan",4703058,548,539,545,536,536,542,551,565,580,589,603,592,554,548,544,569,580,583,585,583,583,612,588,622,618
"Webb No. 138 (RM), Saskatchewan",4708006,545,546,551,567,573,568,561,559,557,555,544,546,549,551,551,555,567,602,583,555,582,574,591,614,642
"Cymri No. 36 (RM), Saskatchewan",4702037,514,494,474,470,472,461,467,482,499,520,535,547,555,559,559,573,574,567,581,577,578,614,614,599,648
"Lac Pelletier No. 107 (RM), Saskatchewan",4704061,508,511,510,518,533,535,553,574,584,598,611,599,592,570,564,555,556,557,560,562,577,575,577,584,570
"Luseland (T), Saskatchewan",4713044,612,613,603,591,584,583,595,587,608,595,577,589,603,614,628,635,613,595,570,589,577,569,573,578,552
"Langenburg No. 181 (RM), Saskatchewan",4705047,658,646,629,605,591,564,532,544,540,561,586,581,565,533,565,575,578,587,556,562,575,585,588,593,595
"Invergordon No. 430 (RM), Saskatchewan",4715054,727,709,696,673,648,624,630,641,655,666,659,683,653,619,617,577,579,577,578,577,574,540,583,613,576
"Eye Hill No. 382 (RM), Saskatchewan",4713049,707,703,686,679,671,663,661,660,648,643,621,639,622,625,600,607,616,587,571,595,570,577,558,599,624
"Wawota (T), Saskatchewan",4701078,548,537,524,527,527,527,535,546,557,565,569,564,561,559,550,555,559,563,567,564,568,569,572,548,554
"Ministikwan 161 (IRI), Saskatchewan",4717809,585,574,572,569,567,553,608,657,707,764,839,808,786,757,710,643,628,612,600,582,566,568,571,584,592
"Keys No. 303 (RM), Saskatchewan",4709046,499,487,476,468,457,445,434,460,502,474,460,459,454,448,433,429,456,483,510,536,563,522,579,568,582
"Cut Knife (T), Saskatchewan",4713098,562,545,545,546,555,538,537,540,532,534,526,537,547,558,571,585,581,575,572,563,559,556,554,557,559
"Rosedale No. 283 (RM), Saskatchewan",4711031,500,494,484,475,464,462,466,502,499,531,529,517,515,511,497,546,575,573,560,580,559,570,591,589,633
"Grayson No. 184 (RM), Saskatchewan",4705057,564,557,553,553,554,549,537,527,516,506,489,496,507,514,518,522,532,539,547,552,558,554,555,555,557
"Rocanville No. 151 (RM), Saskatchewan",4705037,583,575,573,570,566,570,526,530,529,538,544,509,537,504,500,526,529,527,544,537,558,529,536,529,557
"Cumberland House (NV), Saskatchewan",4718005,647,673,709,746,786,830,827,837,844,845,851,845,843,836,833,810,728,678,647,595,557,556,560,568,566
"Moosomin No. 121 (RM), Saskatchewan",4705001,649,648,659,657,668,665,663,665,663,660,652,645,645,638,632,617,608,594,583,567,555,511,512,512,522
"Broadview (T), Saskatchewan",4705031,681,655,642,639,631,615,560,600,626,597,583,578,579,575,568,561,562,559,558,554,551,548,549,549,551
"Hanley (T), Saskatchewan",4711032,502,496,490,486,480,476,500,488,502,513,537,555,549,534,558,526,535,542,549,554,551,587,574,628,610
"Kitsakie 156B (IRI), Saskatchewan",4718812,574,588,613,641,661,688,684,693,689,677,662,663,617,641,638,626,577,563,568,555,550,549,553,561,559
"Katepwa (RV), Saskatchewan",4706050,316,311,303,297,288,288,307,329,353,381,407,395,380,361,339,321,370,418,465,510,547,553,630,611,656
"Marshall (T), Saskatchewan",4717026,653,649,653,656,649,626,626,623,621,618,618,618,624,622,617,611,597,583,572,555,545,541,544,557,566
"Mount Hope No. 279 (RM), Saskatchewan",4710024,797,772,744,711,675,639,624,636,643,591,576,556,545,572,545,543,570,540,520,519,545,546,548,547,551
"Foam Lake No. 276 (RM), Saskatchewan",4710036,638,616,601,581,557,541,509,553,591,543,538,561,513,518,519,500,501,522,509,517,543,544,546,545,549
"Hillsdale No. 440 (RM), Saskatchewan",4713092,578,563,549,547,549,542,553,565,567,574,573,574,575,574,575,565,561,556,553,545,541,538,536,539,541
"Grant No. 372 (RM), Saskatchewan",4715014,475,464,452,443,430,413,410,418,429,413,438,427,460,464,463,485,481,487,519,529,535,550,590,552,544
"Big Quill No. 308 (RM), Saskatchewan",4710046,740,731,714,700,672,651,641,635,638,625,607,583,569,550,582,538,531,523,515,539,532,533,540,556,560
"Cupar No. 218 (RM), Saskatchewan",4706091,558,547,537,527,515,514,526,542,554,565,566,552,521,530,539,517,524,530,534,533,528,582,609,607,597
"Peepeekisis 81 (IRI), Saskatchewan",4706816,407,429,448,469,484,496,483,479,453,478,509,518,527,530,526,509,516,523,528,528,528,533,521,557,549
"Whiska Creek No. 106 (RM), Saskatchewan",4703059,556,560,539,541,538,529,510,518,532,518,504,490,488,481,475,478,492,501,509,519,527,527,523,528,527
"Whitecap (IRI), Saskatchewan",4711828,160,173,188,204,224,244,267,289,311,335,369,426,463,484,463,469,480,503,524,520,527,496,485,492,525
"Leroy (T), Saskatchewan",4710058,419,413,420,424,425,417,420,425,436,436,436,434,411,441,462,462,462,461,483,513,526,513,509,506,507
"Wolverine No. 340 (RM), Saskatchewan",4711096,534,521,511,504,496,488,484,482,480,478,474,475,476,476,480,495,504,512,520,525,526,539,564,585,568
"Hazel Dell No. 335 (RM), Saskatchewan",4709060,721,699,678,662,648,618,603,578,584,529,521,529,527,508,496,529,546,492,494,521,524,521,525,530,532
"Midale (T), Saskatchewan",4702039,502,497,485,485,474,471,485,508,529,555,582,579,559,605,640,618,600,583,564,543,524,503,494,528,531
"Blaine Lake (T), Saskatchewan",4716016,514,502,500,493,485,479,488,493,501,511,517,530,524,521,516,502,546,548,524,519,521,501,536,526,525
"Fishing Lake 89 (IRI), Saskatchewan",4710826,384,381,379,381,383,390,406,427,454,471,496,477,462,441,425,419,439,460,483,502,521,522,524,523,527
"Stanley No. 215 (RM), Saskatchewan",4705067,588,568,552,543,523,515,538,536,530,542,525,513,537,526,511,515,519,519,522,520,521,518,519,519,520
"Usborne No. 310 (RM), Saskatchewan",4711046,674,660,636,617,597,575,569,566,567,567,560,555,560,548,538,543,531,544,560,523,521,508,521,518,496
"Lake Lenore No. 399 (RM), Saskatchewan",4715048,510,516,515,523,522,528,505,509,515,518,548,556,568,579,591,599,592,597,554,521,520,532,515,550,599
"Raymore (T), Saskatchewan",4710027,639,626,626,615,606,588,585,586,596,588,580,576,582,581,583,585,568,555,545,530,520,521,523,522,526
"Rouleau (T), Saskatchewan",4706017,442,432,430,421,411,409,414,421,433,445,468,490,513,532,549,560,555,532,539,513,517,506,528,538,514
"Turtleford (T), Saskatchewan",4717041,474,469,462,469,470,471,484,495,508,523,539,537,540,535,524,511,513,514,519,518,517,518,521,533,542
"Manitou Lake No. 442 (RM), Saskatchewan",4713079,615,608,602,605,603,604,581,579,568,561,562,558,573,586,602,581,614,575,548,546,515,514,507,499,491
"Ochapowace 71 (IRI), Saskatchewan",4705806,388,402,418,436,452,461,473,488,483,520,553,529,493,490,459,440,458,472,490,503,513,536,531,532,516
"Eatonia (T), Saskatchewan",4708068,483,468,460,459,465,463,454,468,495,519,519,535,517,523,530,531,533,506,476,489,511,510,512,519,521
"Muskowekwan 85 (IRI), Saskatchewan",4710822,357,384,413,450,477,502,520,544,574,590,618,583,553,516,480,448,460,472,486,497,506,489,464,494,449
"Red Earth 29 (IRI), Saskatchewan",4714840,320,336,358,375,391,393,394,396,397,398,400,388,379,369,356,346,391,421,449,474,504,524,529,538,566
"Connaught No. 457 (RM), Saskatchewan",4714056,762,736,730,719,696,663,656,655,650,649,641,631,623,617,608,598,592,565,526,495,502,500,503,533,580
"Medstead No. 497 (RM), Saskatchewan",4716062,624,603,589,579,559,535,526,553,538,538,525,545,514,531,509,519,524,487,508,488,501,492,486,521,522
"Moose Mountain No. 63 (RM), Saskatchewan",4701053,517,512,506,505,495,490,493,471,480,485,485,489,505,527,517,504,492,514,525,510,501,495,495,496,526
"Wapaskokimaw 202 (IRI), Saskatchewan",4718806,503,508,516,530,535,546,551,563,567,568,572,571,595,601,615,622,596,576,547,517,498,497,501,508,507
"Barrier Valley No. 397 (RM), Saskatchewan",4714034,644,635,621,613,598,583,565,551,535,522,505,491,478,466,455,444,476,457,482,480,497,495,498,501,500
"Yellow Grass (T), Saskatchewan",4702072,432,419,405,399,387,378,388,405,422,440,452,453,451,479,495,491,487,494,517,472,496,462,443,430,436
"Vanscoy (VL), Saskatchewan",4712058,353,345,353,350,345,347,355,361,366,378,386,397,411,424,445,482,492,508,498,480,492,536,553,504,503
"Springside (T), Saskatchewan",4709016,537,533,534,531,533,541,542,547,548,546,547,544,522,544,505,520,494,459,466,469,490,521,523,534,523
"Yellowquill 90 (IRI), Saskatchewan",4714841,418,433,433,441,437,433,449,471,494,524,564,564,517,563,479,449,459,466,474,477,489,487,490,493,492
"Rudy No. 284 (RM), Saskatchewan",4711026,437,437,438,440,441,444,449,459,488,498,481,496,476,473,475,479,482,486,489,490,488,499,522,544,575
"Edam (VL), Saskatchewan",4717011,438,429,419,412,411,414,429,456,433,432,463,478,502,475,462,506,486,506,487,512,486,488,491,489,523
"Perdue No. 346 (RM), Saskatchewan",4712050,438,439,440,442,437,442,450,457,461,472,474,467,463,459,460,458,464,471,476,480,486,490,492,497,500
"Saltcoats (T), Saskatchewan",4705078,506,506,500,488,484,480,475,483,488,507,478,491,498,495,508,493,489,483,463,481,484,481,482,482,483
"Paradise Hill (VL), Saskatchewan",4717034,497,493,500,503,498,494,503,510,517,525,527,522,522,515,509,504,500,496,495,489,483,484,487,498,506
"Poundmaker 114 (IRI), Saskatchewan",4713835,516,520,508,511,511,503,531,566,593,625,647,635,633,552,535,560,546,531,516,496,482,480,478,499,502
"Elrose (T), Saskatchewan",4708094,527,507,488,487,468,462,460,466,471,479,486,490,496,501,503,504,504,498,493,484,478,483,476,486,491
"Bayne No. 371 (RM), Saskatchewan",4715011,595,575,561,549,530,516,516,557,546,508,502,492,484,479,477,482,482,479,479,477,476,495,493,513,536
"Radisson (T), Saskatchewan",4716009,409,410,414,414,422,429,446,461,480,498,518,520,523,520,514,529,521,537,521,493,476,489,456,479,481
"St. Andrews No. 287 (RM), Saskatchewan",4712004,639,628,629,619,595,592,585,578,567,560,541,533,527,522,527,532,522,509,497,481,476,478,480,485,488
"Carmichael No. 109 (RM), Saskatchewan",4704054,512,497,498,483,480,461,472,472,441,457,483,487,494,494,505,511,494,476,460,492,474,475,477,464,463
"Great Bend No. 405 (RM), Saskatchewan",4716008,536,527,517,499,487,469,482,489,501,514,510,512,518,489,495,527,502,496,492,472,474,457,503,496,501
"Wood River No. 74 (RM), Saskatchewan",4703042,387,384,392,392,384,389,374,362,351,339,331,350,374,398,422,443,440,438,477,473,472,461,462,450,434
"Leroy No. 339 (RM), Saskatchewan",4710056,646,638,622,598,574,548,576,527,493,510,501,500,506,508,512,515,494,513,494,462,470,470,472,471,474
"Clavet (VL), Saskatchewan",4711077,369,367,365,364,362,360,365,371,379,389,400,403,405,409,417,427,437,446,454,461,465,435,468,479,489
"Antler No. 61 (RM), Saskatchewan",4701047,638,616,605,595,575,553,562,570,580,585,593,588,576,562,561,532,521,530,519,483,462,457,456,457,471
"Benson No. 35 (RM), Saskatchewan",4701027,485,470,459,452,444,441,451,463,475,489,501,498,498,497,487,485,482,478,475,465,461,456,455,456,457
"Montmartre (VL), Saskatchewan",4706002,471,464,449,436,426,421,429,442,456,472,485,493,499,499,501,500,495,490,484,471,459,465,483,503,512
"Red Pheasant 108 (IRI), Saskatchewan",4712829,617,618,634,658,667,672,668,613,650,640,615,617,601,578,567,533,518,502,487,468,458,462,464,469,472
"Colonsay (T), Saskatchewan",4711079,434,435,435,434,434,433,439,480,498,481,485,485,480,474,469,458,471,447,433,441,455,453,464,441,430
"Pense No. 160 (RM), Saskatchewan",4706021,502,502,500,497,499,498,488,483,480,480,483,494,504,512,519,522,512,501,488,470,453,459,476,496,505
"Enniskillen No. 3 (RM), Saskatchewan",4701011,485,475,459,456,443,436,445,461,422,447,465,460,455,448,469,471,436,454,456,464,452,446,446,447,480
"Riverside No. 168 (RM), Saskatchewan",4708031,506,509,515,513,515,521,512,510,509,509,501,498,496,494,491,484,472,477,461,438,450,441,432,454,456
"Sliding Hills No. 273 (RM), Saskatchewan",4709033,662,634,607,578,545,533,530,532,533,533,525,513,495,475,449,423,420,426,434,440,449,446,449,454,447
"Victory No. 226 (RM), Saskatchewan",4707063,487,472,474,463,448,437,435,440,445,447,453,438,423,406,395,389,399,409,406,417,446,470,478,484,456
"Saskatchewan Landing No. 167 (RM), Saskatchewan",4708038,515,506,500,493,484,490,484,484,483,481,471,461,452,446,437,426,433,437,441,441,445,445,446,452,454
"Monet No. 257 (RM), Saskatchewan",4708092,577,553,539,523,503,489,487,491,496,505,506,493,483,473,463,457,457,455,451,445,444,443,444,450,452
"Muenster (VL), Saskatchewan",4715004,386,375,372,368,359,351,366,384,404,419,434,436,441,445,448,442,444,443,444,443,442,445,451,462,466
"St. Louis (VL), Saskatchewan",4715059,483,475,466,460,452,439,443,449,456,461,457,450,444,438,435,426,432,434,439,441,442,469,447,437,462
"Turnor Lake 193B (IRI), Saskatchewan",4718819,347,359,374,391,406,426,421,398,420,431,432,444,456,471,468,493,458,467,460,442,442,441,444,450,449
"Griffin No. 66 (RM), Saskatchewan",4702042,405,393,375,360,346,342,353,369,387,401,409,418,426,431,440,451,449,451,448,445,441,442,444,445,446
"Val Marie No. 17 (RM), Saskatchewan",4704003,488,467,476,470,479,484,477,470,457,445,428,428,429,424,426,423,425,426,428,429,438,439,441,446,443
"Montreal Lake 106B (IRI), Saskatchewan",4715853,356,357,358,359,358,355,360,368,380,390,402,411,422,433,444,458,453,444,425,446,437,440,446,457,461
"Bethune (VL), Saskatchewan",4706061,393,388,383,383,383,383,388,395,400,407,414,418,420,418,414,412,419,426,432,433,433,438,455,474,483
"Norquay (T), Saskatchewan",4709072,491,472,455,444,430,417,417,461,430,451,442,412,438,454,426,442,427,396,388,401,433,442,444,418,435
"Buffalo No. 409 (RM), Saskatchewan",4713068,623,605,582,565,542,531,531,534,525,523,517,521,524,525,525,513,498,481,465,446,431,438,421,410,373
"Chesterfield No. 261 (RM), Saskatchewan",4708065,554,539,530,515,501,494,490,492,493,496,490,489,489,491,490,490,479,483,502,461,430,442,443,449,476
"Spalding No. 368 (RM), Saskatchewan",4714026,621,583,548,515,478,431,434,441,447,456,455,459,465,468,466,461,476,469,463,451,430,428,430,433,433
"Central Butte (T), Saskatchewan",4707054,444,433,423,404,388,376,374,375,377,375,372,373,373,374,378,383,393,404,412,419,427,429,429,433,425
"Avonlea (VL), Saskatchewan",4702062,421,407,406,401,404,385,390,407,408,407,407,410,409,407,402,404,415,406,394,401,426,422,424,425,426
"Cut Knife No. 439 (RM), Saskatchewan",4713096,485,470,449,438,428,414,405,410,382,401,368,370,373,373,376,371,384,395,407,415,424,422,419,422,424
"Nokomis (T), Saskatchewan",4711044,441,429,422,412,410,409,407,407,405,406,405,410,411,411,412,413,417,422,424,426,424,435,455,451,479
"Green Lake (NV), Saskatchewan",4718021,504,473,447,421,389,370,377,394,409,423,428,427,427,427,432,440,436,436,429,425,422,435,411,422,445
"Kyle (T), Saskatchewan",4708044,482,463,457,443,443,427,454,483,439,436,447,439,441,447,451,455,452,445,438,428,422,422,423,429,464
"Ponass Lake No. 367 (RM), Saskatchewan",4714023,660,646,632,624,613,595,580,567,550,533,505,472,480,451,449,424,424,449,444,430,422,454,453,481,493
"Hafford (T), Saskatchewan",4716022,406,396,389,383,375,364,371,375,388,408,403,407,412,414,413,413,410,408,403,429,421,428,430,450,451
"Cabri (T), Saskatchewan",4708032,490,473,470,463,449,444,430,423,418,414,406,378,386,391,395,399,390,411,415,418,420,422,423,398,400
"Excel No. 71 (RM), Saskatchewan",4703029,518,507,499,492,485,473,462,456,449,443,431,423,418,414,410,399,404,407,412,414,420,418,415,419,418
"Snipe Lake No. 259 (RM), Saskatchewan",4708074,532,508,483,464,444,435,437,445,453,462,460,449,438,426,412,405,412,415,417,416,420,420,421,427,429
"Tramping Lake No. 380 (RM), Saskatchewan",4713059,419,421,409,408,412,412,416,422,420,420,416,412,407,400,396,383,392,398,404,409,413,410,409,412,414
"McLeod No. 185 (RM), Saskatchewan",4705063,610,594,573,561,538,514,505,495,486,474,454,436,424,407,390,379,387,394,382,409,412,447,407,419,398
"Coteau No. 255 (RM), Saskatchewan",4707067,523,510,513,501,484,474,464,458,451,439,430,437,444,453,469,483,470,458,441,424,410,411,418,424,423
"Craik (T), Saskatchewan",4707092,427,428,418,416,421,414,397,424,449,474,460,448,436,422,414,403,390,401,417,398,410,413,419,435,446
"Vibank (VL), Saskatchewan",4706007,389,382,380,378,373,368,380,402,372,400,381,386,387,380,409,396,385,388,386,389,410,437,444,464,492
"Rockglen (T), Saskatchewan",4703009,454,432,418,395,381,367,373,382,391,400,406,377,400,425,424,448,466,470,415,430,409,386,384,387,371
"Morse No. 165 (RM), Saskatchewan",4707024,529,507,496,479,463,441,431,425,421,415,412,437,457,423,424,438,435,430,422,413,408,408,415,421,420
"Kingsley No. 124 (RM), Saskatchewan",4705014,502,490,484,474,452,446,441,437,432,442,428,432,439,442,446,453,445,434,427,414,406,403,405,404,406
"McLean (VL), Saskatchewan",4706037,276,277,278,284,286,283,285,290,295,303,316,341,364,386,407,421,421,420,418,412,406,411,432,405,434
"Lakeside No. 338 (RM), Saskatchewan",4710061,491,480,484,474,459,449,435,424,420,403,395,398,408,414,420,418,420,432,412,395,404,405,407,406,408
"Kellross No. 247 (RM), Saskatchewan",4710008,685,660,617,583,549,527,520,519,526,502,487,477,452,433,411,399,400,400,404,403,403,405,407,406,408
"Elcapo No. 154 (RM), Saskatchewan",4705028,546,533,522,511,504,496,498,499,498,499,492,482,515,490,470,502,499,459,474,426,402,419,408,418,419
"Round Hill No. 467 (RM), Saskatchewan",4716033,501,495,501,500,498,494,487,478,472,465,454,437,421,402,382,368,374,393,415,422,402,401,421,414,415
"Grass Lake No. 381 (RM), Saskatchewan",4713056,533,512,482,464,446,439,429,420,406,394,378,388,396,394,379,406,405,404,404,401,401,405,404,405,430
"Mayfield No. 406 (RM), Saskatchewan",4716005,446,438,431,421,410,402,373,396,388,411,399,398,398,395,391,382,386,391,392,386,400,395,369,364,358
"Bredenbury (T), Saskatchewan",4705079,361,349,351,340,336,339,317,331,354,364,375,396,372,395,396,381,390,395,428,422,399,396,398,397,398
"Sucker River 156C (Nemebien River 156C) (IRI), Saskatchewan",4718811,283,285,289,288,295,301,317,338,361,384,413,414,420,427,432,431,428,423,400,422,399,398,401,407,406
"Vonda (T), Saskatchewan",4715017,330,335,334,334,335,329,337,345,352,357,364,370,378,386,395,396,398,397,399,398,397,416,436,437,481
"Lipton No. 217 (RM), Saskatchewan",4706096,519,507,490,478,454,433,430,431,434,436,437,411,413,412,407,389,413,390,400,378,395,387,409,380,369
"Spy Hill No. 152 (RM), Saskatchewan",4705041,415,406,400,388,378,370,372,375,375,379,373,363,355,344,335,332,333,347,365,378,393,393,394,394,359
"Stonehenge No. 73 (RM), Saskatchewan",4703038,550,532,510,485,459,448,437,430,421,415,407,400,399,396,391,387,390,391,390,390,392,394,390,394,393
"Ogema (T), Saskatchewan",4702058,299,298,297,298,302,310,321,336,351,365,374,386,394,401,408,411,422,437,393,408,391,408,421,433,413
"Miry Creek No. 229 (RM), Saskatchewan",4708046,593,572,545,521,492,475,455,439,424,413,395,383,366,368,373,381,378,370,387,385,390,360,370,387,371
"Leask (VL), Saskatchewan",4716042,456,451,444,436,427,424,409,396,428,405,425,430,434,426,415,406,402,399,393,391,389,383,364,380,397
"Loreburn No. 254 (RM), Saskatchewan",4711018,388,377,369,364,359,356,355,355,355,354,353,350,347,342,338,337,349,360,372,382,389,398,416,435,444
"Round Valley No. 410 (RM), Saskatchewan",4713072,427,417,402,389,380,360,362,366,364,367,370,383,397,409,423,431,405,400,396,390,389,363,358,373,377
"Auvergne No. 76 (RM), Saskatchewan",4703054,421,410,406,390,393,380,374,371,367,364,359,370,368,386,410,421,416,409,401,393,386,410,402,404,368
"Quill Lake (VL), Saskatchewan",4710064,446,440,430,422,421,421,426,435,450,418,413,422,409,402,396,392,390,388,388,386,385,385,386,385,387
"Garry No. 245 (RM), Saskatchewan",4709019,523,506,489,467,445,434,429,429,427,425,420,415,408,398,384,372,373,374,375,375,383,377,380,384,385
"Neilburg (VL), Saskatchewan",4713094,377,381,385,392,402,404,417,429,437,448,457,447,435,421,410,389,390,388,388,385,383,355,363,361,362
"Star City (T), Saskatchewan",4714049,492,483,474,467,452,437,444,453,461,468,466,448,433,419,406,394,392,391,388,381,383,381,383,385,384
"Redberry No. 435 (RM), Saskatchewan",4716018,471,473,476,473,466,456,441,423,407,394,378,374,371,364,356,353,362,366,367,372,382,399,381,325,325
"Witchekan Lake 117 (IRI), Saskatchewan",4716862,351,356,354,352,357,348,351,351,353,355,364,362,361,354,346,338,348,358,365,375,382,372,400,421,420
"Elfros No. 307 (RM), Saskatchewan",4710041,607,578,558,546,524,505,493,483,479,460,440,394,403,405,402,396,355,354,355,353,381,383,384,383,385
"Touchwood No. 248 (RM), Saskatchewan",4710014,351,337,326,317,298,289,279,279,284,272,274,285,304,316,334,350,395,386,365,393,380,383,384,396,408
"Emerald No. 277 (RM), Saskatchewan",4710031,676,656,631,609,586,553,533,516,505,476,452,440,434,425,418,408,402,395,391,383,379,393,397,380,387
"Imperial (T), Saskatchewan",4711008,342,336,330,329,329,325,329,335,344,352,356,361,365,366,369,366,369,351,357,357,379,384,398,397,401
"Lafleche (T), Saskatchewan",4703044,451,434,416,397,385,377,382,388,397,405,410,450,431,406,389,387,382,398,376,364,379,378,386,373,373
"Little Red River 106C (IRI), Saskatchewan",4715851,208,231,253,281,309,327,344,307,307,306,302,314,328,343,356,370,367,388,390,384,379,382,387,396,389
"Sedley (VL), Saskatchewan",4706008,329,329,327,328,324,324,325,329,334,341,347,355,363,368,353,374,397,396,388,379,377,373,363,388,373
"Wolseley No. 155 (RM), Saskatchewan",4705027,481,475,468,463,451,447,435,418,404,411,415,386,389,390,365,386,366,337,319,340,377,353,362,351,360
"Bone Creek No. 108 (RM), Saskatchewan",4704058,383,366,355,341,330,324,334,345,351,334,349,359,372,380,394,408,404,399,377,361,376,367,368,380,376
"Fish Creek No. 402 (RM), Saskatchewan",4715036,387,374,363,353,335,314,310,312,314,315,312,318,329,337,347,356,320,346,345,346,375,383,420,398,402
"Lakeview No. 337 (RM), Saskatchewan",4710066,481,462,448,425,413,393,380,370,365,351,340,351,388,355,358,374,374,373,375,373,374,374,375,374,376
"Frontier (VL), Saskatchewan",4704012,307,298,298,292,294,291,305,321,333,345,356,375,360,364,374,379,378,375,373,370,373,363,384,399,433
"Leoville (VL), Saskatchewan",4716061,351,350,353,352,348,347,352,363,358,367,376,380,386,403,386,384,381,379,384,398,373,374,376,378,379
"Mossbank (T), Saskatchewan",4703092,385,368,351,343,340,333,331,332,332,333,332,337,345,352,360,368,371,372,372,372,373,377,373,377,375
"Indian Head No. 156 (RM), Saskatchewan",4706038,403,395,386,376,368,362,364,369,376,382,384,380,374,364,354,345,353,360,367,369,372,358,353,381,388
"Kelvington No. 366 (RM), Saskatchewan",4714021,622,600,585,564,542,519,497,469,516,514,500,461,456,444,414,404,374,347,346,364,371,372,374,360,354
"Manitou Beach (RV), Saskatchewan",4711054,214,218,222,226,231,235,240,246,253,258,263,275,286,297,309,323,320,320,345,347,371,379,396,414,423
"Mountain View No. 318 (RM), Saskatchewan",4712038,348,346,355,359,370,368,362,357,348,348,340,312,340,325,345,347,337,335,344,341,369,372,373,377,379
"Arlington No. 79 (RM), Saskatchewan",4704038,376,385,392,402,418,415,406,397,383,368,350,354,358,360,368,374,373,370,368,364,368,368,371,374,372
"Lawtonia No. 135 (RM), Saskatchewan",4707014,435,421,404,395,379,363,378,397,415,431,444,423,404,384,368,353,351,369,357,344,367,368,374,379,378
"Newcombe No. 260 (RM), Saskatchewan",4708071,412,392,380,386,378,368,372,381,391,402,408,397,387,376,364,352,358,360,362,363,366,366,367,372,374
"Browning No. 34 (RM), Saskatchewan",4701031,494,477,468,451,438,435,430,427,424,419,410,406,405,401,392,386,383,380,375,368,365,361,361,362,363
"Reciprocity No. 32 (RM), Saskatchewan",4701039,422,407,400,385,369,360,362,351,378,381,397,361,376,370,368,352,374,361,354,337,365,355,354,348,371
"Silverwood No. 123 (RM), Saskatchewan",4705011,521,513,498,483,469,459,475,464,483,454,478,468,446,435,420,418,412,403,367,379,364,362,373,372,373
"Glaslyn (VL), Saskatchewan",4717048,382,378,381,380,378,376,388,395,401,403,406,408,411,380,405,393,383,394,387,374,363,360,364,378,416
"Shields (RV), Saskatchewan",4711064,145,152,158,163,170,175,185,194,203,214,227,240,252,267,282,298,312,325,340,353,362,373,395,405,400
"White Valley No. 49 (RM), Saskatchewan",4704024,578,562,568,554,549,523,518,515,504,497,483,485,490,484,490,487,459,431,405,378,361,335,335,342,303
"Marriott No. 317 (RM), Saskatchewan",4712034,453,441,442,446,428,417,411,403,394,391,377,361,376,372,374,373,370,367,364,357,360,351,352,355,355
"Montmartre No. 126 (RM), Saskatchewan",4706001,557,550,544,536,526,510,489,500,500,501,499,502,501,498,495,492,469,438,423,378,359,363,377,393,400
"Grandmother's Bay 219 (IRI), Saskatchewan",4718831,272,279,290,303,318,329,361,349,330,350,347,353,381,384,352,357,335,339,358,349,357,356,359,364,363
"Old Post No. 43 (RM), Saskatchewan",4703011,481,473,457,441,420,399,396,396,397,399,402,396,395,391,388,384,381,376,370,364,357,362,359,363,372
"Alameda (T), Saskatchewan",4701037,317,314,310,313,312,320,340,324,347,344,351,352,353,367,385,380,376,372,367,359,355,351,351,352,353
"Fox Valley No. 171 (RM), Saskatchewan",4708024,426,410,402,393,386,378,379,380,383,351,353,352,349,346,342,342,347,339,358,377,355,345,354,354,329
"Frontier No. 19 (RM), Saskatchewan",4704011,327,320,323,320,331,328,340,353,360,369,378,372,367,355,349,335,340,363,395,374,355,380,377,394,379
"Grassy Creek No. 78 (RM), Saskatchewan",4704034,406,385,371,342,323,308,304,301,296,292,290,306,324,337,355,369,366,360,355,349,354,351,353,358,354
"Winslow No. 319 (RM), Saskatchewan",4713028,350,343,332,324,314,302,308,314,317,325,331,333,337,355,339,353,354,354,355,354,354,340,373,400,402
"Calder No. 241 (RM), Saskatchewan",4709001,516,500,482,466,441,427,406,388,368,348,329,354,364,360,359,379,353,340,336,351,352,350,353,357,358
"Mount Pleasant No. 2 (RM), Saskatchewan",4701006,430,428,431,433,432,431,401,419,445,394,393,403,413,421,444,422,437,403,401,370,352,348,348,348,349
"Reno No. 51 (RM), Saskatchewan",4704019,465,459,463,467,461,464,457,448,434,417,403,411,415,421,376,385,376,363,353,339,352,353,355,360,356
"Choiceland (T), Saskatchewan",4714092,378,365,357,354,347,356,361,369,376,408,387,368,385,394,359,367,354,335,353,346,350,348,350,352,351
"Douglas No. 436 (RM), Saskatchewan",4716023,429,414,413,401,392,386,376,396,366,352,338,342,348,351,357,358,357,356,352,352,350,325,316,322,323
"Elbow (VL), Saskatchewan",4711019,302,301,297,297,296,300,295,314,308,313,321,330,336,331,346,344,326,335,343,350,350,357,373,390,398
"Last Mountain Valley No. 250 (RM), Saskatchewan",4711003,380,377,373,375,368,365,344,326,308,291,275,278,278,278,276,286,299,316,341,343,349,356,372,389,397
"Pelican Narrows 206 (IRI), Saskatchewan",4718827,412,407,398,393,377,363,373,400,421,445,471,452,439,421,404,377,384,412,374,339,348,347,349,354,353
"White Fox (VL), Saskatchewan",4714079,446,425,406,390,375,353,353,356,358,365,373,361,393,387,361,364,340,350,339,367,347,338,333,348,347
"Arborfield No. 456 (RM), Saskatchewan",4714059,495,480,471,465,452,434,437,442,448,457,462,440,420,399,375,349,348,349,348,343,346,344,346,348,358
"Abernethy No. 186 (RM), Saskatchewan",4706042,440,428,417,407,393,381,381,384,390,394,394,392,387,381,373,372,369,366,361,353,345,352,354,330,351
"Meeting Lake No. 466 (RM), Saskatchewan",4716038,460,452,449,449,439,436,428,416,407,396,382,371,360,344,331,326,330,335,337,341,340,358,336,315,305
"Chester No. 125 (RM), Saskatchewan",4705018,471,454,444,423,414,391,375,388,370,373,380,359,341,368,380,394,358,357,323,333,339,329,326,303,300
"Coalfields No. 4 (RM), Saskatchewan",4701016,423,423,427,408,406,403,399,396,397,394,391,390,390,388,383,379,373,365,357,345,339,335,335,335,336
"Stockholm (VL), Saskatchewan",4705056,310,313,317,322,324,327,332,337,341,348,349,352,357,359,359,361,358,352,350,342,338,335,337,337,338
"Bengough (T), Saskatchewan",4702023,400,377,371,355,342,341,334,331,328,324,318,324,328,331,334,339,340,341,341,339,337,337,332,340,351
"Bratt's Lake No. 129 (RM), Saskatchewan",4706013,381,373,372,372,371,367,363,361,361,362,357,357,355,350,318,328,325,320,330,344,337,341,354,369,376
"Buchanan No. 304 (RM), Saskatchewan",4709049,460,442,437,420,406,394,387,384,379,376,368,354,337,319,293,277,290,302,313,325,337,336,338,342,343
"Ituna Bon Accord No. 246 (RM), Saskatchewan",4710003,540,524,505,488,472,458,428,407,380,409,448,422,393,394,378,382,382,378,365,330,336,334,335,334,350
"Meota (VL), Saskatchewan",4717006,297,297,296,297,299,301,310,316,294,319,312,291,298,300,305,311,320,320,326,340,335,334,336,344,350
"Debden (VL), Saskatchewan",4716054,363,361,366,363,359,355,357,357,360,362,366,362,359,354,348,344,342,342,337,337,334,335,337,339,340
"Sarnia No. 221 (RM), Saskatchewan",4706063,332,322,313,305,294,288,281,277,276,276,274,284,295,305,318,330,333,336,338,336,334,338,351,366,373
"Prince Albert National Park (NO), Saskatchewan",4716053,93,117,140,163,187,204,177,148,120,92,69,87,106,123,142,164,199,235,269,304,333,334,336,338,339
"Wapella (T), Saskatchewan",4705009,363,349,339,330,321,318,322,327,331,339,340,330,328,342,335,338,372,383,360,343,333,331,332,332,333
"Lipton (VL), Saskatchewan",4706098,336,334,340,342,348,350,348,352,364,367,379,379,378,372,365,349,336,340,369,350,331,335,348,363,370
"Saskatchewan Beach (RV), Saskatchewan",4706072,122,129,137,143,150,157,166,178,191,206,219,231,241,250,256,267,289,308,302,338,331,335,348,363,370
"Viscount No. 341 (RM), Saskatchewan",4711091,438,427,421,409,402,391,387,385,384,383,378,373,365,358,349,350,335,326,348,339,329,337,329,342,349
"Martin No. 122 (RM), Saskatchewan",4705007,346,345,342,339,343,344,341,339,353,346,337,329,315,302,309,296,305,309,318,321,328,326,327,337,358
"Gravelbourg No. 104 (RM), Saskatchewan",4703068,415,401,380,372,353,332,327,325,321,317,311,321,336,350,364,378,369,357,345,332,324,346,333,354,351
"Theodore (VL), Saskatchewan",4709028,388,379,368,359,349,340,340,344,348,351,349,350,349,344,335,331,329,326,325,323,324,322,324,327,328
"Borden (VL), Saskatchewan",4716011,229,222,223,226,222,226,231,234,239,244,253,263,273,283,292,295,301,307,312,317,323,322,324,326,327
"Saulteaux 159 (IRI), Saskatchewan",4717813,488,472,472,468,464,444,469,446,427,457,468,476,496,481,500,480,464,424,386,342,323,324,326,334,340
"Perdue (VL), Saskatchewan",4712051,379,367,365,368,374,371,369,369,367,372,368,364,361,354,349,340,335,332,328,322,321,324,325,328,330
"Maryfield (VL), Saskatchewan",4701096,363,353,353,353,348,351,381,376,378,380,368,380,376,363,370,355,352,349,346,314,320,344,324,341,314
"Canwood (VL), Saskatchewan",4716052,380,370,362,356,348,342,343,342,344,348,353,352,352,349,345,337,333,331,325,323,319,320,322,324,325
"Wahpaton 94A (IRI), Saskatchewan",4715848,267,268,273,278,287,289,297,303,309,309,315,314,316,319,325,319,321,320,321,320,319,321,326,334,337
"Kinistin 91 (IRI), Saskatchewan",4714842,264,264,272,275,280,279,295,315,334,356,376,373,359,329,349,332,327,324,320,313,315,302,317,327,326
"Manor (VL), Saskatchewan",4701054,312,315,315,315,314,320,321,323,327,328,330,327,324,320,310,308,290,282,299,313,315,311,311,311,312
"Turtle River No. 469 (RM), Saskatchewan",4717008,420,405,401,391,380,369,369,366,363,361,361,369,369,372,361,347,350,328,346,328,315,295,300,292,297
"Brokenshell No. 68 (RM), Saskatchewan",4702051,323,328,331,327,328,329,323,321,321,318,314,320,322,320,318,320,320,320,319,316,314,315,316,317,318
"Bengough No. 40 (RM), Saskatchewan",4702024,394,389,401,380,359,338,334,338,330,319,333,327,317,307,294,289,295,300,304,309,313,328,332,344,324
"Insinger No. 275 (RM), Saskatchewan",4709023,484,468,447,419,394,374,377,378,363,357,328,314,305,321,329,320,299,305,307,303,312,320,315,339,340
"Pleasant Valley No. 288 (RM), Saskatchewan",4712001,386,375,359,358,352,353,352,353,350,354,346,341,346,329,302,312,323,324,307,296,312,314,313,301,302
"Marquis No. 191 (RM), Saskatchewan",4707042,369,366,370,374,372,369,339,315,289,258,236,252,269,285,303,320,320,319,316,314,311,313,318,322,321
"Moose Creek No. 33 (RM), Saskatchewan",4701036,415,405,400,394,376,371,372,374,379,379,382,384,387,390,390,388,375,360,345,327,311,310,310,310,310
"Christopher Lake (VL), Saskatchewan",4715076,246,242,240,238,239,238,249,260,272,281,286,300,291,292,289,297,299,301,305,308,310,312,316,324,315
"Burstall (T), Saskatchewan",4708062,392,374,369,356,336,320,307,315,316,317,306,304,317,304,295,286,290,297,318,305,309,309,310,315,316
"Blaine Lake No. 434 (RM), Saskatchewan",4716013,319,313,305,303,297,296,293,302,325,302,280,280,294,292,287,290,295,301,290,301,308,309,311,313,314
"Chitek Lake (RV), Saskatchewan",4716077,178,186,193,208,213,220,211,201,192,181,170,165,160,153,146,145,179,213,246,279,308,308,310,312,287
"Goodsoil (VL), Saskatchewan",4717066,289,278,280,274,265,260,262,264,261,264,291,289,291,290,291,289,301,306,313,315,307,308,310,317,296
"Willow Bunch (T), Saskatchewan",4703028,399,374,360,345,322,298,281,297,273,290,289,289,291,287,269,277,295,313,298,299,307,319,302,309,299
"Waldeck (VL), Saskatchewan",4707022,341,334,331,327,314,300,313,311,323,302,307,294,295,288,285,282,287,303,306,300,303,304,309,313,312
"Waverley No. 44 (RM), Saskatchewan",4703022,453,448,427,429,436,428,413,421,391,398,359,356,364,354,354,341,332,316,308,300,303,302,300,303,302
"Willner No. 253 (RM), Saskatchewan",4711016,285,279,270,264,261,256,254,253,254,253,251,255,263,258,260,263,267,250,267,294,301,307,321,335,342
"Kenaston (VL), Saskatchewan",4711036,287,279,275,269,266,265,272,281,292,289,291,294,294,293,289,294,281,281,281,289,300,307,321,335,342
"Lake Lenore (VL), Saskatchewan",4715006,322,321,325,324,316,313,310,310,311,310,304,300,298,296,294,294,297,297,299,299,299,312,316,310,327
"Mariposa No. 350 (RM), Saskatchewan",4713038,270,262,249,238,232,230,229,230,226,225,224,224,223,221,219,213,232,250,268,285,299,294,299,281,281
"Walpole No. 92 (RM), Saskatchewan",4701091,388,379,379,369,366,355,353,351,351,348,348,330,338,327,327,334,328,331,321,307,299,295,295,295,295
"Golden West No. 95 (RM), Saskatchewan",4701069,348,344,345,331,327,329,329,329,332,329,323,319,317,312,304,298,299,299,299,296,297,293,293,293,293
"Mankota No. 45 (RM), Saskatchewan",4703018,441,430,415,414,395,384,387,361,339,352,322,310,299,310,281,296,297,297,295,293,295,290,279,273,272
"Happyland No. 231 (RM), Saskatchewan",4708056,368,354,342,330,313,303,297,293,292,294,290,282,275,268,260,256,266,273,280,286,294,293,294,298,299
"Fillmore (VL), Saskatchewan",4702078,246,233,226,213,205,196,206,219,231,247,262,273,284,294,302,314,314,287,272,273,292,290,291,265,265
"Willow Bunch No. 42 (RM), Saskatchewan",4703026,493,478,469,451,431,413,402,396,387,379,365,360,323,324,336,308,290,284,276,295,292,276,275,277,294
"Arborfield (T), Saskatchewan",4714062,418,399,390,375,354,333,331,332,332,334,332,328,325,323,321,317,313,307,302,292,291,291,293,295,294
"Viscount (VL), Saskatchewan",4711092,277,272,268,263,259,255,253,254,254,256,258,256,252,248,243,241,252,263,274,283,291,297,311,325,332
"Coleville (VL), Saskatchewan",4713026,321,307,299,289,269,256,269,281,291,307,319,319,320,318,318,314,310,304,300,293,290,277,264,287,264
"Livingston No. 331 (RM), Saskatchewan",4709075,435,410,396,385,373,358,348,341,334,327,316,312,307,302,292,289,289,289,288,287,289,287,289,292,293
"Storthoaks No. 31 (RM), Saskatchewan",4701043,390,374,368,349,330,318,317,317,319,316,312,311,312,311,304,300,299,297,295,291,289,286,286,286,286
"Loon Lake (VL), Saskatchewan",4717058,322,312,312,316,316,310,319,327,332,326,319,323,310,325,297,294,292,291,293,290,288,289,291,298,303
"McCraney No. 282 (RM), Saskatchewan",4711034,436,421,408,393,372,351,342,335,328,321,314,315,314,314,315,317,312,293,293,291,288,294,307,328,336
"Marsden (VL), Saskatchewan",4713091,281,268,262,258,248,242,252,264,271,284,293,297,301,302,304,310,287,278,276,282,287,286,285,287,288
"Milden No. 286 (RM), Saskatchewan",4712011,292,276,269,253,229,220,231,244,256,274,291,300,292,314,325,334,336,330,307,304,287,271,272,275,277
"Muscowpetung 80 (IRI), Saskatchewan",4706813,222,235,251,268,286,298,345,332,376,373,373,360,346,331,313,284,287,289,290,288,287,290,313,338,344
"Piapot No. 110 (RM), Saskatchewan",4704050,431,421,413,407,405,392,384,376,362,347,327,323,319,310,309,307,303,296,292,287,287,287,288,291,289
"Wilcox (VL), Saskatchewan",4706014,325,312,298,281,269,264,279,296,315,335,347,336,321,305,288,271,290,294,274,271,284,282,279,270,275
"Cambria No. 6 (RM), Saskatchewan",4702001,296,295,283,279,280,274,276,282,289,301,309,308,352,346,333,316,311,305,298,290,283,284,285,286,287
"Lomond No. 37 (RM), Saskatchewan",4702033,372,359,345,328,319,306,303,306,310,311,311,313,314,314,309,304,300,296,291,286,282,282,283,284,285
"Mortlach (VL), Saskatchewan",4707034,245,246,250,254,254,257,262,269,278,284,294,288,282,277,274,269,273,276,277,279,282,290,312,291,290
"Wellington No. 97 (RM), Saskatchewan",4702073,380,379,372,370,360,363,360,363,366,367,364,368,370,370,372,377,358,340,320,299,282,283,284,285,286
"Craik No. 222 (RM), Saskatchewan",4707091,333,325,321,312,299,296,306,293,287,276,284,280,278,278,285,264,281,274,259,278,279,280,257,254,246
"Neudorf (VL), Saskatchewan",4705064,310,303,302,294,292,285,299,294,290,273,276,276,271,272,269,267,271,272,276,277,279,277,278,278,290
"Macoun (VL), Saskatchewan",4702041,174,177,180,180,176,174,183,198,215,235,259,267,266,276,283,278,280,281,281,280,278,282,309,299,300
"Muskeg Lake Cree Nation 102 (IRI), Saskatchewan",4716854,297,302,303,299,303,302,329,352,380,414,445,417,391,358,321,281,280,281,279,279,278,278,279,281,282
"Lucky Lake (VL), Saskatchewan",4707059,360,351,340,330,311,301,298,298,297,293,293,292,292,290,294,293,290,288,283,279,277,288,278,303,317
"Invermay (VL), Saskatchewan",4709058,290,281,277,274,270,266,262,260,258,254,252,258,264,268,270,279,283,286,286,276,276,281,271,281,283
"Lake Alma No. 8 (RM), Saskatchewan",4702011,328,315,301,294,283,277,274,275,279,284,283,285,284,275,274,279,279,279,278,277,276,277,278,279,280
"Enfield No. 194 (RM), Saskatchewan",4707053,362,354,347,335,318,305,314,296,290,281,274,261,249,236,242,232,243,252,260,268,275,276,268,250,240
"Craven (VL), Saskatchewan",4706078,269,268,268,271,275,278,270,262,257,249,241,239,237,232,225,221,234,246,257,266,274,277,287,299,304
"Cumberland 100A (IRI), Saskatchewan",4715850,340,349,356,365,379,399,424,450,480,506,515,477,442,404,364,326,318,306,296,284,274,276,280,287,277
"Invermay No. 305 (RM), Saskatchewan",4709054,432,418,413,405,391,385,372,363,353,344,343,337,322,328,328,332,320,307,295,283,274,259,261,264,260
"Dinsmore (VL), Saskatchewan",4712016,343,327,318,297,287,274,283,292,300,314,322,314,308,301,299,294,289,285,280,273,272,274,275,278,280
"Laird (VL), Saskatchewan",4715029,240,238,230,227,219,212,225,241,259,277,295,298,298,282,294,272,273,288,287,280,272,274,278,285,288
"Lemberg (T), Saskatchewan",4705066,311,296,290,275,262,259,263,267,269,275,281,289,299,307,313,319,315,313,298,282,271,281,278,289,273
"Hart Butte No. 11 (RM), Saskatchewan",4703001,315,312,297,288,285,275,272,270,271,271,268,264,262,260,258,257,264,278,279,253,270,256,279,277,277
"Progress No. 351 (RM), Saskatchewan",4713041,346,329,322,320,306,292,289,287,279,274,266,270,274,274,278,274,271,266,263,257,270,260,265,255,256
"Colonsay No. 342 (RM), Saskatchewan",4711076,313,307,299,291,284,281,287,284,271,263,247,255,259,265,269,276,275,274,274,272,268,278,284,270,290
"Maryfield No. 91 (RM), Saskatchewan",4701094,386,375,368,360,352,346,339,334,331,327,329,348,343,314,308,330,318,305,292,275,268,262,262,262,262
"Fox Valley (VL), Saskatchewan",4708026,333,328,322,317,304,301,292,286,281,276,267,264,263,261,258,257,262,263,251,259,267,282,283,287,303
"Morris No. 312 (RM), Saskatchewan",4711052,412,399,390,377,362,352,322,342,345,339,322,324,324,323,303,297,293,287,283,277,267,274,286,285,291
"Englefeld (VL), Saskatchewan",4715002,250,249,248,244,239,233,234,238,243,250,251,266,294,297,305,289,278,266,272,279,266,266,270,276,279
"Arm River No. 252 (RM), Saskatchewan",4711011,300,293,284,274,260,244,242,242,244,250,254,255,268,265,260,257,259,262,264,266,265,271,283,296,302
"Tecumseh No. 65 (RM), Saskatchewan",4701063,319,305,297,284,278,275,276,277,278,277,275,273,270,266,258,282,287,284,264,262,263,260,260,260,260
"Rose Valley (T), Saskatchewan",4714024,403,388,384,371,356,341,332,325,317,311,300,297,295,294,291,287,281,276,271,263,262,277,288,279,278
"Young (VL), Saskatchewan",4711056,302,299,295,287,280,265,258,253,250,246,244,245,245,246,246,256,270,266,246,270,262,283,272,293,274
"Laurier No. 38 (RM), Saskatchewan",4702029,366,356,350,345,328,316,310,311,312,327,328,329,325,321,311,303,299,294,288,275,260,278,280,281,282
"Pelly (VL), Saskatchewan",4709044,309,307,297,294,291,290,290,292,293,291,288,290,291,292,288,291,286,279,272,265,259,255,264,268,289
"Lost River No. 313 (RM), Saskatchewan",4711059,230,223,215,206,196,191,192,194,198,205,215,224,231,238,243,250,253,255,257,259,258,264,276,288,294
"Redburn No. 130 (RM), Saskatchewan",4706016,281,274,264,259,252,249,249,250,253,256,256,257,257,255,253,257,259,261,261,260,258,261,271,282,287
"Sakimay 74 (IRI), Saskatchewan",4705805,192,190,188,186,185,177,203,229,256,287,316,285,255,223,187,156,178,198,219,240,258,253,253,253,234
"Brock No. 64 (RM), Saskatchewan",4701058,382,355,338,318,301,278,279,275,269,258,244,252,260,265,269,274,272,269,266,260,257,240,258,241,241
"Key West No. 70 (RM), Saskatchewan",4702057,391,371,361,341,324,312,302,300,298,295,290,287,283,276,268,260,260,260,259,258,257,258,259,260,260
"Lake of the Rivers No. 72 (RM), Saskatchewan",4703034,381,370,363,351,341,331,338,334,330,320,306,298,301,312,286,283,274,288,268,276,256,259,257,259,279
"Pinto Creek No. 75 (RM), Saskatchewan",4703048,274,269,262,253,248,241,239,239,240,242,243,250,260,270,280,287,292,277,264,255,256,256,254,256,255
"Willowdale No. 153 (RM), Saskatchewan",4705033,301,308,315,320,327,332,319,304,322,308,297,299,303,304,302,299,293,284,279,256,254,240,242,261,272
"Argyle No. 1 (RM), Saskatchewan",4701001,254,248,250,252,248,250,255,265,245,251,254,261,266,272,274,274,274,267,247,265,252,249,249,249,249
"Milton No. 292 (RM), Saskatchewan",4713011,382,368,356,342,329,316,318,320,319,323,318,310,304,292,283,273,270,265,262,257,252,253,252,253,254
"Edenwold (VL), Saskatchewan",4706033,231,237,241,243,247,247,247,248,248,246,247,246,246,245,243,243,246,249,251,252,251,254,264,275,232
"Prairiedale No. 321 (RM), Saskatchewan",4713019,284,280,278,278,280,276,277,277,271,266,258,258,257,255,255,253,254,253,254,251,251,251,250,251,252
"Carievale (VL), Saskatchewan",4701004,281,278,278,274,269,269,269,271,270,267,263,265,268,270,268,271,268,264,258,253,250,247,247,247,247
"Hazelwood No. 94 (RM), Saskatchewan",4701072,305,298,290,284,280,272,267,263,260,255,254,248,232,237,235,237,240,243,246,247,250,247,247,252,252
"Kelliher (VL), Saskatchewan",4710009,323,309,297,289,278,257,249,242,238,227,218,217,217,218,219,222,226,231,238,243,249,249,250,249,250
"Paynton No. 470 (RM), Saskatchewan",4717013,263,261,263,267,262,261,266,250,272,279,276,271,271,270,266,261,258,254,254,249,245,246,247,253,257
"Sutton No. 103 (RM), Saskatchewan",4703074,351,337,325,321,314,296,284,274,264,256,244,242,244,243,244,245,247,245,244,243,245,245,243,245,244
"Buchanan (VL), Saskatchewan",4709053,238,234,232,231,231,228,227,228,228,229,228,227,225,223,219,223,227,231,235,238,243,242,244,247,248
"Kenosee Lake (VL), Saskatchewan",4701079,186,183,187,190,192,200,213,226,238,251,264,259,256,253,247,242,243,244,244,242,243,240,240,240,240
"Pangman (VL), Saskatchewan",4702054,260,250,238,224,208,205,206,210,214,217,218,222,225,228,230,237,240,241,242,242,243,244,245,246,246
"Heart's Hill No. 352 (RM), Saskatchewan",4713046,313,309,301,295,292,289,297,279,254,251,265,262,260,256,255,249,249,245,245,240,240,239,238,239,240
"Kennedy (VL), Saskatchewan",4701077,247,240,229,214,202,191,200,210,222,235,246,243,242,240,231,223,227,230,233,235,239,236,236,236,236
"Fort San (RV), Saskatchewan",4706045,243,236,232,228,222,216,210,204,199,195,191,201,210,217,222,228,232,235,238,238,238,241,250,261,266
"Norton No. 69 (RM), Saskatchewan",4702052,274,264,260,257,249,252,252,258,263,265,265,263,260,253,245,238,239,239,239,238,238,239,240,241,241
"Grandview No. 349 (RM), Saskatchewan",4713032,471,447,426,417,405,391,389,387,378,371,359,356,357,354,357,354,330,306,283,255,235,234,233,234,235
"Earl Grey (VL), Saskatchewan",4706079,297,290,285,278,275,269,262,258,254,251,245,249,252,251,250,251,249,247,244,239,234,237,246,256,261
"Gainsborough (VL), Saskatchewan",4701002,290,278,285,259,256,253,265,264,270,273,302,299,296,290,285,259,269,269,256,227,233,230,230,230,230
"Lebret (VL), Saskatchewan",4706049,199,199,197,198,195,194,194,197,200,206,211,216,221,223,225,227,230,232,234,232,231,234,243,253,258
"South Lake (RV), Saskatchewan",4707051,89,99,111,122,138,145,130,115,101,86,76,95,114,133,153,174,187,198,209,221,231,232,236,239,238
"Caledonia No. 99 (RM), Saskatchewan",4702066,332,319,313,306,292,290,290,264,253,262,262,261,259,256,252,251,247,243,239,234,230,230,230,231,231
"Fillmore No. 96 (RM), Saskatchewan",4702076,312,299,291,279,270,260,256,257,259,260,259,256,250,242,233,227,229,229,229,229,229,229,229,230,230
"Reford No. 379 (RM), Saskatchewan",4713064,336,330,315,315,305,300,293,278,266,255,240,244,248,250,257,262,257,248,242,233,228,227,226,227,228
"Chaplin (VL), Saskatchewan",4707031,295,281,274,262,255,239,234,231,231,227,223,224,225,224,228,235,235,234,231,229,227,228,232,235,234
"Odessa (VL), Saskatchewan",4706006,245,237,231,225,214,205,210,216,225,235,245,242,236,228,219,212,217,221,226,227,227,230,239,249,254
"Stony Rapids (NH), Saskatchewan",4718100,197,213,224,229,248,267,253,233,225,249,251,261,273,283,269,273,271,269,248,227,227,226,228,231,230
"Cochin (RV), Saskatchewan",4717002,140,155,165,179,194,208,192,176,160,142,123,129,135,142,146,151,166,181,197,212,225,226,227,232,236
"Eyebrow No. 193 (RM), Saskatchewan",4707047,307,293,282,278,262,250,248,246,245,239,232,223,215,206,201,200,207,212,216,221,225,226,230,233,232
"Souris Valley No. 7 (RM), Saskatchewan",4702006,335,318,297,271,250,235,232,234,236,240,246,252,254,254,253,253,247,229,228,226,225,225,225,226,226
"Oakdale No. 320 (RM), Saskatchewan",4713024,339,322,311,306,297,293,289,286,278,273,265,264,265,263,265,259,253,244,238,228,223,222,221,222,223
"Torquay (VL), Saskatchewan",4702002,237,230,226,211,202,190,196,206,216,227,245,251,257,262,265,263,256,248,238,229,222,222,222,223,223
"Dodsland (VL), Saskatchewan",4713029,216,208,210,214,215,213,214,217,216,220,219,222,224,225,225,222,223,223,223,220,221,220,219,220,221
"Scott No. 98 (RM), Saskatchewan",4702069,239,231,223,202,189,179,176,176,178,180,181,186,188,192,195,202,207,211,215,218,221,221,221,222,222
"Morse (T), Saskatchewan",4707027,251,244,247,250,239,240,239,240,242,244,245,246,247,247,248,247,244,238,232,225,220,221,225,228,227
"Okanese 82 (IRI), Saskatchewan",4706815,155,163,170,178,187,193,198,205,215,224,231,227,220,209,194,183,192,201,209,216,220,223,231,241,245
"Spalding (VL), Saskatchewan",4714028,267,261,256,255,250,240,242,244,245,247,247,246,246,248,248,250,244,237,231,221,219,218,219,220,219
"Maple Bush No. 224 (RM), Saskatchewan",4707071,209,201,198,197,190,188,182,179,176,172,170,175,179,183,190,198,203,208,211,215,218,219,223,226,225
"Punnichy (VL), Saskatchewan",4710029,322,316,311,303,293,282,274,266,263,254,252,244,243,236,227,219,217,217,218,217,218,218,219,219,220
"Surprise Valley No. 9 (RM), Saskatchewan",4702014,264,253,252,257,258,258,256,257,257,257,254,251,245,238,228,222,222,221,219,217,216,216,216,217,217
"Deer Forks No. 232 (RM), Saskatchewan",4708061,231,229,227,224,222,217,218,219,222,227,228,224,222,220,217,214,215,216,215,215,215,215,216,219,220
"Terrell No. 101 (RM), Saskatchewan",4703096,366,351,327,306,289,261,253,246,240,236,229,231,236,240,242,245,241,234,226,219,215,215,214,216,215
"Beechy (VL), Saskatchewan",4707062,297,283,276,261,253,246,244,244,245,244,243,239,235,232,233,234,231,227,223,218,214,215,218,221,220
"Annaheim (VL), Saskatchewan",4715005,222,221,221,223,223,223,223,224,227,228,224,222,220,219,217,216,216,214,214,213,211,212,215,220,222
"Huron No. 223 (RM), Saskatchewan",4707076,253,247,246,242,236,236,228,222,215,207,200,200,200,199,202,203,207,208,209,210,211,212,215,218,217
"Glenside No. 377 (RM), Saskatchewan",4712069,361,366,370,370,369,372,353,335,315,298,269,271,285,264,249,252,244,235,226,216,210,212,213,215,216
"Harris No. 316 (RM), Saskatchewan",4712029,242,230,217,213,204,197,203,210,215,225,229,222,215,209,203,197,200,202,204,206,210,212,213,215,216
"Wood Creek No. 281 (RM), Saskatchewan",4711039,329,321,305,295,284,275,269,265,261,243,211,215,217,220,223,229,226,222,219,215,210,215,225,235,240
"Bjorkdale (VL), Saskatchewan",4714041,234,229,220,214,207,203,202,204,203,203,203,202,201,202,202,206,206,206,206,204,206,205,206,207,206
"Aquadeo (RV), Saskatchewan",4717005,66,76,88,99,111,122,115,108,101,94,85,91,98,104,108,115,133,151,171,189,205,206,207,212,215
"Govan (T), Saskatchewan",4711004,276,268,260,251,243,234,230,227,225,224,220,218,213,209,202,199,201,203,204,206,205,210,220,230,235
"Pittville No. 169 (RM), Saskatchewan",4708028,276,268,257,243,232,219,216,214,213,212,209,205,204,204,207,213,212,211,209,206,205,205,206,209,210
"St. Philips No. 301 (RM), Saskatchewan",4709042,299,287,283,269,265,261,261,238,244,244,238,237,234,231,224,223,219,216,211,207,205,204,205,207,208
"Drake (VL), Saskatchewan",4711048,252,248,242,242,236,234,228,223,217,213,207,207,206,204,200,202,204,204,204,204,202,207,216,226,231
"Mankota (VL), Saskatchewan",4703019,250,246,244,240,243,239,233,230,225,221,213,210,211,212,210,206,207,205,204,201,202,202,201,203,202
"Senlac No. 411 (RM), Saskatchewan",4713076,241,232,233,229,230,228,222,218,209,204,199,203,207,211,216,221,218,214,210,204,202,201,200,201,202
"Cole Bay (NH), Saskatchewan",4718028,164,162,162,157,160,161,173,190,204,222,235,225,216,206,193,176,181,188,191,194,200,199,200,203,202
"Elmsthorpe No. 100 (RM), Saskatchewan",4702061,325,311,300,285,276,261,248,240,231,223,215,221,226,229,229,230,225,219,213,206,200,200,200,201,201
"Glen Bain No. 105 (RM), Saskatchewan",4703064,308,296,283,267,243,234,229,225,219,215,208,200,196,192,187,184,188,191,193,196,200,200,199,201,201
"Grayson (VL), Saskatchewan",4705059,213,209,209,198,188,181,182,183,185,186,187,193,200,206,211,216,214,210,207,203,200,199,199,199,200
"Prairie Rose No. 309 (RM), Saskatchewan",4710052,352,341,329,319,309,295,289,285,283,272,264,253,247,239,232,224,218,212,209,203,200,200,201,201,202
"Windthorst (VL), Saskatchewan",4705019,232,225,219,215,209,197,201,205,209,215,220,220,222,221,220,215,213,209,206,202,199,198,198,198,199
"Shamrock No. 134 (RM), Saskatchewan",4707011,243,235,235,235,234,231,229,230,230,230,232,228,225,220,215,209,208,206,203,200,198,199,202,205,204
"Abernethy (VL), Saskatchewan",4706046,217,212,210,207,203,200,197,195,196,198,200,203,206,208,207,210,209,208,206,201,196,198,205,214,218
"Ebenezer (VL), Saskatchewan",4709014,151,150,149,145,145,143,150,157,165,172,181,186,189,192,193,190,191,191,192,193,194,193,194,196,197
"Harris (VL), Saskatchewan",4712032,234,217,214,207,196,189,195,200,204,211,216,213,209,206,203,196,196,195,194,193,194,196,197,199,200
"Poplar Valley No. 12 (RM), Saskatchewan",4703006,283,277,266,256,252,247,223,211,214,203,203,200,200,200,199,198,199,197,196,194,194,194,193,195,195
"Middle Lake (VL), Saskatchewan",4715047,307,305,301,298,291,281,275,270,264,257,246,246,246,247,246,244,235,224,214,203,193,194,197,202,204
"Shell Lake (VL), Saskatchewan",4716057,188,178,175,171,160,153,153,153,154,154,153,158,162,166,170,178,181,185,188,191,193,193,194,195,195
"Dysart (VL), Saskatchewan",4706097,213,210,209,206,203,201,204,208,214,218,221,219,216,211,207,203,202,201,200,196,192,194,201,210,214
"Wise Creek No. 77 (RM), Saskatchewan",4704028,287,272,264,263,257,253,237,220,200,178,158,167,176,184,197,208,204,199,197,191,192,192,193,195,193
"Glen Ewen (VL), Saskatchewan",4701012,161,152,144,135,126,122,128,133,138,142,148,151,153,156,157,160,167,174,180,185,191,189,189,189,189
"Gull Lake No. 139 (RM), Saskatchewan",4708009,256,247,239,231,226,226,222,219,216,213,206,205,204,204,203,205,203,200,196,192,189,189,190,193,194
"Vanguard (VL), Saskatchewan",4703062,190,180,176,171,159,154,154,155,156,157,154,148,146,143,141,139,149,159,169,179,189,189,188,190,190
"Big Arm No. 251 (RM), Saskatchewan",4711006,254,252,249,245,241,239,232,224,218,212,204,203,200,197,195,196,196,194,193,192,188,193,202,211,215
"Tullymet No. 216 (RM), Saskatchewan",4706099,273,265,262,253,250,248,241,235,232,228,225,223,219,216,210,204,202,200,198,193,188,190,197,205,209
"Francis (T), Saskatchewan",4706009,176,173,168,163,156,152,157,162,169,176,182,192,201,208,216,223,218,211,205,195,187,189,196,204,208
"Codette (VL), Saskatchewan",4714074,242,237,232,233,231,223,218,216,213,211,209,208,208,208,207,203,199,195,191,186,185,184,185,186,185
"The Gap No. 39 (RM), Saskatchewan",4702026,287,279,270,268,254,250,248,250,246,238,235,230,224,217,210,204,201,198,193,189,185,185,185,186,186
"Semans (VL), Saskatchewan",4710022,270,251,236,228,212,197,199,203,208,209,208,203,201,198,198,199,195,191,189,186,184,184,185,185,186
"Glenavon (VL), Saskatchewan",4705021,210,200,195,193,185,186,184,183,181,181,180,182,187,188,188,187,188,187,185,184,183,182,182,182,183
"Prud'homme (VL), Saskatchewan",4715016,207,201,195,184,177,170,170,171,173,174,176,174,173,171,172,172,175,177,180,181,183,184,187,191,193
"King George No. 256 (RM), Saskatchewan",4707066,249,249,249,245,241,239,233,230,228,224,221,223,224,225,228,230,222,212,202,191,182,183,186,188,187
"Zenon Park (VL), Saskatchewan",4714061,234,227,217,213,203,197,194,195,195,194,192,195,197,198,200,199,195,191,187,182,181,180,181,182,181
"Lang (VL), Saskatchewan",4702071,193,188,182,179,178,174,178,186,192,200,205,205,203,200,196,194,192,190,187,184,180,180,180,181,181
"B-Say-Tah (RV), Saskatchewan",4706052,180,187,194,197,204,207,202,199,197,195,190,185,180,173,164,159,164,169,174,177,179,181,188,196,200
"Little Black Bear 84 (IRI), Saskatchewan",4706814,170,169,167,165,165,164,164,164,166,166,168,165,161,156,150,143,151,160,168,174,179,181,188,196,200
"Rosemount No. 378 (RM), Saskatchewan",4712072,295,278,268,258,241,233,227,221,214,211,202,199,198,197,199,205,200,194,188,182,179,181,182,184,185
"North Grove (RV), Saskatchewan",4706081,60,66,70,75,81,85,81,77,75,71,69,83,97,110,123,136,146,156,164,172,178,180,187,195,199
"Holdfast (VL), Saskatchewan",4706067,191,187,183,178,176,176,172,171,172,172,176,191,207,222,238,251,238,224,209,192,177,179,186,194,198
"Spy Hill (VL), Saskatchewan",4705043,217,211,210,209,208,205,206,207,206,207,208,201,196,189,181,172,175,175,176,177,177,176,176,176,177
"Coteau Beach (RV), Saskatchewan",4707068,18,21,24,26,29,31,34,35,37,39,41,42,43,45,47,52,77,102,127,151,174,175,178,180,179
"Nekaneet Cree Nation (IRI), Saskatchewan",4704802,205,190,185,181,176,169,163,156,149,138,127,136,147,157,173,192,188,183,180,175,174,174,175,177,176
"Conquest (VL), Saskatchewan",4712022,166,168,170,170,170,169,171,174,174,179,181,175,172,168,166,164,166,168,170,171,173,175,176,178,179
"Meath Park (VL), Saskatchewan",4715092,207,201,200,195,191,182,187,193,199,204,208,203,199,193,187,179,178,177,177,175,173,174,176,180,182
"Clinworth No. 230 (RM), Saskatchewan",4708053,277,268,263,254,241,232,225,222,219,218,216,205,193,183,171,159,163,166,168,170,172,172,173,176,177
"Bradwell (VL), Saskatchewan",4711071,160,165,170,175,184,188,197,207,218,227,236,227,215,200,185,172,172,172,172,171,169,173,181,189,193
"Ocean Man 69 (IRI), Saskatchewan",4701809,2,25,49,75,101,128,136,143,153,159,165,171,176,181,184,191,187,183,178,172,169,167,167,167,167
"Star Blanket 83 (IRI), Saskatchewan",4706818,227,225,222,218,210,200,198,199,199,199,205,203,200,196,191,180,180,179,177,173,169,171,177,185,188
"Maymont (VL), Saskatchewan",4716004,167,161,154,149,142,132,136,139,142,146,149,148,147,145,144,143,148,154,159,163,167,167,168,169,169
"Thode (RV), Saskatchewan",4711060,136,142,146,151,154,158,156,155,155,158,161,164,165,165,162,163,164,165,167,168,167,171,179,187,191
"Smeaton (VL), Saskatchewan",4714093,182,181,180,184,186,187,186,186,185,186,185,186,188,189,188,184,181,176,172,166,165,164,165,166,165
"Flin Flon (Part) (CY), Saskatchewan",4718052,271,260,261,258,255,249,245,244,241,238,234,229,225,221,215,207,198,191,180,169,163,163,164,166,165
"Mervin (VL), Saskatchewan",4717039,148,133,123,109,103,97,111,123,137,150,165,163,163,163,162,164,164,163,164,163,163,163,164,168,171
"Weldon (VL), Saskatchewan",4715072,223,218,216,213,211,207,206,205,204,203,199,199,201,201,201,200,193,185,179,171,163,164,166,170,172
"Kisbey (VL), Saskatchewan",4701061,204,201,201,199,194,190,195,203,210,215,220,211,202,190,173,158,160,161,161,161,162,160,160,160,160
"Ministikwan 161A (IRI), Saskatchewan",4717810,203,205,208,210,208,203,208,213,216,219,227,225,227,227,229,228,214,200,188,174,162,162,163,167,170
"Wheatlands No. 163 (RM), Saskatchewan",4707032,182,177,177,172,168,167,163,160,158,155,152,152,151,150,151,153,156,158,158,159,161,162,165,167,166
"Turnor Lake (NH), Saskatchewan",4718075,157,150,141,137,132,120,133,148,163,175,182,176,170,164,158,154,156,159,159,159,160,160,161,163,162
"Briercrest (VL), Saskatchewan",4706018,115,115,116,115,116,120,117,115,115,115,116,125,135,144,153,165,165,165,164,162,159,161,167,174,177
"Milden (VL), Saskatchewan",4712012,198,186,188,183,178,174,175,177,177,182,185,181,180,178,174,169,166,163,161,158,157,158,159,161,162
"Sun Valley (RV), Saskatchewan",4707045,113,118,122,122,126,129,118,110,101,90,82,89,97,104,113,121,129,137,144,150,157,158,161,163,162
"Archerwill (VL), Saskatchewan",4714036,220,212,203,199,194,189,192,197,201,204,204,196,188,180,173,169,167,164,161,156,156,155,156,157,157
"Tompkins (VL), Saskatchewan",4708012,195,190,190,187,184,175,174,172,172,174,173,168,166,163,159,154,155,156,156,155,156,156,157,159,160
"Riverhurst (VL), Saskatchewan",4707072,145,139,131,131,126,122,119,118,117,117,115,118,120,123,127,133,138,143,147,151,155,156,159,161,160
"Bird's Point (RV), Saskatchewan",4705055,68,73,78,81,85,89,92,97,100,104,105,108,110,111,113,115,124,131,140,148,154,153,153,153,153
"Lintlaw (VL), Saskatchewan",4709061,189,180,171,164,152,147,150,156,159,163,166,167,167,167,168,175,171,166,162,157,154,153,154,156,156
"Rhein (VL), Saskatchewan",4709009,180,176,174,171,165,164,164,165,167,165,162,166,168,171,173,175,171,166,162,157,154,153,154,156,156
"Big Stick No. 141 (RM), Saskatchewan",4708016,200,196,191,189,187,185,177,170,164,160,151,148,146,143,140,140,144,146,149,149,152,152,153,155,156
"Hodgeville (VL), Saskatchewan",4707016,178,172,164,155,150,145,150,157,165,172,175,175,175,174,176,176,173,168,162,156,151,152,154,156,155
"Canaan No. 225 (RM), Saskatchewan",4707058,195,191,189,186,176,168,163,160,158,155,152,149,146,143,143,144,147,148,148,148,149,150,152,154,153
"Day Star 87 (IRI), Saskatchewan",4710824,206,195,190,184,181,172,167,165,165,161,159,155,154,153,152,152,151,150,151,149,149,149,150,150,151
"La Plonge 192 (IRI), Saskatchewan",4718807,122,126,127,132,137,141,136,134,129,124,118,124,130,138,146,153,152,154,152,150,149,149,150,152,152
"The Key 65 (IRI), Saskatchewan",4709821,145,146,151,160,168,174,167,161,155,144,136,140,143,146,149,153,152,151,150,149,149,148,149,151,151
"Dorintosh (VL), Saskatchewan",4717055,126,127,127,127,128,129,134,139,143,148,151,148,146,145,140,137,139,140,142,144,145,145,146,149,151
"Denzil (VL), Saskatchewan",4713054,165,154,151,149,147,146,146,146,143,143,139,142,144,146,146,147,147,146,146,144,144,143,142,143,144
"Lake Johnston No. 102 (RM), Saskatchewan",4703093,181,180,177,172,164,164,163,162,162,162,163,164,168,172,174,172,168,162,155,149,144,144,143,144,144
"Lone Tree No. 18 (RM), Saskatchewan",4704006,189,177,176,169,167,151,151,152,151,150,146,147,147,147,148,152,149,148,146,143,144,144,145,146,145
"Marcelin (VL), Saskatchewan",4716014,170,171,172,172,171,172,171,168,166,162,161,161,160,158,158,156,154,152,149,147,144,144,145,146,146
"Wreford No. 280 (RM), Saskatchewan",4711042,213,206,200,193,185,176,172,166,162,159,154,151,147,144,141,140,141,142,143,145,144,148,155,162,165
"Southend No. 200A (IRI), Saskatchewan",4718826,26,24,23,21,20,21,23,24,26,26,27,39,51,64,79,92,103,114,124,135,143,143,144,146,146
"Tobin Lake (RV), Saskatchewan",4714068,47,55,64,72,81,88,89,89,91,91,91,91,91,92,92,93,103,113,123,132,142,141,142,143,143
"Climax (VL), Saskatchewan",4704009,209,203,198,194,196,183,185,186,187,187,184,186,191,191,195,196,184,171,160,148,141,141,142,143,142
"Flaxcombe (VL), Saskatchewan",4713009,131,131,128,124,120,114,115,116,117,119,120,122,123,125,127,129,132,134,136,138,139,138,137,138,139
"Grizzly Bear's Head 110 and Lean Man 111 (IRI), Saskatchewan",4712832,95,97,105,113,120,124,117,109,100,93,84,80,77,73,72,71,85,99,113,127,139,140,141,142,143
"Kivimaa-Moonlight Bay (RV), Saskatchewan",4717042,40,49,58,63,73,82,84,85,88,87,84,84,86,86,86,87,97,108,119,130,139,139,140,143,145
"Brock (VL), Saskatchewan",4713002,134,129,126,124,116,118,121,124,124,128,131,135,138,141,144,147,146,143,142,139,138,137,137,138,139
"Island View (RV), Saskatchewan",4706085,35,46,57,68,79,89,83,78,75,70,66,69,71,73,73,77,90,104,116,128,138,140,145,151,154
"Landis (VL), Saskatchewan",4713067,164,153,145,138,126,121,127,131,134,140,141,144,146,148,152,156,153,149,146,141,137,136,136,137,138
"Albertville (VL), Saskatchewan",4715085,135,133,130,126,121,113,119,125,132,138,142,143,143,143,142,146,144,142,140,138,136,137,139,142,143
"Parkside (VL), Saskatchewan",4716044,132,130,131,132,132,131,130,128,127,127,127,127,127,126,126,125,128,130,132,134,135,135,136,137,137
"Simpson (VL), Saskatchewan",4711041,195,181,165,151,133,119,121,125,128,132,134,133,133,132,131,132,133,134,135,136,135,138,144,150,153
"Eyebrow (VL), Saskatchewan",4707049,138,138,139,136,134,137,137,139,141,141,141,136,131,125,122,121,124,127,129,130,133,134,136,138,137
"Frobisher (VL), Saskatchewan",4701017,153,154,153,150,150,148,154,159,165,169,171,170,169,168,166,164,158,152,145,137,132,130,130,130,130
"Gerald (VL), Saskatchewan",4705044,163,158,156,149,140,127,125,124,122,120,116,122,128,132,137,141,140,137,136,134,132,131,131,131,131
"Plenty (VL), Saskatchewan",4713031,151,147,138,133,131,131,136,139,140,139,135,142,148,154,162,169,162,154,148,138,132,131,131,132,133
"Chaplin No. 164 (RM), Saskatchewan",4707029,163,155,150,146,143,141,143,146,148,149,149,143,135,128,122,116,119,123,125,127,130,131,133,135,134
"Mosquito 109 (IRI), Saskatchewan",4712830,442,434,429,420,410,406,417,430,440,457,477,482,489,495,500,480,387,288,241,191,130,131,132,133,134
"McTaggart (VL), Saskatchewan",4702048,129,127,128,125,122,116,116,117,119,124,129,130,130,128,126,124,126,127,128,129,129,129,129,130,130
"Antelope Park No. 322 (RM), Saskatchewan",4713016,182,179,170,165,158,153,155,156,156,156,153,148,144,140,136,132,132,131,130,129,128,127,127,128,129
"Happy Valley No. 10 (RM), Saskatchewan",4702018,178,179,180,181,181,177,170,166,162,157,150,150,149,147,143,142,139,137,134,131,128,128,128,129,129
"Kannata Valley (RV), Saskatchewan",4706075,98,106,113,120,127,134,127,120,116,110,103,101,98,95,92,90,98,107,115,123,128,130,135,141,144
"Pelican Narrows (NV), Saskatchewan",4718055,195,193,189,187,179,174,178,192,201,214,226,218,211,203,196,182,176,181,156,131,127,127,128,130,130
"Sintaluta (T), Saskatchewan",4706041,147,139,129,119,110,99,102,106,111,117,123,123,122,121,120,123,125,126,127,128,127,129,134,140,143
"Medstead (VL), Saskatchewan",4716063,147,146,147,150,150,150,145,138,132,128,122,126,129,128,130,133,132,131,129,127,125,125,126,127,127
"Bulyea (VL), Saskatchewan",4706073,108,107,108,106,106,105,104,103,103,104,104,108,111,113,115,117,120,122,123,124,124,126,131,137,139
"Kincaid (VL), Saskatchewan",4703051,165,154,149,146,137,138,135,133,128,123,117,116,116,116,116,115,117,118,120,122,124,124,123,124,124
"Paynton (VL), Saskatchewan",4717014,175,172,167,162,156,154,153,152,152,153,156,156,158,157,157,152,146,140,135,129,124,124,125,128,130
"Sheho (VL), Saskatchewan",4709024,151,144,142,132,125,122,123,126,128,132,133,128,124,119,111,107,110,114,117,120,124,123,124,125,125
"Val Marie (VL), Saskatchewan",4704002,139,136,134,134,137,137,137,137,136,134,132,133,133,131,130,128,127,127,125,124,124,124,125,126,125
"Pennant (VL), Saskatchewan",4708034,152,145,137,132,125,121,120,120,121,122,123,125,126,128,132,134,132,130,128,125,123,123,123,125,126
"Paddockwood (VL), Saskatchewan",4715098,173,164,156,147,138,128,136,145,154,162,166,163,159,157,156,157,150,142,136,128,121,122,124,127,128
"Richmound (VL), Saskatchewan",4708022,199,196,190,185,170,164,160,158,157,160,159,159,159,159,155,150,145,139,133,126,121,121,121,123,124
"Grandview Beach (RV), Saskatchewan",4706069,14,18,23,27,31,35,31,30,28,26,25,27,30,32,33,37,55,72,89,106,120,122,127,132,134
"Mistusinne (RV), Saskatchewan",4707074,32,38,44,46,52,56,58,60,62,64,66,69,70,73,75,79,88,97,105,112,120,121,123,125,125
"Jans Bay (NH), Saskatchewan",4718030,201,200,194,197,194,186,183,185,184,184,191,185,180,172,165,156,149,143,134,126,119,119,120,122,122
"Prelate (VL), Saskatchewan",4708057,167,157,149,143,132,128,127,127,127,128,128,133,139,145,152,158,151,143,136,127,119,119,119,121,122
"Cadillac (VL), Saskatchewan",4704029,96,98,91,86,83,81,81,82,81,80,79,81,84,85,90,95,99,103,108,113,118,118,119,120,119
"Eagles Lake 165C (IRI), Saskatchewan",4717816,71,72,73,75,78,82,85,87,88,91,93,94,97,98,97,96,100,104,110,114,118,118,119,122,124
"Limerick (VL), Saskatchewan",4703041,150,142,138,137,131,133,130,128,126,122,117,115,115,115,116,117,117,116,117,116,117,117,116,117,117
"Waseca (VL), Saskatchewan",4717019,172,168,163,161,156,148,154,157,159,160,161,160,159,158,154,154,146,138,132,124,117,117,118,121,123
"North Portal (VL), Saskatchewan",4701018,139,131,129,125,126,127,131,136,141,144,147,141,137,131,122,118,118,118,118,116,116,115,115,115,115
"Enterprise No. 142 (RM), Saskatchewan",4708021,227,212,203,186,174,163,158,154,150,148,142,136,130,124,119,114,115,115,114,113,113,113,113,115,116
"Halbrite (VL), Saskatchewan",4702038,115,110,109,106,103,101,101,104,106,109,111,114,117,119,121,123,121,120,118,115,113,113,113,113,113
"Jansen (VL), Saskatchewan",4710054,162,157,150,146,144,142,139,137,137,134,128,121,116,110,103,98,101,104,108,110,113,113,113,113,114
"Stewart Valley (VL), Saskatchewan",4708039,105,104,106,104,103,102,96,91,87,84,78,82,85,87,91,94,99,102,106,108,111,111,111,113,114
"North Battleford (CN), Saskatchewan",4716027,260,238,219,199,177,156,159,161,165,169,170,168,167,165,162,159,149,139,129,118,109,109,110,111,111
"Rodgers No. 133 (RM), Saskatchewan",4707006,161,154,147,142,128,118,114,112,110,107,104,100,97,93,92,93,96,100,103,106,108,109,111,113,113
"St. Gregor (VL), Saskatchewan",4715003,123,120,117,114,109,104,102,102,101,101,101,101,101,101,101,100,102,104,105,106,107,108,110,113,114
"Alida (VL), Saskatchewan",4701041,120,116,112,112,108,109,113,118,123,129,134,134,134,133,128,124,121,118,114,109,106,105,105,105,105
"Creelman (VL), Saskatchewan",4702079,89,84,83,82,83,82,88,95,103,111,119,120,121,121,121,117,115,114,111,108,106,106,106,106,106
"Tuxford (VL), Saskatchewan",4707043,98,98,95,94,93,90,90,91,91,92,93,98,103,108,113,116,114,113,111,108,106,107,109,110,110
"Amiskosakahikan 210 (IRI), Saskatchewan",4718855,127,126,125,126,125,125,125,128,132,133,132,132,134,130,125,128,123,119,113,110,105,105,106,107,107
"Loreburn (VL), Saskatchewan",4711021,145,139,132,126,122,114,113,111,110,108,110,112,112,113,111,110,108,107,106,105,103,106,111,116,118
"Weyakwin (NH), Saskatchewan",4718015,186,176,155,139,118,101,108,114,121,129,139,135,131,127,119,105,104,104,103,104,103,103,104,105,105
"Abbey (VL), Saskatchewan",4708048,140,137,134,135,134,132,127,124,122,120,117,119,122,126,130,131,126,120,114,107,102,102,102,104,104
"Ceylon (VL), Saskatchewan",4702028,110,105,101,95,90,93,94,96,99,101,101,102,104,104,105,114,111,109,106,103,100,100,100,100,100
"Chamberlain (VL), Saskatchewan",4706064,91,94,97,99,105,110,106,103,100,96,91,91,91,91,91,93,95,97,99,100,100,101,105,109,111
"Hillsborough No. 132 (RM), Saskatchewan",4707004,162,152,148,143,133,124,120,119,119,119,116,114,112,109,107,104,104,104,102,101,100,100,102,103,103
"Broderick (VL), Saskatchewan",4711028,86,84,81,79,78,79,77,76,75,75,73,75,79,82,85,88,90,93,95,98,99,101,106,111,113
"Meacham (VL), Saskatchewan",4711078,89,84,81,78,75,71,73,77,80,84,86,90,93,95,98,102,101,101,100,100,99,101,106,111,113
"Shesheep 74A (IRI), Saskatchewan",4705807,65,58,49,41,33,27,50,71,92,116,135,131,129,123,116,111,109,106,104,102,99,98,98,98,98
"Duval (VL), Saskatchewan",4711002,105,103,101,99,97,95,95,96,96,98,100,96,93,90,87,85,88,90,93,95,97,99,104,109,111
"Silton (VL), Saskatchewan",4706077,96,95,96,95,92,92,92,93,94,96,95,91,87,83,77,74,80,85,90,94,97,98,102,106,108
"Marquis (VL), Saskatchewan",4707044,100,93,87,82,77,72,77,82,86,90,93,93,93,94,96,100,99,98,96,95,93,93,95,96,96
"Elfros (VL), Saskatchewan",4710043,165,155,145,134,122,113,109,107,105,102,99,96,97,95,94,92,92,92,93,92,92,92,92,92,93
"Glen Harbour (RV), Saskatchewan",4706080,43,50,56,62,68,74,71,70,69,68,66,67,68,68,67,69,74,79,84,88,92,93,97,101,103
"Hazlet (VL), Saskatchewan",4708029,128,119,112,104,97,87,89,91,93,96,98,100,100,103,105,109,106,103,99,95,92,92,92,93,93
"Kiskaciwan No. 208 (IRI), Saskatchewan",4715820,32,32,30,29,28,27,27,28,29,29,29,30,34,34,31,37,45,56,67,80,92,93,94,96,97
"Neville (VL), Saskatchewan",4703061,70,68,66,65,65,66,71,76,81,83,85,85,86,88,90,90,91,90,90,90,91,91,90,91,91
"Stenen (VL), Saskatchewan",4709069,112,107,108,100,97,93,90,88,85,83,80,84,86,90,93,93,93,93,92,91,91,90,91,92,92
"Hyas (VL), Saskatchewan",4709071,134,128,123,120,115,112,113,115,115,117,115,107,100,91,80,72,75,79,83,87,90,89,90,91,91
"Quinton (VL), Saskatchewan",4710028,110,110,107,108,107,110,111,112,115,114,113,110,109,106,105,104,101,98,96,93,90,90,90,90,91
"Storthoaks (VL), Saskatchewan",4701044,101,96,92,88,86,84,87,92,94,95,96,99,102,105,107,110,106,102,97,92,88,87,87,87,87
"Metinota (RV), Saskatchewan",4717004,68,73,78,84,87,91,92,92,92,92,90,88,87,85,84,81,82,83,85,86,87,87,88,90,92
"Tantallon (VL), Saskatchewan",4705042,114,111,109,110,108,107,107,108,109,109,107,104,101,97,94,93,92,90,89,87,86,85,85,85,85
"Aylsham (VL), Saskatchewan",4714073,109,106,105,101,97,94,91,86,83,79,73,72,70,69,68,67,71,75,79,82,85,85,85,86,86
"Togo (VL), Saskatchewan",4709038,145,136,127,118,109,101,98,96,94,92,89,90,89,88,87,87,87,87,85,84,84,84,85,86,86
"Alice Beach (RV), Saskatchewan",4706065,56,58,62,64,66,69,63,58,54,50,45,46,48,49,51,53,59,66,73,78,83,84,87,91,93
"Beaver Flat (RV), Saskatchewan",4707020,33,39,45,50,56,59,56,51,48,44,42,48,55,60,68,73,76,78,80,82,83,83,84,85,85
"Calder (VL), Saskatchewan",4709002,111,104,97,92,86,81,84,87,90,94,98,98,97,95,94,92,90,89,87,84,83,83,84,85,85
"Timber Bay (NH), Saskatchewan",4718012,110,118,123,129,134,142,134,128,119,108,96,95,92,91,88,85,84,84,83,83,83,83,84,85,85
"Belle Plaine (VL), Saskatchewan",4706022,73,71,68,67,65,66,66,66,66,67,67,72,76,80,84,88,87,86,86,84,82,83,86,90,92
"Pleasantdale (VL), Saskatchewan",4714030,99,97,93,91,89,88,86,84,83,80,77,76,76,77,77,77,78,80,81,81,82,82,82,82,82
"Wa-Pii Moos-Toosis (White Calf) 83A (IRI), Saskatchewan",4706820,110,108,106,103,100,96,99,102,106,110,112,108,103,97,91,86,85,85,85,83,82,83,86,90,92
"St. Benedict (VL), Saskatchewan",4715046,110,102,97,90,84,80,82,83,84,84,83,82,83,84,85,85,84,83,82,82,81,82,83,85,86
"Tugaske (VL), Saskatchewan",4707077,119,117,112,112,110,107,104,103,102,98,94,89,86,82,79,77,79,80,80,81,81,81,82,83,83
"Makwa (VL), Saskatchewan",4717057,102,101,99,99,99,98,99,99,100,99,99,96,94,92,88,85,83,82,82,80,79,79,79,81,82
"Sceptre (VL), Saskatchewan",4708054,138,129,124,116,107,101,99,98,97,99,99,99,100,100,98,95,92,89,86,82,79,79,79,80,80
"St. George's Hill (NH), Saskatchewan",4718071,102,88,74,57,40,22,36,52,68,84,104,112,119,124,131,133,122,112,100,89,79,79,80,81,81
"Alvena (VL), Saskatchewan",4715038,87,80,75,69,62,56,54,53,53,55,56,58,59,61,62,61,65,68,72,75,78,79,80,82,83
"Marengo (VL), Saskatchewan",4713014,50,50,50,51,51,52,51,50,49,47,49,53,57,61,66,70,72,74,76,76,78,78,78,79,79
"Pelican Lake 191B (IRI), Saskatchewan",4716880,3,5,6,8,8,10,8,6,4,2,2,11,21,32,42,53,58,64,68,73,78,78,78,78,78
"Roche Percée (VL), Saskatchewan",4701019,166,162,156,156,156,153,153,155,155,156,157,152,145,138,126,113,106,99,93,84,78,77,77,77,77
"Denholm (VL), Saskatchewan",4716002,81,78,73,70,67,62,66,69,73,76,77,80,83,85,88,91,88,85,82,79,77,77,77,77,77
"Endeavour (VL), Saskatchewan",4709065,158,149,143,137,129,120,114,110,105,101,95,89,83,77,70,66,69,71,73,75,77,77,78,79,79
"Glen McPherson No. 46 (RM), Saskatchewan",4703016,129,127,122,119,115,114,105,98,91,83,74,73,73,73,73,73,75,75,75,76,77,77,77,78,78
"Hazenmore (VL), Saskatchewan",4703052,73,69,64,62,60,58,57,55,53,52,51,53,56,60,64,73,75,75,75,76,77,77,77,78,78
"Wee Too Beach (RV), Saskatchewan",4706060,20,28,36,45,53,60,54,49,44,40,36,45,53,62,71,80,80,80,79,79,77,78,81,84,86
"Drinkwater (VL), Saskatchewan",4706019,80,76,74,71,69,67,68,68,69,69,67,68,70,69,71,72,74,75,76,76,76,77,80,83,84
"Scott (T), Saskatchewan",4713062,114,110,105,101,95,93,91,89,85,81,76,75,75,74,73,74,75,75,76,75,76,76,76,76,76
"Zealandia (T), Saskatchewan",4712008,114,108,103,103,94,91,88,87,84,84,82,82,82,82,82,81,80,79,78,77,76,77,77,78,78
"Glenside (VL), Saskatchewan",4711029,64,68,73,80,85,88,89,90,89,88,86,86,83,81,79,78,77,77,76,75,74,76,80,84,86
"Pheasant Rump Nakota 68 (IRI), Saskatchewan",4701819,6,8,9,11,14,17,25,33,41,52,61,62,63,64,60,58,62,65,69,71,74,73,73,73,73
"Speers (VL), Saskatchewan",4716024,73,71,73,72,74,76,74,72,71,69,66,65,66,65,63,62,65,68,69,72,74,74,74,74,74
"Webb (VL), Saskatchewan",4708008,50,50,48,48,45,45,49,52,55,57,59,57,56,54,52,52,56,60,65,69,73,73,73,74,74
"Bladworth (VL), Saskatchewan",4711038,68,69,69,69,69,71,69,67,65,64,61,63,65,66,67,67,69,70,70,71,72,74,77,80,82
"Dubuc (VL), Saskatchewan",4705058,80,74,69,65,59,54,57,61,64,68,71,69,68,66,63,62,65,67,69,70,72,72,72,72,72
"Fleming (T), Saskatchewan",4705002,95,90,87,87,83,77,79,80,82,84,85,86,87,88,87,87,84,80,78,74,72,72,72,72,72
"Sturgeon Weir 205 (IRI), Saskatchewan",4718815,2,8,15,23,31,40,39,38,39,39,37,39,41,44,46,49,54,59,63,68,72,72,72,73,73
"Rama (VL), Saskatchewan",4709056,90,86,83,79,78,75,76,77,76,77,76,78,78,79,79,82,80,78,75,73,71,71,71,72,72
"Pebble Baye (RV), Saskatchewan",4716043,17,19,22,23,25,27,29,29,31,31,33,36,37,40,43,46,51,56,61,66,70,70,70,70,70
"Liberty (VL), Saskatchewan",4711009,94,89,85,81,77,74,76,78,81,86,90,89,88,86,84,80,78,76,74,71,69,71,74,77,79
"Aylesbury (VL), Saskatchewan",4707093,50,49,49,47,47,45,45,44,44,43,43,41,40,39,39,42,47,53,58,63,68,68,69,70,70
"Echo Bay (RV), Saskatchewan",4716060,26,36,46,57,67,77,70,61,54,45,38,38,39,40,40,41,46,52,58,63,68,68,68,68,68
"Wakaw Lake (RV), Saskatchewan",4715043,30,32,32,33,34,35,33,33,32,32,31,40,48,56,65,73,72,70,69,68,67,67,68,70,71
"Yellow Quill 90-9 (IRI), Saskatchewan",4714843,40,39,38,37,36,35,35,33,33,31,31,35,38,42,47,51,55,58,62,64,67,67,67,67,67
"Beatty (VL), Saskatchewan",4715052,80,76,72,68,65,62,62,62,63,64,64,64,65,65,63,61,62,63,64,65,66,66,67,69,70
"Macrorie (VL), Saskatchewan",4712019,99,90,87,86,83,80,77,74,71,69,66,66,67,66,68,69,68,68,67,67,66,67,67,68,68
"Margo (VL), Saskatchewan",4710072,108,104,98,97,93,91,92,94,98,100,103,98,96,93,89,86,81,77,73,69,66,66,66,66,66
"Pilger (VL), Saskatchewan",4715045,86,85,82,80,78,75,73,71,70,68,66,66,66,66,66,66,66,66,66,66,66,66,67,69,70
"Ridgedale (VL), Saskatchewan",4714058,86,82,78,74,69,67,70,74,78,82,83,77,73,68,62,56,59,61,63,64,66,66,66,66,66
"Big Shell (RV), Saskatchewan",4716059,17,24,29,36,41,45,45,44,45,44,45,46,47,47,47,48,52,55,59,62,65,65,65,65,65
"Wiseton (VL), Saskatchewan",4712014,114,107,103,99,97,98,98,97,96,94,90,87,85,83,82,82,78,75,72,68,65,66,66,67,67
"Patuanak (NH), Saskatchewan",4718069,72,76,81,85,87,86,82,78,74,70,65,66,67,69,72,75,72,71,68,66,64,64,64,65,65
"Dilke (VL), Saskatchewan",4706068,73,75,76,77,79,81,79,78,79,79,78,83,88,92,95,99,92,84,77,69,61,62,64,67,68
"Disley (VL), Saskatchewan",4706054,62,61,61,62,61,64,67,70,72,75,77,75,75,74,71,70,69,67,66,63,61,62,64,67,68
"Findlater (VL), Saskatchewan",4706062,63,60,58,54,52,50,51,51,52,53,51,50,48,46,44,46,50,53,57,59,61,62,64,67,68
"Kendal (VL), Saskatchewan",4706003,84,77,73,68,65,61,65,69,73,77,80,81,83,85,86,85,81,76,72,66,61,62,64,67,68
"Kinley (VL), Saskatchewan",4712052,41,39,38,38,36,35,37,38,40,43,46,49,52,56,59,62,62,62,61,61,61,62,62,63,63
"Plunkett (VL), Saskatchewan",4711094,77,76,74,73,74,76,76,76,77,77,76,74,71,68,65,61,61,61,61,62,61,63,66,69,71
"Killaly (VL), Saskatchewan",4705062,94,88,84,82,79,78,77,76,76,75,75,74,73,72,69,68,67,64,63,61,60,60,60,60,60
"Lancer (VL), Saskatchewan",4708049,77,73,72,71,69,66,65,65,63,64,62,63,64,65,68,70,68,66,64,62,60,60,60,61,61
"Rush Lake (VL), Saskatchewan",4707023,65,63,60,57,54,51,53,56,59,62,68,65,62,59,57,54,55,56,57,57,58,58,59,60,60
"Strongfield (VL), Saskatchewan",4711022,45,46,47,47,47,48,47,46,45,44,41,41,41,40,40,41,45,48,52,55,57,58,61,64,65
"Brownlee (VL), Saskatchewan",4707048,58,57,57,55,54,51,51,50,50,51,51,52,53,53,54,56,56,56,56,56,56,56,57,58,58
"Markinch (VL), Saskatchewan",4706093,68,66,64,62,61,61,63,66,69,71,74,71,70,68,64,60,59,59,59,57,56,57,59,62,63
"Weirdale (VL), Saskatchewan",4715091,88,88,87,86,85,85,83,81,79,78,76,71,68,62,57,51,52,53,54,55,56,56,57,58,58
"Melville Beach (RV), Saskatchewan",4705060,16,22,26,32,37,42,39,37,34,31,28,26,24,22,21,20,27,34,41,48,54,54,54,54,54
"Brabant Lake (S-É), Saskatchewan",4718825,56,56,55,55,54,57,53,52,51,47,44,46,48,50,52,54,53,53,53,52,52,52,52,53,53
"Chorney Beach (RV), Saskatchewan",4710034,37,39,40,42,44,47,42,42,40,36,34,36,35,37,39,41,43,46,48,50,52,52,52,52,52
"Mistatim (VL), Saskatchewan",4714039,106,103,99,96,93,91,88,85,82,78,74,80,86,92,97,102,92,82,71,60,52,52,52,52,52
"Consul (VL), Saskatchewan",4704021,95,96,96,96,95,95,93,93,91,89,87,84,83,80,77,73,69,64,60,55,51,51,51,52,52
"Hawarden (VL), Saskatchewan",4711024,59,63,66,70,73,77,71,67,63,57,51,51,52,52,52,53,53,52,52,52,51,52,54,56,57
"Love (VL), Saskatchewan",4714091,72,68,66,61,59,57,59,60,63,65,68,64,62,58,54,51,51,51,52,51,51,51,51,51,51
"MacNutt (VL), Saskatchewan",4705096,86,86,85,86,87,82,79,76,72,69,66,66,66,66,65,66,63,59,57,53,51,51,51,51,51
"Minton (VL), Saskatchewan",4702016,97,91,82,75,67,61,61,61,61,61,61,60,59,58,56,56,55,54,53,52,51,51,51,51,51
"Weekes (VL), Saskatchewan",4714009,66,65,63,62,59,56,53,50,47,45,43,43,42,42,42,41,44,46,48,49,51,51,51,51,51
"Yarbo (VL), Saskatchewan",4705049,98,94,88,86,80,74,69,66,62,59,55,56,56,57,58,59,57,55,53,51,49,49,49,49,49
"Success (VL), Saskatchewan",4708036,50,48,47,45,42,41,41,41,41,41,42,43,44,44,45,46,46,46,47,47,47,47,47,48,48
"Hubbard (VL), Saskatchewan",4710002,39,40,39,41,42,44,44,44,45,45,47,45,43,42,39,36,38,40,42,44,46,46,46,46,46
"Leslie Beach (RV), Saskatchewan",4710035,60,62,65,67,69,71,66,68,69,65,63,68,68,72,76,78,71,65,57,51,46,46,46,46,46
"Fenwood (VL), Saskatchewan",4705071,49,45,43,40,36,35,36,38,39,40,41,39,38,36,34,31,34,36,39,41,43,43,43,43,43
"Goodwater (VL), Saskatchewan",4702036,25,24,25,25,24,25,25,25,24,24,25,27,29,31,31,31,34,36,38,40,42,42,42,42,42
"Little Bone 74B (IRI), Saskatchewan",4705808,19,22,24,26,29,34,35,37,38,38,40,37,35,32,28,25,29,32,36,39,42,42,42,42,42
"West End (RV), Saskatchewan",4705050,8,12,16,20,22,26,24,22,20,19,17,22,26,30,33,37,38,39,40,41,42,42,42,42,42
"Fairlight (VL), Saskatchewan",4701098,43,42,41,40,41,41,41,41,41,41,41,41,41,41,41,41,41,41,42,41,41,40,40,40,40
"Fosston (VL), Saskatchewan",4714025,55,54,53,55,55,56,56,57,57,57,56,53,52,49,47,45,44,44,43,42,41,41,41,41,41
"Goodeve (VL), Saskatchewan",4705069,72,67,64,59,54,50,49,48,47,46,46,45,44,43,42,41,41,41,41,41,41,41,41,41,41
"Leross (VL), Saskatchewan",4710011,58,54,52,48,45,43,42,40,40,39,38,40,42,44,44,47,46,44,43,42,41,41,41,41,41
"Bangor (VL), Saskatchewan",4705054,52,52,51,51,50,50,49,48,49,48,47,45,43,41,39,38,38,39,39,40,40,40,40,40,40
"Black Point (NH), Saskatchewan",4718089,55,52,51,49,47,46,48,50,52,54,54,53,50,48,46,44,42,42,42,41,40,40,40,41,41
"Etters Beach (RV), Saskatchewan",4711007,3,6,8,10,13,15,18,21,24,27,30,30,30,29,30,30,32,35,37,39,40,41,43,45,46
"Pelican Pointe (RV), Saskatchewan",4706082,18,19,20,21,22,23,21,19,17,17,15,18,21,23,26,28,31,33,36,38,39,39,40,42,43
"Dore Lake (NH), Saskatchewan",4718023,26,27,25,27,28,30,30,31,31,30,29,29,30,30,30,30,32,33,35,37,38,38,38,39,39
"Michel Village (NH), Saskatchewan",4718072,71,73,79,77,78,81,78,77,74,71,70,74,78,83,86,87,77,67,57,46,38,38,38,39,39
"Forget (VL), Saskatchewan",4701064,43,42,42,42,41,41,39,38,38,37,36,41,45,50,54,56,52,48,44,39,36,36,36,36,36
"Major (VL), Saskatchewan",4713021,82,81,78,76,73,69,67,67,65,64,62,57,52,46,42,36,36,36,36,36,36,36,36,36,36
"Primate (VL), Saskatchewan",4713053,47,48,49,51,51,52,51,50,49,47,46,48,50,51,53,54,50,47,43,39,36,36,36,36,36
"Senlac (VL), Saskatchewan",4713078,53,51,51,50,48,46,46,46,46,46,47,46,45,45,44,42,41,39,38,37,36,36,36,36,36
"Tramping Lake (VL), Saskatchewan",4713039,86,82,77,71,67,61,59,59,57,57,56,58,59,61,63,60,56,51,46,40,36,36,36,36,36
"Beardy's and Okemasis 96 and 97B (IRI), Saskatchewan",4715859,10,9,8,7,6,5,10,14,19,24,29,28,29,29,29,29,30,31,32,32,33,33,33,34,34
"Coderre (VL), Saskatchewan",4707008,51,49,46,43,40,40,38,36,34,32,31,31,31,32,31,31,31,31,31,31,31,31,31,31,31
"Golden Prairie (VL), Saskatchewan",4708018,58,54,51,46,39,36,36,34,35,34,36,35,35,34,32,31,31,31,31,31,31,31,31,31,31
"Heward (VL), Saskatchewan",4701067,27,26,25,23,21,20,24,28,32,37,41,42,43,44,44,45,42,39,37,33,31,31,31,31,31
"Zelma (VL), Saskatchewan",4711058,41,38,37,34,31,30,30,31,32,34,36,36,36,37,37,36,34,33,32,31,29,30,31,32,33
"Atwater (VL), Saskatchewan",4705053,32,31,30,29,29,26,27,29,29,30,31,31,31,31,31,30,29,29,28,28,27,27,27,27,27
"Thunderchild First Nation 115C (IRI), Saskatchewan",4717804,46,43,41,37,34,33,36,38,41,43,44,41,41,39,37,35,33,32,30,28,27,27,27,28,29
"Duff (VL), Saskatchewan",4705068,39,37,35,34,32,31,31,30,31,31,31,31,32,32,31,31,30,29,28,27,26,26,26,26,26
"Keeseekoose 66A (IRI), Saskatchewan",4709822,20,16,12,8,4,0,0,0,0,0,0,1,2,4,4,6,10,14,18,22,26,26,26,26,26
"Mendham (VL), Saskatchewan",4708059,40,40,39,39,39,35,34,35,34,36,36,35,34,32,32,31,30,29,28,27,26,26,26,26,26
"Netherhill (VL), Saskatchewan",4713004,35,35,34,34,33,31,30,29,28,27,26,26,26,27,26,26,26,26,26,26,26,26,26,26,26
"Osage (VL), Saskatchewan",4702077,25,25,23,23,24,21,21,20,21,20,21,21,21,21,20,20,21,23,24,25,26,26,26,26,26
"Richard (VL), Saskatchewan",4716026,21,22,22,24,24,26,28,29,30,30,30,28,26,24,21,20,21,23,24,25,26,26,26,26,26
"Valparaiso (VL), Saskatchewan",4714048,21,20,20,20,20,20,19,18,16,16,15,15,14,15,14,15,18,20,22,24,26,26,26,26,26
"Smiley (VL), Saskatchewan",4713022,58,58,55,54,53,51,53,55,57,60,62,63,63,64,62,60,53,46,39,31,25,25,25,25,25
"Tessier (VL), Saskatchewan",4712031,29,27,25,23,22,20,20,20,22,23,25,26,26,26,26,25,25,25,25,25,25,25,25,25,25
"Tribune (VL), Saskatchewan",4702008,35,34,33,33,35,35,32,30,28,27,26,32,36,41,43,45,41,37,33,29,25,25,25,25,25
"Greig Lake (RV), Saskatchewan",4717053,13,14,16,17,19,20,21,22,22,22,23,20,17,15,12,10,13,16,19,22,24,24,24,25,25
"Makwa Lake 129C (IRI), Saskatchewan",4717815,17,14,10,6,3,0,3,5,8,13,16,15,15,13,12,10,13,15,18,20,22,22,22,22,22
"Sunset Cove (RV), Saskatchewan",4706076,24,25,26,26,26,26,26,24,25,25,25,23,23,21,19,18,19,19,20,20,21,21,22,23,23
"Wood Mountain (VL), Saskatchewan",4703012,39,33,29,26,24,21,21,22,23,23,26,25,24,23,22,20,20,20,21,21,21,21,21,21,21
"Arran (VL), Saskatchewan",4709076,54,52,47,44,42,40,40,39,39,40,41,38,36,33,29,26,25,23,22,21,20,20,20,20,20
"Bracken (VL), Saskatchewan",4704008,34,33,31,30,27,25,26,28,29,30,31,28,26,24,22,20,20,20,20,20,20,20,20,20,20
"Ernfold (VL), Saskatchewan",4707028,49,46,43,40,38,35,34,33,33,32,31,28,25,21,18,15,16,17,18,19,20,20,20,20,20
"Keeseekoose 66-KE-05 (IRI), Saskatchewan",4709832,0,0,0,0,0,0,0,0,0,0,0,1,2,4,4,5,8,11,14,17,20,20,20,20,20
"Lumsden Beach (RV), Saskatchewan",4706057,3,11,18,26,33,40,32,27,21,16,10,10,10,10,10,10,12,14,16,18,20,20,21,22,22
"Ruddell (VL), Saskatchewan",4716003,23,23,22,21,20,20,20,20,20,20,20,19,19,18,19,20,20,20,20,20,20,20,20,20,20
"Shamrock (VL), Saskatchewan",4707012,36,33,30,26,23,21,21,21,21,21,21,20,20,19,20,20,20,20,20,20,20,20,20,20,20
"Ocean Man 69C (IRI), Saskatchewan",4701812,0,0,0,0,0,0,1,1,3,4,5,4,4,2,1,0,4,7,10,13,16,16,16,16,16
"Wood Mountain 160 (IRI), Saskatchewan",4703801,9,10,12,13,16,17,16,16,15,16,15,17,18,18,20,20,19,18,17,17,16,16,16,16,16
"Beardy's and Okemasis 96 and 97C (IRI), Saskatchewan",4716840,17,17,17,17,17,16,17,17,18,16,15,15,15,15,15,15,15,15,15,15,15,15,15,15,15
"Krydor (VL), Saskatchewan",4716019,27,26,25,26,25,25,23,21,19,17,15,15,15,15,15,15,15,15,15,15,15,15,15,15,15
"Waldron (VL), Saskatchewan",4705061,14,16,16,18,18,20,20,20,19,19,20,19,18,17,17,15,15,15,15,15,15,15,15,15,15
"Kinoosao-Thomas Clark 204 (IRI), Saskatchewan",4718854,61,59,58,57,56,58,55,52,48,44,41,34,28,22,16,10,10,10,11,11,11,11,11,11,11
"Meadow Lake 105A (IRI), Saskatchewan",4717819,8,8,9,10,10,10,9,8,7,6,5,4,3,1,1,0,2,4,6,8,10,10,10,10,10
"Ocean Man 69E (IRI), Saskatchewan",4701813,126,101,74,48,26,0,2,5,8,12,15,13,10,7,3,0,2,4,6,8,10,10,10,10,10
"Saulteaux 159A (IRI), Saskatchewan",4716861,17,19,20,22,24,26,24,23,20,18,17,19,21,22,25,27,23,20,16,13,10,10,10,10,10
"Treaty Four Reserve Grounds 77 (IRI), Saskatchewan",4706829,0,0,0,0,0,0,0,0,0,0,0,0,0,0,0,0,2,4,6,8,10,10,10,10,10
"Witchekan Lake 117D (IRI), Saskatchewan",4716882,9,19,31,44,57,70,59,47,33,16,0,3,4,6,8,10,10,10,10,10,10,10,10,10,10
"Clearwater River Dene Band 223 (IRI), Saskatchewan",4718829,9,10,11,13,14,16,17,17,18,18,19,23,25,28,33,35,29,23,17,10,5,5,5,5,5
"Keeseekoose 66-CA-05 (IRI), Saskatchewan",4709826,0,0,0,0,0,0,0,0,0,0,0,0,0,0,0,0,1,2,3,4,5,5,5,5,5
"Makwa Lake 129 (IRI), Saskatchewan",4717808,10,8,6,4,3,0,1,2,3,4,5,7,8,11,13,15,13,11,9,7,5,5,5,5,5
"Muskowekwan 85-12 (IRI), Saskatchewan",4710843,0,0,0,0,0,0,0,0,0,0,0,0,0,0,0,0,1,2,3,4,5,5,5,5,5
"Muskowekwan 85-29 (IRI), Saskatchewan",4710840,0,1,2,3,4,5,8,9,11,13,15,12,11,9,7,5,5,5,5,5,5,5,5,5,5
"Ocean Man 69A (IRI), Saskatchewan",4701810,0,0,0,0,0,0,1,2,3,4,5,4,3,2,1,0,1,2,3,4,5,5,5,5,5
"Ocean Man 69F (IRI), Saskatchewan",4701814,0,0,0,0,0,0,3,4,6,8,10,7,6,4,2,0,1,2,3,4,5,5,5,5,5
"Ocean Man 69H (IRI), Saskatchewan",4701817,1,7,13,19,25,30,25,20,15,10,5,5,5,4,4,5,5,5,5,5,5,5,5,5,5
"Ocean Man 69I (IRI), Saskatchewan",4701816,0,0,0,0,0,0,0,0,0,0,0,1,2,4,4,5,5,5,5,5,5,5,5,5,5
"Ochapowace 71-10 (IRI), Saskatchewan",4705814,0,0,0,0,0,0,0,0,0,0,0,0,0,0,0,0,1,2,3,4,5,5,5,5,5
"One Arrow 95-1A (IRI), Saskatchewan",4715862,11,11,11,11,11,10,10,10,11,10,10,10,11,10,10,10,9,8,7,6,5,5,5,5,5
"Sweet Grass 113-M16 (IRI), Saskatchewan",4712837,0,0,0,0,0,0,0,0,0,0,0,0,0,0,0,0,1,2,3,4,5,5,5,5,5
"Beardy's and Okemasis 96 and 97A (IRI), Saskatchewan",4710828,8,6,5,5,2,0,2,4,6,8,10,10,8,7,6,5,4,3,2,1,0,0,0,0,0
"Big River 118A (IRI), Saskatchewan",4716859,0,0,0,0,0,0,0,0,0,0,0,0,0,0,0,0,0,0,0,0,0,0,0,0,0
"Carry the Kettle 76-110 (IRI), Saskatchewan",4706831,0,0,0,0,0,0,0,0,0,0,0,0,0,0,0,0,0,0,0,0,0,0,0,0,0
"Carry the Kettle 76-19 (IRI), Saskatchewan",4706830,0,0,0,0,0,0,0,0,0,0,0,0,0,0,0,0,0,0,0,0,0,0,0,0,0
"Chicken 225 (IRI), Saskatchewan",4718823,21,26,31,37,43,47,38,28,19,10,0,0,0,0,0,0,0,0,0,0,0,0,0,0,0
"Flying Dust First Nation 105D (IRI), Saskatchewan",4717830,11,11,11,11,11,11,11,11,11,11,11,11,11,10,10,10,8,6,3,1,0,0,0,0,0
"Flying Dust First Nation 105E (IRI), Saskatchewan",4717831,6,6,6,6,6,6,6,6,6,6,6,6,6,6,6,5,4,3,2,1,0,0,0,0,0
"Flying Dust First Nation 105F (IRI), Saskatchewan",4717832,11,11,11,11,11,11,11,11,11,11,11,11,11,10,10,10,8,6,4,2,0,0,0,0,0
"Four Portages 157C (IRI), Saskatchewan",4718813,0,0,0,0,0,0,0,0,0,0,0,0,0,0,0,0,0,0,0,0,0,0,0,0,0
"Gladue Lake 105B (IRI), Saskatchewan",4717817,0,0,0,0,0,0,0,0,0,0,0,0,0,0,0,0,0,0,0,0,0,0,0,0,0
"Kahkewistahaw No. 72-Q (IRI), Saskatchewan",4705828,5,5,5,6,6,6,5,5,6,5,5,5,5,6,5,5,4,3,2,1,0,0,0,0,0
"Kahkewistahaw No. 72-W (IRI), Saskatchewan",4705815,0,0,0,0,0,0,0,0,0,0,0,0,0,0,0,0,0,0,0,0,0,0,0,0,0
"Keeseekoose 66-CA-04 (IRI), Saskatchewan",4709824,0,0,0,0,0,0,0,0,0,0,0,0,0,0,0,0,0,0,0,0,0,0,0,0,0
"Keeseekoose 66-CA-06 (IRI), Saskatchewan",4709828,0,0,0,0,0,0,0,0,0,0,0,0,0,0,0,0,0,0,0,0,0,0,0,0,0
"Keeseekoose 66-KE-04 (IRI), Saskatchewan",4709830,7,5,4,3,2,0,0,0,0,0,0,0,0,0,0,0,0,0,0,0,0,0,0,0,0
"Little Hills 158 (IRI), Saskatchewan",4718844,1,2,2,4,4,5,4,3,1,1,0,0,0,0,0,0,0,0,0,0,0,0,0,0,0
"Little Hills 158B (IRI), Saskatchewan",4718849,0,0,2,2,4,5,5,3,2,1,0,0,0,0,0,0,0,0,0,0,0,0,0,0,0
"Little Red River 106D (IRI), Saskatchewan",4716857,148,122,94,65,33,0,0,0,0,0,0,1,2,4,4,5,4,3,2,1,0,0,0,0,0
"Lucky Man (IRI), Saskatchewan",4716870,0,0,0,0,0,0,0,0,0,0,0,0,0,0,0,0,0,0,0,0,0,0,0,0,0
"Muskeg Lake 102B (IRI), Saskatchewan",4716872,7,7,7,7,6,5,6,7,9,9,10,8,5,3,2,0,0,0,0,0,0,0,0,0,0
"Muskeg Lake 102D (IRI), Saskatchewan",4716891,3,3,3,5,5,5,4,3,1,1,0,0,0,0,0,0,0,0,0,0,0,0,0,0,0
"Muskeg Lake 102E (IRI), Saskatchewan",4716886,0,0,0,0,0,0,1,2,4,4,5,4,3,1,1,0,0,0,0,0,0,0,0,0,0
"Muskeg Lake 102F (IRI), Saskatchewan",4716888,0,0,0,0,0,0,0,0,0,0,0,5,9,13,16,19,15,11,7,3,0,0,0,0,0
"Muskowekwan 85-1 (IRI), Saskatchewan",4710848,0,0,0,0,0,0,0,0,0,0,0,0,0,0,0,0,0,0,0,0,0,0,0,0,0
"Muskowekwan 85-10 (IRI), Saskatchewan",4710847,0,1,2,3,4,5,5,7,8,9,10,9,8,7,6,5,4,3,2,1,0,0,0,0,0
"Muskowekwan 85-15 (IRI), Saskatchewan",4710850,0,0,0,0,0,0,0,0,0,0,0,1,2,3,4,5,4,3,2,1,0,0,0,0,0
"Muskowekwan 85-17 (IRI), Saskatchewan",4710832,5,4,3,2,1,0,0,0,0,0,0,0,0,0,0,0,0,0,0,0,0,0,0,0,0
"Muskowekwan 85-22 (IRI), Saskatchewan",4710845,0,0,0,0,0,0,0,0,0,0,0,0,0,0,0,0,0,0,0,0,0,0,0,0,0
"Muskowekwan 85-23 (IRI), Saskatchewan",4710842,0,0,0,0,0,0,0,0,0,0,0,0,0,0,0,0,0,0,0,0,0,0,0,0,0
"Muskowekwan 85-26 (IRI), Saskatchewan",4710834,0,0,0,0,0,0,1,2,3,4,5,4,3,2,1,0,0,0,0,0,0,0,0,0,0
"Muskowekwan 85-27 (IRI), Saskatchewan",4710846,0,0,0,0,0,0,0,0,0,0,0,0,0,0,0,0,0,0,0,0,0,0,0,0,0
"Muskowekwan 85-28 (IRI), Saskatchewan",4710838,0,0,0,0,0,0,0,0,0,0,0,0,0,0,0,0,0,0,0,0,0,0,0,0,0
"Muskowekwan 85-2A (IRI), Saskatchewan",4710851,0,0,0,0,0,0,0,0,0,0,0,0,0,0,0,0,0,0,0,0,0,0,0,0,0
"Muskowekwan 85-31 (IRI), Saskatchewan",4710852,0,0,0,0,0,0,0,0,0,0,0,0,0,0,0,0,0,0,0,0,0,0,0,0,0
"Muskowekwan 85-33 (IRI), Saskatchewan",4710836,0,0,0,0,0,0,1,2,3,4,5,4,3,2,1,0,0,0,0,0,0,0,0,0,0
"Muskowekwan 85-4 (IRI), Saskatchewan",4710801,7,7,7,7,7,6,6,6,6,6,6,6,6,5,5,5,4,3,2,1,0,0,0,0,0
"Muskowekwan 85-8 (IRI), Saskatchewan",4710849,0,0,0,0,0,0,1,2,3,4,5,5,5,5,5,5,4,3,2,1,0,0,0,0,0
"Ocean Man 69D (IRI), Saskatchewan",4701818,0,0,0,0,0,0,0,0,0,0,0,1,2,4,4,5,4,3,2,1,0,0,0,0,0
"Ocean Man 69G (IRI), Saskatchewan",4701815,0,1,2,3,4,5,4,3,2,1,0,0,0,0,0,0,0,0,0,0,0,0,0,0,0
"Ochapowace 71-18 (IRI), Saskatchewan",4705824,0,0,0,0,0,0,0,0,0,0,0,0,0,0,0,0,0,0,0,0,0,0,0,0,0
"Ochapowace 71-54 (IRI), Saskatchewan",4705818,5,4,3,2,1,0,1,2,3,4,5,4,3,2,1,0,0,0,0,0,0,0,0,0,0
"Ochapowace 71-7 (IRI), Saskatchewan",4705823,0,0,0,0,0,0,0,0,0,0,0,0,0,0,0,0,0,0,0,0,0,0,0,0,0
"One Arrow 95-1C (IRI), Saskatchewan",4715857,0,0,0,0,0,0,4,8,11,15,18,17,14,13,11,10,8,6,4,2,0,0,0,0,0
"One Arrow 95-1D (IRI), Saskatchewan",4715861,0,0,0,0,0,0,1,2,3,4,5,4,3,2,1,0,0,0,0,0,0,0,0,0,0
"Opaskwayak Cree Nation 27A (IRI), Saskatchewan",4714846,0,0,0,0,0,7,61,117,174,235,286,232,177,121,59,0,0,0,0,0,0,0,0,0,0
"Pelican Lake 191A (IRI), Saskatchewan",4716894,0,0,0,0,0,0,0,0,0,0,0,4,8,12,16,19,15,11,7,3,0,0,0,0,0
"Poundmaker 114-18B (IRI), Saskatchewan",4712870,75,74,74,75,73,74,75,76,76,78,77,78,79,80,81,79,63,47,30,14,0,0,0,0,0
"Star Blanket 83C (IRI), Saskatchewan",4706828,0,0,0,0,0,0,0,0,0,0,0,0,0,0,0,0,0,0,0,0,0,0,0,0,0
"Sturgeon Weir 184F (IRI), Saskatchewan",4718821,0,6,12,17,22,28,28,29,28,27,26,28,29,31,34,34,27,20,13,6,0,0,0,0,0
"Wepuskow Sahgaiechan 165D (IRI), Saskatchewan",4718860,6,6,6,6,6,6,6,6,6,6,6,6,6,6,6,5,4,3,2,1,0,0,0,0,0
"Willow Cree (IRI), Saskatchewan",4715860,15,14,13,13,12,12,12,12,13,13,13,13,15,15,14,15,11,7,4,2,0,0,0,0,0
"Calgary (CY), Alberta",4806016,904583,929934,948052,967624,997202,1028518,1053086,1080159,1107714,1122267,1140743,1170624,1207705,1241366,1263636,1278708,1289970,1306586,1330058,1351294,1356293,1395672,1479763,1573009,1612834
"Edmonton (CY), Alberta",4811061,685188,700266,710998,721622,738537,759605,779360,797133,818052,831589,845596,864962,893025,923701,946855,957435,975972,1003493,1026499,1046556,1050945,1074178,1127183,1197771,1238295
"Red Deer (CY), Alberta",4808011,70345,73179,75922,78823,82635,86658,88871,90764,92399,92738,94282,97438,100099,102278,103176,103330,103957,104503,104990,104962,104361,105176,108928,113145,115409
"Strathcona County (SM), Alberta",4811052,73807,76074,77942,79840,82400,85502,87789,89866,92059,94095,95648,96957,98459,99783,99832,99841,100617,101822,102303,102572,102426,103259,104104,105876,107345
"Lethbridge (CY), Alberta",4802012,69228,70689,72072,73402,75091,77457,80162,82243,83807,85609,86624,88599,90062,92689,93347,95521,97241,99011,100761,102239,102097,103978,107042,111776,113671
"Airdrie (CY), Alberta",4806021,21657,23394,24971,26645,28648,30893,33336,35887,39082,42460,45369,48618,52463,56850,60659,63984,67157,69841,72412,74521,77079,80168,83850,88692,92544
"Wood Buffalo (SM), Alberta",4816037,42569,45380,47880,49864,51363,53764,57605,60222,63021,65787,69087,72334,76238,78374,77297,73663,72349,73463,74617,75414,75282,75096,76854,80780,81611
"St. Albert (CY), Alberta",4811062,54385,55466,56241,56990,58201,59811,61239,62848,64297,63022,63401,63653,64442,65643,66392,66812,67704,68769,69154,69650,70389,70720,71859,73459,74621
"Grande Prairie (CY), Alberta",4819012,38748,40571,42142,44147,46813,49984,52060,53921,55361,56348,58241,60653,63247,65061,66109,65213,65817,67655,68222,68317,66586,65600,67223,69575,71160
"Medicine Hat (CY), Alberta",4801006,52563,53558,54457,55739,57296,58922,60256,61118,61700,61780,61961,62865,63601,64227,64602,64780,64964,65134,65279,65391,65266,65287,66215,68131,68714
"Rocky View County (MD), Alberta",4806014,29128,30091,30800,31563,32561,33660,34712,35249,35855,36432,36812,37383,38252,39141,39675,40373,40815,41227,41653,41891,42378,43731,45102,46706,50260
"Spruce Grove (CY), Alberta",4811049,16528,17253,17889,18548,19387,20424,21762,23122,24658,26104,27357,28498,30182,31821,33739,35083,36148,37481,38141,38927,39068,40005,41032,42794,44575
"Leduc (CY), Alberta",4811016,15446,15865,16193,16528,17017,17696,18915,20248,22133,23720,25387,26756,28122,29435,30613,30724,31731,32650,33313,34126,35368,36054,37196,38798,39966
"Cochrane (T), Alberta",4806019,12344,12738,13027,13330,13765,14230,14723,15336,16224,17284,18300,19412,20815,22716,24762,26860,28237,29694,31013,32087,33295,34720,36327,38100,39397
"Parkland County (MD), Alberta",4811034,28367,28866,29199,29524,30039,30701,31300,31839,31959,32261,32124,32299,32814,33423,33405,33221,33448,33763,33878,33766,33151,33312,33484,33897,34286
"Okotoks (T), Alberta",4806012,12179,13272,14312,15405,16666,18070,19868,21487,23187,24578,25620,26839,27921,28839,29428,29846,30108,30263,30412,30846,31386,31926,32529,33181,33482
"Fort Saskatchewan (CY), Alberta",4811056,13469,13872,14202,14519,14961,15569,16237,16889,17882,18868,19904,21138,22295,23104,23924,24879,25900,26691,27221,27549,28567,28994,29303,29900,30575
"Grande Prairie County No. 1 (MD), Alberta",4819006,15490,15872,16165,16583,17239,18055,19067,19359,19791,20102,20387,21132,21304,22089,22747,23120,23573,23877,24304,24550,24550,24731,25020,25514,25883
"Foothills County (MD), Alberta",4806001,16864,17558,18116,18701,19436,20180,20692,21133,21549,21963,21683,21993,22466,22614,23256,23049,23329,23568,23745,23713,23851,24122,24568,25212,25789
"Chestermere (CY), Alberta",4806017,4388,5507,6619,7782,9044,10473,12060,13272,14093,14801,15451,16083,16878,18163,19426,20620,21214,21509,21931,22326,23005,24345,26280,28997,31671
"Beaumont (CY), Alberta",4811013,7263,7670,8034,8400,8863,9445,10286,11310,12321,13179,13936,14972,15831,16806,17360,17966,18645,19411,19998,20569,21688,22288,23261,24742,26305
"Sturgeon County (MD), Alberta",4811059,18468,18662,18730,18776,18959,19197,19463,19693,19969,20111,20199,20240,20698,21567,21219,20911,20916,21115,20962,20843,20733,20902,20935,21130,21144
"Red Deer County (MD), Alberta",4808001,18400,18496,18571,18642,18875,19160,19281,19320,19123,19129,18847,18737,19050,19189,19876,20005,20218,20705,20921,21035,20555,20917,21331,21782,22076
"Lloydminster (Part) (CY), Alberta",4810039,13616,14167,14711,15174,15818,16543,17348,17682,18026,18383,18703,19204,19888,20394,20356,19341,19815,20695,20865,20783,20423,20447,20722,21159,21267
"Camrose (CY), Alberta",4810011,15262,15455,15622,15699,15868,16152,16563,17053,17448,17730,17840,18182,18351,18807,18961,18499,18746,19559,19759,19697,19361,19620,20142,20671,20800
"Stony Plain (T), Alberta",4811048,9893,10456,10960,11486,12120,12814,13446,14030,14755,15159,15619,16060,16610,17058,17425,17536,17865,18174,18316,18273,18556,18749,19081,19424,19662
"Canmore (T), Alberta",4815023,11067,11350,11646,11897,12111,12447,12751,12748,12673,12792,12729,13098,13500,13902,14073,14421,15073,15233,15351,15702,16629,16813,17171,17574,17341
"Sylvan Lake (T), Alberta",4808012,7844,8355,8866,9396,10036,10781,11307,11670,12100,12462,12908,13562,14250,14685,15174,15288,15682,16015,16206,16232,16597,16957,17103,17506,17897
"Cold Lake (CY), Alberta",4812002,11863,11976,12088,12126,12293,12471,12884,13339,13756,14157,14425,14798,15008,15401,15360,15563,15944,15993,16088,16182,16345,16363,16935,17734,17798
"Brooks (CY), Alberta",4802034,12001,12182,12351,12532,12719,13088,13376,13390,13658,14102,14208,14428,14669,14812,14936,14897,14968,14945,15079,15190,15436,15361,16042,16960,17537
"Leduc County (MD), Alberta",4811012,12567,12660,12684,12696,12791,12888,13187,13193,13220,13345,13252,13769,13911,13637,13719,13395,13749,14001,14122,14138,14886,15114,15408,15672,16400
"Strathmore (T), Alberta",4805018,7903,8417,8907,9357,9944,10716,11413,11769,12226,12554,12697,13101,13518,13960,13836,14084,14568,14721,14835,14961,14831,15295,15724,16136,16416
"High River (T), Alberta",4806006,9623,9913,10136,10381,10732,11069,11606,12105,12651,13034,13362,13805,13940,13584,13902,13899,13998,14126,14056,14119,14740,15001,15279,15496,15508
"Lacombe (CY), Alberta",4808031,9630,9861,10071,10316,10667,11131,11500,11642,11867,12070,12083,12617,13063,13384,13496,13366,13399,13566,13683,13854,13827,14127,14299,14586,14733
"Mountain View County (MD), Alberta",4806028,12293,12416,12435,12455,12574,12614,12979,12961,12847,12839,12703,12716,12944,13044,13279,13376,13251,13310,13489,13523,13368,13322,13542,13751,14802
"Mackenzie County (SM), Alberta",4817095,9136,9431,9674,9916,10121,10410,10636,10938,10994,11120,11265,11226,11303,11401,11406,11465,12252,12582,12879,13164,13279,13558,13741,14143,14488
"Bonnyville No. 87 (MD), Alberta",4812004,9674,9833,9996,10098,10287,10519,10776,11053,11212,11372,11579,11918,12304,12741,12967,13064,13246,13396,13522,13665,13250,13157,12982,13109,13265
"Wetaskiwin (CY), Alberta",4811002,11421,11547,11606,11661,11827,12048,12342,12637,12763,12852,12884,13063,13200,13335,13042,12854,12812,12800,12736,12536,12957,12966,13160,13498,13703
"Clearwater County (MD), Alberta",4809002,11734,11850,11888,11889,11930,12145,12439,12576,12686,12574,12567,12230,12302,12306,12187,12177,12321,12426,12451,12418,12216,12023,11949,11875,11856
"Lac Ste. Anne County (MD), Alberta",4813001,9556,9713,9866,9849,9963,10162,10332,10505,10486,10610,10548,10753,10962,10871,11015,11062,11373,11491,11445,11387,11629,11885,12092,12487,12639
"Wetaskiwin County No. 10 (MD), Alberta",4811001,10863,10867,10803,10730,10734,10771,10799,10958,10987,11055,11173,11054,11182,11241,11307,22661,22826,11495,11506,11483,11514,11531,11645,11832,12117
"Blackfalds (T), Alberta",4808029,3289,3546,3816,4098,4453,4850,5126,5397,5811,6208,6624,6972,7254,7843,8279,9929,10274,10680,10956,11179,11084,11364,11672,12002,12258
"Morinville (T), Alberta",4811068,6691,6753,6775,6797,6883,7027,7339,7540,7987,8389,8963,9201,9373,9618,10098,10085,10201,10337,10485,10462,10753,10762,10761,10819,10763
"Yellowhead County (MD), Alberta",4814003,10049,10069,10050,10065,10156,10306,10506,10601,10647,10646,10738,11282,11323,11311,11337,11213,11174,11168,11231,11193,10722,10790,10890,10992,10966
"Lacombe County (MD), Alberta",4808022,10705,10672,10609,10557,10613,10701,10812,10736,10698,10651,10604,10761,10856,10983,11115,10486,10514,10610,10589,10634,10598,10603,10796,10922,11072
"Lethbridge County (MD), Alberta",4802011,10000,10096,10165,10212,10302,10427,10635,10572,10525,10398,10219,10227,10208,10233,10608,10494,10461,10674,10793,10893,10463,10534,10660,10827,10988
"Ponoka County (MD), Alberta",4808038,8960,8928,8866,8806,8815,8888,9082,9166,9122,9257,9087,9120,9317,9546,9759,10053,10202,10224,10273,10240,10314,10371,10357,10469,10670
"Whitecourt (T), Alberta",4813030,8628,8793,8945,8984,9124,9382,9680,9835,9944,9858,10012,10148,10308,10530,10562,10539,10602,10584,10444,10303,10308,10081,10186,10440,10708
"Hinton (T), Alberta",4814019,9609,9641,9644,9705,9851,10052,10044,10116,10104,9982,9981,9899,9961,10201,10132,10122,10096,10112,10224,10264,10170,9929,9905,10092,10124
"Olds (T), Alberta",4806034,6758,6923,7033,7157,7328,7499,7738,8051,8217,8355,8502,8638,8906,9119,9355,9420,9348,9361,9414,9416,9473,9606,9661,10003,9653
"Taber (T), Alberta",4802022,7859,7870,7852,7825,7805,7841,8073,8227,8416,8345,8362,8362,8493,8547,8568,8663,8822,8952,8957,8942,9177,9328,9660,9892,10175
"Coaldale (T), Alberta",4802019,6249,6281,6292,6332,6395,6505,6657,7026,7376,7626,7875,7914,8081,8160,8358,8580,8622,8766,8920,9070,9073,9182,9309,9475,9644
"Wheatland County (MD), Alberta",4805012,8046,8117,8173,8147,8208,8340,8384,8634,8480,8490,8546,8610,8686,8650,9057,9007,9115,9211,9275,9306,8997,9246,9528,9796,10150
"Greenview No. 16 (MD), Alberta",4818015,9402,9371,9289,9176,9217,9477,9549,9574,9647,9856,9863,9949,9970,9856,9667,9292,9162,9116,9125,9069,8868,8874,8745,8835,8984
"Camrose County (MD), Alberta",4810001,7872,7895,7886,7841,7797,7822,8048,8175,8289,8344,8434,8426,8482,8542,8700,8544,8594,9016,8986,8990,8746,8817,8806,8914,8951
"Edson (T), Alberta",4814024,7754,7816,7863,7967,8159,8386,8546,8656,8775,8728,8775,8679,8698,8780,8713,8615,8596,8451,8402,8253,8655,8399,8508,8640,8692
"Banff (T), Alberta",4815035,7337,7253,7138,7004,6889,7009,7210,7650,8019,8145,7955,7897,8088,8286,8177,8151,8427,8684,9022,9311,8574,9340,10376,11180,11402
"Lac la Biche County (SM), Alberta",4812037,8285,8484,8695,8883,9149,9370,9304,9220,9020,8856,8661,8660,8717,8779,8684,8526,8576,8536,8603,8563,8365,8309,8302,8484,8580
"Vermilion River County (MD), Alberta",4810036,7886,7887,7904,7861,7851,7889,8175,8241,8354,8289,8357,8377,8472,8580,8643,8311,8350,8597,8539,8517,8272,8310,8207,8214,8282
"Innisfail (T), Alberta",4808008,7106,7150,7197,7255,7390,7559,7801,7881,8109,8117,8084,8116,8132,8252,8121,8014,8006,7922,7906,7836,8224,8339,8518,8731,8736
"Drumheller (T), Alberta",4805026,7990,8019,8015,7983,8029,8207,8343,8325,8364,8326,8305,8463,8360,8381,8351,8162,8266,8211,8171,8156,8176,8231,8363,8375,8439
"Cypress County (MD), Alberta",4801003,6242,6344,6445,6589,6749,6917,7068,7153,7204,7316,7434,7454,7560,7553,7834,7849,7877,7833,7838,7830,7751,7785,7788,7818,7855
"Taber (MD), Alberta",4802021,6146,6199,6230,6279,6356,6490,6728,6972,6903,7017,7062,6968,7018,6983,7355,7292,7454,7528,7470,7496,7697,7752,7857,7962,8009
"Newell County (MD), Alberta",4802031,7728,7668,7592,7529,7483,7465,7555,7541,7520,7451,7358,7400,7469,7551,7680,7719,7707,7606,7644,7625,7669,7716,7739,7762,7846
"Ponoka (T), Alberta",4808039,6493,6512,6528,6549,6645,6776,6928,6978,7036,6998,6967,7023,7164,7218,7394,7404,7409,7362,7393,7377,7559,7723,7957,8011,8212
"Drayton Valley (T), Alberta",4811031,6315,6493,6637,6782,6985,7246,7391,7552,7550,7440,7390,7514,7770,7736,7679,7368,7287,7325,7212,7124,7545,7481,7675,7939,8047
"Brazeau County (MD), Alberta",4811032,6693,6798,6870,6933,7047,7201,7262,7317,7387,7399,7371,7474,7636,7810,7910,7926,7769,7828,7785,7753,7410,7427,7441,7566,7685
"Westlock County (MD), Alberta",4813028,7004,7000,7036,6998,6993,7109,7371,7557,7695,7811,7821,7733,7586,7383,7382,7370,7461,7432,7366,7304,7385,7427,7390,7478,7556
"Athabasca County (MD), Alberta",4813044,7666,7708,7764,7731,7727,7780,7859,7948,7927,7895,7883,7926,7997,8014,8040,8048,7935,7872,7784,7732,7153,7098,7139,7195,7280
"Slave Lake (T), Alberta",4817029,6794,6836,6888,6938,6938,6970,7073,7128,7161,7137,7046,7015,7003,7040,6946,6874,7185,7110,7058,6967,7109,6933,6949,7151,7334
"Rocky Mountain House (T), Alberta",4809015,6352,6464,6589,6713,6842,7097,7250,7266,7169,7168,7126,6897,6989,7017,6970,6771,6814,6738,6661,6595,6993,7133,7527,7845,8144
"Wainwright (T), Alberta",4807054,5242,5254,5318,5383,5494,5635,5743,5816,5936,6089,6144,6283,6394,6564,6461,6436,6712,6725,6801,6783,6860,6744,6768,6928,6996
"Peace River (T), Alberta",4819038,6379,6368,6320,6304,6413,6548,6800,6800,6893,6905,6981,7167,7167,7050,7027,7044,6930,6865,6745,6745,6853,6741,6874,7120,7220
"Devon (T), Alberta",4811018,5120,5379,5612,5857,6160,6512,6583,6604,6669,6728,6752,6839,6908,6955,6876,6682,6626,6635,6579,6643,6740,6787,6786,6865,6965
"Bonnyville (T), Alberta",4812009,5841,5866,5890,5878,5956,6071,6212,6283,6408,6476,6444,6407,6572,6572,6519,6118,6167,6168,6204,6156,6624,6628,6882,7160,7366
"St. Paul County No. 19 (MD), Alberta",4812014,6238,6203,6168,6101,6080,6068,6077,6102,6063,6007,5984,6036,6128,6225,6207,6159,6304,6335,6362,6393,6477,6434,6433,6442,6462
"Willow Creek No. 26 (MD), Alberta",4803018,5931,5886,5932,5805,5794,5907,5919,5874,5936,5817,5649,5681,5567,5591,5653,5682,5894,6022,6117,6177,6254,6253,6217,6232,6225
"St. Paul (T), Alberta",4812018,5175,5172,5198,5198,5231,5263,5349,5450,5495,5527,5585,5673,5797,5931,5966,5983,6007,6127,6178,6191,6052,5808,5899,6057,6218
"Barrhead County No. 11 (MD), Alberta",4813018,5892,5923,5967,5932,5936,5997,6177,6220,6233,6226,6265,6251,6285,6295,6305,6436,6390,6362,6350,6356,6047,6089,6055,6116,6186
"Beaver County (MD), Alberta",4810016,5763,5795,5801,5786,5793,5825,5920,5930,5926,5890,5848,5849,5907,5977,6012,5801,5886,6073,6062,6013,6044,6101,6060,6175,6245
"Crowsnest Pass (SM), Alberta",4815007,6308,6237,6194,6081,5961,5855,5766,5713,5706,5747,5687,5721,5800,5728,5641,5711,5672,5768,5863,5874,5880,5906,6074,6225,6011
"Vegreville (T), Alberta",4810028,5478,5521,5552,5562,5593,5644,5871,5883,5907,5818,5877,5830,5833,5865,5868,5600,5660,5875,5768,5754,5848,5827,6043,6136,6153
"Stettler (T), Alberta",4807026,5381,5407,5406,5431,5529,5628,5742,5946,5894,5953,5929,5920,6115,6076,6075,6101,6114,6049,6066,6059,5846,5773,5793,5962,6035
"Stettler County No. 6 (MD), Alberta",4807019,5676,5640,5546,5501,5525,5533,5567,5513,5570,5436,5448,5410,5403,5495,5730,5679,5912,6002,5979,5977,5831,5764,5868,5930,5966
"Redcliff (T), Alberta",4801018,4512,4624,4748,4902,5097,5300,5455,5679,5855,5834,5767,5832,5924,5876,5866,5729,5744,5796,5826,5814,5768,5823,5912,5933,5916
"Didsbury (T), Alberta",4806032,4038,4125,4190,4256,4352,4453,4687,4802,4916,5100,5094,5179,5168,5224,5373,5389,5331,5340,5261,5173,5219,5172,5185,5212,5185
"Big Lakes County (MD), Alberta",4817027,6111,6133,6127,6123,6106,6100,6173,6200,6192,6129,6020,5993,5974,5979,5879,5778,5728,5718,5679,5602,5132,5054,5040,5026,5106
"Kneehill County (MD), Alberta",4805041,5422,5414,5372,5307,5288,5355,5232,5320,5258,5233,5032,4987,5078,4940,5003,5125,5176,5140,5121,5097,5064,5017,5004,5002,5129
"Carstairs (T), Alberta",4806029,2344,2430,2506,2579,2678,2800,2951,3108,3274,3411,3555,3695,3818,3938,4014,4207,4353,4501,4631,4716,5055,5181,5192,5215,5248
"Westlock (T), Alberta",4813031,4916,4947,4988,4986,5029,5112,5138,5107,5006,5048,4950,4984,5136,5235,5222,5189,5184,5135,5040,5015,5053,5024,5155,5291,5363
"Cardston County (MD), Alberta",4803001,4415,4321,4261,4183,4137,4137,4176,4224,4223,4252,4284,4339,4389,4484,4514,4594,4751,4799,4887,4924,4987,4924,4873,4897,4938
"Jasper (SM), Alberta",4815033,4279,4312,4354,4359,4355,4417,4506,4695,4769,4752,4610,4606,4630,4673,4702,4752,4872,4875,4802,4716,4933,4772,4875,4897,4627
"Blood 148 (IRI), Alberta",4803802,3953,3980,4051,4104,4204,4318,4442,4566,4656,4777,4838,4823,4811,4827,4744,4704,4791,4825,4897,4957,4712,4629,4565,4432,4404
"Woodlands County (MD), Alberta",4813029,3905,3984,4070,4105,4170,4279,4369,4408,4429,4442,4437,4528,4629,4721,4789,4856,4803,4814,4858,4842,4691,4694,4679,4714,4778
"Wainwright No. 61 (MD), Alberta",4807049,4297,4124,3968,3839,3739,3658,3807,3929,4045,4147,4256,4437,4551,4600,4589,4560,4688,4631,4630,4605,4590,4550,4528,4526,4576
"Barrhead (T), Alberta",4813019,4291,4267,4283,4247,4245,4328,4415,4458,4693,4600,4540,4497,4547,4637,4684,4663,4632,4651,4663,4627,4437,4503,4542,4624,4768
"Warner County No. 5 (MD), Alberta",4802001,3844,3823,3798,3761,3744,3766,3854,3893,3930,3949,3965,3899,3997,4013,4051,4042,4101,4133,4160,4180,4423,4403,4455,4455,4533
"Vulcan County (MD), Alberta",4805001,3852,3850,3835,3793,3795,3833,3912,3987,3983,3914,3986,3919,3964,4013,4073,4082,4153,4160,4196,4183,4400,4359,4364,4381,4465
"Raymond (T), Alberta",4802008,3282,3278,3286,3287,3292,3331,3494,3531,3667,3811,3843,3859,3811,3800,3829,3805,3829,3878,3950,4010,4334,4455,4505,4526,4594
"Northern Lights County (MD), Alberta",4817076,4281,4198,4123,4036,3935,3859,3980,4072,4156,4212,4226,4235,4265,4316,4299,4295,4426,4408,4405,4331,4248,4154,4108,4114,4115
"Vermilion (T), Alberta",4810042,4036,4070,4091,4094,4119,4156,4153,4162,4126,4074,4059,4184,4204,4311,4273,4008,3949,4076,4098,4159,4078,3982,4069,4151,4192
"High Level (T), Alberta",4817093,3550,3650,3734,3833,3917,4033,4007,3940,3823,3861,3758,3622,3612,3504,3350,3256,3511,3468,3523,3560,4051,3940,3991,4165,4390
"Smoky Lake County (MD), Alberta",4812022,4482,4287,4100,3869,3660,3451,3569,3700,3798,3895,3998,4107,4160,4207,4170,4196,4152,4144,4175,4195,3983,3981,3952,3979,4043
"Saddle Lake 125 (IRI), Alberta",4812806,2993,3178,3383,3586,3849,4121,4143,4173,4154,4119,4093,4104,4141,4176,4128,4042,4055,4075,4079,4114,3912,3903,3862,3879,3871
"Claresholm (T), Alberta",4803022,3710,3690,3684,3674,3723,3784,3878,3848,3883,3841,3847,3879,4000,3966,3882,3849,3817,3829,3865,3909,3895,3954,4001,4131,4242
"Stoney 142, 143, 144 (IRI), Alberta",4815802,2216,2294,2349,2416,2487,2634,2849,3064,3274,3480,3625,3781,3806,3826,3818,3834,3789,3876,3983,4115,3881,3864,3922,3969,3939
"Lamont County (MD), Alberta",4810058,4210,4185,4145,4080,4041,4008,3993,3972,4015,4037,3964,3970,4077,3973,4137,7563,7519,3859,3859,3866,3855,3849,3871,3891,3918
"Cardston (T), Alberta",4803004,3549,3515,3503,3491,3510,3532,3567,3616,3624,3645,3659,3660,3660,3685,3653,3654,3760,3799,3735,3687,3822,3845,3867,3912,3863
"Flagstaff County (MD), Alberta",4807031,4201,4118,4054,4008,3982,3951,3994,3921,3950,3770,3664,3780,3733,3707,3761,3798,3905,3925,3915,3868,3794,3731,3707,3673,3724
"Pincher Creek (T), Alberta",4803014,3751,3713,3698,3662,3683,3715,3745,3784,3781,3786,3777,3766,3756,3774,3728,3721,3829,3787,3757,3702,3728,3775,3858,3904,3890
"Crossfield (T), Alberta",4806026,2467,2528,2573,2611,2688,2760,2808,2859,2914,2931,2943,2973,3018,3054,3064,3065,3114,3215,3295,3397,3727,3889,3941,4049,4075
"Forty Mile County No. 8 (MD), Alberta",4801008,3502,3486,3467,3476,3488,3514,3554,3558,3543,3487,3435,3476,3512,3548,3626,3660,3602,3637,3667,3650,3725,3776,3831,3828,3927
"Siksika 146 (IRI), Alberta",4805802,2835,2836,2832,2809,2817,2841,2874,2880,2945,2952,3091,3147,3179,3535,3450,3575,3611,3599,3634,3632,3688,3657,3650,3613,3645
"Penhold (T), Alberta",4808009,1792,1832,1868,1908,1978,2049,2149,2218,2282,2347,2510,2645,2806,3063,3312,3414,3433,3551,3622,3708,3640,3679,3701,3731,3812
"Two Hills County No. 21 (MD), Alberta",4810048,3074,3121,3164,3192,3230,3294,3343,3406,3456,3542,3507,3623,3628,3598,3677,3588,3537,3637,3641,3623,3514,3575,3553,3594,3626
"Opportunity No. 17 (MD), Alberta",4817031,3150,3135,3104,3077,3040,3011,3156,3205,3294,3209,3261,3346,3420,3469,3462,3338,3430,3460,3477,3448,3500,3423,3413,3513,3592
"Fort Macleod (T), Alberta",4803019,3057,3038,3051,3055,3093,3151,3171,3202,3195,3198,3189,3151,3119,3110,3050,3034,3113,3143,3160,3233,3402,3501,3623,3799,3945
"Samson 137 (IRI), Alberta",4808811,3141,3170,3177,3202,3294,3435,3567,3669,3762,3821,3896,3836,3803,3729,3671,3473,3423,3439,3450,3477,3365,3391,3397,3426,3427
"Gibbons (T), Alberta",4811064,2711,2707,2689,2676,2696,2745,2835,2923,3018,3088,3142,3164,3205,3246,3252,3235,3201,3168,3143,3098,3332,3305,3294,3305,3352
"Pincher Creek No. 9 (MD), Alberta",4803011,3275,3276,3289,3280,3334,3388,3378,3377,3331,3290,3224,3177,3135,3118,3051,3014,3086,3129,3188,3256,3329,3339,3332,3266,3176
"Three Hills (T), Alberta",4805048,2958,2988,3016,3047,3086,3179,3328,3135,3206,3198,3288,3279,3366,3384,3327,3272,3270,3223,3217,3235,3264,3317,3417,3457,3502
"Thorhild County (MD), Alberta",4813036,3644,3635,3642,3603,3603,3626,3527,3508,3451,3505,3504,3413,3323,3412,3311,3314,3275,3201,3209,3177,3128,3089,3112,3086,3147
"Minburn County No. 27 (MD), Alberta",4810026,3595,3585,3544,3494,3467,3470,3528,3536,3527,3499,3467,3399,3363,3342,3304,3131,3123,3227,3144,3107,3102,3069,3125,3131,3142
"Clear Hills (MD), Alberta",4817062,2830,2826,2819,2816,2798,2785,2843,2874,2893,2888,2874,2905,2949,3017,3046,3091,3103,3145,3222,3198,3100,3081,3085,3107,3110
"Coalhurst (T), Alberta",4802013,1527,1538,1542,1553,1570,1600,1701,1787,1882,1971,2066,2188,2314,2450,2616,2755,2791,2843,2927,2998,2994,3106,3167,3227,3244
"Lesser Slave River No. 124 (MD), Alberta",4817033,2870,2881,2879,2873,2865,2891,2954,2994,3027,3026,3001,2976,2963,2963,2912,2862,2941,2909,2908,2873,2941,2895,2921,2965,2980
"Fairview (T), Alberta",4819068,3219,3229,3249,3269,3330,3392,3390,3347,3322,3327,3245,3261,3314,3136,3070,3067,3028,2963,2928,2892,2912,2913,2876,2896,2918
"Athabasca (T), Alberta",4813048,2480,2514,2556,2568,2597,2669,2804,2836,2961,3024,3086,3121,3173,3145,3063,3028,2905,2886,2893,2845,2842,2828,2900,2910,2887
"Black Diamond (T), Alberta",4806011,1901,1919,1914,1917,1946,1972,2068,2169,2276,2361,2453,2522,2606,2680,2737,2768,2721,2733,2682,2721,2804,2825,2902,2916,2910
"Sundre (T), Alberta",4806036,2328,2377,2416,2458,2532,2602,2634,2668,2701,2697,2682,2708,2752,2791,2802,2796,2751,2722,2663,2574,2751,2743,2731,2733,2683
"Grimshaw (T), Alberta",4819074,2484,2496,2503,2516,2573,2624,2662,2660,2648,2613,2599,2659,2711,2764,2807,2794,2736,2737,2678,2618,2687,2651,2598,2654,2799
"Turner Valley (T), Alberta",4806009,1642,1701,1751,1806,1877,1973,2028,2088,2153,2197,2243,2301,2311,2453,2561,2628,2626,2665,2691,2705,2686,2768,2776,2789,2784
"Fox Lake 162 (IRI), Alberta",4817835,1298,1396,1497,1609,1705,1812,1873,1918,1952,1960,1938,1957,1988,2033,2058,2094,2212,2300,2389,2474,2588,2639,2678,2709,2745
"Magrath (T), Alberta",4803002,2037,2028,2025,2041,2068,2148,2194,2165,2200,2201,2292,2312,2359,2401,2405,2430,2464,2536,2599,2607,2560,2521,2529,2537,2566
"Rimbey (T), Alberta",4808044,2187,2190,2198,2217,2259,2319,2370,2398,2422,2428,2442,2485,2532,2575,2602,2622,2570,2509,2540,2576,2534,2517,2563,2574,2502
"Sexsmith (T), Alberta",4819014,1703,1750,1796,1851,1941,2062,2172,2258,2344,2428,2514,2537,2584,2627,2711,2698,2608,2694,2752,2723,2511,2505,2454,2494,2561
"Hanna (T), Alberta",4804011,3032,2998,2922,2936,2911,2901,2953,2879,2876,2863,2697,2665,2687,2672,2654,2587,2653,2607,2593,2628,2472,2491,2522,2597,2665
"High Prairie (T), Alberta",4817021,2832,2834,2833,2841,2849,2860,2861,2838,2802,2741,2678,2676,2684,2704,2675,2631,2653,2618,2599,2504,2463,2476,2459,2589,2607
"Saddle Hills County (MD), Alberta",4819059,2609,2569,2535,2505,2508,2536,2386,2408,2359,2379,2344,2271,2278,2229,2248,2274,2255,2230,2227,2224,2414,2464,2484,2503,2449
"Tsuu T'ina Nation 145 (IRI), Alberta",4806804,2035,2159,2271,2399,2564,2740,2664,2579,2479,2317,2118,2165,2223,2275,2309,2330,2247,2225,2244,2461,2381,2414,2465,2503,2583
"Beaverlodge (T), Alberta",4819009,2155,2182,2202,2244,2294,2345,2393,2407,2415,2416,2441,2486,2518,2547,2560,2524,2485,2453,2442,2407,2342,2371,2371,2458,2454
"Ermineskin 138 (IRI), Alberta",4811801,1703,1666,1616,1567,1534,1523,1601,1676,1756,1840,1957,2079,2214,2351,2462,2516,2390,2434,2456,2452,2340,2308,2296,2231,2359
"Calmar (T), Alberta",4811019,1949,1966,1980,1984,2005,2017,2092,2189,2115,2083,2043,2084,2143,2203,2247,2293,2248,2286,2305,2319,2264,2286,2327,2341,2345
"Nanton (T), Alberta",4803026,1887,1924,1958,1985,2031,2093,2175,2199,2184,2207,2177,2183,2189,2212,2202,2220,2126,2157,2228,2227,2221,2274,2299,2449,2522
"Redwater (T), Alberta",4811065,2223,2234,2237,2231,2244,2256,2287,2215,2125,2081,1977,1997,2033,2071,2090,2094,2011,2058,2078,2106,2189,2185,2186,2212,2301
"Provost No. 52 (MD), Alberta",4807001,2696,2655,2621,2620,2619,2616,2547,2487,2401,2368,2354,2301,2198,2274,2261,2249,2218,2175,2214,2221,2123,2126,2114,2088,2092
"Bow Island (T), Alberta",4801014,1736,1736,1749,1773,1819,1846,1908,1958,2004,2033,2085,2040,1924,1981,2045,2029,2024,2016,1973,1956,2106,2129,2138,2176,2310
"Tofield (T), Alberta",4810018,1848,1860,1872,1876,1888,1930,2018,2083,2140,2191,2240,2206,2194,2185,2165,2045,1979,1989,1968,1946,2104,2113,2138,2126,2122
"Paintearth County No. 18 (MD), Alberta",4807011,2237,2219,2201,2186,2192,2187,2091,2062,2147,2042,2085,2077,2000,2028,2085,2156,2111,2112,2110,2103,2046,2058,2028,1995,2014
"Picture Butte (T), Alberta",4802018,1731,1709,1693,1675,1673,1640,1623,1649,1688,1632,1709,1650,1781,1773,1831,1860,1812,1858,1944,2045,2008,2131,2277,2369,2380
"Smoky River No. 130 (MD), Alberta",4819041,2430,2425,2414,2403,2427,2484,2428,2370,2327,2316,2148,2045,2118,1991,2033,2062,2000,1990,1977,1951,1960,1906,1890,1895,1941
"Provost (T), Alberta",4807002,2035,2033,2060,2068,2110,2139,2164,2168,2203,2174,2101,2188,2245,2179,2053,2043,2079,2027,1994,1957,1957,1927,1897,1920,1875
"Millet (T), Alberta",4811011,2088,2107,2102,2098,2108,2152,2115,2155,2084,2166,2167,2119,2043,2021,2077,1979,1880,1879,1873,1838,1951,1924,1958,1979,1967
"Special Area No. 2 (SA), Alberta",4804004,2348,2310,2220,2183,2138,2120,2079,2134,2113,2045,2068,1985,1980,1937,1978,1917,1989,1994,1972,1919,1899,1927,1940,1898,1837
"Enoch Cree Nation (IRI), Alberta",4811804,1135,1198,1259,1318,1392,1465,1400,1323,1246,1148,1040,1168,1306,1453,1603,1748,1707,1748,1766,1792,1897,1918,1944,1940,1947
"Starland County (MD), Alberta",4805031,2260,2295,2320,2328,2357,2430,2406,2341,2283,2208,2109,2046,2153,2091,2119,2109,2020,1999,2002,1983,1876,1828,1831,1808,1820
"Fox Creek (T), Alberta",4818002,2381,2346,2302,2281,2292,2350,2359,2265,2213,2089,2030,2034,2159,2133,2127,2003,2007,1933,1869,1763,1850,1843,1886,1924,2013
"Vulcan (T), Alberta",4805006,1800,1845,1872,1892,1929,1971,2008,1923,1920,1878,1871,1875,1889,1906,1931,1948,1881,1882,1860,1837,1809,1824,1839,1897,1922
"Lamont (T), Alberta",4810064,1726,1719,1710,1704,1697,1709,1752,1771,1783,1788,1797,1784,1792,1805,1813,1739,1647,1691,1696,1718,1789,1768,1789,1807,1856
"Northern Sunrise County (MD), Alberta",4817026,2144,2091,2037,1970,1881,1792,1836,1844,1860,1832,1884,1825,1880,1875,1948,1985,1953,1880,1836,1798,1764,1765,1827,1827,1848
"Valleyview (T), Alberta",4818018,1895,1859,1824,1771,1763,1773,1804,1796,1804,1805,1814,1831,1898,1903,1897,1894,1786,1787,1755,1720,1724,1694,1728,1782,1807
"Bighorn No. 8 (MD), Alberta",4815015,1312,1340,1371,1399,1419,1437,1441,1439,1430,1420,1365,1363,1370,1373,1351,1367,1390,1442,1511,1571,1646,1657,1768,1844,1857
"Fairview No. 136 (MD), Alberta",4819066,1831,1823,1810,1813,1830,1861,1821,1758,1744,1715,1721,1670,1545,1670,1628,1638,1586,1551,1546,1554,1626,1603,1616,1629,1647
"Piikani 147 (IRI), Alberta",4803801,1572,1523,1486,1427,1376,1336,1324,1338,1299,1268,1263,1334,1361,1414,1507,1591,1565,1580,1604,1647,1626,1600,1555,1541,1529
"Peace No. 135 (MD), Alberta",4819071,1519,1501,1483,1484,1509,1526,1588,1579,1517,1528,1492,1558,1523,1633,1743,1798,1712,1714,1710,1711,1620,1603,1580,1574,1581
"Birch Hills County (MD), Alberta",4819049,1663,1620,1572,1531,1519,1512,1591,1622,1653,1650,1611,1581,1550,1578,1603,1581,1519,1505,1506,1496,1567,1557,1546,1535,1522
"Bon Accord (T), Alberta",4811066,1569,1575,1561,1550,1559,1576,1637,1572,1583,1586,1541,1545,1562,1580,1578,1554,1514,1532,1501,1466,1514,1524,1475,1440,1457
"Wembley (T), Alberta",4819011,1529,1508,1474,1462,1481,1495,1549,1473,1512,1380,1453,1418,1478,1485,1546,1560,1462,1508,1550,1542,1501,1529,1500,1516,1516
"Nobleford (T), Alberta",4802014,624,635,654,674,694,716,785,844,906,967,1037,1080,1130,1187,1255,1317,1312,1292,1402,1446,1495,1561,1628,1650,1694
"Two Hills (T), Alberta",4810052,1108,1096,1094,1078,1079,1079,1147,1202,1296,1294,1424,1412,1472,1499,1482,1330,1252,1336,1392,1362,1461,1521,1552,1596,1698
"Elk Point (T), Alberta",4812016,1480,1473,1479,1483,1509,1534,1529,1530,1513,1490,1460,1475,1497,1517,1507,1489,1422,1391,1316,1248,1442,1455,1438,1458,1481
"Bruderheim (T), Alberta",4810066,1229,1239,1248,1243,1248,1253,1248,1208,1179,1246,1194,1224,1279,1300,1351,1301,1270,1320,1292,1288,1379,1392,1403,1419,1439
"Mayerthorpe (T), Alberta",4813002,1602,1581,1565,1535,1526,1514,1524,1516,1499,1475,1434,1414,1402,1383,1359,1347,1254,1255,1233,1212,1379,1361,1362,1389,1419
"Louis Bull 138B (IRI), Alberta",4811803,918,968,1015,1067,1135,1228,1266,1303,1340,1357,1346,1427,1416,1361,1299,1205,1208,1252,1280,1304,1370,1382,1377,1394,1394
"Sturgeon Lake 154 (IRI), Alberta",4818816,889,907,928,957,1014,1083,1116,1128,1153,1171,1204,1261,1352,1402,1448,1474,1420,1432,1411,1401,1334,1339,1325,1329,1326
"Vauxhall (T), Alberta",4802029,1135,1125,1115,1113,1108,1106,1156,1194,1239,1286,1326,1227,1235,1226,1207,1253,1216,1215,1257,1285,1330,1384,1414,1442,1451
"Bowden (T), Alberta",4808006,1202,1208,1212,1221,1239,1241,1233,1253,1323,1273,1278,1316,1291,1310,1272,1273,1233,1237,1271,1274,1323,1297,1309,1316,1315
"Legal (T), Alberta",4811069,1084,1117,1147,1177,1211,1229,1234,1237,1245,1251,1267,1288,1324,1360,1381,1374,1307,1324,1299,1257,1276,1295,1282,1293,1253
"Special Area No. 4 (SA), Alberta",4804020,1532,1504,1459,1441,1424,1408,1472,1423,1448,1437,1369,1344,1345,1327,1230,1252,1281,1293,1269,1255,1263,1240,1253,1242,1171
"Bassano (T), Alberta",4802039,1349,1351,1346,1354,1360,1384,1390,1377,1363,1339,1312,1291,1275,1262,1254,1232,1150,1148,1146,1115,1250,1255,1304,1348,1381
"Swan Hills (T), Alberta",4817024,1852,1829,1803,1780,1749,1704,1718,1695,1634,1539,1517,1534,1535,1511,1426,1327,1297,1310,1276,1243,1239,1301,1338,1369,1430
"Irricana (T), Alberta",4806022,1068,1114,1153,1193,1243,1283,1275,1266,1254,1228,1199,1218,1269,1250,1216,1254,1205,1184,1160,1156,1221,1233,1238,1255,1240
"Stirling (VL), Alberta",4802009,896,899,901,913,920,955,994,1038,1096,1085,1119,1096,1038,985,1023,1001,992,1026,1037,1061,1205,1209,1243,1312,1350
"Special Area No. 3 (SA), Alberta",4804012,1680,1631,1561,1522,1465,1405,1420,1364,1396,1305,1278,1240,1199,1248,1186,1163,1197,1193,1154,1129,1174,1096,1079,1049,1043
"Manning (T), Alberta",4817078,1328,1367,1416,1463,1503,1522,1456,1399,1348,1322,1197,1202,1212,1229,1224,1215,1153,1162,1144,1104,1161,1149,1148,1136,1153
"White Fish Lake 128 (IRI), Alberta",4812808,1203,1221,1241,1254,1274,1271,1272,1233,1230,1218,1232,1261,1340,1308,1344,1352,1262,1238,1266,1276,1130,1125,1115,1118,1122
"Alexander 134 (IRI), Alberta",4811805,860,888,907,930,959,998,1018,1035,1052,1060,1065,1082,1111,1139,1146,1120,1066,1062,1072,1086,1112,1112,1116,1123,1139
"Duchess (VL), Alberta",4802036,860,888,916,944,979,1015,987,1029,1060,1058,1021,1092,1115,1096,1175,1108,1035,1077,1083,1076,1089,1114,1085,1061,1045
"Bentley (T), Alberta",4808026,1058,1059,1075,1084,1095,1114,1126,1126,1124,1112,1105,1111,1120,1124,1119,1108,1016,1014,1018,1010,1074,1101,1101,1118,1153
"Kehewin 123 (IRI), Alberta",4812811,1015,1007,1006,1002,1032,1043,1064,1086,1094,1095,1099,1094,1094,1091,1057,994,969,950,966,985,1065,1055,1050,1056,1064
"Smoky Lake (T), Alberta",4812029,1025,1022,1012,1013,1014,1040,1058,1041,1012,1047,1041,998,970,960,975,979,919,923,916,924,1052,1074,1086,1149,1159
"Eckville (T), Alberta",4808024,1038,1012,995,986,983,983,1027,1061,1096,1125,1158,1162,1168,1170,1165,1154,1067,1044,1031,1057,1048,1080,1107,1115,1088
"Improvement District No. 9 Banff (ID), Alberta",4815032,1549,1419,1281,1143,1028,1004,1069,1132,1189,1241,1255,1218,1192,1161,1106,1073,1054,1065,1058,1010,1047,1064,1108,1129,1144
"Falher (T), Alberta",4819046,1123,1090,1049,1020,996,976,975,1034,1056,1061,1103,1046,1054,1070,1077,1068,991,986,1012,1016,1037,1034,1050,1096,1084
"Trochu (T), Alberta",4805049,1052,1042,1037,1031,1029,1021,1021,1084,1118,1132,1095,1097,1089,1102,1102,1071,976,970,966,951,1024,1030,1056,1178,1191
"Spirit River (T), Alberta",4819058,1120,1118,1122,1130,1155,1179,1223,1169,1126,1104,1047,1053,965,1003,1005,1018,995,992,967,930,1022,998,1013,987,927
"Wabamun 133A (IRI), Alberta",4811806,1023,1044,1057,1079,1108,1128,1133,1134,1135,1119,1120,1230,1348,1465,1565,1622,1421,1442,1451,1461,1018,1014,1014,1005,1005
"Viking (T), Alberta",4810022,1072,1082,1105,1098,1105,1102,1133,1146,1023,1052,1067,1066,1076,1087,1093,1060,975,975,958,937,1012,994,967,972,964
"Barnwell (VL), Alberta",4802023,567,577,590,600,621,639,674,701,731,760,814,866,880,888,991,975,902,942,991,1037,1008,1026,1044,1063,1073
"Thorsby (T), Alberta",4811021,818,845,869,899,933,978,987,992,1000,1000,980,980,990,1003,1007,1009,907,940,940,923,998,1003,992,981,928
"Onoway (T), Alberta",4813014,868,881,893,890,891,901,954,1030,1061,1017,1075,1046,1121,1066,1088,1046,972,925,869,837,995,1020,998,992,957
"Hay Lake 209 (IRI), Alberta",4817845,938,947,957,971,980,981,959,954,948,974,981,989,965,963,904,913,914,908,896,885,992,975,956,942,942
"Delburne (VL), Alberta",4808004,736,744,749,758,773,790,818,840,873,857,853,899,871,909,901,914,866,849,850,853,948,952,936,954,949
"Oyen (T), Alberta",4804014,1033,1030,1022,1025,1023,1027,1034,1016,1010,1002,989,963,997,994,1022,1007,947,942,925,933,946,931,952,946,961
"Killam (T), Alberta",4807042,1025,1006,1010,1017,1036,1045,1047,1042,1034,1019,1007,1012,1019,1018,1015,1010,959,956,933,931,943,926,935,915,887
"Unipouheos 121 (IRI), Alberta",4812802,605,637,667,702,742,771,774,792,757,777,845,807,854,870,893,935,870,868,852,881,903,914,917,915,932
"Coronation (T), Alberta",4807012,923,933,947,970,1012,1035,1079,1053,956,984,971,969,970,968,964,949,886,900,878,884,888,908,906,897,885
"Alberta Beach (VL), Alberta",4813012,780,802,838,852,882,904,921,919,902,836,888,914,945,974,1004,1043,956,1008,982,966,887,870,854,841,806
"Kitscoty (VL), Alberta",4810041,690,700,713,714,724,735,772,797,819,844,878,886,904,928,941,915,892,896,852,831,881,887,902,922,926
"Hythe (VL), Alberta",4819008,597,641,692,741,793,843,855,853,849,844,840,849,853,860,859,844,736,748,739,700,875,889,899,917,930
"Bashaw (T), Alberta",4810002,840,835,831,825,812,815,843,860,876,886,890,876,871,866,858,812,743,781,774,755,868,880,893,905,905
"Boyle (VL), Alberta",4813046,866,858,859,863,861,882,915,933,944,954,939,924,913,899,881,863,776,784,794,788,849,848,848,849,859
"Milk River (T), Alberta",4802004,893,892,876,855,845,832,812,838,808,845,828,829,834,837,846,841,755,758,756,735,844,852,844,844,826
"O'Chiese 203 (IRI), Alberta",4809806,514,509,496,473,459,471,529,586,647,709,775,779,805,822,824,811,772,765,797,812,834,843,854,857,856
"Utikoomak Lake 155 (IRI), Alberta",4817824,829,828,819,810,802,807,792,769,739,701,666,680,700,725,737,744,726,750,769,795,832,826,834,844,851
"Forestburg (VL), Alberta",4807036,896,883,890,902,914,923,919,909,896,874,860,872,884,891,896,896,846,823,847,826,827,856,846,835,833
"Castor (T), Alberta",4807014,948,929,924,934,942,953,935,959,934,952,948,943,955,957,954,943,844,836,826,829,824,864,865,888,876
"Mundare (T), Alberta",4810061,672,678,695,703,712,727,774,811,846,816,882,950,910,953,872,835,747,793,782,785,812,867,883,871,875
"Clive (VL), Alberta",4808032,603,601,597,597,590,582,609,630,680,686,696,667,736,673,726,735,684,711,712,713,811,836,862,889,907
"Daysland (T), Alberta",4807039,793,783,793,809,816,827,875,901,836,875,821,795,827,801,858,834,781,775,769,813,810,838,857,883,902
"Alexis 133 (IRI), Alberta",4813811,829,825,820,788,770,760,790,809,822,834,835,838,849,811,784,776,740,744,753,778,800,799,804,813,814
"Drift Pile River 150 (IRI), Alberta",4817828,672,682,698,713,728,746,775,800,821,828,827,832,841,852,852,850,802,817,821,822,800,794,793,796,791
"Alix (VL), Alberta",4808034,840,838,843,839,851,878,913,920,873,893,842,866,844,747,785,751,697,697,729,738,796,817,822,860,877
"Mannville (VL), Alberta",4810034,739,745,759,771,788,803,762,791,804,813,827,763,795,828,870,812,709,737,729,720,787,797,774,812,829
"Sedgewick (T), Alberta",4807044,883,876,872,882,897,917,897,924,899,938,871,869,835,845,830,830,773,780,772,789,787,771,781,797,793
"Beiseker (VL), Alberta",4806024,853,847,841,834,830,828,832,835,838,828,809,815,828,836,841,835,745,727,742,744,774,797,800,792,787
"Linden (VL), Alberta",4805046,649,649,651,659,661,681,700,710,724,734,744,761,779,800,822,839,764,832,802,776,768,784,839,900,881
"Improvement District No. 24 Wood Buffalo (ID), Alberta",4816051,375,396,415,427,424,440,492,513,532,567,615,648,685,702,696,669,634,655,676,702,739,760,783,777,799
"Spring Lake (VL), Alberta",4811046,466,476,487,496,507,515,547,551,554,553,556,586,623,664,701,718,654,662,687,683,733,762,773,769,772
"John D'Or Prairie 215 (IRI), Alberta",4817837,876,915,951,988,1023,1059,1094,1123,1148,1162,1160,1180,1199,1221,1226,1232,1089,1094,1136,1153,730,742,753,779,811
"Sucker Creek 150A (IRI), Alberta",4817829,562,573,584,598,607,614,606,660,685,682,696,700,710,719,715,706,664,670,683,695,726,717,719,734,734
"McLennan (T), Alberta",4819042,817,818,811,818,831,848,823,801,815,828,831,777,775,810,751,713,655,645,621,610,715,719,705,728,729
"Warburg (VL), Alberta",4811024,573,585,597,607,622,642,677,711,748,780,813,822,781,757,784,779,695,703,710,708,695,702,695,684,684
"Cold Lake 149 (IRI), Alberta",4812810,448,446,444,442,444,457,487,521,553,585,618,633,652,671,680,689,639,642,653,660,687,687,682,687,688
"Woodland Cree 226 (IRI), Alberta",4817856,424,433,436,440,437,443,489,533,581,628,685,691,704,716,715,698,663,658,654,667,678,675,669,685,705
"Sunchild 202 (IRI), Alberta",4809809,610,586,569,545,519,502,541,588,635,644,701,705,729,751,761,768,695,707,722,722,668,658,661,660,660
"Consort (VL), Alberta",4804022,647,662,681,714,738,755,734,721,653,701,705,689,706,714,742,732,697,678,667,679,666,667,659,669,707
"Spirit River No. 133 (MD), Alberta",4819054,834,801,755,721,692,683,700,711,719,724,727,757,688,696,691,715,641,680,683,708,666,669,653,664,680
"Wabasca 166D (IRI), Alberta",4817823,877,878,876,876,870,893,915,928,938,932,907,928,920,946,983,988,922,874,891,872,661,667,667,665,662
"Fort Mckay 174 (IRI), Alberta",4816810,450,475,495,513,524,542,560,566,575,583,593,647,705,749,769,768,656,657,654,659,643,639,639,671,671
"Eden Valley 216 (IRI), Alberta",4806803,518,489,461,433,408,390,437,485,533,572,611,611,614,616,618,617,569,585,588,596,625,628,623,621,620
"Montana 139 (IRI), Alberta",4808813,596,608,617,628,648,660,678,687,690,678,676,676,677,676,670,648,600,608,617,624,619,621,623,626,628
"Acme (VL), Alberta",4805044,662,670,665,669,667,675,680,675,674,673,671,670,670,671,672,667,597,620,647,644,617,628,640,653,651
"Berwyn (VL), Alberta",4819072,555,542,540,531,534,531,541,543,543,538,541,546,549,552,557,550,505,481,491,492,595,598,589,593,599
"Breton (VL), Alberta",4811026,585,581,580,577,570,568,563,540,518,527,515,545,579,558,564,584,523,520,479,476,583,576,569,553,549
"Puskiakiwenin 122 (IRI), Alberta",4812804,443,436,431,427,426,424,446,467,480,486,503,498,502,509,505,555,526,532,538,535,583,582,593,597,599
"Wabasca 166A (IRI), Alberta",4817819,476,503,529,556,586,607,632,651,670,678,689,679,671,664,643,611,537,542,565,575,575,574,575,585,584
"Rycroft (VL), Alberta",4819056,622,626,626,630,649,659,665,662,656,646,647,652,653,652,648,624,578,538,531,535,568,574,602,618,629
"Marwayne (VL), Alberta",4810044,512,514,517,524,528,542,565,585,640,599,631,620,612,604,593,561,510,532,492,485,566,565,576,551,547
"Hardisty (T), Alberta",4807048,760,756,762,768,777,787,784,744,722,656,653,634,619,600,582,564,520,519,483,490,564,573,593,622,628
"Stavely (T), Alberta",4803024,451,447,439,440,434,448,464,481,492,504,517,523,528,537,543,552,504,484,487,507,558,560,562,563,577
"Glendon (VL), Alberta",4812012,468,458,454,450,437,437,450,465,475,486,503,505,512,519,512,506,464,463,441,434,533,513,512,515,476
"Foremost (VL), Alberta",4801009,542,543,544,545,544,539,546,547,548,544,539,541,541,543,549,552,489,519,501,502,517,526,540,546,559
"Loon Lake 235 (IRI), Alberta",4817860,397,403,410,417,424,431,451,468,486,502,524,499,526,502,541,559,504,511,511,529,509,493,489,499,503
"Acadia No. 34 (MD), Alberta",4804001,524,535,543,536,538,554,513,528,502,498,508,521,498,495,506,499,453,477,472,476,508,491,482,478,489
"Rainbow Lake (T), Alberta",4817097,1005,1012,1011,1016,1012,1007,943,958,961,947,900,910,914,906,867,810,697,653,650,600,508,502,474,450,421
"Bushe River 207 (IRI), Alberta",4817848,327,337,352,366,386,417,441,461,478,494,509,512,517,527,525,517,476,488,490,505,507,502,502,503,504
"Carbon (VL), Alberta",4805042,543,548,553,556,567,588,601,605,610,609,605,575,546,518,491,463,399,394,390,403,506,519,533,534,551
"Horse Lakes 152B (IRI), Alberta",4819815,332,331,327,326,332,351,371,387,404,413,418,437,454,470,483,482,463,460,455,460,504,505,509,516,517
"Ryley (VL), Alberta",4810019,448,455,458,459,463,470,482,488,494,500,509,504,503,501,497,476,442,462,457,432,497,506,509,489,486
"Irma (VL), Alberta",4807056,445,436,440,440,448,449,453,443,478,475,472,483,495,506,519,533,476,478,489,507,492,500,517,492,488
"Caroline (VL), Alberta",4809010,567,550,537,529,524,532,537,536,533,520,515,506,515,519,521,521,475,444,449,433,489,498,506,513,470
"Hay Lakes (VL), Alberta",4810014,355,355,361,359,362,376,393,407,422,434,439,450,467,484,498,490,428,460,472,469,468,458,448,438,430
"Little Buffalo (S-É), Alberta",4817853,296,316,336,357,376,403,405,405,404,398,404,417,432,449,462,466,417,425,439,455,455,446,452,455,456
"Cremona (VL), Alberta",4806031,424,437,451,463,474,477,480,481,480,476,469,465,465,465,463,456,402,410,383,382,453,457,461,465,486
"Clyde (VL), Alberta",4813032,503,500,498,490,487,484,499,508,514,518,517,504,491,476,457,439,368,372,374,400,428,403,394,403,419
"Bawlf (VL), Alberta",4810009,370,372,372,370,375,379,369,378,400,414,416,405,436,414,409,419,358,381,386,389,425,428,421,400,390
"Beaver Lake 131 (IRI), Alberta",4812828,400,398,400,399,398,395,405,417,425,429,438,437,439,443,438,427,387,387,390,392,416,409,404,405,409
"Swan River 150E (IRI), Alberta",4817831,314,313,313,315,315,315,320,322,323,323,326,347,370,395,411,425,370,379,375,382,413,424,432,430,424
"Rockyford (VL), Alberta",4805022,383,377,369,364,361,356,358,354,353,361,332,333,318,321,325,324,295,307,299,292,407,412,409,421,421
"Edgerton (VL), Alberta",4807052,411,402,393,386,388,389,384,372,364,338,329,340,353,369,365,396,349,346,346,338,397,408,403,397,383
"Upper Hay River 212 (IRI), Alberta",4817849,354,343,334,328,315,300,302,303,303,301,303,308,314,320,316,303,294,293,286,293,391,389,380,376,375
"Rosemary (VL), Alberta",4802038,376,376,386,393,397,399,394,384,376,368,351,359,368,379,391,406,345,360,357,357,383,381,379,377,374
"Nampa (VL), Alberta",4817039,380,383,384,386,379,371,374,374,374,372,373,375,378,382,378,373,333,317,340,337,381,395,410,426,430
"Andrew (VL), Alberta",4810059,494,490,488,483,478,467,443,448,425,375,388,395,404,414,423,416,359,369,357,364,374,378,376,403,414
"Janvier 194 (IRI), Alberta",4816817,252,260,271,280,277,275,285,287,290,295,307,336,370,396,411,424,358,367,369,375,373,373,373,376,376
"Warner (VL), Alberta",4802006,384,366,351,334,324,309,325,344,333,324,340,328,346,358,372,381,335,337,331,331,371,366,374,386,400
"Standard (VL), Alberta",4805021,398,397,393,389,391,392,395,394,395,393,391,387,384,379,373,361,348,362,356,358,362,368,381,383,384
"Champion (VL), Alberta",4805004,362,361,363,367,367,372,378,378,381,382,386,372,360,348,337,322,294,291,302,304,361,379,399,438,453
"Donnelly (VL), Alberta",4819044,377,367,354,342,330,325,334,339,342,342,334,341,347,354,362,369,318,299,300,307,349,347,345,343,350
"Holden (VL), Alberta",4810021,381,389,396,398,405,406,408,404,400,393,390,382,376,372,365,342,275,301,299,309,346,352,342,368,381
"Hines Creek (VL), Alberta",4817064,448,445,443,444,440,442,440,433,425,410,389,384,378,373,361,354,303,309,297,272,345,350,359,359,355
"Big Valley (VL), Alberta",4807021,348,352,347,353,356,358,340,359,339,341,378,359,363,356,361,350,297,300,308,334,339,336,333,330,318
"Barons (VL), Alberta",4802016,289,287,287,286,284,283,300,318,306,321,322,327,333,337,344,350,315,325,301,288,324,325,326,327,334
"Chauvin (VL), Alberta",4807051,375,364,354,340,327,318,326,332,337,342,344,344,345,345,343,342,298,270,247,242,313,299,289,290,284
"Norglenwold (SV), Alberta",4808013,271,271,275,273,275,275,265,253,241,255,239,249,258,267,273,281,253,241,248,249,313,320,327,334,339
"Longview (VL), Alberta",4806008,305,304,305,307,307,307,307,309,311,312,314,317,321,323,319,314,277,274,253,253,306,307,308,309,304
"Pigeon Lake 138A (IRI), Alberta",4811802,380,380,375,371,367,368,392,417,445,475,501,480,453,470,507,432,351,354,358,359,299,298,302,306,310
"Elnora (VL), Alberta",4808002,301,297,293,289,289,287,297,305,312,316,320,318,317,314,308,301,255,266,265,256,294,305,308,313,307
"Tall Cree 173 (IRI), Alberta",4817838,177,183,188,196,202,208,210,211,211,208,211,220,229,240,249,257,227,246,246,259,293,292,293,292,294
"Girouxville (VL), Alberta",4819048,311,305,307,301,296,287,291,275,255,261,272,263,253,244,234,224,199,205,201,199,287,287,291,300,311
"Sandy Beach (SV), Alberta",4813016,207,216,222,230,239,247,245,242,238,233,231,241,252,263,275,284,232,234,235,226,285,284,281,287,291
"Glenwood (VL), Alberta",4803006,263,268,272,277,275,289,283,285,285,287,299,285,292,323,322,322,282,295,311,311,278,285,292,294,294
"Carmangay (VL), Alberta",4805002,261,276,285,308,322,344,353,358,365,369,371,346,320,297,272,245,237,245,246,244,274,284,287,291,297
"Vilna (VL), Alberta",4812024,273,268,270,270,275,278,274,271,264,258,255,263,274,286,291,295,239,229,240,239,274,275,274,272,269
"Myrnam (VL), Alberta",4810051,329,336,342,352,358,373,377,376,375,392,376,349,368,364,357,332,286,293,286,276,263,256,249,242,246
"Sunset Point (SV), Alberta",4813011,181,195,205,217,233,247,246,243,238,232,224,215,206,196,184,172,168,167,155,151,263,265,267,269,270
"Czar (VL), Alberta",4807004,211,205,194,187,183,180,181,181,180,177,172,179,187,194,200,207,178,181,175,181,257,264,271,279,281
"Waskatenau (VL), Alberta",4812026,257,261,267,273,279,284,279,276,269,263,260,250,242,224,208,191,177,169,170,184,256,272,289,307,324
"Chipman (VL), Alberta",4810062,269,269,264,265,261,259,269,277,283,286,292,288,285,283,282,269,245,246,228,233,253,269,278,283,286
"Golden Days (SV), Alberta",4811023,129,146,163,180,196,210,197,182,170,156,143,146,150,155,158,161,155,161,160,163,253,251,250,252,257
"Big Horn 144A (IRI), Alberta",4809810,198,194,184,178,168,168,167,163,159,148,140,154,175,196,219,244,209,218,217,219,248,248,248,248,248
"Seba Beach (SV), Alberta",4811038,112,131,151,170,190,206,194,184,172,158,146,151,157,164,168,171,154,164,144,140,232,233,236,242,244
"Donalda (VL), Alberta",4807029,236,237,234,231,228,229,237,245,254,261,265,259,254,244,233,222,168,171,168,168,231,233,235,237,239
"Lougheed (VL), Alberta",4807046,233,227,227,227,225,224,228,230,232,235,240,245,251,256,260,260,203,212,214,221,231,230,229,228,224
"Gull Lake (SV), Alberta",4808028,148,156,166,176,191,209,198,184,169,149,127,137,148,159,168,179,160,170,177,174,230,239,249,259,274
"Coutts (VL), Alberta",4802002,370,357,344,333,323,314,313,306,299,292,283,276,270,263,257,248,211,208,208,205,228,233,244,259,260
"West Cove (SV), Alberta",4813006,109,120,134,147,160,171,165,155,144,133,124,130,135,141,147,152,146,152,150,165,228,246,265,286,313
"Amisk (VL), Alberta",4807008,185,182,179,180,178,177,186,194,201,205,213,213,215,215,214,209,177,182,188,187,225,223,226,215,210
"Bittern Lake (VL), Alberta",4810012,226,228,228,229,229,232,236,237,238,237,231,228,227,225,226,217,178,196,190,187,222,226,226,224,224
"Cowley (VL), Alberta",4803016,230,228,225,222,226,225,228,233,234,238,242,238,232,228,220,214,188,186,177,171,222,216,219,210,209
"Veteran (VL), Alberta",4804021,298,297,297,296,298,297,293,280,271,263,255,240,237,228,226,209,177,193,196,182,220,218,222,224,230
"Heart Lake 167 (IRI), Alberta",4812840,129,138,148,155,164,171,170,169,167,165,165,169,175,182,187,190,171,170,169,168,219,218,217,216,218
"Hughenden (VL), Alberta",4807006,241,240,237,242,241,239,240,240,239,236,237,241,245,248,252,249,204,199,203,194,219,215,211,207,203
"Jarvis Bay (SV), Alberta",4808005,128,141,153,166,178,188,194,198,203,206,208,210,213,215,214,217,184,182,178,196,219,223,224,222,224
"Silver Sands (SV), Alberta",4813010,128,136,147,157,168,175,159,141,122,103,88,104,120,135,150,163,161,164,159,147,219,227,235,243,244
"Birchcliff (SV), Alberta",4808023,106,112,116,121,125,128,126,123,121,117,115,116,118,119,120,119,109,124,129,136,216,233,252,272,301
"Jean Baptiste Gambler 183 (IRI), Alberta",4817817,181,188,194,202,210,224,237,246,256,262,263,262,263,265,262,263,204,206,204,202,216,215,216,216,214
"Morrin (VL), Alberta",4805038,257,259,258,258,261,261,261,258,256,252,252,251,252,251,249,246,195,189,190,197,211,209,217,224,231
"Gregoire Lake 176 (IRI), Alberta",4816821,107,103,99,92,88,88,128,169,206,247,285,278,273,261,232,194,175,165,162,165,210,210,210,239,245
"Tall Cree 173A (IRI), Alberta",4817840,186,174,159,147,136,128,138,148,157,165,171,180,192,206,216,231,195,199,202,197,209,210,211,212,215
"Arrowwood (VL), Alberta",4805011,201,202,207,210,219,229,226,219,212,204,193,196,200,204,208,212,190,187,168,147,194,196,198,200,197
"Innisfree (VL), Alberta",4810031,223,226,229,231,234,238,238,233,229,226,225,220,216,213,207,188,164,173,170,160,191,193,194,201,205
"Cold Lake 149B (IRI), Alberta",4812815,113,111,110,108,107,110,119,130,138,148,155,159,163,168,168,167,145,142,141,143,186,187,185,185,185
"Lomond (VL), Alberta",4805008,176,175,174,176,176,180,184,183,183,181,177,173,172,171,170,169,167,163,174,189,184,191,199,207,224
"Wabasca 166C (IRI), Alberta",4817822,186,181,179,180,184,179,185,191,192,190,187,186,187,190,189,193,163,162,157,164,183,183,183,186,186
"Child Lake 164A (IRI), Alberta",4817843,160,161,163,164,165,165,171,177,182,188,195,203,210,218,221,221,171,176,175,176,178,179,178,177,176
"Island Lake (SV), Alberta",4813049,207,236,268,297,328,359,343,325,303,277,248,244,241,237,234,232,188,185,175,174,178,171,164,163,164
"Makaoo (Part) 120 (IRI), Alberta",4810805,180,178,175,169,166,160,165,170,175,180,186,190,194,201,207,205,169,178,174,180,178,178,180,180,183
"White Sands (SV), Alberta",4807027,76,85,94,104,114,121,117,113,106,99,92,99,104,110,116,121,108,104,112,112,178,182,185,186,183
"Munson (VL), Alberta",4805036,227,229,228,225,222,225,225,222,219,214,210,206,202,199,199,198,167,167,166,151,176,183,185,182,180
"Youngstown (VL), Alberta",4804019,186,180,176,176,173,172,176,176,178,180,181,170,169,163,163,154,136,135,135,143,175,175,173,176,179
"Hill Spring (VL), Alberta",4803008,197,196,194,196,195,196,196,195,193,191,189,184,180,176,169,164,148,159,162,163,172,175,178,181,183
"Alliance (VL), Alberta",4807032,175,173,169,165,164,162,167,171,174,176,178,174,171,166,160,160,150,140,142,145,170,173,176,158,158
"Parkland Beach (SV), Alberta",4808042,100,107,114,121,130,138,136,134,132,129,127,134,139,145,150,155,137,135,128,132,170,168,172,175,175
"Hussar (VL), Alberta",4805019,185,185,187,187,192,193,194,192,191,186,180,181,183,187,191,195,155,161,159,155,169,167,165,179,192
"Rosalind (VL), Alberta",4810003,194,194,195,194,195,196,198,197,195,195,195,196,198,199,196,184,151,158,148,154,166,176,183,185,192
"Woodland Cree 228 (IRI), Alberta",4817857,101,105,107,112,115,121,128,135,142,147,148,149,150,152,150,154,132,131,136,137,166,166,164,164,164
"Kananaskis (ID), Alberta",4815013,478,471,465,460,442,448,417,383,350,315,264,255,249,242,232,231,194,200,213,235,163,152,142,134,127
"Wabasca 166 (IRI), Alberta",4817818,75,77,75,77,79,82,96,111,125,140,157,160,164,167,165,165,138,140,140,140,162,164,164,165,165
"Pelican Narrows (SV), Alberta",4812013,115,121,127,132,138,145,151,155,160,163,166,163,161,161,159,154,137,139,131,135,161,161,161,159,162
"Val Quentin (SV), Alberta",4813005,146,153,160,166,173,185,183,181,175,169,162,182,200,220,238,256,211,215,215,213,161,164,166,170,169
"Paradise Valley (VL), Alberta",4810038,157,163,170,176,185,188,187,183,179,177,180,180,182,185,187,177,144,154,159,167,158,158,158,181,205
"Sunrise Beach (SV), Alberta",4813017,100,114,129,143,159,174,172,169,164,159,154,150,148,144,140,138,119,120,121,120,157,160,163,166,166
"Delia (VL), Alberta",4805034,219,213,214,215,212,211,211,207,202,197,192,195,200,208,215,221,171,171,184,187,155,152,149,146,145
"Empress (VL), Alberta",4804006,172,161,154,149,132,139,150,158,168,181,188,173,166,154,148,136,118,115,125,120,152,159,167,175,179
"Grandview (SV), Alberta",4811004,88,96,103,112,120,130,126,123,120,115,109,109,112,115,115,109,101,103,107,111,145,153,160,172,181
"Heisler (VL), Alberta",4807038,187,180,175,167,164,156,156,156,155,152,154,156,159,162,163,163,145,141,135,136,138,136,134,132,129
"Improvement District No. 4 Waterton (ID), Alberta",4803003,159,158,161,161,161,164,149,135,119,104,91,94,96,101,103,108,96,107,98,94,138,140,142,144,141
"Gregoire Lake 176A (IRI), Alberta",4816822,135,132,129,131,128,122,101,76,51,25,4,28,54,80,108,133,111,110,116,114,134,134,134,132,132
"Sunbreaker Cove (SV), Alberta",4808027,87,97,108,119,130,139,127,113,99,83,70,73,75,78,80,82,82,81,86,85,132,131,136,136,137
"Whispering Hills (SV), Alberta",4813061,121,125,124,125,128,128,127,123,120,117,111,118,125,131,137,145,123,130,117,117,131,131,131,131,136
"Edberg (VL), Alberta",4810006,154,156,157,156,158,159,166,170,174,175,173,169,166,163,159,149,121,122,121,123,130,128,127,126,123
"Ma-Me-O Beach (SV), Alberta",4811008,85,100,113,127,143,156,149,140,132,122,113,112,112,112,112,111,98,104,103,93,129,127,125,144,146
"Ross Haven (SV), Alberta",4813008,113,131,148,164,181,201,194,183,172,156,141,146,151,156,160,163,139,133,136,127,129,126,123,120,120
"Bondiss (SV), Alberta",4813053,106,111,117,123,128,134,130,125,119,113,107,108,109,110,110,111,97,93,92,91,126,127,134,131,126
"Boyer 164 (IRI), Alberta",4817842,176,180,182,182,182,185,194,202,211,217,220,222,224,226,223,224,171,175,173,165,126,126,123,124,126
"Utikoomak Lake 155A (IRI), Alberta",4817827,124,120,117,115,111,106,111,114,118,121,124,124,125,125,124,131,108,108,111,111,123,125,126,126,151
"Desmarais (S-É), Alberta",4817855,118,113,106,98,91,87,102,113,124,135,142,136,132,128,121,115,93,89,84,86,121,118,115,117,122
"Yellowstone (SV), Alberta",4813007,100,115,130,144,159,172,166,157,148,138,126,129,132,135,137,140,123,106,102,98,121,119,117,115,117
"Allison Bay 219 (IRI), Alberta",4816850,112,103,94,84,73,63,69,72,76,81,89,98,108,118,124,129,101,105,102,107,117,117,117,117,117
"Duncan's 151A (IRI), Alberta",4819826,120,116,113,109,105,103,115,125,137,148,162,163,163,162,158,149,120,125,126,115,115,116,116,115,117
"Milo (VL), Alberta",4805009,118,114,110,109,105,101,106,110,114,120,125,118,113,106,99,92,74,80,88,89,114,119,123,127,157
"Poplar Bay (SV), Alberta",4811005,86,86,85,86,85,85,84,83,82,82,81,84,90,95,99,104,96,91,96,92,114,117,117,117,117
"Ranchland No. 66 (MD), Alberta",4815045,98,93,91,87,88,89,89,89,88,86,81,85,89,92,93,94,81,81,75,79,113,108,103,99,100
"Mewatha Beach (SV), Alberta",4813045,103,116,130,143,158,169,153,135,116,96,80,83,85,88,89,90,82,86,82,81,104,105,101,96,96
"Kapawe'no First Nation 229 (IRI), Alberta",4817865,6,6,6,6,6,6,6,6,6,6,6,6,6,6,6,13,13,13,12,11,101,100,98,99,99
"Rochon Sands (SV), Alberta",4807028,59,61,62,63,65,66,66,67,66,67,66,71,75,80,84,87,75,70,75,70,99,102,105,109,115
"Halkirk (VL), Alberta",4807016,120,120,120,121,118,116,120,121,122,124,125,123,121,120,117,114,87,92,96,98,95,95,95,95,93
"Wabasca 166B (IRI), Alberta",4817821,166,175,185,195,207,225,236,246,255,261,258,246,235,225,208,196,151,149,148,149,94,91,91,92,92
"Dog Head 218 (IRI), Alberta",4816852,94,94,95,92,94,93,98,102,105,109,114,116,117,115,109,100,84,85,84,81,87,87,86,89,89
"Horseshoe Bay (SV), Alberta",4812020,56,88,120,154,188,215,181,147,110,71,38,40,42,45,48,50,46,44,47,51,84,85,81,85,82
"Island Lake South (SV), Alberta",4813051,73,80,86,93,100,108,103,98,91,83,75,72,70,67,64,62,57,60,52,52,84,82,80,82,83
"Ghost Lake (SV), Alberta",4815027,70,74,76,77,79,80,80,81,82,82,82,82,84,85,84,82,70,73,75,78,83,83,82,75,75
"Nakamun Park (SV), Alberta",4813003,35,46,57,68,80,87,79,69,59,48,39,50,62,73,85,97,84,85,84,82,79,78,79,80,80
"Fort Vermilion 173B (IRI), Alberta",4817859,2,15,28,43,59,73,80,85,91,95,100,102,103,103,101,99,81,78,78,77,77,77,77,78,78
"Crystal Springs (SV), Alberta",4811006,74,81,89,95,105,115,112,108,105,99,89,81,73,66,57,51,49,47,57,49,75,76,76,76,82
"Norris Beach (SV), Alberta",4811007,29,32,34,36,38,40,42,42,44,46,47,44,43,41,39,38,40,42,43,46,73,69,68,70,71
"South View (SV), Alberta",4813015,87,93,100,105,111,116,101,86,68,52,37,43,50,56,63,68,64,65,66,65,73,71,72,74,74
"Bonnyville Beach (SV), Alberta",4812011,75,81,86,90,95,100,99,98,97,97,98,96,95,93,89,86,66,71,77,73,72,70,69,69,70
"South Baptiste (SV), Alberta",4813055,46,52,57,61,66,70,67,64,60,57,53,56,59,62,65,67,59,60,57,55,71,77,83,87,85
"Cold Lake 149A (IRI), Alberta",4812813,41,44,46,48,49,50,49,49,48,46,46,45,44,44,43,41,39,37,38,40,70,70,70,70,70
"Birch Cove (SV), Alberta",4813013,49,47,45,42,41,39,41,42,43,45,46,46,45,45,46,45,42,39,42,42,68,68,70,69,68
"Half Moon Bay (SV), Alberta",4808025,35,33,33,33,34,32,34,36,38,38,39,40,41,41,43,42,37,41,45,38,66,61,58,66,68
"Waiparous (SV), Alberta",4815030,55,54,54,53,51,50,49,48,46,45,43,45,46,48,48,50,45,47,47,41,58,58,62,64,65
"Silver Beach (SV), Alberta",4811009,39,40,41,42,44,47,48,51,52,53,52,54,58,61,63,65,50,55,53,54,56,56,54,54,54
"Sunset Beach (SV), Alberta",4813047,53,61,68,76,81,87,81,73,64,55,45,46,46,47,47,49,42,41,43,45,56,62,65,65,64
"Larkspur (SV), Alberta",4813033,20,28,35,43,50,57,54,51,47,43,39,40,42,43,44,45,41,44,43,44,54,56,54,53,53
"West Baptiste (SV), Alberta",4813057,47,58,70,81,94,104,95,85,75,63,53,50,48,45,42,38,34,33,30,35,47,45,45,48,48
"Kapawe'no First Nation 150B (IRI), Alberta",4817836,65,77,91,107,124,147,147,143,138,132,119,127,134,144,150,159,114,110,111,110,44,44,44,44,44
"Sawridge 150G (IRI), Alberta",4817832,67,63,59,54,50,46,47,49,49,49,50,43,39,33,26,20,21,21,21,22,42,40,40,40,40
"Sundance Beach (SV), Alberta",4811020,37,50,63,77,92,105,101,97,93,87,83,80,79,79,76,74,54,60,63,65,42,41,42,43,44
"Sturgeon Lake 154A (IRI), Alberta",4818818,15,16,18,19,21,22,23,23,23,24,24,30,37,43,49,55,45,48,48,48,40,40,40,40,40
"Argentia Beach (SV), Alberta",4811003,24,30,36,41,48,52,45,37,30,22,15,18,20,22,25,27,24,24,26,22,39,39,38,36,36
"Woodland Cree 227 (IRI), Alberta",4817850,17,17,17,15,15,14,15,15,15,15,15,15,15,15,15,13,13,12,9,7,31,31,32,32,32
"Itaska Beach (SV), Alberta",4811022,8,15,20,26,31,36,33,29,26,23,20,21,22,21,22,23,21,25,23,24,30,30,30,29,29
"Lakeview (SV), Alberta",4811042,15,19,24,28,32,37,35,32,30,29,26,27,28,28,29,30,27,30,31,32,29,28,29,29,26
"Thabacha Náre 196A (IRI), Alberta",4816861,0,0,0,0,0,0,0,0,0,0,0,7,12,18,23,27,23,22,24,20,29,29,29,29,29
"Betula Beach (SV), Alberta",4811039,8,10,11,13,13,15,14,13,12,11,10,12,12,14,14,16,16,14,16,15,28,28,25,26,25
"Kapasiwin (SV), Alberta",4811044,15,15,15,14,14,14,14,12,12,10,10,10,10,10,10,10,10,11,11,12,24,26,31,28,34
"Burnstick Lake (SV), Alberta",4809005,9,16,24,31,38,44,39,34,28,22,16,16,16,16,16,16,13,10,10,11,21,28,29,29,29
"Wabamun 133B (IRI), Alberta",4811807,0,4,9,13,17,21,21,19,19,19,17,19,21,25,27,31,27,26,26,27,21,22,22,23,23
"Samson 137A (IRI), Alberta",4808812,16,20,23,26,29,33,35,37,39,39,39,36,34,32,29,27,24,25,22,24,20,20,20,20,20
"Point Alison (SV), Alberta",4811041,10,11,13,13,15,15,15,15,15,15,15,14,13,12,11,10,10,10,10,10,18,18,19,19,19
"Peigan Timber Limit B (IRI), Alberta",4803805,0,0,0,0,0,0,0,0,0,0,0,0,0,0,0,4,4,4,4,4,17,17,17,27,30
"Thebathi 196 (IRI), Alberta",4816860,15,15,13,12,12,11,13,17,18,21,23,22,21,19,18,16,18,18,20,17,16,16,16,16,16
"Beaver Ranch 163 (IRI), Alberta",4817841,19,18,17,16,16,15,15,15,15,15,16,15,15,13,12,10,10,7,10,10,15,15,15,15,15
"Castle Island (SV), Alberta",4813009,12,15,16,18,20,22,21,21,20,20,19,17,15,13,12,10,7,8,7,8,15,15,15,17,17
"Improvement District No. 349 (ID), Alberta",4812038,0,0,0,0,0,0,0,0,0,0,0,0,0,0,0,0,0,0,0,1,15,15,15,15,15
"Stoney 142B (IRI), Alberta",4815815,10,10,10,10,11,11,11,11,11,11,11,11,11,11,10,10,8,6,4,2,11,11,11,11,11
"Sawridge 150H (IRI), Alberta",4817833,8,8,9,9,10,10,11,11,13,15,20,19,18,17,15,10,9,10,10,9,10,9,9,9,9
"Clear Hills 152C (IRI), Alberta",4817825,12,11,9,8,6,4,5,5,5,5,4,4,5,5,5,5,4,3,2,1,6,6,6,6,6
"Alexander 134B (IRI), Alberta",4813829,4,4,4,4,4,4,5,5,5,5,5,5,5,5,5,5,5,4,3,2,5,5,5,5,5
"Kapawe'no First Nation 150D (IRI), Alberta",4817830,7,6,4,3,1,0,1,2,3,4,5,5,5,5,5,5,5,5,4,3,5,5,5,6,6
"Kapawe'no First Nation 231 (IRI), Alberta",4817826,46,46,46,46,46,46,46,46,46,46,45,45,45,45,43,25,25,22,17,9,5,5,6,5,5
"Alexis Whitecourt 232 (IRI), Alberta",4813830,0,0,0,0,0,0,0,0,0,0,0,0,0,0,0,0,0,0,0,0,0,0,0,0,0
"Blood 148A (IRI), Alberta",4803803,4,4,2,2,0,0,0,0,0,0,0,0,0,0,0,0,0,0,0,0,0,0,0,0,0
"Carcajou 187 (S-É), Alberta",4817854,0,0,0,0,0,0,0,0,0,0,0,0,0,0,0,0,0,0,0,0,0,0,0,0,0
"Improvement District No. 12 Jasper Park (ID), Alberta",4815037,51,47,41,35,30,25,27,29,32,35,36,41,45,49,52,54,40,27,34,31,0,0,0,0,0
"Improvement District No. 13 Elk Island (ID), Alberta",4810068,27,26,25,23,22,21,20,17,14,12,10,7,6,4,2,0,0,1,1,1,0,0,0,0,0
"Improvement District No. 25 Willmore Wilderness (ID), Alberta",4814028,0,0,0,0,0,0,0,0,0,0,0,0,0,0,0,0,0,0,0,0,0,0,0,0,0
"Old Fort 217 (IRI), Alberta",4816849,4,3,2,1,1,0,0,0,0,0,0,0,0,0,0,0,0,0,0,0,0,0,0,0,0
"Peerless Trout 238 (IRI), Alberta",4817834,0,0,0,0,0,0,0,0,0,0,0,0,0,0,0,0,0,0,0,0,0,0,0,0,0
"Vancouver (CY), British Columbia",5915022,572394,578019,581957,586299,593053,600281,603210,606625,615587,619227,622467,632232,642993,653125,656696,664913,670405,679603,694569,701145,696031,708220,732005,748788,740454
"Surrey (CY), British Columbia",5915004,363639,372838,380957,389103,398740,409229,420626,434198,449614,467403,482063,496869,508959,522467,530349,543495,553188,563844,578429,589554,597141,618908,652371,690159,703531
"Burnaby (CY), British Columbia",5915025,202682,204271,205272,206279,208057,210145,214424,218242,223044,226512,229632,233908,236245,240584,240798,244567,246515,250241,255248,258706,261800,271239,283910,296109,299682
"Richmond (CY), British Columbia",5915015,171269,173246,174671,176032,178016,180313,183625,186815,191023,194497,194973,197055,200441,203218,204463,207610,209599,212855,216794,218916,221178,228349,235936,242142,239584
"Abbotsford (CY), British Columbia",5909052,121125,122136,123356,125348,126944,128379,129859,131615,133589,135168,136894,138403,140321,141891,144475,148121,150566,153940,157306,159139,160759,163767,168365,171949,175358
"Coquitlam (CY), British Columbia",5915034,117942,118279,118202,118060,118329,118650,119079,120677,123999,127594,130540,134122,137870,141261,143552,146146,148351,149904,151619,153449,155554,160415,166491,172819,173599
"Kelowna (CY), British Columbia",5935010,101023,102396,104146,106091,107942,110385,112906,115138,116878,118726,120013,121824,123677,126400,129504,133381,136388,140289,144178,147826,151516,155921,160320,164947,167654
"Langley (DM), British Columbia",5915001,90444,91769,92831,93875,95249,96759,98219,100823,102979,105034,106660,109593,112732,115782,118728,122977,126952,130658,133383,135885,138426,146351,153977,161841,163885
"Saanich (DM), British Columbia",5917021,108170,108687,109186,109647,110395,111422,111192,111641,112344,112480,112014,113278,115057,116064,116881,119209,119841,120312,121795,122584,122889,124028,124465,126219,126011
"Delta (CY), British Columbia",5915011,100602,100596,100216,99755,99563,99306,99291,99763,100363,101589,101845,102749,103604,105025,105366,106585,107643,109488,111043,112454,113091,115592,119651,124168,124670
"Nanaimo (CY), British Columbia",5921007,76338,76892,77691,78978,80013,80936,81903,83116,83776,84794,85582,86886,88257,90090,92142,94395,96728,98877,101172,102726,104022,106338,108228,110580,111845
"Kamloops (CY), British Columbia",5933042,80706,80397,80548,81047,81768,82881,84553,85947,86920,87316,87635,88636,89815,90972,92185,94487,96339,99068,100625,101764,102271,104468,106809,108652,108793
"Chilliwack (CY), British Columbia",5909020,65246,66164,67221,68679,69948,71488,73853,75950,77183,78758,79707,80893,81945,83317,85026,87695,90126,92806,94560,95818,97222,98771,100303,103645,105520
"Victoria (CY), British Columbia",5917034,77863,78295,78725,79198,79912,80892,80957,81293,81934,82343,82464,83422,85139,86573,88248,90236,91802,93668,95789,96399,96277,98540,100558,103077,103888
"Maple Ridge (CY), British Columbia",5915075,65872,66974,67868,68776,69951,71100,72082,73699,74909,76619,77918,79171,80026,81649,83193,86404,88950,91556,92390,93115,95107,98559,102080,105820,105925
"North Vancouver (DM), British Columbia",5915046,85109,85136,84873,84581,84522,84453,84255,84453,84930,85377,85729,86395,87153,87863,87999,89369,89719,90117,90774,91066,91599,93801,96486,98928,97845
"New Westminster (CY), British Columbia",5915029,57222,57922,58465,59021,59801,60688,61965,63696,65260,66877,67949,69662,69476,71695,72708,74761,76197,78120,80087,82118,82943,85319,88207,91798,92124
"Prince George (CY), British Columbia",5953023,75413,74158,73013,72675,72871,73326,73705,73856,73815,73645,73733,74274,75247,75867,76448,77488,78301,79353,80195,80679,80259,81158,82805,84746,85944
"Port Coquitlam (CY), British Columbia",5915039,53171,53511,53644,53748,53988,54028,54266,55243,55976,56667,57013,57829,58487,59373,60278,61522,62071,63165,64026,64181,64205,65463,67453,68894,67724
"North Vancouver (CY), British Columbia",5915051,46113,46259,46281,46308,46517,46722,46789,47556,48116,48859,49548,50437,51438,53084,54737,55512,56292,57624,58597,59618,60951,62818,64743,66901,66624
"Langford (CY), British Columbia",5917044,19795,20407,21033,21692,22418,23267,24630,25650,27243,29003,30183,31733,33173,34320,35618,37313,39577,41639,43502,46333,49199,52484,54732,57567,59664
"Vernon (CY), British Columbia",5937014,35059,35229,35587,36026,36634,36950,37433,38094,38519,38763,38813,39278,39500,40226,40813,41677,42470,43203,44262,45343,46199,47249,48106,48920,49527
"West Vancouver (DM), British Columbia",5915055,42691,42795,42815,42812,42904,43023,43209,42770,43058,43406,43238,43418,43652,43799,43769,43889,43957,44162,44636,45146,45539,46489,47507,48640,47929
"Mission (DM), British Columbia",5909056,32421,32896,33417,34148,34774,35397,35584,35929,36303,36795,37058,37820,37985,38530,39281,40428,41571,42250,42836,42906,43340,43585,45005,46552,47280
"Penticton (CY), British Columbia",5907041,32388,32451,32507,32710,32718,32639,32766,33100,33039,33055,33385,33122,33344,33712,34245,34998,35704,36770,37462,37747,38115,38432,38453,38616,39068
"West Kelowna (CY), British Columbia",5935029,25477,25856,26328,26842,27319,28007,28681,29679,30540,31185,31466,31791,32347,32776,33357,34040,34697,35404,35961,36794,37568,39048,39873,40279,40274
"Campbell River (CY), British Columbia",5924034,29927,29746,29809,30141,30452,30777,31138,31602,31773,31851,32106,32205,32531,33001,33534,34302,34830,35545,35963,36383,36872,37585,37827,38150,38300
"Port Moody (CY), British Columbia",5915043,24958,25669,26307,26940,27698,28626,29777,31065,32634,33556,33900,34224,34584,35206,35299,35065,34890,35043,35075,34937,34987,36221,37524,38990,38285
"North Cowichan (DM), British Columbia",5919008,27237,27224,27438,27736,27977,28228,28495,28630,28667,29036,29262,29358,29410,29790,30093,30772,31295,31912,32210,32621,33087,33553,33637,34196,34525
"Langley (CY), British Columbia",5915002,24659,24642,24545,24461,24425,24348,24634,24974,25240,25503,25724,26215,26549,26654,26476,27160,27877,28411,28882,29510,30333,32141,33482,35334,35444
"Courtenay (CY), British Columbia",5926010,20278,20543,21000,21648,22276,22806,23407,23867,24180,24296,24662,24589,24808,25276,26074,26594,27135,27818,28436,28907,29519,30374,31136,32037,32869
"Squamish (DM), British Columbia",5931006,14775,14966,15104,15255,15237,15378,16377,16665,16964,17191,17642,18378,18851,19286,19515,20579,21422,22017,22604,23631,25063,25502,26454,27574,28578
"Fort St. John (CY), British Columbia",5955034,16949,17067,17307,17535,17794,18291,18555,18787,19144,19082,19389,20175,20616,21115,21391,21374,21505,22037,22375,22564,22665,22835,23101,23797,24383
"White Rock (CY), British Columbia",5915007,18844,18917,18963,18997,19071,19181,19045,19098,19448,19757,19544,19705,19761,20143,20297,20643,21117,21638,21957,22240,22567,23524,24508,25229,25057
"Cranbrook (CY), British Columbia",5901022,19363,19193,18995,18838,18753,18777,19123,19519,19638,19717,19647,19877,20150,20346,20580,20796,20833,20976,21288,21368,21417,21828,22355,22623,22703
"Salmon Arm (CY), British Columbia",5939032,15806,15815,15881,15930,16100,16403,16893,17300,17600,17672,17660,17558,17587,17718,17936,18319,18849,19114,19365,19644,20081,20641,20787,20825,20891
"Pitt Meadows (CY), British Columbia",5915070,15284,15474,15611,15747,15942,16180,16493,17259,17808,17942,18176,18426,18617,18952,19142,19430,19790,19972,19983,19879,19919,20543,21067,21298,20892
"Colwood (CY), British Columbia",5917041,14375,14500,14648,14773,14958,15152,15459,15792,16079,16408,16463,16664,16838,16987,17068,17669,17949,18339,18883,19330,19798,20972,21590,22236,22794
"Metro Vancouver A (RDA), British Columbia",5915020,8522,9130,9724,10325,10965,11576,11885,12249,12675,13088,13555,14234,14927,15724,15510,17141,17653,18222,18855,19367,19748,20361,21192,21999,22031
"Port Alberni (CY), British Columbia",5923008,18422,18135,18059,17991,18032,17926,17981,17983,18067,18095,17978,17882,17725,17712,17950,18284,18347,18523,18629,18767,18938,19287,19418,19526,19671
"Oak Bay (DM), British Columbia",5917030,18399,18368,18342,18286,18270,18243,18388,18346,18367,18399,18180,18394,18580,18648,18411,18654,18382,18405,18359,18465,18533,18815,18736,18777,18626
"Esquimalt (DM), British Columbia",5917040,16908,16991,17054,17125,17249,17348,17370,16969,16953,16750,16616,17252,17397,17762,18000,18527,18382,18606,18681,18515,18298,18759,19072,19184,19512
"Central Saanich (DM), British Columbia",5917015,15933,15960,15982,15986,16044,16121,16164,16195,16226,16222,16155,16368,16513,16709,16942,17457,17626,17832,17859,18014,17989,18171,18125,18314,18184
"Lake Country (DM), British Columbia",5935016,9648,9642,9669,9721,9774,9894,10164,10758,11156,11551,11972,12248,12346,12747,13066,13548,14224,14913,15398,15924,16513,17125,17396,17563,17637
"Sooke (DM), British Columbia",5917052,9114,9255,9405,9563,9747,9995,10285,10613,11000,11380,11719,12276,12540,12857,13069,13623,14109,14485,14803,15236,15712,16432,16815,17145,17248
"Comox (T), British Columbia",5926005,12074,12079,12181,12359,12534,12660,12871,13089,13365,13633,13806,14114,14196,14177,14287,14476,14674,14856,15017,15164,15265,15388,15689,15917,15884
"Whistler (DM), British Columbia",5931020,9405,9441,9525,9567,9521,9721,9175,9594,10144,10300,10232,10542,10887,11457,11810,12622,13322,13999,14924,15446,14771,15276,15859,15854,15090
"Powell River (CY), British Columbia",5927008,13474,13288,13141,13097,13107,13189,13394,13414,13366,13344,13273,13282,13357,13418,13344,13564,13727,13902,13997,14240,14392,14558,14793,14866,14947
"Parksville (CY), British Columbia",5921018,10648,10718,10783,10906,11029,11139,11417,11481,11599,11855,12044,12152,12242,12233,12454,12799,13037,13209,13428,13558,14042,14288,14599,14966,15371
"Dawson Creek (CY), British Columbia",5955014,11167,11160,11185,11196,11226,11376,11577,11707,11667,11808,11901,11990,12124,12392,12511,12804,12923,12911,13011,13101,12910,13086,13254,13637,13635
"Prince Rupert (CY), British Columbia",5947012,15143,14658,14190,13770,13413,13084,12978,13014,12924,12887,12704,12712,12689,12737,12712,12707,12805,12839,12848,12800,12895,12859,12782,12936,12903
"North Saanich (DM), British Columbia",5917005,10793,10829,10878,10911,10967,11020,10965,10947,10980,11082,11211,11287,11365,11414,11396,11616,11678,11860,12041,12248,12623,13045,13209,13253,12986
"Sidney (T), British Columbia",5917010,11293,11332,11383,11419,11470,11488,11417,11551,11450,11429,11268,11428,11442,11611,11733,12004,12193,12354,12382,12531,12614,13060,13197,13301,13445
"Terrace (CY), British Columbia",5949011,12618,12324,12086,11914,11749,11617,11698,11721,11781,11778,11680,11816,11834,12030,12134,12105,12126,12226,12258,12533,12604,12745,13101,13568,13648
"Summerland (DM), British Columbia",5907035,11138,11144,11120,11153,11097,11053,11281,11392,11465,11411,11394,11409,11494,11758,11970,11936,12093,12128,12167,12259,12426,12522,12348,12371,12343
"View Royal (T), British Columbia",5917047,7617,7860,8106,8372,8675,9026,9032,9227,9350,9467,9582,9871,10056,10577,10663,10870,11185,11327,11607,11885,12062,12443,12481,12678,12795
"Saltspring Island (RDA), British Columbia",5917027,9593,9631,9670,9702,9777,9813,9960,10081,10122,10176,10360,10588,10704,10737,10770,10892,11123,11471,11692,11764,11974,12202,12358,12489,12429
"Nelson (CY), British Columbia",5903015,9738,9593,9508,9486,9508,9528,9722,9988,10188,10368,10420,10398,10551,10575,10826,10989,11097,11303,11508,11537,11586,11585,11914,12110,12126
"Coldstream (DM), British Columbia",5937010,9464,9499,9549,9609,9717,9693,9881,10104,10185,10389,10463,10640,10636,10766,10908,11056,11220,11237,11311,11413,11576,11585,11624,11452,11380
"Williams Lake (CY), British Columbia",5941009,11660,11400,11215,11076,11002,11084,11206,11284,11146,11050,11027,11100,11119,11257,11236,11176,11141,11284,11385,11323,11437,11325,11427,11342,11462
"Sechelt (DM), British Columbia",5929011,8077,8174,8281,8395,8525,8569,8774,9070,9120,9286,9368,9539,9588,9824,10102,10511,10670,10826,10871,11074,11145,11369,11321,11470,11558
"Quesnel (CY), British Columbia",5941013,10439,10162,9939,9752,9642,9599,9733,10046,10051,10158,10212,10150,10131,10047,10102,10294,10275,10358,10394,10352,10265,10085,10160,10251,10253
"Comox Valley C (Puntledge - Black Creek) (RDA), British Columbia",5926024,8381,8287,8270,8298,8306,8258,8301,8451,8418,8381,8420,8511,8431,8573,8689,8915,9050,9179,9284,9400,9472,9697,9722,9744,9803
"Qualicum Beach (T), British Columbia",5921023,8104,8190,8285,8413,8524,8594,8703,8762,8726,8682,8699,8683,8760,8787,8888,9115,9193,9198,9253,9322,9453,9585,9566,9590,9640
"Tsinstikeptum 9 (IRI), British Columbia",5935802,5207,5198,5216,5239,5254,5293,5413,5585,5729,5861,5991,6449,6683,7078,7566,7891,8189,8515,8830,9139,9447,10090,10385,10510,10514
"Cowichan Valley B (RDA), British Columbia",5919046,7392,7416,7518,7608,7669,7791,7891,8057,8170,8352,8287,8414,8378,8648,8816,8937,9045,9198,9189,9298,9344,9591,9743,9807,9903
"Ladysmith (T), British Columbia",5919021,7104,7182,7301,7444,7587,7729,7811,7894,8002,8042,8019,8133,8310,8498,8623,8846,8954,8965,9134,9163,9291,9467,9614,9764,9926
"Columbia-Shuswap C (RDA), British Columbia",5939037,7013,7127,7283,7424,7622,7822,7991,7924,7824,7854,7714,7649,7783,7803,8010,8151,8386,8627,8733,8889,9185,9515,9831,9942,9984
"Revelstoke (CY), British Columbia",5939019,7822,7729,7647,7546,7476,7450,7369,7311,7330,7330,7328,7332,7416,7494,7630,7953,8066,8233,8598,8680,8696,8704,8889,9358,9464
"Castlegar (CY), British Columbia",5903045,7885,7737,7605,7555,7481,7458,7560,7614,7787,7824,7974,7901,7891,8053,8214,8361,8382,8487,8592,8603,8661,8922,9004,9230,9465
"Kitimat (DM), British Columbia",5949005,10638,10279,9993,9733,9464,9187,9008,9012,8973,8714,8452,8358,8501,8561,8475,8483,8447,8386,8401,8479,8603,8593,8927,9146,10019
"Nanaimo F (RDA), British Columbia",5921032,5818,5991,6193,6427,6636,6896,6983,7185,7398,7470,7547,7582,7693,7873,7899,8046,8275,8320,8420,8527,8494,8703,8762,8786,8810
"Kimberley (CY), British Columbia",5901028,6714,6610,6526,6401,6304,6293,6408,6586,6801,6839,6778,6950,7135,7352,7512,7733,7800,8001,8091,8246,8422,8631,8794,8938,9037
"Nanaimo G (RDA), British Columbia",5921034,6397,6542,6710,6901,7062,7233,7259,7309,7278,7318,7257,7347,7325,7525,7659,7723,7995,8064,8182,8247,8307,8353,8395,8413,8412
"Trail (CY), British Columbia",5905014,7848,7665,7511,7383,7347,7364,7428,7513,7531,7692,7732,7752,7744,7777,7780,7950,8030,8134,8179,8256,8209,8291,8346,8442,8539
"Comox Valley A (RDA), British Columbia",5926021,6733,6710,6738,6819,6886,6927,6829,6920,6858,6805,6792,6970,6954,7084,7241,7446,7649,7742,7871,8011,8151,8257,8297,8396,8415
"Nanaimo A (RDA), British Columbia",5921010,6700,6726,6756,6838,6886,6922,6968,7020,7027,7047,7011,6963,6999,7066,7188,7342,7413,7708,7739,7761,7736,7835,7878,7928,7825
"Comox Valley B (Lazo North) (RDA), British Columbia",5926022,7031,6972,6988,7055,7110,7128,7147,7091,6899,7041,7018,7082,7102,7187,7184,7337,7480,7555,7634,7575,7620,7715,7834,7927,7830
"Merritt (CY), British Columbia",5933006,7388,7282,7226,7178,7156,7187,7278,7357,7380,7345,7246,7206,7395,7371,7374,7394,7383,7441,7525,7389,7330,7270,7247,7310,7190
"Nanaimo E (RDA), British Columbia",5921030,4992,5081,5194,5330,5449,5559,5556,5621,5630,5663,5720,5803,5892,6033,6179,6295,6387,6559,6658,6780,6933,7075,7091,7151,7125
"Hope (DM), British Columbia",5909009,6405,6363,6339,6348,6325,6306,6220,6128,6106,6119,6051,6015,6071,6142,6272,6394,6417,6594,6795,6747,6911,6988,6711,7059,7183
"East Kootenay C (RDA), British Columbia",5901035,5899,5911,5901,5884,5886,5929,5897,5919,5807,5835,5780,5844,5943,6061,6161,6264,6315,6438,6574,6660,6789,6900,7044,7128,7006
"Fernie (CY), British Columbia",5901012,5058,4946,4829,4719,4636,4574,4619,4660,4714,4725,4831,4954,5107,5282,5458,5664,5834,6036,6266,6446,6623,6621,6722,6927,7086
"Kent (DM), British Columbia",5909032,5139,5136,5133,5172,5193,5200,5187,5405,5642,5824,5768,5867,5878,6014,6055,6361,6456,6598,6602,6616,6540,6918,6850,7213,7093
"Cariboo A (RDA), British Columbia",5941019,6614,6444,6287,6148,6055,5998,6095,6190,6222,6268,6333,6256,6372,6408,6460,6467,6452,6454,6400,6350,6392,6301,6251,6223,6172
"Southern Gulf Islands (RDA), British Columbia",5917029,4457,4603,4749,4880,5043,5161,5089,5034,4998,4948,4876,4848,4849,4849,4840,4868,5147,5327,5577,5892,6246,6421,6515,6645,6691
"Peace River C (RDA), British Columbia",5955042,5948,6014,6116,6207,6310,6439,6446,6426,6406,6365,6448,6632,6783,6907,6927,6941,6818,6617,6549,6386,6186,6207,6241,6320,6344
"Peachland (DM), British Columbia",5935018,4815,4825,4853,4895,4919,4967,5130,5107,5144,5151,5271,5179,5236,5333,5505,5599,5605,5648,5695,5840,5953,6103,6145,6173,6302
"Bulkley-Nechako A (RDA), British Columbia",5951051,5924,5790,5704,5650,5526,5436,5448,5477,5462,5491,5474,5463,5435,5450,5433,5463,5517,5518,5552,5650,5819,5844,5857,5860,5829
"Creston (T), British Columbia",5903004,4970,4929,4905,4899,4907,4911,4964,5171,5243,5412,5359,5340,5290,5352,5407,5528,5578,5623,5649,5713,5733,5873,6002,6054,5976
"Osoyoos (T), British Columbia",5907005,4464,4544,4615,4693,4761,4820,4856,4901,4885,4865,4876,4837,4851,4958,5041,5182,5294,5410,5520,5606,5690,5726,5723,5715,5724
"Smithers (T), British Columbia",5951043,5636,5519,5454,5444,5377,5363,5408,5435,5459,5491,5501,5550,5551,5565,5574,5622,5579,5599,5624,5623,5620,5617,5645,5637,5627
"Peace River B (RDA), British Columbia",5955040,5193,5257,5335,5434,5551,5691,5849,5743,5742,5636,5682,5692,5768,5826,5922,5848,5830,5777,5683,5594,5612,5597,5958,5931,5814
"Armstrong (CY), British Columbia",5937028,4445,4411,4387,4385,4388,4369,4529,4670,4769,4835,4907,4962,5004,5100,5182,5300,5235,5413,5446,5422,5499,5658,5662,5619,5643
"Spallumcheen (DM), British Columbia",5937024,5317,5249,5215,5179,5156,5061,5089,5139,5072,5108,5113,5133,5181,5189,5179,5302,5467,5420,5474,5432,5490,5713,5780,5819,5843
"Cariboo G (RDA), British Columbia",5941015,5164,5094,5048,5017,5031,5060,5153,5165,5130,5095,5005,5124,5198,5223,5304,5302,5528,5386,5309,5407,5467,5605,5750,5808,5887
"Juan de Fuca (Part 1) (RDA), British Columbia",5917054,3971,4050,4128,4201,4286,4354,4333,4323,4331,4326,4309,4424,4470,4636,4693,4867,4987,5086,5069,5249,5302,5469,5510,5498,5439
"Metchosin (DM), British Columbia",5917042,5063,5032,4985,4942,4906,4920,4852,4907,4812,4915,4866,4928,4927,4890,4840,4901,5031,5196,5229,5203,5252,5329,5309,5336,5207
"Oliver (T), British Columbia",5907014,4425,4437,4440,4449,4455,4476,4579,4686,4749,4808,4868,4810,4806,4894,4960,5042,5253,5222,5353,5270,5231,5265,5262,5254,5262
"Central Kootenay H (RDA), British Columbia",5903052,4657,4574,4504,4466,4439,4409,4412,4331,4236,4349,4369,4419,4474,4574,4689,4854,4911,4956,4991,5086,5207,5206,5339,5323,5390
"Duncan (CY), British Columbia",5919012,4887,4883,4926,4991,5036,5086,4926,5032,5137,4949,5002,4880,4950,4897,4949,5120,5143,5158,5216,5266,5184,5365,5574,5591,5745
"Cowichan Valley C (RDA), British Columbia",5919049,4687,4641,4638,4648,4627,4613,4648,4715,4765,4803,4839,4854,4958,5048,5101,5147,5293,5257,5201,5122,5170,5257,5209,5143,5074
"Cowichan Valley A (RDA), British Columbia",5919043,3568,3667,3792,3923,4051,4174,4246,4356,4394,4471,4447,4538,4606,4635,4770,4904,4948,5027,5164,5068,5114,5114,5200,5169,5156
"Peace River D (RDA), British Columbia",5955021,6051,5995,5955,5911,5871,5892,5877,5795,5715,5623,5593,5769,5917,6034,6090,6131,5869,5666,5363,5086,4976,4989,5016,5080,5100
"Cariboo F (RDA), British Columbia",5941014,5122,4956,4811,4680,4570,4492,4561,4605,4608,4615,4610,4592,4564,4643,4698,4721,4773,4839,4883,4894,4962,5012,4963,5026,5016
"Central Kootenay B (RDA), British Columbia",5903013,4908,4817,4754,4722,4688,4646,4667,4641,4624,4556,4517,4545,4570,4638,4714,4797,4858,4886,4936,4969,4941,5052,5076,5159,5243
"Gibsons (T), British Columbia",5929005,4067,4114,4126,4211,4262,4256,4221,4338,4421,4463,4502,4489,4546,4698,4687,4743,4832,4891,4843,4877,4909,4860,4948,5111,5090
"Cariboo L (RDA), British Columbia",5941017,4393,4369,4337,4340,4362,4406,4309,4381,4351,4274,4196,4133,4142,4195,4245,4333,4488,4564,4683,4756,4891,5156,5144,5185,5358
"North Okanagan C (RDA), British Columbia",5937021,3715,3742,3802,3856,3943,3986,3950,3934,3970,3928,3908,3872,3884,3892,3894,4044,4220,4380,4487,4601,4674,4759,5004,5080,5029
"Cumberland (VL), British Columbia",5926014,2746,2719,2722,2764,2814,2838,2985,3124,3242,3340,3492,3541,3599,3668,3814,3922,4065,4230,4373,4548,4649,4698,4813,4923,4974
"Nanaimo B (RDA), British Columbia",5921014,3656,3734,3825,3935,4031,4127,4168,4091,4128,4058,4070,4099,4019,4093,4094,4131,4207,4337,4401,4487,4597,4607,4694,4728,4702
"Columbia-Shuswap D (RDA), British Columbia",5939039,4057,4018,4000,3963,3977,3987,4042,4199,4039,4174,4085,4124,4077,4053,4170,4197,4211,4319,4442,4470,4584,4677,4857,4826,4829
"Vanderhoof (DM), British Columbia",5951007,4543,4426,4348,4322,4220,4183,4268,4354,4420,4530,4569,4574,4587,4594,4595,4630,4575,4547,4573,4531,4537,4549,4563,4553,4545
"Fraser-Fort George D (RDA), British Columbia",5953044,4688,4617,4544,4500,4487,4486,4523,4420,4351,4363,4231,4260,4258,4218,4326,4466,4548,4542,4522,4525,4535,4623,4740,4815,4802
"North Okanagan F (RDA), British Columbia",5937041,4019,4038,4076,4111,4172,4175,4071,4074,4152,4019,3993,3901,4083,3990,4044,4164,4179,4333,4329,4414,4502,4699,4730,4842,4969
"Central Okanagan (RDA), British Columbia",5935012,3510,3544,3598,3653,3699,3744,3834,3905,3850,3878,3838,3757,3827,3882,3843,3987,4131,4165,4269,4264,4416,4650,4776,4822,4784
"Cowichan Valley E (RDA), British Columbia",5919051,3944,3934,3958,3984,3984,3972,3927,3910,3957,3916,3928,3938,3973,4070,4172,4292,4401,4364,4443,4370,4412,4489,4527,4459,4482
"Nanaimo H (RDA), British Columbia",5921036,3222,3265,3314,3390,3471,3523,3466,3525,3482,3460,3556,3696,3704,3825,3854,4008,4081,4255,4319,4299,4411,4508,4620,4767,4815
"Bowen Island (IM), British Columbia",5915062,3056,3129,3191,3260,3349,3439,3450,3412,3424,3471,3447,3614,3672,3699,3752,3827,4001,4128,4199,4229,4401,4427,4524,4613,4501
"Sparwood (DM), British Columbia",5901006,3963,3911,3851,3781,3735,3728,3795,3841,3824,3786,3745,3848,3855,3960,3970,3946,3995,4106,4193,4230,4345,4455,4428,4449,4486
"Rossland (CY), British Columbia",5905023,3793,3674,3575,3465,3423,3360,3389,3508,3609,3608,3622,3682,3714,3804,3819,3908,3954,4041,4170,4159,4328,4335,4329,4326,4355
"Strathcona D (Oyster Bay - Buttle Lake) (RDA), British Columbia",5924042,4017,3972,3970,3982,3986,3993,3960,3867,3791,3784,3678,3743,3807,3896,3953,4126,4261,4251,4263,4271,4272,4446,4445,4504,4546
"Cariboo E (RDA), British Columbia",5941012,4844,4709,4612,4540,4489,4443,4466,4385,4295,4228,4200,4139,4132,4206,4158,4232,4197,4278,4278,4277,4258,4322,4286,4279,4242
"Central Kootenay F (RDA), British Columbia",5903043,4057,3981,3919,3888,3858,3830,3847,3963,3977,3973,4019,4022,4233,4173,4113,4123,4110,4105,4111,4208,4254,4202,4285,4254,4209
"Grand Forks (CY), British Columbia",5905032,4206,4145,4099,4043,4085,4127,4123,4132,4113,4091,4038,4047,4052,4082,4115,4166,4179,4208,4220,4201,4233,4275,4297,4314,4308
"Thompson-Nicola P (Rivers and the Peaks) (RDA), British Columbia",5933044,3478,3499,3554,3610,3673,3759,3787,3787,3572,3579,3675,3642,3701,3756,3681,3835,3994,4124,4146,4178,4233,4423,4545,4606,4540
"Golden (T), British Columbia",5939007,4207,4125,4069,3992,3949,3917,3866,3821,3868,3780,3796,3774,3784,3772,3823,3882,3946,4004,4071,4116,4187,4296,4390,4431,4433
"Okanagan-Similkameen D (RDA), British Columbia",5907047,3793,3808,3822,3845,3840,3850,3851,3849,3767,3771,3690,3629,3708,3720,3794,3885,3985,4050,4068,4089,4118,4130,4111,4055,4002
"Northern Rockies (RGM), British Columbia",5959007,5426,5488,5648,5830,5881,5858,5673,5432,5394,5430,5406,5590,5459,5360,5112,4981,4657,4390,4208,4075,4111,4104,4094,4132,4144
"Okanagan-Similkameen C (RDA), British Columbia",5907028,4292,4223,4169,4116,4040,3938,3880,3821,3712,3594,3511,3477,3481,3552,3599,3674,3765,3866,3957,4029,4109,4175,4233,4203,4103
"Kitimat-Stikine E (RDA), British Columbia",5949018,4639,4482,4390,4277,4180,4112,4191,4179,4127,4078,4055,4056,4129,4142,4134,4167,4059,4061,4114,4141,4104,4154,4122,4116,4153
"Port Hardy (DM), British Columbia",5943023,4759,4550,4339,4190,4061,3877,3966,4070,4066,4122,4057,4204,4215,4244,4244,4252,4280,4183,4251,4065,4079,4166,4188,4169,4201
"Invermere (DM), British Columbia",5901039,2978,2988,2997,3019,3043,3080,3081,3093,3076,3040,3010,3096,3200,3316,3424,3541,3621,3691,3828,3939,4073,4136,4196,4272,4305
"Kamloops 1 (IRI), British Columbia",5933880,1487,1545,1617,1692,1763,1851,2018,2186,2343,2498,2642,2793,2908,3013,3039,3165,3357,3571,3748,3910,4042,4244,4396,4338,4362
"Central Kootenay E (RDA), British Columbia",5903041,3674,3666,3673,3712,3761,3797,3879,3872,3911,3849,3839,3747,3755,3845,3845,3915,3966,4017,4035,3985,4024,4113,4219,4269,4309
"Sunshine Coast E (RDA), British Columbia",5929026,3448,3505,3524,3565,3609,3633,3649,3730,3623,3609,3517,3573,3624,3654,3745,3785,3858,3893,3926,3870,4024,4041,4195,4218,4279
"Cariboo B (RDA), British Columbia",5941021,4500,4357,4226,4117,4037,3958,4008,4043,4041,4048,4067,4093,4056,3997,3971,3989,3969,4062,4087,4016,3987,4105,4154,4187,4169
"Lantzville (DM), British Columbia",5921008,3794,3768,3763,3772,3761,3738,3739,3739,3762,3745,3630,3605,3645,3666,3654,3745,3761,3831,3842,3892,3938,4024,4093,4243,4276
"Fraser-Fort George C (RDA), British Columbia",5953042,3292,3260,3240,3246,3271,3298,3397,3466,3419,3440,3499,3514,3484,3510,3599,3672,3631,3741,3728,3700,3743,3778,3818,3838,3811
"Central Kootenay J (RDA), British Columbia",5903058,3054,2986,2944,2903,2884,2861,2901,2959,2965,2984,3053,3088,3095,3128,3218,3264,3399,3520,3508,3613,3655,3780,3858,3885,3915
"Cowichan Valley D (RDA), British Columbia",5919013,2798,2797,2819,2856,2865,2914,3033,3112,3048,3008,3010,3087,3116,3201,3234,3369,3466,3549,3554,3614,3649,3639,3621,3747,3713
"Sunshine Coast D (RDA), British Columbia",5929024,3227,3262,3280,3323,3364,3371,3431,3388,3392,3304,3285,3321,3392,3433,3507,3524,3518,3546,3574,3584,3641,3689,3781,3749,3779
"Bulkley-Nechako F (RDA), British Columbia",5951019,3495,3413,3357,3335,3261,3225,3293,3345,3472,3682,3758,3756,3751,3757,3769,3805,3740,3713,3704,3659,3639,3648,3657,3655,3643
"East Kootenay F (RDA), British Columbia",5901046,2717,2774,2830,2876,2935,2986,2938,2901,2839,2758,2661,2726,2616,2700,2743,2840,2962,3065,3312,3473,3637,3715,3801,3867,3893
"Pemberton (VL), British Columbia",5931012,1798,1911,2018,2144,2249,2359,2421,2468,2518,2511,2508,2537,2573,2632,2617,2730,2926,3069,3246,3365,3622,3746,3759,3770,3620
"Fraser-Fort George A (RDA), British Columbia",5953038,3535,3466,3394,3358,3350,3355,3428,3428,3402,3407,3431,3476,3485,3583,3567,3613,3642,3626,3601,3612,3608,3711,3767,3804,3764
"Nanaimo C (RDA), British Columbia",5921016,2023,2114,2222,2353,2473,2580,2644,2711,2766,2826,2881,2846,2891,2870,2874,2943,3008,3140,3260,3373,3480,3583,3688,3672,3733
"Columbia-Shuswap A (RDA), British Columbia",5939011,3282,3243,3221,3183,3187,3188,3180,3180,3147,3117,3135,3139,3169,3182,3233,3283,3322,3358,3400,3422,3469,3559,3636,3670,3672
"Thompson-Nicola L (Grasslands) (RDA), British Columbia",5933060,2955,2943,2955,2978,3010,3036,3080,3119,3128,3113,3067,3047,3042,3030,3023,3055,3149,3254,3313,3342,3447,3493,3551,3640,3543
"Lake Cowichan (T), British Columbia",5919016,3014,3010,3029,3055,3072,3081,3064,3066,3059,3036,3026,3063,3113,3193,3261,3357,3354,3395,3433,3501,3432,3524,3607,3694,3757
"Mackenzie (DM), British Columbia",5953033,5403,5198,5006,4870,4756,4682,4657,4321,3577,3437,3595,3588,3708,3772,3825,3891,3809,3867,3866,3667,3389,3372,3375,3392,3442
"North Okanagan B (RDA), British Columbia",5937017,3162,3180,3207,3230,3270,3274,3283,3270,3218,3147,3084,3069,3128,3205,3256,3320,3335,3360,3347,3354,3387,3456,3484,3459,3415
"Kootenay Boundary D / Rural Grand Forks (RDA), British Columbia",5905052,3363,3296,3252,3208,3229,3233,3311,3272,3306,3301,3197,3346,3308,3281,3255,3316,3351,3345,3276,3202,3333,3422,3463,3549,3570
"Okanagan (Part) 1 (IRI), North Okanagan, British Columbia",5937801,1862,1919,1993,2066,2155,2229,2340,2438,2512,2569,2608,2659,2700,2768,2831,2928,3008,3084,3160,3237,3323,3386,3440,3467,3482
"Columbia-Shuswap F (RDA), British Columbia",5939044,2212,2318,2437,2538,2662,2765,2697,2634,2541,2447,2382,2385,2406,2414,2460,2539,2629,2742,2922,3084,3283,3368,3441,3473,3475
"Houston (DM), British Columbia",5951034,3698,3577,3476,3415,3318,3265,3252,3294,3262,3263,3192,3190,3184,3241,3126,3112,3099,3112,3131,3179,3181,3185,3197,3154,3114
"Tzeachten 13 (IRI), British Columbia",5909830,1075,1097,1127,1162,1185,1212,1266,1321,1373,1426,1496,1675,1851,2029,2210,2410,2616,2791,2929,3104,3144,3616,4075,4580,4899
"Enderby (CY), British Columbia",5937033,2927,2902,2892,2888,2897,2891,2943,2977,2984,2980,2960,3018,2930,3015,3023,3057,3097,3019,3085,3163,3129,3201,3252,3278,3292
"Sunshine Coast A (RDA), British Columbia",5929018,2455,2497,2544,2588,2622,2652,2630,2608,2662,2701,2686,2682,2647,2617,2611,2694,2762,2837,2908,3035,3119,3173,3194,3233,3256
"Kootenay Boundary E / West Boundary (RDA), British Columbia",5905054,2261,2231,2230,2227,2263,2270,2219,2174,2113,2052,1990,2030,2058,2112,2156,2246,2419,2607,2781,2946,3097,3171,3274,3369,3361
"Kitimat-Stikine C (Part 1) (RDA), British Columbia",5949013,3076,3002,2957,2919,2892,2868,2826,2818,2802,2760,2732,2768,2818,2891,2916,2937,2952,2970,3005,3044,3084,3066,3151,3166,3189
"Sunshine Coast B (RDA), British Columbia",5929022,2446,2486,2508,2542,2579,2598,2629,2668,2685,2690,2707,2634,2620,2681,2748,2819,2795,2772,2925,2930,3057,3132,3167,3146,3130
"Alberni-Clayoquot E (RDA), British Columbia",5923037,2870,2857,2870,2874,2898,2886,2932,2913,2920,2900,2932,2816,2812,2783,2801,2858,2888,2920,2947,3000,3049,3052,3104,3090,3069
"Capilano 5 (IRI), British Columbia",5915808,2321,2366,2412,2463,2527,2578,2607,2648,2699,2740,2771,2838,2900,2966,3007,3067,3053,3051,3061,3049,3026,3120,3247,3371,3376
"Central Okanagan West (RDA), British Columbia",5935020,1647,1670,1705,1741,1774,1815,1844,1891,1926,1961,1981,1974,2031,1980,2028,2087,2334,2548,2655,2790,3013,3103,3184,3259,3298
"North Okanagan D (RDA), British Columbia",5937022,2959,2925,2917,2921,2927,2904,2943,2963,2952,2916,2880,2847,2804,2792,2770,2781,2920,2982,2979,3026,3003,3003,3134,3169,3184
"Princeton (T), British Columbia",5907024,2817,2822,2831,2841,2835,2821,2838,2843,2832,2812,2747,2843,2788,2819,2841,2934,2813,2819,2807,2993,3000,3066,3098,3133,3050
"Cariboo D (RDA), British Columbia",5941010,3428,3332,3260,3201,3181,3162,3214,3227,3191,3121,3033,2974,2980,2981,2996,3052,3029,3018,2999,3023,2969,2945,3035,3057,3057
"Elkford (DM), British Columbia",5901003,2689,2652,2607,2565,2535,2537,2525,2525,2552,2581,2586,2575,2624,2629,2633,2608,2667,2741,2808,2827,2873,2913,2967,2969,3030
"Strathcona C (RDA), British Columbia",5924054,2642,2590,2565,2566,2550,2525,2556,2599,2606,2581,2628,2575,2507,2464,2466,2521,2552,2631,2713,2732,2820,2902,2975,2984,2981
"Peace River E (RDA), British Columbia",5955023,3252,3219,3177,3149,3104,3105,3074,3010,2945,2871,2811,2903,2987,3062,3084,3061,2999,2948,2894,2822,2752,2794,2720,2726,2737
"Central Kootenay I (RDA), British Columbia",5903056,2543,2511,2489,2488,2484,2476,2503,2599,2599,2617,2611,2567,2592,2543,2591,2629,2582,2603,2669,2705,2708,2738,2749,2792,2758
"Sicamous (DM), British Columbia",5939045,2818,2782,2768,2740,2731,2720,2680,2646,2579,2509,2467,2449,2452,2443,2470,2509,2555,2601,2718,2658,2695,2765,2825,2852,2854
"Cowichan Valley H (RDA), British Columbia",5919017,2265,2249,2260,2278,2298,2323,2343,2320,2349,2338,2358,2352,2392,2476,2489,2527,2613,2666,2645,2669,2681,2752,2703,2742,2761
"Tofino (DM), British Columbia",5923025,1547,1554,1593,1631,1682,1729,1722,1762,1838,1899,1947,1972,1978,2046,2063,2080,2210,2321,2519,2619,2664,2716,2734,2754,2772
"Highlands (DM), British Columbia",5917049,1750,1792,1830,1867,1912,1961,1966,1963,2036,2081,2170,2226,2244,2292,2311,2323,2409,2468,2514,2527,2581,2691,2713,2746,2753
"Fraser Valley H (RDA), British Columbia",5909035,1855,1851,1855,1864,1873,1874,1864,1853,1837,1816,1796,1814,1828,1845,1871,1931,2060,2197,2326,2435,2555,2601,2659,2761,2773
"Cowichan (IRI), British Columbia",5919822,1272,1359,1463,1576,1709,1853,1955,2069,2180,2287,2375,2325,2281,2252,2198,2175,2263,2347,2422,2489,2548,2599,2534,2552,2509
"Tumbler Ridge (DM), British Columbia",5955003,1926,2030,2152,2274,2383,2527,2592,2632,2675,2711,2760,2589,2506,2378,2214,2060,2132,2301,2423,2394,2513,2513,2668,2717,2663
"Cowichan Valley G (RDA), British Columbia",5919015,2265,2259,2266,2269,2272,2280,2265,2267,2261,2244,2234,2218,2351,2297,2332,2377,2436,2473,2469,2507,2509,2551,2545,2585,2597
"Burrard Inlet 3 (IRI), British Columbia",5915806,1556,1595,1633,1670,1707,1741,1744,1756,1776,1794,1809,1926,2057,2175,2216,2228,2252,2426,2405,2410,2488,2699,2741,2718,2820
"Sunshine Coast F (RDA), British Columbia",5929028,2053,2100,2140,2191,2237,2281,2293,2160,2146,2032,2036,2072,2100,2086,2119,2105,2213,2322,2397,2417,2488,2655,2580,2626,2691
"Clearwater (DM), British Columbia",5933067,2601,2512,2449,2389,2327,2279,2319,2358,2378,2379,2358,2357,2362,2368,2377,2417,2432,2390,2390,2425,2462,2475,2447,2553,2500
"Chase (VL), British Columbia",5933054,2551,2509,2487,2466,2457,2452,2486,2519,2532,2536,2510,2467,2433,2394,2352,2347,2379,2428,2448,2457,2459,2514,2562,2596,2591
"Anmore (VL), British Columbia",5915038,1406,1487,1567,1654,1746,1855,1962,2049,2081,2097,2145,2224,2254,2303,2292,2316,2430,2419,2453,2452,2456,2527,2538,2577,2508
"Port McNeill (T), British Columbia",5943012,2906,2843,2770,2738,2733,2685,2676,2631,2594,2539,2540,2460,2429,2431,2433,2419,2428,2399,2378,2412,2450,2446,2390,2406,2402
"Chetwynd (DM), British Columbia",5955010,2705,2695,2696,2698,2702,2728,2756,2752,2743,2724,2709,2720,2720,2707,2659,2624,2582,2549,2512,2463,2420,2430,2443,2474,2484
"Okanagan-Similkameen I (RDA), British Columbia",5907048,2235,2245,2255,2270,2270,2276,2277,2277,2230,2232,2185,2152,2192,2198,2240,2290,2339,2365,2365,2365,2375,2475,2420,2375,2372
"Lillooet (DM), British Columbia",5931026,2815,2754,2670,2575,2467,2355,2414,2459,2420,2387,2347,2356,2345,2338,2298,2361,2383,2365,2351,2376,2383,2332,2398,2255,2065
"Tsawwassen (TWL), British Columbia",5915802,587,629,670,709,751,779,766,757,753,744,735,758,781,805,822,864,1073,1218,1369,1834,2357,2430,2529,2625,2629
"Okanagan-Similkameen G (RDA), British Columbia",5907053,2041,2085,2122,2175,2211,2237,2249,2263,2252,2238,2222,2225,2150,2133,2140,2194,2243,2276,2319,2353,2355,2423,2471,2455,2402
"Logan Lake (DM), British Columbia",5933035,2258,2235,2210,2209,2198,2205,2171,2191,2136,2104,2085,2032,1965,2000,2055,2048,2115,2180,2183,2290,2325,2384,2365,2347,2337
"Central Kootenay A (RDA), British Columbia",5903010,2201,2155,2124,2105,2080,2070,2061,2094,2121,2127,2030,1992,1958,1940,1970,1985,2072,2124,2186,2216,2306,2458,2506,2620,2668
"Okanagan-Similkameen H (RDA), British Columbia",5907055,1937,1985,2017,2064,2099,2120,2045,1899,1904,1755,1778,1738,1817,1848,1903,1998,2055,2111,2180,2236,2290,2208,2246,2289,2372
"qathet C (RDA), British Columbia",5927016,2202,2154,2123,2120,2107,2107,2099,2096,2060,2063,2024,2031,2048,2060,2071,2131,2163,2137,2179,2213,2253,2329,2330,2373,2409
"Okanagan-Similkameen A (RDA), British Columbia",5907022,1979,1970,1976,1979,1977,1957,1964,1971,1953,1929,1910,1929,1808,1826,1862,1916,1908,1995,2055,2151,2223,2252,2326,2355,2429
"Ucluelet (DM), British Columbia",5923019,1634,1594,1574,1558,1551,1548,1471,1549,1582,1652,1672,1642,1697,1649,1701,1808,1920,1881,1941,2060,2179,2198,2265,2372,2452
"Fraser Valley D (RDA), British Columbia",5909034,1077,1119,1164,1225,1275,1330,1343,1358,1367,1373,1374,1406,1437,1475,1522,1619,1740,1821,1871,2026,2171,2208,2269,2361,2401
"Okanagan-Similkameen F (RDA), British Columbia",5907051,2062,2061,2061,2068,2059,2049,2078,2131,2060,2169,2117,2021,2048,2074,1980,2106,2034,2116,2104,2101,2167,2202,2233,2152,2149
"Lumby (VL), British Columbia",5937005,1684,1674,1668,1663,1670,1677,1709,1733,1742,1746,1764,1787,1802,1839,1874,1909,1959,2004,2053,2099,2145,2194,2229,2247,2257
"Penticton 1 (IRI), British Columbia",5907803,943,1046,1156,1265,1378,1495,1539,1586,1618,1650,1693,1734,1731,1761,1780,1829,1973,2020,2063,2096,2134,2147,2146,2143,2147
"Squamish-Lillooet C (RDA), British Columbia",5931017,1487,1560,1635,1724,1799,1848,1849,1848,1842,1796,1758,1757,1741,1730,1693,1731,1855,1965,1973,2077,2104,2105,2228,2123,2027
"East Kootenay B (RDA), British Columbia",5901019,1914,1897,1880,1861,1845,1860,1851,1813,1813,1810,1777,1827,1890,1940,1984,2049,2057,2107,2111,2084,2079,2176,2222,2240,2221
"Okanagan-Similkameen E (RDA), British Columbia",5907049,2081,2078,2066,2066,2066,2036,2000,1920,1942,1855,1867,1846,1881,1931,1940,1963,1935,1967,1964,1989,2077,2065,2120,2088,2077
"Alberni-Clayoquot F (RDA), British Columbia",5923039,1959,1923,1927,1925,1941,1918,1919,1929,1937,1938,1927,1920,1934,2040,1990,1996,1995,2047,2044,2018,2038,2107,2129,2154,2141
"Fruitvale (VL), British Columbia",5905005,2101,2054,2024,1993,1996,1988,1994,2012,2021,2031,2039,2019,1993,1987,1975,1987,1993,2012,2019,2015,2033,2059,2065,2073,2068
"Burns Lake (VL), British Columbia",5951022,2031,2033,2058,2103,2135,2171,2149,2130,2104,2096,2068,2028,1982,1941,1888,1859,1874,1908,1949,1974,2004,2010,2015,2013,2007
"One Hundred Mile House (DM), British Columbia",5941005,1807,1807,1832,1860,1900,1931,1940,1940,1923,1915,1918,1922,1936,1958,1971,1983,1988,1999,2000,1987,1993,2003,2013,2022,2030
"Harrison Hot Springs (VL), British Columbia",5909027,1398,1430,1474,1521,1569,1606,1526,1555,1536,1506,1479,1438,1444,1478,1479,1525,1617,1717,1811,1889,1975,2017,2041,2105,2148
"Kootenay Boundary A (RDA), British Columbia",5905026,2068,2042,2024,2024,2041,2033,2003,1983,1950,1916,1875,1886,1886,1909,1926,1959,1959,1971,1971,1962,1974,1999,2005,2012,2008
"East Kootenay A (RDA), British Columbia",5901017,1661,1653,1654,1655,1658,1669,1683,1700,1704,1698,1681,1688,1704,1721,1733,1757,1789,1829,1880,1916,1954,1996,2042,2078,2092
"Cariboo H (RDA), British Columbia",5941016,1903,1872,1827,1802,1781,1770,1708,1648,1619,1621,1588,1625,1673,1728,1784,1835,1884,1930,1943,1942,1936,2003,2008,2072,2047
"New Songhees 1A (IRI), British Columbia",5917812,1942,1893,1847,1803,1746,1677,1675,1676,1686,1697,1707,1702,1718,1708,1883,1910,1981,1884,1855,1889,1914,1969,1998,2038,2052
"Alberni-Clayoquot D (RDA), British Columbia",5923035,2078,2052,2056,2054,2056,2049,2000,1996,1894,1785,1704,1734,1698,1729,1663,1667,1678,1707,1756,1788,1907,1902,1904,1889,1875
"Duck Lake 7 (IRI), British Columbia",5935801,2039,2014,2000,1987,1968,1955,1938,1952,1919,1929,1926,1810,1780,1759,1752,1712,1787,1838,1855,1859,1900,1967,2018,2066,2091
"Nisga'a (NL), British Columbia",5949035,1897,1893,1912,1937,1954,1961,1956,1929,1886,1894,1957,1958,1897,1987,1969,1958,1930,1868,1908,1850,1867,1824,1779,1838,1803
"Cowichan Valley F (RDA), British Columbia",5919033,1769,1747,1743,1740,1738,1714,1717,1725,1744,1707,1665,1599,1561,1624,1670,1694,1738,1779,1812,1841,1860,1834,1844,1882,1837
"Thompson-Nicola J (Copper Desert Country) (RDA), British Columbia",5933039,1571,1576,1591,1601,1621,1647,1584,1651,1615,1584,1586,1630,1585,1664,1703,1623,1698,1717,1740,1798,1858,1899,1936,1962,1958
"Central Kootenay K (RDA), British Columbia",5903060,2053,2001,1954,1914,1868,1827,1818,1818,1807,1797,1768,1749,1732,1728,1640,1740,1704,1736,1711,1804,1839,1884,1923,1954,1965
"Tsinstikeptum 10 (IRI), British Columbia",5935803,896,931,963,998,1026,1066,1090,1127,1162,1194,1210,1258,1304,1356,1413,1480,1548,1622,1692,1764,1833,1896,1945,1991,2081
"East Saanich 2 (IRI), British Columbia",5917803,1484,1520,1554,1583,1623,1667,1678,1694,1714,1722,1720,1719,1717,1716,1713,1737,1756,1777,1800,1818,1832,1883,1911,1949,1962
"Warfield (VL), British Columbia",5905018,1813,1789,1770,1754,1764,1762,1771,1766,1739,1727,1729,1663,1662,1695,1694,1749,1743,1745,1734,1765,1830,1822,1761,1746,1729
"Barriere (DM), British Columbia",5933074,1620,1576,1539,1514,1487,1469,1549,1627,1694,1749,1788,1777,1771,1765,1761,1767,1784,1813,1821,1820,1816,1856,1892,1917,1913
"Bulkley-Nechako B (RDA), British Columbia",5951028,2301,2252,2228,2212,2174,2153,2140,2129,2110,2103,2074,2053,2027,2005,1972,1949,1895,1862,1837,1795,1767,1772,1777,1775,1769
"Fraser Valley G (RDA), British Columbia",5909062,1901,1915,1931,1956,1972,1965,1934,1905,1868,1829,1795,1798,1797,1799,1814,1842,1805,1886,1850,1809,1763,1752,1796,1808,1808
"East Kootenay E (RDA), British Columbia",5901037,1887,1854,1825,1790,1768,1757,1793,1741,1704,1635,1661,1610,1670,1720,1758,1804,1782,1728,1726,1755,1743,1829,1899,1895,1881
"East Kootenay G (RDA), British Columbia",5901048,1709,1689,1673,1629,1609,1617,1568,1541,1519,1484,1436,1460,1440,1446,1481,1521,1596,1693,1691,1698,1724,1776,1877,1895,1952
"qathet B (RDA), British Columbia",5927012,1497,1477,1467,1468,1501,1511,1513,1518,1508,1515,1498,1506,1524,1536,1546,1589,1609,1648,1691,1695,1712,1752,1725,1717,1714
"Central Kootenay G (RDA), British Columbia",5903047,1422,1453,1497,1541,1592,1647,1643,1650,1647,1649,1627,1699,1702,1649,1701,1692,1693,1761,1739,1752,1707,1708,1748,1830,1795
"Musqueam 2 (IRI), British Columbia",5915803,1350,1363,1372,1377,1393,1411,1426,1426,1448,1575,1606,1623,1618,1695,1725,1718,1745,1751,1747,1793,1707,1728,1790,1876,1879
"Ashcroft (VL), British Columbia",5933019,1871,1824,1774,1738,1711,1686,1674,1707,1712,1631,1646,1582,1663,1624,1544,1608,1697,1631,1639,1686,1705,1737,1730,1720,1744
"Thompson-Nicola M (Beautiful Nicola Valley - North) (RDA), British Columbia",5933008,1863,1841,1834,1826,1830,1840,1864,1884,1887,1874,1839,1788,1747,1705,1664,1652,1665,1691,1695,1691,1695,1713,1779,1755,1731
"Kootenay Boundary C / Christina Lake (RDA), British Columbia",5905050,1512,1485,1475,1455,1456,1452,1478,1468,1449,1403,1400,1398,1367,1381,1369,1372,1432,1463,1519,1594,1673,1679,1695,1696,1666
"Bulkley-Nechako D (RDA), British Columbia",5951017,1790,1755,1735,1726,1709,1724,1761,1760,1745,1742,1744,1698,1647,1601,1550,1534,1508,1523,1559,1567,1665,1761,1759,1747,1772
"Fraser-Fort George H (RDA), British Columbia",5953019,2078,2035,1981,1936,1929,1913,1885,1839,1775,1726,1684,1665,1656,1644,1637,1640,1646,1659,1662,1658,1659,1578,1689,1671,1604
"Keremeos (VL), British Columbia",5907009,1244,1254,1267,1290,1303,1305,1318,1331,1329,1326,1340,1354,1382,1435,1483,1531,1529,1581,1581,1603,1648,1682,1729,1805,1779
"Nakusp (VL), British Columbia",5903050,1765,1713,1674,1632,1595,1555,1566,1584,1592,1597,1586,1583,1580,1595,1619,1637,1698,1692,1717,1657,1640,1667,1702,1730,1740
"Thompson-Nicola A (Wells Gray Country) (RDA), British Columbia",5933068,1957,1891,1837,1787,1743,1708,1701,1692,1664,1616,1550,1550,1556,1518,1518,1553,1591,1699,1677,1659,1631,1677,1723,1746,1766
"Fraser Valley E (RDA), British Columbia",5909036,1666,1664,1671,1682,1688,1683,1672,1662,1646,1629,1610,1603,1593,1584,1587,1602,1610,1624,1631,1624,1625,1646,1695,1768,1748
"Thompson-Nicola O (Lower North Thompson) (RDA), British Columbia",5933072,1760,1720,1681,1642,1615,1579,1551,1523,1478,1420,1354,1289,1285,1353,1352,1366,1384,1492,1559,1569,1569,1603,1634,1656,1653
"Bulkley-Nechako E (RDA), British Columbia",5951031,1794,1767,1772,1797,1793,1802,1746,1688,1625,1574,1525,1547,1569,1593,1615,1641,1683,1663,1603,1528,1566,1580,1577,1594,1631
"Telkwa (VL), British Columbia",5951038,1428,1396,1380,1373,1353,1326,1313,1328,1344,1335,1387,1369,1384,1350,1361,1393,1433,1460,1483,1518,1543,1546,1551,1549,1544
"Cariboo I (RDA), British Columbia",5941027,1834,1784,1757,1729,1710,1682,1730,1677,1692,1597,1521,1531,1514,1539,1504,1479,1515,1510,1515,1536,1537,1595,1636,1660,1707
"Central Kootenay C (RDA), British Columbia",5903017,1328,1309,1301,1298,1299,1301,1318,1343,1359,1375,1378,1391,1408,1439,1474,1526,1512,1492,1490,1489,1523,1569,1643,1663,1672
"Central Kootenay D (RDA), British Columbia",5903039,1560,1543,1538,1549,1543,1548,1495,1412,1385,1399,1429,1455,1373,1341,1424,1371,1417,1437,1458,1514,1505,1531,1562,1587,1596
"Kitimat-Stikine B (RDA), British Columbia",5949028,2002,1901,1839,1774,1700,1638,1574,1638,1650,1649,1509,1406,1473,1552,1493,1520,1545,1552,1530,1493,1501,1623,1640,1632,1617
"Osoyoos 1 (IRI), British Columbia",5907802,592,593,596,602,604,613,623,634,637,640,641,657,679,715,747,812,887,1048,1180,1360,1475,1484,1483,1481,1484
"Kootenay Boundary B / Lower Columbia-Old-Glory (RDA), British Columbia",5905030,1645,1593,1553,1503,1474,1445,1436,1436,1428,1420,1416,1429,1456,1450,1519,1490,1482,1485,1479,1466,1470,1504,1457,1435,1432
"Sun Peaks Mountain (VL), British Columbia",5933045,405,411,417,422,427,435,431,424,412,399,383,441,494,588,617,680,836,1028,1227,1364,1467,1499,1528,1549,1546
"Cowichan Valley I (RDA), British Columbia",5919035,1186,1175,1182,1194,1188,1193,1178,1175,1166,1150,1123,1161,1133,1204,1242,1251,1300,1348,1391,1428,1462,1486,1497,1511,1521
"Fraser Valley F (RDA), British Columbia",5909060,1288,1299,1321,1347,1370,1375,1459,1358,1368,1355,1322,1389,1366,1317,1273,1361,1379,1364,1402,1399,1445,1461,1498,1537,1556
"Fort St. James (DM), British Columbia",5951013,1996,1853,1727,1617,1492,1397,1463,1534,1595,1667,1723,1702,1666,1719,1702,1647,1655,1653,1617,1506,1437,1455,1379,1470,1542
"Columbia-Shuswap E (RDA), British Columbia",5939043,1550,1541,1543,1541,1548,1551,1513,1479,1431,1385,1350,1313,1287,1253,1239,1228,1284,1360,1366,1458,1435,1471,1503,1517,1518
"Lions Bay (VL), British Columbia",5915065,1423,1410,1392,1378,1369,1355,1355,1352,1330,1330,1337,1317,1291,1337,1370,1387,1400,1420,1428,1438,1432,1456,1459,1460,1375
"Radium Hot Springs (VL), British Columbia",5901040,612,639,657,685,718,761,774,819,863,827,783,791,785,801,845,814,934,1011,1142,1255,1392,1421,1454,1479,1489
"Taylor (DM), British Columbia",5955030,1199,1235,1277,1320,1368,1442,1437,1414,1431,1472,1421,1460,1489,1513,1522,1538,1505,1478,1448,1413,1380,1384,1392,1410,1415
"Mount Currie (IRI), British Columbia",5931843,1099,1123,1144,1169,1187,1219,1268,1312,1331,1314,1350,1345,1272,1370,1307,1353,1369,1370,1308,1273,1321,1414,1349,1333,1298
"Bulkley-Nechako C (RDA), British Columbia",5951015,1757,1675,1604,1543,1465,1391,1407,1423,1428,1445,1446,1463,1426,1396,1406,1484,1427,1422,1381,1332,1310,1314,1317,1316,1312
"Fraser-Fort George F (RDA), British Columbia",5953048,1460,1415,1375,1347,1327,1325,1313,1304,1232,1240,1232,1202,1210,1216,1248,1295,1299,1308,1310,1307,1292,1328,1374,1387,1402
"Gold River (VL), British Columbia",5924025,1408,1390,1381,1388,1388,1391,1396,1402,1348,1335,1279,1338,1319,1285,1256,1246,1267,1251,1278,1286,1286,1316,1289,1301,1339
"Cariboo C (RDA), British Columbia",5941026,1374,1324,1278,1241,1207,1195,1170,1203,1234,1247,1246,1263,1236,1248,1237,1275,1293,1249,1252,1263,1284,1286,1279,1279,1289
"qathet A (RDA), British Columbia",5927010,1023,982,967,947,928,926,944,965,975,1001,1015,1034,1061,1086,1104,1138,1166,1198,1223,1254,1284,1340,1340,1340,1330
"Bella Bella 1 (IRI), British Columbia",5945801,1274,1254,1175,1151,1134,1065,1065,1045,1040,1088,1099,1096,1112,1062,1041,1050,1080,1106,1131,1158,1259,1287,1321,1343,1339
"Okanagan-Similkameen B (RDA), British Columbia",5907026,1170,1154,1136,1133,1119,1106,1122,1141,1149,1152,1151,1130,1103,1103,1100,1082,1113,1086,1099,1099,1197,1199,1184,1153,1190
"Salmo (VL), British Columbia",5903011,1163,1121,1090,1072,1045,1035,1092,1118,1087,1100,1168,1171,1151,1242,1158,1174,1203,1153,1193,1213,1171,1238,1253,1300,1310
"qathet D (RDA), British Columbia",5927018,1171,1146,1138,1124,1118,1120,1091,1099,1114,1053,1060,1060,1032,1046,1078,1100,1092,1119,1113,1078,1162,1185,1234,1230,1221
"Fraser Valley C (RDA), British Columbia",5909048,746,789,839,886,931,973,974,977,978,979,986,997,1008,1018,1034,1067,1092,1147,1156,1150,1153,1076,1090,1163,1155
"North Okanagan E (RDA), British Columbia",5937023,978,966,966,958,967,959,982,952,949,952,956,996,953,992,999,1058,1009,1098,1122,1090,1130,1242,1246,1280,1248
"Thompson-Nicola E (Bonaparte Plateau) (RDA), British Columbia",5933032,1320,1328,1339,1359,1381,1397,1273,1255,1203,1134,1073,1080,1088,1095,1103,1119,1130,1076,1087,1096,1109,1131,1153,1169,1167
"Squamish-Lillooet D (RDA), British Columbia",5931021,773,793,823,836,846,854,862,869,873,855,859,950,997,1024,1014,1105,1119,1119,1125,1072,1106,1076,1125,1084,1055
"Strathcona B (RDA), British Columbia",5924052,975,973,985,1009,1041,1064,1037,1013,1019,1033,1013,1002,994,1011,1035,1070,1069,1058,1051,1075,1091,1059,1053,1067,1074
"Valemount (VL), British Columbia",5953007,1287,1225,1174,1129,1086,1047,1052,1051,1038,1033,1038,1038,1045,1049,1058,1063,1071,1121,1037,1095,1091,1087,1055,1051,1082
"Kaslo (VL), British Columbia",5903023,1083,1080,1081,1081,1086,1093,1087,1089,1115,1074,1040,1025,1011,1005,999,999,1015,1033,1049,1064,1077,1096,1118,1136,1141
"Thompson-Nicola I (Blue Sky Country) (RDA), British Columbia",5933037,1282,1276,1275,1278,1291,1302,1370,1321,1267,1299,1271,1282,1234,1237,1278,1303,1214,1206,1200,1133,1076,1129,1136,1167,1189
"Montrose (VL), British Columbia",5905009,1110,1080,1063,1051,1051,1034,1063,1055,1052,1046,1037,1083,1092,1026,1007,1030,1032,1043,1046,1045,1055,1068,1071,1075,1072
"Fraser Lake (VL), British Columbia",5951009,1317,1271,1235,1205,1154,1144,1119,1222,1193,1172,1188,1150,1153,1121,1088,1023,1028,995,970,975,1008,947,981,957,942
"Skowkale (IRI), British Columbia",5909884,471,505,541,578,617,655,682,710,738,770,804,815,826,836,844,867,897,932,963,985,1007,1024,1052,1095,1114
"Cache Creek (VL), British Columbia",5933024,1092,1073,1058,1058,1053,1060,1071,1079,1079,1072,1048,1033,1023,1010,995,994,998,1011,1010,1005,999,1021,1041,1055,1053
"Hudson's Hope (DM), British Columbia",5955025,1074,1069,1059,1050,1038,1035,1031,1016,993,944,994,978,1023,1060,1020,1053,1040,1032,1022,1007,993,997,1002,1015,1019
"Queen Charlotte (VL), British Columbia",5947026,1071,1045,1019,1002,995,962,980,974,967,936,952,951,938,924,915,907,962,961,964,960,984,1002,1053,1058,999
"Bella Coola 1 (IRI), British Columbia",5945802,913,895,832,815,796,785,788,826,824,816,853,835,831,816,810,821,846,906,937,951,974,1002,1028,1045,1037
"Alberni-Clayoquot C (RDA), British Columbia",5923049,388,390,393,400,408,414,420,427,435,440,448,492,539,592,647,709,755,793,874,884,913,947,958,1013,1009
"Fraser Valley B (RDA), British Columbia",5909016,757,760,766,773,782,787,787,767,773,715,716,808,798,821,847,932,984,962,934,914,895,910,935,973,990
"Strathcona A (RDA), British Columbia",5924048,881,860,840,837,842,843,840,837,825,817,812,803,794,787,785,790,812,837,854,873,890,926,913,896,893
"Masset (VL), British Columbia",5947023,963,961,953,950,952,962,951,963,931,929,894,872,856,842,826,827,823,841,822,862,869,871,903,848,914
"Bulkley-Nechako G (RDA), British Columbia",5951053,1141,1112,1113,1112,1092,1075,1114,1044,1011,978,990,939,972,957,935,933,935,911,902,897,864,866,869,868,865
"Chemainus 13 (IRI), British Columbia",5919804,588,603,627,655,680,710,688,732,691,673,704,691,730,744,752,772,788,824,836,865,856,861,847,821,832
"Seabird Island (IRI), British Columbia",5909832,560,561,559,563,564,567,577,587,597,607,614,646,679,715,754,802,819,834,834,813,839,758,733,738,751
"Canal Flats (VL), British Columbia",5901043,784,766,752,730,718,714,761,765,770,758,727,720,716,712,705,698,722,749,780,804,830,848,868,883,889
"Sliammon 1 (TAL), British Columbia",5927802,705,684,675,669,692,696,710,724,729,738,739,732,730,726,723,735,739,773,804,806,827,815,821,854,862
"Marktosis 15 (IRI), British Columbia",5923808,587,601,622,644,670,686,695,688,678,694,715,716,714,727,697,649,658,723,788,759,799,814,819,825,831
"Pouce Coupe (VL), British Columbia",5955005,858,829,808,780,769,758,759,753,750,745,756,777,794,809,820,826,819,815,810,801,793,796,800,810,813
"Mount Waddington C (RDA), British Columbia",5943031,853,818,787,764,757,751,727,787,735,727,770,776,788,812,798,757,781,850,816,818,782,801,802,796,755
"Sechelt (Part) (IGD), Sunshine Coast, British Columbia",5929803,832,835,843,847,854,845,862,895,879,828,806,784,732,770,742,696,709,724,736,729,773,785,790,800,806
"Port Alice (VL), British Columbia",5943017,1152,1093,1009,944,888,826,884,867,835,850,808,795,796,778,711,679,654,672,690,711,763,772,772,780,789
"South Saanich 1 (IRI), British Columbia",5917804,611,608,606,598,597,596,637,681,730,785,841,851,861,868,865,858,835,812,792,768,747,768,779,794,799
"Thompson-Nicola N (Beautiful Nicola Valley - South) (RDA), British Columbia",5933012,736,750,780,808,830,855,846,835,815,788,754,757,762,770,775,787,780,779,769,754,738,755,770,780,779
"Skidegate 1 (IRI), British Columbia",5947804,772,774,768,778,784,794,780,772,757,740,731,754,771,793,841,866,839,811,782,752,728,728,727,732,729
"Greenwood (CY), British Columbia",5905042,688,667,660,653,633,634,649,669,685,701,705,742,706,665,689,680,687,698,705,708,718,727,729,732,730
"Belcarra (VL), British Columbia",5915036,704,702,696,694,691,690,691,666,666,657,655,658,674,665,647,667,686,705,686,686,710,725,735,720,702
"Mount Waddington A (RDA), British Columbia",5943037,753,773,806,852,910,961,932,908,874,831,803,788,783,770,750,732,750,782,763,753,707,702,709,702,689
"Columbia-Shuswap B (RDA), British Columbia",5939023,639,656,669,682,698,704,673,643,605,570,548,556,568,577,591,605,640,671,619,654,690,708,723,730,731
"Central Coast C (RDA), British Columbia",5945010,692,642,593,588,562,551,551,560,563,571,586,590,608,620,624,656,658,662,653,672,684,725,732,721,783
"Midway (VL), British Columbia",5905037,660,649,636,633,630,629,662,648,639,655,676,657,637,607,645,664,653,666,669,664,669,671,695,674,671
"Clinton (VL), British Columbia",5933028,670,649,638,631,620,609,649,651,638,661,638,618,602,624,647,663,623,672,680,652,659,646,698,682,707
"Lax Kw'alaams 1 (IRI), British Columbia",5947809,692,678,683,688,694,695,694,665,666,645,689,678,670,667,663,670,666,662,658,654,648,640,656,664,676
"Cariboo J (RDA), British Columbia",5941039,926,896,863,847,836,819,754,705,620,580,613,605,584,585,617,666,678,644,659,649,631,634,637,640,643
"New Hazelton (DM), British Columbia",5949024,779,733,707,684,667,641,643,652,660,664,675,662,650,641,623,600,602,604,610,617,625,629,641,655,666
"Tsahaheh 1 (IRI), British Columbia",5923816,341,356,376,395,422,437,463,511,574,596,596,587,586,575,564,570,561,577,621,636,620,631,648,634,601
"McBride (VL), British Columbia",5953012,741,717,698,690,687,678,666,650,626,606,596,602,611,618,629,637,635,633,628,620,608,614,626,639,646
"Kispiox 1 (IRI), British Columbia",5949813,679,655,635,629,630,631,614,602,588,570,549,563,579,597,608,623,595,621,620,584,607,577,574,590,597
"North Coast D (RDA), British Columbia",5947027,486,494,504,510,527,541,525,490,491,503,454,462,486,483,479,486,512,526,556,593,604,616,627,606,600
"Mission 1 (IRI), British Columbia",5915807,573,577,584,586,588,587,586,586,591,594,590,594,597,600,597,606,604,604,606,603,598,617,642,666,667
"Gitanmaax 1 (IRI), British Columbia",5949812,725,712,717,721,729,739,720,705,688,663,639,644,650,663,664,653,636,618,606,594,578,588,601,610,576
"Fraser-Fort George E (RDA), British Columbia",5953046,580,565,547,533,523,512,511,504,494,489,483,471,492,513,546,542,566,557,533,560,551,556,578,606,562
"Nak'azdli (IRI), British Columbia",5951803,489,491,494,498,507,512,521,528,534,544,546,555,577,598,587,577,593,567,552,538,551,552,554,553,551
"Alberni-Clayoquot B (RDA), British Columbia",5923033,519,505,499,492,488,485,479,476,472,469,461,458,454,456,454,460,476,495,515,531,550,560,564,568,572
"Stewart (DM), British Columbia",5949032,686,648,608,572,534,505,505,486,494,504,497,496,478,444,431,419,440,463,487,512,539,554,514,514,515
"Penelakut Island 7 (IRI), British Columbia",5919809,320,322,332,344,355,378,393,411,428,446,461,484,524,478,508,468,497,513,525,543,538,548,552,557,531
"Nicola Mameet 1 (IRI), British Columbia",5933807,464,464,467,472,482,502,530,558,586,604,615,608,600,588,574,555,554,556,552,545,536,535,535,547,520
"Campbell River 11 (IRI), British Columbia",5924804,300,311,330,349,371,393,398,408,416,425,433,461,435,415,425,400,426,454,479,504,526,549,553,545,519
"Chehalis 5 (IRI), British Columbia",5909839,485,500,522,543,562,579,576,574,570,564,551,550,549,546,549,561,556,551,544,532,524,533,547,569,579
"Kitamaat 2 (IRI), British Columbia",5949803,535,524,528,529,529,532,497,511,532,511,523,521,519,560,566,545,514,518,535,532,524,544,558,562,571
"qathet E (RDA), British Columbia",5927020,380,369,369,367,372,367,380,395,404,418,427,424,423,421,414,411,432,454,474,496,515,523,530,533,535
"Fraser Valley A (RDA), British Columbia",5909014,611,586,556,540,513,481,480,480,483,469,438,429,428,427,430,418,459,514,502,528,502,501,504,514,491
"New Denver (VL), British Columbia",5903032,559,548,543,533,519,518,517,518,514,513,505,496,487,484,483,483,486,490,492,494,496,506,516,524,527
"Masset 1 (IRI), British Columbia",5947803,736,728,716,717,721,712,672,680,652,620,624,611,600,590,579,571,520,515,535,502,495,495,498,532,504
"Iskut 6 (IRI), British Columbia",5949832,338,344,354,363,371,385,371,361,350,335,322,322,322,320,314,315,367,393,429,473,493,496,505,516,524
"Port Edward (DM), British Columbia",5947007,686,650,640,623,597,588,599,586,575,567,550,541,543,494,495,484,452,451,441,481,491,478,462,434,442
"Gitwangak 1 (IRI), British Columbia",5949816,499,490,480,474,478,481,484,494,499,505,512,511,504,513,463,448,474,456,460,464,470,480,489,503,455
"Cariboo K (RDA), British Columbia",5941041,700,665,638,608,578,563,563,520,512,499,498,478,459,445,430,414,425,437,447,454,468,444,410,424,426
"Tsulquate 4 (IRI), British Columbia",5943806,402,403,402,415,430,443,452,467,479,487,498,489,480,485,435,448,433,432,420,447,468,454,478,490,490
"Alert Bay (VL), British Columbia",5943008,584,531,491,464,422,376,387,401,412,420,438,448,461,475,478,489,463,441,439,424,464,471,471,468,465
"Enderby 2 (IRI), British Columbia",5937802,253,276,297,318,345,365,376,387,394,395,395,382,365,351,339,332,376,398,420,441,460,471,478,482,484
"Gitsegukla 1 (IRI), British Columbia",5949814,461,505,561,617,684,734,680,631,578,515,459,457,456,457,450,444,445,448,453,457,460,485,491,483,493
"Matsqui 4 (IRI), British Columbia",5915825,421,422,424,424,426,428,439,452,468,483,495,491,487,482,473,469,466,465,466,463,458,472,491,510,511
"Anahim's Flat 1 (IRI), British Columbia",5941821,410,433,461,490,515,542,551,585,535,513,480,455,407,407,382,361,381,403,423,441,456,487,494,485,466
"Stikine Region (RDA), British Columbia",5957022,285,319,307,287,302,295,299,323,324,341,366,364,380,392,404,415,393,390,382,373,437,471,468,480,489
"Fort Nelson 2 (IRI), British Columbia",5959806,376,373,365,369,355,349,356,366,388,417,437,461,452,454,439,433,431,447,473,448,435,435,426,431,435
"Gitanyow 1 (IRI), British Columbia",5949815,387,378,385,391,396,399,396,397,397,397,396,409,423,438,446,453,442,457,479,433,432,431,439,448,454
"Tache 1 (IRI), British Columbia",5951810,324,334,342,357,373,392,399,405,410,417,421,421,421,420,417,413,428,433,441,427,419,420,392,367,387
"Central Coast D (RDA), British Columbia",5945012,518,494,466,456,443,421,425,395,417,396,377,375,382,386,383,402,400,398,396,393,417,390,420,417,375
"Juan de Fuca (Part 2) (RDA), British Columbia",5917056,169,180,195,208,223,241,237,236,236,235,233,227,221,215,207,205,248,291,334,377,414,426,432,441,444
"Nanaimo Town 1 (IRI), British Columbia",5921804,249,256,264,273,278,291,309,329,350,374,386,393,395,402,394,376,385,365,403,410,404,400,402,391,382
"Tahsis (VL), British Columbia",5924030,620,558,508,457,414,375,366,357,346,332,317,330,322,283,275,257,280,320,357,391,401,412,381,393,418
"Alert Bay (IRI), British Columbia",5943837,707,664,618,588,570,531,519,497,510,523,538,533,504,497,481,473,442,461,435,410,397,403,402,400,397
"Slocan (VL), British Columbia",5903019,350,340,337,330,323,320,315,310,307,303,300,299,299,299,300,302,319,339,357,375,391,449,464,492,488
"Squamish-Lillooet B (RDA), British Columbia",5931034,457,498,531,566,591,607,588,566,546,509,477,462,446,430,404,394,394,389,385,380,389,397,412,412,395
"Mount Waddington D (RDA), British Columbia",5943033,590,572,558,552,541,524,511,476,449,453,460,443,424,409,406,402,402,405,397,391,384,412,403,402,393
"Fraser-Fort George G (RDA), British Columbia",5953050,494,465,436,405,382,360,367,352,320,329,319,326,341,331,345,346,354,365,373,379,375,379,386,394,398
"Alkali Lake 1 (IRI), British Columbia",5941801,416,406,397,387,377,378,374,348,352,380,361,354,350,347,344,345,336,364,378,386,373,376,378,380,382
"Priest's Valley 6 (IRI), British Columbia",5937803,459,497,540,581,626,662,657,649,634,615,600,607,611,624,632,632,579,524,471,415,368,378,384,387,389
"Coldwater 1 (IRI), British Columbia",5933801,275,271,270,266,261,263,283,304,324,342,355,347,342,336,333,333,342,352,358,364,367,375,382,387,386
"Port Clements (VL), British Columbia",5947030,532,504,493,481,463,448,435,426,412,400,381,340,327,297,295,293,310,327,329,350,351,351,350,353,352
"Sayward (VL), British Columbia",5924039,392,382,372,364,356,349,343,340,333,326,320,292,277,292,291,325,342,360,375,366,346,320,322,324,329
"Granisle (VL), British Columbia",5951032,363,361,363,360,364,369,360,349,343,325,301,288,287,306,306,309,314,322,331,338,345,346,332,360,357
"Langley 2 (IRI), British Columbia",5909856,235,238,241,247,251,256,258,260,262,266,268,274,275,279,284,293,307,318,328,334,343,349,358,373,379
"Holachten 8 (IRI), British Columbia",5909879,335,321,307,295,285,275,286,299,309,318,326,308,303,281,300,311,321,332,329,336,342,348,357,371,377
"Kitimat-Stikine F (RDA), British Columbia",5949038,684,624,574,522,455,406,388,376,369,333,338,345,354,366,372,374,366,358,351,346,342,322,311,333,338
"Ittatsoo 1 (IRI), British Columbia",5923807,218,214,215,213,210,207,212,220,228,237,249,255,261,272,280,290,299,309,320,329,339,345,347,350,352
"Nanaimo River (IRI), British Columbia",5921807,222,231,241,252,266,288,296,301,304,303,295,322,358,350,365,387,378,368,359,347,338,345,350,356,359
"Shuswap (IRI), British Columbia",5901806,183,181,179,177,175,177,199,222,245,271,296,298,302,307,333,329,329,331,334,335,337,344,352,358,360
"Stony Creek 1 (IRI), British Columbia",5951809,431,422,417,417,405,395,384,373,361,349,339,336,333,330,327,329,328,330,334,335,337,338,339,339,338
"North Coast E (RDA), British Columbia",5947032,478,466,445,425,425,409,396,388,390,343,318,310,304,309,330,349,347,343,340,335,333,333,332,334,333
"Kitsumkaylum 1 (IRI), British Columbia",5949804,276,274,268,268,260,258,265,276,287,297,311,318,327,340,347,348,342,337,334,331,331,318,317,311,320
"Sahhaltkum 4 (IRI), British Columbia",5933884,281,291,296,308,315,320,327,331,331,331,326,322,319,318,316,316,320,326,328,330,330,337,344,349,348
"Quinsam 12 (IRI), British Columbia",5924812,223,221,222,221,217,215,223,230,236,244,253,263,273,283,296,308,312,317,320,323,326,333,335,337,339
"Squamish-Lillooet A (RDA), British Columbia",5931032,228,228,226,223,214,212,216,221,224,224,226,221,215,209,198,199,224,248,271,297,318,326,338,338,324
"Dolphin Island 1 (IRI), British Columbia",5947807,384,387,390,404,416,429,426,427,424,421,416,408,395,402,364,369,344,345,344,325,306,307,295,307,306
"East Moberly Lake 169 (IRI), British Columbia",5955801,343,328,315,305,292,286,298,306,317,324,335,351,365,378,388,395,377,360,343,323,306,308,297,305,326
"Kitselas 1 (IRI), British Columbia",5949844,2,18,33,49,65,83,107,134,162,193,229,240,252,265,274,281,280,272,281,300,306,314,328,327,346
"Comox 1 (IRI), British Columbia",5926801,267,271,274,279,280,281,277,272,265,259,254,249,243,238,236,234,248,263,277,291,304,310,316,322,325
"Hazelton (VL), British Columbia",5949022,360,344,328,306,300,300,300,303,304,303,305,310,316,324,325,322,315,308,306,302,300,303,309,316,321
"Woyenne 27 (IRI), British Columbia",5951827,622,596,578,574,555,543,501,456,405,354,308,299,289,280,267,257,264,273,283,291,299,301,302,302,301
"Kwawkwawapilt 6 (IRI), British Columbia",5909821,365,357,359,358,355,352,349,347,345,343,340,335,331,327,324,322,319,315,310,302,297,302,310,323,329
"Quaaout 1 (IRI), British Columbia",5939805,237,225,215,208,200,192,200,211,218,226,238,225,214,200,190,182,205,228,253,274,296,304,311,314,314
"Lillooet 1 (IRI), British Columbia",5931821,204,205,202,203,202,201,208,216,222,225,226,230,234,239,241,257,267,275,284,276,296,305,317,317,297
"Neskonlith (IRI), British Columbia",5933898,148,157,168,180,195,214,222,230,237,241,242,242,243,246,249,250,260,271,279,286,292,299,305,309,308
"Cole Bay 3 (IRI), British Columbia",5917801,270,269,267,265,264,268,279,292,305,319,330,333,340,347,351,344,329,342,304,290,278,286,290,296,298
"Alberni-Clayoquot A (RDA), British Columbia",5923047,298,301,302,302,307,307,283,262,240,218,194,206,216,229,241,252,253,256,260,262,266,271,273,275,277
"Soowahlie 14 (IRI), British Columbia",5909827,244,243,238,234,226,218,214,209,204,198,193,205,217,230,244,258,261,264,266,265,266,270,277,288,290
"Moricetown 1 (IRI), British Columbia",5949817,199,204,210,218,223,233,236,243,250,258,267,278,291,305,311,319,305,293,282,273,263,277,275,267,275
"Quatsino Subdivision 18 (IRI), British Columbia",5943816,207,209,213,214,225,240,238,237,233,227,219,221,224,229,229,232,237,243,247,252,260,264,264,262,260
"Nanoose (IRI), British Columbia",5921805,217,210,206,203,199,198,201,204,205,207,210,217,222,229,237,242,247,250,254,256,259,264,268,273,276
"Halfway River 168 (IRI), British Columbia",5955808,143,138,131,124,116,107,119,131,144,157,176,180,181,183,182,183,198,214,230,246,258,259,260,263,264
"Katzie 1 (IRI), British Columbia",5915830,234,239,243,248,250,253,248,245,243,241,237,247,255,263,271,276,272,269,266,262,258,266,277,288,288
"Williams Lake 1 (IRI), British Columbia",5941812,286,279,270,261,254,246,247,246,242,236,233,227,222,215,208,201,213,226,238,248,258,259,260,261,262
"Skwah 4 (IRI), British Columbia",5909824,221,222,222,225,230,240,236,233,229,227,223,223,220,214,208,202,213,225,237,247,256,260,267,247,251
"Fort Ware 1 (IRI), British Columbia",5955807,225,227,233,234,241,249,253,254,256,256,260,280,301,319,332,345,332,310,298,276,255,256,257,260,261
"North Tacla Lake (IRI), British Columbia",5951848,183,168,160,150,141,133,144,156,166,176,183,185,188,189,189,197,208,220,233,245,255,256,257,257,256
"Skeetchestn (IRI), British Columbia",5933817,253,252,252,254,258,265,269,271,270,270,260,265,274,284,296,304,295,288,277,265,254,259,264,268,267
"Bridge River 1 (IRI), British Columbia",5931813,222,217,218,220,217,215,223,230,237,239,241,245,246,248,245,254,269,282,274,254,254,260,270,270,259
"Canim Lake 1 (IRI), British Columbia",5941802,244,240,240,246,249,251,248,243,235,232,231,232,235,237,238,239,241,244,246,246,248,249,250,251,252
"Upper Sumas 6 (IRI), British Columbia",5909877,183,184,185,187,187,188,191,192,194,194,193,190,186,185,185,189,200,212,224,234,243,247,254,264,269
"Thompson-Nicola B (Thompson Headwaters) (RDA), British Columbia",5933070,383,358,338,316,293,278,282,286,287,289,288,277,268,259,250,241,242,244,244,242,240,245,250,253,252
"Finlay River 6 (IRI), British Columbia",5955840,0,0,0,0,0,0,0,0,0,0,0,0,0,0,0,7,55,102,150,199,239,240,241,244,245
"T'Sou-ke (IRI), British Columbia",5917819,170,180,191,201,213,223,225,227,229,229,224,226,228,229,232,237,237,238,239,239,239,246,250,255,257
"Nautley (Fort Fraser) 1 (IRI), British Columbia",5951802,207,196,191,179,170,158,168,176,184,197,206,206,206,206,204,204,209,217,225,232,238,239,240,240,239
"Waiwakum 14 (IRI), British Columbia",5931808,106,107,109,111,114,118,121,125,128,127,128,138,149,161,171,188,199,208,218,229,239,245,254,254,243
"Skweahm 10 (IRI), British Columbia",5909881,271,280,291,299,306,311,309,307,305,300,294,277,261,244,229,219,222,228,230,231,233,237,243,253,257
"Becher Bay 1 (IRI), British Columbia",5917809,165,160,155,152,147,149,185,222,259,297,323,288,253,212,171,138,158,177,196,215,232,239,243,248,250
"Kippase 2 (IRI), British Columbia",5943815,278,274,271,271,274,273,262,251,239,225,214,219,224,230,232,236,234,232,230,228,230,232,232,230,229
"Stone 1 (IRI), British Columbia",5941841,250,243,235,225,221,220,221,222,219,214,205,203,200,198,198,197,204,211,218,223,229,230,231,232,233
"Homalco 9 (IRI), British Columbia",5924840,188,196,206,215,222,226,222,218,212,207,208,208,208,211,213,214,217,220,222,225,227,232,234,235,236
"Kitasoo 1 (IRI), British Columbia",5949802,308,296,293,292,293,295,308,300,311,322,330,325,322,322,315,304,287,270,255,240,227,229,233,238,242
"Slosh 1 (IRI), British Columbia",5931831,154,159,167,176,187,202,208,211,214,208,194,187,178,172,161,161,176,188,202,216,228,232,241,241,231
"Wells (DM), British Columbia",5941025,244,241,237,237,240,243,246,247,248,247,247,241,237,233,228,227,227,228,228,227,227,228,229,230,231
"Sik-e-dakh 2 (IRI), British Columbia",5949818,180,189,205,216,223,231,227,227,226,226,229,234,240,246,247,246,239,232,228,224,220,221,225,230,234
"Cheam 1 (IRI), British Columbia",5909837,223,220,219,216,215,213,215,218,221,226,228,226,222,219,215,213,214,216,218,218,218,222,228,237,241
"Lytton (VL), British Columbia",5933015,331,311,289,278,260,240,240,241,240,236,231,233,236,240,247,256,250,244,235,225,216,221,225,228,228
"Switsemalph (IRI), British Columbia",5939811,121,124,127,129,130,133,131,129,127,128,131,133,135,136,134,133,150,166,183,200,216,222,227,229,229
"Tsa Xana 18 (IRI), British Columbia",5924835,186,190,201,210,222,229,232,235,236,238,240,233,224,215,205,197,202,206,209,212,216,220,222,223,224
"Inkluckcheen (IRI), British Columbia",5933833,194,191,189,189,189,197,202,209,213,215,208,199,190,180,168,158,167,177,185,192,198,202,206,209,209
"Stellaquo (Stella) 1 (IRI), British Columbia",5951807,180,183,183,187,189,193,195,199,202,207,210,211,212,212,211,211,206,204,202,199,197,197,198,198,197
"Douglas Lake 3 (IRI), British Columbia",5933802,180,188,194,200,206,208,200,192,183,170,160,159,158,157,156,157,165,175,183,189,195,199,203,206,206
"Chawathil 4 (IRI), British Columbia",5909804,159,163,166,169,174,178,177,174,170,168,169,173,178,185,192,194,194,194,194,191,190,193,198,206,210
"North Thompson 1 (IRI), British Columbia",5933887,248,246,248,246,244,243,248,253,256,258,256,256,262,232,232,226,219,214,206,197,189,193,197,200,200
"Hagwilget 1 (IRI), British Columbia",5949811,248,241,240,242,234,235,233,234,235,234,242,236,231,226,215,198,194,191,190,189,188,189,192,196,199
"Malachan 11 (IRI), British Columbia",5919814,195,197,199,200,203,203,195,188,180,173,165,165,166,167,166,167,173,177,183,186,188,192,193,195,196
"Redstone Flat 1 (IRI), British Columbia",5941839,194,186,182,177,175,170,175,180,183,187,190,192,194,196,197,204,201,199,196,191,188,189,190,191,192
"Silverton (VL), British Columbia",5903027,229,222,217,207,197,187,189,191,193,194,196,195,195,195,197,198,196,194,191,188,185,188,192,195,196
"Bulkley River 19 (IRI), British Columbia",5949820,66,62,55,49,43,37,37,38,38,39,41,57,75,93,113,134,143,153,163,173,182,183,186,190,193
"Nooaitch 10 (IRI), British Columbia",5933808,125,124,124,125,124,125,127,128,129,130,130,132,135,138,142,149,155,163,168,173,177,181,185,188,188
"Lakahahmen 11 (IRI), British Columbia",5909880,252,247,243,236,229,219,213,207,200,195,189,190,190,187,187,184,183,182,181,178,176,179,184,191,194
"Malahat 11 (IRI), British Columbia",5919815,103,101,98,97,95,93,94,96,99,102,106,114,122,132,140,151,156,162,167,172,175,178,179,181,182
"Central Coast E (RDA), British Columbia",5945014,169,172,159,159,144,132,121,114,106,98,96,104,114,124,132,149,151,152,155,156,168,172,177,180,179
"Bonaparte 3 (IRI), British Columbia",5933812,134,132,131,129,128,130,133,137,139,140,141,136,134,130,128,127,135,144,152,159,165,169,172,174,174
"Squiaala (IRI), British Columbia",5909885,123,122,123,122,122,117,110,102,94,86,85,97,110,121,134,143,148,153,157,162,165,169,174,181,184
"Halalt 2 (IRI), British Columbia",5919801,120,126,135,142,148,157,159,160,160,162,165,168,171,174,176,176,175,173,171,168,164,167,168,170,171
"Houpsitas 6 (IRI), British Columbia",5924806,168,169,173,179,185,189,193,196,194,192,187,188,187,188,188,189,184,180,174,169,164,167,168,169,170
"Nequatque (IRI), British Columbia",5931844,189,189,191,194,195,198,221,246,273,296,311,290,264,237,207,188,184,178,173,168,163,167,173,173,166
"Opitsat 1 (IRI), British Columbia",5923813,155,160,166,170,175,181,174,169,165,161,162,160,157,157,159,159,158,158,158,158,160,163,164,165,166
"Ahahswinis 1 (IRI), British Columbia",5923801,122,125,132,137,145,152,153,156,158,160,162,154,146,140,131,124,130,138,145,151,158,160,161,162,163
"Ohamil 1 (IRI), British Columbia",5909807,68,74,78,83,87,92,87,85,80,79,78,83,87,91,94,98,110,124,136,148,158,161,165,172,175
"Columbia Lake 3 (IRI), British Columbia",5901804,172,169,168,165,162,158,153,149,145,138,133,135,137,139,143,145,146,148,151,153,155,158,162,165,166
"Central Coast A (RDA), British Columbia",5945006,147,143,131,128,132,137,134,132,128,128,132,145,161,177,190,205,191,180,166,153,154,157,161,164,163
"Nicola Lake 1 (IRI), British Columbia",5933806,162,161,159,156,156,156,156,157,154,150,147,142,140,135,132,128,133,140,145,150,154,157,160,162,162
"Blueberry River 205 (IRI), British Columbia",5955803,144,154,163,173,182,195,203,208,213,217,217,220,220,219,214,206,195,185,174,163,153,154,155,157,158
"Kootenay 1 (IRI), British Columbia",5901803,173,172,169,168,165,162,151,140,129,118,110,124,140,155,169,178,172,167,162,156,151,154,158,161,162
"Cape Mudge 10 (IRI), British Columbia",5924817,190,184,184,181,181,180,176,171,163,155,145,145,147,149,151,153,152,152,150,149,148,151,152,153,154
"Guhthe Tah 12 (IRI), British Columbia",5949843,148,154,161,171,176,177,171,169,166,163,161,162,162,162,159,154,151,149,148,148,147,148,151,154,157
"Squinas 2 (IRI), British Columbia",5941840,331,296,263,232,204,183,181,180,175,171,166,159,153,149,144,140,141,143,143,143,143,144,145,146,147
"Squawkum Creek 3 (IRI), British Columbia",5909882,85,88,90,93,97,100,101,103,105,107,110,113,115,118,119,122,126,129,133,133,136,138,142,148,151
"Zeballos (VL), British Columbia",5924029,231,220,214,207,204,192,181,169,155,139,127,123,118,115,111,111,116,120,123,127,130,133,134,135,136
"Esquimalt (IRI), British Columbia",5917811,97,101,105,109,112,113,112,113,113,115,114,116,118,119,120,122,123,123,124,125,125,129,131,134,135
"Matsqui Main 2 (IRI), British Columbia",5909878,76,76,76,76,76,78,79,80,82,84,84,89,93,101,109,116,119,121,124,123,125,127,130,135,137
"Binche 2 (IRI), British Columbia",5951805,120,120,118,120,118,114,114,113,114,113,115,130,144,161,176,188,173,161,148,135,124,124,124,124,124
"Liard River 3 (IRI), British Columbia",5957814,42,48,47,56,61,67,66,70,73,76,79,68,68,66,64,62,69,80,87,96,121,131,130,135,136
"Ulkatcho 14A (IRI), British Columbia",5941880,6,46,88,131,178,225,214,201,184,164,142,145,150,155,160,161,153,146,137,127,120,121,122,123,124
"Quaee 7 (IRI), British Columbia",5943813,100,106,112,123,135,149,141,134,123,108,93,90,88,86,82,82,89,96,103,109,116,118,118,117,116
"Quesnel 1 (IRI), British Columbia",5941809,64,78,89,103,118,135,125,115,104,90,81,86,93,100,107,112,113,115,115,115,116,117,118,119,120
"Union Bay 4 (IRI), British Columbia",5917802,104,106,107,109,111,115,116,116,118,120,118,115,110,106,101,99,102,106,110,112,115,118,120,122,123
"Deep Creek 2 (IRI), British Columbia",5941805,126,126,128,131,132,136,134,130,125,120,113,110,107,104,99,95,98,103,107,111,114,115,116,116,117
"Prophet River 4 (IRI), British Columbia",5959810,99,91,93,90,89,87,92,98,105,115,125,128,121,119,111,105,103,103,105,107,112,112,110,112,113
"Oyster Bay 12 (IRI), British Columbia",5919816,69,73,76,80,86,92,92,92,93,91,92,89,86,85,84,80,86,93,99,105,111,113,114,115,116
"Seymour Creek 2 (IRI), British Columbia",5915811,58,62,66,70,73,78,84,91,98,105,111,116,120,124,128,129,125,121,118,114,110,113,118,122,122
"Anacla 12 (IRI), British Columbia",5923803,88,88,88,88,92,98,94,92,89,81,74,75,77,79,81,86,90,95,100,105,109,111,112,113,114
"Canoe Creek 2 (IRI), British Columbia",5933821,64,53,41,28,16,5,4,4,2,2,1,8,15,22,29,38,53,68,83,97,109,111,113,115,115
"Toosey 1 (IRI), British Columbia",5941850,104,110,114,121,127,132,129,126,122,118,115,115,114,114,114,113,112,112,111,109,108,109,110,110,110
"Siska Flat (IRI), British Columbia",5933849,134,129,121,115,111,108,110,112,113,111,109,106,103,101,98,95,98,101,103,105,106,108,110,111,111
"West Moberly Lake 168A (IRI), British Columbia",5955802,55,55,55,54,55,54,63,71,80,89,99,109,117,127,137,146,137,129,120,112,104,104,105,106,106
"Nuuautin 2 (IRI), British Columbia",5933853,111,110,110,110,109,108,109,112,114,113,116,117,120,124,125,128,124,120,115,108,103,105,107,108,108
"Marble Canyon 3 (IRI), British Columbia",5933872,77,74,70,68,66,64,66,68,70,70,70,74,77,80,84,88,92,95,98,101,102,104,106,107,107
"Stawamus 24 (IRI), British Columbia",5931807,56,63,74,82,91,99,99,100,100,99,100,102,103,105,104,112,111,109,107,105,102,105,109,109,104
"Cheakamus 11 (IRI), British Columbia",5931801,46,54,60,67,74,84,80,76,72,66,57,57,56,57,55,61,70,78,86,94,101,103,107,107,103
"Lohbiee 3 (IRI), British Columbia",5941808,80,82,83,84,82,83,90,97,104,112,120,115,110,107,101,95,97,98,99,99,100,101,102,102,102
"McMillan Island 6 (IRI), British Columbia",5915816,63,64,64,64,64,65,66,68,69,70,69,74,80,86,92,99,99,100,101,101,100,103,107,111,111
"Tobacco Plains 2 (IRI), British Columbia",5901801,86,84,81,78,75,69,66,64,61,59,58,62,67,71,75,78,83,87,92,96,100,102,104,106,107
"Nesuch 3 (IRI), British Columbia",5931812,93,99,105,109,113,120,120,119,119,116,112,119,126,131,135,143,136,126,117,109,100,102,106,106,102
"Creston 1 (IRI), British Columbia",5903807,129,129,129,128,129,128,126,124,122,119,116,116,116,115,117,117,114,110,106,102,98,100,102,104,104
"Ehatis 11 (IRI), British Columbia",5924836,95,94,91,90,86,82,78,76,74,71,72,77,82,86,90,92,93,95,95,96,96,98,99,100,100
"Palling 1 (IRI), British Columbia",5951820,91,99,107,116,125,136,123,111,95,81,63,64,64,65,64,66,72,78,84,90,96,96,96,96,96
"S1/2 Tsimpsean 2 (IRI), British Columbia",5947810,123,122,120,120,119,121,115,110,104,95,84,85,85,86,89,91,92,93,94,95,96,96,96,97,97
"Esowista 3 (IRI), British Columbia",5923823,147,150,154,159,161,165,166,168,171,175,178,162,145,130,114,99,98,97,97,96,95,97,98,99,100
"Fountain 1 (IRI), British Columbia",5931816,164,166,167,164,164,170,165,160,153,142,131,130,127,125,118,115,112,108,105,100,96,98,102,102,98
"Okanagan (Part) 1 (IRI), Columbia-Shuswap, British Columbia",5939804,101,100,99,96,97,94,90,85,80,75,70,71,73,74,76,78,82,85,89,91,95,97,99,100,100
"Skway 5 (IRI), British Columbia",5909826,85,86,88,89,90,92,93,94,96,99,101,100,98,96,93,89,91,92,94,94,95,97,100,104,106
"Ye Koo Che 3 (IRI), British Columbia",5951801,73,78,84,90,94,97,95,93,92,93,91,91,89,91,90,92,91,92,93,94,94,94,94,94,94
"Dog Creek 1 (IRI), British Columbia",5941806,105,104,106,106,108,113,108,103,96,90,83,83,83,83,83,82,84,87,89,90,92,93,94,94,94
"Babine 17 (IRI), British Columbia",5949819,164,167,166,163,161,158,162,169,172,176,178,165,152,141,130,115,109,104,99,94,90,91,93,95,97
"Chopaka 7 and 8 (IRI), British Columbia",5907805,51,52,52,52,54,55,58,61,64,68,71,72,74,77,80,84,85,87,88,90,90,91,91,91,91
"Chuchuwayha 2 (IRI), British Columbia",5907807,67,67,68,68,67,66,69,71,73,75,78,73,69,66,63,62,68,74,80,86,90,91,91,91,91
"Doig River 206 (IRI), British Columbia",5955804,145,140,136,131,127,129,131,132,132,131,123,126,127,128,127,123,116,109,102,94,88,88,89,90,90
"Fort George 2 (IRI), British Columbia",5953801,111,111,112,112,111,110,106,101,95,89,81,87,92,97,102,109,105,101,97,93,87,88,90,92,93
"Babine 25 (IRI), British Columbia",5951829,88,91,95,99,105,109,104,101,95,88,83,88,93,101,110,117,109,104,98,92,86,86,86,86,86
"Five Mile Point 3 (IRI), British Columbia",5957803,101,97,97,106,102,103,89,84,74,65,60,67,73,82,96,105,93,92,82,77,86,94,92,94,94
"Tsussie 6 (IRI), British Columbia",5919803,71,73,75,76,75,76,78,81,83,88,91,94,96,99,103,108,104,100,95,90,86,87,88,89,90
"Coryatsaqua (Moricetown) 2 (IRI), British Columbia",5949810,168,168,170,171,172,174,157,143,127,108,90,90,90,90,91,90,88,87,86,85,85,86,88,90,91
"Klickkumcheen 18 (IRI), British Columbia",5933832,105,104,104,105,106,107,105,104,101,95,88,87,86,85,85,84,85,86,86,86,85,87,89,90,90
"Qualicum (IRI), British Columbia",5921806,75,78,80,83,86,88,86,83,81,80,83,83,84,84,82,78,80,81,83,84,85,87,88,90,91
"Gordon River 2 (IRI), British Columbia",5917815,110,111,110,110,107,104,102,101,100,100,99,103,107,110,114,116,109,103,97,90,84,86,87,89,90
"Nazco 20 (IRI), British Columbia",5941837,125,122,118,118,119,121,125,130,133,135,136,126,117,110,100,94,91,90,88,86,84,85,85,85,85
"McLeod Lake 1 (IRI), British Columbia",5953802,72,77,81,85,92,98,93,88,84,78,74,78,82,85,89,91,89,88,87,85,83,84,86,88,89
"Katit 1 (IRI), British Columbia",5945803,98,95,92,92,90,86,80,76,71,65,63,68,75,81,85,90,88,85,82,79,81,83,85,86,86
"Lower Similkameen 2 (IRI), British Columbia",5907801,52,52,52,51,51,48,48,49,50,50,51,53,54,58,59,61,66,70,74,77,80,80,80,80,80
"Babine 6 (IRI), British Columbia",5951828,74,74,73,73,74,76,78,81,82,86,90,91,89,88,86,84,82,81,80,79,78,78,78,78,78
"Stullawheets 8 (IRI), British Columbia",5909841,40,42,46,48,53,55,53,52,51,49,49,50,51,52,53,53,58,63,68,73,78,79,81,84,85
"Kitimat-Stikine D (RDA), British Columbia",5949041,120,118,120,116,117,114,111,107,106,101,99,104,109,114,117,122,112,102,93,85,77,78,79,81,82
"Kulspai 6 (IRI), British Columbia",5949807,77,82,87,93,97,101,100,100,99,97,96,94,94,93,92,90,87,83,81,78,76,77,78,80,81
"Semiahmoo (IRI), British Columbia",5915801,141,135,131,125,119,112,110,108,108,109,109,114,116,120,123,123,113,103,94,83,73,75,78,81,81
"Tlaa Gaa Aawtlaas 28 (IRI), British Columbia",5947823,73,75,76,78,80,82,79,74,75,76,69,70,74,73,73,74,73,72,73,74,72,72,72,73,73
"Cayoosh Creek 1 (IRI), British Columbia",5931814,70,69,66,64,57,54,55,55,56,55,55,59,60,63,65,70,71,70,70,70,69,71,74,74,71
"Douglas 8 (IRI), British Columbia",5909842,50,42,35,26,18,11,11,11,10,10,12,21,33,45,58,70,70,70,70,70,69,70,72,75,76
"Nekliptum 1 (IRI), British Columbia",5933896,54,54,53,53,52,50,53,58,62,64,66,65,62,60,56,59,61,63,65,67,69,71,72,73,73
"Kulkayu (Hartley Bay) 4A (IRI), British Columbia",5947802,22,20,19,19,17,16,26,35,45,54,63,60,58,55,52,51,54,58,61,65,68,68,68,68,68
"Switsemalph 3 (IRI), British Columbia",5939808,68,67,66,65,65,66,72,77,82,87,93,89,86,82,78,75,73,71,69,67,66,68,70,71,71
"Fountain 1B (IRI), British Columbia",5931842,5,4,3,2,1,2,11,21,32,43,52,57,61,66,71,76,75,72,70,68,65,67,70,70,67
"Schkam 2 (IRI), British Columbia",5909812,135,137,141,142,144,144,141,141,140,137,136,139,140,140,141,135,120,107,93,78,65,66,68,71,72
"Chilhil 6 (IRI), British Columbia",5931815,52,51,51,51,51,53,57,61,65,67,72,73,75,76,76,74,73,71,69,67,64,66,69,69,66
"Lower Hat Creek 2 (IRI), British Columbia",5933836,53,53,52,53,51,51,52,53,54,55,56,51,45,39,32,28,36,44,51,58,64,66,67,68,68
"Tork 7 (IRI), British Columbia",5924820,66,67,69,71,73,76,71,66,60,54,48,53,56,60,63,66,65,64,63,63,62,63,63,63,63
"Ashnola 10 (IRI), British Columbia",5907809,63,56,51,47,43,40,49,56,62,68,75,77,78,81,84,86,81,76,71,66,61,61,61,61,61
"Fort Rupert 1 (IRI), British Columbia",5943804,38,31,25,18,11,6,15,23,31,39,47,43,39,36,31,29,36,42,49,55,61,62,62,61,61
"Joeyaska 2 (IRI), British Columbia",5933805,39,41,42,43,44,45,46,47,46,46,45,45,45,44,43,44,48,52,56,59,61,62,63,64,64
"Kowtain 17 (IRI), British Columbia",5931802,23,27,29,31,33,35,35,36,36,36,37,37,37,37,37,38,43,47,52,57,61,63,65,65,62
"Kulkayu (Hartley Bay) 4 (IRI), British Columbia",5947806,168,164,161,159,161,157,131,107,80,51,21,28,35,42,48,54,55,57,58,59,60,60,60,60,60
"Pashilqua 2 (IRI), British Columbia",5931828,38,38,41,40,41,40,38,37,35,32,30,33,36,40,43,48,51,53,56,58,60,61,63,63,60
"Canoe Creek 1 (IRI), British Columbia",5933814,62,63,62,62,62,59,67,75,83,90,98,90,82,74,69,63,62,62,61,61,59,60,61,62,62
"Stryen 9 (IRI), British Columbia",5933873,28,25,24,22,20,19,30,42,53,65,77,76,75,75,73,74,71,69,66,63,59,60,61,62,62
"Whispering Pines 4 (IRI), British Columbia",5933877,63,63,64,64,65,67,67,67,66,64,61,61,60,61,61,62,61,62,61,60,59,60,61,62,62
"Spuzzum 1 (IRI), British Columbia",5909816,50,45,39,33,27,20,23,25,28,30,33,34,36,37,39,41,45,49,52,55,58,59,61,64,65
"Coquitlam 1 (IRI), British Columbia",5915805,46,46,46,46,46,46,46,46,48,50,50,52,54,55,56,56,57,57,57,57,57,59,61,63,63
"Dease Lake 9 (IRI), British Columbia",5949845,69,69,71,73,73,69,65,63,60,59,59,60,60,60,58,56,56,55,55,55,55,55,56,57,58
"Lukseetsissum 9 (IRI), British Columbia",5909810,22,21,20,20,19,20,21,21,22,21,21,20,19,18,18,19,26,34,42,49,55,56,58,60,61
"Barnston Island 3 (IRI), British Columbia",5915809,48,49,49,50,50,50,51,51,51,50,49,48,48,48,50,51,52,53,53,54,54,56,58,60,60
"Chum Creek 2 (IRI), British Columbia",5939801,84,81,81,82,82,81,77,73,66,59,52,50,48,46,45,43,46,48,50,52,54,55,56,57,57
"Telegraph Creek (IRI), British Columbia",5949847,18,18,19,18,18,19,25,30,37,44,50,47,44,42,38,36,40,43,46,50,53,53,54,55,56
"Theik 2 (IRI), British Columbia",5919818,32,35,37,39,41,43,40,37,35,33,32,34,35,36,38,38,42,45,48,50,52,53,53,54,55
"Yakweakwioose 12 (IRI), British Columbia",5909831,44,43,43,42,41,38,38,39,38,39,40,42,42,45,45,46,47,48,50,51,52,53,54,56,57
"Q'alatkú7em (IRI), British Columbia",5909875,56,59,62,66,71,74,76,78,80,83,86,87,87,85,86,83,77,70,64,57,51,52,53,55,56
"Shackan 11 (IRI), British Columbia",5933859,70,67,62,58,51,44,47,50,52,53,56,58,60,63,65,66,63,61,58,55,51,52,53,54,54
"Cheslatta 1 (IRI), British Columbia",5951818,72,75,80,84,85,89,88,87,86,86,86,86,86,87,88,88,79,71,65,57,50,50,50,50,50
"Kitimat-Stikine A (RDA), British Columbia",5949039,83,77,69,62,54,47,45,42,41,38,36,32,29,26,23,21,27,33,39,45,50,50,51,52,53
"Pavilion 1 (IRI), British Columbia",5931829,88,84,78,74,66,59,57,57,55,53,52,53,53,53,53,56,54,53,52,51,49,50,52,52,50
"Aitchelitch 9 (IRI), British Columbia",5909835,19,17,17,15,15,15,15,16,17,17,18,19,18,18,17,17,23,30,36,43,48,49,50,52,53
"Refuge Cove 6 (IRI), British Columbia",5923824,81,85,89,95,102,106,99,93,88,80,74,68,62,57,51,46,46,47,47,47,48,49,49,50,50
"North Bay 5 (IRI), British Columbia",5939803,56,58,60,62,63,68,70,73,73,75,76,71,67,62,58,53,51,50,49,48,47,48,49,50,50
"North Coast A (RDA), British Columbia",5947016,93,80,70,66,57,53,47,42,37,33,29,32,34,37,40,42,43,44,45,45,46,46,46,46,46
"Hustalen 1 (IRI), British Columbia",5939802,29,37,47,56,65,71,63,53,44,34,26,27,28,29,30,31,34,37,40,43,45,46,47,47,47
"Ashcroft 4 (IRI), British Columbia",5933844,80,74,68,63,57,52,57,62,67,71,77,76,76,74,72,70,65,60,55,49,44,45,46,47,47
"Kumcheen 1 (IRI), British Columbia",5933834,38,39,40,41,42,44,44,44,43,43,40,41,41,42,42,43,44,44,45,44,44,45,46,47,47
"Alexandria (IRI), British Columbia",5941882,41,41,42,44,46,48,49,51,53,55,59,56,54,50,47,41,42,42,42,43,43,43,43,43,43
"Kopchitchin 2 (IRI), British Columbia",5909806,49,46,44,41,36,33,33,33,33,34,32,34,37,38,42,44,44,43,43,43,43,44,45,47,48
"Nicomen 1 (IRI), British Columbia",5933851,46,48,49,50,51,51,52,55,57,59,66,67,68,69,68,65,61,57,52,48,43,44,45,46,46
"Albert Flat 5 (IRI), British Columbia",5909876,21,20,19,17,16,15,15,15,14,15,15,17,18,18,20,22,26,31,35,39,42,43,44,46,47
"Salmon River 1 (IRI), British Columbia",5939806,32,36,41,45,50,54,53,52,50,49,46,45,44,42,41,40,41,41,42,41,42,43,44,44,44
"Gwayasdums 1 (IRI), British Columbia",5943808,37,38,39,41,42,41,41,41,40,40,39,37,34,33,29,28,31,34,36,39,41,42,42,42,42
"Dease River 1 (IRI), British Columbia",5957820,27,33,34,32,34,36,35,37,37,38,40,40,42,43,47,46,43,42,39,36,40,43,43,44,44
"Kluskus 1 (IRI), British Columbia",5941833,54,50,45,40,35,33,34,36,38,39,40,37,37,36,36,38,38,39,39,40,40,40,40,40,40
"Mount Waddington B (RDA), British Columbia",5943027,173,171,166,163,157,151,139,127,112,94,82,77,74,70,66,62,57,51,45,40,36,37,37,37,37
"Papyum 27 (IRI), British Columbia",5933855,41,38,36,33,30,28,29,29,30,30,30,28,27,25,24,21,24,28,31,34,36,37,38,39,39
"Paul's Basin 2 (IRI), British Columbia",5933809,16,20,23,26,30,35,36,37,37,37,37,35,33,31,28,26,29,31,33,35,36,37,38,39,39
"Nickeyeah 25 (IRI), British Columbia",5933850,15,16,16,17,19,20,20,19,18,18,16,15,13,12,11,11,16,21,26,31,35,36,37,38,38
"Burns Lake 18 (IRI), British Columbia",5951815,37,59,80,102,125,146,130,113,96,77,56,55,54,52,52,51,47,44,40,37,34,34,34,34,34
"Klahkamich 17 (IRI), British Columbia",5933829,82,79,77,73,68,62,61,58,57,54,53,49,46,41,36,33,34,35,34,34,34,35,36,37,37
"Tuckkwiowhum 1 (IRI), British Columbia",5909817,39,37,36,35,35,35,36,38,37,37,36,36,35,35,35,35,35,35,35,34,33,34,35,36,37
"Peters 1 (IRI), British Columbia",5909843,48,46,46,44,44,44,42,40,37,32,28,28,29,29,30,32,32,33,33,33,32,33,34,35,36
"Lyacksun 3 (IRI), British Columbia",5919813,10,10,10,10,10,10,10,10,10,10,10,10,10,10,10,11,15,19,23,27,31,32,32,32,32
"North Coast C (RDA), British Columbia",5947021,29,27,26,26,24,23,35,47,60,73,85,81,78,74,70,67,60,53,45,38,31,31,31,31,31
"Oclucje 7 (IRI), British Columbia",5924833,35,39,42,46,50,56,52,49,46,40,31,31,31,30,31,32,32,32,31,31,31,32,32,32,32
"Skookumchuck 4 (IRI), British Columbia",5909845,69,70,72,73,74,75,79,83,87,92,97,95,94,93,90,87,76,65,54,41,31,31,32,33,34
"Soda Creek 1 (IRI), British Columbia",5941810,58,56,55,53,50,48,46,42,39,36,34,39,44,50,56,61,55,49,43,36,31,31,31,31,31
"Squaw-Hay-One 11 (IRI), British Columbia",5919802,47,48,48,49,45,44,43,42,42,42,41,40,39,38,37,37,36,36,34,32,31,32,32,32,32
"Scotch Creek 4 (IRI), British Columbia",5939807,30,27,23,20,18,15,15,17,17,19,19,19,19,20,20,20,22,24,26,28,30,31,32,32,32
"Est-Patrolas 4 (IRI), British Columbia",5919820,20,19,17,17,15,15,20,24,30,35,42,39,36,33,29,25,26,26,27,27,28,29,29,29,29
"Macoah 1 (IRI), British Columbia",5923810,11,13,15,16,19,20,20,21,22,23,23,23,22,21,20,20,22,23,25,27,28,29,29,29,29
"Tin Wis 11 (IRI), British Columbia",5923825,0,4,8,11,14,17,13,9,6,3,0,0,0,0,0,1,6,12,18,23,28,29,29,29,29
"Tzart-Lam 5 (IRI), British Columbia",5919821,21,24,25,27,30,33,33,33,34,33,33,35,38,39,40,41,39,37,34,31,28,29,29,29,29
"Chilco Lake 1A (IRI), British Columbia",5941829,54,52,49,47,44,41,33,25,16,8,0,6,12,16,22,26,26,26,27,27,27,27,27,27,27
"Inklyuhkinatko 2 (IRI), British Columbia",5933825,50,50,48,47,45,41,42,43,42,42,42,39,37,34,33,31,31,30,29,28,27,28,29,29,29
"Katzie 2 (IRI), British Columbia",5915813,32,33,35,36,38,37,30,23,15,7,1,10,18,27,35,41,39,36,33,30,27,28,29,30,30
"Stequmwhulpa 5 (IRI), British Columbia",5933892,10,10,10,10,10,10,10,10,10,10,10,10,10,10,10,11,14,17,21,24,27,28,29,29,29
"Blind Creek 6 (IRI), British Columbia",5907806,25,24,23,22,21,21,23,23,25,26,26,25,25,25,26,26,26,26,26,26,26,26,26,26,26
"Fountain 1D (IRI), British Columbia",5931825,6,6,7,8,8,8,8,7,7,7,6,6,6,6,5,6,10,14,18,22,26,27,28,28,27
"McCartney's Flat 4 (IRI), British Columbia",5931823,33,36,39,41,44,50,48,46,44,40,33,31,30,29,28,28,28,27,26,26,25,26,27,27,26
"Dead Point 5 (IRI), British Columbia",5943807,0,0,0,0,0,0,2,4,6,8,10,10,11,10,11,11,14,16,19,21,23,23,23,23,23
"Lezbye 6 (IRI), British Columbia",5941876,0,5,8,13,17,21,16,13,8,4,0,4,8,12,17,20,20,21,21,22,22,22,22,22,22
"Cowichan Lake (IRI), British Columbia",5919812,9,10,11,12,13,15,19,23,27,31,34,31,28,26,24,22,22,22,21,21,21,21,21,21,21
"Kitzowit 20 (IRI), British Columbia",5933823,24,26,29,32,37,40,38,36,31,25,20,19,19,17,17,16,17,18,19,20,21,22,22,22,22
"Sechelt (Part) (IGD), Powell River, British Columbia",5927806,36,32,28,24,21,17,18,19,21,21,22,22,21,21,21,21,21,21,21,21,21,21,21,21,21
"Little Springs (IRI), British Columbia",5941885,25,23,21,20,17,15,14,13,11,11,10,12,12,14,14,15,16,17,18,19,20,20,20,20,20
"Mission 5 (IRI), British Columbia",5931833,30,35,40,45,49,52,46,41,35,29,26,26,27,26,25,25,24,23,22,21,20,21,22,22,21
"Williams Prairie Meadow 1A (IRI), British Columbia",5951840,23,23,22,22,21,20,18,16,14,12,10,11,12,14,15,16,17,18,19,19,20,20,20,20,20
"Zoht 4 (IRI), British Columbia",5933811,34,32,31,29,28,26,25,26,25,26,25,25,25,26,26,26,24,24,23,21,20,21,21,21,21
"Ruby Creek 2 (IRI), British Columbia",5909851,20,20,20,20,20,20,20,20,20,18,19,21,20,21,22,24,24,23,22,20,19,19,20,21,21
"Shawniken 4B (IRI), British Columbia",5933895,0,0,0,0,0,0,3,6,8,12,15,16,16,16,16,16,16,17,17,18,18,19,19,19,19
"Unnamed 10 (IRI), British Columbia",5957802,0,0,0,0,0,0,0,0,0,0,0,6,10,16,20,25,23,21,18,17,18,20,20,21,21
"Dog Creek 2 (IRI), British Columbia",5941807,45,45,45,46,46,50,47,45,41,37,31,29,27,25,23,21,20,19,18,18,17,17,17,17,17
"Laketown 3 (IRI), British Columbia",5951813,28,28,28,27,25,27,24,20,17,14,10,10,12,13,16,19,19,18,18,17,17,17,17,17,17
"Tanakut 4 (IRI), British Columbia",5941831,20,18,17,14,12,10,9,7,7,6,5,8,9,11,13,15,15,16,16,17,17,17,17,17,17
"Yekwaupsum 18 (IRI), British Columbia",5931809,24,25,23,22,22,21,22,22,22,22,24,25,28,29,30,31,28,25,22,20,17,17,18,18,17
"Dzitline Lee 9 (IRI), British Columbia",5951814,40,35,32,28,22,18,16,15,15,15,15,15,14,12,11,10,11,13,14,15,16,16,16,16,16
"Towinock 2 (IRI), British Columbia",5931832,11,9,9,7,7,5,5,5,5,5,5,5,5,5,5,5,8,10,12,14,16,16,17,17,16
"Dragon Lake 3 (IRI), British Columbia",5941886,28,27,26,26,25,25,26,26,26,26,26,26,26,27,27,27,24,22,19,17,15,15,15,15,15
"Kleetlekut 22 (IRI), British Columbia",5933831,10,10,8,8,6,5,5,5,5,5,5,6,7,8,9,10,11,12,13,14,15,15,15,15,15
"Klehkoot 2 (IRI), British Columbia",5923822,12,12,12,11,11,10,10,10,10,10,10,11,12,13,14,15,15,15,15,15,15,15,15,15,15
"Louis Creek 4 (IRI), British Columbia",5933888,13,13,12,12,12,12,12,12,11,11,10,10,10,10,10,10,11,12,14,14,15,15,15,15,15
"Lulu 5 (IRI), British Columbia",5907850,21,21,21,21,21,22,21,19,19,18,19,18,19,19,19,20,19,18,17,16,15,15,15,15,15
"Seaichem 16 (IRI), British Columbia",5931806,3,14,24,35,47,57,56,56,56,54,54,55,55,56,54,53,45,38,30,22,15,15,16,16,15
"Tacla Lake (Ferry Landing) 9 (IRI), British Columbia",5951811,0,0,0,0,0,0,0,0,0,0,0,0,0,0,0,0,3,6,9,12,15,15,15,15,15
"Towdystan Lake 3 (IRI), British Columbia",5941851,10,12,13,16,18,21,19,18,15,13,10,10,10,10,10,10,11,12,13,14,15,15,15,15,15
"Tseatah 2 (IRI), British Columbia",5909834,2,3,5,6,8,10,11,12,13,15,16,18,20,22,23,24,22,21,19,17,15,15,15,16,16
"Upper Hat Creek 1 (IRI), British Columbia",5933875,29,31,34,36,39,41,40,38,36,33,30,29,28,26,26,25,22,21,19,17,15,15,15,15,15
"Upper Nepa 6 (IRI), British Columbia",5933876,4,6,9,11,13,16,15,14,13,12,10,11,12,13,15,15,15,15,15,15,15,15,15,15,15
"Alexis 9 (IRI), British Columbia",5907808,15,13,11,9,7,5,9,13,17,21,25,22,20,16,13,10,10,10,10,10,10,10,10,10,10
"Anahim's Meadow (IRI), British Columbia",5941883,14,14,14,15,15,15,12,8,5,3,0,3,4,6,8,10,10,10,10,10,10,10,10,10,10
"Elhlateese 2 (IRI), British Columbia",5923805,22,24,25,25,27,27,25,23,21,20,19,16,13,11,8,5,6,7,8,9,10,10,10,10,10
"Fishtrap 19 (IRI), British Columbia",5941871,33,29,26,25,22,20,19,20,19,20,20,19,19,17,16,15,14,13,12,11,10,10,10,10,10
"Fountain 12 (IRI), British Columbia",5931820,5,5,5,5,5,5,6,8,10,13,15,14,14,12,11,10,10,10,10,10,10,10,10,10,10
"Fountain 3 (IRI), British Columbia",5931817,11,10,8,7,6,5,6,7,8,9,10,10,9,10,10,10,10,10,10,10,10,10,10,10,10
"Francois Lake 7 (IRI), British Columbia",5951822,13,12,11,11,11,10,10,9,10,9,10,10,10,9,9,10,10,10,10,10,10,10,10,10,10
"Halhalaeden (IRI), British Columbia",5933813,9,8,6,6,5,5,6,5,5,5,5,5,5,5,5,5,6,7,8,9,10,10,10,10,10
"Johny Sticks 2 (IRI), British Columbia",5941811,13,14,14,14,14,15,16,17,19,19,21,18,16,14,12,10,10,10,10,10,10,10,10,10,10
"Lytton 9A (IRI), British Columbia",5933841,59,56,54,51,49,45,38,30,22,13,5,5,5,5,5,5,6,7,8,9,10,10,10,10,10
"Musqueam 4 (IRI), British Columbia",5915810,6,6,6,5,5,5,5,5,5,5,5,6,7,9,9,10,10,10,10,10,10,10,10,10,10
"Poison Creek 17A (IRI), British Columbia",5951844,0,0,2,2,4,5,4,4,2,1,0,1,2,3,4,5,6,7,8,9,10,10,10,10,10
"Puckatholetchin 11 (IRI), British Columbia",5909808,3,3,3,4,4,5,5,5,6,5,5,5,5,5,5,5,6,7,8,9,10,10,10,10,10
"Seah 5 (IRI), British Columbia",5933858,24,21,18,15,12,10,12,14,16,17,20,18,16,14,13,10,10,10,10,10,10,10,10,10,10
"Seaspunkut 4 (IRI), British Columbia",5951806,21,20,19,18,17,16,15,15,15,15,15,15,16,16,17,16,15,13,12,11,10,10,10,10,10
"Skawahlook 1 (IRI), British Columbia",5909814,27,26,24,23,21,19,15,11,7,4,0,0,0,0,0,0,2,4,6,8,10,10,10,10,10
"Skins Lake 16A (IRI), British Columbia",5951823,2,2,1,1,0,0,0,0,0,0,0,1,2,3,4,5,6,7,8,9,10,10,10,10,10
"Skuppah 4 (IRI), British Columbia",5933865,12,13,14,14,16,16,14,12,10,7,5,5,5,5,5,5,6,7,8,9,10,10,10,10,10
"St. Mary's (IRI), British Columbia",5901808,15,15,15,15,15,15,15,15,14,14,14,15,15,15,15,15,14,13,12,11,10,10,10,10,10
"Uncha Lake 13A (IRI), British Columbia",5951826,7,9,11,13,14,16,14,12,9,7,5,6,7,8,9,10,10,10,10,10,10,10,10,10,10
"105 Mile Post 2 (IRI), British Columbia",5933845,9,8,7,6,6,5,8,11,14,17,22,20,18,16,13,10,9,8,7,6,5,5,5,5,5
"Alexis Creek 14 (IRI), British Columbia",5941817,0,0,0,0,0,0,0,0,0,0,0,0,0,0,0,0,1,1,3,4,5,5,5,5,5
"Alkali Lake 4A (IRI), British Columbia",5941873,6,6,5,6,5,5,5,5,5,5,5,6,7,8,9,10,9,8,7,6,5,5,5,5,5
"Bucktum 4 (IRI), British Columbia",5909847,4,3,3,1,1,0,1,2,3,4,5,4,3,2,1,0,1,2,3,4,5,5,5,5,5
"Canim Lake 2 (IRI), British Columbia",5941813,15,15,14,13,12,10,9,8,7,6,5,5,5,5,5,5,5,5,5,5,5,5,5,5,5
"Cassimayooks (Mayook) 5 (IRI), British Columbia",5901805,3,3,3,4,4,5,5,5,6,6,5,4,3,2,1,0,1,2,3,4,5,5,5,5,5
"Chilco Lake 1 (IRI), British Columbia",5941828,12,10,9,7,7,6,14,21,29,37,43,35,28,19,12,5,5,5,5,5,5,5,5,5,5
"Duncan Lake 2 (IRI), British Columbia",5951821,24,21,19,16,13,10,10,10,10,10,10,9,8,7,6,5,5,5,5,5,5,5,5,5,5
"Entlqwekkinh 19 (IRI), British Columbia",5933899,0,0,0,0,0,0,0,0,0,0,0,0,0,0,0,0,1,2,3,4,5,5,5,5,5
"Euchinico Creek 17 (IRI), British Columbia",5941866,0,5,10,15,19,26,21,16,11,7,0,0,0,0,0,0,1,2,3,4,5,5,5,5,5
"Fontas 1 (IRI), British Columbia",5959805,0,0,0,0,0,0,1,2,3,4,5,5,5,5,5,5,5,5,5,5,5,5,5,5,5
"Fountain 10 (IRI), British Columbia",5931818,10,8,5,3,2,0,1,2,3,4,5,5,5,5,5,5,5,5,5,5,5,5,5,5,5
"Garden (IRI), British Columbia",5941884,8,8,8,10,10,10,10,10,9,9,10,9,8,7,7,5,5,5,5,5,5,5,5,5,5
"Hesquiat 1 (IRI), British Columbia",5923806,4,5,7,8,9,10,9,8,6,6,5,5,5,5,5,5,5,5,5,5,5,5,5,5,5
"Jean Baptiste 28 (IRI), British Columbia",5951830,6,6,6,5,5,5,5,5,5,5,5,4,3,2,1,0,1,2,3,4,5,5,5,5,5
"Kahmoose 4 (IRI), British Columbia",5909819,69,70,69,70,72,77,81,84,89,91,91,86,81,77,71,66,54,42,29,16,5,5,5,5,5
"Kloklowuck 7 (IRI), British Columbia",5933861,3,3,2,1,0,0,1,2,3,4,5,5,5,5,5,5,5,5,5,5,5,5,5,5,5
"Lower Post (S-É), British Columbia",5957813,9,14,16,21,25,30,28,28,29,29,30,27,25,25,24,23,19,15,10,7,5,5,5,5,5
"Lytton 4E (IRI), British Columbia",5933840,8,6,5,3,2,0,1,2,4,4,5,5,5,5,5,5,5,5,5,5,5,5,5,5,5
"Michel Gardens 36 (IRI), British Columbia",5941879,0,0,0,0,0,0,3,4,6,8,10,9,7,7,6,5,5,5,5,5,5,5,5,5,5
"Necait 6 (IRI), British Columbia",5931826,19,19,17,17,16,16,17,17,18,18,17,17,18,18,19,20,17,14,11,8,5,5,5,5,5
"Nesikep 6 (IRI), British Columbia",5931827,10,7,6,4,2,0,1,2,3,4,5,6,6,8,9,10,9,8,7,6,5,5,5,5,5
"Nickel Palm 4 (IRI), British Columbia",5933848,12,10,9,7,7,5,5,7,8,9,10,9,8,7,6,5,5,5,5,5,5,5,5,5,5
"Nkaih 10 (IRI), British Columbia",5933870,0,0,0,0,0,0,0,0,0,0,0,0,0,0,0,0,1,2,3,4,5,5,5,5,5
"Nohomeen 23 (IRI), British Columbia",5933852,10,10,10,10,10,10,9,8,7,6,5,5,5,5,5,5,5,5,5,5,5,5,5,5,5
"Omineca 1 (IRI), British Columbia",5951819,9,9,8,7,6,5,5,6,7,9,10,9,9,7,6,5,5,5,5,5,5,5,5,5,5
"Pentledge 2 (IRI), British Columbia",5926802,0,0,0,0,0,0,0,0,0,0,0,0,0,0,0,0,1,2,3,4,5,5,5,5,5
"Puntzi Lake 2 (IRI), British Columbia",5941838,2,2,2,0,0,0,1,2,4,4,5,4,3,1,1,0,1,1,3,4,5,5,5,5,5
"Sachteen (IRI), British Columbia",5909883,8,6,5,3,2,0,1,2,3,4,5,5,6,7,9,10,9,8,7,6,5,5,5,5,5
"Schelowat 1 (IRI), British Columbia",5909838,6,6,5,6,5,5,6,7,8,9,10,10,10,10,10,10,9,8,7,6,5,5,5,5,5
"Scowlitz 1 (IRI), British Columbia",5909833,10,10,10,10,10,10,11,10,10,10,10,10,10,10,10,10,9,8,7,6,5,5,5,5,5
"Skwayaynope 26 (IRI), British Columbia",5933866,5,5,5,5,5,5,5,5,5,5,5,5,7,7,9,10,9,8,7,6,5,5,5,5,5
"Sowchea 3 (IRI), British Columbia",5951804,0,2,4,6,8,10,8,6,4,2,0,0,0,0,0,0,1,2,3,4,5,5,5,5,5
"Spences Bridge (IRI), British Columbia",5933881,22,22,23,24,24,26,21,16,11,5,0,1,2,3,4,5,5,5,5,5,5,5,5,5,5
"Spintlum Flat 3 (IRI), British Columbia",5933868,7,5,5,3,3,0,1,2,3,4,5,5,7,7,9,10,9,8,7,6,5,5,5,5,5
"Thomas Squinas Ranch 2A (IRI), British Columbia",5941845,12,12,12,10,10,10,12,12,14,16,20,17,13,10,6,0,1,2,3,4,5,5,5,5,5
"Whonnock 1 (IRI), British Columbia",5915840,5,4,3,2,1,0,0,0,0,0,0,0,0,0,0,0,1,2,3,4,5,5,5,5,5
"Windy Mouth 7 (IRI), British Columbia",5941855,6,6,5,5,4,5,6,6,6,7,8,8,8,7,7,8,7,7,6,5,5,5,5,5,5
"Yale Town 1 (IRI), British Columbia",5909818,17,16,15,13,12,10,10,10,10,10,10,10,10,10,10,10,9,8,7,6,5,5,5,5,5
"Yawaucht 11 (IRI), British Columbia",5933878,12,11,9,8,6,5,6,7,8,9,10,8,8,6,6,5,5,5,5,5,5,5,5,5,5
"Zacht 5 (IRI), British Columbia",5933879,10,11,12,14,15,15,18,19,21,23,25,21,18,13,9,5,5,5,5,5,5,5,5,5,5
"Agats Meadow 8 (IRI), British Columbia",5941844,4,4,2,2,0,0,0,0,0,0,0,0,0,0,0,0,0,0,0,0,0,0,0,0,0
"Ahaminaquus 12 (IRI), British Columbia",5924803,0,0,0,0,0,0,0,0,0,0,0,0,0,0,0,0,0,0,0,0,0,0,0,0,0
"Alberni 2 (IRI), British Columbia",5923802,11,9,9,7,7,5,6,7,8,9,10,10,10,8,9,10,8,6,4,2,0,0,0,0,0
"Alexis Creek 16 (IRI), British Columbia",5941818,0,0,0,0,0,0,0,0,0,0,0,0,0,0,0,0,0,0,0,0,0,0,0,0,0
"Alexis Creek 21 (IRI), British Columbia",5941848,1,1,1,0,0,0,0,0,0,0,0,0,0,0,0,0,0,0,0,0,0,0,0,0,0
"Alexis Creek 34 (IRI), British Columbia",5941856,0,0,0,0,0,0,0,0,0,0,0,0,0,0,0,0,0,0,0,0,0,0,0,0,0
"Babine 16 (IRI), British Columbia",5951831,5,4,4,4,4,4,5,5,5,5,5,6,5,5,5,5,4,3,2,1,0,0,0,0,0
"Babine Lake 21B (IRI), British Columbia",5951847,0,0,0,0,0,0,0,0,0,0,0,0,0,0,0,0,0,0,0,0,0,0,0,0,0
"Baezaeko River 27 (IRI), British Columbia",5941881,0,0,0,0,0,0,0,0,0,0,0,0,0,0,0,0,0,0,0,0,0,0,0,0,0
"Baptiste Meadow 2 (IRI), British Columbia",5941849,4,4,2,2,0,0,1,2,3,4,5,5,5,5,5,5,4,3,2,1,0,0,0,0,0
"Basque 18 (IRI), British Columbia",5933828,2,2,3,4,5,5,5,5,5,5,5,4,3,2,1,0,0,0,0,0,0,0,0,0,0
"Betty Creek 18 (IRI), British Columbia",5941861,0,0,0,0,0,0,0,0,0,0,0,0,0,0,0,0,0,0,0,0,0,0,0,0,0
"Boothroyd 13 (IRI), British Columbia",5909850,7,7,7,6,6,6,6,6,5,5,5,4,3,2,1,0,0,0,0,0,0,0,0,0,0
"Boothroyd 8A (IRI), British Columbia",5933897,0,0,0,0,0,0,0,0,0,0,0,0,0,0,0,0,0,0,0,0,0,0,0,0,0
"Boston Bar 1A (IRI), British Columbia",5909836,5,4,3,2,1,0,0,0,0,0,0,0,0,0,0,0,0,0,0,0,0,0,0,0,0
"Canim Lake 4 (IRI), British Columbia",5941803,1,1,1,0,0,0,0,0,0,0,0,0,0,0,0,0,0,0,0,0,0,0,0,0,0
"Canoe Creek 3 (IRI), British Columbia",5941804,1,8,16,24,32,39,32,24,16,8,0,0,0,0,0,0,0,0,0,0,0,0,0,0,0
"Charley Boy's Meadow 3 (IRI), British Columbia",5941827,4,4,2,2,0,0,0,0,0,0,0,0,0,0,0,0,0,0,0,0,0,0,0,0,0
"Chekwelp 26 (IRI), British Columbia",5929801,12,12,11,11,10,10,8,5,3,1,0,0,0,0,0,0,0,0,0,0,0,0,0,0,0
"Chenahkint 12 (IRI), British Columbia",5924805,9,9,10,10,10,10,8,6,4,2,0,0,0,0,0,0,0,0,0,0,0,0,0,0,0
"Chuchhraischin (IRI), British Columbia",5933810,0,0,0,0,0,0,0,0,0,0,0,0,0,0,0,0,0,0,0,0,0,0,0,0,0
"Clakamucus 2 (IRI), British Columbia",5923804,3,3,3,5,5,5,4,3,2,1,0,0,0,0,0,0,0,0,0,0,0,0,0,0,0
"Coglistiko River 29 (IRI), British Columbia",5941835,3,3,2,1,0,0,0,0,0,0,0,0,0,0,0,0,0,0,0,0,0,0,0,0,0
"Coquitlam 2 (IRI), British Columbia",5915804,6,6,5,5,4,5,5,6,5,6,5,4,3,2,1,0,0,0,0,0,0,0,0,0,0
"Fountain 11 (IRI), British Columbia",5931819,4,5,7,8,9,10,8,5,3,2,0,0,0,0,0,0,0,0,0,0,0,0,0,0,0
"Fountain 3A (IRI), British Columbia",5931834,0,0,0,0,0,0,0,0,0,0,0,0,0,0,0,0,0,0,0,0,0,0,0,0,0
"Fountain Creek 8 (IRI), British Columbia",5931822,5,5,5,5,5,5,5,5,5,5,5,4,3,2,1,0,0,0,0,0,0,0,0,0,0
"Galiano Island 9 (IRI), British Columbia",5917805,0,0,0,0,0,0,0,0,0,0,0,0,0,0,0,0,0,0,0,0,0,0,0,0,0
"Good Hope Lake (S-É), British Columbia",5957804,68,51,44,38,32,29,21,16,11,5,0,0,0,0,0,0,0,0,0,0,0,0,0,0,0
"Hamilton Creek 2 (IRI), British Columbia",5933803,2,2,2,0,0,0,0,0,0,0,0,0,0,0,0,0,0,0,0,0,0,0,0,0,0
"Harris 3 (IRI), British Columbia",5937805,2,3,3,4,4,5,5,5,5,5,5,5,5,5,5,5,4,3,2,1,0,0,0,0,0
"High Bar 1 (IRI), British Columbia",5933819,3,3,2,1,0,0,1,2,3,4,5,4,3,2,1,0,0,0,0,0,0,0,0,0,0
"Hope Island 1 (IRI), British Columbia",5943836,4,4,4,4,5,5,7,9,10,13,15,12,9,7,4,0,0,0,0,0,0,0,0,0,0
"Hopetown 10A (IRI), British Columbia",5943809,3,2,1,0,0,0,0,0,0,0,0,0,0,0,0,0,0,0,0,0,0,0,0,0,0
"Ingenika Point (S-É), British Columbia",5955812,0,0,0,0,0,2,20,39,59,80,109,138,167,195,222,238,189,141,92,43,0,0,0,0,0
"Inkahtsaph 6 (IRI), British Columbia",5909805,5,5,5,5,5,5,4,3,2,1,0,0,0,0,0,0,0,0,0,0,0,0,0,0,0
"Isidore's Ranch 4 (IRI), British Columbia",5901802,0,0,0,0,0,0,0,0,0,0,0,0,0,0,0,0,0,0,0,0,0,0,0,0,0
"Kahntah 3 (IRI), British Columbia",5959809,3,2,2,1,1,0,0,0,0,0,0,0,0,0,0,0,0,0,0,0,0,0,0,0,0
"Kanaka Bar (IRI), British Columbia",5933882,15,15,15,14,14,14,11,9,7,5,3,5,8,11,13,15,12,9,6,3,0,0,0,0,0
"Kil-pah-las 3 (IRI), British Columbia",5919808,10,9,8,8,6,5,4,3,2,1,0,0,0,0,0,0,0,0,0,0,0,0,0,0,0
"Kitimat-Stikine C (Part 2) (RDA), British Columbia",5949020,10,9,7,6,6,5,5,5,5,5,5,5,5,5,5,5,4,3,2,1,0,0,0,0,0
"Kshish 4 (IRI), British Columbia",5949805,59,50,40,29,19,10,8,5,3,2,0,0,0,0,0,0,0,0,0,0,0,0,0,0,0
"Lytton 4A (IRI), British Columbia",5933839,0,3,7,10,12,15,12,8,5,3,0,0,0,0,0,0,0,0,0,0,0,0,0,0,0
"Lytton 9B (IRI), British Columbia",5933842,2,3,4,4,4,5,4,3,2,1,0,0,0,0,0,0,0,0,0,0,0,0,0,0,0
"Mesilinka 7 (IRI), British Columbia",5955850,0,0,0,0,0,0,0,0,0,0,0,0,0,0,0,0,0,0,0,0,0,0,0,0,0
"Mission Lands 17 (IRI), British Columbia",5951849,8,8,7,6,6,6,5,4,2,2,0,0,0,0,0,0,0,0,0,0,0,0,0,0,0
"Nedoats 11 (IRI), British Columbia",5951846,0,0,2,2,4,5,5,3,3,1,0,0,0,0,0,0,0,0,0,0,0,0,0,0,0
"Nekalliston 2 (IRI), British Columbia",5933886,0,0,0,0,0,0,0,0,0,0,0,0,0,0,0,0,0,0,0,0,0,0,0,0,0
"Nenagwas 12 (IRI), British Columbia",5924843,0,0,0,0,0,0,0,0,0,0,0,0,0,0,0,0,0,0,0,0,0,0,0,0,0
"Nimpkish 2 (IRI), British Columbia",5943835,14,13,12,11,10,8,8,8,9,10,10,10,10,9,9,10,8,6,4,2,0,0,0,0,0
"Noonla 6 (IRI), British Columbia",5951832,6,5,4,4,4,4,4,5,5,6,6,6,6,6,6,5,4,3,2,1,0,0,0,0,0
"Numukamis 1 (IRI), British Columbia",5923809,4,4,4,5,5,5,6,7,8,9,10,9,8,6,6,5,4,3,2,1,0,0,0,0,0
"Oregon Jack Creek 5 (IRI), British Columbia",5933846,0,0,0,0,0,0,1,2,3,4,5,4,3,2,1,0,0,0,0,0,0,0,0,0,0
"Paqulh (IRI), British Columbia",5909852,0,2,5,7,8,10,8,5,3,2,0,0,0,0,0,0,0,0,0,0,0,0,0,0,0
"Paska Island 3 (IRI), British Columbia",5933854,0,0,0,0,0,0,0,0,0,0,0,1,2,3,4,5,4,3,2,1,0,0,0,0,0
"Pemynoos 9 (IRI), British Columbia",5933857,0,0,0,0,0,0,0,0,0,0,0,0,0,0,0,0,0,0,0,0,0,0,0,0,0
"Peq-Paq 22 (IRI), British Columbia",5933837,0,0,0,0,0,0,0,0,0,0,0,0,0,0,0,0,0,0,0,0,0,0,0,0,0
"Popkum 1 (IRI), British Columbia",5909844,1,4,7,10,13,15,13,10,8,7,5,6,7,8,9,10,8,6,4,2,0,0,0,0,0
"Portier Pass 5 (IRI), British Columbia",5919817,0,0,0,0,0,0,0,0,0,0,0,0,0,0,0,0,0,0,0,0,0,0,0,0,0
"Sachsa 4 (IRI), British Columbia",5923814,8,6,5,3,2,0,0,0,0,0,0,0,0,0,0,0,0,0,0,0,0,0,0,0,0
"Saddle Rock 9 (IRI), British Columbia",5909809,3,3,2,1,0,0,0,0,0,0,0,0,0,0,0,0,0,0,0,0,0,0,0,0,0
"Salmon River Meadow 7 (IRI), British Columbia",5941862,0,0,0,0,0,0,0,0,0,0,0,0,0,0,0,0,0,0,0,0,0,0,0,0,0
"Sandy Harry 4 (IRI), British Columbia",5941868,0,0,0,0,0,0,1,2,3,4,5,5,5,5,5,5,4,3,2,1,0,0,0,0,0
"Seton Lake 5 (IRI), British Columbia",5931824,3,3,3,4,3,2,2,2,2,3,3,2,1,0,0,0,0,0,0,0,0,0,0,0,0
"Shingle Point 4 (IRI), British Columbia",5919811,0,0,0,0,0,0,0,0,0,0,0,0,0,0,0,0,0,0,0,0,0,0,0,0,0
"Skins Lake 16B (IRI), British Columbia",5951824,24,25,25,26,26,27,26,24,23,21,20,21,22,23,24,23,19,14,9,4,0,0,0,0,0
"Skuppah 2A (IRI), British Columbia",5933824,0,0,0,0,0,0,0,0,0,0,0,0,0,0,0,0,0,0,0,0,0,0,0,0,0
"Skwali 3 (IRI), British Columbia",5909825,7,7,8,9,10,10,10,10,10,10,10,10,10,10,10,10,8,6,4,2,0,0,0,0,0
"Speyum 3 (IRI), British Columbia",5909815,1,1,1,0,0,0,0,0,0,0,0,1,2,4,4,5,4,3,2,1,0,0,0,0,0
"Squaam 2 (IRI), British Columbia",5933889,9,8,7,6,6,5,6,7,8,9,10,10,10,10,10,10,8,6,4,2,0,0,0,0,0
"Squirrel Cove 8 (IRI), British Columbia",5924818,0,1,2,3,4,5,4,3,2,1,0,0,0,0,0,0,0,0,0,0,0,0,0,0,0
"Sundayman's Meadow 3 (IRI), British Columbia",5941864,0,0,0,0,0,0,1,2,3,4,5,4,3,2,1,0,0,0,0,0,0,0,0,0,0
"Swan Lake 3 (IRI), British Columbia",5941872,12,10,9,7,7,5,5,5,5,5,5,5,5,5,5,5,4,3,2,1,0,0,0,0,0
"Tadinlay 15 (IRI), British Columbia",5951845,0,0,0,0,0,0,0,0,0,0,0,0,0,0,0,0,0,0,0,0,0,0,0,0,0
"Tahltan 1 (IRI), British Columbia",5949846,0,0,0,0,0,0,0,0,0,0,0,0,0,0,0,0,0,0,0,0,0,0,0,0,0
"Tatla West 11 (IRI), British Columbia",5951825,2,2,2,0,0,0,1,2,4,4,5,4,3,1,1,0,0,0,0,0,0,0,0,0,0
"Tatla't East 2 (IRI), British Columbia",5951833,0,1,2,4,4,5,4,3,1,1,0,1,2,4,4,5,4,3,2,1,0,0,0,0,0
"Thomas Point 5 (IRI), British Columbia",5943817,0,0,0,0,0,0,0,0,0,0,0,0,0,0,0,0,0,0,0,0,0,0,0,0,0
"Thomas Point 5A (IRI), British Columbia",5943826,0,0,0,0,0,0,0,0,0,0,0,0,0,0,0,0,0,0,0,0,0,0,0,0,0
"Tipella 7 (IRI), British Columbia",5909848,1,8,14,22,28,35,33,30,28,27,27,22,18,12,7,0,0,0,0,0,0,0,0,0,0
"Trout Lake Alec 16 (IRI), British Columbia",5941852,20,16,13,9,5,0,5,9,12,17,21,20,19,18,17,15,12,9,6,3,0,0,0,0,0
"Tsaukan 12 (IRI), British Columbia",5933874,3,3,3,4,4,5,5,3,3,1,0,0,0,0,0,0,0,0,0,0,0,0,0,0,0
"Twoyqhalsht 16 (IRI), British Columbia",5933893,0,0,0,0,0,0,0,0,0,0,0,0,0,0,0,0,0,0,0,0,0,0,0,0,0
"Ulkatcho 13 (IRI), British Columbia",5941854,0,0,0,0,0,0,0,0,0,0,0,0,0,0,0,0,0,0,0,0,0,0,0,0,0
"Village Island 1 (IRI), British Columbia",5924813,9,7,5,3,2,0,0,0,0,0,0,0,0,0,0,0,0,0,0,0,0,0,0,0,0
"Yuquot 1 (IRI), British Columbia",5924814,3,3,4,4,5,5,6,7,8,9,10,9,8,6,6,5,4,3,2,1,0,0,0,0,0
"Whitehorse (CY), Yukon",6001009,NA,NA,NA,NA,NA,NA,NA,NA,NA,NA,NA,NA,NA,NA,NA,NA,NA,NA,28656,29177,30043,30876,32087,33556,34129
"Dawson (T), Yukon",6001029,NA,NA,NA,NA,NA,NA,NA,NA,NA,NA,NA,NA,NA,NA,NA,NA,NA,NA,1649,1636,1695,1735,1753,1787,1841
"Yukon, Unorganized (NO), Yukon",6001045,NA,NA,NA,NA,NA,NA,NA,NA,NA,NA,NA,NA,NA,NA,NA,NA,NA,NA,1608,1643,1614,1625,1620,1605,1593
"Macpherson-Grizzly Valley (NO), Yukon",6001059,NA,NA,NA,NA,NA,NA,NA,NA,NA,NA,NA,NA,NA,NA,NA,NA,NA,NA,1473,1534,1542,1573,1636,1654,1634
"Watson Lake (T), Yukon",6001003,NA,NA,NA,NA,NA,NA,NA,NA,NA,NA,NA,NA,NA,NA,NA,NA,NA,NA,1283,1278,1298,1309,1308,1305,1291
"Haines Junction (VL), Yukon",6001018,NA,NA,NA,NA,NA,NA,NA,NA,NA,NA,NA,NA,NA,NA,NA,NA,NA,NA,739,770,789,822,832,844,873
"Marsh Lake (NO), Yukon",6001058,NA,NA,NA,NA,NA,NA,NA,NA,NA,NA,NA,NA,NA,NA,NA,NA,NA,NA,709,732,751,736,748,751,767
"Carmacks (VL), Yukon",6001012,NA,NA,NA,NA,NA,NA,NA,NA,NA,NA,NA,NA,NA,NA,NA,NA,NA,NA,577,609,583,583,588,602,555
"Ibex Valley (HAM), Yukon",6001055,NA,NA,NA,NA,NA,NA,NA,NA,NA,NA,NA,NA,NA,NA,NA,NA,NA,NA,467,477,505,525,553,569,570
"Mt. Lorne (HAM), Yukon",6001044,NA,NA,NA,NA,NA,NA,NA,NA,NA,NA,NA,NA,NA,NA,NA,NA,NA,NA,456,462,479,489,485,508,486
"Whitehorse, Unorganized (NO), Yukon",6001060,NA,NA,NA,NA,NA,NA,NA,NA,NA,NA,NA,NA,NA,NA,NA,NA,NA,NA,456,450,449,470,488,484,503
"Faro (T), Yukon",6001004,NA,NA,NA,NA,NA,NA,NA,NA,NA,NA,NA,NA,NA,NA,NA,NA,NA,NA,390,415,445,453,443,434,407
"Carcross (SÉ), Yukon",6001048,NA,NA,NA,NA,NA,NA,NA,NA,NA,NA,NA,NA,NA,NA,NA,NA,NA,NA,394,426,411,416,412,429,426
"Pelly Crossing (SÉ), Yukon",6001041,NA,NA,NA,NA,NA,NA,NA,NA,NA,NA,NA,NA,NA,NA,NA,NA,NA,NA,367,379,379,383,374,387,385
"Ross River (SÉ), Yukon",6001037,NA,NA,NA,NA,NA,NA,NA,NA,NA,NA,NA,NA,NA,NA,NA,NA,NA,NA,375,374,376,374,372,373,382
"Teslin (VL), Yukon",6001006,NA,NA,NA,NA,NA,NA,NA,NA,NA,NA,NA,NA,NA,NA,NA,NA,NA,NA,325,307,321,330,336,351,344
"Tagish (SÉ), Yukon",6001036,NA,NA,NA,NA,NA,NA,NA,NA,NA,NA,NA,NA,NA,NA,NA,NA,NA,NA,302,304,311,313,316,324,340
"Old Crow (SÉ), Yukon",6001043,NA,NA,NA,NA,NA,NA,NA,NA,NA,NA,NA,NA,NA,NA,NA,NA,NA,NA,265,265,261,249,254,251,240
"Mayo (VL), Yukon",6001022,NA,NA,NA,NA,NA,NA,NA,NA,NA,NA,NA,NA,NA,NA,NA,NA,NA,NA,223,213,202,204,203,197,192
"Upper Liard (SÉ), Yukon",6001032,NA,NA,NA,NA,NA,NA,NA,NA,NA,NA,NA,NA,NA,NA,NA,NA,NA,NA,131,130,133,134,149,150,140
"Beaver Creek (SÉ), Yukon",6001042,NA,NA,NA,NA,NA,NA,NA,NA,NA,NA,NA,NA,NA,NA,NA,NA,NA,NA,118,120,108,102,102,102,100
"Burwash Landing (SÉ), Yukon",6001039,NA,NA,NA,NA,NA,NA,NA,NA,NA,NA,NA,NA,NA,NA,NA,NA,NA,NA,97,93,89,93,93,103,106
"Destruction Bay (SÉ), Yukon",6001049,NA,NA,NA,NA,NA,NA,NA,NA,NA,NA,NA,NA,NA,NA,NA,NA,NA,NA,50,47,43,45,46,49,45
"Carcross 4 (SG), Yukon",6001008,NA,NA,NA,NA,NA,NA,NA,NA,NA,NA,NA,NA,NA,NA,NA,NA,NA,NA,43,41,40,36,45,42,40
"Champagne Landing 10 (S-É), Yukon",6001038,NA,NA,NA,NA,NA,NA,NA,NA,NA,NA,NA,NA,NA,NA,NA,NA,NA,NA,36,37,32,31,32,29,30
"Keno Hill (SÉ), Yukon",6001052,NA,NA,NA,NA,NA,NA,NA,NA,NA,NA,NA,NA,NA,NA,NA,NA,NA,NA,23,23,24,22,21,21,21
"Lake Laberge 1 (SG), Yukon",6001010,NA,NA,NA,NA,NA,NA,NA,NA,NA,NA,NA,NA,NA,NA,NA,NA,NA,NA,12,16,18,20,32,32,32
"Stewart Crossing (SÉ), Yukon",6001050,NA,NA,NA,NA,NA,NA,NA,NA,NA,NA,NA,NA,NA,NA,NA,NA,NA,NA,21,22,15,15,8,7,7
"Teslin Post 13 (SG), Yukon",6001007,NA,NA,NA,NA,NA,NA,NA,NA,NA,NA,NA,NA,NA,NA,NA,NA,NA,NA,11,19,14,16,3,6,12
"Johnsons Crossing (SÉ), Yukon",6001047,NA,NA,NA,NA,NA,NA,NA,NA,NA,NA,NA,NA,NA,NA,NA,NA,NA,NA,12,12,12,12,13,12,11
"Swift River (SÉ), Yukon",6001046,NA,NA,NA,NA,NA,NA,NA,NA,NA,NA,NA,NA,NA,NA,NA,NA,NA,NA,2,3,3,4,4,3,3
"Kloo Lake (S-É), Yukon",6001019,NA,NA,NA,NA,NA,NA,NA,NA,NA,NA,NA,NA,NA,NA,NA,NA,NA,NA,0,0,0,0,0,0,0
"Moosehide Creek 2 (SG), Yukon",6001031,NA,NA,NA,NA,NA,NA,NA,NA,NA,NA,NA,NA,NA,NA,NA,NA,NA,NA,0,0,0,0,0,0,0
"North Slope (NO), Yukon",6001065,NA,NA,NA,NA,NA,NA,NA,NA,NA,NA,NA,NA,NA,NA,NA,NA,NA,NA,0,0,0,0,0,0,0
"Teslin (TL), Yukon",6001057,NA,NA,NA,NA,NA,NA,NA,NA,NA,NA,NA,NA,NA,NA,NA,NA,NA,NA,0,0,0,0,0,0,0
"Yellowknife (CY), Northwest Territories",6106023,17779,18414,19202,19622,19642,19528,19684,19860,19733,19795,20054,20121,20245,20302,20572,20829,20946,20939,21016,21190,21455,21610,21748,22295,22858
"Hay River (T), Northwest Territories",6105016,3727,3688,3687,3828,3840,3778,3834,3768,3693,3785,3738,3735,3765,3757,3777,3802,3728,3615,3545,3441,3402,3371,3337,3313,3317
"Inuvik (T), Northwest Territories",6101017,3398,3555,3572,3620,3654,3644,3618,3602,3634,3639,3600,3563,3516,3465,3414,3426,3437,3465,3453,3399,3367,3333,3278,3320,3337
"Fort Smith (T), Northwest Territories",6105001,2326,2366,2437,2485,2443,2459,2506,2463,2498,2473,2571,2580,2628,2633,2630,2743,2715,2665,2598,2613,2563,2518,2478,2465,2484
"Behchokò (CG), Northwest Territories",6103031,1779,1818,1872,1883,1937,1973,1984,2000,1993,1985,2013,2026,1957,1945,1961,1980,1995,2023,1992,2010,1996,1983,1981,2010,2017
"Fort Simpson (VL), Northwest Territories",6104038,1260,1259,1250,1237,1240,1257,1237,1247,1270,1276,1278,1262,1266,1284,1297,1299,1304,1322,1323,1311,1326,1318,1291,1306,1330
"Tuktoyaktuk (HAM), Northwest Territories",6101036,997,985,965,956,941,906,898,910,876,876,877,895,902,928,972,980,971,973,995,1010,1016,1016,1023,1024,1026
"Norman Wells (T), Northwest Territories",6102007,762,744,798,837,826,802,821,782,779,763,772,764,793,783,809,828,828,802,794,779,788,751,732,737,745
"Fort McPherson (HAM), Northwest Territories",6101015,829,808,820,813,814,805,809,801,815,805,812,809,783,773,758,750,746,719,734,742,734,746,736,732,742
"Fort Providence (HAM), Northwest Territories",6104014,819,803,824,801,799,757,744,742,752,748,771,779,781,776,778,759,734,722,719,706,705,711,701,694,687
"Déline (CC), Northwest Territories",6102003,567,551,561,552,545,548,533,537,519,510,491,498,510,531,559,570,571,590,610,619,625,634,630,630,647
"Aklavik (HAM), Northwest Territories",6101025,687,678,646,623,632,616,613,627,618,641,656,658,656,637,641,636,635,627,639,636,622,631,648,648,648
"Whatì (CG), Northwest Territories",6103034,491,486,481,490,491,480,491,480,488,494,490,507,504,505,523,504,511,520,538,568,580,591,598,606,612
"Fort Good Hope (CC), Northwest Territories",6102009,588,600,563,555,559,577,566,557,560,548,523,537,545,564,582,557,560,546,554,562,554,565,573,585,584
"Fort Resolution (HAM), Northwest Territories",6105018,569,575,562,522,502,502,507,512,509,503,488,476,494,510,519,506,514,527,526,533,525,527,520,521,523
"Tulita (HAM), Northwest Territories",6102005,495,509,503,504,525,524,522,521,512,519,490,497,509,516,509,519,528,534,516,530,515,529,522,526,529
"Fort Liard (HAM), Northwest Territories",6104009,582,599,575,601,596,606,586,569,563,564,554,565,542,542,555,537,550,552,537,520,501,489,491,490,501
"Ulukhaktok (HAM), Northwest Territories",6101095,416,413,425,414,426,412,424,429,417,432,407,408,418,422,421,421,421,439,441,450,446,448,452,460,461
"Paulatuk (HAM), Northwest Territories",6101014,320,315,326,308,306,303,309,306,309,323,322,314,304,297,297,290,295,311,321,334,341,346,350,352,355
"Lutselk'e (SET), Northwest Territories",6105020,359,391,399,391,357,333,330,328,316,310,306,312,312,317,313,320,326,317,308,314,319,316,316,319,315
"Gamètì (CG), Northwest Territories",6103049,291,293,300,288,292,288,289,277,255,258,263,275,287,300,295,300,301,305,286,275,268,260,275,287,283
"Hay River Dene 1 (IRI), Northwest Territories",6104017,290,293,293,301,307,314,316,315,304,305,307,311,313,317,325,331,315,299,288,276,266,265,259,257,257
"Dettah (SET), Northwest Territories",6106021,214,219,214,230,235,254,250,245,222,221,216,218,219,224,230,234,225,218,213,206,205,210,212,209,213
"Tsiigehtchic (CC), Northwest Territories",6101010,195,213,209,202,190,181,177,159,154,154,152,150,170,178,183,185,192,191,182,182,188,180,179,178,183
"Colville Lake (SET), Northwest Territories",6102012,115,118,122,126,126,131,141,145,153,152,151,155,146,145,143,137,136,140,141,142,141,149,149,153,154
"Wrigley (SET), Northwest Territories",6104044,189,175,168,140,133,129,121,128,137,138,138,145,142,137,135,127,121,122,126,127,125,129,132,131,135
"Wekweètì (CG), Northwest Territories",6103052,138,142,151,139,140,142,142,143,145,145,145,142,142,140,142,138,140,137,133,132,116,115,121,127,130
"Sachs Harbour (HAM), Northwest Territories",6101041,125,118,113,121,122,127,123,124,131,126,115,117,122,121,112,112,111,111,113,112,115,110,117,120,118
"Enterprise (HAM), Northwest Territories",6105003,68,74,73,94,97,99,102,104,107,103,103,115,117,121,111,113,113,113,109,102,92,95,91,89,81
"Sambaa K'e (SET), Northwest Territories",6104006,76,75,78,83,86,91,93,97,99,97,95,100,98,96,96,94,88,91,94,93,93,99,103,105,110
"Nahanni Butte (SET), Northwest Territories",6104010,111,115,110,110,115,118,116,113,110,109,103,98,97,94,94,95,94,98,99,93,88,87,86,88,85
"Jean Marie River (SET), Northwest Territories",6104013,74,74,73,71,79,82,77,72,73,68,62,62,71,76,79,82,84,83,80,77,69,66,64,64,68
"Kakisa (SET), Northwest Territories",6104005,49,49,39,57,53,54,54,49,52,49,47,45,42,42,41,39,41,42,42,40,42,43,40,38,39
"Reliance (SET), Northwest Territories",6105026,0,0,0,0,0,0,0,0,0,0,0,0,0,0,0,0,0,0,0,0,0,0,0,0,0
"Salt Plains 195 (IRI), Northwest Territories",6105004,0,0,0,0,0,0,0,0,0,0,0,0,0,0,0,0,0,0,0,0,0,0,0,0,0
"Region 1, Unorganized (NO), Northwest Territories",6101063,NA,NA,NA,NA,NA,NA,NA,NA,NA,NA,NA,NA,NA,NA,NA,NA,NA,NA,NA,NA,NA,NA,NA,NA,NA
"Region 2, Unorganized (NO), Northwest Territories",6102063,NA,NA,NA,NA,NA,NA,NA,NA,NA,NA,NA,NA,NA,NA,NA,NA,NA,NA,NA,NA,NA,NA,NA,NA,NA
"Region 3, Unorganized (NO), Northwest Territories",6103097,NA,NA,NA,NA,NA,NA,NA,NA,NA,NA,NA,NA,NA,NA,NA,NA,NA,NA,NA,NA,NA,NA,NA,NA,NA
"Region 4, Unorganized (NO), Northwest Territories",6104097,NA,NA,NA,NA,NA,NA,NA,NA,NA,NA,NA,NA,NA,NA,NA,NA,NA,NA,NA,NA,NA,NA,NA,NA,NA
"Region 5, Unorganized (NO), Northwest Territories",6105097,NA,NA,NA,NA,NA,NA,NA,NA,NA,NA,NA,NA,NA,NA,NA,NA,NA,NA,NA,NA,NA,NA,NA,NA,NA
"Region 6, Unorganized (NO), Northwest Territories",6106097,NA,NA,NA,NA,NA,NA,NA,NA,NA,NA,NA,NA,NA,NA,NA,NA,NA,NA,NA,NA,NA,NA,NA,NA,NA
"Iqaluit (CY), Nunavut",6204003,5574,5840,5985,6173,6347,6529,6656,6718,6841,6891,7136,7206,7428,7618,7897,8033,8118,8221,8191,8097,8121,8236,8302,8483,8612
"Rankin Inlet (HAM), Nunavut",6205017,2300,2319,2368,2386,2410,2480,2559,2579,2586,2634,2727,2759,2826,2957,2930,2935,3012,3065,3121,3171,3236,3313,3373,3425,3336
"Arviat (HAM), Nunavut",6205015,1984,2004,2040,2085,2141,2148,2201,2234,2279,2317,2446,2497,2554,2576,2632,2729,2810,2878,2937,3019,3108,3150,3209,3256,3330
"Baker Lake (HAM), Nunavut",6205023,1590,1624,1647,1707,1751,1796,1787,1829,1878,1948,1974,2017,2042,2044,2103,2123,2128,2170,2178,2239,2237,2253,2220,2250,2250
"Igloolik (HAM), Nunavut",6204012,1349,1410,1446,1501,1550,1600,1610,1615,1589,1585,1540,1591,1639,1702,1740,1786,1914,1971,2025,2170,2214,2254,2309,2415,2444
"Cambridge Bay (HAM), Nunavut",6208073,1378,1425,1439,1463,1472,1537,1557,1563,1641,1692,1679,1711,1745,1753,1766,1815,1860,1884,1881,1882,1923,1929,1957,1974,1931
"Pond Inlet (HAM), Nunavut",6204020,1282,1321,1320,1337,1353,1381,1408,1452,1514,1605,1626,1644,1662,1742,1700,1646,1663,1706,1711,1689,1683,1728,1736,1725,1765
"Pangnirtung (HAM), Nunavut",6204009,1333,1360,1366,1383,1386,1382,1378,1400,1460,1476,1503,1508,1516,1504,1528,1518,1487,1525,1568,1623,1636,1640,1645,1629,1603
"Cape Dorset (HAM), Nunavut",6204007,1209,1234,1244,1272,1286,1294,1323,1340,1346,1430,1440,1430,1455,1465,1425,1486,1521,1495,1506,1516,1512,1561,1555,1578,1600
"Kugluktuk (HAM), Nunavut",6208059,1264,1298,1328,1318,1337,1348,1389,1404,1476,1464,1516,1515,1514,1505,1526,1510,1511,1513,1512,1504,1494,1519,1497,1483,1529
"Gjoa Haven (HAM), Nunavut",6208081,1001,1012,1057,1064,1082,1099,1134,1176,1218,1275,1335,1354,1333,1350,1306,1360,1380,1383,1405,1423,1468,1456,1448,1431,1464
"Naujaat (HAM), Nunavut",6205027,641,658,683,718,744,778,844,876,929,939,994,1000,1077,1055,1088,1116,1154,1212,1259,1288,1325,1350,1361,1374,1385
"Clyde River (HAM), Nunavut",6204015,826,834,844,860,869,859,857,911,921,964,990,1051,1062,1081,1090,1083,1138,1152,1196,1254,1283,1287,1276,1288,1319
"Coral Harbour (HAM), Nunavut",6205014,743,748,763,782,777,804,817,843,829,882,870,898,873,889,890,919,963,1004,1042,1084,1127,1149,1124,1138,1200
"Kugaaruk (HAM), Nunavut",6208047,628,653,683,696,696,713,720,751,787,810,800,839,875,909,929,952,970,1019,1048,1113,1126,1155,1202,1234,1250
"Sanikiluaq (HAM), Nunavut",6204001,721,739,752,775,776,778,776,782,802,828,856,878,884,892,897,912,961,996,1032,1073,1103,1103,1080,1100,1141
"Arctic Bay (HAM), Nunavut",6204018,674,683,691,699,705,722,732,780,800,829,870,859,868,866,897,896,895,956,989,1040,1076,1065,1131,1128,1126
"Taloyoak (HAM), Nunavut",6208087,748,767,789,796,829,832,865,879,872,877,944,945,969,993,1068,1040,1019,977,1007,997,1014,1024,1034,1039,1046
"Hall Beach (HAM), Nunavut",6204011,641,655,665,673,685,684,717,708,735,761,777,779,800,851,845,875,861,872,894,920,969,962,980,997,968
"Qikiqtarjuaq (HAM), Nunavut",6204010,549,543,534,524,522,494,515,504,524,548,547,568,583,580,601,615,608,619,610,626,648,653,660,651,694
"Whale Cove (HAM), Nunavut",6205016,320,333,344,355,363,370,358,346,368,395,434,429,425,448,443,447,476,498,504,516,507,532,517,528,560
"Kimmirut (HAM), Nunavut",6204005,456,460,449,446,440,433,450,467,476,500,479,464,447,433,414,401,415,428,440,452,465,464,471,460,475
"Chesterfield Inlet (HAM), Nunavut",6205019,361,359,350,347,347,345,340,349,347,328,331,354,400,405,437,446,448,425,422,413,435,440,445,436,409
"Resolute (HAM), Nunavut",6204022,225,229,235,237,242,239,235,232,230,229,223,217,212,208,202,203,202,202,201,200,199,201,203,205,208
"Grise Fiord (HAM), Nunavut",6204025,170,172,167,160,160,146,144,141,140,139,138,136,135,136,134,132,137,142,147,153,157,159,161,163,165
"Kivalliq, Unorganized (NO), Nunavut",6205033,0,0,0,0,0,0,0,0,0,0,0,0,0,0,0,1,5,9,13,17,20,20,20,20,20
"Bathurst Inlet (SET), Nunavut",6208065,6,3,4,2,2,0,0,0,0,0,0,0,0,0,0,0,0,0,0,0,0,0,0,0,0
"Kitikmeot, Unorganized (NO), Nunavut",6208098,1,6,9,14,19,22,17,12,9,4,0,0,0,0,0,0,0,0,0,0,0,0,0,0,0
"Nanisivik (SET), Nunavut",6204019,78,61,48,31,17,0,0,0,0,0,0,0,0,0,0,0,0,0,0,0,0,0,0,0,0
"Qikiqtaaluk, Unorganized (NO), Nunavut",6204030,76,60,47,30,19,5,4,5,4,5,5,5,3,3,1,0,0,0,0,0,0,0,0,0,0
"Umingmaktok (SET), Nunavut",6208068,6,7,4,2,1,0,1,2,3,4,5,4,3,1,1,0,0,0,0,0,0,0,0,0,0
