"DGUID","mean_fsi","median_fsi","parcels_low","parcels_mod","parcels_high","dwell_low","dwell_mod","dwell_high","pop_low","pop_mod","pop_high","n_parcels","pct_high","mean_fsi_pctile_national","pct_high_pctile_national"
"1001124",8.81848739495798,5,2872,93,10,1241,41,11,1288,52,8,2975,0.3,35.5,46.2
"1001126",12.9028400597907,10,644,22,3,303,10,1,481,16,2,669,0.4,49.2,48.2
"1001136",16.4131578947368,16,367,8,5,165,3,2,257,5,3,381,1.3,54.9,56.1
"1001140",17.8601398601399,16,134,9,0,50,3,0,47,2,0,143,0,57.5,19.2
"1001144",16.2571428571429,13,163,3,9,61,0,1,71,1,2,175,5.1,54.6,66.9
"1001149",12.8847457627119,10,581,7,2,248,3,1,366,4,1,590,0.3,49.1,46.2
"1001214",63.2553191489362,83,11,5,31,14,8,36,8,6,21,47,66,87.7,90.8
"1001234",45.0932721712538,35.5,316,104,234,228,49,106,175,37,144,654,35.8,80.3,83.8
"1001240",63.3487488121634,77,655,673,1829,314,355,1157,536,640,2113,3157,57.9,87.8,88.8
"1001254",84.4716981132076,88,4,10,251,2,5,129,3,9,214,265,94.7,96.2,96.2
"1001259",38.4761904761905,26,41,9,13,0,0,1,0,0,0,63,20.6,76.9,78.3
"1001263",80.765306122449,87,8,44,340,4,17,146,3,20,162,392,86.7,94.9,94.7
"1001304",29.7897091722595,9,288,39,120,123,20,50,219,36,86,447,26.8,70.8,80.9
"1001308",35.6954436450839,24,227,73,117,95,25,54,215,54,82,417,28.1,75.1,81.4
"1001312",50.1048034934498,60,289,273,354,139,124,163,228,186,232,916,38.6,82.6,84.7
"1001316",52.4221453287197,61,91,74,124,44,31,46,72,45,66,289,42.9,83.6,85.5
"1001321",12.7027027027027,11,254,2,3,169,1,1,225,2,2,259,1.2,48.4,55.7
"1001325",21.6706827309237,20,447,44,7,201,20,3,295,30,5,498,1.4,63.1,56.5
"1001328",29.2592592592593,25,271,53,27,135,24,14,153,32,15,351,7.7,70.4,70.7
"1001332",23.2693661971831,24,410,154,4,207,79,2,312,121,3,568,0.7,64.9,51.7
"1001335",17.8558352402746,18,421,10,6,209,5,3,307,7,4,437,1.4,57.4,56.5
"1001339",9.21212121212121,8,66,0,0,187,0,0,258,0,0,66,0,37.2,19.2
"1001357",10.7387820512821,9,610,14,0,228,5,0,282,6,0,624,0,42.7,19.2
"1001361",20.4246987951807,21,596,64,4,351,39,2,689,70,4,664,0.6,61.4,50.6
"1001365",4.14113389626055,4,1654,3,1,820,2,1,1655,2,1,1658,0.1,14.1,40.3
"1001370",11.0566037735849,9,3414,29,2,2265,20,1,4658,35,2,3445,0.1,43.9,40.3
"1001374",10.1974522292994,6,447,23,1,163,9,1,310,10,1,471,0.2,41.2,43.7
"1001375",12.0439882697947,10,337,4,0,147,2,0,340,3,0,341,0,46.7,19.2
"1001379",13.4659222179438,13,2563,33,1,1453,24,0,2743,37,1,2597,0,50.1,19.2
"1001385",10.6104199066874,8,1262,24,0,660,9,0,1384,17,0,1286,0,42.3,19.2
"1001394",13.4016736401674,11,229,10,0,142,5,0,245,7,0,239,0,50,19.2
"1001396",12.6548314606742,9,2132,90,3,1191,47,1,2520,92,2,2225,0.1,48.2,40.3
"1001409",15.6206968495723,15,4659,126,8,2728,66,3,5839,120,5,4793,0.2,53.6,43.7
"1001415",19.4171428571429,18,916,132,2,409,54,1,786,87,1,1050,0.2,59.9,43.7
"1001421",5.1759410801964,3,1209,13,0,961,6,0,988,7,0,1222,0,20.8,19.2
"1001426",14.8881685575365,14,604,3,10,305,2,5,553,3,9,617,1.6,52.5,57.5
"1001429",17.2322314049587,17,1178,24,8,661,13,4,1365,26,9,1210,0.7,56.5,51.7
"1001434",11.994301994302,12,700,1,1,349,0,0,672,1,1,702,0.1,46.5,40.3
"1001437",11.1417410714286,8.5,883,13,0,421,6,0,691,8,0,896,0,44.2,19.2
"1001441",6.30871212121212,5,514,14,0,271,9,0,347,4,0,528,0,25.9,19.2
"1001446",19.9795918367347,17,740,191,0,396,110,0,587,112,0,931,0,61,19.2
"1001452",6.78679026651217,4,840,21,2,918,26,0,732,17,0,863,0.2,27.9,43.7
"1001456",10.4516880093132,5,839,19,1,400,9,0,598,9,1,859,0.1,41.9,40.3
"1001461",12.864406779661,9,793,31,2,322,7,1,608,14,2,826,0.2,48.9,43.7
"1001464",11.4584450402145,8,727,19,0,337,8,0,571,13,0,746,0,45,19.2
"1001469",16.2590308370044,11,981,150,4,457,71,2,913,149,3,1135,0.4,54.6,48.2
"1001472",7.07458686913801,4,2209,27,3,1074,13,1,2439,29,3,2239,0.1,29.2,40.3
"1001485",9.2724566035616,5,17707,84,10,11307,49,6,27038,111,14,17801,0.1,37.5,40.3
"1001504",4.35129773516284,3,5998,51,0,3333,24,0,8359,56,0,6049,0,16,19.2
"1001505",7.75084175084175,6,1777,4,1,870,2,0,2057,5,1,1782,0.1,31.9,40.3
"1001507",6.85565476190476,6,1341,3,0,673,2,0,1718,4,0,1344,0,28.3,19.2
"1001509",5.54964953271028,4,5127,9,0,3172,5,0,7834,13,0,5136,0,22.8,19.2
"1001511",5.92226148409894,5,1695,3,0,939,1,0,2360,4,0,1698,0,24.5,19.2
"1001512",5.88736263736264,3,356,7,1,164,3,0,390,6,1,364,0.3,24.2,46.2
"1001517",3.58324607329843,3,12403,12,0,9318,6,0,22923,17,0,12415,0,9.7,19.2
"1001519",4.26202677382216,3,44218,79,0,53943,54,0,110291,118,0,44297,0,15.2,19.2
"1001542",3.53986870897155,3,11424,1,0,10684,1,0,22476,1,0,11425,0,9.2,19.2
"1001551",15.9102167182663,12,595,51,0,375,31,0,880,62,0,646,0,54,19.2
"1001557",8.21604938271605,5,1278,18,0,621,9,0,1539,22,0,1296,0,33.8,19.2
"1001559",10.5841737781226,8,1270,17,2,649,5,1,1627,12,1,1289,0.2,42.3,43.7
"1001565",14.3888888888889,4,169,45,2,60,15,0,69,9,0,216,0.9,51.7,53.4
"1003021",71.7521367521367,74,5,16,96,2,7,38,3,10,51,117,82.1,91.3,93.6
"1003024",22.9655172413793,20,49,8,1,146,0,0,15,0,0,58,1.7,64.6,57.9
"1003026",19.5246913580247,19,476,10,0,203,4,0,381,7,0,486,0,60.2,19.2
"1003028",22.4844192634561,21,956,103,0,592,60,0,1051,108,0,1059,0,64,19.2
"1003031",15.1078561917443,14,726,24,1,282,17,1,538,22,1,751,0.1,53,40.3
"1003032",16.5173076923077,15,501,18,1,280,11,1,537,21,1,520,0.2,55.1,43.7
"1003033",17.9068010075567,14,358,37,2,223,25,1,482,51,2,397,0.5,57.6,49.6
"1003034",17.2803398058252,17,2396,73,3,1765,35,1,3446,64,1,2472,0.1,56.6,40.3
"1003038",28.98,26.5,38,12,0,0,0,0,0,0,0,50,0,70.1,19.2
"1003042",21.7471264367816,19,79,7,1,24,2,0,34,4,0,87,1.1,63.2,55.1
"1003045",20.4086538461538,20,399,17,0,245,10,0,331,13,0,416,0,61.3,19.2
"1004001",13.154427986133,13,3148,22,3,885,4,0,1220,6,0,3173,0.1,49.5,40.3
"1004011",11.6688172043011,10,917,13,0,411,3,0,520,5,0,930,0,45.4,19.2
"1004013",9.9957337883959,8,1160,11,1,606,4,0,1130,8,0,1172,0.1,40.4,40.3
"1004016",10.2148028962188,7,1235,8,0,654,4,0,870,5,0,1243,0,41.3,19.2
"1004018",21.0352360817477,19,1296,119,4,747,77,2,1492,139,3,1419,0.3,62.2,46.2
"1004019",12.2815217391304,11,3658,22,0,3388,2,0,6510,3,0,3680,0,47.5,19.2
"1004020",7.43423536815607,7,1583,6,0,796,3,0,1836,6,0,1589,0,30.8,19.2
"1004021",5.58664546899841,5,625,4,0,217,2,0,410,3,0,629,0,23,19.2
"1005010",6.43548387096774,5,60,2,0,0,0,0,0,0,0,62,0,26.4,19.2
"1005015",9.45092838196286,8,377,0,0,226,0,0,506,0,0,377,0,38.2,19.2
"1005016",6.6,5,19,1,0,394,54,0,256,29,0,20,0,27.1,19.2
"1005017",6.60146252285192,6,1091,3,0,668,2,0,1601,5,0,1094,0,27.1,19.2
"1005018",9.9041586073501,8,10315,25,0,9544,7,0,19319,14,0,10340,0,40.1,19.2
"1005019",12.3080808080808,5,174,19,5,60,0,0,20,0,0,198,2.5,47.6,60.7
"1005022",8.96521739130435,7,569,6,0,259,2,0,560,5,0,575,0,36.3,19.2
"1005023",10.8222222222222,10,655,20,0,325,10,0,646,18,0,675,0,43.1,19.2
"1005025",7.82417582417582,7,544,2,0,196,1,0,398,1,0,546,0,32.3,19.2
"1005028",6.62566844919786,6,186,1,0,96,1,0,235,1,0,187,0,27.2,19.2
"1005030",8.81617647058824,8,1223,1,0,582,1,0,1259,1,0,1224,0,35.5,19.2
"1005033",7.98706896551724,7,463,1,0,299,1,0,671,2,0,464,0,32.9,19.2
"1101002",38.8376963350785,31,109,54,28,99,53,34,153,84,45,191,14.7,77,75.3
"1101003",49.4950166112957,52,237,102,263,147,60,157,294,95,238,602,43.7,82.4,85.6
"1101004",22.890350877193,24,208,19,1,168,13,1,310,26,1,228,0.4,64.5,48.2
"1101005",15.780487804878,9,1025,153,11,601,96,3,1246,168,8,1189,0.9,53.8,53.4
"1101020",7.36666666666667,7,90,0,0,54,0,0,125,0,0,90,0,30.5,19.2
"1101025",10.9181818181818,8,109,1,0,56,0,0,134,1,0,110,0,43.5,19.2
"1101027",18.3848314606742,14,321,35,0,155,20,0,338,38,0,356,0,58.5,19.2
"1101030",31.9964157706093,27,177,90,12,106,55,8,152,62,9,279,4.3,72.6,65.2
"1101033",25.3922829581994,26,236,74,1,176,51,1,312,66,1,311,0.3,67,46.2
"1101035",17.5747266099635,12,1419,214,13,875,147,9,1543,211,12,1646,0.8,57,52.7
"1101036",15.4117647058824,15,522,5,0,529,4,0,1072,7,0,527,0,53.3,19.2
"1101037",19.4027954256671,16,690,95,2,375,50,0,624,61,1,787,0.3,59.9,46.2
"1101040",16.9830659536542,16,1021,91,10,452,46,1,637,49,1,1122,0.9,56,53.4
"1101043",18.1557707828894,16,1059,180,0,682,147,0,1091,113,0,1239,0,58.1,19.2
"1101044",22.751269035533,24,176,21,0,113,17,0,207,24,0,197,0,64.4,19.2
"1101045",18.5448382723223,13,4206,944,13,3201,723,9,6763,1106,8,5163,0.3,58.7,46.2
"1101048",16.58125,16,160,0,0,131,0,0,269,0,0,160,0,55.2,19.2
"1101050",6.33333333333333,5,9,0,0,9,0,0,25,0,0,9,0,26,19.2
"1101052",15.9132075471698,7,439,91,0,250,58,0,519,56,0,530,0,54.1,19.2
"1102002",18.4071197411003,17,1303,234,8,803,163,6,1490,189,8,1545,0.5,58.6,49.6
"1102003",14.6971830985915,8,118,23,1,53,9,1,273,72,1,142,0.7,52.1,51.7
"1102005",2.51063829787234,2,94,0,0,40,0,0,74,0,0,94,0,1.5,19.2
"1102010",25.3826429980276,27,683,331,0,485,272,0,1173,686,0,1014,0,67,19.2
"1102011",5.69503546099291,6,141,0,0,91,0,0,220,0,0,141,0,23.5,19.2
"1102013",29.2349397590361,30,95,71,0,60,36,0,155,97,0,166,0,70.3,19.2
"1102015",25.6192660550459,25,186,32,0,145,27,0,311,60,0,218,0,67.2,19.2
"1102016",13.029197080292,6,1612,169,0,871,98,0,2286,208,0,1781,0,49.3,19.2
"1102017",32.7543810062182,24,2324,619,595,1359,360,386,2976,664,638,3538,16.8,73,76.5
"1102018",42.633069828722,32,769,223,526,417,139,406,933,252,374,1518,34.7,78.7,83.4
"1102019",82.2159468438538,88,4,28,269,2,20,177,4,45,278,301,89.4,95.4,95.3
"1102020",4.39622641509434,4,106,0,0,73,0,0,176,0,0,106,0,16.2,19.2
"1102021",5.234375,5,192,0,0,136,0,0,339,0,0,192,0,21.1,19.2
"1102022",6.28833333333333,5,595,5,0,410,2,0,1107,4,0,600,0,25.7,19.2
"1102030",46.3333333333333,43,2,17,2,2,15,2,4,39,4,21,9.5,81,72.3
"1102032",89.3170731707317,91,0,1,122,0,1,83,0,1,138,123,99.2,98.1,97.2
"1102034",75.5168539325843,89.5,35,8,135,34,8,116,92,22,247,178,75.8,92.8,92.8
"1102035",5.68,5,75,0,0,45,0,0,99,0,0,75,0,23.5,19.2
"1102037",13.940379403794,10,353,16,0,260,11,0,589,25,0,369,0,51.1,19.2
"1102040",13.5437037037037,12,673,1,1,499,1,1,1192,2,2,675,0.1,50.2,40.3
"1102043",26.8712871287129,15,126,70,6,102,62,6,241,137,12,202,3,68.5,62.2
"1102045",71.8302752293578,80,84,247,759,14,49,267,15,68,276,1090,69.6,91.4,91.7
"1102046",85.1670702179177,91,0,34,379,0,40,346,0,73,575,413,91.8,96.5,95.8
"1102050",6.59090909090909,6,132,0,0,82,0,0,213,0,0,132,0,27.1,19.2
"1102051",54.2446043165468,56,22,80,37,11,44,19,23,101,46,139,26.6,84.5,80.7
"1102055",5.58421052631579,5,380,0,0,240,0,0,586,0,0,380,0,22.9,19.2
"1102057",25.1645569620253,25,61,18,0,57,17,0,173,52,0,79,0,66.7,19.2
"1102059",27.046511627907,25,100,29,0,91,27,0,179,47,0,129,0,68.7,19.2
"1102061",7.58995815899582,6,239,0,0,163,0,0,387,0,0,239,0,31.4,19.2
"1102064",22.3482142857143,22,1409,378,5,891,273,4,1891,412,5,1792,0.3,63.8,46.2
"1102066",68.711320754717,73,15,200,315,6,83,188,17,200,332,530,59.4,90,89
"1102067",29.9906695938529,30,1056,763,3,807,549,2,1805,691,4,1822,0.2,71.1,43.7
"1102068",21.242206235012,19,1973,523,6,1371,398,5,2865,600,8,2502,0.2,62.6,43.7
"1102069",7.52910052910053,6,189,0,0,135,0,0,337,0,0,189,0,31.2,19.2
"1102070",14.5154639175258,12,192,2,0,140,1,0,370,4,0,194,0,51.8,19.2
"1102071",80.7646341463415,84,14,135,1491,9,89,1036,19,153,1350,1640,90.9,94.9,95.6
"1102072",4.37864077669903,4,103,0,0,66,0,0,157,0,0,103,0,16.1,19.2
"1102073",12.8675645342312,10,868,23,0,572,14,0,1441,34,0,891,0,49,19.2
"1102075",23.7553304904051,23,8114,3135,7,12276,6076,10,27576,11210,18,11256,0.1,65.2,40.3
"1102080",17.4987489574646,13,3181,416,0,4182,485,0,9872,1055,0,3597,0,56.9,19.2
"1102085",19.7409255898367,19,2015,187,2,2594,172,4,6107,460,7,2204,0.1,60.6,40.3
"1103002",77.2694915254237,92,39,140,411,24,81,303,60,217,532,590,69.7,93.4,91.7
"1103003",75.0701886792453,88,89,354,882,50,195,630,114,432,733,1325,66.6,92.7,91
"1103004",87.1468085106383,94,17,27,426,17,16,303,31,42,475,470,90.6,97.3,95.5
"1103005",92.948310139165,94,0,10,493,0,2,363,0,6,782,503,98,99,96.8
"1103007",82.8934226552984,85,0,71,1571,0,43,948,0,79,1112,1642,95.7,95.8,96.3
"1103008",34.2828947368421,34,70,82,0,77,92,0,182,206,0,152,0,74.2,19.2
"1103014",64.5872340425532,62,0,457,248,0,553,340,0,1107,689,705,35.2,88.5,83.6
"1103015",80.0949720670391,85,0,28,151,0,20,112,0,45,266,179,84.4,94.6,94.2
"1103018",92.0344827586207,92,0,0,145,0,0,98,0,0,178,145,100,98.9,98.9
"1103020",48.3098847786537,46,560,553,536,312,344,393,633,599,574,1649,32.5,82,82.5
"1103021",72.5169366715758,81,63,164,452,26,86,221,63,206,395,679,66.6,91.6,91
"1103022",84.0258064516129,87,0,21,134,0,14,93,0,30,188,155,86.5,96.1,94.7
"1103023",86.6021505376344,87,1,0,185,1,0,136,5,0,310,186,99.5,97.2,97.5
"1103024",80.8541666666667,82,0,41,391,0,36,365,0,84,908,432,90.5,95,95.5
"1103025",78.9281553398058,86,344,573,4233,461,838,6094,1065,1850,13086,5150,82.2,94.4,93.7
"1103027",12.2261306532663,7,192,7,0,149,6,0,328,12,0,199,0,47.4,19.2
"1103029",88.3144329896907,88,0,0,194,0,0,211,0,0,414,194,100,97.8,98.9
"1103033",78.7731092436975,81,0,15,104,0,9,90,0,21,208,119,87.4,94.3,94.9
"1103035",93.1328671328671,93,0,0,143,0,0,115,0,0,308,143,100,99.1,98.9
"1103039",47.1062091503268,36,266,191,155,143,92,83,279,173,165,612,25.3,81.4,80.4
"1103040",90.351617440225,93,0,5,706,0,1,410,0,1,848,711,99.3,98.4,97.3
"1103042",6.87603305785124,7,363,0,0,402,0,0,876,0,0,363,0,28.4,19.2
"1103043",40.2997811816193,31,493,179,242,277,98,153,639,194,296,914,26.5,77.6,80.7
"1103050",39.2781065088757,38,42,119,8,18,59,1,36,117,3,169,4.7,77.1,66.2
"1103052",29.4621676891616,29,405,84,0,506,89,0,1110,191,0,489,0,70.6,19.2
"1103053",29.984962406015,29,186,78,2,94,39,1,220,92,2,266,0.8,71,52.7
"1103055",14.9272030651341,13,255,6,0,122,5,0,256,6,0,261,0,52.6,19.2
"1103057",4.9,5,70,0,0,35,0,0,69,0,0,70,0,18.9,19.2
"1103059",21.6837606837607,21,460,8,0,361,7,0,730,14,0,468,0,63.1,19.2
"1103060",39.1358024691358,36,21,53,7,13,30,2,19,42,3,81,8.6,77.1,71.6
"1103061",21.1490840176879,20,1329,253,1,702,118,0,1581,218,1,1583,0.1,62.4,40.3
"1103062",33.6932515337423,32,93,68,2,43,30,1,90,57,2,163,1.2,73.7,55.7
"1103063",17.7912524850895,15,899,107,0,475,52,0,1005,84,0,1006,0,57.4,19.2
"1103064",20.0253227408143,20,1727,271,16,1010,187,11,1922,280,17,2014,0.8,61,52.7
"1103065",15.6396282213773,13,2196,170,1,1169,85,1,2388,172,1,2367,0,53.7,19.2
"1103066",31.5384615384615,30,153,93,1,90,55,1,151,84,0,247,0.4,72.2,48.2
"1103067",83.8482878196792,88,8,162,2137,2,83,1284,1,209,2879,2307,92.6,96.1,95.9
"1103068",90.7282608695652,92,0,0,92,0,0,49,0,0,87,92,100,98.5,98.9
"1201001",80.261055199756,87,188,761,5609,87,434,3022,156,795,5572,6558,85.5,94.7,94.5
"1201004",86.6813008130081,89,0,11,604,0,8,391,0,14,711,615,98.2,97.2,96.9
"1201006",69.3376473307141,80,585,899,2843,308,521,1664,484,849,2740,4327,65.7,90.3,90.7
"1201008",63.4336823734729,70,213,288,645,175,239,502,338,447,854,1146,56.3,87.9,88.5
"1201009",85.9558541266795,89,0,18,503,0,11,296,0,18,458,521,96.5,96.8,96.5
"1202001",78.506256292248,86,379,788,5786,130,415,3269,236,845,6789,6953,83.2,94.1,94
"1202004",69.0307922591682,77,1120,1983,6250,562,1068,3440,1079,2134,6848,9353,66.8,90.1,91.1
"1202006",50.8251090970124,47,840,1272,867,1010,1574,985,1895,3021,1913,2979,29.1,82.8,81.6
"1202040",51.3611111111111,53,18,69,21,11,46,13,28,116,37,108,19.4,83.1,77.6
"1203001",52.4032190635452,56,2866,3167,3535,1089,1515,1786,1911,2699,3063,9568,36.9,83.6,84.1
"1203004",68.169215342191,81,1499,1092,5387,646,523,2924,1212,936,5085,7978,67.5,89.7,91.3
"1203006",87.9852652259332,90,0,0,1018,0,0,1132,0,0,2001,1018,100,97.7,98.9
"1203009",17.7317073170732,8,71,3,8,49,1,6,123,4,14,82,9.8,57.3,72.6
"1204010",48.1002865329513,43,155,60,134,884,490,2013,1527,849,2822,349,38.4,81.8,84.6
"1205001",28.2533980582524,16,684,232,114,994,320,79,1425,443,54,1030,11.1,69.4,73.5
"1205002",24.5,24.5,2,0,0,0,0,0,0,0,0,2,0,66.2,19.2
"1205004",74.6240050939191,88,837,595,4850,404,283,2745,712,498,4770,6282,77.2,92.5,93
"1205006",16,16,2,0,0,3,0,0,15,0,0,2,0,54.2,19.2
"1205008",90.2151162790698,91,0,0,344,0,0,364,0,0,530,344,100,98.3,98.9
"1205009",71.523306721607,81,456,286,3141,225,168,1946,392,295,3868,3883,80.9,91.1,93.3
"1205014",49.1007751937984,61,160,40,187,1150,575,139,2449,1181,196,387,48.3,82.3,86.8
"1205016",33.4659090909091,33,45,43,0,421,439,0,791,842,0,88,0,73.5,19.2
"1206001",59.4328573258197,66,8242,7508,15482,3743,3433,7036,7285,6444,11781,31232,49.6,86.4,87.1
"1206004",47.6178422216761,44,1654,1170,1245,1718,1322,1453,3563,2534,2693,4069,30.6,81.6,82
"1206006",57.062865497076,55,279,553,536,281,501,439,564,1041,764,1368,39.2,85.5,84.8
"1206008",70.5815295815296,80,60,196,437,42,151,406,82,286,696,693,63.1,90.8,89.9
"1206009",57.5794721847353,65,3939,2914,6485,1684,1367,3422,2935,2278,5382,13338,48.6,85.7,86.9
"1206011",46.8082191780822,58,34,6,33,19,3,11,45,8,28,73,45.2,81.2,85.8
"1206014",45.6666666666667,45,6,7,2,4,4,1,12,14,4,15,13.3,80.6,74.6
"1207001",63.8934410463551,85,1415,604,3180,2805,1738,3493,5199,3399,7870,5199,61.2,88,89.5
"1207002",91.4583333333333,92,0,0,72,0,0,330,0,0,743,72,100,98.7,98.9
"1207004",89.5185185185185,88,0,0,54,0,0,938,0,0,2113,54,100,98.1,98.9
"1207011",56.9679237104465,65,690,498,1119,985,961,1511,1973,1966,3266,2307,48.5,85.3,86.8
"1207012",71.2322654462243,83,393,402,1827,513,571,2005,1038,1102,4489,2622,69.7,91,91.7
"1207016",65.0279970215934,69,794,2252,3669,1004,1759,2674,2013,3946,5551,6715,54.6,88.7,88.2
"1207021",52.6173120728929,56,1035,793,1245,701,600,918,1465,1196,1809,3073,40.5,83.7,85.1
"1207024",49.0719424460432,47,197,327,171,541,1126,958,903,2032,1673,695,24.6,82.3,80.1
"1207027",48.0714285714286,51,4,23,1,8,42,2,18,89,4,28,3.6,81.8,63.6
"1208003",60.5675239160144,68,1622,2274,4153,1447,2515,4187,3139,5489,8956,8049,51.6,86.7,87.5
"1208008",56.9516813581456,64,2126,2711,4352,2484,2848,3867,5693,6551,8980,9189,47.4,85.2,86.6
"1208014",38.6363636363636,36,4,5,2,552,414,103,1279,1002,303,11,18.2,76.9,77.2
"1209019",68.4545454545455,79,2,13,29,34,74,22,47,113,48,44,65.9,89.8,90.8
"1209034",48.1316071244164,41,80104,44403,59480,97596,50548,52146,215102,112281,112066,183987,32.3,81.9,82.4
"1209037",18.2142857142857,17.5,14,0,0,6,0,0,20,0,0,14,0,58.1,19.2
"1209038",86.1538461538462,89,0,0,13,0,0,7,0,0,10,13,100,97.1,98.9
"1209800",31.9,28.5,5,4,1,2,1,0,8,6,2,10,10,72.5,72.8
"1210001",60.3945249597423,67,115,191,315,892,1736,1788,2007,3783,3883,621,50.7,86.6,87.4
"1210002",60.7027027027027,66,5,14,18,39,265,350,92,548,715,37,48.6,86.8,86.9
"1210003",41,35,12,8,4,86,87,40,215,249,93,24,16.7,78,76.4
"1210006",51.1683569979716,51,1844,2016,2056,1846,2532,2268,4077,4667,4179,5916,34.8,83,83.5
"1210008",58.2052469135802,65.5,184,145,319,1594,1871,3411,3113,4061,6629,648,49.2,86,87
"1210012",48.4187604690117,50,432,364,398,503,439,580,894,852,1024,1194,33.3,82,83
"1211001",53.4289906103286,56,505,547,652,288,501,834,418,677,1246,1704,38.3,84,84.6
"1211006",29.5613958560523,17,3044,928,613,2125,531,522,4400,1057,973,4585,13.4,70.8,74.7
"1211009",75.3376554644086,88,922,1193,5443,411,556,3144,933,1274,3487,7558,72,92.8,92.1
"1211011",69.7517180226114,78,492,1165,2854,514,1174,3111,1127,2398,5878,4511,63.3,90.5,90
"1211012",93.660756501182,95,1,1,844,0,0,574,0,1,1169,846,99.8,99.2,97.7
"1211014",54.246409921671,72,2272,583,3273,1092,331,1757,1396,446,2329,6128,53.4,84.5,88.1
"1212001",30.2488384099122,22,5338,1026,1384,2524,522,651,4705,715,660,7748,17.9,71.2,76.9
"1212004",21.0580912863071,22,391,90,1,865,172,2,1742,283,4,482,0.2,62.3,43.7
"1212006",14.1140965732087,9,4635,468,33,2479,298,18,5449,611,37,5136,0.6,51.3,50.6
"1212008",4.25164224355735,3,1975,1,3,1658,1,1,3535,2,3,1979,0.2,15,43.7
"1212009",17.0215223097113,9,1628,174,103,1760,174,83,3540,313,154,1905,5.4,56.2,67.6
"1212011",38.6699293966624,26,3468,1124,1640,2287,654,1110,4763,1283,1655,6232,26.3,77,80.6
"1212014",16.8200049517207,8,3361,488,190,3984,560,237,7898,1084,490,4039,4.7,55.7,66.2
"1212016",12.8692077727952,7,1237,75,26,1078,69,19,2249,131,27,1338,1.9,49,58.8
"1212019",26,25,3,0,0,24,0,0,63,0,0,3,0,67.5,19.2
"1212023",90.25,91,0,0,8,0,0,0,0,0,0,8,100,98.3,98.9
"1213001",78.0702652396463,87,110,390,1649,70,276,948,89,385,1376,2149,76.7,93.8,93
"1213004",79.4726334679228,87,124,703,3631,102,511,2119,160,821,3121,4458,81.4,94.4,93.4
"1213008",61.4705882352941,60,2,8,7,37,129,43,71,246,90,17,41.2,86.9,85.2
"1214001",60.8612231182796,68,1383,1490,3079,919,1216,2170,2065,2479,4224,5952,51.7,86.8,87.6
"1214002",66.7280524722503,73,347,472,1163,391,613,1670,809,1106,2605,1982,58.7,89.3,88.9
"1214006",65.9175659472422,77,679,653,2004,469,452,1318,1027,1045,2829,3336,60.1,89.1,89.3
"1214010",44.8255813953488,46,56,81,35,49,67,26,145,167,60,172,20.3,80.1,78.1
"1215001",63.6129612961296,77,547,371,1304,433,251,880,759,431,1169,2222,58.7,87.9,88.9
"1215002",45.75,35,25,17,14,159,123,284,338,252,617,56,25,80.6,80.2
"1215005",93.2352941176471,94,0,0,68,0,0,22,0,0,20,68,100,99.2,98.9
"1215006",31.423152131404,12,1631,370,556,1711,232,306,3133,427,501,2557,21.7,72.1,78.8
"1215008",74.7875354107649,86,14,98,241,12,83,182,38,268,570,353,68.3,92.6,91.4
"1215011",11.9307748806463,8,5289,119,38,3049,75,27,4906,107,37,5446,0.7,46.2,51.7
"1216001",87.5272727272727,92,0,2,53,0,42,1235,0,83,2328,55,96.4,97.5,96.5
"1216006",71.6456009913259,82.5,198,310,1106,193,191,1077,368,358,1883,1614,68.5,91.2,91.5
"1216011",69.8552631578947,83,276,362,1262,157,230,873,156,249,1159,1900,66.4,90.6,90.9
"1216014",62.2834394904459,71.5,85,49,180,56,29,62,136,86,183,314,57.3,87.2,88.7
"1217008",4.69411764705882,4,595,0,0,407,0,0,1084,0,0,595,0,17.8,19.2
"1217020",29.5129725722758,24,943,273,133,781,234,123,2379,735,407,1349,9.9,70.6,72.7
"1217030",17.216642375974,10,78416,2694,6029,43140,1049,2258,88321,1922,3416,87139,6.9,56.5,69.6
"1218001",18.4715725080964,11,4809,384,365,2396,176,182,3667,211,199,5558,6.6,58.6,69.2
"1218003",11.0308370044053,8,223,3,1,201,3,1,677,7,2,227,0.4,43.8,48.2
"1218006",17.1215502055197,15,1557,135,11,1552,119,7,2329,173,11,1703,0.6,56.3,50.6
"1301001",31.01,10,1050,93,457,389,30,175,796,60,315,1600,28.6,71.8,81.5
"1301002",80.1494565217391,79,0,0,368,0,0,194,0,0,320,368,100,94.6,98.9
"1301004",22.2212943632568,8,2865,503,464,1238,222,201,2922,514,453,3832,12.1,63.8,74.1
"1301006",41.3907897404704,30,20875,7624,10957,18347,6997,8532,37898,14604,17342,39456,27.8,78.1,81.3
"1301016",45.0054479418886,43,705,379,568,281,124,189,647,254,351,1652,34.4,80.2,83.3
"1302001",81.1327014218009,87,0,32,179,0,16,90,0,21,118,211,84.8,95.1,94.3
"1302004",51.4,52,401,373,451,207,187,217,356,297,296,1225,36.8,83.1,84.1
"1302006",49.9732313575526,55,357,319,370,166,150,157,259,236,223,1046,35.4,82.5,83.7
"1302008",47.6219723183391,50,405,390,361,173,164,145,272,288,228,1156,31.2,81.6,82.2
"1302011",23.4055386949924,11,1989,344,303,754,146,127,1667,300,250,2636,11.5,64.9,73.8
"1302012",44.7665816326531,44,285,288,211,141,173,106,307,375,225,784,26.9,80,81
"1302014",16.6290322580645,8,321,37,14,55,5,2,56,7,3,372,3.8,55.4,64
"1302016",33.9180572109654,28,1864,985,507,651,386,185,1369,751,366,3356,15.1,73.8,75.7
"1302018",22.0268350434096,14,963,242,62,565,138,40,1185,292,85,1267,4.9,63.6,66.6
"1302021",30.565671641791,19,901,184,255,260,60,87,445,108,157,1340,19,71.5,77.4
"1302024",37.6243842364532,29.5,434,198,180,151,77,68,302,133,115,812,22.2,76.4,79
"1302026",53.7227662178703,60.5,418,671,545,239,460,397,562,872,615,1634,33.4,84.2,83.1
"1302028",30.5453695042095,14,698,160,211,227,52,63,446,83,104,1069,19.7,71.5,77.8
"1302031",42.6478405315615,33,302,80,220,135,35,95,305,73,188,602,36.5,78.8,84
"1302034",12.6300832925037,6,1842,144,55,715,41,15,1526,105,35,2041,2.7,48.1,61.4
"1302037",48.5600873998543,48,744,1389,613,509,1060,705,1002,2193,1305,2746,22.3,82.1,79.1
"1302039",5.38356940509915,3,1715,42,8,485,12,2,998,22,4,1765,0.5,21.8,49.6
"1302042",29.1544156530936,12,1249,258,384,471,118,135,992,225,248,1891,20.3,70.3,78.1
"1302044",9.31901840490798,3,614,28,10,172,7,2,328,14,4,652,1.5,37.8,56.9
"1302052",65.4566256830601,77,597,525,1806,268,252,888,493,467,1636,2928,61.7,88.9,89.6
"1303001",35.1091787439614,11,643,92,300,229,33,107,460,75,243,1035,29,74.6,81.6
"1303004",31.1160839160839,15,475,95,145,150,28,48,315,56,114,715,20.3,71.8,78.1
"1303005",51.674253200569,50,174,336,193,64,123,70,144,294,172,703,27.5,83.3,81.2
"1303006",78.628762541806,89,53,53,492,25,26,253,51,56,612,598,82.3,94.2,93.7
"1303008",67.5121367521368,82,1315,739,3796,762,375,2014,1988,967,4559,5850,64.9,89.5,90.4
"1303011",66.8648134948919,78,859,792,2558,419,390,1264,1078,1003,3095,4209,60.8,89.3,89.4
"1303012",58.7293358815098,53,827,1654,1705,679,1637,1578,1522,3830,3683,4186,40.7,86.1,85.1
"1303013",86.048,88,0,7,118,0,9,102,0,30,265,125,94.4,97,96.2
"1303014",66.820873427091,96,391,75,885,150,28,318,294,52,537,1351,65.5,89.3,90.7
"1303016",57.8584579976985,67,711,157,870,330,75,320,863,195,715,1738,50.1,85.8,87.3
"1303018",11.7250308261406,4,733,55,23,259,20,8,523,39,15,811,2.8,45.6,61.7
"1304001",34.4674134419552,16,584,141,257,177,53,90,393,119,187,982,26.2,74.2,80.6
"1304004",85.0511627906977,96,30,23,377,5,9,135,12,20,292,430,87.7,96.4,95
"1304005",83.6169977924945,92,32,105,769,11,38,292,24,89,674,906,84.9,96,94.4
"1304006",88.7139959432049,93,5,25,463,2,9,156,4,18,266,493,93.9,97.9,96.1
"1304008",66.1131418624891,87,305,109,735,83,34,266,125,38,246,1149,64,89.2,90.2
"1304011",74.2345337026778,93,176,141,766,66,57,355,130,100,454,1083,70.7,92.3,91.8
"1304013",77.6307692307692,93,128,176,931,60,80,473,107,114,466,1235,75.4,93.7,92.7
"1304014",56.3429657794677,75,514,94,707,151,27,205,269,47,322,1315,53.8,85,88.2
"1304016",26.997311827957,11,511,121,112,127,32,33,151,37,36,744,15.1,68.6,75.7
"1304018",80.6105114969498,96,291,128,1712,90,42,529,150,65,688,2131,80.3,94.7,93.2
"1304021",90.6435233160622,97,90,61,1779,39,25,784,73,43,907,1930,92.2,98.5,95.9
"1304022",46.6955142727685,40,975,454,778,468,242,435,955,457,823,2207,35.3,81.1,83.6
"1304024",29.3978417266187,9.5,986,85,319,371,29,104,625,53,175,1390,22.9,70.5,79.2
"1304025",69.1636500754148,91,308,126,892,159,61,426,300,117,784,1326,67.3,90.2,91.2
"1305001",11.9613445378151,6,551,30,14,140,9,4,251,15,4,595,2.4,46.4,60.3
"1305004",13.1727460426703,4,1260,122,71,503,50,31,1171,114,68,1453,4.9,49.6,66.6
"1305006",35.1169590643275,13,1400,336,658,710,167,338,1753,401,815,2394,27.5,74.7,81.2
"1305007",56.9930498773508,67,810,409,1227,593,304,907,1458,780,2157,2446,50.2,85.4,87.3
"1305008",16.0337078651685,4,290,41,25,110,15,9,281,38,23,356,7,54.2,69.7
"1305011",62.7451122375091,77,757,425,1580,273,158,539,599,371,1144,2762,57.2,87.4,88.7
"1305014",53.3721552878179,60,1483,488,1764,646,216,762,1381,462,1348,3735,47.2,84,86.6
"1305015",57.2677304964539,62,1084,691,1609,644,410,977,1636,1005,2326,3384,47.5,85.6,86.6
"1305016",39.8224085365854,18,729,133,450,306,53,191,734,125,466,1312,34.3,77.4,83.3
"1305018",33.9355077835434,11,814,129,406,319,55,204,815,129,466,1349,30.1,73.9,81.8
"1305021",28.8540090771558,17,1657,608,379,657,273,162,1579,630,360,2644,14.3,70,75
"1305022",62.0866529774127,66,236,1025,1174,222,904,1094,491,1843,2106,2435,48.2,87.2,86.7
"1305023",46.1877510040161,49.5,297,515,184,172,339,161,401,733,319,996,18.5,80.9,77.3
"1305024",15.639880952381,10,578,88,6,214,39,2,414,74,4,672,0.9,53.7,53.4
"1305026",15.0789473684211,7,2212,238,96,641,63,16,1216,145,40,2546,3.8,52.9,64
"1305028",3.73674588665448,2,1625,8,8,516,3,4,1032,6,4,1641,0.5,10.7,49.6
"1305031",26.5766691122524,12,2789,684,616,950,268,253,2234,656,627,4089,15.1,68.1,75.7
"1305034",34.9251290877797,10,1448,215,661,481,72,244,1106,158,378,2324,28.4,74.5,81.4
"1305036",69.3178973717146,86,154,127,518,44,40,207,92,62,223,799,64.8,90.3,90.4
"1305038",64.6370064820271,77,428,232,1037,165,85,329,354,180,592,1697,61.1,88.6,89.4
"1305045",34.76910215683,15,3656,727,1598,3130,652,1221,7402,1543,3021,5981,26.7,74.3,80.8
"1305057",22.0835266821346,7,7730,785,1398,5551,517,913,15094,1344,2329,9913,14.1,63.6,74.9
"1306001",37.5463059313215,30,510,227,224,166,74,71,306,147,143,961,23.3,76.4,79.5
"1306003",37.2291666666667,32,201,104,79,83,40,31,200,86,62,384,20.6,76.2,78.3
"1306004",19.1101376720901,7,648,82,69,193,26,20,290,38,30,799,8.6,59.4,71.6
"1306006",10.8425925925926,8,429,3,0,195,1,0,280,2,0,432,0,43.2,19.2
"1306007",5.36309523809524,4,164,4,0,5,0,0,5,0,0,168,0,21.7,19.2
"1306008",3.50081300813008,3,1836,3,6,606,1,3,1058,1,4,1845,0.3,8.9,46.2
"1306011",6.72999483737739,3,1887,29,21,641,10,6,1364,21,12,1937,1.1,27.5,55.1
"1306014",5.18057225294542,3,4150,7,2,1912,3,1,4746,9,2,4159,0,20.9,19.2
"1306020",7.82283855813533,5,11039,26,4,8773,18,5,20541,36,8,11069,0,32.3,19.2
"1306025",9.85330073349633,6,1220,6,1,587,3,1,1341,6,1,1227,0.1,39.9,40.3
"1307001",73.2181929932391,91,283,236,1108,89,80,394,197,168,617,1627,68.1,92,91.4
"1307002",94.3433179723502,95,0,0,434,0,0,170,0,0,381,434,100,99.4,98.9
"1307004",89.3104544010168,95,45,230,2872,11,55,910,24,107,989,3147,91.3,98,95.7
"1307005",36.4927964536387,39,3529,3775,817,1375,1682,311,3139,2987,592,8121,10.1,75.5,72.8
"1307007",36.9966428871171,39,981,1397,5,514,625,2,1168,1265,3,2383,0.2,75.9,43.7
"1307008",51.6738585047667,62,801,241,951,193,73,284,450,161,593,1993,47.7,83.3,86.7
"1307009",73.5906654756588,86,559,882,3037,279,671,2095,636,1291,4167,4478,67.8,92.1,91.3
"1307011",38.0837606837607,20,327,64,194,121,21,65,251,45,141,585,33.2,76.7,82.8
"1307012",40.9245647969052,25,315,61,141,128,25,68,621,115,170,517,27.3,77.9,81.1
"1307013",8.14904200442152,3,5396,16,16,2137,6,4,5011,12,6,5428,0.3,33.5,46.2
"1307014",24.9803921568627,14,42,2,7,18,0,2,33,1,2,51,13.7,66.6,74.8
"1307016",26.6056644880174,28,3995,2855,35,1574,1389,12,3447,1683,14,6885,0.5,68.2,49.6
"1307019",3.25647566718995,2,10188,4,0,4287,2,0,10695,4,0,10192,0,7.1,19.2
"1307022",9.52139774322708,7,38042,417,3,36616,646,2,78292,1073,4,38462,0,38.5,19.2
"1307024",3.92585413133026,2,4118,4,5,1424,1,2,3354,3,4,4127,0.1,12.2,40.3
"1307028",9.57905544147844,7,1452,8,1,990,5,1,2373,13,2,1461,0.1,38.7,40.3
"1307029",4.06621880998081,3,1034,4,4,625,2,2,1464,6,6,1042,0.4,13.4,48.2
"1307045",9.86396766976979,7,13582,275,0,11187,803,0,26771,1333,0,13857,0,40,19.2
"1307052",21.5942726231386,19,3425,922,18,2750,676,11,5996,1496,22,4365,0.4,63,48.2
"1308001",29.556768558952,33,3064,2798,92,1259,1265,42,2507,1762,58,5954,1.5,70.7,56.9
"1308002",34.5516721904188,34,1530,1739,50,627,778,25,1247,1478,32,3319,1.5,74.3,56.9
"1308003",8.23863636363636,7,88,0,0,42,0,0,96,0,0,88,0,34,19.2
"1308004",21.352787456446,18,3652,872,68,1367,344,28,2692,532,40,4592,1.5,62.8,56.9
"1308005",20.2668776371308,18,1660,228,8,1060,126,2,2237,272,3,1896,0.4,61.2,48.2
"1308006",8.30690985619081,4,2837,9,5,951,3,2,1982,6,3,2851,0.2,34.1,43.7
"1308007",2.51342281879195,2,1192,0,0,779,0,0,1791,0,0,1192,0,1.5,19.2
"1308008",2.70237184391737,2,1306,0,1,377,0,0,861,0,1,1307,0.1,2.8,40.3
"1308010",3.2,2,903,1,6,234,0,1,334,0,2,910,0.7,6.7,51.7
"1308012",2.48214285714286,2,56,0,0,8,0,0,5,0,0,56,0,1.2,19.2
"1308014",10.0073924731183,5,2886,41,49,692,12,15,1286,21,28,2976,1.6,40.6,57.5
"1308015",15.1382405745063,15,1111,3,0,784,2,0,2056,6,0,1114,0,53,19.2
"1308016",32.472813990461,33,1617,1456,72,584,551,27,1088,957,41,3145,2.3,72.9,60
"1308017",35.067615658363,35,348,492,3,200,245,1,399,473,2,843,0.4,74.6,48.2
"1308018",53.7708333333333,54,2,989,17,1,689,13,3,1385,23,1008,1.7,84.3,57.9
"1308019",28.6534867002157,31,1607,1134,41,565,443,16,1139,849,31,2782,1.5,69.7,56.9
"1308020",47.2095238095238,46,7,87,11,0,43,3,0,105,11,105,10.5,81.5,73.1
"1308021",13.409951563188,10,2170,90,11,759,32,4,1675,71,9,2271,0.5,50,49.6
"1308022",15.9310924369748,15,588,5,2,449,2,1,975,5,2,595,0.3,54.1,46.2
"1308024",2.7587327376117,3,1231,0,0,381,0,0,752,0,0,1231,0,3.3,19.2
"1308026",27.1356828193833,29,714,419,2,253,145,1,466,267,1,1135,0.2,68.8,43.7
"1309001",27.8919172932331,27,2281,902,9,851,327,2,1635,565,3,3192,0.3,69.2,46.2
"1309004",13.9222118088097,14,2065,69,0,707,21,0,1490,37,0,2134,0,51,19.2
"1309006",22.1630727762803,20,616,126,0,223,46,0,441,86,0,742,0,63.7,19.2
"1309010",3.6,3,5,0,0,3,0,0,10,0,0,5,0,9.8,19.2
"1309011",9.99506172839506,9,1208,7,0,445,3,0,926,7,0,1215,0,40.4,19.2
"1309014",7.8018018018018,7,1215,6,0,431,2,0,926,3,0,1221,0,32.2,19.2
"1309016",2.60828955049621,2,1712,1,0,535,0,0,1066,1,0,1713,0,2.1,19.2
"1309017",2.33438485804416,2,951,0,0,576,0,0,1193,0,0,951,0,0.8,19.2
"1309018",4.44605678233439,4,3156,7,7,966,2,2,1989,5,2,3170,0.2,16.4,43.7
"1309019",4.27599611273081,4,1026,3,0,445,1,0,911,3,0,1029,0,15.3,19.2
"1309021",2.49749373433584,2,798,0,0,255,0,0,491,0,0,798,0,1.3,19.2
"1309022",3.04983388704319,3,903,0,0,430,0,0,808,0,0,903,0,5.5,19.2
"1309023",8.57142857142857,7,273,0,0,196,0,0,400,0,0,273,0,35,19.2
"1309026",7.35271317829457,5,2540,40,0,790,20,0,1621,35,0,2580,0,30.4,19.2
"1309027",2.54308617234469,2,2986,7,1,1184,3,0,2170,4,1,2994,0,1.7,19.2
"1309028",5.71532649757151,4,3694,12,0,1066,3,0,2164,5,0,3706,0,23.6,19.2
"1309031",6.33810888252149,3,1394,2,0,528,1,0,1148,1,0,1396,0,26,19.2
"1309033",4.68965517241379,5,29,0,0,15,0,0,30,0,0,29,0,17.7,19.2
"1309034",5,5,28,0,0,15,0,0,16,0,0,28,0,19.6,19.2
"1309035",13.2318181818182,12,439,1,0,235,0,0,544,1,0,440,0,49.7,19.2
"1309036",10.5752279635258,7,5122,140,2,1809,42,0,3557,58,1,5264,0,42.3,19.2
"1309038",22.212987012987,20,1560,365,0,630,150,0,1353,339,0,1925,0,63.7,19.2
"1309044",21.8657407407407,22,545,103,0,410,62,0,1061,162,0,648,0,63.4,19.2
"1309047",17.7,18,30,0,0,10,0,0,20,0,0,30,0,57.2,19.2
"1309050",11.8447232472325,10,13411,139,0,8349,68,0,17463,124,0,13550,0,45.9,19.2
"1310001",26.5502044525216,16,1529,425,247,739,199,119,1976,524,306,2201,11.2,68,73.6
"1310002",11.9511784511785,9,2242,128,6,1463,83,4,3913,230,10,2376,0.3,46.3,46.2
"1310004",30.5375540699961,9,1706,229,608,677,97,292,1340,161,418,2543,23.9,71.4,79.9
"1310005",17.7385892116183,9,213,11,17,157,8,11,359,19,24,241,7.1,57.4,70
"1310006",6.18197135636057,4,1169,18,0,590,9,0,1155,18,0,1187,0,25.3,19.2
"1310007",17.0036363636364,12,233,36,6,35,5,1,53,6,1,277,2.2,56.1,59.7
"1310008",6.41853360488798,2,911,69,2,348,28,1,261,18,0,990,0.2,26.3,43.7
"1310011",7.51718983557549,3,1259,25,54,385,8,21,519,9,14,1338,4,31.1,64.6
"1310012",3.84927536231884,4,345,0,0,142,0,0,320,0,0,345,0,11.8,19.2
"1310013",7.67741935483871,4,243,0,5,91,0,2,177,0,3,248,2,31.6,59.2
"1310014",18.7988587731812,9,584,58,59,252,22,28,343,37,40,701,8.4,59.1,71.3
"1310016",42.505068574836,38,792,336,549,280,119,249,483,202,398,1677,32.7,78.6,82.6
"1310017",21.0610021786492,12,2543,513,157,1487,308,90,3753,813,172,3213,4.9,62.3,66.6
"1310018",46.2822137727081,35,1171,280,916,603,137,363,1622,351,866,2367,38.7,80.9,84.7
"1310019",72.9078947368421,91,44,22,162,53,14,142,158,33,327,228,71.1,91.9,91.9
"1310021",30.6275353411186,9,1071,168,388,367,58,153,818,105,315,1627,23.8,71.6,79.8
"1310024",7.00973020787262,5,2244,11,6,694,3,2,1487,7,4,2261,0.3,28.9,46.2
"1310025",8.23262839879154,5,326,5,0,143,2,0,270,4,0,331,0,33.9,19.2
"1310026",31.094237695078,16,2187,451,694,988,210,279,2139,509,670,3332,20.8,71.8,78.4
"1310028",30.4700315457413,9,3631,507,1251,1575,242,540,4064,585,1287,5389,23.2,71.4,79.4
"1310031",34.2808417997097,13,2686,321,1127,1311,187,530,3271,472,1341,4134,27.3,74.1,81.1
"1310032",59.4270653694726,72,10413,4260,16060,10552,3659,15679,23243,8071,31792,30733,52.3,86.4,87.8
"1310034",37.1963190184049,31,284,150,55,234,101,30,746,256,68,489,11.2,76.1,73.6
"1310036",2.32846715328467,2,1369,1,0,433,0,0,919,1,0,1370,0,0.7,19.2
"1310037",2.7843137254902,2,407,1,0,181,1,0,396,1,0,408,0,3.6,19.2
"1310054",9.936,6,854,12,9,441,6,5,944,10,8,875,1,40.2,54.2
"1311001",3.31433137986148,3,1876,1,0,598,0,0,1455,1,0,1877,0,7.4,19.2
"1311004",3.90687740281931,3,2338,3,0,933,2,0,2211,3,0,2341,0,12.1,19.2
"1311005",4.59922178988327,4,257,0,0,182,0,0,435,0,0,257,0,17.3,19.2
"1311006",4.99282686664493,5,3064,3,0,2619,3,0,5547,6,0,3067,0,19.5,19.2
"1311008",4.38545059717698,4,1834,6,2,761,2,1,1863,5,2,1842,0.1,16.1,40.3
"1311011",3.78947368421053,3,2368,7,0,770,2,0,1592,4,0,2375,0,11.1,19.2
"1311012",3.87677053824363,3,706,0,0,390,0,0,933,0,0,706,0,11.9,19.2
"1311014",3.78813038130381,3,3250,2,0,1189,1,0,2715,2,0,3252,0,11.1,19.2
"1311018",2.83934890304317,3,1413,0,0,411,0,0,969,0,0,1413,0,4.1,19.2
"1311019",3.12264150943396,3,424,0,0,263,0,0,508,0,0,424,0,6,19.2
"1311021",3.66964285714286,3,671,1,0,220,0,0,513,1,0,672,0,10.3,19.2
"1311024",3.10828488372093,3,1376,0,0,508,0,0,1198,0,0,1376,0,5.9,19.2
"1311026",3.4143059490085,3,1412,0,0,468,0,0,812,0,0,1412,0,8,19.2
"1311027",3.69459253617669,3,1313,0,0,728,0,0,1573,0,0,1313,0,10.4,19.2
"1311028",3.31737773152966,3,2883,0,0,905,0,0,1961,0,0,2883,0,7.4,19.2
"1311030",3.58711217183771,3,419,0,0,223,0,0,440,0,0,419,0,9.7,19.2
"1311031",3.00502512562814,3,1990,0,0,673,0,0,1580,0,0,1991,0,5.3,19.2
"1312001",3.61530715005035,3,993,0,0,386,0,0,874,0,0,993,0,9.8,19.2
"1312002",4.23885350318471,4,314,0,0,163,0,0,313,0,0,314,0,14.9,19.2
"1312004",4.08373786407767,3,1645,3,0,557,1,0,1045,2,0,1648,0,13.6,19.2
"1312006",5.0531914893617,5,1316,0,0,785,0,0,1574,0,0,1316,0,20.1,19.2
"1312007",4.34057971014493,3,552,0,0,469,0,0,1061,0,0,552,0,15.7,19.2
"1312008",3.87081565299387,4,2121,0,0,775,0,0,1559,0,0,2121,0,11.9,19.2
"1312009",5.61513859275053,5,938,0,0,510,0,0,992,0,0,938,0,23.1,19.2
"1312011",4.70724637681159,3,1371,9,0,337,0,0,313,0,0,1380,0,17.8,19.2
"1312014",3.93979933110368,4,2093,0,0,670,0,0,1407,0,0,2093,0,12.3,19.2
"1312016",3.7896138482024,4,1502,0,0,483,0,0,1062,0,0,1502,0,11.2,19.2
"1312019",4.43637313822838,4,3825,2,0,2637,1,0,5218,2,0,3827,0,16.4,19.2
"1312021",4.25429930479327,4,2732,1,0,898,0,0,2089,1,0,2733,0,15.1,19.2
"1312023",3.91826923076923,4,624,0,0,350,0,0,729,0,0,624,0,12.2,19.2
"1313002",4.5833711949114,4,2201,0,0,782,0,0,1794,0,0,2201,0,17.3,19.2
"1313004",3.83463541666667,4,1536,0,0,372,0,0,838,0,0,1536,0,11.7,19.2
"1313006",4.80174081237911,5,1034,0,0,614,0,0,1290,0,0,1034,0,18.4,19.2
"1313008",4.00399201596806,4,501,0,0,117,0,0,253,0,0,501,0,12.9,19.2
"1313011",4.07509627727856,4,1558,0,0,449,0,0,926,0,0,1558,0,13.5,19.2
"1313012",4.22569444444444,4,864,0,0,435,0,0,891,0,0,864,0,14.8,19.2
"1313014",3.86681974741676,4,871,0,0,363,0,0,720,0,0,871,0,11.8,19.2
"1313015",3.54172185430464,3,1510,0,0,324,0,0,657,0,0,1510,0,9.2,19.2
"1313018",3.66934763181412,3,1119,0,0,342,0,0,736,0,0,1119,0,10.2,19.2
"1313020",6.78070175438596,5,342,0,0,184,0,0,369,0,0,342,0,27.8,19.2
"1313022",3.64025157232704,3,2384,1,0,723,0,0,1548,1,0,2385,0,10,19.2
"1313024",4.97609561752988,4,3012,0,0,755,0,0,1652,0,0,3012,0,19.3,19.2
"1313027",5.81742583158526,4,13340,8,0,8111,3,0,16426,6,0,13348,0,23.9,19.2
"1313028",2.59036144578313,3,83,0,0,0,0,0,0,0,0,83,0,2,19.2
"1313031",7.10839760068552,6,4629,39,0,1767,14,0,3703,17,0,4669,0,29.3,19.2
"1313037",7.58219178082192,4,1164,4,0,455,1,0,678,2,0,1168,0,31.3,19.2
"1314001",11.5985176034589,7,1585,34,0,550,9,0,935,15,0,1619,0,45.2,19.2
"1314003",16.3628048780488,18,617,39,0,151,11,0,250,16,0,656,0,54.8,19.2
"1314004",22.6901027582477,22,1689,160,0,658,65,0,1211,107,0,1849,0,64.3,19.2
"1314005",6.00637755102041,4,781,3,0,130,0,0,303,1,0,784,0,25.1,19.2
"1314006",15.5988341282459,11,1832,55,0,692,21,0,1557,46,0,1887,0,53.6,19.2
"1314008",18.25520110957,17,1358,84,0,513,37,0,1022,63,0,1442,0,58.2,19.2
"1314010",23.8115942028986,24,274,2,0,149,1,0,330,2,0,276,0,65.3,19.2
"1314011",19.1047370708388,20,2297,4,0,885,2,0,1841,3,0,2301,0,59.4,19.2
"1314012",12.1795348837209,12,1063,12,0,350,3,0,694,4,0,1075,0,47.2,19.2
"1314013",8.89070146818923,4,3675,3,0,1549,1,0,3288,2,0,3678,0,35.7,19.2
"1314014",22.423907825252,23,4128,38,0,3509,22,0,7006,41,0,4166,0,63.9,19.2
"1314015",20.2551867219917,21,937,27,0,411,22,0,907,44,0,964,0,61.1,19.2
"1314016",8.25519287833828,4,1670,15,0,366,3,0,670,4,0,1685,0,34,19.2
"1314017",24.00569476082,25,2581,53,0,1649,29,0,3177,46,0,2634,0,65.7,19.2
"1314020",2.78866366366366,2,2664,0,0,951,0,0,1986,0,0,2664,0,3.7,19.2
"1314021",2.66677513830133,2,3073,0,0,688,0,0,1504,0,0,3073,0,2.5,19.2
"1314022",3.21666666666667,3,1800,0,0,1015,0,0,2141,0,0,1800,0,6.8,19.2
"1314025",17.1778523489933,17,2354,30,0,771,9,0,1310,15,0,2384,0,56.4,19.2
"1314026",24,24,77,0,0,49,0,0,134,0,0,77,0,65.7,19.2
"1315002",18.6864304480579,17,12467,1611,5,6621,915,0,14249,1794,0,14083,0,58.9,19.2
"1315006",2.31479933110368,2,2392,0,0,919,0,0,1949,0,0,2392,0,0.6,19.2
"1315008",11.6785714285714,6,6375,121,0,2249,44,0,4680,81,0,6496,0,45.4,19.2
"1315010",4.84955752212389,4,113,0,0,64,0,0,133,0,0,113,0,18.6,19.2
"1315011",20.931597992296,20,7347,1220,0,5441,1004,0,10240,1917,0,8567,0,61.9,19.2
"1315012",14.6736605026079,16,8349,87,0,2753,31,0,6158,68,0,8436,0,52.1,19.2
"1315013",19.0675241157556,18,1230,14,0,428,5,0,856,9,0,1244,0,59.3,19.2
"1315014",26.4940509915014,25,1452,313,0,789,173,0,1589,360,0,1765,0,67.9,19.2
"1315015",28.3372237397566,28,2887,1140,0,1536,689,0,2990,1304,0,4027,0,69.5,19.2
"1315016",11.0478697941599,8,2057,32,0,703,11,0,1183,17,0,2089,0,43.9,19.2
"1315017",5.32810047095761,5,637,0,0,330,0,0,615,0,0,637,0,21.5,19.2
"1315019",4.17642556448527,4,2613,0,0,1140,0,0,2240,0,0,2613,0,14.4,19.2
"1315020",2.84202211690363,3,633,0,0,359,0,0,718,0,0,633,0,4.1,19.2
"1315021",3.13504388926401,3,1481,0,0,643,0,0,1312,0,0,1481,0,6.1,19.2
"1315022",3.23207776427704,3,823,0,0,387,0,0,810,0,0,823,0,6.9,19.2
"1315024",19.2167883211679,17,2506,234,0,1064,93,0,2169,199,0,2740,0,59.6,19.2
"1315026",18.1797175866496,17,1497,61,0,639,20,0,1227,34,0,1558,0,58.1,19.2
"1315027",23.9536585365854,24,1588,52,0,665,22,0,1271,40,0,1640,0,65.6,19.2
"1315028",13.8911378555799,13,3620,36,0,2128,22,0,4247,38,0,3656,0,51,19.2
"1315029",21.7714865075651,20,5947,463,1,2480,183,0,4475,305,1,6411,0,63.3,19.2
"1315030",33.2186588921283,34,311,374,1,153,185,0,347,401,1,686,0.1,73.2,40.3
"1315031",30.6880269814503,32,1116,663,0,765,509,0,1634,1038,0,1779,0,71.6,19.2
"1315032",17.6723989681857,18,1155,8,0,602,4,0,1293,8,0,1163,0,57.1,19.2
"1315033",24.0905306971904,23,856,105,0,384,49,0,724,96,0,961,0,65.9,19.2
"1315036",7.70493066255778,6,1289,9,0,659,6,0,1144,9,0,1298,0,31.7,19.2
"1315037",23.202614379085,23,992,79,0,414,36,0,926,71,0,1071,0,64.8,19.2
"1315038",10.2062211981567,10,864,4,0,410,2,0,728,3,0,868,0,41.2,19.2
"1315040",22.6578282828283,23,764,28,0,387,14,0,518,17,0,792,0,64.3,19.2
"2402005",7.50582362728785,6,2983,22,0,1847,14,0,3076,19,0,3005,0,31.1,19.2
"2402010",6.66218034993271,5,737,6,0,498,3,0,970,4,0,743,0,27.3,19.2
"2402015",8.91875855773619,7,2182,9,0,1715,7,0,3371,13,0,2191,0,36,19.2
"2402028",10.7556996444259,10,4724,57,0,3747,42,0,7410,70,0,4781,0,42.8,19.2
"2402047",9.22328148519819,8,1981,12,0,1217,7,0,2254,12,0,1993,0,37.3,19.2
"2402902",3,3,1,0,0,0,0,0,0,0,0,1,0,5.2,19.2
"2403005",9.58744640087583,8,10849,112,0,7291,61,0,14960,103,0,10961,0,38.8,19.2
"2403010",11.3414634146341,8,621,35,0,359,21,0,578,29,0,656,0,44.6,19.2
"2403015",7.37185929648241,6,195,4,0,88,2,0,144,3,0,199,0,30.5,19.2
"2403020",11.986143187067,10,857,9,0,589,6,0,1067,10,0,866,0,46.4,19.2
"2403025",3.18181818181818,3,649,0,0,476,0,0,643,0,0,649,0,6.5,19.2
"2403902",3.43939393939394,3,131,1,0,3,0,0,0,0,0,132,0,8.3,19.2
"2403904",2.55555555555556,2,63,0,0,0,0,0,0,0,0,63,0,1.8,19.2
"2404005",9.68192219679634,8,431,6,0,221,3,0,286,3,0,437,0,39.3,19.2
"2404010",12.7762096774194,12,974,18,0,574,11,0,1031,16,0,992,0,48.6,19.2
"2404015",12.219696969697,12,257,7,0,130,3,0,181,5,0,264,0,47.3,19.2
"2404020",11.9558823529412,11,199,5,0,110,3,0,138,3,0,204,0,46.3,19.2
"2404025",11.5839416058394,12,272,2,0,178,1,0,287,2,0,274,0,45.2,19.2
"2404030",7.65480427046263,6,277,4,0,117,2,0,189,5,0,281,0,31.5,19.2
"2404037",11.7018763029882,10,4261,56,0,3302,51,0,6044,77,0,4317,0,45.5,19.2
"2404047",11.3810861423221,10,2117,19,0,1394,10,0,2502,14,0,2136,0,44.8,19.2
"2404902",4.3471615720524,3,457,1,0,108,0,0,166,1,0,458,0,15.9,19.2
"2404904",2.79166666666667,2,24,0,0,1,0,0,0,0,0,24,0,3.8,19.2
"2405010",6.83661971830986,6,355,0,0,167,0,0,333,0,0,355,0,28.2,19.2
"2405015",9.66197183098592,10,355,0,0,198,0,0,350,0,0,355,0,39.1,19.2
"2405020",10.5099150141643,11,353,0,0,167,0,0,334,0,0,353,0,42.1,19.2
"2405025",7.77049180327869,7,427,0,0,266,0,0,506,0,0,427,0,32,19.2
"2405032",6.77231952157198,6,2337,4,0,1495,1,0,3032,1,0,2341,0,27.8,19.2
"2405040",10.817316017316,11,1154,1,0,668,0,0,1335,1,0,1155,0,43,19.2
"2405045",12.2112033195021,12,2401,9,0,1399,4,0,2725,8,0,2410,0,47.2,19.2
"2405050",5.59504132231405,4,121,0,0,180,0,0,369,0,0,121,0,23.1,19.2
"2405055",11.4791666666667,12,1006,2,0,605,1,0,1205,2,0,1008,0,45,19.2
"2405060",10.3161021984551,9,1680,3,0,967,1,0,1964,2,0,1683,0,41.5,19.2
"2405065",2.5,2.5,2,0,0,0,0,0,0,0,0,2,0,1.3,19.2
"2405070",11.5453635757171,9,2989,9,0,1799,4,0,3665,8,0,2998,0,45.1,19.2
"2405077",10.1087398373984,8,973,11,0,381,4,0,758,6,0,984,0,40.8,19.2
"2405902",5.40758293838863,4,207,4,0,72,1,0,53,1,0,211,0,21.8,19.2
"2406005",19.3288311688312,19,1831,94,0,1161,67,0,2534,138,0,1925,0,59.8,19.2
"2406013",18.0195007800312,19,2553,11,0,2186,8,0,4021,12,0,2564,0,57.8,19.2
"2406020",14.0693825588797,12,1545,26,0,915,16,0,1760,22,0,1571,0,51.2,19.2
"2406025",16.5787401574803,16,745,17,0,311,6,0,566,9,0,762,0,55.2,19.2
"2406030",17.0667613636364,17,1377,31,0,686,9,0,1326,13,0,1408,0,56.2,19.2
"2406035",14.8429906542056,15,534,1,0,95,0,0,170,0,0,535,0,52.3,19.2
"2406040",4.14448669201521,3,263,0,0,92,0,0,154,0,0,263,0,14.1,19.2
"2406045",16.568281938326,17,677,4,0,355,2,0,563,3,0,681,0,55.2,19.2
"2406050",4.51088534107402,4,688,1,0,285,0,0,519,0,0,689,0,16.7,19.2
"2406055",3.78912466843501,4,754,0,0,367,0,0,679,0,0,754,0,11.1,19.2
"2406060",4.03012048192771,3,332,0,0,111,0,0,148,0,0,332,0,13.1,19.2
"2406802",10.9393939393939,11,330,0,0,264,0,0,637,0,0,330,0,43.6,19.2
"2406804",20.9622501850481,21,1347,4,0,0,0,0,0,0,0,1351,0,62,19.2
"2406902",2.5625,2,16,0,0,0,0,0,0,0,0,16,0,1.9,19.2
"2406904",2.78899082568807,2,109,0,0,0,0,0,0,0,0,109,0,3.8,19.2
"2407005",2.73728813559322,3,236,0,0,91,0,0,183,0,0,236,0,3.1,19.2
"2407010",6.53351206434316,6,373,0,0,206,0,0,367,0,0,373,0,27,19.2
"2407018",5.46237794371051,5,1741,0,0,1140,0,0,2147,0,0,1741,0,22.1,19.2
"2407025",4.08168316831683,3,402,2,0,158,1,0,238,1,0,404,0,13.6,19.2
"2407030",7.73952095808383,7,998,4,0,445,2,0,964,4,0,1002,0,31.8,19.2
"2407035",6.7243816254417,5,558,8,0,278,5,0,364,6,0,566,0,27.5,19.2
"2407040",3.50167224080268,3,597,1,0,246,0,0,368,1,0,598,0,9,19.2
"2407047",8.0464488252768,7,3667,36,0,2964,28,0,5906,43,0,3703,0,33.2,19.2
"2407057",7.17298347910593,7,1027,2,0,645,1,0,1441,4,0,1029,0,29.8,19.2
"2407065",3.89634146341463,3,324,4,0,140,3,0,294,4,0,328,0,12,19.2
"2407070",3.70807453416149,3,483,0,0,199,0,0,411,0,0,483,0,10.5,19.2
"2407075",4.78171641791045,4,532,4,0,244,1,0,444,2,0,536,0,18.3,19.2
"2407080",10.6863543788187,8,942,40,0,478,26,0,863,36,0,982,0,42.6,19.2
"2407085",9.26538176426983,8,1335,14,0,864,8,0,1695,11,0,1349,0,37.4,19.2
"2407090",4.39030023094688,4,431,2,0,159,0,0,320,1,0,433,0,16.2,19.2
"2407095",5.64492753623188,5,547,5,0,321,3,0,539,3,0,552,0,23.2,19.2
"2407100",7.30812324929972,6,356,1,0,206,1,0,386,1,0,357,0,30.2,19.2
"2407105",7.4,6,449,6,0,176,2,0,378,4,0,455,0,30.6,19.2
"2407902",5.42718446601942,4,103,0,0,15,0,0,20,0,0,103,0,21.9,19.2
"2407904",2.81818181818182,3,33,0,0,0,0,0,0,0,0,33,0,4,19.2
"2407906",2,2,2,0,0,0,0,0,0,0,0,2,0,0.1,19.2
"2407908",7.19718309859155,3,200,12,1,131,6,1,28,2,0,213,0.5,29.9,49.6
"2407910",3.82352941176471,2,34,0,0,20,0,0,5,0,0,34,0,11.5,19.2
"2407912",2.75,3,8,0,0,0,0,0,0,0,0,8,0,3.2,19.2
"2407914",4.93333333333333,4,59,1,0,18,0,0,10,0,0,60,0,19,19.2
"2408005",10.9084210526316,10,933,17,0,650,11,0,981,14,0,950,0,43.5,19.2
"2408010",2.98832684824903,3,257,0,0,93,0,0,163,0,0,257,0,5,19.2
"2408015",11.3529411764706,9.5,399,9,0,255,6,0,370,5,0,408,0,44.7,19.2
"2408023",13.1612265084075,11,995,16,0,561,10,0,1064,17,0,1011,0,49.6,19.2
"2408030",4.24705882352941,3,588,7,0,287,4,0,479,5,0,595,0,14.9,19.2
"2408035",7.16666666666667,7,1145,13,0,588,8,0,951,10,0,1158,0,29.7,19.2
"2408040",5.12342569269521,4,392,5,0,210,3,0,239,3,0,397,0,20.5,19.2
"2408053",14.856394129979,11,7530,102,0,7402,79,0,13868,119,0,7632,0,52.4,19.2
"2408065",5.27372262773723,4,546,2,0,221,1,0,374,1,0,548,0,21.4,19.2
"2408073",14.8727868852459,11,1467,58,0,869,43,0,1509,58,0,1525,0,52.5,19.2
"2408080",15.7826747720365,14,646,12,0,329,7,0,603,10,0,658,0,53.8,19.2
"2408902",4.11881188118812,3,100,1,0,66,1,0,16,0,0,101,0,13.9,19.2
"2409005",4.0379746835443,3,551,2,0,226,1,0,383,1,0,553,0,13.2,19.2
"2409010",3.27272727272727,3,385,0,0,151,0,0,222,0,0,385,0,7.2,19.2
"2409015",3.40600315955766,3,632,1,0,262,1,0,484,1,0,633,0,7.9,19.2
"2409020",4.34406438631791,4,493,4,0,143,3,0,214,2,0,497,0,15.8,19.2
"2409025",3.49647058823529,3,1268,7,0,578,3,0,1172,5,0,1275,0,8.7,19.2
"2409030",5.95275590551181,5,1008,8,0,473,4,0,823,7,0,1016,0,24.6,19.2
"2409035",8.22448979591837,8,971,9,0,509,4,0,972,7,0,980,0,33.8,19.2
"2409040",5.64527027027027,5,296,0,0,123,0,0,250,0,0,296,0,23.3,19.2
"2409048",13.8347613219094,12,791,26,0,486,19,0,582,12,0,817,0,50.7,19.2
"2409055",6.82385321100917,6,545,0,0,220,0,0,493,0,0,545,0,28.1,19.2
"2409060",15.2518703241895,12,375,24,2,187,18,2,208,9,1,401,0.5,53.1,49.6
"2409065",6.87425658453696,7,1176,1,0,794,0,0,1728,1,0,1177,0,28.3,19.2
"2409070",7.62056737588652,6,550,14,0,251,9,0,577,13,0,564,0,31.4,19.2
"2409077",7.92596605272662,8,2765,4,0,3170,3,0,6381,3,0,2769,0,32.7,19.2
"2409085",20.3165467625899,19,768,63,3,485,45,2,852,50,2,834,0.4,61.3,48.2
"2409092",13.8808510638298,10,2042,68,5,1407,51,4,2790,52,3,2115,0.2,50.9,43.7
"2409902",7.78913738019169,3,289,21,3,175,13,2,43,3,0,313,1,32.1,54.2
"2409904",4.66666666666667,4.5,12,0,0,0,0,0,0,0,0,12,0,17.6,19.2
"2410005",3.43714821763602,3,533,0,0,198,0,0,340,0,0,533,0,8.2,19.2
"2410010",3.73661670235546,3,467,0,0,167,0,0,233,0,0,467,0,10.6,19.2
"2410015",5.9150726855394,4,1276,31,0,654,13,0,1067,17,0,1307,0,24.4,19.2
"2410025",5.95049504950495,3,670,32,5,302,19,3,378,16,3,707,0.7,24.6,51.7
"2410030",8.16745655608215,7,1869,25,5,1307,14,3,2984,29,6,1899,0.3,33.6,46.2
"2410043",11.9694193072537,10,35048,187,16,24739,103,7,48783,140,12,35251,0,46.4,19.2
"2410060",6.27991218441273,5,902,9,0,454,4,0,900,6,0,911,0,25.7,19.2
"2410070",8.21098087600247,6,1574,46,1,1133,36,1,1796,32,1,1621,0.1,33.7,40.3
"2410075",5.2,4,495,0,0,190,0,0,413,0,0,495,0,20.9,19.2
"2410902",5.00804289544236,3,360,12,1,119,6,1,29,1,0,373,0.3,19.9,46.2
"2411005",4.02862595419847,3,524,0,0,231,0,0,479,0,0,524,0,13.1,19.2
"2411010",5.13955479452055,4,1166,2,0,736,2,0,1637,4,0,1168,0,20.6,19.2
"2411015",4.15063520871143,3,551,0,0,216,0,0,303,0,0,551,0,14.2,19.2
"2411020",3.6218487394958,3,234,4,0,64,1,0,75,1,0,238,0,9.8,19.2
"2411025",2.66551724137931,2,290,0,0,120,0,0,216,0,0,290,0,2.4,19.2
"2411030",4.71593533487298,4,432,1,0,209,0,0,382,1,0,433,0,17.9,19.2
"2411035",3.5679347826087,3,367,1,0,151,0,0,309,1,0,368,0,9.4,19.2
"2411040",7.44617467840217,6,1455,22,0,1711,15,0,3103,12,0,1477,0,30.8,19.2
"2411045",9.77300613496933,6,1257,47,0,775,36,0,1157,37,0,1304,0,39.6,19.2
"2411050",7.8103638368247,5,859,48,0,537,36,0,664,27,0,907,0,32.2,19.2
"2411055",8.92362344582593,5,539,24,0,315,18,0,439,16,0,563,0,36,19.2
"2411902",7.5,3,37,3,0,0,0,0,0,0,0,40,0,31.1,19.2
"2412005",5.04940923737916,4,929,2,0,501,1,0,1076,2,0,931,0,20.1,19.2
"2412010",5.12076145151695,4,1659,13,9,1003,9,6,1394,8,5,1681,0.5,20.4,49.6
"2412015",4.14816031537451,4,3041,3,0,1989,1,0,4335,3,0,3044,0,14.2,19.2
"2412020",3.95215311004785,4,1045,0,0,480,0,0,1180,0,0,1045,0,12.4,19.2
"2412025",2.69161676646707,2,334,0,0,136,0,0,247,0,0,334,0,2.7,19.2
"2412030",4.19605077574048,4,709,0,0,389,0,0,831,0,0,709,0,14.5,19.2
"2412035",4.14766839378238,3,385,0,1,181,0,0,312,0,1,386,0.3,14.2,46.2
"2412043",7.97978981406629,6,1231,6,0,695,1,0,1349,2,0,1237,0,32.9,19.2
"2412045",12.8211382113821,10,237,8,1,113,4,0,68,2,0,246,0.4,48.8,48.2
"2412057",6.82952029520295,6,1348,7,0,949,4,0,1838,5,0,1355,0,28.2,19.2
"2412065",3.83018867924528,4,901,0,0,479,0,0,1245,0,0,901,0,11.6,19.2
"2412072",5.13102764348581,4,8050,17,0,10028,14,0,20093,20,0,8067,0,20.5,19.2
"2412080",10.262278978389,7,965,53,0,697,51,0,1239,57,0,1018,0,41.4,19.2
"2413005",5.24908573750508,4,2457,4,0,1516,2,0,2880,4,0,2461,0,21.2,19.2
"2413010",5.54509803921569,4,508,2,0,177,1,0,231,1,0,510,0,22.8,19.2
"2413015",4.98510882016037,3,872,1,0,419,0,0,577,1,0,873,0,19.4,19.2
"2413020",5.85526315789474,3,608,0,0,263,0,0,365,0,0,608,0,24.1,19.2
"2413025",6.73870481927711,5,1317,11,0,723,5,0,1246,7,0,1333,0,27.6,19.2
"2413030",3.42801556420233,3,770,1,0,276,0,0,586,1,0,771,0,8.1,19.2
"2413040",4.52488687782805,4,882,2,0,347,1,0,542,1,0,884,0,16.9,19.2
"2413045",4.12868217054264,3,644,1,0,264,0,0,447,0,0,645,0,14,19.2
"2413050",3.08719851576994,3,539,0,0,165,0,0,246,0,0,539,0,5.7,19.2
"2413055",3.75920679886686,3,702,4,0,282,1,0,432,1,0,706,0,10.8,19.2
"2413060",6.28484848484849,5,653,7,0,287,2,0,491,4,0,660,0,25.7,19.2
"2413065",5.11394302848576,5,1334,0,0,575,0,0,1076,0,0,1334,0,20.3,19.2
"2413073",9.37406962785114,9,4119,46,0,2664,35,0,5005,49,0,4165,0,37.9,19.2
"2413075",3.18770226537217,3,309,0,0,100,0,0,122,0,0,309,0,6.5,19.2
"2413080",3.62218515429525,3,1199,0,0,593,0,0,1311,0,0,1199,0,9.9,19.2
"2413085",2.92352941176471,3,510,0,0,154,0,0,311,0,0,510,0,4.7,19.2
"2413090",2.8420467185762,2,897,2,0,355,1,0,762,1,0,899,0,4.1,19.2
"2413095",4.9833147942158,4,2689,8,0,1383,5,0,2464,8,0,2707,0,19.3,19.2
"2413100",2.26464646464646,2,495,0,0,171,0,0,303,0,0,495,0,0.4,19.2
"2414005",3.93294030950626,3,1355,1,1,712,0,0,1159,0,0,1357,0.1,12.3,40.3
"2414010",3.99332443257677,3,746,3,0,270,0,0,515,0,0,749,0,12.6,19.2
"2414018",3.76872964169381,3,2456,0,0,1634,0,0,3530,0,0,2456,0,10.9,19.2
"2414025",3.54817987152034,3,934,0,0,410,0,0,891,0,0,934,0,9.3,19.2
"2414030",4.39835728952772,4,487,0,0,176,0,0,398,0,0,487,0,16.3,19.2
"2414035",4.4751257685858,4,1787,2,0,926,1,0,2254,1,0,1789,0,16.6,19.2
"2414040",10.5181950509461,10,685,2,0,275,1,0,657,1,0,687,0,42.1,19.2
"2414045",6.13920454545455,5,351,1,0,161,1,0,289,0,0,352,0,25.3,19.2
"2414050",11.6294642857143,11,886,10,0,385,8,0,602,5,0,896,0,45.3,19.2
"2414055",11.2660944206009,10,689,10,0,359,8,0,512,6,0,699,0,44.3,19.2
"2414060",5.11285714285714,5,700,0,0,385,0,0,818,0,0,700,0,20.3,19.2
"2414065",12.8595779220779,13,1221,11,0,618,8,0,986,9,0,1232,0,48.9,19.2
"2414070",5.20668425681618,5,1133,4,0,742,4,0,1791,10,0,1137,0,21.1,19.2
"2414075",3.97218543046358,3,755,0,0,359,0,0,660,0,0,755,0,12.5,19.2
"2414080",4.56592592592593,4,675,0,0,305,0,0,522,0,0,675,0,17.2,19.2
"2414085",7.62138084632517,6,1795,1,0,2201,0,0,4077,1,0,1796,0,31.4,19.2
"2414090",5.91027496382055,5,1382,0,0,717,0,0,1597,0,0,1382,0,24.3,19.2
"2414902",3.02727272727273,2,110,0,0,3,0,0,5,0,0,110,0,5.4,19.2
"2414904",2.52380952380952,2,21,0,0,0,0,0,0,0,0,21,0,1.6,19.2
"2415005",4.05405405405405,4,259,0,0,178,0,0,320,0,0,259,0,13.3,19.2
"2415013",6.18681688246175,5,5941,6,0,4490,9,0,8128,12,0,5947,0,25.4,19.2
"2415025",3.22151394422311,3,1255,0,0,376,0,0,789,0,0,1255,0,6.8,19.2
"2415030",5.48133061778683,4,1469,4,0,728,3,0,1140,2,0,1473,0,22.3,19.2
"2415035",4.73538961038961,4,1847,1,0,1489,0,0,3064,1,0,1848,0,18,19.2
"2415058",9.19846743295019,8,1291,14,0,707,6,0,1130,9,0,1305,0,37,19.2
"2415065",13.6507936507937,11,289,26,0,115,10,0,169,15,0,315,0,50.3,19.2
"2415902",7.0897597977244,3,746,44,1,73,12,0,44,7,0,791,0.1,29.2,40.3
"2415904",4.16883116883117,3,305,3,0,90,1,0,109,1,0,308,0,14.4,19.2
"2416005",3.1984126984127,2,126,0,0,590,0,0,567,0,0,126,0,6.6,19.2
"2416013",7.3443234836703,6,6420,10,0,3758,5,0,7329,10,0,6430,0,30.4,19.2
"2416023",9.90396659707725,9,1422,15,0,748,10,0,1102,14,0,1437,0,40,19.2
"2416048",9.16074450084602,7,586,5,0,598,4,0,964,5,0,591,0,36.9,19.2
"2416050",3.12141427618412,3,1496,3,0,531,1,0,1144,2,0,1499,0,5.9,19.2
"2416055",4.5996993987976,4,1995,1,0,657,0,0,1319,1,0,1996,0,17.3,19.2
"2416902",4.33974358974359,2,464,4,0,1,0,0,0,0,0,468,0,15.7,19.2
"2417005",2.93990755007704,3,649,0,0,202,0,0,293,0,0,651,0,4.7,19.2
"2417010",4.39038304808476,4,2454,0,0,1187,0,0,2272,0,0,2457,0,16.2,19.2
"2417015",2.91841234840132,2,907,0,0,251,0,0,460,0,0,907,0,4.6,19.2
"2417020",2.89901207464325,2,907,4,0,278,1,0,421,1,0,911,0,4.4,19.2
"2417025",2.4578313253012,2,581,0,0,189,0,0,350,0,0,581,0,1.1,19.2
"2417030",2.84839476813317,3,1679,3,0,853,1,0,1713,2,0,1682,0,4.2,19.2
"2417035",2.78856152512998,3,577,0,0,336,0,0,576,0,0,577,0,3.7,19.2
"2417040",3.51254480286738,3,837,0,0,321,0,0,563,0,0,837,0,9,19.2
"2417045",4.60921144452198,3,1423,10,0,555,4,0,739,3,0,1433,0,17.4,19.2
"2417055",6.20375195414278,4,1878,41,0,786,18,0,1422,14,0,1919,0,25.4,19.2
"2417060",5.03310502283105,5,875,1,0,328,0,0,674,0,0,876,0,20,19.2
"2417065",7.72525439407956,6,1076,5,0,549,3,0,952,3,0,1081,0,31.8,19.2
"2417070",6.36580813736469,5,2661,18,0,1725,12,0,3312,17,0,2679,0,26.1,19.2
"2417078",7.18273955773956,5,3246,10,0,1862,8,0,3791,12,0,3256,0,29.8,19.2
"2418005",2.75103305785124,2,967,1,0,411,0,0,638,1,0,970,0,3.3,19.2
"2418010",7.01404494382022,6,350,5,1,150,2,0,171,2,0,359,0.3,28.9,46.2
"2418015",2.67378800328677,2,1215,2,0,610,1,0,943,2,0,1217,0,2.6,19.2
"2418020",3.44347826086957,3,460,0,0,200,0,0,275,0,0,460,0,8.3,19.2
"2418025",2.63441955193483,2,982,0,0,423,0,0,505,0,0,982,0,2.3,19.2
"2418030",3.13656387665198,3,1134,1,0,520,0,0,849,0,0,1135,0,6.2,19.2
"2418035",2.90759753593429,3,487,0,0,207,0,0,338,0,0,487,0,4.5,19.2
"2418040",2.6984126984127,3,630,0,0,242,0,0,371,0,0,630,0,2.8,19.2
"2418045",6.50376209243999,5,2778,13,0,1514,7,0,3088,11,0,2791,0,26.9,19.2
"2418050",9.3955690850668,10,5898,15,0,5784,13,0,10973,21,0,5913,0,37.9,19.2
"2418055",3.78053624627607,4,1007,0,0,430,0,0,840,0,0,1007,0,11,19.2
"2418060",3.29861111111111,3,1439,1,0,692,0,0,1579,1,0,1440,0,7.3,19.2
"2418065",10.8959757023538,10,1276,41,0,904,34,0,1702,37,0,1317,0,43.4,19.2
"2418070",15.8396501457726,14,330,12,1,98,4,0,117,5,0,343,0.3,53.9,46.2
"2419005",2.76072041166381,3,1166,0,0,533,0,0,680,0,0,1166,0,3.4,19.2
"2419010",3.09742790335152,3,1280,3,0,516,2,0,766,1,0,1283,0,5.8,19.2
"2419015",3.01762114537445,2,677,4,0,177,1,0,336,2,0,681,0,5.4,19.2
"2419020",3.65338645418327,3,2256,3,0,677,1,0,1041,1,0,2259,0,10.1,19.2
"2419025",4.71868033883192,3,2210,30,3,799,12,1,1647,18,2,2243,0.1,17.9,40.3
"2419030",4.37506775067751,4,1830,15,0,943,5,0,1874,14,0,1845,0,16,19.2
"2419037",3.359900373599,3,1598,8,0,782,3,0,1434,5,0,1606,0,7.6,19.2
"2419045",3.26029798422436,3,1133,7,1,447,3,0,741,2,0,1141,0.1,7.1,40.3
"2419050",3.26472491909385,3,1542,3,0,570,1,0,1330,2,0,1545,0,7.2,19.2
"2419055",4.00059347181009,3,3357,9,4,1691,3,1,3493,6,1,3370,0.1,12.8,40.3
"2419062",3.36782279218887,3,3426,5,0,1771,1,0,4044,3,0,3431,0,7.7,19.2
"2419068",4.22049180327869,4,4880,0,0,2472,0,0,5813,0,0,4880,0,14.7,19.2
"2419070",3.36566440349176,3,1030,1,0,362,0,0,880,1,0,1031,0,7.7,19.2
"2419075",3.70354808590103,3,2141,1,0,896,0,0,2137,1,0,2142,0,10.4,19.2
"2419082",3.57275083302481,3,2693,8,0,1234,3,0,2452,6,0,2701,0,9.6,19.2
"2419090",3.4009009009009,3,888,0,0,374,0,0,782,0,0,888,0,7.9,19.2
"2419097",3.45817307692308,3,2077,3,0,1079,1,0,2495,2,0,2080,0,8.5,19.2
"2419105",5.01542912246866,3,2039,32,3,1142,15,1,2896,35,2,2074,0.1,20,40.3
"2419110",8.66867833433917,8,1619,34,4,877,18,1,1837,33,1,1657,0.2,35.1,43.7
"2419117",5.99009009009009,4,1090,20,0,504,15,0,1009,22,0,1110,0,24.7,19.2
"2420005",9.67259259259259,8,656,19,0,348,11,0,523,13,0,675,0,39.2,19.2
"2420010",3.90493827160494,3,810,0,0,371,0,0,850,0,0,810,0,12.1,19.2
"2420015",13.9491046182846,12,1002,59,0,592,43,0,962,54,0,1061,0,51.1,19.2
"2420020",11.32109375,8,1215,62,3,772,48,2,1520,83,4,1280,0.2,44.5,43.7
"2420025",3.45348837209302,3,1031,1,0,810,1,0,1742,1,0,1032,0,8.5,19.2
"2420030",7.94,6,594,4,2,503,4,2,1043,8,4,600,0.3,32.8,46.2
"2421005",2.86477272727273,3,1756,4,0,885,2,0,1501,3,0,1760,0,4.3,19.2
"2421010",3.23376215877,3,3187,0,0,2637,0,0,3757,0,0,3187,0,6.9,19.2
"2421015",6,5.5,10,0,0,1,0,0,0,0,0,10,0,24.9,19.2
"2421020",12.2949771689498,13,1094,1,0,680,0,0,1421,1,0,1095,0,47.6,19.2
"2421025",11.4547390841321,11,1873,5,0,2806,5,0,4103,9,0,1878,0,44.9,19.2
"2421030",16.5487300649734,18,1678,15,0,1486,13,0,2862,26,0,1693,0,55.1,19.2
"2421035",12.7724473257699,14,3072,13,0,2038,7,0,4362,13,0,3085,0,48.6,19.2
"2421040",7.72426141450313,6,2230,3,1,1712,2,1,3832,4,1,2234,0,31.7,19.2
"2421045",5.70097426929803,5,3991,7,5,3117,6,5,8203,13,14,4003,0.1,23.5,40.3
"2421904",4.20580110497238,2,716,8,0,0,0,0,0,0,0,724,0,14.6,19.2
"2422005",3.34783224709549,3,7051,7,0,3404,3,0,8434,8,0,7058,0,7.5,19.2
"2422010",4.22193658954584,4,2322,12,0,1275,6,0,2313,9,0,2334,0,14.8,19.2
"2422015",7.45372750642673,3,695,83,0,298,36,0,272,32,0,778,0,30.9,19.2
"2422020",3.36753958587089,3,3273,11,0,2431,6,0,6419,13,0,3284,0,7.7,19.2
"2422025",3.89869835880023,3,3488,46,0,1120,16,0,3156,67,0,3534,0,12,19.2
"2422030",3.59108527131783,3,515,1,0,316,0,0,770,1,0,516,0,9.7,19.2
"2422035",3.55119453924915,3,7557,61,0,4396,22,0,9633,49,0,7618,0,9.4,19.2
"2422040",4.3469628464714,3,5000,87,0,3154,46,0,8064,100,0,5087,0,15.9,19.2
"2422045",3.80311316785865,3,4692,62,0,3309,34,0,8397,71,0,4754,0,11.3,19.2
"2422902",5.94444444444444,2,378,17,1,0,0,0,0,0,0,396,0.3,24.5,46.2
"2423015",12.0769230769231,12,13,0,0,0,0,0,241,0,0,13,0,46.8,19.2
"2423027",7.15896805417325,4,254000,2209,6,280226,1452,1,544430,3058,2,256215,0,29.6,19.2
"2423057",22.9547088425593,25,9393,1735,0,6542,974,0,14625,2345,0,11128,0,64.6,19.2
"2423072",16.7540366374629,18,12605,1206,0,7708,745,0,18107,1800,0,13811,0,55.6,19.2
"2423802",4.06583629893238,4,1686,0,0,1059,0,0,2200,0,0,1686,0,13.4,19.2
"2425213",4.00522297142444,3,82733,156,14,67781,122,5,148907,246,10,82903,0,12.9,19.2
"2426005",5.11440501043841,3,2344,6,45,644,1,10,1287,3,19,2395,1.9,20.3,58.8
"2426010",5.44481830417227,4,1462,9,15,515,3,4,1224,7,8,1486,1,22,54.2
"2426015",43.5198300283286,39,609,448,355,402,259,198,890,552,413,1412,25.1,79.3,80.3
"2426022",9.13918439716312,5,2165,87,4,961,69,1,2435,186,2,2256,0.2,36.9,43.7
"2426030",16.6427463149728,10,6663,884,187,5071,480,80,11990,983,161,7734,2.4,55.4,60.3
"2426035",5.82463928967814,4,1784,5,13,526,1,3,1164,3,8,1802,0.7,24,51.7
"2426040",4.72163742690058,4,1710,0,0,563,0,0,1440,0,0,1710,0,17.9,19.2
"2426048",6.49591503267974,6,2425,19,4,1091,7,2,2537,15,4,2448,0.2,26.7,43.7
"2426055",5.45961355717453,5,3108,49,0,1023,18,0,2499,26,0,3157,0,22.1,19.2
"2426063",3.65191040843215,3,3787,8,0,1403,3,0,3280,6,0,3795,0,10,19.2
"2426070",3.50561286407767,3,6585,7,0,2749,3,0,6811,6,0,6592,0,9,19.2
"2427008",9.48707037643208,4,2879,93,83,1134,27,37,2218,61,34,3055,2.7,38.4,61.4
"2427015",5.47164948453608,4,767,8,1,240,1,0,516,3,0,776,0.1,22.2,40.3
"2427028",25.3388329979879,15,3519,879,572,1781,626,464,3945,1310,926,4970,11.5,66.9,73.8
"2427035",3.14458525345622,3,1732,3,1,603,1,0,1405,2,0,1736,0.1,6.3,40.3
"2427043",18.3290055248619,11,3023,462,135,1869,247,103,4157,597,261,3620,3.7,58.4,63.8
"2427050",37.0925666199158,36,344,245,124,72,53,29,176,132,69,713,17.4,76,76.7
"2427055",4.26009852216749,3,1007,8,0,214,1,0,545,2,0,1015,0,15.1,19.2
"2427060",3.95341365461847,3,1242,0,3,683,0,2,1517,0,4,1245,0.2,12.4,43.7
"2427065",7.83621933621934,5,1328,55,3,430,12,1,1027,36,2,1386,0.2,32.3,43.7
"2427070",5.01195219123506,3,740,1,12,187,0,4,294,0,5,753,1.6,19.9,57.5
"2428005",4.77925877763329,3,3023,14,39,815,3,7,1664,5,14,3080,1.3,18.3,56.1
"2428015",5.20591787439614,3,1607,9,40,489,3,15,831,4,20,1658,2.4,21.1,60.3
"2428020",4.22181093394077,3,3498,4,10,1641,1,3,3588,2,7,3512,0.3,14.7,46.2
"2428025",3.24580152671756,3,1303,3,4,491,1,1,1085,2,3,1310,0.3,7,46.2
"2428030",2.96649916247906,2,1190,4,0,398,1,0,738,2,0,1194,0,4.9,19.2
"2428035",2.37132784958872,2,850,1,0,221,0,0,389,1,0,852,0,0.8,19.2
"2428040",2.73710691823899,2,793,2,0,290,0,0,474,0,0,795,0,3,19.2
"2428045",2.9109131403118,3,1796,0,0,843,0,0,1823,0,0,1796,0,4.6,19.2
"2428053",3.46464909992173,3,3823,10,0,2068,6,0,4020,8,0,3833,0,8.6,19.2
"2428060",2.68675721561969,2,1178,0,0,325,0,0,449,0,0,1178,0,2.7,19.2
"2428065",2.81174698795181,3,663,1,0,237,0,0,343,0,0,664,0,3.9,19.2
"2428070",2.86371681415929,3,1130,0,0,458,0,0,736,0,0,1131,0,4.2,19.2
"2428075",2.88620071684588,3,1116,0,0,471,0,0,712,0,0,1116,0,4.3,19.2
"2429005",4.823125,3,1574,11,15,352,1,1,698,2,2,1600,0.9,18.5,53.4
"2429013",4.28699763593381,4,2108,7,0,954,2,0,2090,3,0,2115,0,15.3,19.2
"2429020",2.66666666666667,2,347,1,0,56,0,0,96,0,0,348,0,2.5,19.2
"2429025",4.13989637305699,3,948,6,11,300,4,7,506,2,3,965,1.1,14,55.1
"2429030",3.12445730824891,3,1381,0,1,860,0,0,1805,0,0,1382,0.1,6,40.3
"2429038",3.41645021645022,3,2309,0,1,678,0,0,1555,0,0,2310,0,8,19.2
"2429045",11.8620550161812,6,2252,204,16,1125,95,5,2388,191,9,2472,0.6,46,50.6
"2429050",4.44710211591536,3,1081,0,6,369,0,2,936,0,5,1087,0.6,16.5,50.6
"2429057",13.2634320175439,6,3251,325,72,1340,161,35,2903,320,55,3648,2,49.8,59.2
"2429065",3.99490445859873,3,784,0,1,160,0,0,378,0,1,785,0.1,12.7,40.3
"2429073",18.6991427247451,13,14675,2004,585,13183,2041,505,27760,3914,928,17264,3.4,59,63.2
"2429095",23.7744680851064,10,195,0,40,125,0,29,141,0,30,235,17,65.2,76.6
"2429100",7.14659468438538,5,2354,1,53,802,0,17,1597,1,20,2408,2.2,29.5,59.7
"2429112",5.80434782608696,4,2368,24,0,1049,5,0,2313,10,0,2392,0,23.8,19.2
"2429120",44.0032441200324,44,444,529,260,309,323,131,698,769,344,1233,21.1,79.7,78.5
"2429125",11.3217753120666,6,647,65,9,204,23,4,506,58,10,721,1.2,44.5,55.7
"2430005",3.43765586034913,3,801,1,0,353,0,0,665,1,0,804,0,8.2,19.2
"2430010",2.60668693009119,3,1645,0,0,817,0,0,1028,0,0,1645,0,2.1,19.2
"2430015",2.32835820895522,2,335,0,0,132,0,0,183,0,0,335,0,0.7,19.2
"2430020",4.85553470919325,3,520,13,0,307,8,0,388,10,0,533,0,18.7,19.2
"2430025",2.93963553530752,2,1750,6,0,919,3,0,1806,5,0,1756,0,4.7,19.2
"2430030",2.56325418450759,2,2568,1,0,3129,1,0,5726,1,0,2569,0,2,19.2
"2430035",3.2072864321608,2,793,3,0,417,2,0,774,3,0,796,0,6.7,19.2
"2430040",2.30081300813008,2,492,0,0,212,0,0,318,0,0,492,0,0.5,19.2
"2430045",2.31007751937985,2,1290,0,0,668,0,0,1388,0,0,1290,0,0.5,19.2
"2430050",2.6809756097561,2,1020,5,0,488,3,0,849,4,0,1025,0,2.7,19.2
"2430055",2.89717223650386,3,778,0,0,317,0,0,708,0,0,778,0,4.4,19.2
"2430070",3.06811145510836,3,644,2,0,236,1,0,527,1,0,647,0,5.6,19.2
"2430072",3.71303587051619,3,1131,11,1,502,5,0,1064,10,0,1143,0.1,10.5,40.3
"2430080",3.44495412844037,3,1087,3,0,598,2,0,1065,2,0,1090,0,8.4,19.2
"2430085",2.40486409155937,2,699,0,0,329,0,0,674,0,0,699,0,0.9,19.2
"2430090",2.3986856516977,2,913,0,0,429,0,0,814,0,0,913,0,0.9,19.2
"2430095",3.09660574412533,2,1902,13,0,1134,9,0,1622,8,0,1915,0,5.8,19.2
"2430100",2.71049596309112,2,863,4,0,423,2,0,708,3,0,867,0,2.9,19.2
"2430105",2.2875,2,640,0,0,272,0,0,535,0,0,640,0,0.4,19.2
"2430110",4.11195928753181,3,1564,8,0,941,5,0,1032,4,0,1572,0,13.9,19.2
"2431008",5.11265738899934,3,1504,5,0,809,3,0,929,2,0,1509,0,20.2,19.2
"2431015",3.77114427860697,3,1407,0,0,1309,0,0,2360,0,0,1407,0,10.9,19.2
"2431020",4.42396027312228,3,1604,7,0,749,4,0,1159,4,0,1611,0,16.3,19.2
"2431025",4.00546448087432,3,356,8,2,129,4,1,184,2,0,366,0.5,13,49.6
"2431030",2.32203389830508,2,472,0,0,164,0,0,255,0,0,472,0,0.6,19.2
"2431035",2.40629921259843,2,635,0,0,203,0,0,378,0,0,635,0,1,19.2
"2431040",2.47572815533981,2,1236,0,0,435,0,0,897,0,0,1236,0,1.2,19.2
"2431045",6.25370762711864,4,1833,53,2,1091,32,1,1788,31,1,1888,0.1,25.5,40.3
"2431050",5.88522238163558,3,670,25,2,271,12,1,334,11,1,697,0.3,24.2,46.2
"2431056",4.88827838827839,3,4214,143,11,1670,89,6,2801,95,7,4368,0.3,18.9,46.2
"2431060",3.39057239057239,3,886,4,1,259,1,0,566,3,1,891,0.1,7.8,40.3
"2431084",2.74508556523952,3,15699,20,0,13011,8,0,25987,10,0,15719,0,3.1,19.2
"2431095",2.21827411167513,2,591,0,0,208,0,0,395,0,0,591,0,0.3,19.2
"2431100",2.61264181523501,2,617,0,0,171,0,0,351,0,0,617,0,2.2,19.2
"2431105",2.48270893371758,2,694,0,0,194,0,0,397,0,0,694,0,1.2,19.2
"2431122",2.83038637851997,3,1526,1,0,1058,0,0,2247,1,0,1527,0,4,19.2
"2431130",2.5553925165077,2,1363,0,0,277,0,0,536,0,0,1363,0,1.8,19.2
"2431135",2.81123139377537,3,1476,2,0,453,0,0,889,0,0,1478,0,3.9,19.2
"2431140",3.40957446808511,3,939,1,0,357,0,0,710,1,0,940,0,8,19.2
"2432013",4.94085106382979,4,2303,47,0,1231,46,0,1951,51,0,2350,0,19.1,19.2
"2432023",3.30550098231827,3,1016,2,0,258,0,0,594,1,0,1018,0,7.4,19.2
"2432033",4.27296650717703,3,4150,18,12,2892,7,5,6198,12,8,4180,0.3,15.2,46.2
"2432040",3.12665985699694,3,2937,0,0,3456,0,0,6414,0,0,2937,0,6.1,19.2
"2432045",3.29968701095462,3,2552,4,0,1088,2,0,2645,5,0,2556,0,7.3,19.2
"2432050",3.80605487228004,3,1046,11,0,313,5,0,553,7,0,1057,0,11.4,19.2
"2432058",3.17591564927858,3,1802,0,0,555,0,0,900,0,0,1802,0,6.4,19.2
"2432065",4.641642228739,4,1702,2,1,775,1,1,1585,1,1,1705,0.1,17.4,40.3
"2432072",4.12321660181582,3,1534,0,8,603,0,2,1309,0,4,1542,0.5,14,49.6
"2432080",6.52683461117196,5,901,3,9,356,1,4,776,2,8,913,1,27,54.2
"2432085",5.89244851258581,5,435,2,0,234,1,0,486,2,0,437,0,24.2,19.2
"2433007",3.06224489795918,3,1958,1,1,488,0,0,1019,0,0,1960,0.1,5.6,40.3
"2433017",3.67881548974943,3,1312,5,0,513,2,0,1045,4,0,1317,0,10.4,19.2
"2433025",3.93114754098361,3,1518,7,0,472,2,0,1104,5,0,1525,0,12.3,19.2
"2433030",3.2357669122572,3,1493,0,0,465,0,0,1152,0,0,1493,0,7,19.2
"2433035",3.76457960644007,3,2767,28,0,1254,10,0,2889,21,0,2795,0,10.9,19.2
"2433040",3.12992700729927,3,685,0,0,454,0,0,935,0,0,685,0,6.1,19.2
"2433045",3.09261116683383,3,2991,0,0,1967,0,0,4526,0,0,2991,0,5.8,19.2
"2433052",4.330220713073,4,1176,1,1,728,0,0,1604,0,0,1178,0.1,15.6,40.3
"2433060",5.20402010050251,5,995,0,0,1164,0,0,2570,0,0,995,0,21,19.2
"2433065",3.90716180371353,3,752,2,0,498,2,0,1075,4,0,754,0,12.2,19.2
"2433070",4.03299856527977,3,693,3,1,463,2,0,971,3,1,697,0.1,13.1,40.3
"2433080",75.8824141519251,92,151,83,727,64,38,455,151,93,997,961,75.7,93,92.7
"2433085",4.96396396396396,5,666,0,0,370,0,0,867,0,0,666,0,19.2,19.2
"2433090",4.03535773710483,4,4806,2,0,3300,5,0,7559,13,0,4808,0,13.2,19.2
"2433095",14.3116250760803,13,1554,89,0,799,51,0,1588,89,0,1643,0,51.6,19.2
"2433102",56.3976455199477,66,345,470,714,134,463,690,279,990,1261,1529,46.7,85,86.4
"2433115",86,86,0,0,792,0,0,559,0,0,850,792,100,96.9,98.9
"2433123",90.8792079207921,95,10,9,486,3,3,264,5,7,479,505,96.2,98.6,96.4
"2434007",20.3393231506439,23,2792,542,5,1553,410,4,3543,924,8,3339,0.1,61.3,40.3
"2434017",4.73545885394227,4,6914,36,13,4322,15,5,10075,31,10,6963,0.2,18,43.7
"2434025",41.4702228717574,42,324,2407,6,152,3100,2,495,6608,3,2737,0.2,78.2,43.7
"2434030",56.0930132876125,53,102,1653,578,31,1261,286,68,2782,729,2333,24.8,84.9,80.1
"2434038",45.037531577048,52,1216,450,1105,404,302,620,823,583,1303,2771,39.9,80.2,84.9
"2434048",65.5386107877377,72,256,971,1350,65,674,956,141,1346,1837,2577,52.4,88.9,87.9
"2434058",74.5437725631769,85,13,879,1324,0,363,805,1,687,1547,2216,59.7,92.4,89.1
"2434060",27.509756097561,24,262,142,6,73,49,0,159,124,0,410,1.5,69,56.9
"2434065",44.0271299381247,43,5,2096,0,4,1389,0,9,2892,0,2101,0,79.7,19.2
"2434078",60.0411328388402,50,4,938,541,1,548,206,2,1049,398,1483,36.5,86.5,84
"2434085",64.8418451400329,72,74,111,422,19,31,108,36,56,207,607,69.5,88.6,91.6
"2434090",20.4117132867133,16,1979,229,80,914,96,44,1252,170,34,2288,3.5,61.4,63.4
"2434097",37.7034632034632,36,831,740,277,321,354,100,458,600,134,1848,15,76.5,75.5
"2434105",6.43384615384615,4,1270,24,6,474,8,2,605,10,3,1300,0.5,26.4,49.6
"2434115",4.09669046073978,3,1517,24,0,646,10,0,1129,11,0,1541,0,13.8,19.2
"2434120",5.54331864904552,3,653,28,0,411,21,0,523,18,0,681,0,22.7,19.2
"2434128",4.19611685073032,3,11067,161,0,5670,76,0,11004,94,0,11228,0,14.6,19.2
"2434135",8.98757763975155,4,1461,144,5,548,59,2,572,52,1,1610,0.3,36.3,46.2
"2434902",5.35703245749614,2,624,23,0,6,0,0,0,0,0,647,0,21.7,19.2
"2434904",5.55703703703704,3,645,30,0,48,0,0,10,0,0,675,0,22.8,19.2
"2434906",13.7575757575758,4,79,19,1,0,0,0,0,0,0,99,1,50.5,54.2
"2435005",14.9764982373678,10,1617,5,80,695,2,34,783,2,30,1702,4.7,52.7,66.2
"2435010",14.8513793103448,9,2718,29,153,1086,8,58,1314,10,51,2900,5.3,52.4,67.4
"2435015",25.3632958801498,21,972,339,24,379,164,14,684,223,15,1335,1.8,66.9,58.4
"2435020",23.063752276867,21,943,150,5,345,49,2,706,101,5,1098,0.5,64.8,49.6
"2435027",24.2771184101573,21,2880,665,78,1854,363,43,3034,587,41,3623,2.2,66,59.7
"2435035",19.9416058394161,19,1320,181,6,590,93,2,1196,167,4,1507,0.4,60.8,48.2
"2435040",30.4539682539683,23,405,181,44,175,130,19,264,200,29,630,7,71.3,69.7
"2435045",25.929465301479,21,663,170,46,227,55,13,250,41,13,879,5.2,67.4,67.2
"2435050",17.6835483870968,13,2877,80,143,1342,24,55,2319,32,65,3100,4.6,57.1,65.8
"2435055",23.4786967418546,12,1252,188,156,426,61,56,403,65,44,1596,9.8,65,72.6
"2435902",11.6553398058252,6,186,9,11,0,0,0,0,0,0,206,5.3,45.4,67.4
"2435904",14.1878453038674,5,614,76,34,96,12,5,25,3,1,724,4.7,51.5,66.2
"2435906",9.04716981132075,3,395,16,13,208,8,7,38,2,1,424,3.1,36.7,62.5
"2435908",5.25,5,8,0,0,6,0,0,0,0,0,8,0,21.3,19.2
"2436033",29.5414717141642,25,16993,5229,1288,19827,5646,1929,36098,10134,3134,23510,5.5,70.7,67.7
"2437067",52.1613366941042,51,19985,10515,20282,26358,18492,25549,56338,34450,48350,50782,39.9,83.5,84.9
"2437205",91.6264478764479,93,29,4,2039,0,0,1109,0,0,2031,2072,98.4,98.7,97
"2437210",95.231914893617,96,0,1,939,0,0,544,0,1,957,940,99.9,99.8,97.7
"2437215",84.8305722891566,94,7,224,1097,3,90,478,6,156,867,1328,82.6,96.4,93.9
"2437220",95.1859695565851,96,0,0,1511,0,0,957,0,0,1807,1511,100,99.8,98.9
"2437225",78.6581426648721,84,0,114,629,0,32,231,0,66,453,743,84.7,94.2,94.3
"2437230",84.2660427807487,91,99,308,2585,33,126,1250,66,261,3105,2992,86.4,96.2,94.7
"2437235",31.7533814247069,28,2743,1566,127,1697,918,63,3943,2033,145,4436,2.9,72.5,61.9
"2437240",21.0360690015682,20,1728,181,4,860,55,1,1692,106,3,1913,0.2,62.2,43.7
"2437245",37.4623878536922,36,603,790,56,219,332,27,406,556,39,1449,3.9,76.2,64.3
"2437250",80.3853317811409,95,127,36,696,18,6,239,31,11,440,859,81,94.7,93.3
"2438005",42.7231897341888,39,428,484,179,150,167,50,319,360,107,1091,16.4,78.9,76.2
"2438010",82.4924119789559,89,202,1172,8510,90,825,5432,188,1841,11532,9884,86.1,95.6,94.6
"2438015",64.387610619469,73,85,139,341,37,64,189,65,103,275,565,60.4,88.4,89.3
"2438020",57.3304843304843,70,108,57,186,37,21,74,83,48,161,351,53,85.7,88
"2438028",57.5917159763314,71,186,106,384,84,68,269,159,129,519,676,56.8,85.8,88.6
"2438035",66.419921875,66,29,229,254,15,105,118,27,206,234,512,49.6,89.2,87.1
"2438040",82.3722222222222,92,45,82,593,24,44,348,39,76,589,720,82.4,95.5,93.8
"2438047",94.440414507772,95,0,0,579,0,0,301,0,0,660,579,100,99.6,98.9
"2438055",94.4071146245059,95,0,0,506,0,0,198,0,0,396,506,100,99.5,98.9
"2438060",94.7604790419162,95,0,0,334,0,0,163,0,0,349,334,100,99.7,98.9
"2438065",95.1917475728155,95,0,0,824,0,0,627,0,0,1183,824,100,99.8,98.9
"2438070",94.3479415670651,94,0,0,753,0,0,538,0,0,906,753,100,99.5,98.9
"2438802",93.0441176470588,93,0,0,136,0,0,106,0,0,194,136,100,99.1,98.9
"2439005",4.73940345368917,3,618,18,1,260,9,0,271,5,0,637,0.2,18.1,43.7
"2439010",2.71551724137931,3,1044,0,0,446,0,0,857,0,0,1044,0,2.9,19.2
"2439015",2.96558704453441,3,494,0,0,233,0,0,414,0,0,494,0,4.9,19.2
"2439020",3.7958687727825,3,821,2,0,269,0,0,445,1,0,823,0,11.2,19.2
"2439025",5.97872340425532,4,1950,15,9,739,6,6,1438,12,6,1974,0.5,24.7,49.6
"2439030",2.97202797202797,3,1144,0,0,422,0,0,877,0,0,1144,0,5,19.2
"2439035",2.60698689956332,2,685,2,0,203,1,0,383,1,0,687,0,2.1,19.2
"2439043",3.0833855799373,3,1592,2,1,508,1,0,1245,2,1,1595,0.1,5.7,40.3
"2439060",3.82061688311688,3,2461,0,3,1220,0,2,3107,0,4,2464,0.1,11.5,40.3
"2439062",6.56045112781955,4,19241,660,49,22666,351,38,46708,883,86,19950,0.2,27,43.7
"2439077",8.21236938717876,5,3457,81,3,2108,28,1,4659,68,2,3541,0.1,33.8,40.3
"2439085",24.2675356921167,21,1220,379,12,520,167,5,1230,399,11,1611,0.7,66,51.7
"2439090",9.61830742659758,7,562,17,0,148,3,0,373,10,0,579,0,39,19.2
"2439097",13.5006443298969,11,1513,30,9,814,13,4,1933,28,10,1552,0.6,50.2,50.6
"2439105",24.8246110325318,23,560,144,3,181,42,1,354,85,2,707,0.4,66.3,48.2
"2439117",44.8139963167587,46,663,1221,288,229,477,114,446,905,212,2172,13.3,80,74.6
"2439130",37.9941927990708,33,431,349,81,189,148,32,413,296,56,861,9.4,76.6,72.2
"2439135",29.2425644415069,27,1006,497,10,350,175,5,786,392,10,1513,0.7,70.4,51.7
"2439145",17.4193548387097,15,1193,168,3,341,53,1,806,124,2,1364,0.2,56.8,43.7
"2439152",34.3820439350525,32,1086,909,99,675,425,44,1376,871,92,2094,4.7,74.2,66.2
"2439165",28.3543599257885,26,358,180,1,149,78,1,279,149,1,539,0.2,69.5,43.7
"2439170",14.4738023952096,13,1257,68,11,556,18,5,1027,40,8,1336,0.8,51.8,52.7
"2440005",2.542,2,499,1,0,146,0,0,214,0,0,500,0,1.6,19.2
"2440010",2.51170046801872,2,641,0,0,262,0,0,522,0,0,641,0,1.5,19.2
"2440017",3.3508875739645,3,1687,3,0,676,1,0,1394,3,0,1690,0,7.5,19.2
"2440025",2.56055900621118,2,644,0,0,245,0,0,551,0,0,644,0,1.9,19.2
"2440032",3.80229479258605,3,1125,0,8,456,0,4,952,0,6,1133,0.7,11.3,51.7
"2440043",4.5594425483504,4,3486,6,24,3674,3,14,7062,4,23,3516,0.7,17.1,51.7
"2440047",9.98473502304148,8,3375,90,7,1809,64,3,3757,120,6,3472,0.2,40.3,43.7
"2441012",2.30546623794212,2,933,0,0,353,0,0,673,0,0,933,0,0.5,19.2
"2441020",2.83041958041958,3,571,1,0,231,0,0,318,1,0,572,0,4,19.2
"2441027",2.96051227321238,3,935,2,0,424,1,0,804,1,0,937,0,4.8,19.2
"2441037",2.63694267515924,2,1097,2,0,400,1,0,697,1,0,1099,0,2.3,19.2
"2441038",3.57175141242938,3,4407,18,0,2276,7,0,5328,16,0,4425,0,9.6,19.2
"2441055",7.89476213358962,6,2064,8,9,1351,6,7,3339,14,15,2081,0.4,32.5,48.2
"2441060",4.67699115044248,5,1805,3,0,1716,2,0,3834,6,0,1808,0,17.7,19.2
"2441065",4.17806841046278,4,989,5,0,437,2,0,1086,6,0,994,0,14.5,19.2
"2441070",3.23661016949153,3,1466,9,0,603,4,0,1246,6,0,1475,0,7,19.2
"2441075",2.77011494252874,2,346,2,0,113,1,0,192,1,0,348,0,3.5,19.2
"2441080",3.00900900900901,3,443,1,0,271,1,0,458,1,0,444,0,5.4,19.2
"2441085",2.43152454780362,2,774,0,0,334,0,0,456,0,0,774,0,1,19.2
"2441098",4.15583482944345,3,2782,3,0,1630,1,0,2665,2,0,2785,0,14.3,19.2
"2441117",4.83252190847128,3,2019,35,0,1040,22,0,1728,27,0,2054,0,18.6,19.2
"2442005",12.148596112311,9,2209,101,5,1221,55,3,2877,126,7,2315,0.2,47.1,43.7
"2442020",17.8671116504854,12,1407,205,36,899,137,22,2109,312,49,1648,2.2,57.6,59.7
"2442025",7.15927072583419,4,2838,23,46,2037,15,35,4495,33,51,2907,1.6,29.6,57.5
"2442032",5.12932330827068,2,1274,42,14,676,22,7,1294,34,11,1330,1.1,20.5,55.1
"2442040",2.56187766714083,2,700,3,0,324,1,0,648,2,0,703,0,1.9,19.2
"2442045",3.39186295503212,3,466,1,0,294,1,0,617,1,0,467,0,7.9,19.2
"2442050",2.72158154859967,2,605,2,0,276,1,0,623,2,0,607,0,3,19.2
"2442055",3.89431818181818,4,878,2,0,1121,2,0,2134,5,0,880,0,12,19.2
"2442060",3.20178041543027,3,1009,2,0,487,1,0,1022,2,0,1011,0,6.7,19.2
"2442065",5.77054794520548,5,582,1,1,203,0,0,455,1,1,584,0.2,23.8,43.7
"2442070",12.46875,11,96,0,0,75,0,0,142,0,0,96,0,47.9,19.2
"2442075",10.8851132686084,8,1194,38,4,470,20,2,1035,51,5,1236,0.3,43.4,46.2
"2442078",15.3814041745731,11,476,44,7,194,16,3,392,31,5,527,1.3,53.3,56.1
"2442088",13.7248441674087,9,2054,124,68,2275,107,56,4906,246,122,2246,3,50.4,62.2
"2442095",14.790601243953,11,1365,76,6,683,37,3,1584,81,6,1447,0.4,52.3,48.2
"2442098",17.1248256624826,13,1289,139,6,1549,162,8,2942,298,14,1434,0.4,56.3,48.2
"2442100",13.4793046357616,8,1105,85,18,506,65,14,1024,96,20,1208,1.5,50.1,56.9
"2442110",11.8804990151018,8,1467,41,15,672,17,7,1519,48,15,1523,1,46.1,54.2
"2443027",9.83304462912863,8,49987,1204,188,83736,1878,202,168277,3813,381,51379,0.4,39.9,48.2
"2444003",2.86315789473684,3,663,2,0,262,1,0,511,2,0,669,0,4.2,19.2
"2444005",2.6271186440678,2,177,0,0,61,0,0,69,0,0,178,0,2.3,19.2
"2444010",5.06748466257669,4,326,0,0,157,0,0,280,0,0,329,0,20.2,19.2
"2444015",2.94792773645058,2,932,9,0,535,7,0,683,6,0,944,0,4.8,19.2
"2444023",2.54328358208955,2,668,2,0,302,1,0,730,2,0,670,0,1.7,19.2
"2444037",3.13893312101911,3,4987,37,0,4256,25,0,8831,36,0,5025,0,6.2,19.2
"2444045",2.43989071038251,2,730,2,0,258,1,0,545,1,0,732,0,1.1,19.2
"2444050",2.665544332211,2,888,3,0,312,1,0,640,2,0,891,0,2.4,19.2
"2444055",2.32300163132137,2,612,1,0,208,0,0,545,1,0,613,0,0.6,19.2
"2444060",2.72139303482587,3,402,0,0,191,0,0,441,0,0,402,0,3,19.2
"2444071",3.0082304526749,3,2664,9,0,1373,5,0,3254,11,0,2673,0,5.3,19.2
"2444080",4.06929248723559,4,1367,1,3,947,1,2,2300,2,4,1371,0.2,13.5,43.7
"2445008",2.70859337493999,3,2079,4,0,1353,3,0,2765,6,0,2126,0,2.8,19.2
"2445020",3.81358189081225,2,1474,11,17,547,5,8,749,5,6,1505,1.1,11.5,55.1
"2445025",5.48326359832636,3,2312,16,62,920,8,29,1119,7,22,2390,2.6,22.4,61
"2445030",5.92607003891051,3,3978,20,114,1875,11,77,1964,7,40,4116,2.8,24.5,61.7
"2445035",9.81225296442688,4,945,23,44,596,16,30,1118,23,39,1012,4.3,39.7,65.2
"2445043",7.03916866506795,3,1204,7,40,453,3,16,748,4,20,1251,3.2,29,62.8
"2445050",12.6968325791855,7,636,0,27,440,0,10,667,0,8,663,4.1,48.4,64.9
"2445055",4.08582923558337,3,2230,4,3,947,2,1,2214,4,2,2237,0.1,13.6,40.3
"2445060",14.065243902439,9,3052,164,64,1318,81,26,2557,131,38,3280,2,51.2,59.2
"2445072",10.03822157611,7,15981,368,160,14433,453,120,27475,676,151,16509,1,40.6,54.2
"2445080",13,4.5,45,0,5,11,0,2,41,0,2,50,10,49.2,72.8
"2445085",5.35262552702185,3,2548,26,35,1370,17,17,1711,16,16,2609,1.3,21.6,56.1
"2445093",3.63593974175036,2,2724,64,0,1510,36,0,2230,44,0,2788,0,9.9,19.2
"2445095",3.83773161145424,2,1747,22,12,837,10,7,1085,10,8,1781,0.7,11.7,51.7
"2445100",3.67666126418152,2,1203,30,1,558,12,1,798,13,0,1234,0.1,10.3,40.3
"2445105",2.33100558659218,2,1428,4,0,597,2,0,1138,4,0,1432,0,0.7,19.2
"2445115",4.67047075606277,3,4820,78,9,3048,43,6,4948,49,10,4907,0.2,17.6,43.7
"2446005",3.11603375527426,3,474,0,0,240,0,0,341,0,0,474,0,5.9,19.2
"2446010",4.80987324883256,3,1493,2,4,618,1,1,1114,1,2,1499,0.3,18.5,46.2
"2446017",28.8160994764398,15,1046,235,247,411,114,157,790,195,243,1529,16.2,69.9,76.1
"2446025",36.5127860026918,29,428,207,108,129,76,44,292,141,70,743,14.5,75.6,75.1
"2446030",18.6902887139108,15,359,5,17,124,1,4,277,3,10,381,4.5,58.9,65.5
"2446035",12.8552108194113,10,1205,43,9,1273,40,10,2476,65,17,1257,0.7,48.8,51.7
"2446040",10.2313019390582,8,706,11,5,276,4,2,648,7,3,722,0.7,41.3,51.7
"2446045",6.94913530010173,6,981,0,2,393,0,1,832,0,2,983,0.2,28.7,43.7
"2446050",4.18390804597701,3,3362,17,14,1738,11,9,3578,12,9,3393,0.4,14.5,48.2
"2446058",2.60999364810502,2,4710,13,0,3753,7,0,4528,10,0,4723,0,2.2,19.2
"2446065",2.41255144032922,2,968,4,0,520,2,0,729,3,0,972,0,1,19.2
"2446070",2.33557046979866,2,298,0,0,168,0,0,341,0,0,298,0,0.8,19.2
"2446075",3.19907763259032,2,5129,63,12,3620,51,10,5855,59,8,5204,0.2,6.6,43.7
"2446078",4.25882590276377,3,4935,1,21,6219,1,21,11282,2,43,4957,0.4,15.1,48.2
"2446080",7.1896694214876,5,4786,37,17,7173,43,17,15078,89,35,4840,0.4,29.9,48.2
"2446085",4.91292875989446,4,379,0,0,271,0,0,612,0,0,379,0,18.9,19.2
"2446090",8.13397399660825,5,1712,40,17,995,21,12,2217,45,21,1769,1,33.5,54.2
"2446095",9.40727699530516,8,840,9,3,281,3,1,669,6,2,852,0.4,38,48.2
"2446100",17.3555555555556,15,694,21,5,282,9,3,663,22,6,720,0.7,56.7,51.7
"2446105",15.8102766798419,14,960,49,3,421,17,1,1060,40,4,1012,0.3,53.8,46.2
"2446112",22.8777881040892,16,3451,681,172,3718,720,200,8281,1373,362,4304,4,64.5,64.6
"2447010",9.45034177724166,6,2420,66,1,1270,18,1,3292,47,2,2487,0,38.1,19.2
"2447017",3.47012871367279,3,24663,27,16,32722,18,12,68923,44,27,24706,0.1,8.6,40.3
"2447025",2.90964777947933,2,1948,1,10,2382,1,13,4873,2,25,1959,0.5,4.5,49.6
"2447030",2.46520146520147,2,273,0,0,163,0,0,362,0,0,273,0,1.1,19.2
"2447035",2.67963608207511,2,5148,6,12,3086,3,6,7231,8,14,5166,0.2,2.6,43.7
"2447040",4.77022653721683,4,1542,2,1,608,1,0,1473,2,1,1545,0.1,18.2,40.3
"2447047",9.97752463054187,5,3039,177,32,1681,138,21,3928,259,37,3248,1,40.3,54.2
"2447055",19.3726161369193,6,1609,221,215,729,59,76,1898,134,163,2045,10.5,59.8,73.1
"2448005",6.05921052631579,5.5,454,0,2,154,0,1,348,0,2,456,0.4,25.2,48.2
"2448010",11.002567394095,8,763,10,6,627,9,5,1297,16,9,779,0.8,43.7,52.7
"2448015",9.24170616113744,7,1455,18,4,472,7,1,1091,16,3,1477,0.3,37.4,46.2
"2448020",10.6995169082126,8,1003,32,0,331,10,0,747,25,0,1035,0,42.6,19.2
"2448028",26.5308527848394,22,3210,940,177,2716,773,136,5673,1671,251,4327,4.1,67.9,64.9
"2448038",58.1031696706029,61,169,905,535,70,519,333,165,1162,719,1609,33.3,86,83
"2448045",27.6163084702908,22,1098,420,64,469,153,20,1143,374,47,1582,4,69.1,64.6
"2448050",44.0824295010846,44,222,633,67,86,261,27,205,614,61,922,7.3,79.8,70.1
"2449005",16.5876288659794,11,1649,141,53,658,53,26,1332,106,40,1843,2.9,55.3,61.9
"2449015",13.3221601489758,10,1007,67,0,423,32,0,980,71,0,1074,0,49.9,19.2
"2449020",14.2024202420242,11,841,65,3,357,29,1,847,75,3,909,0.3,51.6,46.2
"2449025",29.2036384976526,18,1110,394,200,377,127,53,871,326,148,1704,11.7,70.3,73.9
"2449030",35.3362714852358,33,1183,837,249,420,365,129,819,727,250,2269,11,74.8,73.4
"2449040",29.7404710920771,27,1484,720,131,624,390,59,1510,933,143,2335,5.6,70.8,68
"2449048",21.1497395833333,15,2474,484,114,1770,243,49,4212,602,108,3072,3.7,62.5,63.8
"2449058",25.1740616455382,22,26444,4755,985,32921,4521,468,68084,10042,1079,32184,3.1,66.8,62.5
"2449070",19.8969276511397,15,3355,630,51,1742,185,10,4437,455,28,4036,1.3,60.7,56.1
"2449075",61.6333333333333,61,3,489,378,3,418,309,7,997,704,870,43.4,87.1,85.6
"2449080",51.8735207100592,54,327,605,420,103,179,127,231,383,271,1352,31.1,83.4,82.1
"2449085",78.6495726495726,83,4,210,956,1,54,266,3,142,593,1170,81.7,94.2,93.5
"2449095",53.3551316984559,50,292,462,347,132,236,168,290,646,448,1101,31.5,83.9,82.2
"2449100",62.068340306834,60,131,257,329,60,115,149,157,284,362,717,45.9,87.2,86.1
"2449105",45.8279970215934,42,463,607,273,190,240,106,401,517,221,1343,20.3,80.7,78.1
"2449113",87.2893961708395,89,3,32,1323,1,10,689,2,24,1465,1358,97.4,97.4,96.6
"2449125",85.8744360902256,89.5,6,111,1213,2,38,417,5,94,967,1330,91.2,96.8,95.7
"2449130",89.7837837837838,93,1,15,687,0,4,201,1,10,436,703,97.7,98.2,96.7
"2450005",46.2544080604534,45,345,572,274,113,249,85,258,539,187,1191,23,80.9,79.3
"2450013",50.9892008639309,50,82,270,111,31,117,31,92,264,85,463,24,82.9,80
"2450023",78.5601423487545,82,11,187,1207,3,60,483,6,126,1015,1405,85.9,94.1,94.6
"2450030",77.6399217221135,82,0,95,416,0,77,326,0,168,724,511,81.4,93.7,93.4
"2450035",81.3199174406605,86,5,138,826,1,34,225,3,77,515,969,85.2,95.2,94.4
"2450042",72.4698113207547,75,14,723,1383,6,510,641,10,1039,1470,2120,65.2,91.6,90.6
"2450050",80.6809067131648,85,3,145,999,1,62,343,3,141,772,1147,87.1,94.8,94.8
"2450057",90.3175487465181,92,0,5,713,0,1,231,0,3,516,718,99.3,98.4,97.3
"2450065",88.1982456140351,89,0,3,567,0,1,213,0,2,486,570,99.5,97.8,97.5
"2450072",88.0134428678118,91,0,215,5141,0,178,3734,0,369,8241,5356,96,97.7,96.4
"2450085",90.7646048109966,93,0,4,578,0,1,144,0,2,283,582,99.3,98.5,97.3
"2450090",89.2199170124481,92,0,20,944,0,7,302,0,16,691,964,97.9,98,96.8
"2450095",94.2652582159624,95,0,0,426,0,0,110,0,0,251,426,100,99.4,98.9
"2450100",91.757443718228,93,0,0,1377,0,0,517,0,0,961,1377,100,98.9,98.9
"2450113",94.2042707493956,95,0,0,2482,0,0,1196,0,0,2104,2482,100,99.3,98.9
"2450128",94.3931799506984,95,0,0,2434,0,0,1065,0,0,1898,2434,100,99.5,98.9
"2450802",95.5868544600939,96,0,0,426,0,0,243,0,0,481,426,100,99.9,98.9
"2451008",91.6120726044745,93,0,24,2345,0,5,1137,0,9,2309,2369,99,98.7,97.2
"2451015",86.1054354944335,87,4,17,4560,1,7,3849,2,14,7324,4581,99.5,97,97.5
"2451020",86.7135714285714,88,12,45,2743,4,16,1253,8,33,2772,2800,98,97.2,96.8
"2451025",72.8163568773234,80,28,411,906,11,182,367,22,393,766,1345,67.4,91.8,91.3
"2451030",82.8333333333333,89,1,73,448,0,22,133,1,46,290,522,85.8,95.7,94.6
"2451035",76.5520059435364,86,131,138,1077,32,36,325,66,74,723,1346,80,93.1,93.2
"2451040",74.4331823329558,84,98,376,1292,40,142,540,70,257,1029,1766,73.2,92.4,92.1
"2451045",71.9556962025316,86,168,289,1123,42,83,386,74,163,724,1580,71.1,91.4,91.9
"2451050",53.0786948176584,56,375,224,443,144,90,168,272,183,343,1042,42.5,83.8,85.4
"2451055",63.1384462151394,72,194,209,601,61,70,217,110,126,395,1004,59.9,87.6,89.2
"2451060",76.1420289855073,84,80,327,1318,35,160,599,71,319,1151,1725,76.4,93,92.9
"2451065",39.8414880711686,37,2261,1782,903,906,836,391,1227,1257,514,4946,18.3,77.5,77.2
"2451070",21.4136186770428,15,2197,191,182,978,96,91,1242,143,97,2570,7.1,62.8,70
"2451075",44.3081674673988,38,1334,686,894,600,289,357,793,510,626,2914,30.7,79.8,82
"2451080",52.2291666666667,48,376,380,444,179,181,159,361,362,311,1200,37,83.5,84.2
"2451085",31.5150963040083,27,2558,1017,267,1486,600,119,3462,1416,278,3842,6.9,72.2,69.6
"2451090",21.5473940048609,13,2957,586,160,1631,238,66,3854,513,151,3703,4.3,63,65.2
"2452007",83.0418393262933,87,0,871,6610,0,740,5217,0,1765,12619,7481,88.4,95.8,95
"2452017",90.6323119777159,94,0,12,3578,0,7,2188,0,17,5107,3590,99.7,98.4,97.6
"2452030",81.8276283618582,86,13,167,1456,5,65,559,12,140,1238,1636,89,95.4,95.2
"2452035",87.8240917782027,88,0,21,2071,0,16,2209,0,31,4355,2092,99,97.6,97.2
"2452040",92.2165461121157,94,0,11,2201,0,5,972,0,12,2241,2212,99.5,99,97.5
"2452045",94.5946808510638,95,0,0,1880,0,0,997,0,0,2048,1880,100,99.6,98.9
"2452050",95.2886740331492,95,0,0,724,0,0,338,0,0,684,724,100,99.9,98.9
"2452055",80.8763505402161,90,183,202,2114,74,91,907,123,156,1807,2499,84.6,95,94.2
"2452062",77.7677446451071,85,134,290,1957,53,116,749,104,224,1493,2381,82.2,93.8,93.7
"2452070",68.2105263157895,77,142,324,826,52,118,317,107,250,703,1292,63.9,89.8,90.2
"2452075",61.0121212121212,68.5,65,94,171,22,32,58,49,72,133,330,51.8,86.8,87.6
"2452080",33.4857142857143,28,885,538,117,910,496,96,1675,961,167,1540,7.6,73.6,70.5
"2452085",50.6730886850153,54,824,1612,834,395,812,378,706,1332,646,3270,25.5,82.8,80.4
"2452090",59.5620496397118,64,156,554,539,61,228,231,91,299,293,1249,43.2,86.5,85.6
"2452095",52.8861945439515,57,914,1533,1182,501,737,619,848,915,600,3629,32.6,83.8,82.6
"2453005",85.1661918328585,87,0,20,1033,0,6,392,0,12,860,1053,98.1,96.5,96.9
"2453010",80.6236842105263,80,0,0,380,0,0,261,0,0,547,380,100,94.8,98.9
"2453015",85.5007824726135,87,0,9,630,0,3,181,0,5,400,639,98.6,96.7,97.1
"2453020",94.1556179775281,95,0,0,1780,0,0,802,0,0,1813,1780,100,99.3,98.9
"2453025",92.7007092198582,94,0,0,2115,0,0,1157,0,0,2457,2115,100,99,98.9
"2453032",85.5621546961326,87,0,24,1424,0,6,849,0,13,1705,1448,98.3,96.7,97
"2453040",82.3375499334221,84,0,82,1420,0,63,1100,0,149,2402,1502,94.5,95.5,96.2
"2453050",75.2760290556901,72,0,312,514,0,409,508,0,692,889,826,62.2,92.7,89.8
"2453052",83.0826198630137,84,0,1190,15162,0,1248,16499,0,2549,32611,16352,92.7,95.9,95.9
"2453065",94.3314727350794,95,0,0,2329,0,0,1350,0,0,2731,2329,100,99.4,98.9
"2453072",91.2940863079382,95,0,34,1843,0,15,917,0,28,1708,1877,98.2,98.6,96.9
"2453085",85.3240997229917,86,0,0,361,0,0,105,0,0,240,361,100,96.6,98.9
"2454008",29.9276315789474,23,2350,885,261,1757,593,160,4234,1268,340,3496,7.5,71,70.4
"2454017",25.7314316469322,19,1389,408,61,829,190,37,1924,444,79,1858,3.3,67.2,63.1
"2454025",16.8209099709584,15,1007,25,1,968,15,0,2233,35,0,1033,0.1,55.7,40.3
"2454030",24.6365122615804,18,1458,257,120,972,157,61,2339,391,145,1835,6.5,66.2,69.1
"2454035",37.4997421351212,24,1210,306,423,792,138,161,1912,323,398,1939,21.8,76.3,78.8
"2454048",30.9764512285082,24,12667,3334,1622,20857,5314,1923,42847,10485,3907,17623,9.2,71.7,72
"2454060",12.8801245459263,9,1810,100,17,1069,43,8,2621,102,18,1927,0.9,49.1,53.4
"2454065",32.2998981670061,24,1193,482,289,456,167,128,1110,396,262,1964,14.7,72.8,75.3
"2454072",21.1308823529412,13,1647,300,93,999,133,46,2617,316,103,2040,4.6,62.4,65.8
"2454090",43.1332179930796,44,364,689,103,158,343,48,398,859,129,1156,8.9,79.2,71.9
"2454095",36.804660726525,33,736,600,123,433,256,50,982,590,120,1459,8.4,75.8,71.3
"2454100",70.7278436845778,72,23,469,941,8,207,357,18,477,844,1433,65.7,90.8,90.7
"2454105",68.8439450686642,71,3,347,451,2,178,209,5,443,514,801,56.3,90,88.5
"2454110",85.1309823677582,87,0,49,1142,0,13,529,0,32,1294,1191,95.9,96.5,96.4
"2454115",91.9568245125348,93,0,0,718,0,0,275,0,0,616,718,100,98.9,98.9
"2454120",80.0466666666667,82,0,118,632,0,61,291,0,139,601,750,84.3,94.6,94.2
"2454125",74.0970873786408,76,0,157,461,0,59,166,0,148,359,618,74.6,92.2,92.4
"2455008",19.738038277512,16,2195,267,46,1002,121,20,2570,269,50,2508,1.8,60.5,58.4
"2455015",17.1756502073125,15,2387,258,8,1101,111,3,2625,253,8,2653,0.3,56.4,46.2
"2455023",22.4139506548888,18,2675,574,34,2299,322,20,5171,757,44,3283,1,63.9,54.2
"2455030",26.6280074028378,24,1233,353,35,579,157,10,1418,390,19,1621,2.2,68.2,59.7
"2455037",34.1132759401903,26,1184,856,167,525,542,82,1244,1264,188,2207,7.6,74.1,70.5
"2455048",14.9989550679206,12,4504,279,2,4591,185,1,10883,448,1,4785,0,52.8,19.2
"2455057",26.9995733788396,18,1701,405,238,1879,395,222,4338,935,453,2344,10.2,68.6,72.9
"2455065",43.8084693084693,38,1095,845,634,728,704,590,1635,1630,1280,2574,24.6,79.4,80.1
"2456005",74.2835365853659,84,130,422,1088,99,307,767,168,540,1191,1640,66.3,92.3,90.9
"2456010",62.6150656530753,68,347,364,736,140,164,428,274,288,592,1448,50.8,87.3,87.5
"2456015",71.7292517006803,83,247,171,1052,81,86,653,141,146,1126,1471,71.5,91.3,92
"2456023",43.9376546264226,33,1018,451,552,716,286,277,1575,605,527,2021,27.3,79.5,81.1
"2456030",19.9493006993007,14,507,35,30,160,9,9,370,22,22,572,5.2,60.9,67.2
"2456035",81.7755395683453,94,153,312,1620,73,185,854,165,382,1594,2085,77.7,95.3,93.1
"2456042",42.7459986082116,22,845,92,500,383,38,281,976,89,431,1437,34.8,78.9,83.5
"2456050",18.5543859649123,17,807,44,4,269,13,2,657,32,4,855,0.5,58.8,49.6
"2456055",10.4271844660194,9,1951,5,1,1026,2,0,2674,4,0,1957,0.1,41.9,40.3
"2456060",77.0845629965948,82,68,392,1302,25,196,711,55,509,1579,1762,73.9,93.3,92.3
"2456065",42.8890719384953,20,1114,43,664,429,23,453,1084,58,950,1821,36.5,79.2,84
"2456083",27.5593567882581,17,27061,6026,3977,33477,6755,3930,74233,14902,8540,37064,10.7,69.1,73.2
"2456097",35.256963515104,35,1263,1022,264,567,538,122,1438,1392,306,2549,10.4,74.8,73
"2456105",19.1064916119621,17,1265,106,0,514,63,0,1265,163,0,1371,0,59.4,19.2
"2457005",25.0387486278814,22,7793,1159,158,10505,1902,193,26314,4672,453,9110,1.7,66.6,57.9
"2457010",33.6972152950956,27,3081,1242,489,2834,1123,417,7827,2887,1021,4812,10.2,73.7,72.9
"2457020",20.4514834205934,17,5361,181,188,6231,262,142,16116,581,356,5730,3.3,61.4,63.1
"2457025",22.9732564237021,18,1712,107,88,2047,220,192,5099,466,366,1907,4.6,64.6,65.8
"2457030",42.7101222187402,42,1099,1615,477,1100,1735,546,2836,4282,1361,3191,14.9,78.9,75.4
"2457033",26.4461396208969,24,1688,371,104,1084,256,45,2547,537,94,2163,4.8,67.8,66.4
"2457035",48.1172971323978,46,1571,3757,1228,1736,4673,1509,4241,10931,3687,6556,18.7,81.8,77.4
"2457040",20.2655073968336,16,6962,470,274,9250,705,367,21868,1412,756,7706,3.6,61.2,63.6
"2457045",22.5520134228188,19,1520,267,1,1061,135,1,2627,324,2,1788,0.1,64.1,40.3
"2457050",49.9299634591961,43,575,534,533,290,310,307,748,788,704,1642,32.5,82.4,82.5
"2457057",60.4355704697987,63,187,615,688,85,360,349,198,810,726,1490,46.2,86.6,86.3
"2457068",76.1788617886179,84,37,459,1472,10,299,737,21,675,1644,1968,74.8,93.1,92.5
"2457075",70.6313993174061,78,81,402,982,27,174,550,60,403,1275,1465,67,90.8,91.2
"2458007",23.6151472357341,21,16914,2125,80,29131,7255,591,73430,15598,2109,19119,0.4,65.1,48.2
"2458012",53.1876543209877,52,330,3478,647,1902,6886,2157,3498,15037,4044,4455,14.5,83.9,75.1
"2458033",67.6539851367014,67,39,7285,7343,31,7942,9749,77,19640,22004,14667,50.1,89.6,87.3
"2458037",33.4836266429049,31,5197,3554,227,5524,4840,265,14651,11019,597,8978,2.5,73.5,60.7
"2458227",49.57560149102,47,7837,42233,8950,11859,84495,20295,27620,181901,44443,59020,15.2,82.4,75.8
"2459010",28.6754636233951,23,7832,1352,630,9192,2189,377,24101,5033,901,9814,6.4,69.7,68.9
"2459015",63.2001951219512,67,58,2383,2684,45,2454,2691,111,6373,6838,5125,52.4,87.7,87.9
"2459020",42.8631166285528,35,4309,2923,1951,4294,2635,1607,11200,6435,3552,9183,21.2,79.1,78.6
"2459025",58.1854223097759,58,539,2003,1519,310,1077,1066,796,2653,2310,4061,37.4,86,84.3
"2459030",44.9952305246423,41,100,471,58,35,175,11,79,406,24,629,9.2,80.1,72
"2459035",78.8688265507705,82,31,899,4132,7,705,3540,17,1721,7743,5062,81.6,94.3,93.5
"2460005",76.6016451233843,78,0,427,1275,0,536,2681,0,1144,5158,1702,74.9,93.2,92.5
"2460013",56.5180407688674,57,4054,16947,6520,4925,19607,10178,13618,50467,22015,27521,23.7,85.1,79.7
"2460020",86.7144515380151,90,0,44,1679,0,37,1480,0,94,3266,1723,97.4,97.3,96.6
"2460028",80.9453115691648,85,30,1017,7346,22,1254,8092,47,2872,20495,8393,87.5,95.1,94.9
"2460037",71.8144409937888,72,25,1363,2476,13,1443,2239,26,3452,5406,3864,64.1,91.3,90.3
"2461005",77.3142188414277,82,27,749,2642,20,625,2110,58,1665,4844,3418,77.3,93.4,93.1
"2461013",78.3367289190719,84,1,418,1348,1,481,1344,2,1110,3043,1767,76.3,94,92.8
"2461020",83.6228373702422,86,0,14,275,0,7,125,0,18,268,289,95.2,96,96.3
"2461025",56.2921418528355,52,665,3556,2180,1089,6749,3313,1960,12703,6721,6401,34.1,85,83.2
"2461027",84.5514433752776,86,4,53,2645,1,26,1490,2,57,3427,2702,97.9,96.3,96.8
"2461030",64.4556750298686,69,201,1797,2187,236,2057,2250,481,4181,4800,4185,52.3,88.4,87.8
"2461035",65.4164944191815,64,178,2436,2224,281,4010,2919,561,7908,6727,4838,46,88.8,86.2
"2461040",61.5452898550725,59,355,1147,1258,240,760,740,551,1810,1708,2760,45.6,87,86.1
"2461045",74.6261171797418,83,37,488,1489,20,321,1010,52,743,2346,2014,73.9,92.5,92.3
"2461050",30.596536477524,19,1896,317,501,1139,160,209,2479,331,430,2714,18.5,71.5,77.3
"2462007",42.0616991917997,29,2714,748,1611,1977,445,758,4460,958,1551,5073,31.8,78.5,82.3
"2462015",23.8997762863535,21,3664,668,138,2345,415,90,4136,595,107,4470,3.1,65.4,62.5
"2462020",21.0172872340426,19,2055,141,60,1169,92,36,1963,151,51,2256,2.7,62.1,61.4
"2462025",16.9156657296192,11,3542,161,210,2125,103,121,3042,138,158,3913,5.4,55.9,67.6
"2462030",29.5588624338624,25,1108,315,89,757,204,55,1321,375,95,1512,5.9,70.7,68.3
"2462037",16.1556206088993,10,7747,415,378,5641,277,188,10741,588,385,8540,4.4,54.4,65.4
"2462047",9.02273987798114,4,6840,144,228,4016,92,136,5048,94,133,7212,3.2,36.6,62.8
"2462053",6.38842544316997,3,1806,59,53,1060,32,29,996,27,26,1918,2.8,26.2,61.7
"2462055",9.71097372488408,5,1807,33,101,1119,20,64,1027,18,52,1941,5.2,39.4,67.2
"2462060",9.59729127378707,4,5387,71,375,4183,51,278,4309,43,204,5833,6.4,38.8,68.9
"2462065",6.82929047907823,4,3183,72,43,2290,44,28,2511,48,24,3298,1.3,28.1,56.1
"2462070",11.0393343419062,6,1897,62,24,1084,40,17,1657,67,16,1983,1.2,43.8,55.7
"2462075",45.2730220492866,46,1048,1372,664,613,862,416,743,1119,531,3084,21.5,80.4,78.7
"2462080",9.80075821398484,6,2221,98,55,1260,57,26,1248,50,19,2374,2.3,39.7,60
"2462085",9.59994129732903,6,3207,107,93,1878,51,38,2408,40,39,3407,2.7,38.9,61.4
"2462802",2.90384615384615,3,52,0,0,136,0,0,747,0,0,52,0,4.5,19.2
"2462902",9,9,1,0,0,0,0,0,0,0,0,1,0,36.5,19.2
"2462904",4.3030303030303,3,65,1,0,27,0,0,5,0,0,66,0,15.4,19.2
"2462906",9.79819277108434,3,591,61,12,16,1,0,9,1,0,664,1.8,39.7,58.4
"2462908",6.8160621761658,3,356,30,0,48,5,0,9,1,0,386,0,28,19.2
"2462910",4.35036496350365,3,135,2,0,0,0,0,0,0,0,137,0,15.9,19.2
"2462912",14.6018808777429,4,532,50,56,127,12,13,85,8,9,638,8.8,51.9,71.8
"2462914",21.7021276595745,6,36,2,9,1,0,0,0,0,0,47,19.1,63.2,77.5
"2462918",15.6179775280899,3,68,17,4,0,0,0,0,0,0,89,4.5,53.6,65.5
"2462919",40.5,40.5,1,0,1,0,0,0,0,0,0,2,50,77.7,87.2
"2462920",2.71428571428571,3,21,0,0,1,0,0,0,0,0,21,0,2.9,19.2
"2463005",85.4101694915254,90,1,82,802,1,44,497,1,101,1119,885,90.6,96.7,95.5
"2463013",77.4515653775322,83,5,577,2133,2,344,1593,4,777,3521,2715,78.6,93.6,93.2
"2463023",77.4029329608938,84,19,308,1105,7,119,455,14,276,1080,1432,77.2,93.6,93
"2463030",82.3500837520938,86,4,192,1595,1,79,852,3,174,1834,1791,89.1,95.5,95.2
"2463035",82.837311557789,86,1,343,2840,0,319,1899,1,796,4646,3184,89.2,95.7,95.2
"2463040",78.2583979328165,78,0,28,359,0,9,90,0,18,244,387,92.8,93.9,96
"2463048",68.9115429720221,77,1411,2545,7982,809,2241,6563,1930,5549,16546,11938,66.9,90,91.1
"2463055",11.0370048644892,6,5455,236,65,3588,156,44,6453,267,67,5756,1.1,43.8,55.1
"2463060",48.5935334872979,46,2843,2308,2643,1774,1443,1706,3852,3317,3993,7794,33.9,82.1,83.2
"2463065",79.9713574097136,86,9,277,1320,5,146,750,12,337,1716,1606,82.2,94.5,93.7
"2464008",69.0567148207598,69,928,17300,21021,884,19846,25275,2369,52109,65312,39249,53.6,90.1,88.1
"2464015",59.2637557251908,59,1706,8606,6063,2150,9491,8607,5829,25198,20048,16375,37,86.3,84.2
"2465005",39.7611313239953,32,62483,36290,20238,96137,53937,24247,238611,136380,59681,119011,17,77.3,76.6
"2466007",46.4313016528926,46,266,1548,122,270,1765,89,598,3618,179,1936,6.3,81,68.8
"2466023",34.2222898693403,31,136423,84404,10767,470346,378491,20089,975035,726933,43187,231594,4.6,74.1,65.8
"2466032",37.3037037037037,38,888,1541,1,1917,7500,3,4734,14904,10,2430,0,76.2,19.2
"2466047",28.7287607170694,28,1015,268,0,1622,409,0,4135,980,0,1283,0,69.8,19.2
"2466058",26.2180190586197,25,2904,559,0,11413,3121,0,26068,6710,0,3463,0,67.7,19.2
"2466062",27.2784887263863,27,1423,218,0,2186,436,0,5956,1081,0,1641,0,68.9,19.2
"2466072",19.6394775751602,18,3828,230,0,7262,923,0,19000,1936,0,4058,0,60.5,19.2
"2466087",43.767413504039,40,1619,4386,556,1880,6399,777,4437,13453,1407,6561,8.5,79.3,71.4
"2466092",78.1717171717172,78,0,15,84,0,11,68,0,4,26,99,84.8,93.9,94.3
"2466097",34.919168356998,33,5223,4152,485,6933,5953,931,17178,13190,1706,9860,4.9,74.4,66.6
"2466102",26.2683823529412,24,5600,1188,12,5429,1346,4,15799,3568,12,6800,0.2,67.7,43.7
"2466107",33.4343420322043,31,4582,2289,333,4659,2026,228,13040,5616,615,7204,4.6,73.4,65.8
"2466112",35.5413612565445,34,931,878,101,717,602,55,1990,1630,144,1910,5.3,75,67.4
"2466117",41.3828856964397,32,856,415,330,959,570,765,2512,1255,1249,1601,20.6,78.1,78.3
"2466127",61.4614264919942,62,104,280,303,61,171,144,161,455,330,687,44.1,86.9,85.7
"2466142",31.2439231684515,28,7635,4044,87,10775,6849,139,29524,18519,360,11766,0.7,72,51.7
"2467005",37.8149688149688,29,813,395,235,575,229,147,1315,630,394,1443,16.3,76.5,76.2
"2467010",27.8518975624807,24,2456,705,80,2282,606,31,5983,1537,78,3241,2.5,69.2,60.7
"2467015",21.2243580749263,19,6432,669,26,9501,1692,46,22696,3485,98,7127,0.4,62.6,48.2
"2467020",22.4614383338757,20,5536,565,45,7512,1356,51,19446,3061,416,6146,0.7,64,51.7
"2467025",25.2733471686926,22,2795,525,53,2768,722,69,6729,1470,124,3373,1.6,66.9,57.5
"2467030",20.5347201436696,17,6068,502,112,6493,487,34,16236,1036,70,6682,1.7,61.6,57.9
"2467035",31.5020644821225,29,7438,3876,69,6952,4485,66,18129,11662,163,11383,0.6,72.1,50.6
"2467040",28.6314847942755,24,1158,443,76,785,273,37,1949,714,106,1677,4.5,69.7,65.5
"2467045",28.4604343720491,23,3892,1263,140,4241,1108,123,11247,3048,331,5295,2.6,69.6,61
"2467050",26.5666009420528,24,14595,3433,230,16210,4013,155,40550,9806,371,18258,1.3,68.1,56.1
"2467055",51.5907840440165,54,399,575,480,299,389,344,730,906,754,1454,33,83.1,82.7
"2467802",35.6241276171486,33,2074,1814,124,0,0,0,0,0,0,4012,3.1,75,62.5
"2468005",10.7741935483871,9,2039,32,6,646,8,1,1486,19,3,2080,0.3,42.9,46.2
"2468010",9.16888888888889,8,447,3,0,400,3,0,824,5,0,450,0,36.9,19.2
"2468015",24.0816559058109,20,1921,687,25,667,224,7,1460,518,15,2635,0.9,65.8,53.4
"2468020",30.5098149186764,26,1161,538,84,612,191,25,1673,828,145,1783,4.7,71.4,66.2
"2468025",13.0349344978166,10,1991,65,5,786,17,1,1910,50,3,2061,0.2,49.3,43.7
"2468030",14.3627027027027,10,1719,112,19,1656,74,9,3799,196,25,1850,1,51.6,54.2
"2468035",15.0229578216765,10,1729,86,58,657,39,21,1606,83,47,1873,3.1,52.9,62.5
"2468040",31.8155515370705,23,1028,420,211,488,164,87,1167,396,203,1659,12.7,72.5,74.2
"2468045",16.0905172413793,11,1278,64,50,506,25,17,1266,57,37,1392,3.6,54.3,63.6
"2468050",17.2369528619529,12,2107,221,48,1184,87,25,3238,231,52,2376,2,56.6,59.2
"2468055",20.6953582694908,17,3872,500,66,3334,382,30,7845,926,74,4438,1.5,61.7,56.9
"2469005",24.900826446281,20,739,307,43,277,114,15,491,232,32,1091,3.9,66.4,64.3
"2469010",22.7371643900141,14,1538,518,67,653,127,20,1320,267,47,2123,3.2,64.4,62.8
"2469017",50.2870461236506,50,455,1104,479,225,724,236,494,1569,519,2038,23.5,82.7,79.6
"2469025",42.5555555555556,38,175,160,61,150,159,57,387,340,123,396,15.4,78.6,75.9
"2469030",52.84140969163,56,285,457,393,107,208,188,260,481,437,1135,34.6,83.7,83.4
"2469037",43.3696211842589,40,1065,1136,518,640,789,349,1448,1717,737,2719,19.1,79.2,77.5
"2469045",41.5354691075515,38,994,700,491,471,420,285,900,801,483,2189,22.4,78.3,79.1
"2469050",27.0133111480865,14,444,84,73,145,27,33,276,58,53,604,12.1,68.7,74.1
"2469055",36,28,688,271,170,788,293,192,1617,593,347,1129,15.1,75.3,75.7
"2469060",36.5081190798376,29,817,372,289,324,147,150,740,335,328,1478,19.6,75.5,77.8
"2469065",71.0549828178694,88,264,246,945,179,147,569,402,301,906,1455,64.9,90.9,90.4
"2469070",57.8218446601942,60,1334,881,1905,548,389,976,1150,583,1021,4120,46.2,85.8,86.3
"2469075",63.8825065274151,80,206,139,421,64,45,182,136,85,158,768,54.8,88,88.3
"2469802",62.607118871726,70,331,376,782,0,0,0,0,0,0,1504,52,87.3,87.7
"2470005",40.6203037569944,37,528,538,185,213,239,86,521,605,206,1251,14.8,77.8,75.4
"2470012",48.7880862718247,44,951,1228,742,989,955,526,2274,2175,1215,2921,25.4,82.2,80.4
"2470022",42.558499475341,37,3068,3534,1022,2760,2960,731,5911,6260,1468,7624,13.4,78.6,74.7
"2470030",43.9465240641711,42,287,525,123,140,225,66,352,577,170,935,13.2,79.5,74.5
"2470035",50.6963484945548,49,353,817,391,139,426,212,355,1071,524,1561,25,82.8,80.2
"2470040",63.3254437869822,66,364,759,1074,152,255,487,365,598,889,2197,48.9,87.8,86.9
"2470052",48.267584234516,41,7142,10082,5154,7073,9324,4554,14323,19191,9246,22378,23,82,79.3
"2471005",71.0977488151659,76,110,541,1037,80,369,620,222,950,1317,1688,61.4,91,89.5
"2471015",30.835690968444,28,573,321,25,240,104,9,504,228,22,919,2.7,71.7,61.4
"2471020",36.6067901234568,33,819,677,124,663,317,50,1545,719,108,1620,7.7,75.6,70.7
"2471025",74.1314172882843,80,282,994,3282,258,867,3022,699,2178,6704,4558,72,92.3,92.1
"2471033",57.2515592515593,58,590,818,997,603,905,944,1441,2067,2135,2405,41.5,85.5,85.3
"2471040",60.6946334089191,63,744,1429,1796,499,1219,1286,1332,2892,3198,3969,45.3,86.7,85.9
"2471045",31.415127528584,26,756,314,67,528,168,32,1238,388,74,1137,5.9,72,68.3
"2471050",46.5730385782401,39,1914,1657,1043,1232,962,614,3354,2443,1382,4614,22.6,81.1,79.2
"2471055",56.8206583427923,56,91,489,301,89,444,229,200,1075,500,881,34.2,85.2,83.2
"2471060",35.8960422163588,31,2079,1220,491,2469,1941,739,6200,4032,1406,3790,13,75.3,74.4
"2471065",39.917493568541,32,2862,1565,1015,2299,1177,680,6618,3165,1644,5442,18.7,77.6,77.4
"2471070",34.1006220270765,30,3431,1630,405,3514,1637,623,9478,4078,1170,5466,7.4,74,70.3
"2471075",54.8349944629014,50,96,557,250,106,537,186,251,1232,404,903,27.7,84.6,81.3
"2471083",63.3545699961435,68,1039,5143,6783,1219,6525,9475,3181,16378,23614,12965,52.3,87.8,87.8
"2471090",84.9427609427609,87,0,36,558,0,33,461,0,108,1253,594,93.9,96.4,96.1
"2471095",96.7272727272727,97,0,0,88,0,0,64,0,0,120,88,100,100,98.9
"2471100",72.3786023054755,77,225,699,1852,197,617,1625,457,1438,3501,2776,66.7,91.5,91
"2471105",22.6322690992018,17,6800,1678,292,6097,1527,205,17496,4234,558,8770,3.3,64.2,63.1
"2471110",33.2941176470588,33,727,638,29,228,210,10,513,480,21,1394,2.1,73.3,59.5
"2471115",19.4243663123467,13,986,234,3,382,60,1,809,137,1,1223,0.2,60,43.7
"2471125",23.8520859671302,15,564,206,21,308,74,5,777,188,13,791,2.7,65.3,61.4
"2471133",69.1285292878213,80,861,832,3053,545,514,2434,1406,1359,5080,4746,64.3,90.2,90.3
"2471140",89.5046296296296,94,1,24,407,1,15,265,3,36,544,432,94.2,98.1,96.1
"2472005",57.205501295595,56,1592,8481,4978,2122,12050,5221,4768,28210,12293,15051,33.1,85.5,82.8
"2472010",33.9777200148533,30,3234,1942,210,4081,2937,441,9926,7036,938,5386,3.9,74,64.3
"2472015",62.9857436801881,66,775,2731,3298,791,3164,3668,1991,8137,9596,6804,48.5,87.5,86.8
"2472020",84.6157219973009,86,0,93,2871,0,87,2586,0,220,6061,2964,96.9,96.3,96.5
"2472025",58.5062330623306,70,1051,606,2033,486,375,1958,1166,946,4919,3690,55.1,86.1,88.4
"2472032",52.0996031746032,53,988,478,1054,517,336,829,1337,843,1788,2520,41.8,83.4,85.4
"2472043",87.394204851752,95,19,121,1344,7,42,825,20,113,1646,1484,90.6,97.5,95.5
"2472802",53.4679738562091,56,310,110,345,0,0,0,0,0,0,765,45.1,84.1,85.8
"2473005",64.0825026232949,64,108,3926,3590,127,6304,5336,323,15741,12239,7624,47.1,88.3,86.5
"2473010",60.2293250581846,60,131,3870,2444,221,7289,5687,420,14875,11229,6445,37.9,86.6,84.4
"2473015",69.5190928886292,72,250,6913,11666,379,8546,13915,1023,22265,36475,18829,62,90.4,89.7
"2473020",73.0659385113269,79,236,1321,3387,224,1412,3705,624,3720,9746,4944,68.5,91.9,91.5
"2473025",70.3697400990099,73,4,935,2293,4,971,2456,11,2658,6818,3232,70.9,90.7,91.9
"2473030",81.8510494245091,84,0,390,2564,0,545,3814,0,1344,8781,2954,86.8,95.4,94.8
"2473035",62.6355808285946,63,605,2746,2804,463,3175,2367,1344,7681,6196,6155,45.6,87.3,86.1
"2474005",65.8154914572071,72,3482,7368,14493,3544,8837,13123,9083,21068,30931,25343,57.2,89,88.7
"2475005",22.4251290877797,13,7114,1574,608,5208,1163,433,13660,3012,1058,9296,6.5,64,69.1
"2475017",33.4524590163934,19,15941,4070,4999,24734,5827,7670,51155,12609,15716,25010,20,73.5,77.9
"2475028",32.7176625082075,23,6542,2190,1929,4762,1561,1167,11693,3643,2744,10661,18.1,73,77.1
"2475040",12.6704391127207,9,6284,322,21,5462,245,15,13090,571,31,6627,0.3,48.2,46.2
"2475045",8.22612008934437,4,7382,152,77,5439,106,51,10448,140,81,7611,1,33.9,54.2
"2476008",81.2489376770538,92,194,353,2277,70,145,1275,164,329,2559,2824,80.6,95.2,93.3
"2476020",45.9653142402546,45,2141,2463,1681,2063,2734,2065,4158,5656,4285,6285,26.7,80.8,80.8
"2476025",7.31668114682884,4,2259,7,36,1576,5,25,2234,7,32,2302,1.6,30.3,57.5
"2476030",10.6317757009346,4,1491,77,37,875,51,24,1586,106,29,1605,2.3,42.5,60
"2476035",11.6928270042194,4,1072,12,101,717,9,73,624,8,50,1185,8.5,45.5,71.4
"2476043",31.5916625635976,20,3919,1189,985,2572,746,464,4755,1561,926,6093,16.2,72.3,76.1
"2476052",45.7830717488789,38.5,1699,610,1259,810,318,678,1194,555,1134,3568,35.3,80.7,83.6
"2476055",64.1549295774648,63,88,416,419,78,413,457,162,817,832,923,45.4,88.4,86
"2476065",15.2575071986837,9,2226,132,73,1219,74,45,892,48,27,2431,3,53.2,62.2
"2477011",4.2429718875502,3,481,17,0,364,13,0,254,8,0,498,0,14.9,19.2
"2477012",3.8350335179248,2,3347,80,4,2305,54,3,3309,55,3,3431,0.1,11.7,40.3
"2477022",3.47205211726384,3,7634,23,18,7922,18,19,13906,29,31,7675,0.2,8.7,43.7
"2477030",8.89983489268024,7,1800,10,7,2360,20,5,3456,14,6,1817,0.4,35.8,48.2
"2477035",5.42542248346804,3,2673,9,40,2185,7,31,3784,10,44,2722,1.5,21.9,56.9
"2477043",8.33981292019877,5,6787,30,25,7193,30,21,11478,43,29,6842,0.4,34.3,48.2
"2477050",6.28875291375291,4,3388,17,27,2730,12,19,4640,16,23,3432,0.8,25.8,52.7
"2477055",21.3399390243902,5,520,0,136,189,0,22,158,0,17,656,20.7,62.7,78.4
"2477060",8.08989134013829,4,2885,10,142,1854,6,95,1582,5,70,3037,4.7,33.3,66.2
"2477065",5.99900833002777,3,4858,36,148,3601,26,103,3706,21,97,5042,2.9,24.8,61.9
"2478005",4.30892790437056,3,2625,33,19,2029,24,14,3067,33,18,2677,0.7,15.5,51.7
"2478010",4.32312651087832,3,3649,42,32,3160,37,29,5447,58,47,3723,0.9,15.6,53.4
"2478015",8.41779189833201,3,1141,91,27,738,62,18,822,56,13,1259,2.1,34.6,59.5
"2478020",3.5130086724483,3,1478,18,3,938,11,1,1430,14,1,1499,0.2,9.1,43.7
"2478032",4.31926952141058,3,6239,29,84,6678,24,61,11114,36,56,6352,1.3,15.5,56.1
"2478042",9.57608695652174,3,589,6,49,363,4,31,364,3,24,644,7.6,38.7,70.5
"2478047",5.59601081812035,3,2864,26,68,2433,19,54,3686,24,55,2958,2.3,23.1,60
"2478050",36.6710526315789,26,205,40,59,154,31,45,57,10,14,304,19.4,75.7,77.6
"2478055",13.8548707753479,6,913,55,38,568,34,24,581,31,20,1006,3.8,50.8,64
"2478060",14.9930555555556,13,836,15,13,388,7,7,559,11,9,864,1.5,52.8,56.9
"2478065",17.0461538461538,13,822,72,16,469,46,11,770,75,17,910,1.8,56.2,58.4
"2478070",21.4797074954296,13,2160,431,144,1239,282,90,1390,256,77,2735,5.3,62.9,67.4
"2478075",27.1740576496674,22.5,629,222,51,417,159,36,698,240,55,902,5.7,68.8,68.2
"2478095",5.5178059762587,3,2359,44,40,1653,36,25,1915,37,20,2443,1.6,22.5,57.5
"2478100",5.01046698872786,3,1199,30,13,791,21,9,724,19,7,1242,1,19.9,54.2
"2478102",11.758701374671,7,6474,192,172,8367,237,165,10583,193,196,6838,2.5,45.6,60.7
"2478115",23.8906064209275,16,1344,219,119,969,166,94,1302,144,81,1682,7.1,65.4,70
"2478120",19.2996527777778,13,2511,186,183,1744,143,129,2495,155,109,2880,6.4,59.7,68.9
"2478127",28.6965174129353,21,139,40,22,53,11,6,44,10,6,201,10.9,69.8,73.4
"2478130",17.7240247903755,6,2316,162,265,1359,98,173,1219,65,133,2743,9.7,57.3,72.5
"2478802",2.77151335311573,2,337,0,0,0,0,0,0,0,0,337,0,3.5,19.2
"2479005",16.6071428571429,11.5,25,2,1,565,3,91,520,4,64,28,3.6,55.3,63.6
"2479010",86.25,86.5,0,2,22,0,4,47,0,6,67,24,91.7,97.1,95.8
"2479030",12.3733411972869,6,3141,34,216,1783,20,130,2111,20,120,3391,6.4,47.8,68.9
"2479037",7.89576328177539,5,4289,46,126,2945,30,95,4456,40,120,4461,2.8,32.5,61.7
"2479047",19.630421865716,9,1447,18,218,827,13,157,989,8,97,1683,13,60.4,74.4
"2479050",10.6204379562044,6,1539,6,99,815,4,61,848,3,48,1644,6,42.4,68.4
"2479060",9.90609555189456,4,559,0,48,411,0,32,491,0,35,607,7.9,40.1,70.9
"2479088",86.1081081081081,86,0,0,37,0,0,140,0,0,202,37,100,97,98.9
"2479097",60.4464285714286,68,25,30,57,6,16,31,6,15,32,112,50.9,86.7,87.5
"2479110",5,5,1,0,0,12,0,0,16,0,0,1,0,19.6,19.2
"2479115",24.5,13,69,11,10,108,30,8,116,35,5,90,11.1,66.2,73.5
"2479902",2.14285714285714,2,7,0,0,0,0,0,0,0,0,7,0,0.2,19.2
"2479910",10.7725,3,354,24,22,1,0,0,0,0,0,400,5.5,42.9,67.7
"2479912",11.3425196850394,3,223,10,21,0,0,0,0,0,0,254,8.3,44.6,71.2
"2479914",10.8649237472767,3,408,26,25,0,0,0,0,0,0,459,5.4,43.3,67.6
"2479916",8.5472972972973,3,137,6,5,0,0,0,0,0,0,148,3.4,35,63.2
"2479920",10.3805970149254,3,239,10,19,0,0,0,0,0,0,268,7.1,41.8,70
"2479922",27.9762773722628,15.5,365,92,91,0,0,0,4,0,1,548,16.6,69.3,76.3
"2479924",35.7037037037037,19,18,2,7,0,0,0,0,0,0,27,25.9,75.1,80.5
"2479926",63.2830188679245,77,62,34,169,0,0,0,0,0,0,265,63.8,87.7,90.1
"2480005",84.1733128834356,91,2,82,568,0,41,239,0,84,369,652,87.1,96.1,94.8
"2480010",62.9051428571429,69,162,231,482,88,143,284,141,242,550,875,55.1,87.5,88.4
"2480015",41.0600315955766,21,360,65,208,78,16,72,131,29,125,633,32.9,78,82.7
"2480020",11.1025179856115,10,1102,5,5,403,2,2,669,3,3,1112,0.4,44.1,48.2
"2480027",15.0411706349206,11,3765,193,74,1735,98,28,3399,112,51,4032,1.8,52.9,58.4
"2480037",53.8703145196036,55,796,562,963,295,297,507,617,603,933,2321,41.5,84.3,85.3
"2480045",78.320197044335,89,148,79,991,34,30,489,76,61,992,1218,81.4,93.9,93.4
"2480050",77.6975147155003,83,75,456,2527,16,198,1294,38,415,2626,3058,82.6,93.7,93.9
"2480055",53.1561497326203,54,270,295,370,61,58,75,142,135,169,935,39.6,83.9,84.9
"2480060",41.8370967741935,28,671,177,392,234,37,84,622,90,195,1240,31.6,78.4,82.3
"2480065",21.9232409381663,16,733,168,37,325,53,17,583,99,22,938,3.9,63.5,64.3
"2480070",23.6807866868381,18,503,138,20,164,47,7,364,109,17,661,3,65.1,62.2
"2480078",20.5023118957545,17,2082,224,73,885,89,34,1538,150,48,2379,3.1,61.5,62.5
"2480085",19.6309623430962,9,977,119,99,376,56,42,367,52,37,1195,8.3,60.4,71.2
"2480090",14.5573934837093,10,1860,98,37,884,52,17,1044,51,17,1995,1.9,51.9,58.8
"2480095",32.372528616025,27,1799,820,264,753,413,137,735,241,81,2883,9.2,72.8,72
"2480103",10.8401453224342,8,1084,8,9,493,3,3,837,5,6,1101,0.8,43.1,52.7
"2480110",10.2213483146067,7,872,2,16,372,1,8,624,1,7,890,1.8,41.3,58.4
"2480115",18.3636363636364,12,827,66,42,360,28,18,373,19,13,935,4.5,58.5,65.5
"2480125",16.0732714138287,10,896,20,53,373,11,28,467,13,27,969,5.5,54.3,67.7
"2480130",26.7832436587241,20,950,234,117,497,135,63,435,77,35,1301,9,68.4,71.9
"2480135",42.0575506445672,38,981,610,581,399,286,276,294,145,124,2172,26.7,78.4,80.8
"2480140",23.9040639573618,19,1141,287,73,627,164,43,696,180,44,1501,4.9,65.4,66.6
"2480145",20.9910786699108,14,1019,151,63,453,67,27,553,81,33,1233,5.1,62,66.9
"2481017",63.9842132505176,70,12836,23760,44548,17442,43421,72312,41448,93868,155642,81144,54.9,88.1,88.3
"2482005",31.1936586882188,21,4255,1161,1018,1603,371,311,4378,946,768,6434,15.8,71.9,75.9
"2482010",33.0276785714286,25,670,292,158,289,128,62,491,237,113,1120,14.1,73.1,74.9
"2482015",23.9496357077173,12,10494,2078,1565,5204,1033,756,10364,1820,1139,14137,11.1,65.6,73.5
"2482020",28.978198948291,23,6083,2136,909,2845,1041,403,7696,2763,990,9128,10,70.1,72.8
"2482025",46.7683236574746,45,2306,1420,1786,1560,877,937,3890,2083,2022,5512,32.4,81.2,82.4
"2482030",65.2920035938904,79,1151,677,2624,639,314,1589,1777,771,3252,4452,58.9,88.8,89
"2482035",37.6328898743533,31,7072,3759,2699,2715,1314,933,4585,2303,1747,13530,19.9,76.4,77.8
"2483005",20.7198113207547,12,848,142,70,457,57,42,468,53,25,1060,6.6,61.8,69.2
"2483010",44.4568206820682,39,1555,1017,1064,413,231,218,454,299,262,3636,29.3,79.9,81.7
"2483015",42.5719661335842,31,1079,307,740,403,119,309,593,126,317,2126,34.8,78.7,83.5
"2483020",57.3098516949153,70,628,275,985,340,127,450,212,93,367,1888,52.2,85.6,87.7
"2483032",68.6874377861836,85,1038,707,3278,351,269,1255,478,389,1509,5023,65.3,89.9,90.6
"2483040",44.9186791522918,47,802,594,633,402,301,333,376,262,257,2029,31.2,80.1,82.2
"2483045",69.2397126061398,85,281,196,1054,127,86,426,152,101,443,1531,68.8,90.2,91.6
"2483050",73.268951878708,89,244,168,1105,103,72,454,137,109,448,1517,72.8,92,92.1
"2483055",69.7629063097514,89,223,81,742,103,42,389,167,46,375,1046,70.9,90.5,91.9
"2483060",49.3358384217943,54,965,195,969,483,87,474,919,139,591,2129,45.5,82.3,86
"2483065",33.229525862069,18,1250,223,383,1462,254,372,2526,445,742,1856,20.6,73.2,78.3
"2483070",43.9748163693599,41,891,326,689,476,182,363,932,340,643,1906,36.1,79.6,83.8
"2483075",44.6168421052632,41,217,85,173,121,47,90,227,93,188,475,36.4,80,83.9
"2483085",31.7212389380531,15,288,76,88,138,34,38,266,64,70,452,19.5,72.4,77.7
"2483088",64.5879659908437,78,355,263,911,129,82,176,228,142,283,1529,59.6,88.5,89.1
"2483090",58.2303664921466,71,347,194,605,171,108,335,243,124,382,1146,52.8,86.1,87.9
"2483095",71.3545171339564,85,492,523,2195,186,143,447,308,224,627,3210,68.4,91.1,91.4
"2483802",33.3353733170135,14,521,114,182,307,175,151,613,313,278,817,22.3,73.4,79.1
"2483804",11.4137931034483,8,111,0,5,0,0,0,0,0,0,116,4.3,44.9,65.2
"2483902",19.420584498094,8,625,104,58,0,0,0,0,0,0,787,7.4,59.9,70.3
"2483904",33.780487804878,25,22,10,9,0,0,0,0,0,0,41,22,73.8,78.9
"2483906",7.49421965317919,3,324,9,13,0,0,0,0,0,0,346,3.8,31,64
"2483908",10.3604651162791,3,152,9,11,0,0,0,0,0,0,172,6.4,41.7,68.9
"2483912",10.8518518518519,3,24,1,2,0,0,0,0,0,0,27,7.4,43.2,70.3
"2484005",53.4657113613101,48,1022,808,1101,268,266,480,442,382,370,2931,37.6,84,84.4
"2484010",37.4826123833757,35,526,621,32,321,463,23,721,895,52,1179,2.7,76.3,61.4
"2484015",41.285507665606,34,1702,988,767,420,288,259,685,391,316,3457,22.2,78,79
"2484020",53.8405315614618,47,108,79,114,52,45,48,81,67,84,301,37.9,84.3,84.4
"2484025",46.9477611940299,43.5,208,166,162,117,99,87,241,209,196,536,30.2,81.3,81.9
"2484030",54.6472222222222,48,230,253,237,111,148,95,221,301,182,720,32.9,84.6,82.7
"2484035",77.199716713881,87,224,494,2106,32,77,328,44,121,483,2824,74.6,93.3,92.4
"2484040",43.9731182795699,38,722,589,363,187,169,61,216,186,98,1674,21.7,79.5,78.8
"2484045",24.8971393791844,19,1120,458,65,428,194,31,387,124,17,1643,4,66.4,64.6
"2484050",25.8932714617169,13.5,595,172,95,206,62,35,160,44,26,862,11,67.4,73.4
"2484055",26.4191033138402,20,1760,645,160,758,296,79,732,255,54,2565,6.2,67.8,68.7
"2484060",91.7074558907228,93,0,7,1750,0,2,603,0,5,1307,1757,99.6,98.8,97.6
"2484065",70.2085036794767,82,764,1019,3109,148,251,675,314,587,1349,4892,63.6,90.7,90
"2484070",81.3125,90.5,65,120,903,8,15,208,11,23,353,1088,83,95.2,94
"2484082",86.1791613722999,95,58,431,3446,12,108,1004,21,201,1160,3935,87.6,97.1,94.9
"2484090",78.4230769230769,85,62,108,766,11,23,213,19,34,297,936,81.8,94,93.6
"2484095",65.8549618320611,83,203,100,483,37,22,137,42,22,85,786,61.5,89.1,89.6
"2484100",42.8786885245902,29,167,55,83,65,20,30,80,23,33,305,27.2,79.1,81
"2484902",13.2440516655337,3,1284,84,103,0,0,0,4,0,0,1471,7,49.8,69.7
"2485105",3.66666666666667,4,3,0,0,62,0,0,121,0,0,3,0,10.2,19.2
"2485907",24,24,2,0,0,0,0,0,0,0,0,2,0,65.7,19.2
"2486042",8.92965582799788,7,35148,295,324,20693,89,83,41859,235,204,35767,0.9,36.1,53.4
"2487100",6.73684210526316,4.5,37,0,1,49,0,0,101,0,0,38,2.6,27.6,61
"2487105",11.1674418604651,12,214,0,1,79,0,0,168,0,1,215,0.5,44.2,49.6
"2487110",10.0940170940171,10,117,0,0,62,0,0,120,0,0,117,0,40.8,19.2
"2487115",5.5,4,6,0,0,11,0,0,20,0,0,6,0,22.4,19.2
"2487902",35.5,35.5,1,1,0,0,0,0,0,0,0,2,0,74.9,19.2
"2487904",12.40625,11,93,0,3,21,0,1,30,0,0,96,3.1,47.8,62.5
"2488015",6.5,6,4,0,0,47,0,0,86,0,0,4,0,26.8,19.2
"2488022",11.7647058823529,3,14,2,1,95,4,40,181,10,71,17,5.9,45.7,68.3
"2488030",11.7947154471545,9,945,7,32,367,3,12,749,4,25,984,3.3,45.8,63.1
"2488035",11.0756756756757,11,922,1,2,410,0,0,896,0,1,925,0.2,44,43.7
"2488040",10.1436716077537,9,867,0,10,380,0,6,854,0,14,877,1.1,40.9,55.1
"2488045",10.7215007215007,9,685,0,8,261,0,3,473,0,5,693,1.2,42.7,55.7
"2488050",12.09375,10,774,2,24,336,1,12,748,1,22,800,3,46.9,62.2
"2488055",9.61368496079829,8,6981,10,24,6033,5,13,12605,17,43,7015,0.3,38.9,46.2
"2488060",14.8628158844765,14,829,2,0,413,1,0,1024,2,0,831,0,52.5,19.2
"2488065",17.7162629757785,16,568,1,9,203,0,2,430,0,4,578,1.6,57.2,57.5
"2488070",16.1959798994975,14,769,4,23,271,2,11,518,3,13,796,2.9,54.5,61.9
"2488075",11.2909226190476,9,1314,3,27,568,1,15,1205,2,25,1344,2,44.4,59.2
"2488080",10.8240469208211,9,333,1,7,97,0,2,206,1,4,341,2.1,43.1,59.5
"2488085",9.21729957805907,8,943,2,3,320,1,1,779,1,2,948,0.3,37.2,46.2
"2488090",10.4698075646981,8,1439,59,9,503,21,4,872,37,6,1507,0.6,42,50.6
"2488802",7.85074626865672,7,201,0,0,165,0,0,540,0,0,201,0,32.4,19.2
"2488902",8.41379310344828,4,27,2,0,0,0,0,0,0,0,29,0,34.6,19.2
"2488904",13.8493150684932,13,283,5,4,79,1,1,158,2,2,292,1.4,50.8,56.5
"2489008",7.86758882560347,6,18320,21,94,15663,8,43,32399,16,87,18435,0.5,32.4,49.6
"2489010",9.56362612612613,6,1697,41,38,691,20,19,1422,36,37,1776,2.1,38.6,59.5
"2489015",7.07692307692308,6,1982,5,2,1633,1,1,3351,3,1,1989,0.1,29.2,40.3
"2489040",14.120218579235,3,160,3,20,55,2,9,28,1,4,183,10.9,51.3,73.4
"2489045",3.42857142857143,3,7,0,0,35,0,0,74,0,0,7,0,8.1,19.2
"2489050",4.6875,4,16,0,0,74,0,0,135,0,0,16,0,17.7,19.2
"2489910",25.4878048780488,12,132,0,32,0,0,0,0,0,0,164,19.5,67.1,77.7
"2490012",11.7843871140222,9,7222,147,112,6082,45,73,10542,50,72,7481,1.5,45.8,56.9
"2490017",2,2,2,0,0,77,0,0,132,0,0,2,0,0.1,19.2
"2490027",8.62190812720848,3,1009,106,17,266,28,4,196,21,3,1132,1.5,35.1,56.9
"2491005",7.34442013129103,5,2220,51,14,933,18,4,1161,18,4,2285,0.6,30.4,50.6
"2491010",6.70111287758347,5,614,15,0,225,6,0,443,10,0,629,0,27.4,19.2
"2491015",7.13919821826281,5,875,22,1,412,10,0,638,5,0,898,0.1,29.4,40.3
"2491020",17.0076818798012,13,1956,240,17,1027,147,11,1602,136,10,2213,0.8,56.1,52.7
"2491025",14.9852990310725,14,5905,46,35,4777,30,25,9685,82,63,5986,0.6,52.7,50.6
"2491030",7.80472972972973,5,1428,49,3,477,16,1,847,22,1,1480,0.2,32.2,43.7
"2491035",37.1384675223648,29,1372,905,294,840,341,124,1752,777,230,2571,11.4,76.1,73.7
"2491042",43.8136003521127,45,1847,6688,553,694,4189,286,1293,8329,467,9088,6.1,79.4,68.5
"2491050",8.74742268041237,7,1924,2,14,650,0,4,1354,0,5,1940,0.7,35.3,51.7
"2491802",17.8730038022814,14,1246,20,49,1036,19,39,1941,20,49,1315,3.7,57.6,63.8
"2491902",6.94322845417237,3,1374,64,24,484,24,9,112,4,2,1462,1.6,28.6,57.5
"2492005",7.72007042253521,7,566,2,0,160,1,0,333,1,0,568,0,31.7,19.2
"2492010",11.2091503267974,8,585,6,21,234,2,7,367,2,10,612,3.4,44.3,63.2
"2492015",7.18870621872766,5,1379,17,3,546,5,1,1092,8,1,1399,0.2,29.9,43.7
"2492022",6.92259046726783,6,8477,6,56,6525,3,94,13325,7,104,8539,0.7,28.6,51.7
"2492030",5.99714402284782,5,2433,5,13,982,2,4,2174,3,5,2451,0.5,24.8,49.6
"2492040",7.16824085005903,6,3387,1,0,1382,0,0,2991,0,0,3388,0,29.7,19.2
"2492045",8.08469945355191,6,1440,8,16,509,3,5,695,3,5,1464,1.1,33.2,55.1
"2492050",5.67140319715808,5,563,0,0,173,0,0,355,0,0,563,0,23.4,19.2
"2492055",8.16608022519353,6,1403,16,2,508,3,0,1012,5,1,1421,0.1,33.6,40.3
"2492060",7.21031746031746,5,491,8,5,113,2,1,155,3,2,504,1,30,54.2
"2492065",7.89983844911147,6,613,0,6,220,0,1,484,0,3,619,1,32.6,54.2
"2492070",7.12316715542522,6,670,9,3,219,3,1,370,5,1,682,0.4,29.4,48.2
"2492902",8.11667787491594,4,2769,178,27,145,5,1,205,4,1,2974,0.9,33.3,53.4
"2492904",7.55287260616153,4,2253,115,34,19,1,0,25,1,0,2402,1.4,31.2,56.5
"2493005",7.09795321637427,6,679,5,0,520,2,0,991,4,0,684,0,29.3,19.2
"2493012",7.93044168209468,6,3670,107,4,1986,68,2,3882,95,4,3781,0.1,32.8,40.3
"2493020",6.47768434670116,5,3047,43,2,1227,18,1,2463,36,2,3092,0.1,26.6,40.3
"2493025",6.03115264797508,6,959,4,0,557,1,0,1228,1,0,963,0,25.1,19.2
"2493030",6.80178907721281,6,2123,1,0,1269,0,0,2902,0,0,2124,0,28,19.2
"2493035",9.82694684796044,7,2318,109,0,1149,70,0,2083,94,0,2427,0,39.8,19.2
"2493042",8.1316820345929,7,16414,179,0,14388,97,0,30130,181,0,16593,0,33.4,19.2
"2493045",6.77177789098319,6,1958,5,0,867,2,0,2026,3,0,1963,0,27.8,19.2
"2493055",8.68345771144279,6,1541,67,0,724,42,0,1282,46,0,1608,0,35.2,19.2
"2493060",8.47982551799346,6,872,44,1,377,16,0,453,18,0,917,0.1,34.9,40.3
"2493065",7.65686746987952,6,2002,73,0,953,32,0,2029,50,0,2075,0,31.6,19.2
"2493070",9.19928825622776,8,1107,17,0,494,10,0,792,11,0,1124,0,37.1,19.2
"2493075",8.3107454017425,6,990,43,0,423,19,0,830,28,0,1033,0,34.2,19.2
"2493080",9.28491096532334,7,1027,40,0,385,16,0,611,26,0,1067,0,37.5,19.2
"2493902",2.75,3,4,0,0,0,0,0,0,0,0,4,0,3.2,19.2
"2493904",2.66666666666667,3,6,0,0,0,0,0,0,0,0,6,0,2.5,19.2
"2493906",2.14285714285714,2,21,0,0,0,0,0,0,0,0,21,0,0.2,19.2
"2493908",4.77581120943953,3,328,8,3,1,0,0,0,0,0,339,0.9,18.2,53.4
"2494068",11.5294363051854,8,79327,2171,0,69106,1822,0,140684,3647,0,81498,0,45.1,19.2
"2494205",8.75830258302583,6,1060,23,1,376,7,0,587,12,0,1084,0.1,35.4,40.3
"2494210",7.39573143619386,6,2240,9,0,954,4,0,1290,6,0,2249,0,30.6,19.2
"2494215",5.9781121751026,4,725,6,0,238,1,0,412,2,0,731,0,24.7,19.2
"2494220",4.11093871217998,3,1279,10,0,317,2,0,628,4,0,1289,0,13.9,19.2
"2494225",5.66763005780347,4,1721,9,0,813,5,0,1103,6,0,1730,0,23.4,19.2
"2494230",9.30712979890311,6,544,3,0,260,1,0,432,2,0,547,0,37.7,19.2
"2494235",13.5022148394241,8,1794,12,0,984,6,0,2038,13,0,1806,0,50.2,19.2
"2494240",6.91600937966319,6,4650,41,0,2589,19,0,6326,45,0,4691,0,28.5,19.2
"2494245",8.15940450254176,5,2566,187,1,1506,93,0,2567,127,0,2754,0,33.5,19.2
"2494250",6.95093228655545,6,1003,16,0,483,8,0,841,10,0,1019,0,28.7,19.2
"2494255",7.6257263602747,6,3749,37,0,1807,15,0,3849,24,0,3786,0,31.5,19.2
"2494260",9.27899343544858,7,903,11,0,368,5,0,760,9,0,914,0,37.5,19.2
"2494265",7.79120879120879,6,1679,50,0,806,23,0,1563,38,0,1729,0,32.1,19.2
"2494926",3.05223880597015,2,133,1,0,1,0,0,0,0,0,134,0,5.6,19.2
"2494928",6.15567765567766,3,525,18,3,23,0,0,57,1,0,546,0.5,25.3,49.6
"2494930",6.12142857142857,2,2285,81,14,43,1,0,9,0,0,2380,0.6,25.2,50.6
"2495005",4.53488372093023,3,42,1,0,69,0,0,133,1,0,43,0,16.9,19.2
"2495010",5.6234693877551,5,975,5,0,871,3,0,1675,4,0,980,0,23.2,19.2
"2495018",9.3125,4,14,2,0,35,5,0,53,8,0,16,0,37.8,19.2
"2495025",9.5,4,7,1,0,137,20,0,304,43,0,8,0,38.4,19.2
"2495032",8.29411764705882,6,16,1,0,31,3,0,63,7,0,17,0,34.1,19.2
"2495040",9.66666666666667,5,10,2,0,0,0,0,0,0,0,12,0,39.1,19.2
"2495045",4.85714285714286,5,7,0,0,73,0,0,119,0,0,7,0,18.7,19.2
"2495050",13.7826086956522,6,20,3,0,76,10,0,139,18,0,23,0,50.6,19.2
"2495902",7.43399482312338,3,1079,70,10,7,0,0,0,0,0,1159,0.9,30.7,53.4
"2496015",9.01785714285714,6,54,2,0,97,4,0,164,7,0,56,0,36.6,19.2
"2496020",16.3333333333333,11.5,5,1,0,10,10,0,16,16,0,6,0,54.8,19.2
"2496030",18.0209481808159,18,866,40,1,653,56,1,1323,110,1,907,0.1,57.9,40.3
"2496035",7.44577114427861,7,1005,0,0,730,0,0,1391,0,0,1005,0,30.8,19.2
"2496040",16.419621749409,16,825,21,0,629,13,0,1154,23,0,846,0,54.9,19.2
"2496802",7.92307692307692,6,12,1,0,0,0,0,0,0,0,13,0,32.7,19.2
"2496902",7.21355617455896,4,1012,62,3,60,12,0,53,9,0,1077,0.3,30,46.2
"2497007",13.0778443113772,12,167,0,0,118,0,0,133,0,0,167,0,49.5,19.2
"2497806",9.20430107526882,7,179,7,0,187,7,0,577,22,0,186,0,37.1,19.2
"2498040",19.6233814280429,19,2598,105,0,1603,46,0,3258,64,0,2703,0,60.3,19.2
"2498045",22.6666666666667,24,450,6,0,254,3,0,403,5,0,456,0,64.3,19.2
"2498050",13.7594936708861,10,296,19,1,158,10,1,211,15,1,316,0.3,50.5,46.2
"2498055",52.3159851301115,62,130,216,192,81,142,104,24,128,129,538,35.7,83.5,83.8
"2498808",16.7307692307692,17,227,7,0,159,6,0,528,24,0,234,0,55.5,19.2
"2499010",11.1666666666667,8.5,6,0,0,0,0,0,0,0,0,6,0,44.2,19.2
"2499035",65,65,0,1,0,0,0,0,0,0,0,1,0,88.7,19.2
"2499060",11.9438805970149,9,1626,6,43,591,9,8,882,10,9,1675,2.6,46.2,61
"2499075",72.2301255230125,72,0,73,166,0,63,204,0,160,632,239,69.5,91.4,91.6
"2499080",63.8691588785047,68,4,46,57,7,73,98,15,218,309,107,53.3,88,88
"2499085",73.6082725060827,78,0,106,305,0,132,456,0,369,1452,411,74.2,92.1,92.3
"2499090",15.1201716738197,15,233,0,0,270,0,0,956,0,0,233,0,53,19.2
"2499095",63.6068012752391,72,143,252,546,250,330,534,537,665,1186,941,58,87.9,88.8
"2499100",39.5480769230769,40,14,87,3,20,98,2,75,336,9,104,2.9,77.2,61.9
"2499105",20.1460674157303,19,83,6,0,72,5,0,220,13,0,89,0,61,19.2
"2499110",21.7747252747253,21,163,19,0,175,22,0,488,73,0,182,0,63.3,19.2
"2499115",27.2516129032258,27,118,37,0,136,37,0,360,93,0,155,0,68.8,19.2
"2499120",81.5533333333333,82,0,10,440,0,6,669,0,15,2048,450,97.8,95.3,96.7
"2499125",87.3561643835616,89,0,1,145,0,1,203,0,4,638,146,99.3,97.4,97.3
"2499130",57.2938388625592,59,22,115,74,61,115,114,121,320,305,211,35.1,85.6,83.5
"2499135",63.9630769230769,69,27,120,178,26,129,234,87,475,781,325,54.8,88.1,88.3
"2499140",80.8073394495413,85,0,11,98,0,12,124,0,41,371,109,89.9,94.9,95.3
"2499802",14.6235294117647,16,510,0,0,2,0,0,5,0,0,510,0,52,19.2
"2499804",8.67125645438898,8,1155,3,4,1209,1,0,3726,5,0,1162,0.3,35.2,46.2
"2499806",46.7093023255814,46,9,587,6,12,603,12,47,2446,43,602,1,81.1,54.2
"2499808",10.1621621621622,9,254,1,4,263,1,5,717,3,11,259,1.5,41,56.9
"2499810",72.6666666666667,73,0,24,234,0,42,217,0,138,751,258,90.7,91.7,95.6
"2499812",65.56570155902,68,6,166,277,3,173,301,11,526,996,449,61.7,89,89.6
"2499814",68.565331010453,75,30,275,843,37,347,826,135,1300,3280,1148,73.4,89.9,92.2
"2499816",72.3309090909091,77,9,96,170,2,108,140,2,386,633,275,61.8,91.5,89.7
"2499818",5.19753086419753,5,324,0,0,277,0,0,797,0,0,324,0,20.9,19.2
"2499877",73,73,0,0,1,0,0,0,0,0,0,1,100,91.9,98.9
"2499902",29,29,2,0,0,0,0,0,0,0,0,2,0,70.1,19.2
"2499904",62.6666666666667,57.5,0,9,3,0,3,0,0,5,0,12,25,87.4,80.2
"3501005",25.6029089460052,17,7527,1569,942,3572,831,887,8821,1904,1696,10038,9.4,67.2,72.2
"3501007",69.9725490196078,86,99,86,325,0,0,0,0,0,0,510,63.7,90.7,90.1
"3501011",9.92866756393001,7,6550,121,16,4098,207,115,10096,453,239,6687,0.2,40.2,43.7
"3501012",25.3958593013711,22,27345,5002,546,18425,3464,313,39574,7518,722,32893,1.7,67.1,57.9
"3501020",16.4597315436242,9,785,58,51,2405,362,425,5668,793,899,894,5.7,55,68.2
"3501030",22.2043137254902,19,2058,450,42,3422,508,34,8239,1209,81,2550,1.6,63.7,57.5
"3501042",20.4553756745538,12,1891,406,112,1726,720,229,4317,1835,578,2409,4.6,61.5,65.8
"3501050",29.9072422404567,24,1766,794,243,3221,464,76,7050,1072,173,2803,8.7,70.9,71.7
"3502001",68.1615710778844,71,303,1588,2590,118,528,859,255,1220,1943,4481,57.8,89.7,88.7
"3502008",69.9558080808081,79,298,1277,2385,329,1677,3301,664,3364,6166,3960,60.2,90.6,89.3
"3502010",64.0720366732155,81,2113,974,4548,1236,392,2334,2578,955,5133,7635,59.6,88.3,89.1
"3502023",67.2352941176471,77,1780,2585,6141,456,985,2840,1133,2240,6546,10506,58.5,89.4,88.9
"3502025",52.0223141290757,53,2966,4092,3339,1908,1905,1404,5047,4869,3346,10397,32.1,83.4,82.3
"3502036",59.0571985700358,63,3752,4445,7188,1699,2584,6013,4590,6889,14972,15385,46.7,86.2,86.4
"3502044",67.6178591236827,67,0,807,996,0,706,924,0,1695,2265,1803,55.2,89.6,88.4
"3502048",23.9699816681943,20,6938,1578,212,5738,1343,213,15444,3469,575,8728,2.4,65.6,60.3
"3506008",42.7579552888743,40,163954,145566,81792,144395,185507,84430,360896,418472,212472,391312,20.9,79,78.5
"3507004",26.6887966804979,13,173,33,35,1639,308,316,3922,663,622,241,14.5,68.3,75.1
"3507006",29.4719101123596,11,114,32,32,1527,238,193,3793,550,448,178,18,70.6,77
"3507008",51.6279069767442,48,28,32,26,466,410,218,964,887,341,86,30.2,83.2,81.9
"3507014",40.5654490106545,34,1300,600,728,2850,330,362,6989,750,668,2628,27.7,77.8,81.3
"3507015",41.396734556472,37,2737,2015,1189,4896,3089,2133,10049,6041,3655,5941,20,78.2,77.9
"3507017",34.9101610904585,15,971,229,414,716,127,142,1736,235,260,1614,25.7,74.4,80.5
"3507021",46.9899144644453,40,3711,917,3205,3406,523,832,6936,1075,1266,7834,40.9,81.4,85.2
"3507024",22.8748898678414,13,1757,368,145,2022,513,207,4097,936,323,2270,6.4,64.5,68.9
"3507033",21.3,12.5,31,6,3,227,55,41,412,90,68,40,7.5,62.7,70.4
"3507040",12.6469002695418,4,333,21,17,4135,538,384,6909,724,436,371,4.6,48.2,65.8
"3507042",5.83018867924528,4,105,1,0,1072,17,0,2458,47,0,106,0,24,19.2
"3507052",12.2201834862385,7,100,8,1,906,97,9,2046,199,15,109,0.9,47.3,53.4
"3507065",14.0772128060264,8,471,55,5,4175,633,161,10406,1463,332,531,0.9,51.2,53.4
"3509001",7.98125,5,158,2,0,1314,14,0,3331,32,0,160,0,32.9,19.2
"3509004",24.9243243243243,20,145,26,14,1719,187,92,3351,308,162,185,7.6,66.5,70.5
"3509010",44.0147138964578,37,875,275,685,2081,306,496,5049,675,778,1835,37.3,79.7,84.3
"3509015",9.69836956521739,4,346,12,10,2975,139,323,4640,146,330,368,2.7,39.4,61.4
"3509021",26.9761904761905,21,122,32,14,1789,305,159,3329,540,251,168,8.3,68.6,71.2
"3509024",39.4901836605447,26,1716,413,1029,2456,254,538,6593,596,1082,3158,32.6,77.2,82.6
"3509028",18.528360343184,14,3613,514,69,4520,725,95,10587,1699,225,4196,1.6,58.7,57.5
"3509030",26.0658212560386,17,6992,2022,922,4225,1378,627,10382,3058,1265,9936,9.3,67.6,72.1
"3509039",10.119391025641,3,4562,255,175,2896,196,120,4846,297,184,4992,3.5,40.9,63.4
"3510005",64.8165848617928,77,881,667,2323,256,214,742,465,355,1110,3871,60,88.6,89.2
"3510010",19.8515578290042,14,51661,5882,2669,51004,8122,3828,108395,16477,7381,60212,4.4,60.7,65.4
"3510020",16.9589325501317,4,16222,1802,1724,7878,801,811,17489,1254,1420,19748,8.7,55.9,71.7
"3510035",15.4835111542192,4,7082,733,433,3071,344,194,4263,406,213,8248,5.2,53.4,67.2
"3510045",11.0876244050195,3,8517,92,635,2577,25,194,2145,18,122,9244,6.9,44,69.6
"3511005",22.4033860240131,11,8973,1519,1085,5603,1005,504,14014,2653,1190,11577,9.4,63.9,72.2
"3511015",31.6186113474249,23,9389,3872,2020,4774,1901,782,11489,4045,1335,15281,13.2,72.3,74.5
"3511030",7.0301059944776,3,10661,367,199,3254,118,62,7557,173,95,11227,1.8,29,58.4
"3511035",9.68688925081433,3,6776,96,496,1885,20,144,2437,17,80,7368,6.7,39.3,69.4
"3512001",9.9044905402325,4,4124,211,52,1607,103,20,4227,265,47,4387,1.2,40.1,55.7
"3512002",28.0366552119129,18,672,99,102,642,92,69,1408,191,148,873,11.7,69.4,73.9
"3512004",33.9244563143838,23,1615,566,440,744,278,141,1670,564,281,2621,16.8,73.9,76.5
"3512005",18.9463450426488,13,18558,2525,723,20294,3075,1196,46313,6635,2081,21806,3.3,59.2,63.1
"3512015",21.1917291032545,15,28134,4654,1380,16174,3088,617,38600,6656,1289,34168,4,62.5,64.6
"3512020",8.18130841121495,5,4661,135,19,1957,109,7,4721,226,14,4815,0.4,33.7,48.2
"3512026",6.4878905527824,3,5211,100,98,2090,39,42,4696,46,44,5409,1.8,26.6,58.4
"3512030",6.293057763646,3,7262,139,147,2878,86,73,5839,114,99,7548,1.9,25.8,58.8
"3512036",2.76575387660838,2,3027,0,4,933,0,1,2231,0,2,3031,0.1,3.4,40.3
"3512046",7.15594017812132,3,5665,113,173,2495,25,53,4177,24,55,5951,2.9,29.5,61.9
"3512048",6.61931818181818,2,2018,8,86,716,3,33,713,2,20,2112,4.1,27.2,64.9
"3512051",11.7663043478261,2,1315,15,142,479,5,49,407,6,23,1472,9.6,45.7,72.4
"3512054",5.66327827191868,2,2291,14,56,726,4,17,702,3,11,2361,2.4,23.3,60.3
"3512058",5.522021167634,2,2800,67,62,1219,29,25,1546,34,26,2929,2.1,22.6,59.5
"3512061",3.42049319727891,3,2335,12,5,1781,9,3,3660,15,4,2352,0.2,8.1,43.7
"3512065",2.73913043478261,3,23,0,0,448,0,0,722,0,0,23,0,3.1,19.2
"3512076",2.53299492385787,2,197,0,0,1838,0,0,2499,0,0,197,0,1.6,19.2
"3513020",32.3765667004155,21,17470,6368,4805,8821,2916,1808,17851,5031,2808,28643,16.8,72.9,76.5
"3514004",21.7852753041515,13,6346,1102,525,4251,795,320,10024,1547,491,7973,6.6,63.3,69.2
"3514014",12.8057526366251,8,4908,180,127,2607,102,56,6202,206,78,5215,2.4,48.7,60.3
"3514019",21.8344868035191,15,6665,1492,368,3742,757,96,8880,1755,192,8525,4.3,63.4,65.2
"3514020",26.020198482195,20,6327,1740,498,4588,1981,588,10721,4350,1096,8565,5.8,67.6,68.2
"3514021",33.330518018018,23,4530,1832,742,6090,2264,1026,13129,5106,2016,7104,10.4,73.4,73
"3514024",18.9705312136487,9,6125,1244,368,2564,586,168,5819,1319,335,7737,4.8,59.2,66.4
"3514027",5.58478260869565,3,454,6,0,278,4,0,537,5,0,460,0,23,19.2
"3514045",9.2879853255885,5,12653,188,243,6804,96,131,13519,134,183,13084,1.9,37.6,58.8
"3515003",5.51231774761187,4,3933,11,34,1926,3,15,4520,4,27,3978,0.9,22.5,53.4
"3515005",15.4853760445682,6,6029,803,348,2588,318,125,6315,562,174,7180,4.8,53.4,66.4
"3515008",47.6586538461538,44,169,94,153,95,53,62,182,79,79,416,36.8,81.7,84.1
"3515013",4.92956644232274,4,6365,19,5,3520,6,2,9494,16,6,6389,0.1,19,40.3
"3515014",9.68601603160734,7,25817,420,86,36533,1038,166,80962,1868,274,26323,0.3,39.3,46.2
"3515015",12.1666133674448,5,14283,729,623,7841,359,297,17435,643,491,15635,4,47.2,64.6
"3515019",8.91790193842645,4,832,19,26,616,15,19,1188,24,32,877,3,35.9,62.2
"3515023",10.7404629509893,3,7030,290,413,3235,139,194,7224,148,195,7733,5.3,42.8,67.4
"3515030",12.2758620689655,3,6693,362,514,3388,199,256,4758,148,173,7569,6.8,47.4,69.5
"3515037",14.0530278232406,4,5286,328,496,3215,173,287,2596,106,175,6110,8.1,51.1,71
"3515044",11.457781241881,3,10288,715,544,5080,367,264,5877,285,237,11547,4.7,44.9,66.2
"3516010",10.0367979341511,5,64105,1877,2174,36817,980,1061,76411,1313,1372,68156,3.2,40.6,62.8
"3518001",26.536641175408,21,24584,7264,1366,22675,9112,2052,68938,24772,4759,33214,4.1,67.9,64.9
"3518005",37.5075238629983,33,17886,15551,2183,18357,18722,2731,55630,61037,8874,35628,6.1,76.3,68.5
"3518009",32.0589448500598,26,32142,12578,3766,30786,12231,4360,89484,36739,12238,48494,7.8,72.7,70.8
"3518013",31.206945772938,26,47226,16181,4548,43979,19198,5664,114319,46741,13218,67955,6.7,71.9,69.4
"3518017",35.1593785165735,29,29047,15006,6600,18058,12892,5814,49837,35064,16244,50731,13,74.7,74.4
"3518020",7.41252227029779,5,19158,273,214,8508,123,86,21083,271,177,19645,1.1,30.6,55.1
"3518022",10.3095238095238,9,126,0,0,51,0,0,125,0,0,126,0,41.5,19.2
"3518029",4.01159618008186,3,16071,28,27,8266,15,10,21452,39,25,16126,0.2,13,43.7
"3518039",8.74731898238748,5,12054,640,81,4936,335,23,12031,490,46,12775,0.6,35.3,50.6
"3519028",19.5344687401754,17,82770,8538,935,92218,11910,894,285608,31280,2514,92243,1,60.2,54.2
"3519036",19.401425659621,18,81036,7102,663,97070,14831,1435,294346,37530,3365,88801,0.7,59.8,51.7
"3519038",10.7050645294804,8,52028,1065,61,66753,2953,78,191351,6457,166,53154,0.1,42.7,40.3
"3519044",5.79943365337817,5,22537,26,38,17108,12,16,49737,33,38,22601,0.2,23.8,43.7
"3519046",7.1662572518685,7,19119,7,7,22226,7,8,61985,21,21,19133,0,29.7,19.2
"3519048",8.38378224762386,7,31641,23,5,31195,36,4,87848,72,11,31669,0,34.5,19.2
"3519049",6.29618489789457,5,18844,56,51,9308,26,10,27238,66,29,18951,0.3,25.9,46.2
"3519054",6.67294340416579,5,18900,46,66,11813,27,27,34490,65,73,19012,0.3,27.4,46.2
"3519070",16.0213392661298,11,28974,2102,837,17528,1224,420,43902,2399,757,31913,2.6,54.2,61
"3519076",50.2043189368771,46.5,327,448,429,147,200,204,93,77,61,1204,35.6,82.7,83.7
"3520005",28.457084292328,27,363471,188858,15540,637512,472033,47915,1586900,923645,89739,567869,2.7,69.6,61.4
"3521005",28.3370231166974,24,159368,60638,8011,147911,73785,16098,440189,206461,36204,228017,3.5,69.4,63.4
"3521010",22.7656323122617,20,180264,33242,2313,151989,31373,1223,526808,114150,4646,215819,1.1,64.4,55.1
"3521024",6.50535554584971,4,47401,521,159,24376,331,84,75565,755,242,48081,0.3,26.9,46.2
"3522001",3.63015410245731,3,2396,4,1,942,1,0,2790,4,1,2401,0,9.9,19.2
"3522008",4.56180665610143,4,3781,3,2,1425,1,1,4319,4,3,3786,0.1,17.2,40.3
"3522010",5.24645892351275,5,2110,4,4,1386,1,2,3668,4,5,2118,0.2,21.2,43.7
"3522012",3.22703569995989,3,7444,28,7,3302,10,2,9343,25,5,7479,0.1,6.9,40.3
"3522014",5.15672201392608,5,9333,2,0,11285,3,0,30093,8,0,9335,0,20.7,19.2
"3522016",3.52636127917027,3,4605,20,3,1672,6,1,3556,14,1,4628,0.1,9.1,40.3
"3522019",3.54982618771727,3,3444,8,0,1083,3,0,3072,8,0,3452,0,9.3,19.2
"3522021",4.8441351888668,5,2512,0,3,3143,0,7,8970,0,24,2515,0.1,18.6,40.3
"3523001",3.36261656980673,3,7367,19,13,2920,9,6,7866,24,15,7399,0.2,7.6,43.7
"3523008",5.27853785657778,5,42957,18,3,59406,23,1,143221,54,3,42978,0,21.4,19.2
"3523009",3.78184971098266,4,8632,15,3,4905,9,1,13658,25,3,8650,0,11,19.2
"3523017",3.16363969913777,3,5441,9,1,3444,27,0,9446,68,1,5451,0,6.3,19.2
"3523025",4.51445790466914,4,16390,32,5,12589,22,2,30809,49,2,16427,0,16.7,19.2
"3523033",5.1431321481146,5,8771,42,18,3601,22,9,10810,20,9,8831,0.2,20.6,43.7
"3523043",4.46056338028169,4,710,0,0,2784,0,0,6264,0,0,710,0,16.5,19.2
"3523050",4.9329972694812,5,4759,2,0,3899,0,0,9914,1,0,4761,0,19,19.2
"3524001",23.6168904142875,18,52300,11167,2381,58078,13892,3970,167346,37234,8819,65848,3.6,65.1,63.6
"3524002",20.8225989301024,16,46223,8449,1782,58527,11814,3375,148129,29724,7241,56454,3.2,61.8,62.8
"3524009",16.8540073324107,13,35741,5166,280,33569,7107,324,108026,23749,1204,41187,0.7,55.9,51.7
"3524015",7.78957980112725,6,21654,138,31,19800,77,17,55868,237,45,21823,0.1,32.1,40.3
"3525005",17.091485097014,11,194906,22826,5277,201787,24228,4346,497311,56906,9411,223106,2.4,56.3,60.3
"3526003",12.6227822264092,9,23768,1323,385,14520,1000,237,30709,1612,342,25476,1.5,48.1,56.9
"3526011",13.899424928116,10,14676,1155,167,9312,791,100,19003,904,89,15998,1,51,54.2
"3526014",20.1795873519717,16,7148,728,315,2560,371,183,6134,550,198,8191,3.8,61.1,64
"3526021",25.1109085143491,24,9765,2803,46,3840,1567,15,11026,4364,44,12614,0.4,66.7,48.2
"3526028",18.2565306963329,14,11068,1029,38,6762,331,11,17232,882,30,12135,0.3,58.2,46.2
"3526032",13.2500254954618,12,28891,509,17,24013,465,14,54738,888,31,29417,0.1,49.8,40.3
"3526037",16.6173822157903,13,11303,1019,116,9315,474,64,22357,1284,166,12438,0.9,55.3,53.4
"3526043",12.3996735334835,9,46239,1980,178,38118,1530,89,90082,3919,197,48397,0.4,47.8,48.2
"3526047",39.8306830122592,36,6520,5623,2132,3992,3140,1406,9042,7223,2584,14275,14.9,77.4,75.4
"3526053",27.2873420196598,20,39936,12799,3522,43471,14851,3634,97160,32042,7529,56257,6.3,68.9,68.8
"3526057",37.8617200674536,35,7174,6041,1610,5317,3884,612,14006,10068,1625,14825,10.9,76.6,73.4
"3526065",29.8892290340772,19,8474,2513,1426,7319,2513,1716,18912,6166,3607,12413,11.5,70.9,73.8
"3528018",19.6807715311005,14,28918,3366,1156,17718,2103,740,44623,3292,862,33440,3.5,60.5,63.4
"3528035",6.65555555555556,6,90,0,0,58,0,0,166,0,0,90,0,27.3,19.2
"3528037",7.22028985507246,6,687,3,0,0,0,0,0,0,0,690,0,30,19.2
"3528052",13.0390345446877,9,69378,2871,1250,28397,1199,441,65476,1443,480,73499,1.7,49.3,57.9
"3529005",12.112175801712,7,21608,1723,150,13475,810,48,35775,2176,135,23481,0.6,46.9,50.6
"3529006",26.642171353826,21,29239,8305,681,31761,10673,807,76941,25937,1748,38225,1.8,68.2,58.4
"3529020",16.2836787564767,14,3585,268,7,0,0,0,0,0,0,3860,0.2,54.7,43.7
"3529021",10.7678571428571,9,336,0,0,203,0,0,609,0,0,336,0,42.9,19.2
"3530004",4.3809393773894,4,7313,7,4,3762,3,1,10602,9,3,7324,0.1,16.1,40.3
"3530010",3.994558441284,4,94562,71,9,52950,41,5,138306,119,10,94642,0,12.6,19.2
"3530013",5.32202023820185,5,122758,69,10,101659,42,6,253571,115,16,122837,0,21.4,19.2
"3530016",5.05735951316916,5,42061,5,2,51996,2,8,120741,6,12,42068,0,20.2,19.2
"3530020",4.80876658152756,4,12101,14,22,8013,6,13,21377,15,32,12137,0.2,18.5,43.7
"3530027",4.27867875029812,4,8358,16,12,3434,7,4,11290,17,11,8386,0.1,15.3,40.3
"3530035",4.71012058311836,4,16648,17,4,9547,7,1,26975,21,3,16669,0,17.8,19.2
"3531011",3.7528100500614,4,10585,2,0,15233,4,0,32973,8,0,10587,0,10.7,19.2
"3531013",4.56038176860148,4,5124,3,7,1450,1,2,3764,2,5,5134,0.1,17.1,40.3
"3531016",4.77864214992928,4,2818,7,3,3206,8,2,7368,15,3,2828,0.1,18.3,40.3
"3531025",4.3276299112801,4,9446,16,6,3558,3,1,9002,9,2,9468,0.1,15.6,40.3
"3531030",4.1780233271946,4,9768,4,2,4206,1,1,12440,3,3,9774,0,14.4,19.2
"3531040",5.17939168218498,5,1611,0,0,4047,0,0,10143,0,0,1611,0,20.8,19.2
"3532002",7.76395993179881,6,9348,28,8,3882,7,3,11120,23,8,9384,0.1,32,40.3
"3532004",11.2060585315762,9,5706,131,6,8190,265,11,18018,514,22,5843,0.1,44.3,40.3
"3532012",6.29297610427227,5,6855,49,1,2687,20,0,7527,54,1,6905,0,25.8,19.2
"3532018",3.67018943170489,3,5013,1,1,5607,2,0,13644,4,1,5015,0,10.3,19.2
"3532027",4.3749846115967,4,8109,6,8,3231,2,2,8446,5,4,8123,0.1,16,40.3
"3532038",4.22628026994839,4,5032,3,3,3042,2,2,7807,5,4,5038,0.1,14.8,40.3
"3532042",4.53613775394608,4,13229,7,5,19350,6,3,46080,16,11,13241,0,16.9,19.2
"3532045",4.54247226624406,4,6301,5,4,2854,1,2,7557,3,5,6310,0.1,17,40.3
"3534005",12.3381325730577,10,6877,121,17,2389,36,5,7004,75,13,7015,0.2,47.7,43.7
"3534010",11.888428917609,9,9597,226,81,3038,98,37,9032,195,66,9904,0.8,46.2,52.7
"3534011",8.92186666666667,7,3738,7,5,3164,7,5,7673,14,12,3750,0.1,36,40.3
"3534020",17.9826816151673,14,9782,1118,71,5126,669,44,12390,1272,70,10971,0.6,57.7,50.6
"3534021",14.975889421189,13,12361,349,23,17754,712,30,40866,1625,76,12733,0.2,52.7,43.7
"3534024",15.8471872376154,14,4469,288,7,1650,105,3,4518,321,8,4764,0.1,53.9,40.3
"3534030",14.7066698541716,12,3993,178,12,1619,53,4,4020,119,9,4183,0.3,52.2,46.2
"3534042",16.4441193680515,13,7814,693,38,2128,86,7,4870,179,11,8545,0.4,55,48.2
"3536020",29.0907375209903,25,41771,23558,1964,32414,13213,1059,72445,29457,1849,67293,2.9,70.2,61.9
"3536029",21.9820788530466,22,254,23,2,154,14,1,299,27,2,279,0.7,63.6,51.7
"3537001",46.8257790368272,51,233,337,136,108,174,86,93,106,30,713,19.1,81.2,77.5
"3537003",25.2479294063008,16,9054,3274,591,8609,2134,449,23094,5870,650,12919,4.6,66.8,65.8
"3537013",26.409305677905,21,8356,3628,503,6099,2100,425,15975,5364,751,12487,4,67.8,64.6
"3537016",24.1919397835973,17,9415,2942,397,6927,1695,239,16898,3818,444,12754,3.1,65.9,62.5
"3537028",21.8381221139046,17,9605,1690,399,7992,1172,298,19983,2737,591,11694,3.4,63.4,63.2
"3537034",17.9834841065649,15,11117,883,49,11126,717,32,30695,1830,68,12049,0.4,57.7,48.2
"3537039",15.847444974233,13,117479,6794,305,91203,7203,387,211112,16194,834,124582,0.2,53.9,43.7
"3537048",24.3722771196157,22,14760,3156,401,7112,1706,275,18334,4235,694,18347,2.2,66,59.7
"3537064",34.5150628417922,29,11947,7047,1852,9159,4454,1324,26044,11706,2619,20846,8.9,74.3,71.9
"3538003",27.8771943697612,23,8766,3167,713,4846,1309,353,11424,2641,548,12646,5.6,69.2,68
"3538004",40.8719262295082,40,281,632,63,0,0,0,0,0,0,976,6.5,77.9,69.1
"3538007",25.7343173431734,25,2471,770,11,642,179,3,1520,441,7,3252,0.3,67.3,46.2
"3538015",15.5190443213296,13,2708,180,0,940,43,0,2254,105,0,2888,0,53.5,19.2
"3538016",21.5794037940379,20,3134,546,10,943,142,2,2469,350,6,3690,0.3,63,46.2
"3538018",20.2193548387097,20,446,17,2,272,9,1,622,22,3,465,0.4,61.1,48.2
"3538019",12.2128129602356,9,2667,43,6,2475,42,4,5911,88,9,2716,0.2,47.3,43.7
"3538025",23.9274193548387,23.5,401,94,1,236,42,0,547,100,1,496,0.2,65.5,43.7
"3538030",23.530649841109,18,33768,8409,1249,27570,5901,412,59124,12213,672,43426,2.9,65,61.9
"3538031",13.8189081225033,10,2089,159,5,834,148,7,1672,248,11,2253,0.2,50.7,43.7
"3538035",19.1760465410396,16,6944,907,56,2990,481,41,7289,957,62,7907,0.7,59.6,51.7
"3538040",12.1232864357864,8,10363,627,98,6664,476,65,11410,400,61,11088,0.9,47,53.4
"3538043",10.1784648187633,9,4646,38,6,1411,13,1,3604,34,3,4690,0.1,41,40.3
"3538056",11.8648068669528,9,893,23,16,738,22,15,1213,12,7,932,1.7,46,57.9
"3539002",12.95625,12,318,2,0,194,1,0,437,3,0,320,0,49.2,19.2
"3539005",14.39575009081,12,5342,159,5,2448,42,2,5765,104,4,5506,0.1,51.7,40.3
"3539015",7.7743447688046,7,14067,5,7,9638,2,2,23706,5,5,14079,0,32,19.2
"3539017",11.885328836425,11,589,4,0,0,0,0,0,0,0,593,0,46.1,19.2
"3539018",9.47857142857143,8.5,139,1,0,64,0,0,128,1,0,140,0,38.3,19.2
"3539021",13.2986536107711,13,810,7,0,0,0,0,0,0,0,817,0,49.9,19.2
"3539027",5.53888560740303,5,10119,20,19,5275,10,11,13854,32,30,10158,0.2,22.7,43.7
"3539033",5.4659436267207,4,16757,10,14,6828,6,10,18888,17,23,16781,0.1,22.2,40.3
"3539036",7.64390718141582,6,195089,220,126,182297,428,183,415262,733,331,195435,0.1,31.5,40.3
"3539041",11.8830929218383,10,5884,66,12,2455,17,4,6229,43,9,5962,0.2,46.1,43.7
"3539047",11.3555279503106,10,3981,40,4,1042,9,1,2973,25,3,4025,0.1,44.7,40.3
"3539060",5.4718625498008,5,4013,1,2,2164,0,1,5660,1,4,4016,0,22.3,19.2
"3540005",9.50718390804598,7,8824,209,15,4592,116,7,9908,128,12,9048,0.2,38.5,43.7
"3540010",14.6252327746741,8,9416,1274,50,4119,750,12,6931,592,16,10740,0.5,52,49.6
"3540025",4.97145158403437,4,11157,13,4,3904,3,2,7768,6,1,11174,0,19.2,19.2
"3540028",4.99074492099323,4,4429,1,0,3899,0,0,7880,1,0,4430,0,19.4,19.2
"3540040",4.34470487176341,4,8146,2,1,3864,1,0,9387,4,1,8149,0,15.8,19.2
"3540046",3.75837710559681,3,5518,3,0,1414,0,0,4045,0,0,5521,0,10.8,19.2
"3540050",3.45490196078431,3,2040,0,0,1280,0,0,3580,0,0,2040,0,8.5,19.2
"3540055",3.36193735193472,3,3797,2,0,2276,0,0,5051,1,0,3799,0,7.6,19.2
"3540063",3.9618320610687,3,6024,2,0,3115,1,0,5799,1,0,6026,0,12.5,19.2
"3541004",3.64814814814815,3,1242,0,0,2058,0,0,5032,0,0,1242,0,10,19.2
"3541015",3.95876288659794,3,873,0,0,1790,0,0,4510,0,0,873,0,12.5,19.2
"3541024",4.52044025157233,4,636,0,0,3272,0,0,6661,0,0,636,0,16.8,19.2
"3541032",4.08932714617169,4,862,0,0,3197,0,0,7072,0,0,862,0,13.7,19.2
"3541043",3.54494382022472,3,534,0,0,2169,0,0,4998,0,0,534,0,9.3,19.2
"3541045",5.00588235294118,4,340,0,0,3732,0,0,6807,0,0,341,0,19.8,19.2
"3541055",5.11730769230769,3,1503,57,0,3985,59,0,5522,57,0,1560,0,20.4,19.2
"3541056",5,5,1,0,0,72,0,0,10,0,0,1,0,19.6,19.2
"3541057",4.4,4,5,0,0,139,0,0,66,0,0,5,0,16.3,19.2
"3541060",3.8125,3,680,8,0,293,3,0,576,4,0,688,0,11.4,19.2
"3541069",5.18012422360248,3,471,12,0,2470,7,0,2204,3,0,483,0,20.8,19.2
"3542004",3.43789808917197,3,1256,0,0,4763,0,0,10762,0,0,1256,0,8.2,19.2
"3542005",3.54320987654321,3,1944,0,0,2988,0,0,7969,0,0,1944,0,9.2,19.2
"3542015",3.08032786885246,3,3047,3,0,4168,1,0,8535,2,0,3050,0,5.7,19.2
"3542029",5.53284671532847,5,137,0,0,2078,0,0,4233,0,0,137,0,22.6,19.2
"3542037",3.37254901960784,3,459,0,0,2576,0,0,6005,0,0,459,0,7.8,19.2
"3542045",6.42331600937532,3,9718,89,6,7309,79,4,9306,74,4,9813,0.1,26.3,40.3
"3542047",8.72523392247141,6,6659,74,0,5714,48,0,11307,58,0,6733,0,35.2,19.2
"3542053",4.52426260704091,3,2054,48,0,4111,23,0,8581,15,0,2102,0,16.8,19.2
"3542059",4.16171617161716,4,303,0,0,6291,0,0,12148,0,0,303,0,14.3,19.2
"3543003",8.44010680416168,7,10749,88,24,3962,25,6,10908,64,17,10861,0.2,34.7,43.7
"3543005",9.49587255611875,8,13703,95,12,6257,27,4,14718,70,11,13810,0.1,38.4,40.3
"3543007",16.2838795394154,12,18205,2070,47,14101,2109,37,37851,5989,108,20322,0.2,54.7,43.7
"3543009",9.67858038625533,7,15764,118,66,7767,37,21,21496,103,42,15948,0.4,39.2,48.2
"3543014",10.7785546343274,9,15914,228,20,13713,188,7,42200,663,17,16162,0.1,43,40.3
"3543015",8.45906820911562,5,14906,808,105,6716,310,45,14130,353,88,15819,0.7,34.9,51.7
"3543017",25.2470204012385,24,16830,6155,592,12017,5159,351,30266,12532,523,23577,2.5,66.8,60.7
"3543019",12.5032458870609,5,10120,821,304,5435,534,197,9608,528,241,11245,2.7,48,61.4
"3543021",13.6653395106414,12,13600,189,25,8120,95,9,22663,262,25,13814,0.2,50.3,43.7
"3543023",10.8629810240645,4,17682,796,388,8808,465,227,21880,795,327,18866,2.1,43.3,59.5
"3543031",9.22945062296179,7,11722,181,56,12975,190,51,24491,254,66,11959,0.5,37.3,49.6
"3543042",11.3327641656444,9,58100,2074,148,53745,3148,370,141514,5581,636,60322,0.2,44.6,43.7
"3543050",8.30035335689046,7,560,2,4,406,1,1,992,1,5,566,0.7,34.1,51.7
"3543052",19.0726753411615,16,11291,1116,197,13779,1454,195,30609,2461,341,12604,1.6,59.3,57.5
"3543064",15.898478577022,12,16608,1133,137,12883,785,90,23781,928,139,17878,0.8,54,52.7
"3543068",7.46583006535948,5,18604,452,69,9400,250,43,12768,159,29,19125,0.4,30.9,48.2
"3543069",4.55042527339004,3,793,30,0,505,19,0,667,12,0,823,0,17,19.2
"3543070",6.9,6.5,30,0,0,14,0,0,30,0,0,30,0,28.5,19.2
"3543071",7.24160475482912,6,9910,27,158,5186,16,85,10906,25,123,10095,1.6,30.1,57.5
"3543072",6.32882965126894,5,5403,57,17,4319,24,8,10018,35,14,5477,0.3,25.9,46.2
"3543074",6.49419818983523,6,8566,45,7,8268,22,5,17761,46,11,8618,0.1,26.7,40.3
"3544002",6.89422796901392,3,15838,1331,0,7709,557,0,12089,466,0,17169,0,28.5,19.2
"3544018",4.78265318406164,3,16008,583,23,8761,243,12,17020,213,2,16614,0.1,18.4,40.3
"3544027",5.35840560373582,2,11509,478,5,4138,172,2,3626,121,1,11992,0,21.7,19.2
"3544042",3.72794871794872,3,22995,404,1,11005,190,0,20873,254,0,23400,0,10.6,19.2
"3544053",11.1417151726814,3,21230,4503,37,7738,1619,12,6640,942,5,25770,0.1,44.1,40.3
"3544065",12.1558873386361,4,12581,2587,170,4217,897,41,3026,362,38,15338,1.1,47.1,55.1
"3544071",4.95789473684211,3,544,26,0,0,0,0,0,0,0,570,0,19.2,19.2
"3544073",5.04326923076923,3,203,5,0,78,2,0,208,5,0,208,0,20.1,19.2
"3546005",8.76450065416485,3,2121,59,113,2926,35,70,2696,26,52,2293,4.9,35.4,66.6
"3546015",4.47101449275362,3,136,1,1,3269,100,80,4179,142,107,138,0.7,16.5,51.7
"3546018",4.04166666666667,2,71,1,0,2231,17,0,1634,11,0,72,0,13.3,19.2
"3546024",2.74590163934426,2,122,0,0,3569,0,0,3874,0,0,122,0,3.2,19.2
"3547002",55.5154888673766,55,310,1112,644,372,1828,1711,825,4048,3549,2066,31.2,84.7,82.2
"3547003",56.433804951996,57,978,1413,1567,1260,889,848,3064,2149,1837,3958,39.6,85.1,84.9
"3547008",19.2864583333333,5,151,19,22,1528,108,117,2019,133,134,192,11.5,59.7,73.8
"3547020",4.08620689655172,2,114,1,1,877,2,18,1356,4,18,116,0.9,13.7,53.4
"3547030",3.8125,3,175,0,1,1786,0,10,2933,0,19,176,0.6,11.4,50.6
"3547033",56.2302268546904,62,1030,666,1566,620,305,615,1197,546,631,3262,48,84.9,86.7
"3547035",33.7260542661,17,2017,354,688,1752,232,277,3133,404,258,3059,22.5,73.8,79.2
"3547037",35.1835443037975,16,287,51,136,142,18,31,379,48,63,474,28.7,74.7,81.6
"3547043",39.8850504432895,36,1563,1070,638,812,254,153,1784,637,379,3271,19.5,77.5,77.7
"3547046",40.4026358257127,27,2039,693,986,814,278,383,1855,607,695,3718,26.5,77.7,80.7
"3547048",45.6649560117302,45,1103,2335,654,1013,2363,728,2183,4663,1334,4092,16,80.6,76
"3547056",59.2762436447014,62,2553,2831,4647,823,1165,1477,1827,2600,2788,10031,46.3,86.3,86.3
"3547064",74.9615444985089,78,74,1561,4736,59,1487,5342,178,3288,10898,6371,74.3,92.7,92.4
"3547070",44.1182548794489,40,2830,1208,2059,735,344,669,1537,674,885,6097,33.8,79.8,83.1
"3547075",61.7423435419441,64,1106,2889,3515,554,1392,1907,1419,3446,4530,7510,46.8,87.1,86.5
"3547076",69.4052412552019,73,572,2726,5593,388,2160,4609,956,5470,11692,8891,62.9,90.3,89.9
"3547090",39.9,38.5,24,17,9,482,106,38,952,247,64,50,18,77.5,77
"3547096",39.8373983739837,34,59,46,18,572,199,78,1082,441,165,123,14.6,77.4,75.2
"3547098",16.3181818181818,5.5,19,2,1,103,22,1,211,44,2,22,4.5,54.7,65.5
"3548001",3.46875,3,63,1,0,473,2,0,540,4,0,64,0,8.6,19.2
"3548013",6.13193885760257,4,1222,4,17,467,1,6,920,2,10,1243,1.4,25.2,56.5
"3548019",9.23214285714286,5.5,108,0,4,82,0,6,128,0,10,112,3.6,37.3,63.6
"3548021",6.82461786001609,5,1239,0,4,928,0,1,1879,0,2,1243,0.3,28.1,46.2
"3548022",6.71477663230241,4,858,0,15,255,0,4,538,0,9,873,1.7,27.5,57.9
"3548027",9.81347544727826,6,2518,76,33,1011,40,15,2059,53,19,2627,1.3,39.8,56.1
"3548031",12.0126201923077,6,1506,96,62,532,49,32,1196,68,43,1664,3.7,46.6,63.8
"3548034",10.4913916786227,4,3836,271,75,1969,152,37,4595,266,60,4182,1.8,42,58.4
"3548044",3.71487473903967,3,19061,99,0,24817,58,0,52116,115,0,19160,0,10.5,19.2
"3548055",6.94736842105263,4,11716,305,234,6809,112,48,13694,173,78,12255,1.9,28.6,58.8
"3548069",10.3225806451613,4,28,2,1,675,19,26,626,20,44,31,3.2,41.6,62.8
"3548073",5.16788856304985,4,1344,19,1,761,11,0,1619,20,1,1364,0.1,20.7,40.3
"3548091",6.4390243902439,3,161,1,2,296,0,0,77,0,0,164,1.2,26.5,55.7
"3548094",6.84160305343511,4,505,7,12,360,1,2,680,2,3,524,2.3,28.3,60
"3549003",3.97391304347826,3,114,1,0,3763,10,0,4146,16,0,115,0,12.6,19.2
"3549005",8.31578947368421,4,35,3,0,1871,247,0,669,82,0,38,0,34.3,19.2
"3549012",2.5,2.5,4,0,0,161,0,0,202,0,0,4,0,1.3,19.2
"3549014",4.5,2,6,0,0,201,0,0,288,0,0,6,0,16.6,19.2
"3549018",4.05263157894737,2,18,1,0,762,236,0,599,109,0,19,0,13.3,19.2
"3549019",2.78723404255319,2,47,0,0,982,0,0,1252,0,0,47,0,3.6,19.2
"3549022",2.64102564102564,3,39,0,0,304,0,0,491,0,0,39,0,2.4,19.2
"3549024",2.25,2,20,0,0,321,0,0,481,0,0,20,0,0.4,19.2
"3549028",2.09090909090909,2,11,0,0,940,0,0,916,0,0,11,0,0.2,19.2
"3549031",3.19047619047619,3,21,0,0,556,0,0,930,0,0,21,0,6.5,19.2
"3549032",3.44545454545455,3,109,1,0,2270,0,0,4354,0,0,110,0,8.4,19.2
"3549036",3.16666666666667,3,24,0,0,1069,0,0,1014,0,0,24,0,6.4,19.2
"3549039",2.94444444444444,3,18,0,0,1010,0,0,723,0,0,18,0,4.8,19.2
"3549043",4.05714285714286,3,35,0,0,828,0,0,815,0,0,35,0,13.4,19.2
"3549046",2.78787878787879,3,33,0,0,499,0,0,825,0,0,33,0,3.6,19.2
"3549048",2.76923076923077,3,26,0,0,276,0,0,544,0,0,26,0,3.4,19.2
"3549051",2.5,2.5,2,0,0,55,0,0,102,0,0,2,0,1.3,19.2
"3549056",5,3,15,0,0,192,0,0,385,0,0,15,0,19.6,19.2
"3549060",5.81781376518219,5,2207,2,14,1186,9,4,2919,19,9,2223,0.6,23.9,50.6
"3549066",7.53781512605042,5,2775,40,41,1708,20,27,3868,38,48,2856,1.4,31.2,56.5
"3549071",8.95300261096606,4,2129,75,94,916,19,28,1605,34,48,2298,4.1,36.2,64.9
"3549073",3.5,3.5,2,0,0,153,0,0,70,0,0,2,0,8.8,19.2
"3549076",13.3333333333333,6.5,5,1,0,0,0,0,0,0,0,6,0,49.9,19.2
"3549077",9.4010152284264,3,346,46,2,127,17,1,177,23,1,394,0.5,38,49.6
"3549095",3,3,1,0,0,13,0,0,28,0,0,1,0,5.2,19.2
"3549096",18.7807881773399,4,293,97,16,704,80,5,678,69,4,406,3.9,59,64.3
"3551006",3.9,3,10,0,0,206,0,0,376,0,0,10,0,12.1,19.2
"3551011",3,3,8,0,0,226,0,0,322,0,0,8,0,5.2,19.2
"3551017",24.0666666666667,13,24,2,4,279,91,185,421,158,211,30,13.3,65.8,74.6
"3551021",32.8333333333333,29,3,3,0,231,195,0,147,273,0,6,0,73.1,19.2
"3551026",8.91666666666667,7.5,12,0,0,215,0,0,462,0,0,12,0,35.9,19.2
"3551027",8.85714285714286,10,7,0,0,82,0,0,95,0,0,7,0,35.6,19.2
"3551043",5,4,7,0,0,95,0,0,290,0,0,7,0,19.6,19.2
"3551045",12,9.5,4,0,0,135,0,0,206,0,0,4,0,46.5,19.2
"3551094",3.5,3.5,4,0,0,87,0,0,69,0,0,4,0,8.8,19.2
"3552001",8.10527351436442,4,4683,365,34,1925,126,12,2647,152,14,5082,0.7,33.3,51.7
"3552004",10.8142440649729,5,2211,55,135,745,12,32,1301,14,41,2401,5.6,43,68
"3552013",5.97583429228999,4,2588,3,16,1114,1,5,2552,1,11,2607,0.6,24.6,50.6
"3552023",24.4805194805195,15,53,22,2,575,316,32,1015,509,61,77,2.6,66.1,61
"3552026",16.4,10,22,3,0,245,105,0,527,206,0,25,0,54.8,19.2
"3552028",5.33333333333333,5,3,0,0,291,0,0,503,0,0,3,0,21.5,19.2
"3552031",5.13333333333333,3,15,0,0,60,0,0,55,0,0,15,0,20.6,19.2
"3552036",15.3742802303263,4,417,79,25,306,7,1,243,6,1,521,4.8,53.2,66.4
"3552051",8.88461538461539,6,129,0,1,200,0,2,409,0,3,130,0.8,35.7,52.7
"3552056",10.3333333333333,4,32,3,1,30,3,1,55,5,2,36,2.8,41.6,61.7
"3552092",4.8780487804878,4,41,0,0,445,0,0,856,0,0,41,0,18.8,19.2
"3552093",13.1607142857143,6.5,52,2,2,952,44,69,1037,32,21,56,3.6,49.6,63.6
"3553005",9.03089649985899,6,62525,771,530,74048,770,388,162375,1585,689,63826,0.8,36.7,52.7
"3553040",17.4300518134715,13,176,2,15,61,1,7,108,2,14,193,7.8,56.8,70.8
"3554001",10.1818181818182,9,11,0,0,124,0,0,244,0,0,11,0,41.1,19.2
"3554006",18,18,1,0,0,69,0,0,115,0,0,1,0,57.8,19.2
"3554008",13.8571428571429,10,7,0,0,149,0,0,271,0,0,7,0,50.9,19.2
"3554014",50.6666666666667,53,0,3,0,0,60,0,0,168,0,3,0,82.7,19.2
"3554020",53.9747899159664,54,17,70,32,345,950,407,780,1975,830,119,26.9,84.4,81
"3554021",38,38,1,0,1,15,0,8,25,0,18,2,50,76.7,87.2
"3554024",80.8571428571429,82,0,0,7,0,0,72,0,0,189,7,100,95,98.9
"3554026",83.2,83,0,0,5,0,0,27,0,0,73,5,100,95.9,98.9
"3554032",69.5714285714286,71,0,1,6,0,2,24,0,6,63,7,85.7,90.4,94.5
"3554034",86,89,0,0,8,0,0,49,0,0,102,8,100,96.9,98.9
"3554036",78.7297297297297,77,0,6,31,0,31,160,0,66,352,37,83.8,94.3,94.1
"3554042",9.125,8,8,0,0,143,0,0,234,0,0,8,0,36.8,19.2
"3554044",77.3333333333333,77,0,0,3,0,0,28,0,0,108,3,100,93.5,98.9
"3554049",66.2727272727273,64,0,6,5,0,70,70,0,152,176,11,45.5,89.2,86
"3554052",54.2307692307692,51,0,12,1,0,145,13,0,308,25,13,7.7,84.5,70.7
"3554056",5.83333333333333,4.5,24,0,0,103,0,0,130,0,0,24,0,24,19.2
"3554058",14.7142857142857,4,6,0,1,52,0,1,81,0,0,7,14.3,52.2,75
"3554062",10.5,10.5,2,0,0,26,0,0,30,0,0,2,0,42,19.2
"3554066",6.5,6.5,2,0,0,13,0,0,25,0,0,2,0,26.8,19.2
"3554068",6.33333333333333,5,117,0,0,1473,0,0,2736,0,0,117,0,26,19.2
"3554091",31.2244897959184,6,31,0,18,11,0,6,0,0,0,49,36.7,72,84
"3554094",18.9295774647887,5,55,9,7,516,100,95,633,166,186,71,9.9,59.1,72.7
"3556014",9.57894736842105,9,38,0,0,480,0,0,939,0,0,38,0,38.7,19.2
"3556027",8.35085413929041,8,760,1,0,13427,0,0,27095,0,0,761,0,34.4,19.2
"3556031",11.551724137931,11,29,0,0,420,0,0,850,0,0,29,0,45.2,19.2
"3556042",8.31428571428571,8,35,0,0,604,0,0,1213,0,0,35,0,34.2,19.2
"3556048",9.09090909090909,9,22,0,0,191,0,0,325,0,0,22,0,36.7,19.2
"3556052",5.5625,5.5,16,0,0,188,0,0,290,0,0,16,0,22.9,19.2
"3556056",7.02,7,50,0,0,400,0,0,741,0,0,50,0,28.9,19.2
"3556066",6.83471074380165,7,242,0,0,2284,0,0,4288,0,0,242,0,28.2,19.2
"3556070",4.74358974358974,5,39,0,0,207,0,0,401,0,0,39,0,18.1,19.2
"3556073",9.625,10,8,0,0,59,0,0,115,0,0,8,0,39,19.2
"3556076",6.81267029972752,6,2933,1,2,2295,1,1,4657,2,2,2936,0.1,28,40.3
"3556077",8.863361547763,8,817,8,2,260,0,0,541,1,0,827,0.2,35.6,43.7
"3556091",3,3,1,0,0,38,0,0,5,0,0,1,0,5.2,19.2
"3556092",9.44556962025317,9,1178,6,1,574,8,0,1066,2,0,1185,0.1,38.1,40.3
"3556095",19,17.5,6,0,0,0,0,0,0,0,0,6,0,59.2,19.2
"3557008",5.33333333333333,5,3,0,0,120,0,0,206,0,0,3,0,21.5,19.2
"3557011",6.75,7,4,0,0,66,0,0,151,0,0,4,0,27.7,19.2
"3557014",7,7,1,0,0,5,0,0,21,0,0,1,0,28.8,19.2
"3557016",5.25,5,4,0,0,255,0,0,340,0,0,4,0,21.3,19.2
"3557019",6,5.5,4,0,0,93,0,0,123,0,0,4,0,24.9,19.2
"3557021",7,7,2,0,0,16,0,0,56,0,0,2,0,28.8,19.2
"3557028",6.875,5,15,1,0,242,9,0,547,17,0,16,0,28.4,19.2
"3557035",4.3,4,30,0,0,628,0,0,861,0,0,30,0,15.4,19.2
"3557038",8.56862745098039,5,49,0,2,548,0,64,1026,0,95,51,3.9,35,64.3
"3557039",12.3,9.5,10,0,0,168,0,0,305,0,0,10,0,47.6,19.2
"3557040",5.25,3.5,4,0,0,211,0,0,300,0,0,4,0,21.3,19.2
"3557041",4.51875,4,320,0,0,3713,0,0,6552,0,0,320,0,16.8,19.2
"3557051",5.66666666666667,6,3,0,0,81,0,0,177,0,0,3,0,23.4,19.2
"3557061",7.35463917525773,6,1453,2,0,28930,1,0,58465,2,0,1455,0,30.5,19.2
"3557066",6,6,1,0,0,46,0,0,110,0,0,1,0,24.9,19.2
"3557071",9,9,2,0,0,102,0,0,222,0,0,2,0,36.5,19.2
"3557074",6,6,1,0,0,5,0,0,5,0,0,1,0,24.9,19.2
"3557075",7.75,7.5,4,0,0,0,0,0,0,0,0,4,0,31.9,19.2
"3557076",5.50793650793651,5,63,0,0,389,0,0,654,0,0,63,0,22.5,19.2
"3557079",5.33333333333333,6,6,0,0,67,0,0,112,0,0,6,0,21.5,19.2
"3557091",5.875,6.5,8,0,0,166,0,0,277,0,0,8,0,24.1,19.2
"3557095",6.74603174603175,3,60,3,0,640,0,0,1044,6,0,63,0,27.6,19.2
"3557096",5,5,3,0,0,142,0,0,242,0,0,3,0,19.6,19.2
"3558001",18.1194029850746,7,60,4,3,230,100,104,420,256,111,67,4.5,58,65.5
"3558003",33.2530487804878,31,520,414,50,208,159,10,537,375,13,984,5.1,73.3,66.9
"3558004",26.0100045651899,23,75978,24601,2374,37731,11980,1254,80632,25651,2483,102953,2.3,67.5,60
"3558011",17.9684274438373,14,1396,248,3,1309,347,6,3339,874,15,1647,0.2,57.7,43.7
"3558012",6.66666666666667,5,3,0,0,46,0,0,89,0,0,3,0,27.4,19.2
"3558016",3.66666666666667,3,3,0,0,48,0,0,112,0,0,3,0,10.2,19.2
"3558019",10,10,1,0,0,23,0,0,55,0,0,1,0,40.5,19.2
"3558028",7.04,4,215,8,2,504,48,305,1011,101,467,225,0.9,29.1,53.4
"3558041",44,43.5,2,8,0,24,112,0,51,229,0,10,0,79.6,19.2
"3558044",30.4666666666667,26,9,5,1,137,97,34,267,194,63,15,6.7,71.3,69.4
"3558051",8.45454545454546,8,11,0,0,160,0,0,248,0,0,11,0,34.8,19.2
"3558054",10.5454545454545,11,11,0,0,109,0,0,197,0,0,11,0,42.2,19.2
"3558059",5.85185185185185,5,27,0,0,447,0,0,671,0,0,27,0,24.1,19.2
"3558066",5.76923076923077,6,26,0,0,373,0,0,749,0,0,26,0,23.7,19.2
"3558068",15,15,1,0,0,57,0,0,182,0,0,1,0,52.8,19.2
"3558075",8.62790697674419,8,43,0,0,749,0,0,1376,0,0,43,0,35.1,19.2
"3558090",4.99185667752443,3,604,3,7,1256,8,14,1479,15,15,614,1.1,19.4,55.1
"3559001",3.53333333333333,3,45,0,0,680,0,0,1225,0,0,45,0,9.1,19.2
"3559011",5,5,1,0,0,66,0,0,181,0,0,1,0,19.6,19.2
"3559012",8.84313725490196,6,50,0,1,906,0,17,1683,0,36,51,2,35.6,59.2
"3559016",3.77777777777778,4,9,0,0,123,0,0,278,0,0,9,0,11,19.2
"3559019",4.76923076923077,5,13,0,0,107,0,0,251,0,0,13,0,18.2,19.2
"3559024",3.44444444444444,3,9,0,0,90,0,0,261,0,0,9,0,8.4,19.2
"3559026",4,4,1,0,0,43,0,0,107,0,0,1,0,12.8,19.2
"3559031",4.25,3.5,12,0,0,54,0,0,116,0,0,12,0,15,19.2
"3559040",5,5,4,0,0,64,0,0,113,0,0,4,0,19.6,19.2
"3559042",4.21428571428571,4,14,0,0,88,0,0,168,0,0,14,0,14.6,19.2
"3559047",23.3333333333333,22,4,2,0,147,48,0,92,11,0,6,0,64.9,19.2
"3559060",2,2,2,0,0,33,0,0,72,0,0,2,0,0.1,19.2
"3559063",7,7,1,0,0,54,0,0,114,0,0,1,0,28.8,19.2
"3559090",16.4761904761905,6,18,1,2,407,36,221,415,31,62,21,9.5,55.1,72.3
"3560001",6.76470588235294,6,17,0,0,329,0,0,608,0,0,17,0,27.7,19.2
"3560004",19.5,19.5,2,0,0,144,0,0,427,0,0,2,0,60.1,19.2
"3560008",21.3157894736842,6,14,3,2,654,36,29,407,36,26,19,10.5,62.7,73.1
"3560010",9.76842105263158,6,183,7,0,3325,104,0,6577,212,0,190,0,39.6,19.2
"3560021",5.42857142857143,3,14,0,0,122,0,0,238,0,0,14,0,21.9,19.2
"3560027",5.44642857142857,5,56,0,0,1219,0,0,2646,0,0,56,0,22,19.2
"3560032",6.42857142857143,3,13,1,0,196,32,0,318,58,0,14,0,26.4,19.2
"3560034",7.11428571428571,6,70,0,0,1048,0,0,2257,0,0,70,0,29.4,19.2
"3560042",7.1875,5,64,0,0,1027,0,0,2221,0,0,64,0,29.8,19.2
"3560058",3,3,2,0,0,230,0,0,584,0,0,2,0,5.2,19.2
"3560061",3.83333333333333,3.5,6,0,0,228,0,0,789,0,0,6,0,11.6,19.2
"3560067",8,9,3,0,0,146,0,0,663,0,0,3,0,33.1,19.2
"3560075",80.6666666666667,83,0,0,3,0,0,0,0,0,0,3,100,94.8,98.9
"3560090",10.9206349206349,5,59,2,2,1882,70,15,1986,30,18,63,3.2,43.5,62.8
"4601035",17.8624740843124,14,2504,385,5,655,114,1,1466,247,3,2894,0.2,57.5,43.7
"4601039",7.5594237695078,4,3243,89,0,1015,25,0,1632,31,0,3332,0,31.3,19.2
"4601043",4.65308924485126,4,2168,8,9,699,1,2,946,2,4,2185,0.4,17.5,48.2
"4601046",5.71301859799714,4,3476,9,10,749,2,2,1589,3,4,3495,0.3,23.6,46.2
"4601057",2.55294117647059,2,85,0,0,48,0,0,82,0,0,85,0,1.8,19.2
"4601094",9.85714285714286,3,6,1,0,144,36,0,83,15,0,7,0,40,19.2
"4602024",37.0876494023904,30,1948,658,1159,525,288,265,1187,639,482,3765,30.8,76,82.1
"4602026",7.90476190476191,3.5,42,0,0,36,0,0,100,0,0,42,0,32.6,19.2
"4602027",72.6875,73,0,90,134,0,83,86,0,266,298,224,59.8,91.8,89.2
"4602032",65.5363825363825,71,129,269,564,14,29,56,159,129,313,962,58.6,88.9,88.9
"4602041",16.8528532270122,8,6708,983,335,3833,315,105,12813,945,334,8026,4.2,55.8,65.1
"4602044",10.0053151100987,6,4993,215,60,6819,194,22,17171,420,64,5268,1.1,40.5,55.1
"4602046",82.4564102564103,86,0,188,1567,0,231,1762,0,674,5215,1755,89.3,95.6,95.3
"4602053",3.75107685332124,3,4411,0,0,2163,0,0,6670,0,0,4411,0,10.7,19.2
"4602057",11.0669189404501,6,4661,302,58,1992,83,13,5255,268,41,5021,1.2,43.9,55.7
"4602061",26.841975308642,21,643,103,64,925,159,117,2264,361,261,810,7.9,68.5,70.9
"4602069",28.8328902851619,24,5627,2036,613,2864,975,225,8228,2871,694,8276,7.4,70,70.3
"4602075",79.5709281961471,84,106,736,4297,65,404,2181,174,1070,5956,5139,83.6,94.5,94.1
"4603030",77.4171232876712,82,39,302,1119,3,148,316,7,308,830,1460,76.6,93.6,92.9
"4603041",61.4235294117647,62,9,147,99,2,35,18,6,95,60,255,38.8,86.9,84.7
"4603047",3.80182926829268,3,328,0,0,56,0,0,159,0,0,328,0,11.3,19.2
"4603058",5.15384615384615,5,13,0,0,8,0,0,16,0,0,13,0,20.7,19.2
"4603065",83.0391404451266,88,48,242,2316,8,93,584,23,269,1695,2606,88.9,95.8,95.1
"4603067",85.342175066313,90,0,80,1051,0,76,792,0,168,1807,1131,92.9,96.6,96
"4604034",5.89386363636364,4,4378,18,4,938,2,1,2220,3,2,4400,0.1,24.3,40.3
"4604040",6.79773254315898,5,3836,40,5,870,12,0,1993,26,1,3881,0.1,27.9,40.3
"4604052",10.0989385898408,6,2480,107,51,448,26,13,1281,30,15,2638,1.9,40.8,58.8
"4604057",10.8500186081131,7,2526,146,15,441,40,3,900,36,3,2687,0.6,43.2,50.6
"4604064",7.95483541719826,5,3827,55,37,744,13,11,1601,25,21,3919,0.9,32.8,53.4
"4604068",6.37974683544304,6,236,0,1,0,0,0,0,0,0,237,0.4,26.2,48.2
"4605025",10.6214871922407,7,3767,206,48,1371,152,34,2949,380,87,4021,1.2,42.4,55.7
"4605032",7.42795031055901,6,4796,13,21,1101,1,3,2281,3,5,4830,0.4,30.7,48.2
"4605038",12.1345656192237,10,2632,25,48,893,4,22,1450,5,16,2720,1.8,47.1,58.4
"4605044",13.7500946611132,13,2602,23,16,285,1,1,560,3,2,2641,0.6,50.5,50.6
"4605056",10.9922171223309,10,4979,16,16,483,1,1,929,4,1,5011,0.3,43.6,46.2
"4605062",9.24948875255624,8,2908,15,11,332,1,1,959,3,2,2934,0.4,37.4,48.2
"4605071",7.488,6,497,0,3,47,0,0,210,0,1,500,0.6,31,50.6
"4606016",17.6352101506741,10,2149,222,151,546,139,78,1034,117,73,2522,6,57.1,68.4
"4606023",10.2539427960438,9,3710,21,10,669,2,1,1403,5,4,3741,0.3,41.4,46.2
"4606029",10.5522388059701,9,133,1,0,117,1,0,320,2,0,134,0,42.2,19.2
"4606031",10.1941238195173,8,7496,60,68,1115,9,8,2674,22,22,7624,0.9,41.2,53.4
"4606034",16.7602773650322,14,1868,138,13,1385,110,12,2899,201,18,2019,0.6,55.6,50.6
"4606040",17.4383164005806,11,612,35,42,315,17,13,954,63,40,689,6.1,56.9,68.5
"4607039",11.5242165242165,10,691,6,5,307,0,0,629,0,0,702,0.7,45,51.7
"4607040",12.1111111111111,12,63,0,0,0,0,0,0,0,0,63,0,46.9,19.2
"4607046",10.6708860759494,7,74,5,0,39,3,0,105,7,0,79,0,42.5,19.2
"4607052",9.97835497835498,8,225,6,0,36,1,0,87,1,0,231,0,40.3,19.2
"4607057",11.8450526315789,9,2284,51,40,622,11,5,1624,28,12,2375,1.7,46,57.9
"4607060",11.0968432316747,9,1842,6,21,723,2,2,1810,4,5,1869,1.1,44.1,55.1
"4607062",21.0828476643056,16,19023,2573,710,18332,3412,706,41817,7315,2020,22306,3.2,62.3,62.8
"4607066",9.47159587484705,8,5638,62,21,926,9,5,2759,26,12,5721,0.4,38.2,48.2
"4607068",10.420443587271,10,1037,0,0,847,0,0,1818,0,0,1037,0,41.8,19.2
"4607071",5.74385964912281,5,285,0,0,57,0,0,132,0,0,285,0,23.7,19.2
"4607076",13.8385565052232,10,967,58,28,166,4,1,421,14,15,1053,2.7,50.7,61.4
"4608032",7.27205882352941,6,135,0,1,42,0,0,104,0,0,136,0.7,30.2,51.7
"4608042",11.7432432432432,11,587,5,0,235,2,0,492,3,0,592,0,45.6,19.2
"4608046",7.24073754954334,6,5768,24,11,1412,1,0,3814,26,23,5803,0.2,30.1,43.7
"4608055",12.2932952924394,10,3455,47,3,410,5,0,1116,12,0,3505,0.1,47.5,40.3
"4608060",33.6302385557705,21,3556,1696,952,542,535,136,1755,1229,285,6204,15.3,73.6,75.8
"4608069",38.4338394793926,36,420,412,90,256,253,46,1234,1181,183,922,9.8,76.9,72.6
"4609018",71.6666666666667,80,5,11,29,2,2,6,4,5,6,45,64.4,91.2,90.3
"4609024",67.7568345323741,74,192,406,792,39,101,233,73,277,295,1390,57,89.6,88.6
"4610035",74.0405471421593,82,275,818,3001,224,376,1268,656,1154,3680,4094,73.3,92.2,92.2
"4610043",64.478527607362,69,32,44,87,26,22,8,64,56,15,163,53.4,88.5,88.1
"4610052",77.3571428571429,77.5,0,0,14,0,0,4,0,0,10,14,100,93.5,98.9
"4611040",35.8576943897491,27,193057,87048,56101,161108,85666,65361,390684,198937,154382,336206,16.7,75.2,76.4
"4611042",42.2701968771215,40,649,476,348,591,403,292,1609,1610,960,1473,23.6,78.5,79.7
"4612047",27.5603390038691,17,11618,2478,2187,4956,757,250,13262,2120,668,16283,13.4,69.1,74.7
"4612054",11.7818735204599,8,2799,133,25,1308,38,7,3340,84,16,2957,0.8,45.8,52.7
"4613032",31.5482367247669,23,3473,867,594,2500,562,415,6921,1556,1161,4934,12,72.2,74
"4613037",41.7411844484629,38,1922,1726,776,904,896,466,2543,2731,1393,4424,17.5,78.3,76.7
"4613043",45.1678457591542,40,5094,4801,2968,1966,1701,1019,5253,4288,2117,12863,23.1,80.3,79.4
"4613047",36.8521377672209,26,3109,979,964,2837,814,991,6621,1903,1795,5052,19.1,75.8,77.5
"4613049",68.5394456289979,67,0,233,236,0,168,181,0,168,163,469,50.3,89.8,87.4
"4613056",29.0092626007458,24,5459,2215,639,2455,1149,319,6031,2879,819,8313,7.7,70.2,70.7
"4614015",57.5313174946004,63,237,264,425,48,40,54,125,101,124,926,45.9,85.7,86.1
"4614031",30.1427909133055,19,1528,285,344,431,72,59,1083,178,109,2157,15.9,71.2,76
"4614036",32.5150473810268,25,5798,2565,1240,1834,699,315,4683,1848,874,9603,12.9,73,74.3
"4614039",19.2861369399831,15,2062,291,13,1847,182,3,4432,362,7,2366,0.5,59.6,49.6
"4614042",12.5748691099476,11,945,10,0,583,5,0,1183,13,0,955,0,48.1,19.2
"4615020",11.8314930388862,8,2001,78,4,1779,160,2,5288,375,6,2083,0.2,45.9,43.7
"4615032",7.23508459483526,6,1120,3,0,179,0,0,466,1,0,1123,0,30.1,19.2
"4615037",8.41255442670537,6,2701,53,2,595,3,0,1191,8,0,2756,0.1,34.5,40.3
"4615042",6.43801652892562,6,121,0,0,106,0,0,367,0,0,121,0,26.5,19.2
"4615047",9.90950639853748,7,2130,50,8,317,7,1,671,15,2,2188,0.4,40.2,48.2
"4615049",4.33333333333333,4,3,0,0,2,0,0,15,0,0,3,0,15.7,19.2
"4615056",9.71809523809524,8,2615,10,0,321,1,0,837,1,0,2625,0,39.5,19.2
"4615063",13.0564695420187,7,4049,416,33,897,98,12,1520,103,12,4498,0.7,49.4,51.7
"4615070",9.34336283185841,6,558,3,4,505,0,0,416,0,0,565,0.7,37.9,51.7
"4615074",13.7056555269923,8,1400,134,22,216,16,3,528,81,13,1556,1.4,50.4,56.5
"4615078",8.42922794117647,7,3253,11,0,586,1,0,1514,10,0,3264,0,34.7,19.2
"4615092",5.47058823529412,5,17,0,0,35,0,0,44,0,0,17,0,22.2,19.2
"4616005",8.93686868686869,7,396,0,0,61,0,0,105,0,0,396,0,36.2,19.2
"4616020",9.20567375886525,9,141,0,0,218,0,0,267,0,0,141,0,37.2,19.2
"4616030",9.47368421052632,9,57,0,0,35,0,0,53,0,0,57,0,38.3,19.2
"4617026",25.5785375761679,11,2202,348,404,437,82,136,913,125,167,2954,13.7,67.1,74.8
"4617029",26.541889483066,20,448,79,34,353,62,31,1266,227,115,561,6.1,68,68.5
"4617035",7.15697674418605,7,172,0,0,32,0,0,75,0,0,172,0,29.5,19.2
"4617048",4,3,5,0,0,20,0,0,36,0,0,5,0,12.8,19.2
"4617092",13.0762942779292,10,712,21,1,674,16,1,194,3,0,734,0.1,49.4,40.3
"4618031",49.9543332656789,52,1397,2135,1395,789,1299,1461,1153,2030,2097,4927,28.3,82.5,81.4
"4618034",59.1778593913956,57,0,1458,448,0,696,327,0,743,337,1906,23.5,86.3,79.6
"4618037",24.9357104267963,20,2676,967,59,701,220,12,1267,402,21,3702,1.6,66.5,57.5
"4618040",56.9965421853389,55,875,785,1232,209,303,741,433,459,640,2892,42.6,85.4,85.5
"4618044",37.8393546124167,30,1626,823,402,383,211,136,753,405,150,2851,14.1,76.6,74.9
"4618055",56.9865951742627,58,60,170,143,43,117,96,158,417,324,373,38.3,85.3,84.6
"4618056",33.6552457969781,27,2760,1344,595,784,329,199,1558,507,163,4699,12.7,73.7,74.2
"4618060",12.2853773584906,10,411,13,0,104,4,0,173,5,0,424,0,47.5,19.2
"4618068",46.4366495312972,49,787,2029,491,129,398,125,220,913,267,3307,14.8,81,75.4
"4618093",95,95,0,0,1,0,0,0,0,0,0,1,100,99.7,98.9
"4619045",45.3553113553114,34,132,74,67,17,34,200,26,61,89,273,24.5,80.4,80
"4619056",54.9663157894737,54.5,230,364,356,134,201,183,384,561,504,950,37.5,84.7,84.3
"4619058",35.7142857142857,28,14,6,1,9,4,0,31,13,0,21,4.8,75.1,66.4
"4619059",47.4689092762487,43,692,807,463,314,382,213,1076,1295,682,1962,23.6,81.5,79.7
"4619061",61.5309734513274,59,16,46,51,13,42,47,39,108,120,113,45.1,87,85.8
"4619071",47.8571428571429,49,7,1,6,2,0,2,5,1,4,14,42.9,81.7,85.5
"4620042",11.8280994735887,8,5153,353,3,1161,71,0,2598,160,1,5509,0.1,45.9,40.3
"4620048",18.7679487179487,16,2010,323,7,1778,237,5,3510,531,8,2340,0.3,59,46.2
"4620051",16.177794734834,10,2286,319,16,671,67,3,1383,158,6,2621,0.6,54.4,50.6
"4620055",16.9855072463768,10,660,68,31,218,11,4,386,27,7,759,4.1,56,64.9
"4620060",3.17307692307692,3,52,0,0,44,0,0,139,0,0,52,0,6.4,19.2
"4620066",10.0714285714286,8,218,0,6,170,0,3,69,0,1,224,2.7,40.7,61.4
"4620069",11.3728813559322,7,54,5,0,34,4,0,9,1,0,59,0,44.7,19.2
"4621033",15.4593301435407,12,206,3,0,96,0,0,243,0,0,209,0,53.3,19.2
"4621034",50.0689655172414,54,6,21,2,58,26,3,201,67,10,29,6.9,82.6,69.6
"4621035",75.8666666666667,77.5,0,3,27,0,2,12,0,3,27,30,90,92.9,95.4
"4621036",77.25,76.5,0,0,8,0,0,0,0,0,0,8,100,93.3,98.9
"4621039",64,63.5,0,3,1,0,1,0,0,4,1,4,25,88.2,80.2
"4621040",73.3380281690141,76,1,5,65,1,2,50,2,4,114,71,91.5,92,95.8
"4621043",30.0495356037152,25,456,147,43,396,133,39,1544,517,149,646,6.7,71.1,69.4
"4621045",19.6234835355286,16,2016,279,13,2106,235,11,5037,564,23,2308,0.6,60.3,50.6
"4621052",47.6845360824742,51,468,610,377,156,204,132,407,486,333,1455,25.9,81.7,80.5
"4621078",45.4444444444444,50,1,8,0,0,87,0,0,125,0,9,0,80.4,19.2
"4701001",12,12,1,0,0,1,0,0,5,0,0,1,0,46.5,19.2
"4701043",9,7,9,0,0,3,0,0,5,0,0,9,0,36.5,19.2
"4701047",9.5,9.5,2,0,0,3,0,0,10,0,0,2,0,38.4,19.2
"4701094",6.46188340807175,5,222,1,0,17,0,0,40,0,0,223,0,26.6,19.2
"4703011",23.9375,14.5,12,4,0,3,1,0,11,4,0,16,0,65.5,19.2
"4703018",6,6,1,0,0,2,0,0,0,0,0,1,0,24.9,19.2
"4703022",18.0909090909091,15,20,2,0,9,1,0,23,2,0,22,0,57.9,19.2
"4704003",14.169014084507,5,63,6,2,22,0,0,41,1,1,71,2.8,51.4,61.7
"4705001",5.52702702702703,5,74,0,0,19,0,0,41,0,0,74,0,22.6,19.2
"4706021",17.8607198748044,11,553,47,39,60,3,3,138,7,5,639,6.1,57.5,68.5
"4706023",27.5402597402597,27,333,52,0,203,25,0,534,69,0,385,0,69,19.2
"4706026",10.2596401028278,7,375,4,10,49,1,9,118,2,22,389,2.6,41.4,61
"4706027",14.8529624815186,10,91619,6725,2433,85688,9323,3672,196367,20365,8683,100777,2.4,52.4,60.3
"4706053",8.33507014028056,4,2336,121,38,501,45,11,1238,66,16,2495,1.5,34.3,56.9
"4706054",3.57352941176471,3,68,0,0,31,0,0,58,0,0,68,0,9.6,19.2
"4706055",21.9426573426573,7,525,120,70,310,72,42,496,92,58,715,9.8,63.5,72.6
"4706056",9.8179347826087,8,1098,4,2,728,3,1,1789,7,3,1104,0.2,39.8,43.7
"4706057",18.672131147541,5,92,29,1,59,17,1,34,11,0,122,0.8,58.8,52.7
"4706058",14.6998714652956,3,1287,211,58,787,134,35,1085,166,41,1556,3.7,52.2,63.8
"4706059",18.2508214676889,5,751,42,120,116,17,63,213,14,39,913,13.1,58.2,74.5
"4706060",74.9301075268817,80,13,14,159,12,10,83,9,6,60,186,85.5,92.6,94.5
"4706063",19.9081081081081,7,756,27,142,60,14,75,118,7,46,925,15.4,60.7,75.9
"4706065",38.1233766233766,21,170,44,94,69,19,43,43,13,26,308,30.5,76.8,82
"4706068",4.09345794392523,4,107,0,0,44,0,0,60,0,0,107,0,13.7,19.2
"4706069",57.0364372469636,70,64,46,137,38,31,89,41,18,60,247,55.5,85.4,88.5
"4706070",9.18370739817124,4,1116,38,49,204,12,16,444,27,34,1203,4.1,37,64.9
"4706071",42.5784023668639,39,978,275,775,215,103,283,290,94,238,2028,38.2,78.7,84.5
"4706072",30.4096,13,381,100,144,213,51,65,203,42,77,625,23,71.3,79.3
"4706075",69.0604838709677,71,1,95,152,1,55,91,1,50,75,248,61.3,90.1,89.5
"4706076",50.9891304347826,59,25,37,30,14,20,16,6,8,7,92,32.6,82.9,82.6
"4706077",2.91269841269841,3,126,0,0,53,0,0,95,0,0,126,0,4.6,19.2
"4706078",8.97844827586207,7,227,4,1,118,0,0,266,0,0,232,0.4,36.3,48.2
"4706080",50.109756097561,63,86,57,103,40,28,54,36,18,37,246,41.9,82.6,85.4
"4706082",74.8265306122449,75,0,23,75,0,13,42,0,9,29,98,76.5,92.6,92.9
"4706085",71.6446078431373,80,33,67,308,21,39,185,12,20,101,408,75.5,91.2,92.7
"4707021",32.1422924901186,22,617,211,184,70,33,31,174,76,68,1012,18.2,72.7,77.2
"4707022",35.4813278008299,37,111,115,15,55,56,7,142,134,19,241,6.2,74.9,68.7
"4707023",51.8,53,14,54,17,3,17,12,5,23,27,85,20,83.3,77.9
"4707024",58.0763358778626,64,27,43,61,3,6,7,5,15,19,131,46.6,85.9,86.3
"4707026",61.5442404006678,67,70,212,317,45,128,164,78,281,406,599,52.9,87,88
"4708001",14.5397590361446,7,733,64,33,275,41,13,675,103,30,830,4,51.9,64.6
"4708004",13.6660697230181,6,7497,675,204,7113,550,152,15134,1211,318,8376,2.4,50.4,60.3
"4708038",5.47692307692308,5,65,0,0,24,0,0,50,0,0,65,0,22.3,19.2
"4708046",9.57575757575758,8,33,0,0,4,0,0,10,0,0,33,0,38.6,19.2
"4708053",10.6304347826087,7,44,2,0,11,0,0,22,1,0,46,0,42.4,19.2
"4708056",21.38,16,44,6,0,17,3,0,37,8,0,50,0,62.8,19.2
"4708061",16.6543209876543,15,157,5,0,12,0,0,123,3,0,162,0,55.5,19.2
"4708065",24.5,19.5,77,22,1,8,2,0,15,5,0,100,1,66.2,54.2
"4708071",10.3548387096774,5,27,4,0,7,0,0,20,0,0,31,0,41.7,19.2
"4708074",15.2176165803109,11,186,7,0,114,0,0,46,0,0,193,0,53.1,19.2
"4709037",33.5567226890756,33,246,208,22,172,159,14,197,165,11,476,4.6,73.6,65.8
"4709042",12.0269587194608,8,1130,45,12,99,4,0,167,3,0,1187,1,46.6,54.2
"4709044",12.3597122302158,12,278,0,0,166,0,0,255,0,0,278,0,47.7,19.2
"4709046",13.7869822485207,12,489,18,0,55,2,0,178,8,0,507,0,50.6,19.2
"4709067",8.90162162162162,7,922,0,3,128,0,0,258,0,1,925,0.3,35.8,46.2
"4709072",17.4944444444444,18,355,5,0,208,3,0,401,4,0,360,0,56.9,19.2
"4709075",7.4477503628447,6,1375,2,1,152,0,0,266,0,0,1378,0.1,30.9,40.3
"4709076",4.94936708860759,5,79,0,0,15,0,0,20,0,0,79,0,19.1,19.2
"4709819",11.2683706070288,8,300,11,2,283,4,1,786,11,2,313,0.6,44.4,50.6
"4709820",9.60714285714286,8,56,0,0,57,0,0,212,0,0,56,0,38.9,19.2
"4709821",9.67415730337079,8,89,0,0,51,0,0,134,0,0,89,0,39.2,19.2
"4709822",9,9,1,0,0,3,0,0,10,0,0,1,0,36.5,19.2
"4710014",12.85,14,60,0,0,41,0,0,145,0,0,60,0,48.8,19.2
"4710024",4.09863945578231,4,294,0,0,12,0,0,20,0,0,294,0,13.8,19.2
"4710823",8.34435261707989,5,363,0,0,244,0,0,763,0,0,363,0,34.4,19.2
"4711003",35.7650793650794,13,368,53,209,55,29,99,49,14,52,630,33.2,75.2,82.8
"4711006",12.4301397205589,6,912,11,79,72,1,15,108,0,10,1002,7.9,47.9,70.9
"4711007",76.8157894736842,82,6,20,126,5,14,100,3,6,31,152,82.9,93.2,93.9
"4711008",3.0510752688172,3,372,0,0,183,0,0,372,0,0,372,0,5.5,19.2
"4711026",12.7215189873418,9,79,0,0,40,0,0,127,0,0,79,0,48.5,19.2
"4711027",14.4,15,10,0,0,3,0,0,5,0,0,10,0,51.7,19.2
"4711039",4.65049342105263,3,1197,12,7,79,1,0,152,1,1,1216,0.6,17.5,50.6
"4711041",4.03543307086614,4,254,0,0,83,0,0,131,0,0,254,0,13.2,19.2
"4711042",6.25925925925926,5,1145,4,12,61,1,2,120,1,4,1161,1,25.5,54.2
"4711044",5.90455531453362,6,461,0,0,217,0,0,414,0,0,461,0,24.3,19.2
"4711052",11.6270928462709,3,576,47,34,43,3,2,105,10,9,657,5.2,45.3,67.2
"4711053",4.31041968162084,3,1368,14,0,907,1,0,1841,1,0,1382,0,15.5,19.2
"4711054",8.45350734094617,5,576,29,8,354,23,6,327,25,7,613,1.3,34.8,56.1
"4711061",14.6854838709677,13,122,2,0,17,0,0,49,0,0,124,0,52.1,19.2
"4711065",15.1853607660946,12,9863,571,113,2265,81,16,6241,306,49,10547,1.1,53.1,55.1
"4711066",16.2675472705535,11,77565,6713,1875,101726,10997,2582,234428,24800,6376,86153,2.2,54.6,59.7
"4711067",10.0391676866585,8,809,5,3,584,3,2,1503,10,6,817,0.4,40.7,48.2
"4711069",9.40548780487805,7,322,6,0,261,2,0,640,6,0,328,0,38,19.2
"4711075",8.8972602739726,9,146,0,0,161,0,0,477,0,0,146,0,35.8,19.2
"4711076",22.5833333333333,29,8,4,0,3,1,0,5,0,0,12,0,64.2,19.2
"4711091",12.7105263157895,4,1031,91,56,76,6,4,168,7,5,1178,4.8,48.5,66.4
"4711092",19.9243697478992,7,183,34,21,111,23,15,206,51,24,238,8.8,60.8,71.8
"4711094",3.28301886792453,3,106,0,0,36,0,0,60,0,0,106,0,7.3,19.2
"4711828",18.3723404255319,15,164,24,0,139,28,0,431,80,0,188,0,58.5,19.2
"4712054",9.09913793103448,8,230,1,1,210,5,5,525,13,13,232,0.4,36.8,48.2
"4712064",6,6,1,0,0,4,0,0,5,0,0,1,0,24.9,19.2
"4712078",9.30434782608696,10,46,0,0,25,0,0,47,0,0,46,0,37.7,19.2
"4714001",3.875,3,24,0,0,30,0,0,10,0,0,24,0,11.9,19.2
"4715018",10.5097087378641,7,195,10,1,163,12,3,446,29,7,206,0.5,42.1,49.6
"4715026",12.7834757834758,10,344,6,1,119,3,0,293,7,0,351,0.3,48.7,46.2
"4715031",12.6923076923077,9,35,4,0,60,1,0,161,2,0,39,0,48.4,19.2
"4716005",7.75,8,4,0,0,17,0,0,36,0,0,4,0,31.9,19.2
"4716008",12.856,10,237,11,2,72,1,1,149,0,2,250,0.8,48.9,52.7
"4716028",16.2142857142857,7.5,11,3,0,48,5,0,119,10,0,14,0,54.5,19.2
"4716033",14.0967741935484,7,31,0,0,30,0,0,70,0,0,31,0,51.3,19.2
"4716038",11.6209150326797,6,304,0,2,91,0,1,102,0,1,306,0.7,45.3,51.7
"4716056",12.0311418685121,7,541,35,2,255,19,1,307,11,1,578,0.3,46.6,46.2
"4716058",10.8825347758887,9,645,2,0,421,1,0,962,4,0,647,0,43.3,19.2
"4717001",28.3769705277587,21,2002,601,315,402,308,203,641,284,160,2918,10.8,69.5,73.3
"4717002",36.3655913978495,37,209,337,12,114,265,6,77,138,4,558,2.2,75.4,59.7
"4717004",78.5092024539877,77,0,19,144,0,11,86,0,15,71,163,88.3,94.1,95
"4717005",32.9770642201835,35,209,226,1,232,217,1,107,96,0,436,0.2,73.1,43.7
"4717006",43.5062972292191,39,182,79,136,88,39,85,134,70,121,397,34.3,79.3,83.3
"4717008",21.037037037037,17,50,2,2,18,0,0,42,0,0,54,3.7,62.2,63.8
"4717039",26.719512195122,16,111,49,4,52,29,2,104,50,5,164,2.4,68.4,60.3
"4717041",8.95016611295681,9,300,1,0,227,1,0,502,1,0,301,0,36.2,19.2
"4717042",23.5052264808362,21,213,71,3,194,59,3,97,38,2,287,1,65,54.2
"4717045",18.3316727342403,13,4279,896,44,1176,392,20,1348,278,12,5219,0.8,58.4,52.7
"4717047",23.0054127198917,22,651,83,5,470,66,2,295,36,1,739,0.7,64.7,51.7
"4717803",10.6534653465347,7,288,14,1,201,10,0,677,29,0,303,0.3,42.5,46.2
"4717804",19.96,14,18,7,0,10,2,0,20,6,0,25,0,60.9,19.2
"4717812",8.93666666666667,7,300,0,0,209,0,0,715,0,0,300,0,36.1,19.2
"4717813",7.5,5,226,6,0,132,3,0,308,4,0,232,0,31.1,19.2
"4718005",45.5636363636364,37,147,252,41,90,144,7,204,317,18,440,9.3,80.5,72.1
"4718021",17.3068783068783,10,332,18,28,198,9,13,380,13,18,378,7.4,56.7,70.3
"4718033",36.6587301587302,29,240,72,66,168,53,59,430,126,129,378,17.5,75.7,76.7
"4718090",47.5221674876847,53,58,109,36,17,41,6,20,36,6,203,17.7,81.6,76.8
"4718801",44.5327635327635,41,76,225,50,54,155,31,162,488,98,351,14.2,79.9,74.9
"4718807",12.873417721519,8,73,6,0,20,1,0,56,2,0,79,0,49,19.2
"4801003",20.8713798977853,17,993,174,7,626,107,4,1738,293,12,1174,0.6,61.9,50.6
"4801006",18.2919897673675,16,22799,2173,46,25993,2659,43,57697,5370,101,25018,0.2,58.3,43.7
"4801018",20.5985781990521,17,1807,301,2,1742,242,2,4228,616,5,2110,0.1,61.7,40.3
"4802011",9.12564033432192,8,3681,17,11,610,1,1,1712,9,3,3709,0.3,36.8,46.2
"4802012",8.22792412902423,7,63907,336,24,42760,45,15,98152,107,41,64267,0,33.9,19.2
"4803802",7.85714285714286,5,35,0,0,14,0,0,56,0,0,35,0,32.4,19.2
"4804001",9.73684210526316,9,19,0,0,3,0,0,5,0,0,19,0,39.5,19.2
"4804004",17.2222222222222,14,9,0,0,7,0,0,10,0,0,9,0,56.5,19.2
"4804006",12.6826923076923,13,104,0,0,60,0,0,70,0,0,104,0,48.3,19.2
"4806001",4.94639752752559,4,10339,15,0,5195,4,0,13384,11,0,10354,0,19.1,19.2
"4806012",6.52316838608148,6,11428,6,4,10745,4,1,30393,10,2,11438,0,26.9,19.2
"4806014",6.24101890456337,5,17443,63,3,8536,28,0,24511,99,0,17509,0,25.5,19.2
"4806016",6.99030847491605,6,477866,862,144,527662,1498,81,1300732,2825,224,478872,0,28.7,19.2
"4806017",8.92701227830832,7,1412,54,0,142,5,0,372,15,0,1466,0,36.1,19.2
"4806019",5.45941619585687,5,10619,1,0,12525,0,0,32083,1,0,10620,0,22,19.2
"4806021",8.44829793191728,8,24984,11,4,26996,12,9,73995,35,24,24999,0,34.7,19.2
"4806026",8.47205707491082,7,1672,10,0,1380,0,0,3594,0,0,1682,0,34.9,19.2
"4806028",6.36410256410256,6,780,0,0,236,0,0,522,0,0,780,0,26.1,19.2
"4806804",5.63636363636364,5,836,0,0,0,0,0,0,0,0,836,0,23.2,19.2
"4808001",7.32798365917712,7,3416,11,0,2192,2,0,5125,4,0,3427,0,30.3,19.2
"4808009",7.32488325550367,6,1493,0,6,1388,0,8,3464,0,20,1499,0.4,30.3,48.2
"4808011",8.12033857701829,7,24915,131,0,33722,203,0,76863,503,0,25046,0,33.4,19.2
"4808022",7.92889908256881,5,425,11,0,168,3,0,426,7,0,436,0,32.7,19.2
"4808029",18.5833333333333,14,18,6,0,4,1,0,4,1,0,24,0,58.8,19.2
"4809002",3.22222222222222,3,18,0,0,0,0,0,5,0,0,18,0,6.8,19.2
"4810001",5.91682785299807,5,1538,12,1,510,3,0,1269,7,1,1551,0.1,24.4,40.3
"4810014",7.99025974025974,7,308,0,0,185,0,0,456,0,0,308,0,33,19.2
"4810016",5.70623556581986,5,2153,11,1,1016,5,1,2524,14,1,2165,0,23.6,19.2
"4810058",6.43612334801762,4,1982,51,10,460,4,3,1026,6,4,2043,0.5,26.5,49.6
"4810064",5.57544517338332,5,1066,1,0,742,1,0,1741,3,0,1067,0,22.9,19.2
"4810066",5.03108808290155,5,771,1,0,549,0,0,1318,1,0,772,0,20,19.2
"4810068",9.29310344827586,6,56,1,1,0,0,0,0,0,0,58,1.7,37.6,57.9
"4811012",8.82369897164226,5,12355,468,13,3554,25,0,9489,63,0,12836,0.1,35.5,40.3
"4811013",6.75652173913043,6,6077,14,4,7082,22,4,20661,61,12,6095,0.1,27.7,40.3
"4811016",7.99111855886049,5,11763,168,4,13458,28,4,33992,66,10,11935,0,33,19.2
"4811018",11.3865606936416,11,2739,29,0,2568,15,0,6499,41,0,2768,0,44.8,19.2
"4811019",6.19589392643285,6,1169,0,0,937,0,0,2183,0,0,1169,0,25.4,19.2
"4811034",9.48597712669805,6,53161,2373,339,13122,219,105,31568,306,105,55873,0.6,38.3,50.6
"4811038",18.887323943662,19,645,58,7,304,26,3,207,20,2,710,1,59.1,54.2
"4811039",20.7111111111111,16.5,85,0,5,43,0,3,25,0,2,90,5.6,61.7,68
"4811041",48.1649484536082,47,6,88,3,2,28,1,1,16,1,97,3.1,81.9,62.5
"4811042",24.8117647058824,22,75,4,6,30,2,2,26,1,2,85,7.1,66.3,70
"4811044",44.4274193548387,33,65,30,29,24,11,11,13,6,6,124,23.4,79.9,79.5
"4811046",6.26173541963016,6,701,2,0,307,1,0,709,2,0,703,0,25.6,19.2
"4811048",10,10,1,0,0,7,0,0,15,0,0,1,0,40.5,19.2
"4811049",9.67021276595745,9,94,0,0,12,0,0,30,0,0,94,0,39.1,19.2
"4811052",7.0485457099745,4,55851,1730,76,38015,132,24,98792,298,53,57657,0.1,29.1,40.3
"4811056",9.56700815387832,5,9020,469,77,10626,205,27,26320,582,74,9566,0.8,38.6,52.7
"4811059",9.29692546955377,5,7845,425,89,3866,19,5,10686,47,11,8359,1.1,37.7,55.1
"4811061",10.1588024714133,8,365046,8806,185,418724,6986,163,984533,19444,469,374037,0,41,19.2
"4811062",8.35077910174152,7,21521,287,12,26061,810,58,65801,2094,152,21820,0.1,34.4,40.3
"4811804",7.65783664459161,7,451,2,0,603,7,0,1804,21,0,453,0,31.6,19.2
"4813001",3.5,3.5,2,0,0,45,0,0,110,0,0,2,0,8.8,19.2
"4813010",28,28,1,0,0,92,0,0,79,0,0,1,0,69.3,19.2
"4814003",71,71,0,0,1,0,0,34,0,0,76,1,100,90.9,98.9
"4815013",3.57142857142857,4,7,0,0,0,0,0,0,0,0,7,0,9.5,19.2
"4815023",4.72978924189997,4,6357,1,0,9101,2,0,15917,4,0,6358,0,18,19.2
"4815032",4.47808764940239,4,251,0,0,93,0,0,571,0,0,251,0,16.6,19.2
"4815033",2.54499771585199,2,2189,0,0,1908,0,0,4738,0,0,2189,0,1.7,19.2
"4815035",5.24276282376841,4,1969,0,0,3287,0,0,8305,0,0,1969,0,21.2,19.2
"4815037",2.97916666666667,3,48,0,0,0,0,0,0,0,0,48,0,5,19.2
"4816037",13.4763287401575,9,18755,1316,249,25120,2630,1721,62189,5172,2673,20320,1.2,50.1,55.7
"4819006",4.65693601120971,4,8549,11,4,4051,2,1,10956,8,6,8564,0,17.6,19.2
"4819012",4.8019398483984,5,36802,3,2,27297,0,1,63671,2,3,36807,0,18.4,19.2
"5901003",3.65353881278539,3,1752,0,0,1602,0,0,2749,0,0,1752,0,10.1,19.2
"5901006",4.55509433962264,4,2650,0,0,2174,0,0,4143,0,0,2650,0,17.1,19.2
"5901012",2.5105459057072,2,3224,0,0,3226,0,0,6271,0,0,3224,0,1.4,19.2
"5901017",2.90237564959169,3,2692,2,0,1120,1,0,1783,2,0,2694,0,4.4,19.2
"5901019",2.77028181041845,2,1166,5,0,808,11,0,1282,11,0,1171,0,3.5,19.2
"5901022",4.10285714285714,3,9967,8,0,9013,8,0,20401,17,0,9975,0,13.8,19.2
"5901028",4.02044329675059,4,4647,0,0,4261,0,0,8110,0,0,4647,0,13,19.2
"5901035",2.81700431750249,2,5999,17,6,2096,5,2,4973,9,3,6022,0.1,3.9,40.3
"5901037",3.14375,3,160,0,0,285,0,0,600,0,0,160,0,6.3,19.2
"5901048",4,4,1,0,0,0,0,0,0,0,0,1,0,12.8,19.2
"5901805",3,3,1,0,0,1,0,0,5,0,0,1,0,5.2,19.2
"5905032",10.0586806960745,10,2451,20,0,1954,12,0,4080,22,0,2471,0,40.7,19.2
"5905052",9,7,515,14,0,574,25,0,1172,48,0,529,0,36.5,19.2
"5905054",2,2,10,0,0,130,0,0,130,0,0,10,0,0.1,19.2
"5907035",16.8439150466345,12,7943,890,66,4653,739,34,10527,1447,68,8899,0.7,55.8,51.7
"5907041",18.4960229651337,14,14563,2128,30,15479,2937,31,31650,5153,45,16721,0.2,58.7,43.7
"5907047",8,8,1,0,0,76,0,0,174,0,0,1,0,33.1,19.2
"5907049",11.7142857142857,8,7,0,0,239,0,0,438,0,0,7,0,45.5,19.2
"5907803",31.6590909090909,30,34,10,0,148,5,0,278,6,0,44,0,72.4,19.2
"5909009",36.1643407122233,26,2347,1061,748,1888,788,561,3947,1617,1100,4156,18,75.3,77
"5909014",35.4939759036145,26,415,155,177,140,53,68,236,98,104,747,23.7,74.9,79.7
"5909016",56.1111111111111,66.5,396,198,594,115,45,172,214,95,326,1188,50,84.9,87.2
"5909020",59.56158325671,69,12795,9243,23640,13048,10280,13780,33389,23921,35848,45678,51.8,86.4,87.6
"5909027",93.9616270145817,96,0,7,1296,0,2,1043,0,5,1900,1303,99.5,99.3,97.5
"5909032",56.5872635225153,57,1404,691,1658,1312,498,708,2846,1191,1768,3753,44.2,85.2,85.7
"5909034",36.6755879967559,25,737,285,211,422,172,140,1250,482,360,1233,17.1,75.7,76.6
"5909035",37.826899634295,30,1274,622,565,450,452,559,886,649,758,2461,23,76.5,79.3
"5909036",48.9159183673469,54,404,362,459,180,188,313,443,451,635,1225,37.5,82.2,84.3
"5909048",67.4656268053148,84,357,269,1105,220,130,542,135,224,769,1731,63.8,89.5,90.1
"5909052",17.5548963417364,7,38115,3487,3064,50833,3513,1293,140558,8941,3975,44666,6.9,57,69.6
"5909056",24.9471034203368,15,12683,3110,1486,9819,3367,1512,28889,9258,3367,17279,8.6,66.5,71.6
"5909060",55.9438800193517,69,793,224,1050,262,75,445,604,156,623,2067,50.8,84.8,87.5
"5909062",87.0670289855072,95,59,160,1989,13,46,838,30,120,1537,2208,90.1,97.3,95.4
"5909804",64.0574712643678,66,14,30,43,9,15,28,33,51,97,87,49.4,88.2,87
"5909806",28.7619047619048,19,29,10,3,15,4,1,32,9,1,42,7.1,69.9,70
"5909807",72.6666666666667,77,6,11,34,5,9,32,18,28,104,51,66.7,91.7,91
"5909808",45.6428571428571,54,6,4,4,1,0,1,4,2,4,14,28.6,80.5,81.5
"5909809",16,16,1,0,0,0,0,0,0,0,0,1,0,54.2,19.2
"5909810",51.2352941176471,53,5,8,4,4,9,5,14,25,13,17,23.5,83,79.6
"5909812",25.02,20.5,36,14,0,15,7,0,41,21,0,50,0,66.6,19.2
"5909814",72.7111111111111,70,0,17,28,0,2,4,0,4,6,45,62.2,91.8,89.8
"5909816",19.093023255814,11,37,4,2,19,2,1,47,5,3,43,4.7,59.3,66.2
"5909817",52.9777777777778,59,14,10,21,5,3,7,8,7,16,45,46.7,83.8,86.4
"5909818",87.7777777777778,91,0,1,8,0,0,5,0,0,5,9,88.9,97.6,95.1
"5909819",3.76190476190476,4,42,0,0,2,0,0,5,0,0,42,0,10.8,19.2
"5909821",88.6239316239316,91,0,0,351,0,0,197,0,0,295,351,100,97.8,98.9
"5909824",90.112,93,0,0,125,0,0,65,0,0,245,125,100,98.3,98.9
"5909825",91.6666666666667,91,0,0,9,0,0,0,0,0,0,9,100,98.8,98.9
"5909826",94.4127659574468,94,0,0,235,0,0,41,0,0,89,235,100,99.6,98.9
"5909827",68.1355140186916,74.5,15,67,132,10,39,51,24,102,110,214,61.7,89.7,89.6
"5909830",30.1145351823318,28,1130,791,26,1080,582,17,2012,1033,45,1947,1.3,71.1,56.1
"5909831",87.7307692307692,86.5,0,0,26,0,0,22,0,0,49,26,100,97.5,98.9
"5909832",72.2315112540193,82,35,79,197,29,60,164,89,183,527,311,63.3,91.5,90
"5909833",96.3333333333333,97,0,0,9,0,0,4,0,0,5,9,100,100,98.9
"5909834",74.6363636363636,80,0,4,7,0,2,2,0,7,8,11,63.6,92.5,90
"5909835",91.7352941176471,92,0,0,34,0,0,13,0,0,45,34,100,98.8,98.9
"5909837",62.8869565217391,63,18,45,52,16,31,29,42,86,79,115,45.2,87.4,85.8
"5909838",79.1875,87,0,5,11,0,1,2,0,2,3,16,68.8,94.4,91.6
"5909839",72.4590643274854,80,35,84,223,15,40,118,44,108,348,342,65.2,91.6,90.6
"5909841",15.8543689320388,11,96,5,2,31,1,1,70,3,3,103,1.9,54,58.8
"5909842",57.9333333333333,54,2,42,16,0,34,0,0,66,0,60,26.7,85.9,80.8
"5909843",89.6818181818182,90,0,0,22,0,0,0,0,0,0,22,100,98.2,98.9
"5909844",83.2857142857143,83,0,0,14,0,0,1,0,0,0,14,100,95.9,98.9
"5909845",36.7878787878788,30,24,4,5,15,0,0,15,0,0,33,15.2,75.8,75.8
"5909847",23.8333333333333,26.5,3,3,0,2,0,0,5,0,0,6,0,65.3,19.2
"5909850",3.5,3.5,4,0,0,0,0,0,0,0,0,4,0,8.8,19.2
"5909851",76.125,81,0,7,17,0,4,9,0,6,13,24,70.8,93,91.8
"5909856",71.2738853503185,75,0,53,104,0,57,111,0,112,220,157,66.2,91,90.8
"5909875",9.3125,9,32,0,0,23,0,0,50,0,0,32,0,37.8,19.2
"5909876",21.2368421052632,11.5,63,4,9,20,1,3,35,1,5,76,11.8,62.6,74
"5909877",42.8571428571429,44,37,91,12,22,51,6,61,152,20,140,8.6,79.1,71.6
"5909878",64.078431372549,73,8,11,32,6,9,26,19,26,75,51,62.7,88.3,89.8
"5909879",53.514450867052,47,34,87,52,25,65,50,58,150,122,173,30.1,84.1,81.8
"5909880",96.0695652173913,97,0,0,115,0,0,79,0,0,170,115,100,99.9,98.9
"5909881",89.7,94,0,2,158,0,2,126,0,3,225,160,98.8,98.2,97.1
"5909882",87.8695652173913,92,0,5,64,0,4,31,0,15,115,69,92.8,97.6,96
"5909883",3.33333333333333,3,3,0,0,2,0,0,5,0,0,3,0,7.5,19.2
"5909884",85.1905511811024,87,0,2,633,0,2,464,0,3,980,635,99.7,96.6,97.6
"5909885",88,92,2,0,85,3,0,57,8,0,150,87,97.7,97.7,96.7
"5915001",17.0213606993539,7,21773,3179,1358,22937,3100,1348,63112,8502,3500,26311,5.2,56.1,67.2
"5915002",66,66,0,1,0,0,8,0,0,16,0,1,0,89.1,19.2
"5915004",12.4790604451633,5,128298,10555,3342,184621,8340,1282,538998,24214,3616,142195,2.4,48,60.3
"5915007",10.2908411214953,4,4978,266,106,10824,502,215,20754,863,322,5350,2,41.5,59.2
"5915011",83.5,84,0,0,4,0,0,106,0,0,316,4,100,96,98.9
"5915015",86,86,0,0,1,0,0,0,0,0,0,1,100,96.9,98.9
"5915020",69.7448071216617,88,81,3,253,55,13,194,140,9,231,337,75.1,90.4,92.6
"5915022",8.24270778814609,4,149367,5294,2013,265486,44562,13637,559746,72413,22883,156674,1.3,34,56.1
"5915025",12.7786335130377,6,49085,2874,2575,97224,4728,3035,227457,11439,6762,54534,4.7,48.7,66.2
"5915029",21.1603629320012,4,7457,894,1458,26712,4542,5701,54932,9708,13009,9809,14.9,62.5,75.4
"5915034",19.8018948135552,10,26522,4082,2328,45086,8174,4522,115609,20377,10693,32932,7.1,60.6,70
"5915039",27.348188976378,18,9747,1595,1358,17895,2883,2885,47368,7297,6828,12700,10.7,68.9,73.2
"5915043",29.913073713491,14,995,187,256,8673,2256,547,21127,5236,1228,1438,17.8,70.9,76.9
"5915046",16.8511225061404,7,19961,2052,1194,29337,3275,1438,76770,8004,3207,23207,5.1,55.8,66.9
"5915051",8,8,2,0,0,416,0,0,695,0,0,2,0,33.1,19.2
"5915055",28.5165148459773,16,9692,2580,2109,11351,4292,3152,28810,9066,6241,14381,14.7,69.6,75.3
"5915062",36.5006080259424,25,1458,416,593,1186,362,488,2642,728,886,2467,24,75.5,80
"5915065",76.7615658362989,81.5,8,136,418,8,131,419,20,342,1028,562,74.4,93.2,92.4
"5915070",54.7128433904672,54,1268,1455,1536,2525,3084,1935,6235,7658,5043,4259,36.1,84.6,83.8
"5915075",26.538453356026,18,19069,6441,2693,22567,9117,2568,60609,23608,6763,28203,9.5,68,72.3
"5915801",26.6504424778761,19,180,27,19,26,4,3,56,9,6,226,8.4,68.3,71.3
"5915803",13.2375601926164,10,587,33,3,553,29,3,1564,75,7,623,0.5,49.7,49.6
"5915804",64,56,0,2,1,0,1,0,0,0,0,3,33.3,88.2,83
"5915805",81.7391304347826,82,0,0,23,0,0,26,0,0,55,23,100,95.3,98.9
"5915806",17.4285714285714,9,179,20,11,1006,136,22,2034,275,53,210,5.2,56.8,67.2
"5915808",29.0452898550725,19,405,85,62,1043,357,50,2206,607,69,552,11.2,70.2,73.6
"5915809",84.2222222222222,85.5,0,0,36,0,0,0,0,0,0,36,100,96.2,98.9
"5915811",53.4933333333333,64,26,15,34,20,2,15,82,5,18,75,45.3,84.1,85.9
"5915813",89.1,89,0,0,20,0,0,14,0,0,26,20,100,97.9,98.9
"5915816",51.6478873239437,54,4,63,4,0,42,0,0,96,0,71,5.6,83.2,68
"5915825",12.1189591078067,11,268,1,0,284,1,0,454,2,0,269,0,47,19.2
"5915830",82.7368421052632,88,0,13,63,0,16,68,0,42,202,76,82.9,95.6,93.9
"5915840",67.25,76,1,0,3,0,0,3,0,0,5,4,75,89.4,92.6
"5917005",19.9327896088204,14,5301,1187,133,4276,848,105,10235,1794,200,6621,2,60.8,59.2
"5917010",26.3807789296722,19,2573,933,63,4530,1646,145,9052,3045,220,3569,1.8,67.7,58.4
"5917015",13.7667040988209,8,6426,643,55,6896,659,66,15865,1396,124,7124,0.8,50.6,52.7
"5917021",17.6052521414311,12,53562,7668,878,42851,6411,780,100789,15161,1732,62108,1.4,57,56.5
"5917027",18.3895300416419,8,6759,1271,375,4942,897,265,9661,1553,421,8405,4.5,58.6,65.5
"5917029",31.6177335761311,26,4108,2335,696,2996,1663,486,3850,1748,498,7139,9.7,72.3,72.5
"5917030",19.6148806738418,14,5470,781,160,6680,1248,227,14897,2579,471,6411,2.5,60.3,60.7
"5917034",19.9448416289593,14,19308,2193,599,44081,6413,2221,76940,10762,3620,22100,2.7,60.9,61.4
"5917040",26.9491696024157,19,2975,717,282,7354,1263,377,14150,2616,767,3974,7.1,68.5,70
"5917041",12.060943757618,7,5453,244,46,7456,211,21,18407,503,50,5743,0.8,46.8,52.7
"5917042",12.4583714547118,7,3003,238,38,1792,129,17,4575,416,76,3279,1.2,47.9,55.7
"5917044",12.1250724917843,8,10075,249,22,19565,376,25,45635,899,50,10346,0.2,47,43.7
"5917047",34.0594729344729,28,1629,929,250,3228,1570,374,6993,3719,854,2808,8.9,74,71.9
"5917049",5.41381818181818,4,1370,2,3,925,0,2,2477,0,5,1375,0.2,21.8,43.7
"5917052",19.1554031994776,13,4972,1046,108,5263,1034,129,12725,2113,238,6126,1.8,59.5,58.4
"5917054",21.7640883977901,10,2708,608,304,1828,411,219,4039,760,333,3620,8.4,63.2,71.3
"5917056",42.8399209486166,45,206,195,105,189,202,83,177,149,73,506,20.8,79,78.4
"5917801",17.2921348314607,12,80,9,0,82,8,0,248,18,0,89,0,56.7,19.2
"5917802",31.9791666666667,31,25,23,0,25,23,0,57,52,0,48,0,72.6,19.2
"5917803",29.4240331491713,25,406,305,13,535,452,21,1025,730,35,724,1.8,70.5,58.4
"5917804",14.1909385113269,7,275,31,3,216,33,2,590,116,6,309,1,51.5,54.2
"5917805",70.8,61,0,3,2,0,0,0,0,0,0,5,40,90.9,85
"5917809",35.0467289719626,35,50,51,6,37,46,5,89,118,14,107,5.6,74.5,68
"5917811",39.5625,35,23,17,8,28,9,4,73,32,15,48,16.7,77.3,76.4
"5917812",18.1109123434705,17,536,21,2,937,52,2,1745,93,1,559,0.4,57.9,48.2
"5917815",53.7254901960784,52,6,36,9,3,18,3,9,55,10,51,17.6,84.2,76.8
"5917819",25.9384615384615,20,80,50,0,57,39,0,135,95,0,130,0,67.4,19.2
"5919008",14.1454417293233,8,22832,2293,411,12766,1341,153,28946,2731,288,25536,1.6,51.4,57.5
"5919012",19.6126820908312,15,2030,291,13,2289,319,12,4424,603,20,2334,0.6,60.2,50.6
"5919013",17.1538854805726,9,1660,215,81,1327,202,56,2948,409,173,1956,4.1,56.4,64.9
"5919015",24.7991543340381,18,1672,557,136,1060,246,69,1940,384,118,2365,5.8,66.3,68.2
"5919016",18.327839905827,14,1454,225,20,1361,211,13,2892,404,25,1699,1.2,58.4,55.7
"5919017",32.0515603799186,27,1265,720,226,710,402,125,1549,813,241,2211,10.2,72.6,72.9
"5919021",13.1381808425007,7,3397,235,95,3767,233,54,8330,511,103,3727,2.5,49.5,60.7
"5919033",20.5666851134477,13,1476,230,101,753,104,32,1598,152,49,1807,5.6,61.6,68
"5919035",31.6318572372769,30,873,564,76,667,445,60,816,533,74,1513,5,72.4,66.8
"5919043",19.4989177489177,11,2239,422,111,1763,332,70,4087,721,140,2772,4,60,64.6
"5919046",9.65311152187308,6,1589,34,0,1289,35,0,3132,89,0,1623,0,39,19.2
"5919049",12.6770802042655,6,3013,276,40,2022,217,38,4507,459,66,3329,1.2,48.3,55.7
"5919051",10.4070351758794,6,3588,181,12,1643,61,2,4094,133,6,3781,0.3,41.8,46.2
"5919801",18.3076923076923,16,87,3,1,46,2,1,149,5,2,91,1.1,58.3,55.1
"5919802",10.125,10,24,0,0,9,0,0,29,0,0,24,0,40.9,19.2
"5919803",59.0740740740741,58.5,0,51,3,0,24,1,0,77,5,54,5.6,86.2,68
"5919804",36.3239436619718,32,111,67,35,100,61,31,461,238,119,213,16.4,75.4,76.2
"5919808",28.8333333333333,8,4,0,2,0,0,0,0,0,0,6,33.3,70,83
"5919809",28.7666666666667,20.5,94,46,10,88,40,10,314,158,36,150,6.7,69.9,69.4
"5919811",77.3333333333333,72,0,0,3,0,0,0,0,0,0,3,100,93.5,98.9
"5919812",8.125,8,8,0,0,6,0,0,20,0,0,8,0,33.4,19.2
"5919813",31,30,3,0,0,7,0,0,5,0,0,3,0,71.7,19.2
"5919814",45.1411764705882,43,26,48,11,26,44,7,49,113,16,85,12.9,80.3,74.3
"5919815",27.469387755102,18,32,12,5,27,11,5,113,38,14,49,10.2,69,72.9
"5919816",55.5609756097561,63,9,16,16,4,8,9,22,43,40,41,39,84.8,84.8
"5919817",54,54,0,1,0,0,0,0,0,0,0,1,0,84.4,19.2
"5919818",18.1111111111111,19,9,0,0,9,0,0,48,0,0,9,0,58,19.2
"5919820",14.9285714285714,12.5,12,2,0,9,1,0,23,3,0,14,0,52.6,19.2
"5919821",11.4,12,5,0,0,8,0,0,27,0,0,5,0,44.8,19.2
"5919822",29.3028455284553,24,635,297,52,394,181,41,1505,750,165,984,5.3,70.5,67.4
"5921007",10.4463985288939,5,48244,2328,546,42755,1877,469,95291,3639,839,51118,1.1,41.9,55.1
"5921008",12.6799841772152,6,2248,204,76,1375,139,51,3381,316,116,2528,3,48.3,62.2
"5921010",25.8792956060865,17,4031,1499,319,2275,816,158,5240,1883,358,5849,5.5,67.3,67.7
"5921014",17.7326440177253,13,4041,528,170,2648,318,97,4000,381,119,4739,3.6,57.3,63.6
"5921016",8.18948482709951,4,2707,98,29,1215,42,21,3158,114,47,2834,1,33.7,54.2
"5921018",16.622641509434,11,5093,542,89,6489,585,31,12437,1132,74,5724,1.6,55.4,57.5
"5921023",10.1925099936882,6,4536,191,26,4549,176,30,8984,255,42,4753,0.5,41.1,49.6
"5921030",20.506922257721,15,3660,833,202,2518,650,171,5320,1153,287,4695,4.3,61.6,65.2
"5921032",4.88642659279778,3,6497,1,0,3869,1,0,8199,1,0,6498,0,18.8,19.2
"5921034",18.1393747673986,12,4500,765,109,3176,521,75,6886,1089,124,5374,2,58,59.2
"5921036",22.2797687861272,14,3329,640,356,1891,393,237,3293,683,310,4325,8.2,63.8,71.1
"5921804",13.8479381443299,14,388,0,0,128,0,0,386,0,0,388,0,50.8,19.2
"5921805",24.1919191919192,16,72,22,5,60,22,6,173,57,14,99,5.1,65.9,66.9
"5921806",35,33,27,23,1,21,15,1,44,37,2,51,2,74.5,59.2
"5921807",39.45,33,81,50,29,63,31,15,192,93,38,160,18.1,77.2,77.1
"5923008",23.9251968503937,10,6228,1124,1030,6852,1231,831,14314,2392,1543,8382,12.3,65.5,74.1
"5923019",38.1108179419525,31,604,363,170,593,283,121,1255,566,245,1137,15,76.8,75.5
"5923025",38.6949270326616,31,784,419,236,711,323,171,1428,685,403,1439,16.4,77,76.2
"5923033",15.5401709401709,6,491,88,6,191,33,2,441,75,5,585,1,53.5,54.2
"5923035",47.2410800385728,50,668,898,508,363,572,273,687,777,359,2074,24.5,81.5,80
"5923037",19.1391731477691,9,1960,359,124,1084,189,57,2415,411,120,2443,5.1,59.5,66.9
"5923039",8.88055908513342,4,1517,19,38,874,14,5,1915,28,19,1574,2.4,35.7,60.3
"5923047",59.0854572713643,62,110,285,272,62,196,144,42,142,72,667,40.8,86.2,85.2
"5923049",38.3054968287526,28,543,201,202,399,152,124,575,145,146,946,21.4,76.8,78.6
"5923801",65.8484848484848,76.5,9,14,43,9,12,41,22,30,99,66,65.2,89,90.6
"5923802",6,6,2,0,0,0,0,0,0,0,0,2,0,24.9,19.2
"5923803",41.7142857142857,42,16,39,1,10,31,0,17,57,1,56,1.8,78.3,58.4
"5923804",74.5,87,0,1,3,0,0,1,0,0,0,4,75,92.4,92.6
"5923805",52.5714285714286,61,3,9,2,3,8,2,2,6,1,14,14.3,83.7,75
"5923806",42.6666666666667,32,2,0,1,0,0,0,0,0,0,3,33.3,78.8,83
"5923807",46.0842105263158,54,40,34,21,48,38,24,140,112,69,95,22.1,80.8,78.9
"5923808",49.0434782608696,55,63,83,61,67,75,59,268,284,208,207,29.5,82.2,81.7
"5923809",63,64,0,7,1,0,2,0,0,0,0,8,12.5,87.6,74.2
"5923810",67.4347826086957,69,1,4,18,1,4,16,1,5,21,23,78.3,89.5,93.1
"5923813",48.5185185185185,43,4,46,4,2,45,2,6,142,6,54,7.4,82.1,70.3
"5923814",74,74,0,1,1,0,0,0,0,0,0,2,50,92.1,87.2
"5923816",36.9483394833948,25,149,66,56,108,61,41,307,172,112,271,20.7,75.9,78.4
"5923822",55,60,2,6,2,1,4,1,3,9,3,10,20,84.7,77.9
"5923823",46.025,44,9,25,6,8,22,5,22,54,13,40,15,80.8,75.5
"5923824",41.4736842105263,39,10,25,3,0,0,0,0,0,0,38,7.9,78.2,70.9
"5923825",32.4642857142857,22.5,18,5,5,13,4,4,17,5,5,28,17.9,72.9,76.9
"5924034",20.9943522767384,11,11104,2069,992,12710,2370,1091,28478,4860,2136,14165,7,62,69.7
"5924039",42.7,40,80,77,43,76,69,38,146,117,71,200,21.5,78.8,78.7
"5924042",33.2152091254753,29,1438,993,199,942,678,132,2220,1515,289,2630,7.6,73.2,70.5
"5924048",35.0893023255814,29,582,310,183,237,120,65,471,226,119,1075,17,74.6,76.6
"5924054",24.457537586347,11,1725,501,235,1062,282,207,1941,454,283,2461,9.5,66.1,72.3
"5924804",69.8315789473684,73,1,93,191,1,77,108,2,211,293,285,67,90.6,91.2
"5924812",3.56896551724138,3,174,0,0,116,0,0,312,0,0,174,0,9.5,19.2
"5924817",31.1587301587302,34.5,62,57,7,30,32,4,63,74,8,126,5.6,71.9,68
"5924840",46.9523809523809,50,11,72,1,10,73,1,27,185,2,84,1.2,81.3,55.7
"5924843",4,4,1,0,0,0,0,0,0,0,0,1,0,12.8,19.2
"5926005",16.7314006287111,9,4868,750,108,5868,684,120,13038,1538,230,5726,1.9,55.6,58.8
"5926010",14.8026303065468,9,9269,847,225,11721,1290,357,25115,2614,591,10341,2.2,52.3,59.7
"5926014",9.75510204081633,9,49,0,0,24,0,0,61,0,0,49,0,39.5,19.2
"5926021",36.4136132839303,31,3840,1981,1466,2320,1270,887,4184,2173,1564,7287,20.1,75.4,78
"5926022",21.025914353979,10,4243,838,360,2604,517,251,5886,1036,465,5441,6.6,62.1,69.2
"5926024",15.5656843483955,7,6705,628,302,3250,361,171,7675,792,363,7635,4,53.5,64.6
"5926801",19.5038759689922,9,103,21,5,100,16,4,242,40,9,129,3.9,60.1,64.3
"5926802",40,40,0,3,0,0,0,0,0,5,0,3,0,77.6,19.2
"5927008",9.41208791208791,4,6746,451,83,6337,352,29,13175,710,58,7280,1.1,38.1,55.1
"5927010",26.1038062283737,18,1189,392,153,878,272,104,855,224,98,1734,8.8,67.6,71.8
"5927012",12.7390636991558,6,1158,122,23,711,83,16,1448,158,31,1303,1.8,48.5,58.4
"5927016",14.500748876685,6,1694,256,53,956,176,36,1804,293,60,2003,2.6,51.8,61
"5927018",19.3005908419498,10,1067,218,69,579,131,37,888,187,50,1354,5.1,59.7,66.9
"5927020",25.7898351648352,15,480,186,62,343,126,37,352,116,31,728,8.5,67.3,71.4
"5927802",30.1690821256039,25.5,271,108,35,245,81,27,560,166,48,414,8.5,71.2,71.4
"5927806",47.0434782608696,39,3,15,5,2,11,4,3,14,5,23,21.7,81.4,78.8
"5929005",16.441348973607,5,2227,397,104,2056,339,87,4082,554,122,2728,3.8,55,64
"5929011",23.0176991150442,12,3940,1103,381,3775,1312,506,7711,2183,790,5424,7,64.7,69.7
"5929018",42.1233401430031,41,1713,1331,872,1154,834,519,1557,954,528,3916,22.3,78.5,79.1
"5929022",25.120380952381,13,1770,641,214,1234,470,154,2266,534,164,2625,8.2,66.7,71.1
"5929024",14.1957281553398,5,2211,299,65,1507,238,52,3082,368,73,2575,2.5,51.5,60.7
"5929026",9.1864406779661,4,2140,126,35,1638,103,23,3694,153,36,2301,1.5,37,56.9
"5929028",26.7,9,1170,279,281,953,185,129,1852,208,146,1730,16.2,68.4,76.1
"5929801",63,63,0,2,0,0,0,0,0,0,0,2,0,87.6,19.2
"5929803",40.4647577092511,37,212,134,108,160,110,89,349,236,159,454,23.8,77.7,79.8
"5931006",40.6896403496203,34,3474,1515,1990,4253,2251,3377,10884,5265,7603,6979,28.5,77.8,81.5
"5931017",2.16666666666667,2,54,0,0,223,0,0,465,0,0,54,0,0.3,19.2
"5931020",2.61956005697104,3,6319,0,0,10063,0,0,13982,0,0,6319,0,2.2,19.2
"5931021",43.7700650759219,38,206,120,135,149,106,138,297,215,264,461,29.3,79.4,81.7
"5931034",6.39575971731449,3,266,14,3,95,7,1,188,18,3,283,1.1,26.2,55.1
"5931801",19.6315789473684,18,17,2,0,20,2,0,64,8,0,19,0,60.4,19.2
"5931802",76.1764705882353,77,0,0,17,0,0,15,0,0,59,17,100,93.1,98.9
"5931806",89.0476190476191,94,0,0,21,0,0,10,0,0,15,21,100,97.9,98.9
"5931807",77.8823529411765,87,0,9,42,0,6,25,0,18,80,51,82.4,93.8,93.8
"5931808",75.85,79,0,4,36,0,2,56,0,6,218,40,90,92.9,95.4
"5931809",75.6666666666667,74.5,0,2,10,0,2,11,0,3,14,12,83.3,92.9,94.1
"5931827",3.25,3,8,0,0,3,0,0,5,0,0,8,0,7.1,19.2
"5931832",7.9,3,9,1,0,1,1,0,0,0,0,10,0,32.6,19.2
"5933015",35.4606741573034,8,55,7,27,28,5,41,53,10,77,89,30.3,74.8,81.9
"5933037",16.1356673960613,6,398,11,48,116,1,2,169,2,34,457,10.5,54.4,73.1
"5933039",5.75,6,4,0,0,1,0,0,0,0,0,4,0,23.7,19.2
"5933042",20.9114002145923,17,30210,7010,60,34730,6759,44,80664,16728,115,37280,0.2,61.9,43.7
"5933044",11.025641025641,9,154,1,1,256,0,0,569,0,1,156,0.6,43.7,50.6
"5933060",8.75,8.5,43,1,0,176,7,0,406,16,0,44,0,35.4,19.2
"5933813",3.83333333333333,4,6,0,0,4,0,0,10,0,0,6,0,11.6,19.2
"5933823",4.57142857142857,5,7,0,0,7,0,0,21,0,0,7,0,17.2,19.2
"5933825",4.87096774193548,4,31,0,0,11,0,0,21,0,0,31,0,18.8,19.2
"5933829",16.8333333333333,7,17,0,1,15,0,0,33,0,0,18,5.6,55.7,68
"5933833",41.3120567375887,43,67,20,54,30,9,19,97,32,61,141,38.3,78.1,84.6
"5933839",3,3,1,0,0,0,0,0,0,0,0,1,0,5.2,19.2
"5933840",3.14285714285714,3,7,0,0,3,0,0,5,0,0,7,0,6.2,19.2
"5933841",4.6,4,5,0,0,4,0,0,10,0,0,5,0,17.4,19.2
"5933842",37,37,0,1,0,0,1,0,0,0,0,1,0,76,19.2
"5933848",4.16666666666667,5,6,0,0,5,0,0,5,0,0,6,0,14.3,19.2
"5933849",51.6222222222222,47,3,30,12,8,21,11,21,54,26,45,26.7,83.2,80.8
"5933850",15.5,4,11,3,0,7,2,0,29,5,0,14,0,53.4,19.2
"5933852",93.5,94,0,0,4,0,0,4,0,0,5,4,100,99.2,98.9
"5933853",22.5606060606061,18,54,10,2,42,8,2,82,16,3,66,3,64.1,62.2
"5933855",64.95,67.5,1,6,13,0,3,8,0,7,28,20,65,88.7,90.5
"5933858",11,8.5,10,0,0,5,0,0,10,0,0,10,0,43.6,19.2
"5933865",4.25,4,4,0,0,4,0,0,10,0,0,4,0,15,19.2
"5933866",19.5,19.5,3,1,0,2,0,0,4,1,0,4,0,60.1,19.2
"5933868",10.3333333333333,11,3,0,0,2,0,0,5,0,0,3,0,41.6,19.2
"5933870",6.5,6.5,2,0,0,1,0,0,5,0,0,2,0,26.8,19.2
"5933873",56.44,52,5,10,10,4,9,10,12,21,24,25,40,85.1,85
"5933874",5.5,5.5,2,0,0,1,0,0,0,0,0,2,0,22.4,19.2
"5933878",11.3076923076923,5,12,1,0,3,0,0,5,0,0,13,0,44.4,19.2
"5933879",3.55555555555556,4,9,0,0,3,0,0,5,0,0,9,0,9.4,19.2
"5933880",23.1582914572864,21,1929,458,1,1513,164,1,3271,442,1,2388,0,64.8,19.2
"5933882",8.42857142857143,5,7,0,0,1,0,0,0,0,0,7,0,34.6,19.2
"5933896",2.79166666666667,3,24,0,0,22,0,0,66,0,0,24,0,3.8,19.2
"5935010",21.6535702161367,14,34438,7964,1783,45836,16854,4422,105434,31383,7749,44185,4,63.1,64.6
"5935012",4.3003830020062,3,5470,11,2,1770,1,0,4234,3,1,5483,0,15.4,19.2
"5935016",6.40276222471071,4,10603,93,20,6775,64,8,15688,106,13,10716,0.2,26.3,43.7
"5935018",5.59375,5,32,0,0,786,0,0,1556,0,0,32,0,23,19.2
"5935020",7.09078627398001,4,3582,89,30,1781,49,19,2801,66,25,3701,0.8,29.3,52.7
"5935801",12.3344947735192,12,1131,16,1,978,20,1,1813,31,2,1148,0.1,47.7,40.3
"5937014",3.5,3.5,2,0,0,274,0,0,403,0,0,2,0,8.8,19.2
"5937801",6.27083333333333,6,48,0,0,280,0,0,277,0,0,48,0,25.6,19.2
"5939023",4.5,4.5,2,0,0,3,0,0,5,0,0,2,0,16.6,19.2
"5943008",38.8428571428571,35.5,164,112,74,108,97,61,193,160,96,350,21.1,77.1,78.5
"5943012",22.6411530815109,13.5,771,155,80,867,176,68,1834,374,147,1006,8,64.2,71
"5943031",26.6792144026187,20,419,161,31,159,65,13,343,149,30,611,5.1,68.3,66.9
"5943033",45.4563758389262,40.5,110,117,71,38,19,13,100,31,19,298,23.8,80.5,79.8
"5943037",36.8994413407821,35,421,371,103,206,190,54,327,274,79,895,11.5,75.9,73.8
"5943835",54,49,0,2,1,0,0,0,0,0,0,3,33.3,84.4,83
"5943837",32.3201581027668,21,176,30,47,126,19,30,280,42,61,253,18.6,72.8,77.3
"5947026",11,11,1,0,0,150,0,0,261,0,0,1,0,43.6,19.2
"5947032",51,45,4,1,4,0,0,0,2,0,2,10,40,82.9,85
"5953023",10.6954276492738,10,27775,96,14,33457,29,6,76315,58,14,27885,0.1,42.6,40.3
"5953038",5.20388349514563,5,927,0,0,724,0,0,1825,0,0,927,0,21,19.2
"5953042",6.65238095238095,6,630,0,0,818,0,0,2213,0,0,630,0,27.2,19.2
"5953044",7.07350963693411,6,2228,3,0,1407,2,0,3431,5,0,2231,0,29.1,19.2
"5953048",12.0493827160494,11,159,3,0,236,1,0,524,3,0,162,0,46.7,19.2
"5953801",13.4255319148936,14,47,0,0,36,0,0,84,0,0,47,0,50,19.2
"6001006",21.4555555555556,23,268,1,1,143,0,0,237,1,1,270,0.4,62.9,48.2
"6001007",21,21,22,0,1,10,0,1,18,0,1,23,4.3,62.1,65.2
"6001008",8.4,8,15,0,0,16,0,0,37,0,0,15,0,34.5,19.2
"6001009",9.75640050697085,8,11738,86,11,11819,32,7,27873,72,11,11835,0.1,39.6,40.3
"6001045",13.0505050505051,12,98,0,1,200,0,1,277,0,2,99,1,49.4,54.2
"6001048",12.0396475770925,12,224,2,1,208,2,1,276,2,1,227,0.4,46.7,48.2
"6001060",5,5,2,0,0,54,0,0,103,0,0,2,0,19.6,19.2
"6001065",8,8,14,0,0,0,0,0,0,0,0,14,0,33.1,19.2
"6101063",9,9,2,0,0,0,0,0,0,0,0,3,0,36.5,19.2
"6106021",35.8445595854922,35,78,110,5,35,49,2,73,115,4,193,2.6,75.2,61
"6106023",16.2128305158214,12,10744,740,51,7463,485,18,19154,1128,42,11535,0.4,54.5,48.2
"6106097",20.4625,17,73,2,5,284,6,24,242,6,25,80,6.2,61.5,68.7
"1001",9.48774088065241,4,144954,3171,3558,117675,1592,1958,247599,2622,3225,151684,2.3,30.7,49.2
"1003",19.4322469982847,17,5983,325,105,3763,171,41,6819,299,57,6413,1.6,56.3,44.3
"1004",12.097940007228,10,13622,205,8,7704,98,3,13988,175,4,13835,0.1,40.6,25.7
"1005",9.42964090851415,8,15676,81,5,12651,76,0,25472,75,0,15762,0,30.3,11.5
"1101",19.7931596091205,16,12213,2169,354,8177,1540,223,15815,2168,325,14736,2.4,57.9,51.1
"1102",28.0028119092628,22,29633,8018,4669,29594,9543,3064,67767,17662,4321,42320,11,69.3,69
"1103",55.9645486111111,63,10341,4390,14069,6580,3366,12814,13855,6873,25461,28800,48.9,87.7,90
"1201",75.7319814688236,86,986,1977,10204,571,1213,5875,978,2123,10334,13167,77.5,98.1,97.7
"1202",69.5330273810138,78,2357,4112,12924,1713,3102,7707,3238,6117,15586,19393,66.6,96.2,95.8
"1203",60.9391290357181,70,4436,4262,9948,1784,2039,5848,3245,3639,10163,18646,53.4,91.6,91.6
"1204",48.1002865329513,43,155,60,134,884,490,2013,1527,849,2822,349,38.4,84.3,86.2
"1205",68.9529039773673,83,2186,1196,8636,3196,1785,5274,5784,3259,9418,12018,71.9,95.8,96.6
"1206",58.0656060486729,64,14214,12354,24220,7491,6782,12770,14485,12604,21348,50788,47.7,89.7,89.3
"1207",62.3936431495305,71,4528,4899,11338,6558,6796,12829,12609,13730,27518,20765,54.6,92,92.7
"1208",58.6272827410285,66,3752,4990,8507,4483,5777,8158,10110,13043,18239,17249,49.3,90,90.4
"1209",48.135993219897,41,80125,44420,59523,97637,50624,52175,215176,112400,112125,184068,32.3,84.7,83.9
"1210",52.0113744075829,53,2592,2738,3110,4959,6930,8437,10399,14161,16522,8440,36.8,86.2,85.8
"1211",60.0936759829465,73,7236,4417,13679,4431,3094,9943,8274,5853,15081,25332,54,91.2,92.3
"1212",23.7199168687219,12,22036,3446,3388,16659,2450,2122,33945,4421,3029,28870,11.7,64,70.7
"1213",78.9714673913043,87,236,1101,5287,209,916,3110,321,1453,4587,6624,79.8,98.9,98.5
"1214",63.1106449921342,71,2465,2696,6281,1829,2348,5184,4046,4797,9717,11442,54.9,92.3,93.3
"1215",30.0854045972715,13,7506,975,2221,5364,764,1701,9174,1486,2915,10702,20.8,72,78.2
"1216",70.2374452742725,82,559,723,2601,405,492,3248,660,777,5553,3883,67,96.6,96.2
"1217",17.3192079296836,10,79954,2967,6162,44328,1283,2381,91783,2657,3824,89083,6.9,53.3,64.8
"1218",17.938969017094,12,6589,522,377,4148,297,190,6673,392,211,7488,5,54,62.1
"1301",39.9020849322077,28,25495,8599,12814,20254,7374,9290,42263,15432,18782,46908,27.3,80.5,81.2
"1302",36.2724071377781,27,16099,6689,6745,6341,3540,3527,12867,6862,6204,29533,22.8,77.4,79.7
"1303",59.8120163219361,70,6181,4055,11085,3067,2744,6084,7239,6595,14010,21321,52,90.8,91.2
"1304",64.5850124126783,85,4935,1789,10597,1810,738,4285,3317,1319,6319,17321,61.2,93.5,95.4
"1305",36.5649190425589,19,31988,8056,15479,16986,4691,8567,41495,10815,18820,55523,27.9,78.2,81.6
"1306",9.17949610547844,5,22084,491,406,13158,176,136,30131,345,263,22981,1.8,28.4,45.8
"1307",20.1097613485411,9,88114,11393,9648,64320,6763,4335,143923,11762,7714,109155,8.8,59,67.4
"1308",21.652476504953,18,28569,10363,438,11374,4679,181,23591,8190,285,39370,1.1,62.1,40.8
"1309",10.5230294777315,7,47987,1930,19,21103,751,5,43432,1436,6,49936,0,34.5,11.5
"1310",39.7085549801753,22,40456,8037,22378,24221,5509,18538,54727,12442,38064,70881,31.6,79.7,83.5
"1311",3.72185814113473,3,27594,23,2,11841,10,1,26306,21,2,27620,0,2.7,11.5
"1312",4.27413801706502,4,20026,15,0,9019,3,0,18236,5,0,20041,0,6.1,11.5
"1313",5.29458563535912,4,36148,52,0,15792,18,0,32481,25,0,36201,0,9.6,11.5
"1314",13.7818586850974,15,34455,559,0,15036,235,0,30266,409,0,35014,0,44.8,11.5
"1315",17.1536327509935,17,73361,6654,7,35113,4016,1,70425,7809,2,80022,0,52.9,11.5
"2402",9.19097058360862,8,12608,106,0,9024,73,0,17080,119,0,12714,0,28.7,11.5
"2403",9.39339050717137,8,13365,161,0,8806,90,0,17392,145,0,13526,0,29.9,11.5
"2404",11.16224565889,9,9269,118,0,6133,86,0,10825,125,0,9387,0,37.9,11.5
"2405",10.1352496007776,9,14360,43,0,8363,17,0,16628,30,0,14403,0,33,11.5
"2406",15.2045146726862,16,13101,189,0,6828,108,0,13077,197,0,13290,0,49.8,11.5
"2407",6.88889602053915,6,15437,142,1,9142,89,1,17370,124,0,15580,0,16.9,11.5
"2408",12.5777559055118,10,14998,242,0,11531,173,0,20615,244,0,15240,0,42.9,11.5
"2409",8.71525490712686,7,14917,252,13,9639,174,9,18175,167,6,15182,0.1,25.3,25.7
"2410",10.9363694793867,9,43194,342,28,29263,195,15,56923,242,21,43564,0.1,36.4,25.7
"2411",6.55487727330535,5,7711,152,0,5066,107,0,8764,99,0,7863,0,14.9,11.5
"2412",5.39801469886418,4,20834,109,11,17638,85,7,35208,99,6,20954,0.1,10,25.7
"2413",5.56564627425555,4,21504,89,0,10713,54,0,19398,76,0,21608,0,10.7,11.5
"2414",6.1706928736137,5,18168,45,1,10639,31,0,21262,35,0,18214,0,13.4,11.5
"2415",6.06673579734834,4,13402,98,1,8247,40,0,14893,46,0,13501,0,12.6,11.5
"2416",6.6281979756117,5,12509,38,0,6883,20,0,12426,31,0,12547,0,15.7,11.5
"2417",5.06244330208648,4,19750,92,0,9421,48,0,17538,53,0,19847,0,9.2,11.5
"2418",6.36926388743043,4,18953,91,2,12184,63,1,22389,80,1,19051,0,14.6,11.5
"2419",4.05363759486878,3,38932,186,15,17847,84,4,37690,151,7,39133,0,4.6,11.5
"2420",8.66819347746427,6,5308,145,5,3396,107,4,6640,160,7,5458,0.1,24.5,25.7
"2421",8.18165641364584,5,19607,56,6,15362,35,6,30041,69,16,19669,0,23.4,11.5
"2422",3.83415820583161,3,34971,387,1,19702,170,0,47459,349,0,35359,0,3.1,11.5
"2423",8.23069580312035,5,277697,5150,6,295535,3172,1,579603,7203,2,282853,0,23.8,11.5
"2425",4.00522297142444,3,82733,156,14,67781,122,5,148907,246,10,82903,0,3.8,11.5
"2426",9.19306062609595,4,32642,1522,623,14949,844,297,35558,1786,613,34787,1.8,29.1,45.8
"2427",14.5986299237117,5,16581,1754,934,7213,968,640,15801,2141,1301,19269,4.8,47.9,61.3
"2428",3.62416896567319,3,21970,48,93,8745,15,27,16852,24,44,22119,0.4,2.3,33
"2429",13.2189918222873,6,36718,3177,1070,21867,2655,739,46367,5270,1408,40965,2.6,43.7,53.4
"2430",2.97065935087882,2,21435,70,1,12622,42,0,21873,53,0,21509,0,0.4,11.5
"2431",3.4344760451472,3,37722,269,18,22818,153,9,43162,160,10,38009,0,1.5,11.5
"2432",4.04966580475191,3,20378,89,30,11760,63,11,23410,81,22,20497,0.1,4.2,25.7
"2433",13.8861288195208,4,23872,700,2722,13134,580,1968,29338,1229,3588,27294,10,45.6,68.6
"2434",25.1002750030331,6,32088,11647,5719,15663,8767,3141,30903,18038,6212,49454,11.6,67,70.1
"2435",20.0978613419826,15,16850,2089,793,7428,972,308,11017,1431,300,19732,4,58.6,58.6
"2436",29.5414717141642,25,16993,5229,1288,19827,5646,1929,36098,10134,3134,23510,5.5,71.3,63
"2437",55.0482723650851,55,25321,13739,29965,29188,20052,30448,62482,37640,58196,69025,43.4,87,87.4
"2438",79.5553718032012,90,1083,2269,13579,437,1294,8411,880,2762,17106,16931,80.2,99.2,98.9
"2439",12.1108029826832,4,43356,4742,583,33225,1996,258,69428,4272,502,48681,1.2,41,41.8
"2440",5.62254225595033,3,11457,100,39,7267,69,21,14452,127,34,11596,0.3,11.1,31
"2441",4.08804090887163,3,20631,89,9,11180,47,7,22825,82,15,20729,0,5,11.5
"2442",10.5639857458613,7,21014,929,226,13963,660,160,29817,1369,305,22169,1,35.2,39.8
"2443",9.83304462912863,8,49987,1204,188,83736,1878,202,168277,3813,381,51379,0.4,31.4,33
"2444",3.07683810838799,3,14416,66,3,8862,41,2,18830,61,4,14497,0,0.8,11.5
"2445",7.21051364365971,4,48406,841,593,30815,701,349,53326,998,362,49890,1.2,18.4,41.8
"2446",9.03911241160693,4,38916,1438,656,32623,1120,492,61663,2074,838,41011,1.6,26.8,44.3
"2447",5.0410581959497,3,40642,500,287,42642,237,129,91980,496,270,41429,0.7,8.8,36.6
"2448",26.9695577254451,19,8374,2958,855,4925,1731,523,10670,3877,1092,12187,7,68.6,65.1
"2449",31.8189321205996,24,40777,10881,7712,39784,7239,3227,84190,16431,7266,59370,13,73.6,72.8
"2450",84.2605332526684,90,460,2377,20304,155,1298,9889,373,2744,20681,23141,87.7,99.6,99.2
"2451",57.0226467965864,67,12774,6775,19706,6149,3053,10157,11633,5821,19803,39255,50.2,88.5,90.8
"2452",75.2447144253596,85,3316,6229,26260,2072,3462,15835,3716,6174,34134,35805,73.3,97.7,97.3
"2453",85.734133455091,88,0,1671,28991,0,1749,24122,0,3449,48362,30662,94.6,100,99.6
"2454",35.809230180923,25,25857,8526,7458,29300,7868,4447,63239,16449,9729,41841,17.8,76.6,76.2
"2455",24.3425255972696,18,16974,3837,1164,12705,2536,948,29883,5946,2043,21975,5.3,66.3,62.5
"2456",35.1023582711753,20,36776,9485,11790,37957,8664,8487,85075,19132,16860,58053,20.3,76.2,77.6
"2457",33.9629502503634,25,31667,11179,6682,36259,12154,5354,90501,28768,12446,49528,13.5,74.3,73.2
"2458",46.1911162567419,44,30317,58675,17247,48446,111418,33056,119277,243195,73197,106239,16.2,82.8,74.3
"2459",49.0866446241956,42,12869,10031,10974,13883,9234,9292,36304,22621,21369,33874,32.4,85.1,84.3
"2460",64.6270629354443,63,4109,19798,19296,4960,22877,24671,13690,58029,56340,43203,44.7,93.9,88.1
"2461",64.4964294904786,71,3364,10975,16749,3027,15195,15512,6146,30526,34313,31088,53.9,93.1,92
"2462",17.4938472766774,8,50084,4629,4204,31873,2804,2294,46466,4319,3402,58917,7.1,53.6,65.5
"2463",59.5285424669228,72,9748,6896,20844,6187,4901,14449,12271,11613,34766,37488,55.6,90.4,93.9
"2464",66.1737918883935,66,2634,25906,27084,3034,29337,33882,8198,77307,85360,55624,48.7,94.6,89.7
"2465",39.7611313239953,32,62483,36290,20238,96137,53937,24247,238611,136380,59681,119011,17,80.1,75.5
"2466",34.0089828025934,31,173297,106415,13181,526429,416573,23293,1120166,813854,49226,292893,4.5,74.7,60.2
"2467",27.3487323622148,24,53656,14765,1670,57616,15361,1103,145011,37355,2905,70091,2.4,69,51.1
"2468",19.2043643767705,13,19292,2728,572,10936,1215,225,26273,3309,604,22597,2.5,55.6,52.7
"2469",46.5599612727193,42,9335,6751,6637,4569,3588,3253,9621,7363,5191,22749,29.2,83.1,82.8
"2470",47.7854478091955,41,12693,17483,8691,11466,14384,6661,24102,30476,13717,38867,22.4,83.9,79.3
"2471",49.8733753916623,46,25550,21702,23919,21559,20223,23579,57725,49804,54768,71171,33.6,85.8,84.7
"2472",57.9643854748603,59,7969,14562,16133,8005,18992,15528,19207,45506,37242,38664,41.7,89.3,86.6
"2473",67.7859235199171,71,1334,20101,28748,1417,28242,37280,3745,68283,91484,50183,57.3,95,95
"2474",65.8154914572071,72,3482,7368,14493,3544,8837,13123,9083,21068,30931,25343,57.2,94.3,94.4
"2475",26.0195760493202,15,43263,8308,7634,45605,8901,9338,100047,19973,19630,59205,12.9,68.2,72.4
"2476",37.4136537330982,26,15089,5259,6868,9980,4495,5106,15769,9089,9875,27216,25.2,78.5,80.5
"2477",6.2675523441056,3,34373,232,547,30703,187,318,46271,201,320,35152,1.6,14.2,44.3
"2478",10.8974184936311,4,40829,1953,1417,34511,1451,1023,48268,1469,959,44199,3.2,36,55.7
"2479",13.6776670817767,5,12908,353,1193,7473,119,792,9556,132,790,14454,8.3,44.4,66.3
"2480",34.2561759916089,21,23075,5090,8064,9907,2323,3796,14746,2999,6524,36229,22.3,75.5,78.9
"2481",63.9842132505176,70,12836,23760,44548,17442,43421,72312,41448,93868,155642,81144,54.9,92.7,93.3
"2482",34.9533260913593,25,32031,11523,10759,14855,5077,4990,33181,10924,10031,54313,19.8,75.9,77
"2483",52.74885988814,59,13282,5619,15964,6172,2415,6323,9301,3364,7808,34865,45.8,86.6,88.5
"2484",57.1984230110448,61,10820,7197,15845,3180,2548,4398,4422,3869,6463,33862,46.8,88.9,88.9
"2485",11.8,4,5,0,0,62,0,0,121,0,0,5,0,39.5,11.5
"2486",8.92965582799788,7,35148,295,324,20693,89,83,41859,235,204,35767,0.9,25.7,38.9
"2487",10.8291139240506,10,468,1,5,221,0,2,439,0,1,474,1.1,35.6,40.8
"2488",11.0135848641514,9,17898,101,183,10546,39,122,22324,79,236,18182,1,37.2,39.8
"2489",8.10646876384581,6,22314,70,186,18151,31,72,37410,55,129,22570,0.8,22.6,37.9
"2490",11.3665699361579,9,8233,253,129,6424,73,78,10870,70,75,8615,1.5,38.3,43.3
"2491",23.7916094686443,15,20761,8102,1004,11556,4800,503,20829,9404,832,29867,3.4,64.8,56.9
"2492",7.3114985862394,6,27029,371,186,11735,28,115,23583,41,131,27586,0.7,19.2,36.6
"2493",7.919087918435,6,39066,745,10,25319,394,4,51701,593,6,39821,0,21.5,11.5
"2494",10.5234049978418,7,106183,2685,19,80673,2013,1,163147,3947,1,108887,0,34.9,11.5
"2495",6.69094922737307,4,2170,85,10,1299,41,0,2485,82,0,2265,0.4,16.1,33
"2496",11.8143222506394,8,3779,127,4,2180,94,1,4100,165,1,3910,0.1,39.8,25.7
"2497",11.0368271954674,10,346,7,0,305,7,0,710,22,0,353,0,37.5,11.5
"2498",23.4958794443136,19,3701,353,193,2255,207,104,4423,237,130,4247,4.5,63.6,60.2
"2499",42.4358752166378,43,4738,2051,3597,3413,2310,4147,9180,7603,13452,10386,34.6,81.6,85.1
"3501",23.7967814371257,20,48021,8486,2277,36868,6557,2079,83765,14783,4388,58784,3.9,65.1,58.2
"3502",56.5802846013197,59,18150,17346,27399,11484,10121,17887,29710,24701,40945,62895,43.6,88.1,87.7
"3506",42.7579552888743,40,163954,145566,81792,144395,185507,84430,360896,418472,212472,391312,20.9,82,78.5
"3507",39.1823400765446,28,11831,4317,5800,28037,6879,4997,60717,13661,8434,21949,26.4,79.3,80.8
"3509",24.270621649732,12,18529,3551,2918,23974,3504,2449,52109,7352,4277,24998,11.7,65.9,70.7
"3510",19.850517651471,11,84363,9176,7784,64785,9506,5770,132758,18510,10245,101323,7.7,58.2,65.9
"3511",19.6428838580512,8,35799,5854,3800,15516,3045,1492,35498,6888,2700,45453,8.4,56.7,66.7
"3512",15.0553329087257,8,89908,8658,3489,57022,6946,2344,124132,14782,4144,102055,3.4,49,56.9
"3513",32.3765667004155,21,17470,6368,4805,8821,2916,1808,17851,5031,2808,28643,16.8,73.9,75.1
"3514",19.7249714470791,12,48008,7784,2871,30925,6585,2384,68831,14423,4391,58663,4.9,57.5,61.7
"3515",11.0027411286624,5,86725,3790,3242,68037,2671,1686,140551,3884,1863,93757,3.5,36.8,57.5
"3516",10.0367979341511,5,64105,1877,2174,36817,980,1061,76411,1313,1372,68156,3.2,32.2,55.7
"3518",28.0982712579058,24,198294,67521,18785,155616,72630,20739,432900,205153,55582,284694,6.6,69.7,64
"3519",14.3799451253166,11,356176,19413,3092,365365,31224,3094,1076597,77999,7036,378681,0.8,46.7,37.9
"3520",28.457084292328,27,363471,188858,15540,637512,472033,47915,1586900,923645,89739,567869,2.7,70.1,54
"3521",23.7588109376175,20,387033,94401,10483,324276,105489,17405,1042562,321365,41092,491917,2.1,64.4,47.9
"3522",4.20364562916503,4,35625,69,20,24237,26,13,65811,67,39,35714,0.1,5.4,25.7
"3523",4.70480111756488,5,95027,137,43,93548,112,20,231988,240,32,95207,0,7.7,11.5
"3524",19.3986466068037,15,155918,24920,4474,169973,32890,7686,479369,90945,17309,185312,2.4,55.9,51.1
"3525",17.091485097014,11,194906,22826,5277,201787,24228,4346,497311,56906,9411,223106,2.4,52.1,51.1
"3526",20.8816473349693,15,214962,37522,9952,168537,30917,8081,390402,69901,16442,262436,3.8,60.9,57.9
"3528",15.0582719854436,10,99073,6240,2406,46173,3303,1180,110265,4735,1342,107719,2.2,49.4,48.3
"3529",20.7774574368001,17,54768,10296,838,45439,11482,855,113325,28113,1882,65902,1.3,60.5,42.7
"3530",4.76674570730408,5,303801,199,63,231361,109,37,582862,303,88,304063,0,8,11.5
"3531",4.23359220344145,4,39352,32,18,31699,16,5,75690,37,13,39402,0,5.7,11.5
"3532",5.77605706744182,4,59593,230,36,48843,306,23,120199,624,57,59859,0.1,11.5,25.7
"3534",14.6004525983997,12,58631,2980,254,36867,1765,134,90371,3799,264,61865,0.4,48.3,33
"3536",29.0613863730539,25,42025,23581,1966,32568,13228,1060,72744,29484,1851,67572,2.9,70.9,55.2
"3537",20.3657300640601,16,191966,29751,4633,148336,21355,3516,362228,51859,6682,226391,2,59.8,47.1
"3538",21.0707723890172,16,79577,15612,2236,50561,8807,905,109060,17612,1391,97425,2.3,61.3,49.2
"3539",7.72792748766639,6,257108,535,189,212405,517,213,492904,964,410,257832,0.1,19.9,25.7
"3540",6.90342541073744,4,59351,1506,70,28461,871,21,60350,733,31,60927,0.1,17.2,25.7
"3541",4.30744739756368,3,7147,77,0,23177,69,0,43459,63,0,7225,0,6.5,11.5
"3542",6.02616583323642,3,25577,214,6,39998,151,4,78846,150,4,25797,0,12.3,11.5
"3543",12.2740670496653,8,289060,16485,2376,208377,14859,1753,499257,30860,2762,307921,0.8,41.4,37.9
"3544",7.44421534111884,3,100908,9917,236,43646,3680,67,63483,2363,47,111061,0.2,19.5,29.5
"3546",8.12952380952381,3,2450,61,114,11995,152,151,12382,179,159,2625,4.3,23,59.4
"3547",55.8122843775107,60,17004,18994,27481,14690,13153,19013,28890,29450,39941,63479,43.3,87.4,87
"3548",6.1792730628928,4,44165,881,460,39434,445,178,80670,723,277,45506,1,13.8,39.8
"3549",7.82346903865891,4,8335,267,167,20868,637,64,28080,391,111,8769,1.9,20.3,46.4
"3551",14.1818181818182,7,79,5,4,1556,286,185,2388,431,211,88,4.5,46.4,60.2
"3552",8.6953792977988,4,10246,532,216,6888,614,155,11201,926,153,10994,2,24.9,47.1
"3553",9.05621768537465,6,62701,773,545,74110,771,395,162484,1587,703,64019,0.9,27.6,38.9
"3554",34.2003891050584,14,282,107,125,3039,1358,959,5304,2841,2121,514,24.3,75.1,80.1
"3556",7.83583535108959,7,6174,16,5,21427,9,1,42525,4,2,6195,0.1,20.7,25.7
"3557",6.81243926141885,6,2050,6,2,36633,10,64,71796,25,95,2058,0.1,16.5,25.7
"3558",25.7670783282227,23,78910,25291,2440,43411,12851,1726,91417,27694,3167,106641,2.3,67.8,49.2
"3559",7.26455026455026,4,183,3,3,2863,84,238,5075,42,98,189,1.6,18.8,44.3
"3560",9.22944550669216,5,503,13,7,10550,243,44,19721,334,44,523,1.3,29.5,42.7
"4601",8.94332388731455,5,11482,492,24,3309,179,5,5798,298,11,11998,0.2,26.1,29.5
"4602",29.5971532529348,14,29268,5580,8851,19235,2763,4832,54021,7644,13659,43699,20.3,71.6,77.6
"4603",76.4591748662179,86,437,771,4585,78,351,1710,211,840,4392,5793,79.1,98.5,98.1
"4604",7.92686634388019,5,17283,366,113,3440,93,28,7995,120,42,17762,0.6,21.8,35.4
"4605",10.3209963784118,8,22181,298,163,4511,160,62,9338,398,114,22657,0.7,33.7,36.6
"4606",12.4229780620479,9,15968,477,284,4148,278,111,9284,410,157,16729,1.7,41.8,45.2
"4607",17.1425492007503,13,32129,2767,825,22055,3442,720,51201,7396,2064,35721,2.3,52.5,49.2
"4608",19.6436895466729,11,13921,2184,1057,2897,796,183,8514,2450,492,17162,6.2,57.1,63.6
"4609",67.8794425087108,74,197,417,821,41,103,240,76,282,302,1435,57.2,95.4,94.4
"4610",73.686490283306,82,307,862,3102,250,398,1281,720,1210,3705,4271,72.6,97.3,96.9
"4611",35.8856665649922,27,193706,87524,56449,161699,86068,65654,392293,200547,155341,337679,16.7,77,74.7
"4612",25.135343035343,15,14417,2611,2212,6263,795,257,16602,2204,684,19240,11.5,67.4,69.7
"4613",38.2968242962141,32,19057,10821,6177,10663,5291,3392,27370,13524,7448,36055,17.1,78.9,75.9
"4614",30.4975323296058,21,10570,3415,2022,4742,998,431,11506,2502,1115,16007,12.6,72.4,72
"4615",10.4273282369345,7,19968,758,73,5537,286,19,12857,594,33,20799,0.4,34.1,33
"4616",9.05218855218855,8,594,0,0,314,0,0,425,0,0,594,0,27.2,11.5
"4617",22.8870311793945,13,3539,448,439,1516,161,167,2484,355,282,4426,9.9,62.5,68.2
"4618",42.3497328761662,40,10592,9724,4766,3142,3576,3098,5714,5881,3999,25082,19,81.2,76.6
"4619",49.8370837083708,46,1091,1298,944,490,663,645,1560,2039,1400,3333,28.3,85.4,82
"4620",14.4814942926323,10,10433,1068,63,4076,390,15,8094,877,24,11564,0.5,47.1,34.7
"4621",30.9358356049486,24,3154,1079,536,2813,689,247,7434,1768,657,4769,11.2,72.8,69.3
"4701",6.60851063829787,6,234,1,0,24,0,0,60,0,0,235,0,15.3,11.5
"4703",20.1794871794872,15,33,6,0,14,2,0,34,6,0,39,0,59.4,11.5
"4704",14.169014084507,5,63,6,2,22,0,0,41,1,1,71,2.8,46,54.6
"4705",5.52702702702703,5,74,0,0,19,0,0,41,0,0,74,0,10.3,11.5
"4706",16.0046024672666,9,103120,8182,4940,89634,10035,4878,203692,21113,9658,116242,4.2,50.6,59
"4707",43.4985493230174,46,839,635,594,176,239,220,404,530,538,2068,28.7,82.4,82.4
"4708",13.8752781711511,7,8863,785,238,7584,598,165,16132,1331,349,9886,2.4,45.2,51.1
"4709",12.5324836254204,8,5320,289,40,1388,172,15,2883,191,14,5649,0.7,42.1,36.6
"4710",6.98047419804742,4,717,0,0,297,0,0,928,0,0,717,0,18,11.5
"4711",15.620045258101,11,97643,7640,2543,107481,11214,2845,247962,25319,6573,107826,2.4,50.2,51.1
"4712",9.12186379928315,8,277,1,1,239,5,5,577,13,13,279,0.4,28,33
"4714",3.875,3,24,0,0,30,0,0,10,0,0,24,0,3.4,11.5
"4715",11.991610738255,9,574,20,2,342,16,3,901,38,7,596,0.3,40.2,31
"4716",11.7267759562842,8,1773,51,6,933,26,3,1746,25,3,1830,0.3,39.1,31
"4717",23.4228670634921,17,9038,2391,667,3526,1401,410,5068,1045,376,12096,5.5,63.2,63
"4718",36.4909786768726,33,926,682,221,546,402,116,1252,982,268,1829,12.1,77.8,71.6
"4801",18.5709490495371,16,25599,2648,55,28361,3009,49,63663,6278,117,28302,0.2,54.8,29.5
"4802",8.2769065552548,7,67588,353,35,43370,46,16,99864,116,44,67976,0.1,24.1,25.7
"4803",7.85714285714286,5,35,0,0,14,0,0,56,0,0,35,0,21.1,11.5
"4804",12.5681818181818,13,132,0,0,70,0,0,85,0,0,132,0,42.5,11.5
"4806",6.96215777827111,6,557379,1022,155,593417,1551,91,1479587,2995,250,558556,0,17.6,11.5
"4808",7.99743690851735,7,30267,159,6,37474,209,8,85882,515,20,30432,0,22.2,11.5
"4809",3.22222222222222,3,18,0,0,0,0,0,5,0,0,18,0,1.1,11.5
"4810",5.96597187343044,5,7874,77,13,3461,13,3,8334,30,6,7964,0.2,11.9,29.5
"4811",9.58869881942771,7,548670,14953,849,539347,8535,410,1293354,23067,900,564472,0.2,31,29.5
"4813",11.6666666666667,4,3,0,0,137,0,0,189,0,0,3,0,38.7,11.5
"4814",71,71,0,0,1,0,0,34,0,0,76,1,100,96.9,100
"4815",4.36684531509887,4,10821,1,0,14389,2,0,29531,4,0,10822,0,6.9,11.5
"4816",13.4763287401575,9,18755,1316,249,25120,2630,1721,62189,5172,2673,20320,1.2,44.1,41.8
"4819",4.7745696590333,5,45351,14,6,31348,3,2,74627,10,9,45371,0,8.4,11.5
"5901",3.55178499551042,3,32259,32,6,24587,25,2,50317,38,3,32297,0,1.9,11.5
"5905",9.84584717607973,9,2976,34,0,2658,37,0,5382,70,0,3010,0,31.8,11.5
"5907",17.9436350888127,14,22548,3028,96,20595,3681,65,43066,6606,114,25672,0.4,54.4,33
"5909",40.4520721383879,28,73510,21374,40966,80078,20644,23749,216165,49414,57265,135850,30.2,80.8,83.1
"5915",14.5179730037832,6,451411,42269,23874,749832,99957,43675,1831421,210588,92998,517555,4.6,47.5,60.9
"5917",18.8520731796919,13,137379,21785,4160,166774,25662,5579,354437,50525,9814,163324,2.5,55.2,52.7
"5919",16.6856170092033,10,48147,6786,1460,32147,4518,790,72026,9369,1699,56393,2.6,51.3,53.4
"5921",13.1739244464619,7,89454,7724,1957,73031,5585,1361,156984,10832,2369,99135,2,43.3,47.1
"5923",29.0115033716779,17,13233,4121,2814,11400,3300,1927,23875,6097,3449,20168,14,70.5,73.6
"5924",24.5077590679685,14,15178,4172,1851,15184,3700,1645,33660,7641,3201,21201,8.7,66.7,67
"5926",20.5015978804185,10,29077,5068,2466,25888,4138,1789,56202,8198,3221,36611,6.7,60.2,64.4
"5927",14.6848170361884,5,12608,1748,483,10052,1232,290,19085,1868,379,14839,3.3,48.7,56.3
"5929",24.0393472764882,11,15383,4312,2060,12477,3591,1557,24593,5190,2018,21755,9.5,65.5,67.8
"5931",23.4123581336696,5,10353,1667,2254,14806,2378,3633,25885,5532,8256,14274,15.8,62.8,73.9
"5933",21.0710635072017,17,33090,7570,233,37004,6990,141,85586,17334,375,40893,0.6,61.7,35.4
"5935",16.6940320232897,9,55256,8173,1836,57926,16988,4451,131527,31591,7788,65265,2.8,51.7,54.6
"5937",6.16,6,50,0,0,554,0,0,680,0,0,50,0,13,11.5
"5939",4.5,4.5,2,0,0,3,0,0,5,0,0,2,0,7.3,11.5
"5943",31.4938524590164,26,2061,948,407,1505,565,239,3078,1030,431,3416,11.9,73.2,71.3
"5947",47,34.5,5,1,4,150,0,0,263,0,2,11,36.4,83.5,85.4
"5953",10.2133178596073,9,31766,102,14,36678,32,6,84392,65,14,31882,0,33.3,11.5
"6001",10.0933920704846,8,12381,89,15,12451,34,10,28821,75,16,12485,0.1,32.6,25.7
"6101",9,9,2,0,0,0,0,0,0,0,0,3,0,26.4,11.5
"6106",16.5625,12,10895,852,61,7782,540,43,19469,1249,72,11808,0.5,51,34.7
"10",10.0150405182932,5,180235,3782,3676,141793,1938,2002,293878,3172,3286,187694,2,16.7,33.3
"11",35.9733740216176,26,52187,14577,19092,44351,14449,16101,97436,26702,30107,85856,22.2,91.7,91.7
"12",46.5765378842226,40,241912,97855,188540,206649,97184,148964,432430,203761,288996,528307,35.7,100,100
"13",24.4790175502217,11,503492,68705,89618,269435,41248,54949,580700,83468,110470,661827,13.5,66.7,66.7
"24",28.0830973241848,16,2525342,594433,559814,2446158,961882,527663,5086006,2042351,1154876,3679721,15.2,75,83.3
"35",20.2421615833964,13,4589294,843044,262913,4182903,1125894,270634,10424040,2526345,598631,5695485,4.6,58.3,50
"46",30.6425178147268,20,430294,132960,93506,261218,107479,83093,633499,251339,195921,656775,14.2,83.3,75
"47",16.3132262652191,10,229518,20689,9254,212255,24109,8661,481731,50594,17800,259461,3.6,33.3,41.7
"48",8.40843252867947,7,1312492,20543,1369,1316508,15998,2335,3197365,38187,4096,1334404,0.1,8.3,12.5
"59",18.6067101820266,9,1075746,140914,86941,1373328,203021,90898,3218629,421989,193398,1303603,6.7,50,58.3
"60",10.0933920704846,8,12381,89,15,12451,34,10,28821,75,16,12485,0.1,25,12.5
"61",16.5612193056732,12,10897,852,61,7782,540,43,19469,1249,72,11811,0.5,41.7,25
