"munic","pr","scoremat","scoresoc","scoremat_can","scoresoc_can","scoremat_pr","scoresoc_pr"
1001101,"10",0.0990377659308528,-0.143785186063167,5,1,5,1
1001105,"10",0.101257123912468,-0.0154274037240503,5,2,5,4
1001113,"10",0.0888643581663172,-0.0337927204749922,5,1,4,3
1001120,"10",0.114426471888903,-0.0711438304782573,5,1,5,1
1001124,"10",0.0118903028647462,-0.00369683579477786,3,3,1,5
1001126,"10",0.0382912533897686,-0.0148002725028197,4,2,2,4
1001131,"10",0.0338581683646975,-0.0314833596001294,4,1,2,3
1001136,"10",0.0455198284949646,0.00339471256925256,4,4,3,5
1001140,"10",0,0,2,3,1,5
1001144,"10",0,0,2,3,1,5
1001149,"10",0.0825363296906592,-0.0187405583245277,5,2,4,4
1001155,"10",0.0184134828031334,-0.0131894384778834,3,2,1,4
1001169,"10",0.0763058869310129,-0.0179873439265855,5,2,4,4
1001174,"10",0.068879087343472,-0.0420913824470398,5,1,4,2
1001178,"10",0.0273169112173799,-0.0317140504685104,4,1,2,3
1001181,"10",0.0371858009589757,-0.0175822283860815,4,2,2,4
1001186,"10",0.0954687143048482,-0.0976245009182241,5,1,5,1
1001192,"10",0.0570282854221008,-0.0612556857151128,4,1,3,2
1001197,"10",-0.00493629020661894,-0.0143065624341376,2,2,1,4
1001203,"10",0.0256715986592696,-0.00164696114945626,4,3,2,5
1001207,"10",0.0529608245997943,-0.0748632807286483,4,1,3,1
1001214,"10",0.0269921448241469,-0.0323578862601403,4,1,2,3
1001219,"10",0.116146442864565,-0.0369007529814272,5,1,5,2
1001225,"10",0.0826982950056791,-0.0443891344763596,5,1,4,2
1001228,"10",0.0503094677986184,-0.0344465450207245,4,1,3,3
1001234,"10",0.00621272117226245,-0.0158082764083323,3,2,1,4
1001240,"10",0.0179270357379977,-0.00673869368092492,3,3,1,5
1001254,"10",0.0638094627110299,-0.0176387145905543,5,2,3,4
1001259,"10",0.0324794794287157,-0.0441650486769917,4,1,2,2
1001263,"10",0.034465845161479,-0.00914828031072955,4,3,2,4
1001267,"10",0.051353363283455,-0.0464689192808136,4,1,3,2
1001270,"10",0.0339864723363143,-0.00839677474672857,4,3,2,4
1001274,"10",0.0548403501015268,0.00878672486355711,4,4,3,5
1001277,"10",0.0341537201278722,-0.0434976741835208,4,1,2,2
1001281,"10",0.0839929991485007,-0.0457256892254647,5,1,4,2
1001285,"10",0.02509046723887,-0.0239413742942793,4,2,2,3
1001289,"10",0.0231664398991247,-0.0210765787256699,4,2,2,4
1001293,"10",0.0207785734994761,-0.0408474269004288,3,1,2,2
1001298,"10",0.0361954130362532,-0.0341435226985479,4,1,2,3
1001304,"10",0.0484168273400176,-0.0358508098026848,4,1,3,3
1001308,"10",-0.00920711580832046,-0.0257008242436189,1,2,1,3
1001312,"10",0.0564306430114331,-0.0396399791423801,4,1,3,2
1001316,"10",0.113704282625381,-0.0226000364311649,5,2,5,3
1001321,"10",0.0317823319474256,-0.0272176368162236,4,2,2,3
1001325,"10",0.0679031313595985,0.00481971827680661,5,4,4,5
1001328,"10",0.0295621053450993,-0.00278100980014548,4,3,2,5
1001332,"10",0.0621454233753668,-0.0270202763901001,5,2,3,3
1001335,"10",0.0574268358571044,-0.0424929345659712,4,1,3,2
1001339,"10",0.0423504103949287,-0.00294128308878474,4,3,2,5
1001343,"10",0.00943707475284803,-0.0186620028700049,3,2,1,4
1001347,"10",0.0685055031561303,-0.0467453932472304,5,1,4,2
1001352,"10",0.0258583994600158,-0.0235749104411706,4,2,2,3
1001357,"10",0.0292304160172421,-0.0236376096599944,4,2,2,3
1001361,"10",0.0583086878416273,-0.0388053259067033,5,1,3,2
1001365,"10",0.0649568943927242,-0.0330000160495627,5,1,4,3
1001370,"10",0.036981964194838,0.00148475762090191,4,4,2,5
1001374,"10",-0.0300777231474146,-0.0165564623640606,1,2,1,4
1001375,"10",0.0685742938487994,-0.0469661137540899,5,1,4,2
1001379,"10",0.0578924603816312,-0.00802132230140357,5,3,3,4
1001385,"10",0.0579192789425909,-0.0420158402200057,5,1,3,2
1001391,"10",NA,NA,NA,NA,NA,NA
1001394,"10",0.0303876422022625,-0.0277026517774503,4,2,2,3
1001396,"10",0.0558437131137313,-0.02465047600421,4,2,3,3
1001405,"10",0,0,2,3,1,5
1001409,"10",0.0316239793372116,-0.0145805132138289,4,2,2,4
1001415,"10",0.0460294352691993,-0.0202471694328445,4,2,3,4
1001421,"10",0.0430248117462027,-0.0312238226112807,4,1,2,3
1001426,"10",0.0309098997989658,-0.00142574064398749,4,3,2,5
1001429,"10",0.0228766079735925,0.00703135269317744,4,4,2,5
1001434,"10",0.0232521891950029,-0.0234264538155198,4,2,2,3
1001437,"10",0.0489712370783084,-0.0149378310060838,4,2,3,4
1001441,"10",0.0693539828565618,-0.0205385798626834,5,2,4,4
1001446,"10",0.0550269782299912,-0.00470516831511441,4,3,3,5
1001452,"10",0.0485567482680401,-0.00837652649547706,4,3,3,4
1001456,"10",0.0678258949517843,-0.0271023920239981,5,2,4,3
1001461,"10",0.0571549894785771,0.00144567238045774,4,4,3,5
1001464,"10",0.0346824475920778,0.02014693276461,4,5,2,5
1001469,"10",0.023578360929848,-0.0192519445540314,4,2,2,4
1001472,"10",0.00770334241062974,-0.0185795786398286,3,2,1,4
1001485,"10",0.000522809627230857,-0.00934644553867213,2,3,1,4
1001490,"10",0.0793530942983708,0.0292187860093498,5,5,4,5
1001494,"10",0.105336868803452,0.00547364734873139,5,4,5,5
1001504,"10",-0.0186623145283752,-0.0216634074028113,1,2,1,4
1001505,"10",0.01871367920902,-0.00468836595074924,3,3,1,5
1001507,"10",-0.0180072125633177,-0.0198526128856457,1,2,1,4
1001509,"10",-0.0132358054462156,-0.0128355320850616,1,3,1,4
1001511,"10",-0.0334570692334135,-0.0405566794687217,1,1,1,2
1001512,"10",0.00164189204450523,-0.0394081196651941,3,1,1,2
1001517,"10",-0.0236292103167611,-0.00764057986457582,1,3,1,4
1001519,"10",-0.00566427782656506,0.0176910614724069,2,5,1,5
1001542,"10",-0.0032621219943853,0.00558607241952299,2,4,1,5
1001551,"10",0.0126219867144618,-0.0236660989761168,3,2,1,3
1001557,"10",0.0108845924375072,-0.0198879899289841,3,2,1,4
1001559,"10",0.00626060976017084,-0.0314237094108906,3,1,1,3
1001565,"10",0,0,2,3,1,5
1002001,"10",0.00353389350868741,-0.0283053185541641,3,2,1,3
1002002,"10",0.022377801886688,-0.021473469668561,4,2,2,4
1002005,"10",0.038813727967963,-0.0255880106784006,4,2,2,3
1002006,"10",0.0384138496456127,-0.0343958783563203,4,1,2,3
1002008,"10",0.0203081379226539,-0.0109006787442516,3,3,1,4
1002009,"10",0,0,2,3,1,5
1002011,"10",0.0669775590006188,-0.0309078538291204,5,2,4,3
1002012,"10",0.0391907271233797,-0.0613685720377601,4,1,2,1
1002013,"10",0.0867012677469747,0.0158673198417587,5,5,4,5
1002014,"10",0.127485135063834,-0.0440078811984841,5,1,5,2
1002015,"10",0.166575720603489,-0.0714504067775368,5,1,5,1
1002016,"10",0.00632607519449348,-0.0702680530823848,3,1,1,1
1002017,"10",0.0605912481212248,-0.0536427769627095,5,1,3,2
1002018,"10",0.0577564129452825,-0.0225439160764142,5,2,3,3
1002019,"10",0.047019538002437,-0.0131127068609253,4,2,3,4
1002021,"10",0.0278242515647402,-0.0501890177780406,4,1,2,2
1002022,"10",0.0356485953531486,-0.0606959329828536,4,1,2,2
1002023,"10",-0.015980850087431,-0.0334305923523203,1,1,1,3
1002024,"10",0.0427667546358557,-0.00687364280202429,4,3,2,4
1002025,"10",0.0453500211937426,-0.0154928948565236,4,2,2,4
1002026,"10",0.117876692469058,-0.0719859902586827,5,1,5,1
1002027,"10",0.0581138087866239,-0.0531293008106204,5,1,3,2
1002029,"10",NA,NA,NA,NA,NA,NA
1002030,"10",0.151643781438625,-0.10132240337131,5,1,5,1
1002031,"10",0.055371813378076,-0.0543978452821429,4,1,3,2
1002033,"10",0.0598807289589335,-0.030317134082439,5,2,3,3
1002034,"10",0.066109370356094,-0.0284892473302847,5,2,4,3
1002036,"10",0.0913796230778723,-0.0530577392604948,5,1,4,2
1002037,"10",0.00422915194564921,-0.0272833000268961,3,2,1,3
1002039,"10",0.0942460253401275,-0.0351490090501876,5,1,4,3
1002040,"10",0.0438777937538171,-0.0657768900479493,4,1,2,1
1002041,"10",0.0654028788619078,-0.0562979024843933,5,1,4,2
1002044,"10",0,0,2,3,1,5
1002048,"10",0.0248070960590401,-0.00024266487029429,4,3,2,5
1002055,"10",0.128397943019015,-0.0430886057345275,5,1,5,2
1003001,"10",0,0,2,3,1,5
1003002,"10",0.0833746780206428,-0.0196629228147374,5,2,4,4
1003003,"10",0.0663895379299889,-0.0634788618316708,5,1,4,1
1003004,"10",0.126222385424122,-0.0454575386315283,5,1,5,2
1003005,"10",0.0924246808339692,-0.0815657685663198,5,1,4,1
1003006,"10",NA,NA,NA,NA,NA,NA
1003008,"10",0.0555225668313188,-0.041149574295054,4,1,3,2
1003009,"10",0.0539950271114235,-0.142362030680515,4,1,3,1
1003010,"10",0.0633612532788245,-0.134400437920523,5,1,3,1
1003011,"10",0.0583961051538702,-0.0669964577212142,5,1,3,1
1003012,"10",0.189912339734012,-0.0885177737175172,5,1,5,1
1003014,"10",0.0380788732037039,-0.000604214956153893,4,3,2,5
1003018,"10",0.0492603988280741,-0.0402440221623405,4,1,3,2
1003019,"10",0.0548618025690426,-0.0308490163340606,4,2,3,3
1003020,"10",0,0,2,3,1,5
1003021,"10",0.118931576266846,-0.193996880518005,5,1,5,1
1003024,"10",0.0663354318950594,-0.113747033410126,5,1,4,1
1003026,"10",0.107484408734266,-0.0639118799454383,5,1,5,1
1003028,"10",0.0674578809139424,-0.0642846406339926,5,1,4,1
1003031,"10",0.0603163381915743,-0.0631244819635821,5,1,3,1
1003032,"10",0.0625433884177469,-0.0480164124301216,5,1,3,2
1003033,"10",0.0765463612054713,-0.0822341200526375,5,1,4,1
1003034,"10",0.0459997317956497,-0.0185836075492664,4,2,3,4
1003038,"10",0.113807710225984,-0.135016697211936,5,1,5,1
1003042,"10",0,0,2,3,1,5
1003045,"10",0.0943640255332762,-0.0768528931308784,5,1,4,1
1003801,"10",0.0883276929702243,-0.0170870834333257,5,2,4,4
1004001,"10",0.0422031730964743,-0.0190144616058598,4,2,2,4
1004006,"10",0.0958856764886293,-0.0316004816655052,5,1,5,3
1004011,"10",0.131009279703492,-0.0236127215681705,5,2,5,3
1004013,"10",0.0668523376302559,-0.00493677743500305,5,3,4,5
1004016,"10",0.0565006722361529,-0.0141221543051699,4,2,3,4
1004017,"10",-0.0704134772753933,-0.0213807016625981,1,2,1,4
1004018,"10",0.070157952027136,-0.0027291780322861,5,3,4,5
1004019,"10",0.041668568080105,0.0146285507360459,4,5,2,5
1004020,"10",0.0093880009501318,-0.0221570283544101,3,2,1,4
1004021,"10",0.0564611361183108,0.00441741057001382,4,4,3,5
1004022,"10",0.122895505593525,-0.0173811326436682,5,2,5,4
1004033,"10",0.107567292805752,-0.0258712808917375,5,2,5,3
1004037,"10",0.106146577109278,-0.0125029811211512,5,3,5,4
1004042,"10",0.0504638242237858,-0.0220807789262937,4,2,3,4
1005001,"10",0.042689436234374,-0.0321781498437581,4,1,2,3
1005003,"10",0.103756615918902,-0.0656265172224636,5,1,5,1
1005004,"10",0.0416931931676536,-0.010446556128825,4,3,2,4
1005005,"10",0.0791397717963714,-0.0582288470240902,5,1,4,2
1005006,"10",0.104271153434579,-0.0593474619203227,5,1,5,2
1005007,"10",0.0595321768395119,-0.0867234624085005,5,1,3,1
1005008,"10",0.127728511330827,-0.0695881978868828,5,1,5,1
1005009,"10",0.05514483497039,-0.0272838978785632,4,2,3,3
1005010,"10",-0.000469772638624084,-0.0276468673832706,2,2,1,3
1005011,"10",-0.0482488710716285,0.00446363779745648,1,4,1,5
1005012,"10",0.00593580767883378,-0.0197156501772427,3,2,1,4
1005014,"10",0.0744052739408196,-0.0159052075974792,5,2,4,4
1005015,"10",0.043916293427235,-0.00716603735044137,4,3,2,4
1005016,"10",-0.107104272035209,0.00239543028333652,1,4,1,5
1005017,"10",-0.0173961810677326,-0.0150171356906014,1,2,1,4
1005018,"10",0.0154314591272692,0.0122380043250386,3,5,1,5
1005019,"10",0,0,2,3,1,5
1005020,"10",0.0527638897404238,-0.0122339676609494,4,3,3,4
1005022,"10",0.0564355091177986,-0.044944714188,4,1,3,2
1005023,"10",0.115111249871859,-0.0441271443136528,5,1,5,2
1005024,"10",0.0474507636341926,-0.0195034138733661,4,2,3,4
1005025,"10",0.0498549407625454,-0.0208748896935365,4,2,3,4
1005028,"10",0.0313251840313984,-0.083288544466305,4,1,2,1
1005030,"10",0.0291226555266237,-0.0177290227934191,4,2,2,4
1005033,"10",0.0429587891592922,-0.0347700504502734,4,1,2,3
1005035,"10",0.0593556646874429,-0.0132466865532339,5,2,3,4
1006001,"10",0.0279697090283385,-0.0309975659252762,4,2,2,3
1006003,"10",0.101001515341509,-0.0307990766677924,5,2,5,3
1006008,"10",0.105692121338719,0.00749813789633463,5,4,5,5
1006009,"10",0.00230224082878951,0.00154373077145826,3,4,1,5
1006011,"10",0.0332961278421203,-0.0391067761321097,4,1,2,2
1006012,"10",0.0573792415747323,-0.0185973980545311,4,2,3,4
1006014,"10",0.0794779879322584,-0.0479343683299038,5,1,4,2
1006015,"10",0.0129979365994143,-0.0322907861265085,3,1,1,3
1006017,"10",0.0303660422351,-0.00420747353693069,4,3,2,5
1006019,"10",0.0511719363540513,-0.00880058208189085,4,3,3,4
1006021,"10",0.13967239388217,-0.0762706825244862,5,1,5,1
1006022,"10",0.056572938163758,-0.019729159609053,4,2,3,4
1006026,"10",0.0167401026924346,-0.0381379936346003,3,1,1,2
1006028,"10",0.0251096400392371,-0.0178083844629745,4,2,2,4
1006029,"10",0.0676091940377643,-0.086063961171826,5,1,4,1
1006031,"10",0.0379569285192424,0.00440351599718001,4,4,2,5
1007001,"10",0.0533248457753046,-0.0368404881728961,4,1,3,3
1007006,"10",0.0389051807565933,-0.0386200455417859,4,1,2,2
1007009,"10",0.0607917222617614,-0.0248502805772853,5,2,3,3
1007013,"10",0.00748096207338368,6.41604797605294e-05,3,4,1,5
1007014,"10",0.0655363739748318,-0.0299690249103906,5,2,4,3
1007015,"10",0,0,2,3,1,5
1007016,"10",-0.0030397682839716,-0.00016369901823146,2,3,1,5
1007018,"10",0.0985404231528279,-0.0678437164522554,5,1,5,1
1007020,"10",0.0475989964434265,0.00610662932569895,4,4,3,5
1007022,"10",0.079493039692267,-0.0169868134642759,5,2,4,4
1007023,"10",0.0604993150156047,-0.013230209473434,5,2,3,4
1007024,"10",0.0694671708329173,-0.0114282095914491,5,3,4,4
1007025,"10",0,0,2,3,1,5
1007026,"10",0,0,2,3,1,5
1007027,"10",0.0824337922195561,0.0065163440133701,5,4,4,5
1007028,"10",0.0797870581184116,-0.0326540845545319,5,1,4,3
1007031,"10",0.0627659563150267,-0.0414881381119217,5,1,3,2
1007032,"10",0.0519927563154308,-0.0335328527618996,4,1,3,3
1007036,"10",0.0272348967611838,-0.0160797715374026,4,2,2,4
1007037,"10",0.0329458125618972,-0.0246157030605121,4,2,2,3
1007038,"10",0.060510046332106,0.000516569937880124,5,4,3,5
1007039,"10",0.0992787723814856,-0.063035201302818,5,1,5,1
1007040,"10",0.0266482921460248,-0.0798861996032986,4,1,2,1
1007041,"10",0.129393498761668,-0.0328199403642111,5,1,5,3
1007042,"10",0.0950480187628315,0.00204778312444178,5,4,4,5
1007043,"10",0.0930817934780687,-0.044426050211719,5,1,4,2
1007044,"10",0.0472079860272357,-0.0441451818611657,4,1,3,2
1007045,"10",0,0,2,3,1,5
1007046,"10",0.130481560013288,-0.0698966167168739,5,1,5,1
1007047,"10",0.0567301428409,-0.0393761274525061,4,1,3,2
1007048,"10",0.0705140500071344,-0.0927259523489394,5,1,4,1
1007049,"10",0.0975034519153457,-0.055010632787282,5,1,5,2
1007050,"10",0.114290500284504,-0.0600491583992388,5,1,5,2
1007051,"10",0,0,2,3,1,5
1007054,"10",0.0392211429446776,-0.0293035839649797,4,2,2,3
1007056,"10",0.0292543332898142,-0.0938939051668639,4,1,2,1
1007057,"10",0.126487006749852,-0.0445059615350117,5,1,5,2
1007060,"10",0.0370970741037025,-0.0361085716253217,4,1,2,3
1007067,"10",0.124822791262931,-0.0685601068008857,5,1,5,1
1008001,"10",0.111375598806355,-0.0337591317911769,5,1,5,3
1008004,"10",0.0415341878443993,-0.0343326427625576,4,1,2,3
1008006,"10",0.0985128058373347,-0.0456281200989638,5,1,5,2
1008008,"10",0.0987821642848992,-0.05287420665181,5,1,5,2
1008011,"10",0.106110012349788,-0.0603738911056824,5,1,5,2
1008024,"10",0.0935795705736128,-0.0584516964051926,5,1,4,2
1008026,"10",0.0463033475876401,-0.063716460631832,4,1,3,1
1008029,"10",0.11205797180096,-0.0618515404553789,5,1,5,1
1008031,"10",0.104803563632738,-0.0539503073949217,5,1,5,2
1008032,"10",0.0825019228434302,-0.0450590064939289,5,1,4,2
1008033,"10",0.0943698077779227,-0.0282211428977068,5,2,4,3
1008035,"10",0.0649392053787142,-0.0339766333051628,5,1,4,3
1008036,"10",0.10246636948169,-0.0380431902648693,5,1,5,2
1008037,"10",0.0704955250938938,-0.0374744689129005,5,1,4,2
1008038,"10",0.0590717339915447,-0.0787414973303224,5,1,3,1
1008039,"10",0.0755470162512225,-0.0419050961607332,5,1,4,2
1008040,"10",0.0593707957665686,-0.0472534740192719,5,1,3,2
1008042,"10",0.075276327901947,-0.0727927304730225,5,1,4,1
1008043,"10",0.0683570484651719,-0.0473255166319695,5,1,4,2
1008044,"10",0.0325339520495898,-0.0172812917903847,4,2,2,4
1008045,"10",0.0980361120765522,-0.0809980687726953,5,1,5,1
1008046,"10",0.13607778175023,-0.0558957705252328,5,1,5,2
1008047,"10",0.0382167866854109,-0.0247372304723747,4,2,2,3
1008048,"10",0.0422634733122139,-0.0677881599259687,4,1,2,1
1008049,"10",0.0630575803422418,-0.0436285188834428,5,1,3,2
1008052,"10",0,0,2,3,1,5
1008053,"10",0.126226115244377,-0.0467582351328422,5,1,5,2
1008054,"10",0.0481511439423397,-0.0511067897928284,4,1,3,2
1008055,"10",0.0525092171904735,-0.164896064341817,4,1,3,1
1008056,"10",0.0384942546089813,-0.0155803762624705,4,2,2,4
1008058,"10",0.047419854359492,-0.0623450984242784,4,1,3,1
1008059,"10",0.0730036129447033,-0.00187176573598645,5,3,4,5
1008060,"10",0.0741966160327343,-0.0185790483677139,5,2,4,4
1008061,"10",0.0445502903095487,-0.0208123475330639,4,2,2,4
1008062,"10",0,0,2,3,1,5
1008063,"10",0.094793561685478,-0.0365633848012501,5,1,4,3
1008064,"10",NA,NA,NA,NA,NA,NA
1008065,"10",0.0881118520888586,-0.0567232117970075,5,1,4,2
1008066,"10",-0.000285148102526944,-0.136952106150578,2,1,1,1
1008067,"10",0.0691933083940876,-0.0718701495593281,5,1,4,1
1008069,"10",0.051578953540779,-0.0519412761129259,4,1,3,2
1008070,"10",0,0,2,3,1,5
1008071,"10",0.0915813316841278,-0.0945915767283177,5,1,4,1
1008072,"10",0.104186492666962,-0.0787814181081624,5,1,5,1
1008073,"10",0,0,2,3,1,5
1008074,"10",0.126126569148572,-0.0651670158745627,5,1,5,1
1008075,"10",0.0349240833200894,-0.0224198685263414,4,2,2,3
1008076,"10",0.046057539988846,-0.0352849127549353,4,1,3,3
1008077,"10",0.120908487674546,-0.0165231619175148,5,2,5,4
1008078,"10",0.144479192939554,-0.103011844920912,5,1,5,1
1008079,"10",0.0460514229326377,-0.0218661543753942,4,2,3,4
1008091,"10",0.103705139261253,-0.0605816168092171,5,1,5,2
1008092,"10",0.0274924650291626,-0.0837092889485253,4,1,2,1
1008093,"10",0.0374209089295812,-0.00851723739005133,4,3,2,4
1008095,"10",0.0845260179984914,-0.0835986895116087,5,1,4,1
1008096,"10",0.178979422135011,-0.123947184494545,5,1,5,1
1008098,"10",0.150472357931549,-0.0691228728489331,5,1,5,1
1008099,"10",0.0636059684706215,-0.0348679343546396,5,1,3,3
1009001,"10",0.0856374385760404,-0.120412356896327,5,1,4,1
1009004,"10",0.168253779275299,-0.0851464968699933,5,1,5,1
1009007,"10",0.0742995659056908,-0.0636770024276539,5,1,4,1
1009008,"10",-0.00895393911015925,-0.0851600192150541,1,1,1,1
1009009,"10",0.0855795354375034,-0.00111286023831976,5,3,4,5
1009010,"10",0.114849607093962,-0.0315315243670827,5,1,5,3
1009011,"10",0.0750487040710656,-0.0228412449001477,5,2,4,3
1009012,"10",0.0553201547117078,-0.0299879613428935,4,2,3,3
1009013,"10",0.0582743258103926,-0.0477733051753722,5,1,3,2
1009015,"10",0.018490635457396,-0.0264465000079867,3,2,1,3
1009016,"10",0.0328763637897298,-0.0248920956571577,4,2,2,3
1009017,"10",0.119076553902432,-0.0424507779984256,5,1,5,2
1009018,"10",0.122239949105373,-0.00298227056564547,5,3,5,5
1009019,"10",0.054790028613795,-0.01916095984157,4,2,3,4
1009020,"10",0.100030062715663,-0.074594629226178,5,1,5,1
1009021,"10",0.083681545760992,-0.0555987371325258,5,1,4,2
1009022,"10",0.069343099302967,-0.0297575324587298,5,2,4,3
1009023,"10",0.104067100782563,-0.0815139107041691,5,1,5,1
1009024,"10",0.0735760019366279,-0.0304685949962028,5,2,4,3
1009026,"10",0.0975559559726066,-0.0798333828525142,5,1,5,1
1009028,"10",0.11278565573722,-0.0841667508918462,5,1,5,1
1009029,"10",0.0205524107442709,-0.0251333498467154,3,2,2,3
1009030,"10",0.0347165009502925,-0.0375744904554758,4,1,2,2
1009031,"10",0.08360128647692,-0.0821338389571273,5,1,4,1
1009032,"10",0.0460583018951824,-0.04625646100933,4,1,3,2
1009034,"10",0.10466007242489,-0.0592076991790634,5,1,5,2
1009035,"10",0.123705733150478,-0.0782177210456031,5,1,5,1
1009037,"10",0,0,2,3,1,5
1009039,"10",-0.0069536088653951,0.00214878825877103,2,4,1,5
1009041,"10",0.103171737713543,-0.00269727249385647,5,3,5,5
1009042,"10",0,0,2,3,1,5
1009047,"10",0.150700708602217,-0.0762176607379,5,1,5,1
1009048,"10",0.06171072392537,-0.0469225640414178,5,1,3,2
1010001,"10",0,0,2,3,1,5
1010002,"10",0.0671753363313889,-0.0871888805867641,5,1,4,1
1010003,"10",0.0452409513077436,-0.113622883429179,4,1,2,1
1010004,"10",0.00813545937785345,-0.016179410103905,3,2,1,4
1010005,"10",0.0402907105298557,-0.0196723216901933,4,2,2,4
1010006,"10",0.0952236140137956,-0.04028138872381,5,1,4,2
1010007,"10",0,0,2,3,1,5
1010008,"10",0.138863357505917,-0.0738996564727348,5,1,5,1
1010009,"10",0.10002440192128,-0.0615657265271053,5,1,5,1
1010010,"10",0.083104734465834,-0.0664539194610512,5,1,4,1
1010011,"10",0.0794639311587991,-0.0583218999636507,5,1,4,2
1010012,"10",0.0773210992852469,-0.027912135239649,5,2,4,3
1010013,"10",0.0758959695732518,-0.0755572153157884,5,1,4,1
1010020,"10",0.108550794728798,-0.158152942086768,5,1,5,1
1010022,"10",-0.00156398330670908,0.00889129112887726,2,4,1,5
1010025,"10",0.00276986907094498,0.004491654391632,3,4,1,5
1010029,"10",-0.0617803715410351,0.0194085103496358,1,5,1,5
1010032,"10",-0.0391231494846653,-0.00605127761768376,1,3,1,5
1010034,"10",-0.0406216548267026,0.00124883233553027,1,4,1,5
1010042,"10",NA,NA,NA,NA,NA,NA
1010801,"10",0.0901460293813766,-0.00455688358485795,5,3,4,5
1010802,"10",0.113763129206844,-0.0318966732260473,5,1,5,3
1011005,"10",NA,NA,NA,NA,NA,NA
1011010,"10",0.101918257826255,-0.0349006586328802,5,1,5,3
1011015,"10",0.0674891737619247,-0.0183162470310245,5,2,4,4
1011020,"10",0.0709441342180897,-0.0118091707087743,5,3,4,4
1011030,"10",0.113886078660026,-0.0278405277425283,5,2,5,3
1011035,"10",0.0958572855000218,-0.0413596870301729,5,1,5,2
1011040,"10",NA,NA,NA,NA,NA,NA
1101002,"11",0.0382084682637937,0.017728992539241,4,5,5,5
1101003,"11",0.0086206914006536,-0.0168762936483505,3,2,3,2
1101004,"11",0.0440690134421972,0.00677129024642273,4,4,5,4
1101005,"11",0.0244180287572221,-0.0137587426094508,4,2,4,3
1101020,"11",-0.0427035441261438,-0.0460899655842698,1,1,1,1
1101025,"11",0.0487395664993997,-0.16864860459139,4,1,5,1
1101027,"11",0.0388249067011961,-0.02095572925126,4,2,5,2
1101030,"11",0.0041109224255263,-0.0280559564958672,3,2,3,1
1101033,"11",-0.0522154419019641,-0.00651948244135117,1,3,1,3
1101035,"11",-0.00768881584849746,0.000311287973123122,2,4,2,4
1101036,"11",0.0235909052775429,0.014222154742942,4,5,4,5
1101037,"11",0.0470269519079826,-0.0148561139503341,4,2,5,3
1101040,"11",0.0166569429399927,-0.0227712173695284,3,2,4,2
1101043,"11",0.0193169780294234,-0.0167248814386656,3,2,4,2
1101044,"11",-0.036225016070587,-0.00248456045414574,1,3,1,3
1101045,"11",0.0126202681561577,0.0125388985241644,3,5,4,5
1101048,"11",-0.00668478390151842,0.00672587564910511,2,4,2,4
1101050,"11",0,0,2,3,3,4
1101052,"11",-0.00419218533835951,-0.0335041110119884,2,1,2,1
1102002,"11",0.00991337224113782,-0.000837552115844197,3,3,3,4
1102003,"11",0,0,2,3,3,4
1102005,"11",0,0,2,3,3,4
1102010,"11",-0.0204409171436349,-0.00845232769537645,1,3,1,3
1102011,"11",0.00135779759530394,-0.0340505357756334,3,1,3,1
1102013,"11",-0.00317460148277876,-0.0581713997229777,2,1,2,1
1102015,"11",-0.0212952562846692,0.0269461413547912,1,5,1,5
1102016,"11",-0.00861675869026239,-0.00622714541934419,1,3,2,3
1102017,"11",-0.00405481094100196,-0.0137493227844292,2,2,2,3
1102018,"11",-0.00325056426078021,-0.00539755847045383,2,3,2,3
1102019,"11",0.00444790481334524,-0.0198419967359596,3,2,3,2
1102020,"11",-0.0798585657621131,0.00321558986622723,1,4,1,4
1102021,"11",0.0178152611082183,-0.0116054810787826,3,3,4,3
1102022,"11",-0.0418510167874132,-0.011230628154946,1,3,1,3
1102030,"11",0,0,2,3,3,4
1102032,"11",0,0,2,3,3,4
1102034,"11",0,0,2,3,3,4
1102035,"11",-0.034815059010864,-0.0577925047483959,1,1,1,1
1102037,"11",-0.0245499621060342,0.00947227855128312,1,5,1,5
1102040,"11",0.00374510086407466,0.00487612654037552,3,4,3,4
1102043,"11",-0.0321603124907675,0.0344964735728329,1,5,1,5
1102045,"11",-0.00562414737080274,-0.00231888258783059,2,3,2,3
1102046,"11",0.0803474874328227,-0.00353346136705424,5,3,5,3
1102050,"11",0.0482141910602211,-0.0166298976332745,4,2,5,3
1102051,"11",0.018597100091236,0.0265182407552404,3,5,4,5
1102055,"11",-0.0163493016108292,-0.0169754546038004,1,2,1,2
1102057,"11",0.127519554622015,-0.131673758493498,5,1,5,1
1102059,"11",0.0349288860310119,0.00558652240072866,4,4,4,4
1102061,"11",-0.0258659774317374,9.85519654414348e-05,1,4,1,4
1102064,"11",-0.0116525997271682,-0.0168198402072399,1,2,2,2
1102066,"11",0.0346537915669533,-0.0511600920875479,4,1,4,1
1102067,"11",-0.0146378148624045,-0.0170685090780485,1,2,2,2
1102068,"11",-0.0241093081777312,-0.00505877388583053,1,3,1,3
1102069,"11",-0.00755206454634956,-0.0365250724331251,2,1,2,1
1102070,"11",-0.0334951185851097,-0.033035042920197,1,1,1,1
1102071,"11",-0.00911312363467255,-0.0214038175893613,1,2,2,2
1102072,"11",-0.0316244783691398,-0.0197071652843643,1,2,1,2
1102073,"11",-0.0147972717486952,-0.0112837128469657,1,3,2,3
1102075,"11",-0.0121346049531123,0.0227696381572639,1,5,2,5
1102080,"11",-0.0305734535148654,-0.00180512967552028,1,3,1,3
1102085,"11",-0.0200932881218192,0.00354716016767316,1,4,1,4
1103002,"11",-0.0148915586418316,-0.0211639055232644,1,2,2,2
1103003,"11",-0.00607397985123211,-0.0170875505081743,2,2,2,2
1103004,"11",-0.033210768706181,0.00875761756416884,1,4,1,5
1103005,"11",0.0228798057601416,0.0152169914141644,4,5,4,5
1103007,"11",-0.00955916867276603,-0.0141864225922479,1,2,2,3
1103008,"11",-0.026184007998731,0.0110080358947575,1,5,1,5
1103014,"11",0.0114700436964339,0.0183138127214363,3,5,4,5
1103015,"11",0.00147202847289313,0.0113680341312309,3,5,3,5
1103018,"11",-0.0130737674086652,0.0378428689653208,1,5,2,5
1103020,"11",6.52548525220868e-05,-0.0261803715725639,2,2,3,2
1103021,"11",-7.85391000324032e-05,-0.0303369000319431,2,2,3,1
1103022,"11",0.012605766671016,-0.0665370779968738,3,1,4,1
1103023,"11",0.0449927667972995,-0.0375984527819097,4,1,5,1
1103024,"11",0.00365651556462261,0.00528600258911858,3,4,3,4
1103025,"11",0.00891335934643183,0.0183556871303444,3,5,3,5
1103027,"11",0.0183466034898468,-0.0119682546955112,3,3,4,3
1103029,"11",0.00802787861512393,-0.00127088521335678,3,3,3,3
1103033,"11",0.0456757495387746,0.00232298605187786,4,4,5,4
1103035,"11",0.0502751496092013,0.028603778020299,4,5,5,5
1103039,"11",0.0436814156465318,-0.00121338706642859,4,3,5,4
1103040,"11",0.0131504385078139,-0.0172623598432336,3,2,4,2
1103042,"11",0.0450037656960109,0.0351623964735036,4,5,5,5
1103043,"11",0.0575385656316352,-0.0255547064104949,4,2,5,2
1103050,"11",-0.038071419852784,-0.0680819039706271,1,1,1,1
1103052,"11",0.0226390866463593,0.0348900879922397,4,5,4,5
1103053,"11",0.0512969733569477,-0.0478573933248507,4,1,5,1
1103055,"11",0.0408014427106739,-0.0705209520967344,4,1,5,1
1103057,"11",0.0334066373108873,-0.172953990971077,4,1,4,1
1103059,"11",0.00983786047506422,0.0116117639905131,3,5,3,5
1103060,"11",0.0849984768436363,-0.0540492450129994,5,1,5,1
1103061,"11",0.0186915850493125,-0.0602753602408187,3,1,4,1
1103062,"11",0.0529284419451303,-0.0273905723561421,4,2,5,2
1103063,"11",0.0704926649961691,-0.0176969287074718,5,2,5,2
1103064,"11",-0.000349619531477221,-0.0196153445699488,2,2,2,2
1103065,"11",0.0344064494879645,-0.0259343644021397,4,2,4,2
1103066,"11",0.0293323855443872,-0.00422719822222816,4,3,4,3
1103067,"11",-0.00110673495133706,-0.0212737663726104,2,2,2,2
1103068,"11",0,0,2,3,3,4
1201001,"12",0.0349083549184792,-0.00114886914163264,4,3,3,2
1201004,"12",0.0457376309215448,0.0346770464926103,4,5,4,5
1201006,"12",0.0341049832507098,-0.00137094562704114,4,3,3,2
1201008,"12",0.0429728029155602,0.0187737459387469,4,5,4,4
1201009,"12",0.0366973824474556,-0.0416374182522287,4,1,3,1
1202001,"12",0.0298881841759022,-0.0222243501562779,4,2,3,1
1202004,"12",0.0198635975809822,-0.000610516187320371,3,3,2,2
1202006,"12",0.0473715471233463,0.0343008069229916,4,5,4,5
1202040,"12",0.131419063921362,0.0019367286256457,5,4,5,3
1203001,"12",0.0370789394002916,-0.00869230608822948,4,3,4,1
1203004,"12",0.0497701562694209,-0.000795811189519762,4,3,5,2
1203006,"12",0.0581166795840857,0.0482631183829984,5,5,5,5
1203009,"12",0.0876402883504357,-0.052860463500968,5,1,5,1
1204001,"12",0,0,2,3,1,2
1204009,"12",0,0,2,3,1,2
1204010,"12",0.0454151347504049,-0.000701357845062596,4,3,4,2
1204015,"12",0.0335501051365908,-0.0895753868238704,4,1,3,1
1205001,"12",0.0421127007584739,-0.0072303398399616,4,3,4,1
1205002,"12",NA,NA,NA,NA,NA,NA
1205004,"12",0.0439767388526339,-0.000856085186238478,4,3,4,2
1205006,"12",0,0,2,3,1,2
1205008,"12",-0.0153461984684758,0.043888410595985,1,5,1,5
1205009,"12",0.0262722026369556,0.0052755654808413,4,4,3,3
1205014,"12",0.0221594777228046,0.00804631526534065,4,4,3,3
1205016,"12",0.0389470074144512,0.0409934619471534,4,5,4,5
1206001,"12",0.0202747674373404,-0.0121644841547388,3,3,2,1
1206004,"12",0.0157333332120248,0.0347036311252787,3,5,2,5
1206006,"12",-0.000992695393513124,0.0124204548173397,2,5,1,4
1206008,"12",-0.00441394210095306,0.0187642925137667,2,5,1,4
1206009,"12",0.0198303737730075,0.00020415638114962,3,4,2,3
1206011,"12",0.116933337226704,0.0768845304776561,5,5,5,5
1206014,"12",0,0,2,3,1,2
1206016,"12",NA,NA,NA,NA,NA,NA
1207001,"12",0.0200854425372061,-0.00239935255206584,3,3,2,2
1207002,"12",0.041683081665157,0.0240118270866329,4,5,4,4
1207004,"12",0.0148492411217234,0.0102849913521878,3,5,2,3
1207011,"12",0.018213832820775,0.011229736197832,3,5,2,4
1207012,"12",0.00450979506632466,0.0222365323922963,3,5,1,4
1207016,"12",0.0186523778407252,0.00601569551112352,3,4,2,3
1207021,"12",0.0131375403453179,-0.00495502473795653,3,3,2,2
1207024,"12",-0.0207888588574543,0.0279410537285159,1,5,1,4
1207027,"12",0.079336112728861,0.00879038634649996,5,4,5,3
1208003,"12",0.02092627144342,0.00502932518107856,4,4,3,3
1208008,"12",0.00581967245271591,-0.00111176873393577,3,3,1,2
1208014,"12",0.0662883733990409,0.0131373671736082,5,5,5,4
1209019,"12",0.0393450290008714,0.0836319534316513,4,5,4,5
1209034,"12",-0.00804296217262282,0.00945606632270393,2,5,1,3
1209037,"12",0,0,2,3,1,3
1209038,"12",0,0,2,3,1,3
1209800,"12",0,0,2,3,1,3
1210001,"12",0.018272561499126,0.000115649303102086,3,4,2,3
1210002,"12",-0.00631535411181067,0.0420404596046434,2,5,1,5
1210003,"12",0.0826233480991764,0.0435524505296029,5,5,5,5
1210006,"12",0.0206420446608984,0.0342095385640995,3,5,3,5
1210008,"12",0.0118807021878976,0.00189302940929247,3,4,2,3
1210012,"12",0.0254020882432763,0.00126358051531441,4,4,3,3
1211001,"12",0.0498362151947512,0.0171002871461315,4,5,5,4
1211006,"12",0.0283902057690726,0.0102199281353446,4,5,3,3
1211009,"12",0.0103070756439448,-0.00556417182601747,3,3,2,2
1211011,"12",0.0395414200139774,0.0333022077704049,4,5,4,5
1211012,"12",0.0566202770026542,0.0353634080287444,4,5,5,5
1211014,"12",0.0306459163424139,-0.0015352550851631,4,3,3,2
1212001,"12",0.0201979545326865,-0.0159500891475268,3,2,2,1
1212004,"12",0.0382043088242498,0.017736458239793,4,5,4,4
1212006,"12",0.0197607592268437,-0.00298916076039566,3,3,2,2
1212008,"12",0.0326613255631981,0.0236495273088915,4,5,3,4
1212009,"12",0.0174439991199666,0.0344849433782149,3,5,2,5
1212011,"12",0.0203591322871302,-0.00205477828039409,3,3,2,2
1212014,"12",0.0171398757277397,0.0328095554582504,3,5,2,5
1212016,"12",0.0341296966516907,0.0264460625425625,4,5,3,4
1212019,"12",0.0633314056658148,0.01316676001811,5,5,5,4
1212023,"12",NA,NA,NA,NA,NA,NA
1213001,"12",0.0416442931298697,-0.00879461135991432,4,3,4,1
1213004,"12",0.0445892008870712,-0.00669101794926126,4,3,4,1
1213008,"12",0.0453802055504605,-0.0215333200000633,4,2,4,1
1214001,"12",-0.010125868845051,-0.00255979200062546,1,3,1,2
1214002,"12",0.00350008429723391,0.0287266478295237,3,5,1,5
1214006,"12",0.0194805188756008,-0.00844832279374504,3,3,2,1
1214010,"12",0.104096443653641,0.0104878916673736,5,5,5,4
1215001,"12",0.00908239452304987,-0.00665831351744633,3,3,1,1
1215002,"12",0.0291733029484153,0.014772483328939,4,5,3,4
1215005,"12",0,0,2,3,1,3
1215006,"12",0.0142243468048167,-0.00575814484327201,3,3,2,1
1215008,"12",0.0571090017571844,0.0379850367630741,4,5,5,5
1215011,"12",0.0224807433296719,-0.016865007289911,4,2,3,1
1216001,"12",0.0445341868750281,-0.00215275991805318,4,3,4,2
1216006,"12",0.0236888717808462,0.00401224082552035,4,4,3,3
1216011,"12",0.0385958888843863,-0.00717237561266273,4,3,4,1
1216014,"12",0.0925026291409688,-0.0140500937420131,5,2,5,1
1217008,"12",0.0805273877531569,0.0178147347427113,5,5,5,4
1217020,"12",0.120458755367287,0.0299167908510811,5,5,5,5
1217030,"12",0.0385436678404974,0.0144903933506537,4,5,4,4
1218001,"12",0.0209391748266244,-0.00726154820917479,4,3,3,1
1218003,"12",0.113757634206459,0.0104924087773991,5,5,5,4
1218006,"12",0.0609447657969732,-0.0144271606390273,5,2,5,1
1301001,"13",0.0366177536091507,-0.0100576380076735,4,3,4,2
1301002,"13",-0.0352596167151153,0.0535705091185393,1,5,1,5
1301004,"13",0.0159413912936538,-0.00230469132916611,3,3,2,3
1301006,"13",0.0132868060360608,0.0294526821544437,3,5,2,5
1301016,"13",0.0255191199715879,-0.0153812411867915,4,2,3,2
1302001,"13",0.0677495790696014,0.0351614112085729,5,5,5,5
1302004,"13",0.0580981604002726,0.00489770128328304,5,4,5,4
1302006,"13",0.00918305463262745,0.0254031176560459,3,5,2,5
1302008,"13",-0.0176063928819338,0.0227405141618811,1,5,1,5
1302011,"13",0.0248277731833591,-0.00463601683277614,4,3,3,3
1302012,"13",0.0468176808981634,0.0209551029720698,4,5,4,5
1302014,"13",0,0,2,3,1,3
1302016,"13",0.0137105176289453,-0.00660569478067456,3,3,2,3
1302018,"13",0.0109881501562261,0.00940690041083855,3,5,2,4
1302021,"13",0.0477343841499551,-0.028244632157419,4,2,4,1
1302024,"13",0.00807574956528859,-0.0135593695421005,3,2,2,2
1302026,"13",-0.00712302091639557,0.0051290439749406,2,4,1,4
1302028,"13",0.00506602476124217,0.000259046003974031,3,4,2,4
1302031,"13",0.0100170023557023,-0.0365726787658209,3,1,2,1
1302034,"13",0.0249717069321682,-0.00392916014809522,4,3,3,3
1302037,"13",0.0104882183325775,0.0391355608827985,3,5,2,5
1302039,"13",0.0302103839247295,-0.012007472773686,4,3,4,2
1302042,"13",0.0228360293284246,-0.000514548624317592,4,3,3,3
1302044,"13",0.044020056345406,-0.0279629903424736,4,2,4,1
1302052,"13",-0.00440663140457682,0.0300751737376278,2,5,1,5
1303001,"13",0.0345664068337463,-0.0248119708441824,4,2,4,1
1303004,"13",0.0294757170552135,-0.00465717640973752,4,3,3,3
1303005,"13",0.0174229530299975,-0.00372927410796851,3,3,3,3
1303006,"13",0.0284558704623817,0.0126601042986319,4,5,3,5
1303008,"13",0.00589640657406059,0.00551038891975317,3,4,2,4
1303011,"13",0.0200234326998091,-0.0101512795615945,3,3,3,2
1303012,"13",-0.0100845464234199,-0.0089369805319072,1,3,1,2
1303013,"13",0.0865421490328768,0.039324861006301,5,5,5,5
1303014,"13",0.0210098698873335,-0.00224734412802374,4,3,3,3
1303016,"13",-0.00785365001635091,-0.00671863797594723,2,3,1,3
1303018,"13",0.0400261243454157,0.00521133305787326,4,4,4,4
1304001,"13",0.0088356091291001,0.00185783661746757,3,4,2,4
1304004,"13",0.0114899358182354,0.00782507638129737,3,4,2,4
1304005,"13",0,0,2,3,1,3
1304006,"13",0.000580166910651226,0.0230877222753417,2,5,1,5
1304008,"13",-0.00224273362636743,0.00662975964634434,2,4,1,4
1304011,"13",0.0443198594709315,-0.0123327566591086,4,3,4,2
1304013,"13",0.0352159433620904,-0.0125817818545922,4,3,4,2
1304014,"13",0.019763057838793,0.00628684826139647,3,4,3,4
1304016,"13",0.0483025527922242,-0.00846409066577234,4,3,4,2
1304018,"13",0.0402482128269711,-0.00818670782605593,4,3,4,3
1304021,"13",0.00727342556745053,-0.0125324695680634,3,3,2,2
1304022,"13",0.0612954353390918,0.0111222327589871,5,5,5,4
1304024,"13",0.0342502381082297,-0.000142279022041914,4,3,4,3
1304025,"13",0.0246517942438257,0.027597722978917,4,5,3,5
1305001,"13",0.0260786054164124,-0.0229864095839487,4,2,3,1
1305004,"13",0.0346375646613834,-0.00810270963476034,4,3,4,3
1305006,"13",0.00252315153953397,-0.013076399902914,3,2,2,2
1305007,"13",-0.0123418877918787,0.00226238420086022,1,4,1,4
1305008,"13",0.022196276147578,-0.0160238341948063,4,2,3,2
1305011,"13",-0.00515029425313652,-0.00423365040677165,2,3,1,3
1305014,"13",0.00112362286725418,-0.00894947388486332,2,3,1,2
1305015,"13",-0.011420438121899,-0.0133952847614479,1,2,1,2
1305016,"13",0.0105199729391478,-0.00297391786880326,3,3,2,3
1305018,"13",0.00108247248215094,-0.00623508397507964,2,3,1,3
1305021,"13",0.0129978720422668,-0.0187986819765965,3,2,2,2
1305022,"13",0.0210183239731391,0.0296075490960182,4,5,3,5
1305023,"13",0.00912985945484155,0.0155460117106374,3,5,2,5
1305024,"13",0.0258521128175806,-0.0326588069902983,4,1,3,1
1305026,"13",0.0155033144721921,-0.00346850249582266,3,3,2,3
1305028,"13",0.035498052908291,-0.0060925549524897,4,3,4,3
1305031,"13",0.0146758548897241,-0.0206816354434041,3,2,2,1
1305034,"13",0.00884775927753511,-0.00814015288943831,3,3,2,3
1305036,"13",-0.0146432715363375,-0.0204983377623627,1,2,1,1
1305038,"13",0.0189997515839194,0.00738956701542127,3,4,3,4
1305045,"13",-0.0339441301144513,-0.00428095763283919,1,3,1,3
1305057,"13",-0.0330375492588588,-0.0221706516330876,1,2,1,1
1306001,"13",0.0149043810015738,0.00586923152194499,3,4,2,4
1306003,"13",0,0,2,3,1,3
1306004,"13",0.0511191843162934,0.00608342774489861,4,4,5,4
1306006,"13",0.021277886244031,0.00701461696234124,4,4,3,4
1306007,"13",0,0,2,3,1,3
1306008,"13",0.0412157624706367,-0.00372856300486001,4,3,4,3
1306011,"13",0.0362370903005216,-0.00317819556418013,4,3,4,3
1306014,"13",0.00522310214760376,-0.0149707505831677,3,2,2,2
1306020,"13",-0.012481337264433,0.0107417857851266,1,5,1,4
1306025,"13",0.0218336949674319,0.0144654246526151,4,5,3,5
1307001,"13",0.0172586583376274,-0.00720006421272598,3,3,3,3
1307002,"13",0.0846144567396214,0.0403920786595594,5,5,5,5
1307004,"13",0.0413291916358905,-0.0138910198310177,4,2,4,2
1307005,"13",0.0173476666662551,-0.0255052033477424,3,2,3,1
1307007,"13",0.0256022533524662,-0.021882795080356,4,2,3,1
1307008,"13",0.0129121552572781,-0.00842739819052446,3,3,2,2
1307009,"13",-0.00192975991918469,0.0120340451624651,2,5,1,5
1307011,"13",0.0341533220693448,-0.0115154962008552,4,3,4,2
1307012,"13",0.00654913136214639,0.00818649688179475,3,4,2,4
1307013,"13",-0.00190475211181413,-0.024499897808957,2,2,1,1
1307014,"13",0,0,2,3,1,3
1307016,"13",0.00182081399046591,-0.0106987460874127,3,3,2,2
1307019,"13",-0.00747504190049357,-0.0221643615426186,2,2,1,1
1307022,"13",0.000207698101937423,0.018379978745222,2,5,1,5
1307024,"13",0.0292396601372981,-0.00353000781533879,4,3,3,3
1307028,"13",0.010437250363848,0.0122217870119698,3,5,2,5
1307029,"13",0.0157049810321309,0.00182323038376479,3,4,2,4
1307045,"13",-0.0207085965647222,0.00283713112982652,1,4,1,4
1307052,"13",0.00650549944808369,0.000782598522770918,3,4,2,4
1308001,"13",0.0160283120613065,-0.0133117701889548,3,2,2,2
1308002,"13",0.013897605596333,-0.00681055271842282,3,3,2,3
1308003,"13",0.0278528701524472,0.00605686737639609,4,4,3,4
1308004,"13",0.0346375261934434,-0.0244702766891775,4,2,4,1
1308005,"13",0.00315496812757553,0.00139585460682678,3,4,2,4
1308006,"13",0.0452443268300861,-0.0258802394697805,4,2,4,1
1308007,"13",0.00791441845540413,-0.00724900792349325,3,3,2,3
1308008,"13",0.0794087040202971,-0.0326877312755066,5,1,5,1
1308010,"13",0.0523994899592479,0.00191697760528035,4,4,5,4
1308012,"13",0,0,2,3,1,3
1308014,"13",0.0403081546406302,0.00281898985923501,4,4,4,4
1308015,"13",0.128133015263314,0.00216629000280621,5,4,5,4
1308016,"13",0.0527793055648857,-0.0172067570204127,4,2,5,2
1308017,"13",0.00313095244328324,0.00984675717598434,3,5,2,4
1308018,"13",0.0620965070510692,0.0138851831038902,5,5,5,5
1308019,"13",0.0487487263434551,-0.0269647000352403,4,2,4,1
1308020,"13",0.171300468590064,-0.0721879015419247,5,1,5,1
1308021,"13",0.0440350141027396,-0.0367995456432668,4,1,4,1
1308022,"13",0.0748036354627812,-0.00194231301226635,5,3,5,3
1308024,"13",0.069172863238373,-0.0548374331370131,5,1,5,1
1308026,"13",0.0745866313847127,-0.0367270027272759,5,1,5,1
1309001,"13",0.0599848879163233,-0.00913402772391927,5,3,5,2
1309004,"13",0.0124082761823792,0.000127615431342421,3,4,2,4
1309006,"13",0.00607500687493148,-0.00295811675566158,3,3,2,3
1309010,"13",0,0,2,3,1,3
1309011,"13",-0.00188622725056051,0.0106564941436181,2,5,1,4
1309014,"13",0.0104646833666272,-0.00128899588907233,3,3,2,3
1309016,"13",0.100833635230525,-0.0521729745462148,5,1,5,1
1309017,"13",0.0376645278959921,-0.0163187536023097,4,2,4,2
1309018,"13",0.060847598119797,-0.0145147385280565,5,2,5,2
1309019,"13",0.0195599562708616,0.0100217122811481,3,5,3,4
1309021,"13",0.0614523362654834,-0.00497341871444284,5,3,5,3
1309022,"13",0.036259394134647,0.000203263700953157,4,4,4,4
1309023,"13",0.0507966071547674,0.0713312781772837,4,5,4,5
1309026,"13",0.00501703365281675,-0.0211179180900407,3,2,2,1
1309027,"13",0.0546486779244114,-0.00466753253648957,4,3,5,3
1309028,"13",0.0293427946448874,-0.00729232159141053,4,3,3,3
1309031,"13",0.0637915905261691,-0.0177847165794769,5,2,5,2
1309033,"13",0,0,2,3,1,3
1309034,"13",0,0,2,3,1,3
1309035,"13",0.0700686976496786,0.0159603509987213,5,5,5,5
1309036,"13",0.0826153203185179,-0.0236490815105071,5,2,5,1
1309038,"13",0.0492686936414691,0.00042538022834064,4,4,4,4
1309044,"13",0.125892041990384,0.00242360935290531,5,4,5,4
1309047,"13",0,0,2,3,1,3
1309050,"13",0.00530683142662791,0.0173813500534667,3,5,2,5
1310001,"13",-0.0121697263035785,-0.0223790770796597,1,2,1,1
1310002,"13",-0.0427542472681158,-0.029563763006706,1,2,1,1
1310004,"13",0.00174553383640179,-0.0111493404930855,3,3,2,2
1310005,"13",0.00428334721210485,0.0215837843319032,3,5,2,5
1310006,"13",0.0423417013885967,0.00859433112501774,4,4,4,4
1310007,"13",0,0,2,3,1,4
1310008,"13",-0.00323598128871842,0.0122455564172468,2,5,1,5
1310011,"13",0.0126452061696665,-0.00869966245553926,3,3,2,2
1310012,"13",0.00840557510368602,0.0304894147220332,3,5,2,5
1310013,"13",0.0293680021075397,-0.0295967861553128,4,2,3,1
1310014,"13",-0.0428300032038341,0.0138706198872723,1,5,1,5
1310016,"13",-0.00137116445815006,-0.00135132448922828,2,3,1,3
1310017,"13",-0.0257337223719523,-0.0262597972328894,1,2,1,1
1310018,"13",-0.0183919538365969,-0.037001570239634,1,1,1,1
1310019,"13",0.116455519574559,0.00410480073419836,5,4,5,4
1310021,"13",0.0128412312687138,-0.0105078089337508,3,3,2,2
1310024,"13",0.0259772540682516,-0.0147512950957616,4,2,3,2
1310025,"13",0.0345535433616943,0.0225522162232247,4,5,4,5
1310026,"13",0.0296757944911411,-0.0269101843666669,4,2,3,1
1310028,"13",-0.00120313249434776,-0.0149791648810053,2,2,1,2
1310031,"13",0.0121891816060458,-0.0150276437220225,3,2,2,2
1310032,"13",-0.0246255610618652,0.0272221059500779,1,5,1,5
1310034,"13",0.0972002875305059,0.0594781389535596,5,5,5,5
1310036,"13",0.0506170388665461,-0.021174548471101,4,2,4,1
1310037,"13",0.0310117548339836,0.0170377464273475,4,5,4,5
1310054,"13",-0.00574449913405249,0.00213281287707731,2,4,1,4
1311001,"13",0.0229102959673536,-0.0138793115178386,4,2,3,2
1311004,"13",-0.01026480384692,-0.00285823602329474,1,3,1,3
1311005,"13",0.025373192566316,0.102356647345936,4,5,3,5
1311006,"13",0.0084663935822007,0.0350431239660528,3,5,2,5
1311008,"13",0.00132268314856973,-0.00945251503900243,3,3,1,2
1311011,"13",0.0285720794621679,0.00189837487808865,4,4,3,4
1311012,"13",-0.00056887961646947,0.00646017260195274,2,4,1,4
1311014,"13",0.0045141183523584,-0.00347546140649601,3,3,2,3
1311018,"13",0.0343142304980213,-0.0223256425521182,4,2,4,1
1311019,"13",-0.0200704314897237,0.0568660601606303,1,5,1,5
1311021,"13",-0.0148527242044397,-0.012362999202298,1,3,1,2
1311024,"13",0.0355074206622168,0.00953471698310464,4,5,4,4
1311026,"13",0.026975728072588,0.0220507118810005,4,5,3,5
1311027,"13",-0.00884836453120287,0.00980318721413735,1,5,1,4
1311028,"13",0.0335967637284138,0.00895785098132755,4,4,4,4
1311030,"13",0.0425846799526892,0.0508960534610023,4,5,4,5
1311031,"13",0.00855372552242011,-0.0166972377292711,3,2,2,2
1312001,"13",0.0465517685278859,-0.0155702583465123,4,2,4,2
1312002,"13",0.076571820734905,0.00884967333136013,5,4,5,4
1312004,"13",0.0135909257802341,-0.013156803965882,3,2,2,2
1312006,"13",0.0298012283481616,0.0270715960402742,4,5,3,5
1312007,"13",0.0789366387232283,0.0362316057646104,5,5,5,5
1312008,"13",0.0419781156920801,-0.0194658261815753,4,2,4,1
1312009,"13",0.0464063837505109,0.0146360503540671,4,5,4,5
1312011,"13",0.0679265905672986,-0.0103083245822166,5,3,5,2
1312014,"13",0.0566431958022907,-0.030863703835811,4,2,5,1
1312016,"13",0.0210149716919748,-0.00415767085502203,4,3,3,3
1312019,"13",0.0174553365175313,0.015843423313017,3,5,3,5
1312021,"13",0.0265431809901119,-0.0173362643496779,4,2,3,2
1312023,"13",0.00898363261372441,0.0229360863350953,3,5,2,5
1313002,"13",0.0355840190622469,-0.0241737117741155,4,2,4,1
1313004,"13",0.0177580220004337,-0.0262265541403229,3,2,3,1
1313006,"13",0.0288626827124768,0.0154310509412154,4,5,3,5
1313008,"13",0.0626612089312954,-0.0253951680294622,5,2,5,1
1313011,"13",0.0705879732375946,-0.0209047989217759,5,2,5,1
1313012,"13",0.0680345043375072,0.00468010052284799,5,4,5,4
1313014,"13",0.0238703705044352,0.00478812969674701,4,4,3,4
1313015,"13",0.0609298359729474,-0.00395146056604371,5,3,5,3
1313018,"13",0.0328549525071177,-0.0264496665857211,4,2,4,1
1313020,"13",0.0126056720669491,0.0383697589664209,3,5,2,5
1313022,"13",0.0220888817128346,-0.0199452235084633,4,2,3,1
1313024,"13",0.0232801353288071,-0.0274461782020047,4,2,3,1
1313027,"13",0.00138239569210238,0.0161778620825265,3,5,1,5
1313028,"13",NA,NA,NA,NA,NA,NA
1313031,"13",0.0202515454794333,-0.00840857429035593,3,3,3,3
1313037,"13",0.028684950493392,-0.00938574938420422,4,3,3,2
1314001,"13",0.111257356427851,-0.0200409345701737,5,2,5,1
1314003,"13",0.0874211926618569,-0.0208525340703717,5,2,5,1
1314004,"13",-0.00832948025918314,0.00845674324267672,2,4,1,4
1314005,"13",0.0691867214895517,-0.0436420704904029,5,1,5,1
1314006,"13",0.0305412681734896,-0.0204708192107203,4,2,4,1
1314008,"13",0.0106066861260176,-0.00352677581286136,3,3,2,3
1314010,"13",0.0395229864152622,0.0247134344326335,4,5,4,5
1314011,"13",0.0271345159952323,0.00220648290462002,4,4,3,4
1314012,"13",0.0176366983795967,-0.00552047503626665,3,3,3,3
1314013,"13",0.0548750024682238,-0.0161976137757789,4,2,5,2
1314014,"13",0.0277839469648759,0.0236301470165628,4,5,3,5
1314015,"13",-0.00680422909542931,-0.0212120930024702,2,2,1,1
1314016,"13",0.0698394066196354,0.0162591690073557,5,5,5,5
1314017,"13",0.0372001560005032,0.012853943334884,4,5,4,5
1314020,"13",0.0576583072031095,-0.00188413590715018,5,3,5,3
1314021,"13",0.0456956761102255,-0.0187863223805995,4,2,4,2
1314022,"13",0.0268610983746006,0.0144607842542798,4,5,3,5
1314025,"13",0.0852970618000764,-0.00827004433776453,5,3,5,3
1314026,"13",0.0179700779927785,-0.029400355040406,3,2,3,1
1315002,"13",0.0602335814545945,-0.010675528801592,5,3,5,2
1315006,"13",0.0536930408449846,-0.0199245545480703,4,2,5,1
1315008,"13",0.0208834246657445,-0.0281543405240614,4,2,3,1
1315010,"13",0.0369064234129026,0.0120018340208658,4,5,4,4
1315011,"13",0.0262930286065196,0.0137199153607899,4,5,3,5
1315012,"13",0.0284958660432292,-0.020622944128366,4,2,3,1
1315013,"13",0.0445118618125456,-0.0198302646082814,4,2,4,1
1315014,"13",0.0285517416826218,0.00524861397752328,4,4,3,4
1315015,"13",0.00625357271659253,0.00809274987546323,3,4,2,4
1315016,"13",0.0509728706748067,-0.0196683907683828,4,2,5,1
1315017,"13",0.101098822395791,-0.0120340218387264,5,3,5,2
1315019,"13",0.106539012776912,-0.0118989013686275,5,3,5,2
1315020,"13",0.0352638507409626,0.00890556253196731,4,4,4,4
1315021,"13",0.0813724418797369,-0.0130952427944864,5,2,5,2
1315022,"13",0.0413264228675443,0.000942471101192477,4,4,4,4
1315024,"13",0.056650525244097,-0.0159025502411133,4,2,5,2
1315026,"13",0.060099047428648,-0.0046885005740089,5,3,5,3
1315027,"13",0.0589146078997024,-0.0189740942718512,5,2,5,1
1315028,"13",0.0109381712081466,0.015971813473289,3,5,2,5
1315029,"13",0.0699205369287207,-0.0154021484593147,5,2,5,2
1315030,"13",0.0712519727710701,-0.0169777540289699,5,2,5,2
1315031,"13",0.0165119138951387,0.00534609454526265,3,4,3,4
1315032,"13",0.032372899179938,-0.0132030797866376,4,2,4,2
1315033,"13",0.0810711716585144,-0.0113722703125474,5,3,5,2
1315036,"13",0.0477661147354768,-0.00123108037793992,4,3,4,3
1315037,"13",0.0307748322215574,-0.018779150020977,4,2,4,2
1315038,"13",0.0464998062343297,0.020808120120387,4,5,4,5
1315040,"13",0.0493019414373987,0.0246539941432433,4,5,4,5
2401023,"24",0.013052347447723,-0.020556824621561,3,2,3,1
2401042,"24",0.0355156952050206,-0.0080865229818765,4,3,4,3
2402005,"24",0.0605922353904087,-0.00502727604117933,5,3,5,3
2402010,"24",0.0263387604539286,-0.00903481943999633,4,3,4,3
2402015,"24",0.0616261546753816,-0.00670136014408752,5,3,5,3
2402028,"24",0.0414161941067706,-0.00323102002678964,4,3,5,3
2402047,"24",0.056254315870304,-0.0107146884483497,4,3,5,2
2402902,"24",NA,NA,NA,NA,NA,NA
2403005,"24",0.0128929084381207,-0.00607900281462763,3,3,3,3
2403010,"24",0.0539034394500612,-0.0290353237133412,4,2,5,1
2403015,"24",0.0094581279000431,-0.022974615771744,3,2,3,1
2403020,"24",0.0140313768478722,-0.00575973221835799,3,3,3,3
2403025,"24",0.024461223214766,0.018134793183902,4,5,4,5
2403902,"24",NA,NA,NA,NA,NA,NA
2403904,"24",NA,NA,NA,NA,NA,NA
2404005,"24",0.0825767548759514,-0.0400109921854915,5,1,5,1
2404010,"24",0.0789051257375236,-0.0301011996309444,5,2,5,1
2404015,"24",0.036111390186296,0.0224233762429951,4,5,4,5
2404020,"24",0,0,2,3,2,4
2404025,"24",0.0794552159615416,-0.0374078908397051,5,1,5,1
2404030,"24",0.0282762345708978,-0.0189598755265683,4,2,4,2
2404037,"24",0.0498027143004121,-0.000282459161715986,4,3,5,4
2404047,"24",0.0521998096285235,-0.00257019252999276,4,3,5,3
2404902,"24",0.0629830522093511,-0.00266576620961473,5,3,5,3
2404904,"24",NA,NA,NA,NA,NA,NA
2405010,"24",0.0241860733666046,-0.02134306996624,4,2,4,1
2405015,"24",0.0748185281313272,-0.0155339799978315,5,2,5,2
2405020,"24",0.0663583501034531,-0.0442194037958571,5,1,5,1
2405025,"24",0.0329140124778567,-0.00963322664241234,4,3,4,3
2405032,"24",0.0340871364355228,-0.0132345659612295,4,2,4,2
2405040,"24",0.0576979627187032,0.00106330530483018,5,4,5,4
2405045,"24",0.00356953533518877,-0.0012492469419035,3,3,2,3
2405050,"24",0.0456484029250691,-0.023241498582333,4,2,5,1
2405055,"24",0.00921309394407288,-0.0101091779588985,3,3,3,2
2405060,"24",0.0268650929801192,-0.00997628258950166,4,3,4,2
2405065,"24",0.0289594294551487,-0.0338333904864465,4,1,4,1
2405070,"24",0.0193998229348807,0.00418345299745623,3,4,4,4
2405077,"24",0.0294329177043926,0.0119881967407196,4,5,4,5
2405902,"24",0,0,2,3,2,4
2406005,"24",-0.0096114775236004,0.00102503105717249,1,4,1,4
2406013,"24",-0.00182306438033844,0.00940734485217125,2,5,2,5
2406020,"24",0.00485540364991086,0.00579770322846399,3,4,2,4
2406025,"24",0.0648480796789151,-0.0185348630607661,5,2,5,2
2406030,"24",0.0427202910358033,0.0134384355743193,4,5,5,5
2406035,"24",0.08708627602207,-0.0350176664552309,5,1,5,1
2406040,"24",0.0979619361108109,-0.0190705725047125,5,2,5,2
2406045,"24",0.0414469943191379,0.00927929665879673,4,5,5,5
2406050,"24",0.0391031702315075,-0.0135047940756947,4,2,5,2
2406055,"24",0.0866895979650741,-0.0371275133438825,5,1,5,1
2406060,"24",0.0523315564057888,-0.00197615015347946,4,3,5,3
2406802,"24",0.0542256418419495,0.0329427613361086,4,5,5,5
2406804,"24",NA,NA,NA,NA,NA,NA
2406902,"24",NA,NA,NA,NA,NA,NA
2406904,"24",NA,NA,NA,NA,NA,NA
2407005,"24",0.0751547774594837,-0.0282771725927453,5,2,5,1
2407010,"24",0.0799073970539328,-0.0250931653498594,5,2,5,1
2407018,"24",0.0381000822561441,0.00506338767014997,4,4,4,4
2407025,"24",0.0522896922544591,-0.0543781045893912,4,1,5,1
2407030,"24",0.0210942890977668,-0.0128357367854516,4,3,4,2
2407035,"24",0.0774843711264349,-0.00998368151932233,5,3,5,2
2407040,"24",0.0376907665982038,-0.0203935064909785,4,2,4,1
2407047,"24",0.00369762722522441,0.00909216909328275,3,4,2,5
2407057,"24",0.00281354930841089,0.0083389157977109,3,4,2,5
2407065,"24",0.0683227374660334,-0.0123022211292657,5,3,5,2
2407070,"24",0.0635073103627282,-0.0260801997028896,5,2,5,1
2407075,"24",0.069737703280601,-0.0375669703013605,5,1,5,1
2407080,"24",0.0154837514769943,-0.00256291292872245,3,3,3,3
2407085,"24",0.0282780105158378,-0.00106576230312108,4,3,4,4
2407090,"24",0.102186019925459,-0.0325059239494028,5,1,5,1
2407095,"24",0.0402978947492763,0.0156677507119608,4,5,5,5
2407100,"24",0.0223927279372893,-0.00330312709477809,4,3,4,3
2407105,"24",0.04525127531559,-0.0185653473741262,4,2,5,2
2407902,"24",0,0,2,3,2,4
2407904,"24",NA,NA,NA,NA,NA,NA
2407906,"24",NA,NA,NA,NA,NA,NA
2407908,"24",0,0,2,3,2,4
2407910,"24",0,0,2,3,2,4
2407912,"24",NA,NA,NA,NA,NA,NA
2407914,"24",0,0,2,3,2,4
2408005,"24",0.0533671355220321,0.00373182859206714,4,4,5,4
2408010,"24",0.132911867615598,-0.0471229785109604,5,1,5,1
2408015,"24",0.0956364111275657,-0.0144299392939225,5,2,5,2
2408023,"24",0.044748354199567,-0.0231023089835641,4,2,5,1
2408030,"24",0.0308922862075057,-0.0270483732485179,4,2,4,1
2408035,"24",0.0409650588422481,-0.01611478699246,4,2,5,2
2408040,"24",-0.0386038681507365,-0.00276579425345174,1,3,1,3
2408053,"24",0.00765471640781348,0.0101187846793562,3,5,3,5
2408065,"24",0.042895988637092,-0.0131191850143215,4,2,5,2
2408073,"24",-0.00585369852304559,0.0101406631858261,2,5,2,5
2408080,"24",0.00942656941491154,-0.00141156266466963,3,3,3,3
2408902,"24",0,0,2,3,2,4
2409005,"24",0.0931726365298715,-0.0376501006087623,5,1,5,1
2409010,"24",0.137136100283452,-0.0491900373159018,5,1,5,1
2409015,"24",0.0470099805487969,0.0121784868179689,4,5,5,5
2409020,"24",0.0257889538020732,-0.0288324510088116,4,2,4,1
2409025,"24",0.0152478366356712,0.000292776096977674,3,4,3,4
2409030,"24",0.000596601336516984,0.0181478915284385,2,5,2,5
2409035,"24",0.0551329701659854,-0.00391308929946453,4,3,5,3
2409040,"24",0.0799594032838059,-0.0449360962617204,5,1,5,1
2409048,"24",0.0498806961342373,-0.00320518708034666,4,3,5,3
2409055,"24",0.029815368917395,-0.0146584466080457,4,2,4,2
2409060,"24",-0.0362996586427258,-0.00412630419661301,1,3,1,3
2409065,"24",0.0398128820832605,0.00839945634009742,4,4,5,5
2409070,"24",0.0154326592152083,-0.0173393845911403,3,2,3,2
2409077,"24",0.033033735450256,0.0106803775888827,4,5,4,5
2409085,"24",-0.00105619305325825,0.000684344075820297,2,4,2,4
2409092,"24",-0.00204671506423857,-0.00462250700511348,2,3,2,3
2409902,"24",0,0,2,3,2,4
2409904,"24",NA,NA,NA,NA,NA,NA
2410005,"24",0.0920385161955879,-0.0361363088357961,5,1,5,1
2410010,"24",0.0424640346232062,0.0199239155328524,4,5,5,5
2410015,"24",0.0268573940331581,-0.0238514520351363,4,2,4,1
2410025,"24",0.0585745994091504,-0.025066633082787,5,2,5,1
2410030,"24",-0.0137137307321971,-0.00623690747620206,1,3,1,3
2410043,"24",-0.0112348114940986,0.01012768196705,1,5,1,5
2410060,"24",0.0227609116007318,-0.0269824412956704,4,2,4,1
2410070,"24",0.0265253542431498,0.00519560209480699,4,4,4,4
2410075,"24",0.0307843045434162,-0.00833864400553953,4,3,4,3
2410902,"24",0,0,2,3,2,4
2411005,"24",0.0198518825533037,0.00349839372668876,3,4,4,4
2411010,"24",0.0347277900931551,-0.0238117366728285,4,2,4,1
2411015,"24",0.0632168116931712,-0.0373490237447345,5,1,5,1
2411020,"24",0.118249804768836,-0.00618660198313433,5,3,5,3
2411025,"24",0.0176397144538461,-0.0153455590286835,3,2,3,2
2411030,"24",0.0168413549642204,-0.00972977774420835,3,3,3,2
2411035,"24",-0.0151268571775349,-0.0100139032766099,1,3,1,2
2411040,"24",0.0153508376336854,0.00991362456433284,3,5,3,5
2411045,"24",-0.007445938167153,-0.014572196967004,2,2,1,2
2411050,"24",-0.0286853685556464,0.00568483112332609,1,4,1,4
2411055,"24",0.010715201325684,-0.036700798578975,3,1,3,1
2411902,"24",NA,NA,NA,NA,NA,NA
2412005,"24",0.00135648254617614,-0.00751624110702853,3,3,2,3
2412010,"24",0.00192606987673271,-0.0132455484159194,3,2,2,2
2412015,"24",-0.0131431648909202,-0.0068885295558388,1,3,1,3
2412020,"24",0.00124987727239024,-0.0270720595122334,3,2,2,1
2412025,"24",0.0210513851212457,0.0775032247330295,4,5,4,5
2412030,"24",0.0279919264277322,-0.0146214270229895,4,2,4,2
2412035,"24",0.0252492530480043,0.00867988151583707,4,4,4,5
2412043,"24",0.00486029994253603,0.0151014786728339,3,5,2,5
2412045,"24",0.02797149613413,-0.00939284324873061,4,3,4,3
2412057,"24",-0.0121892796998087,-0.00399486932374251,1,3,1,3
2412065,"24",-0.00729419228352551,-0.0224311228065567,2,2,1,1
2412072,"24",-0.00928845017115272,0.00914321184185174,1,4,1,5
2412080,"24",-0.0440552065157276,-0.0205450732798515,1,2,1,1
2413005,"24",0.0303797770846664,0.00330705521227774,4,4,4,4
2413010,"24",0.0634183700408014,-0.0141541121323114,5,2,5,2
2413015,"24",0.0229642021173252,-0.0306326262733527,4,2,4,1
2413020,"24",0.0287639139070278,-0.0240206496852471,4,2,4,1
2413025,"24",0.0489226179110875,-0.0186769292612563,4,2,5,2
2413030,"24",0.0212310765215231,-0.0212045757318931,4,2,4,1
2413040,"24",0.0390520846659146,-0.00205891448562598,4,3,5,3
2413045,"24",0.0342695539385251,-0.0129576770148181,4,3,4,2
2413050,"24",0.0719088777999625,-0.0336519120023181,5,1,5,1
2413055,"24",0.0171173600803498,0.00230078768605393,3,4,3,4
2413060,"24",0.061485702837054,-0.0173414276654675,5,2,5,2
2413065,"24",0.0350124180561341,-0.0308685763475904,4,2,4,1
2413073,"24",0.00765618555716428,0.00548401770267431,3,4,3,4
2413075,"24",0.0402263962260893,-0.00567137520960317,4,3,5,3
2413080,"24",0.0028239209102351,-0.0226471599315798,3,2,2,1
2413085,"24",0.0506377764240487,-0.0101407153564309,4,3,5,2
2413090,"24",0.0579022159406624,-0.0303309798475782,5,2,5,1
2413095,"24",0.0231790971766671,-0.0108791377981996,4,3,4,2
2413100,"24",0.0630161465611788,-0.0319825724692425,5,1,5,1
2414005,"24",0.0339451475500116,-0.0132029632430552,4,2,4,2
2414010,"24",0.0260287777059993,0.00617521950883888,4,4,4,4
2414018,"24",0.00419511819348087,-0.00738959945001666,3,3,2,3
2414025,"24",0.00872665781733586,-0.0352008747540177,3,1,3,1
2414030,"24",0.0167624335015899,-0.027286215169191,3,2,3,1
2414035,"24",0.00393566047499915,-0.0105782112990114,3,3,2,2
2414040,"24",0,0,2,3,2,4
2414045,"24",-0.0342650515065975,0.00208176522724232,1,4,1,4
2414050,"24",0.00269055561545162,-0.0126356365389078,3,3,2,2
2414055,"24",-0.0100500146840716,-0.0233364799132637,1,2,1,1
2414060,"24",0.0414630506794636,-0.00426430296958549,4,3,5,3
2414065,"24",0.00110742745969644,-0.0133620751495345,2,2,2,2
2414070,"24",0.0092027637763013,-0.0030256860755449,3,3,3,3
2414075,"24",0.0232896540639386,-0.00820094078350177,4,3,4,3
2414080,"24",0.0454961504186777,-0.00595230886777419,4,3,5,3
2414085,"24",-0.00731332532338201,0.0144742362487287,2,5,1,5
2414090,"24",0.00896128660827857,-0.035385857222102,3,1,3,1
2414902,"24",0,0,2,3,2,4
2414904,"24",NA,NA,NA,NA,NA,NA
2415005,"24",-0.0401388933380133,-0.0159247158297377,1,2,1,2
2415013,"24",0.0131112014093477,0.00363618450508341,3,4,3,4
2415025,"24",0.0298279309968825,-0.0163603033115357,4,2,4,2
2415030,"24",0.0047079868824388,-0.0111143501906638,3,3,2,2
2415035,"24",0.00615745117377777,0.000422149891177048,3,4,3,4
2415058,"24",0.0175400058513781,-0.012488880803787,3,3,3,2
2415065,"24",0.0644082701395252,-0.00948509509601776,5,3,5,3
2415902,"24",0,0,2,3,2,4
2415904,"24",0.0699413892748201,-0.100020603179485,5,1,5,1
2416005,"24",-0.022603135947764,-0.0205039210350793,1,2,1,1
2416013,"24",-0.0066892795072462,0.00755612240456429,2,4,1,5
2416023,"24",0.00895753000264126,-0.00476564432135671,3,3,3,3
2416048,"24",-0.00755868543384052,-0.0200850611493889,2,2,1,1
2416050,"24",0.0139775385958938,0.00266392865695497,3,4,3,4
2416055,"24",0.0052480054341833,-0.000461473333294687,3,3,3,4
2416902,"24",NA,NA,NA,NA,NA,NA
2417005,"24",0.039429329733086,-0.0224314353899545,4,2,5,1
2417010,"24",0.0199026198850452,-0.0198258276249244,3,2,4,1
2417015,"24",0.0370496916752926,-0.0201017371085804,4,2,4,1
2417020,"24",0.00766076897297551,-0.00557989346972695,3,3,3,3
2417025,"24",0.0360772389433872,-0.0383192975461034,4,1,4,1
2417030,"24",0.0396547113957916,-0.00446468760746385,4,3,5,3
2417035,"24",0.0434329423225509,0.00239572635907646,4,4,5,4
2417040,"24",0.0260947844414934,-0.021644832738953,4,2,4,1
2417045,"24",0.0455220821218456,-0.00428136429861547,4,3,5,3
2417055,"24",-0.00327801210082734,-0.00502935782139469,2,3,2,3
2417060,"24",0.0211876828514243,-0.0076742649116549,4,3,4,3
2417065,"24",-0.00311754062528216,-0.0107277264744576,2,3,2,2
2417070,"24",0.000766575053781327,0.00926514443224148,2,5,2,5
2417078,"24",0.000956049769306179,0.00442675489592652,2,4,2,4
2418005,"24",0.0601365337884925,-0.00406332654240239,5,3,5,3
2418010,"24",0.0381809869324102,-0.0130888046466212,4,2,4,2
2418015,"24",0.044953922178888,-0.00355373768727629,4,3,5,3
2418020,"24",0.0613801804687048,0.00169661268920038,5,4,5,4
2418025,"24",0.0543957495950823,-0.0208466265868395,4,2,5,1
2418030,"24",0.0377973741890267,-0.01089284192676,4,3,4,2
2418035,"24",0.0510034587111493,-0.0177898676066815,4,2,5,2
2418040,"24",-0.00494933524038073,0.019336625133245,2,5,2,5
2418045,"24",0.00610975221393584,-0.0107480293428401,3,3,3,2
2418050,"24",0.00678588324937862,0.0047985720013732,3,4,3,4
2418055,"24",-0.00399574899404752,-0.0204123622312154,2,2,2,1
2418060,"24",0.00289811521323728,-0.0133062335505475,3,2,2,2
2418065,"24",-0.015342404371397,-0.00626550770110876,1,3,1,3
2418070,"24",-0.0946160166989716,0.00350877544507913,1,4,1,4
2419005,"24",0.0496993715066641,-0.00348746905362243,4,3,5,3
2419010,"24",0.0201157081554968,-0.00817814178244726,3,3,4,3
2419015,"24",0.0244324443085477,-0.0313818625227862,4,1,4,1
2419020,"24",0.0267993582501885,-0.00794325349301729,4,3,4,3
2419025,"24",-0.00850229337111994,0.00592319772131161,1,4,1,4
2419030,"24",0.0168388286479315,-0.000303013648676942,3,3,3,4
2419037,"24",0.0406676237081904,-0.00644945292899489,4,3,5,3
2419045,"24",0.000752119294457423,0.000494004218892314,2,4,2,4
2419050,"24",0.00333692438937989,-0.0122443277498997,3,3,2,2
2419055,"24",-0.00591428609579846,-0.00142916764887986,2,3,2,3
2419062,"24",-0.00404415081370413,-0.00518382170070087,2,3,2,3
2419068,"24",-0.0213184064283131,-0.00154182463716444,1,3,1,3
2419070,"24",-0.00806335444461772,-0.04558738393727,2,1,1,1
2419075,"24",-0.0110164417595829,-0.0105641286320792,1,3,1,2
2419082,"24",0.0174830568904815,-0.0135988413888127,3,2,3,2
2419090,"24",0.00686460927298166,-0.0129777888037403,3,3,3,2
2419097,"24",-0.0114803940204719,-0.00975079327574337,1,3,1,2
2419105,"24",-0.0182900520231337,-0.0165072121765614,1,2,1,2
2419110,"24",-0.0249669036210847,-0.0183887937537233,1,2,1,2
2419117,"24",-0.024668142144964,0.00478829092056335,1,4,1,4
2420005,"24",-0.0293425950942559,-0.0161868870541539,1,2,1,2
2420010,"24",-0.0277645003066373,-0.0214542835570053,1,2,1,1
2420015,"24",-0.0276754685525135,0.00675926048518092,1,4,1,5
2420020,"24",-0.0291114528837581,-0.00864763463419626,1,3,1,3
2420025,"24",-0.0250201597846293,-0.00275483163554196,1,3,1,3
2420030,"24",-0.0520797302057303,-0.00610205655383437,1,3,1,3
2421005,"24",0.0384593526771774,-0.0178756860371249,4,2,5,2
2421010,"24",-0.0290809105204108,0.00654839091898868,1,4,1,4
2421015,"24",NA,NA,NA,NA,NA,NA
2421020,"24",0.00711750648641399,-0.0071614206172057,3,3,3,3
2421025,"24",0.000830955186836768,0.0103840108753386,2,5,2,5
2421030,"24",0.0270744415854478,0.0120959585452457,4,5,4,5
2421035,"24",-0.00827563381589853,0.00599844060219794,2,4,1,4
2421040,"24",-0.0278842634020199,0.00326329336706566,1,4,1,4
2421045,"24",-0.0500123155857218,-0.0109371167059748,1,3,1,2
2421902,"24",NA,NA,NA,NA,NA,NA
2421904,"24",NA,NA,NA,NA,NA,NA
2422005,"24",-0.0182282774754637,-0.00264690338685568,1,3,1,3
2422010,"24",-0.0434938072918281,0.00345780216996791,1,4,1,4
2422015,"24",-0.0541702692617273,0.0268718035784679,1,5,1,5
2422020,"24",-0.0203664134177139,-0.0240547296969014,1,2,1,1
2422025,"24",0.00165905634833445,-0.00360224866134308,3,3,2,3
2422030,"24",-0.0573868365733829,0.00921970617148344,1,4,1,5
2422035,"24",-0.0277577451381502,-0.00612553254746889,1,3,1,3
2422040,"24",-0.058139822995513,-0.0135780734445535,1,2,1,2
2422045,"24",-0.0273545275463084,-0.00389514934601997,1,3,1,3
2422902,"24",NA,NA,NA,NA,NA,NA
2423015,"24",0,0,2,3,2,4
2423027,"24",-0.0242785753425168,0.0227036194209126,1,5,1,5
2423057,"24",-0.0334834970178261,-0.00133784155615669,1,3,1,3
2423072,"24",-0.0453034686525996,-0.00712749689842257,1,3,1,3
2423802,"24",-0.00434031004649863,0.0210262809944338,2,5,2,5
2425213,"24",-0.0291793060386519,0.00704579706810402,1,4,1,5
2426005,"24",0.00459421513208045,-0.0114688706812511,3,3,2,2
2426010,"24",0.00137308192049587,-0.0288768747823779,3,2,2,1
2426015,"24",-0.00542952434989284,0.0158484031531911,2,5,2,5
2426022,"24",-0.0131565723628348,-0.0172537818223403,1,2,1,2
2426030,"24",-0.0201738031107929,0.00475969451603395,1,4,1,4
2426035,"24",-0.018157878897661,0.0111121428688908,1,5,1,5
2426040,"24",-0.000501828542930123,-0.00538634328940273,2,3,2,3
2426048,"24",-0.0134651920218865,-0.00586227154993504,1,3,1,3
2426055,"24",-0.000408112543925795,-0.00878470171746431,2,3,2,3
2426063,"24",-0.00601718653933158,-0.00879849148088774,2,3,2,3
2426070,"24",-0.0255238658117697,-0.0111631257235304,1,3,1,2
2427008,"24",0.00590271937368909,-0.0114622272854369,3,3,3,2
2427015,"24",-0.000924215978942874,-0.00868469573871129,2,3,2,3
2427028,"24",-0.000756051661848835,0.00579488894867966,2,4,2,4
2427035,"24",0.0131996279548195,-0.0147435155466277,3,2,3,2
2427043,"24",-0.00574565479767793,-0.00433992576492615,2,3,2,3
2427050,"24",-0.0137506726315851,-0.0404237827172009,1,1,1,1
2427055,"24",0.0339136869966337,-0.0491308969567035,4,1,4,1
2427060,"24",0.0146802585518812,-0.0111459345408706,3,3,3,2
2427065,"24",-0.0074469055466158,0.000606131363689652,2,4,1,4
2427070,"24",0.0362502364840846,-0.0147682755264041,4,2,4,2
2428005,"24",0.0441149056242216,-0.0377166295282541,4,1,5,1
2428015,"24",0.0146901915761303,-0.000117080203905429,3,3,3,4
2428020,"24",0.0128582419656044,-0.0139267641057986,3,2,3,2
2428025,"24",0.0180002066983574,-0.00593794077226302,3,3,3,3
2428030,"24",0.00733978025226524,-0.0244212873713255,3,2,3,1
2428035,"24",0.0254923562512019,-0.0115813747277176,4,3,4,2
2428040,"24",0.0470468667308041,-0.034541385969286,4,1,5,1
2428045,"24",0.0137125113737725,-0.00797233608238381,3,3,3,3
2428053,"24",0.00399479586756737,-0.00613580714698956,3,3,2,3
2428060,"24",0.0334291266571274,-0.037893205695999,4,1,4,1
2428065,"24",0.000694031653646253,0.0282764743454147,2,5,2,5
2428070,"24",0.0484048786220545,0.00275302644932839,4,4,5,4
2428075,"24",0.0764540859034624,-0.0110047445314623,5,3,5,2
2429005,"24",0.027330323186434,0.00415384380175914,4,4,4,4
2429013,"24",0.0398844152517244,-0.0172607497868775,4,2,5,2
2429020,"24",0.0149667068279542,-0.138967717115092,3,1,3,1
2429025,"24",0.0194950468423097,-0.0301064347539909,3,2,4,1
2429030,"24",0.00625189546677332,0.0102642130429316,3,5,3,5
2429038,"24",0.00597244399319276,-0.00275908100657862,3,3,3,3
2429045,"24",0.0212901666105637,0.00390725880475524,4,4,4,4
2429050,"24",0.00592918963376204,-0.0200114128170504,3,2,3,1
2429057,"24",0.0229214938643961,-0.0126372755429881,4,3,4,2
2429065,"24",0.0151799507854562,-0.0127178966048961,3,3,3,2
2429073,"24",-0.0013622604343927,0.0182840163792344,2,5,2,5
2429095,"24",-0.0169565541877394,0.052938377920517,1,5,1,5
2429100,"24",0.0191901066152881,-0.000743209119265451,3,3,4,4
2429112,"24",0.0179113723180195,-0.0138387050603051,3,2,3,2
2429120,"24",-0.00884033914115696,0.0051617388241933,1,4,1,4
2429125,"24",-0.0122148292691089,-0.00390106130529991,1,3,1,3
2430005,"24",0.0540794317276014,-0.0300008922058133,4,2,5,1
2430010,"24",0.0620813443183064,-0.0183058431633853,5,2,5,2
2430015,"24",-0.0117043696671739,-0.0512821782924636,1,1,1,1
2430020,"24",0.0576122410251072,-0.0435258086551963,5,1,5,1
2430025,"24",0.000105924292954125,-0.0139254090653978,2,2,2,2
2430030,"24",0.00452867179572274,0.021598546043521,3,5,2,5
2430035,"24",0.0194048717230074,-0.0192893378442042,3,2,4,2
2430040,"24",0.0386845150916997,-0.0178964189253351,4,2,5,2
2430045,"24",0.0267263241358695,-0.0237431456135382,4,2,4,1
2430050,"24",0.0105086621727213,-0.00918745441654203,3,3,3,3
2430055,"24",0.0191457805289177,-0.0179013765418054,3,2,4,2
2430070,"24",0.0466385425314156,-0.0243484525844174,4,2,5,1
2430072,"24",0.00974901330538434,-0.0171782885327296,3,2,3,2
2430080,"24",0.0118711630998392,-0.0129189815222442,3,3,3,2
2430085,"24",0.0175421126147416,-0.0268404066371618,3,2,3,1
2430090,"24",0.0461703732958759,-0.0164565441576371,4,2,5,2
2430095,"24",0.00823644063136169,0.0096687359483578,3,5,3,5
2430100,"24",0.0102277383370389,-0.0231546426307191,3,2,3,1
2430105,"24",0.0263951509576697,-0.0222319244084958,4,2,4,1
2430110,"24",-0.0111155739280905,0.00220890335255565,1,4,1,4
2431008,"24",0.0400348040110615,-0.0340795199922616,4,1,5,1
2431015,"24",0.0182416554231194,0.0227494067598591,3,5,3,5
2431020,"24",0.0126434084743812,-0.0173994148818864,3,2,3,2
2431025,"24",0.0306161471715984,-0.0169652006277285,4,2,4,2
2431030,"24",-0.0157224251139784,-0.0309205502492191,1,2,1,1
2431035,"24",-0.000305942259093091,-0.0168103153761628,2,2,2,2
2431040,"24",0.0249665185053731,-0.0408057952787483,4,1,4,1
2431045,"24",0.0301412636293097,-0.00650436670828984,4,3,4,3
2431050,"24",0.023914111418182,-0.032142437813697,4,1,4,1
2431056,"24",-0.00963280901313276,-0.016338237809945,1,2,1,2
2431060,"24",0.00189061251389046,-0.028186155361665,3,2,2,1
2431084,"24",0.00111229221969514,0.0139761825750486,2,5,2,5
2431095,"24",-0.00464710822278352,0.00286730463314491,2,4,2,4
2431100,"24",-0.0263579719426464,-0.00429424361750257,1,3,1,3
2431105,"24",-0.00720332954393423,-0.0103873857135814,2,3,1,2
2431122,"24",0.0098075722379697,-0.00344374832047399,3,3,3,3
2431130,"24",0.0112938668430763,-0.0222277966804111,3,2,3,1
2431135,"24",0.00537629724366792,-0.014930343606898,3,2,3,2
2431140,"24",0.0216364753302633,-0.0209364539778859,4,2,4,1
2432013,"24",0.00844959605008797,-0.0140399803638504,3,2,3,2
2432023,"24",0.00588210946822322,-0.0288220999175493,3,2,3,1
2432033,"24",0.011543273129906,0.00301280591047946,3,4,3,4
2432040,"24",0.00825239502434372,0.0205409105369868,3,5,3,5
2432045,"24",-0.00461727413376958,-0.0354172587729529,2,1,2,1
2432050,"24",0.0114511534686524,0.00364242905778203,3,4,3,4
2432058,"24",0.00377786972673167,-0.00497568791372614,3,3,2,3
2432065,"24",0.0154619117565649,0.00146992136650671,3,4,3,4
2432072,"24",0.00520699692685661,-0.00257731625155383,3,3,3,3
2432080,"24",0.00659826825732885,-0.013549618052865,3,2,3,2
2432085,"24",0.0345256807309939,-0.0169240272240082,4,2,4,2
2433007,"24",-0.0135073802154688,0.00173603342230038,1,4,1,4
2433017,"24",0.00590872763840996,0.00738736251106297,3,4,3,5
2433025,"24",0.00962356369137399,-0.0235288142816589,3,2,3,1
2433030,"24",0.0059206067860967,-0.0254496914740017,3,2,3,1
2433035,"24",-0.000840545283263697,-0.000272454233219164,2,3,2,4
2433040,"24",0.0255938411371259,-0.0173883151411028,4,2,4,2
2433045,"24",0.00104643437628878,0.0103517988806189,2,5,2,5
2433052,"24",0.00515823511874396,-0.0144292174225696,3,2,3,2
2433060,"24",0.00154558528852563,-0.00293614713058301,3,3,2,3
2433065,"24",0.0221719064331273,-0.0218004089346067,4,2,4,1
2433070,"24",0.0413482881940454,-0.00282916387425411,4,3,5,3
2433080,"24",0.00344014460775895,-0.0134670303447298,3,2,2,2
2433085,"24",-0.0134428734943426,-0.00487054398199215,1,3,1,3
2433090,"24",-0.0160143359996632,0.00566501232571148,1,4,1,4
2433095,"24",-0.0240608235483577,0.00726928878603888,1,4,1,5
2433102,"24",0.00227555603189299,-0.00136219954226936,3,3,2,3
2433115,"24",-0.0242236335757632,-0.0140565629635297,1,2,1,2
2433123,"24",-0.0077895344518587,0.000782336563561162,2,4,1,4
2434007,"24",-0.0334948147005823,-0.0103199471163438,1,3,1,2
2434017,"24",-0.013748083314779,-0.00207678381266513,1,3,1,3
2434025,"24",-0.0115150571159009,0.0141076393625269,1,5,1,5
2434030,"24",-0.0144653543354959,-0.00549856700720211,1,3,1,3
2434038,"24",0.00578679565846742,0.00460634381878792,3,4,3,4
2434048,"24",-0.0110946174258845,0.0108878241882822,1,5,1,5
2434058,"24",-0.00807346584208686,0.00781596221183731,2,4,1,5
2434060,"24",-0.0226017227607941,-0.0291980517962313,1,2,1,1
2434065,"24",0.0109659312155432,0.00563465540914885,3,4,3,4
2434078,"24",0.0110647957807806,0.00381127870167079,3,4,3,4
2434085,"24",-0.0188406288004709,-0.0529084672066845,1,1,1,1
2434090,"24",0.0154352019813176,-0.0128744734207051,3,3,3,2
2434097,"24",0.0192264448729664,0.00431609967882929,3,4,4,4
2434105,"24",-0.00443195741356198,-0.00746208152769879,2,3,2,3
2434115,"24",-0.00498066906335103,0.00822147751879274,2,4,2,5
2434120,"24",-0.0500263826565165,-0.0256519826535762,1,2,1,1
2434128,"24",-0.00565305407838894,-0.00114590280404834,2,3,2,4
2434135,"24",0.0215986511251491,0.000930653855416705,4,4,4,4
2434902,"24",NA,NA,NA,NA,NA,NA
2434904,"24",0,0,2,3,2,4
2434906,"24",NA,NA,NA,NA,NA,NA
2435005,"24",0.0231957629721203,-0.00209258730423344,4,3,4,3
2435010,"24",0.0141241878689804,0.00682686345645249,3,4,3,5
2435015,"24",0.0158307094820597,-0.00715171808281724,3,3,3,3
2435020,"24",0.0144143072355915,0.000960356250088304,3,4,3,4
2435027,"24",0.00573791671571882,0.0200933029547708,3,5,3,5
2435035,"24",0.015800825118387,0.00817747850792373,3,4,3,5
2435040,"24",-0.0508387357475751,0.0225130961314909,1,5,1,5
2435045,"24",0.00971555677760938,0.00475684061430805,3,4,3,4
2435050,"24",0.0292416727727286,0.00179179934328164,4,4,4,4
2435055,"24",0.0172394133476379,0.00719339323126843,3,4,3,5
2435902,"24",NA,NA,NA,NA,NA,NA
2435904,"24",0,0,2,3,2,4
2435906,"24",0,0,2,3,2,4
2435908,"24",NA,NA,NA,NA,NA,NA
2436033,"24",0.0141825003758613,0.0204000713460132,3,5,3,5
2437067,"24",-0.00392739913357829,0.0213045717828214,2,5,2,5
2437205,"24",0.00685099344525971,0.004927226317759,3,4,3,4
2437210,"24",-0.00022115934090745,-0.0100032444141296,2,3,2,2
2437215,"24",-0.000113797451583816,-0.0082506958098029,2,3,2,3
2437220,"24",-0.0233468067915556,0.00485451225420345,1,4,1,4
2437225,"24",0.00339016917268841,0.0058107847792388,3,4,2,4
2437230,"24",-0.00740969271062667,-0.00635205140976835,2,3,1,3
2437235,"24",0.00717842570807692,-0.00565435471039526,3,3,3,3
2437240,"24",0.00851471847155852,0.010221568863277,3,5,3,5
2437245,"24",0.000828854697847458,-0.00757572701488405,2,3,2,3
2437250,"24",0.0260928576077364,0.00514929657264015,4,4,4,4
2438005,"24",0.0248295865897304,-0.0308872331071035,4,2,4,1
2438010,"24",-0.011544916802113,0.00918775725943182,1,4,1,5
2438015,"24",0.0260845788723365,0.00963595732096917,4,5,4,5
2438020,"24",0.0532821058282135,-0.0264251800376456,4,2,5,1
2438028,"24",0.0566544220142885,0.00734804411231803,4,4,5,5
2438035,"24",0.032041729235231,-0.00739185065727579,4,3,4,3
2438040,"24",0.0302538670827804,0.00322225001808276,4,4,4,4
2438047,"24",0.0110924514867987,0.00945007824019524,3,5,3,5
2438055,"24",0.0236022053842323,-0.00227483658830583,4,3,4,3
2438060,"24",0.0196623857208305,-0.00912196958805245,3,3,4,3
2438065,"24",-0.00731290036475408,-0.000636887795743496,2,3,1,4
2438070,"24",0.0226367374056815,0.0122966984262261,4,5,4,5
2438802,"24",0.0315482844312347,0.0557297653672676,4,5,4,5
2439005,"24",0.0272909708798789,-0.0231222903104635,4,2,4,1
2439010,"24",0.0342123561227675,-0.00967922229018708,4,3,4,3
2439015,"24",0.0188574692959148,0.00236276342463155,3,4,4,4
2439020,"24",0.00699635321566348,-0.0181652125000347,3,2,3,2
2439025,"24",-0.00033155826823665,-0.0170343700928564,2,2,2,2
2439030,"24",0.023532289753997,-0.0141338394302343,4,2,4,2
2439035,"24",0.000369011095557689,-0.00976002842032403,2,3,2,2
2439043,"24",0.00919044740900867,-0.0322196104544041,3,1,3,1
2439060,"24",-0.00932481082107784,-0.0213418516765961,1,2,1,1
2439062,"24",0.00100676336480903,0.0138564292213327,2,5,2,5
2439077,"24",0.00725147711042432,0.00153064999087739,3,4,3,4
2439085,"24",0.0221379672711029,-0.0209925164396971,4,2,4,1
2439090,"24",0.0229659578602988,-0.0164646750747611,4,2,4,2
2439097,"24",-0.0191874905080763,-0.00453123234921975,1,3,1,3
2439105,"24",0.0310369707932433,-0.0223391920474069,4,2,4,1
2439117,"24",0.0352849043813881,-0.00924202402160049,4,3,4,3
2439130,"24",0.00543545540095665,0.00889514830601348,3,4,3,5
2439135,"24",-0.00192319641278241,-0.0125994216771944,2,3,2,2
2439145,"24",0.0228064403270667,-0.0391656834849448,4,1,4,1
2439152,"24",0.031632376658302,-0.00393671056201896,4,3,4,3
2439165,"24",0.0197513930195736,-0.0259176098256451,3,2,4,1
2439170,"24",-0.00221794648976457,-0.00214171370328007,2,3,2,3
2440005,"24",0.00734666553358976,-0.000109503779442538,3,3,3,4
2440010,"24",0.035677361254568,-0.0123032690310693,4,3,4,2
2440017,"24",0.00996673586495355,-0.0204271583190488,3,2,3,1
2440025,"24",-0.00366937629694811,0.0120246927627397,2,5,2,5
2440032,"24",0.00888782921734198,-0.0199245535094247,3,2,3,1
2440043,"24",0.0332955380694404,0.0143791576461869,4,5,4,5
2440047,"24",0.016778054869147,-0.000289469623759852,3,3,3,4
2441012,"24",0.0214943250029442,-1.10183968333472e-05,4,3,4,4
2441020,"24",0.0117861371581666,0.00101063287963277,3,4,3,4
2441027,"24",0.0458713764836069,0.0120593304273842,4,5,5,5
2441037,"24",0.0234919401936795,-0.00851648749943654,4,3,4,3
2441038,"24",0.0114304039819764,-0.00520421829776078,3,3,3,3
2441055,"24",-0.0177280344729558,-0.00166014648546864,1,3,1,3
2441060,"24",0.0273318481108754,0.0087276839367363,4,4,4,5
2441065,"24",0.021225612648243,-0.0333667303568476,4,1,4,1
2441070,"24",0.0383153924605197,-0.00655373000592534,4,3,5,3
2441075,"24",0.0576819444582093,-0.0535693384737489,5,1,5,1
2441080,"24",0.0689462396646669,-0.00561584078039864,5,3,5,3
2441085,"24",0.0265199206656146,-0.0214958024045239,4,2,4,1
2441098,"24",0.0404003708966641,-0.00198767496416639,4,3,5,3
2441117,"24",0.0045124709496518,0.00162461371378918,3,4,2,4
2442005,"24",-0.00402697462647603,-0.016042922036097,2,2,2,2
2442020,"24",-0.000771223219095416,0.00465363675101485,2,4,2,4
2442025,"24",-0.0342224028844252,-0.0145202619141499,1,2,1,2
2442032,"24",-0.015882707074514,-0.0161965200389685,1,2,1,2
2442040,"24",-0.00492445556888335,9.49994397445872e-05,2,4,2,4
2442045,"24",0.037108632404074,0.00202446966237898,4,4,4,4
2442050,"24",0.0281654156435392,-0.00443214430883294,4,3,4,3
2442055,"24",0.0122538383129703,0.0166532440648384,3,5,3,5
2442060,"24",0.0105569469732557,-0.0104831282736405,3,3,3,2
2442065,"24",0.0185865593359432,-0.0105594293848529,3,3,4,2
2442070,"24",-0.0191640155944847,0.012933088767529,1,5,1,5
2442075,"24",-0.00382275319566881,-0.0379051446389071,2,1,2,1
2442078,"24",-0.0215206657339179,-0.0146061770713856,1,2,1,2
2442088,"24",0.0065346617707424,0.00742654531394633,3,4,3,5
2442095,"24",0.00210698692970561,-0.00385522668489295,3,3,2,3
2442098,"24",0.0242456443694014,0.0226547507820128,4,5,4,5
2442100,"24",0.00455244866844576,-0.0147070478840416,3,2,2,2
2442110,"24",0.00378191044615057,-0.0266838243518584,3,2,2,1
2443027,"24",-0.00807039924439183,0.025173730051337,2,5,1,5
2444003,"24",0.00735321517229667,-0.0145337413254668,3,2,3,2
2444005,"24",0,0,2,3,2,4
2444010,"24",0.0176354990401337,-0.0223279130443074,3,2,3,1
2444015,"24",0.0239719305244776,-0.0170930540994676,4,2,4,2
2444023,"24",0.0238025555112348,-0.0191748014099619,4,2,4,2
2444037,"24",0.0128664691790423,0.00298582875371353,3,4,3,4
2444045,"24",-0.0146288655866052,-0.00552094297614629,1,3,1,3
2444050,"24",0.00267483816947209,-0.006961419540922,3,3,2,3
2444055,"24",0.000873530957145992,-0.0139814138463718,2,2,2,2
2444060,"24",-0.0457420067608048,-0.00837847047761664,1,3,1,3
2444071,"24",-0.00655874355232889,-0.00450173533375291,2,3,1,3
2444080,"24",0.00561347251656471,0.00346523247404289,3,4,3,4
2445008,"24",0.041030837565669,0.00877285262968364,4,4,5,5
2445020,"24",0.0176146005472202,-0.0208545507481171,3,2,3,1
2445025,"24",0.00615557769465417,-0.0143495120178129,3,2,3,2
2445030,"24",-0.0202490271046067,-0.00759094542302786,1,3,1,3
2445035,"24",-0.0108431713807715,0.019564919251802,1,5,1,5
2445043,"24",-0.0549623266287441,0.00373203071357543,1,4,1,4
2445050,"24",-0.0334080898250928,0.0310271688264465,1,5,1,5
2445055,"24",-0.0460528777415301,-0.0221724563075353,1,2,1,1
2445060,"24",-0.0297569553304647,-0.00687343821127754,1,3,1,3
2445072,"24",-0.00474310869026539,0.0120227732329625,2,5,2,5
2445080,"24",0,0,2,3,2,4
2445085,"24",-0.0142694760597949,-0.00705048212761867,1,3,1,3
2445093,"24",-0.0375396729086912,-0.00502645756830306,1,3,1,3
2445095,"24",-0.00103421118351623,-0.0067644674163946,2,3,2,3
2445100,"24",-0.0127661234700145,-0.00694939544481552,1,3,1,3
2445105,"24",-0.00181811905539449,-0.0156861357091723,2,2,2,2
2445115,"24",-0.0421187798764893,-0.00639953475520266,1,3,1,3
2446005,"24",-0.0246341011503888,0.0238795080740238,1,5,1,5
2446010,"24",-0.0361072456583215,-0.00907600371274819,1,3,1,3
2446017,"24",-0.001924114045378,-0.00177375292063354,2,3,2,3
2446025,"24",0.0448517247698148,-0.0170223949778279,4,2,5,2
2446030,"24",-0.00377577089532814,-0.00794407051490838,2,3,2,3
2446035,"24",0.0155474736393463,0.0240420356602867,3,5,3,5
2446040,"24",0.00532651480115509,-0.0292399284465081,3,2,3,1
2446045,"24",0.0255367684788737,-0.0291845597253049,4,2,4,1
2446050,"24",-0.0129005753263933,-0.00446359742950692,1,3,1,3
2446058,"24",-0.0246113984101124,0.0141264600231404,1,5,1,5
2446065,"24",-0.010330450695667,-0.0219511888199781,1,2,1,1
2446070,"24",0.0163920059773038,-0.0181474491603999,3,2,3,2
2446075,"24",-0.0181526668617949,0.00220224192168504,1,4,1,4
2446078,"24",-0.0559730388829969,0.0104412373396992,1,5,1,5
2446080,"24",0.0151930615218971,0.0197960622724038,3,5,3,5
2446085,"24",0.00955616297063778,0.000799769158438178,3,4,3,4
2446090,"24",-0.00949228337493503,-0.0100087977939878,1,3,1,2
2446095,"24",0.0247477300075467,-0.0319269069604627,4,1,4,1
2446100,"24",0.00287373541269888,-0.00334154622446768,3,3,2,3
2446105,"24",0.00520334366993219,-0.0230385586117987,3,2,3,1
2446112,"24",0.0136910895943606,0.0088868219615044,3,4,3,5
2447010,"24",0.0045754647263942,-0.0244997930075456,3,2,2,1
2447017,"24",0.00434237367392501,0.015623022640965,3,5,2,5
2447025,"24",0.0263753725741308,0.015080399437572,4,5,4,5
2447030,"24",0.0517195546246519,-0.0295208698789301,4,2,5,1
2447035,"24",-0.0187189026193252,-0.0280051016011983,1,2,1,1
2447040,"24",0.00714522115261458,-0.0287573687805404,3,2,3,1
2447047,"24",0.0129310820286627,-0.00350383368901089,3,3,3,3
2447055,"24",0.0239010900506522,-0.0324466564039654,4,1,4,1
2448005,"24",0.0226519566600474,-0.0211754691347603,4,2,4,1
2448010,"24",0.0412751232138171,0.00908825834443848,4,4,5,5
2448015,"24",0.0157622166351085,-0.0074449309398173,3,3,3,3
2448020,"24",0.0546163486117318,-0.0191765450994075,4,2,5,2
2448028,"24",0.0204359677526493,0.00759675407729488,3,4,4,5
2448038,"24",0.0222354908226603,-0.00740901525026856,4,3,4,3
2448045,"24",0.0195239944723741,-0.018061756941437,3,2,4,2
2448050,"24",0.0163934072634575,-0.00571162681108178,3,3,3,3
2449005,"24",0.0322792833230919,-0.0181557196517699,4,2,4,2
2449015,"24",0.0264595349935296,-0.00169827198092663,4,3,4,3
2449020,"24",0.0174412307806242,-0.0198552652495825,3,2,3,1
2449025,"24",0.0107057249758341,-0.0107718916836184,3,3,3,2
2449030,"24",0.0241246024599227,-0.00755328092918744,4,3,4,3
2449040,"24",0.0183347023775449,-0.00974294614301259,3,3,3,2
2449048,"24",0.00140576718464843,-0.000433187702479092,3,3,2,4
2449058,"24",0.0026071857345154,0.0177460030311541,3,5,2,5
2449070,"24",-0.000996356936427238,-0.0125594097728887,2,3,2,2
2449075,"24",0.0137196307189221,0.00579565774324106,3,4,3,4
2449080,"24",0.00716289728870009,-0.02578687466918,3,2,3,1
2449085,"24",0.0209326088897334,-0.0118263690815941,4,3,4,2
2449095,"24",-0.0110569716546218,-0.0145828171599718,1,2,1,2
2449100,"24",0.0192044386053716,-0.0371950389234122,3,1,4,1
2449105,"24",0.00618956318913289,-0.0167246712565245,3,2,3,2
2449113,"24",0.00499290279399977,-0.00398480014090833,3,3,3,3
2449125,"24",0.0210334803883895,-0.0259171311520087,4,2,4,1
2449130,"24",0.023954345737651,0.0026901133570981,4,4,4,4
2450005,"24",0.0120734255622495,-0.0113929065622669,3,3,3,2
2450013,"24",0.0273849709321012,-0.0193699391656211,4,2,4,2
2450023,"24",0.0192795244814436,-0.0178381703555355,3,2,4,2
2450030,"24",0.00151973863223527,0.00100124771347559,3,4,2,4
2450035,"24",-0.0238451872225239,-0.00494375260621748,1,3,1,3
2450042,"24",-0.00624572128147569,0.00831118208497562,2,4,2,5
2450050,"24",-0.00354629549661127,0.00173696705674471,2,4,2,4
2450057,"24",-0.0418590389507352,0.0323233974420338,1,5,1,5
2450065,"24",0.00588013227034783,-0.024863524118992,3,2,3,1
2450072,"24",-0.00714210790486513,0.0127098099158009,2,5,1,5
2450085,"24",0.038596310048057,-0.00762110882408553,4,3,5,3
2450090,"24",0.00439569070900243,0.000622217279366384,3,4,2,4
2450095,"24",0.0300369727241736,-0.0387695942551139,4,1,4,1
2450100,"24",0.0166029051887746,-0.0040418163427896,3,3,3,3
2450113,"24",0.034639709131104,0.0157639850206758,4,5,4,5
2450128,"24",0.0225924074495184,-9.44759870092173e-05,4,3,4,4
2450802,"24",0.0337710567563904,0.0179932064036733,4,5,4,5
2451008,"24",0.0149599412765149,0.00842733791013092,3,4,3,5
2451015,"24",0.0420636140593405,0.0186334718187653,4,5,5,5
2451020,"24",0.0345562544459627,-0.00717595243954158,4,3,4,3
2451025,"24",0.0390684537597116,-0.0147697001149899,4,2,5,2
2451030,"24",0.0246573827627034,0.00110185823544705,4,4,4,4
2451035,"24",0.0197456826198264,-0.00466162367665855,3,3,4,3
2451040,"24",0.0207414752278261,-0.00202763650460001,3,3,4,3
2451045,"24",0.0315551447587595,-0.0191448985486012,4,2,4,2
2451050,"24",0.0565940171600844,-0.00498676676905022,4,3,5,3
2451055,"24",0.0470357561175953,0.00770576520717624,4,4,5,5
2451060,"24",0.0264693372475623,-0.0030264696026918,4,3,4,3
2451065,"24",0.0566559107500336,-0.00866966341818926,4,3,5,3
2451070,"24",-0.00772781803445721,0.0177688482578118,2,5,1,5
2451075,"24",0.00839768976970622,0.00345234881972759,3,4,3,4
2451080,"24",0.0157040256104945,0.0133737402044324,3,5,3,5
2451085,"24",-0.0103532026471531,-0.00391163519852172,1,3,1,3
2451090,"24",-0.00944033169827069,-0.00632953398015963,1,3,1,3
2452007,"24",0.0168173179359784,-0.00174440791227306,3,3,3,3
2452017,"24",0.0120063548636389,0.000373512014338826,3,4,3,4
2452030,"24",0.00650168337184652,-0.0194551892638733,3,2,3,2
2452035,"24",0.018218984796567,0.0289197218240378,3,5,3,5
2452040,"24",0.00744817497683966,-0.0153345599384568,3,2,3,2
2452045,"24",-0.00827234536495561,-0.0111280706711036,2,3,1,2
2452050,"24",-0.00279720293796688,-0.0112767686235343,2,3,2,2
2452055,"24",0.0343377798910102,-0.0115389255383541,4,3,4,2
2452062,"24",0.0454350550037255,-0.0137901123998552,4,2,5,2
2452070,"24",0.0429105690555019,-0.0127007794250594,4,3,5,2
2452075,"24",-0.0115445401376629,0.00158876547112633,1,4,1,4
2452080,"24",0.0638139413251804,0.0317977414588104,5,5,5,5
2452085,"24",0.015348570636135,-0.00322484114581755,3,3,3,3
2452090,"24",0.00848806026205531,-0.00117342293162257,3,3,3,4
2452095,"24",0.0185509901557413,0.0131582013092408,3,5,3,5
2453005,"24",0.034772586546226,-0.0172461861804751,4,2,4,2
2453010,"24",0.0775217303645865,0.0079709077678664,5,4,5,5
2453015,"24",0.0289676208841185,-0.0378409688950766,4,1,4,1
2453020,"24",0.0421653634202205,-0.0279108594988278,4,2,5,1
2453025,"24",-0.014904453662498,-0.00701383513005537,1,3,1,3
2453032,"24",-0.000919693536003784,-0.00955554357479837,2,3,2,3
2453040,"24",0.000380164109236594,0.00484682522501054,2,4,2,4
2453050,"24",0.0896579307909938,0.0321640967968208,5,5,5,5
2453052,"24",0.012333400496804,0.0126503520994177,3,5,3,5
2453065,"24",-0.0280719515481867,-0.00612316495682653,1,3,1,3
2453072,"24",0.023166758136402,0.00136477497637902,4,4,4,4
2453085,"24",0.0518283620725936,-0.0097718518228058,4,3,5,2
2454008,"24",0.0080936338363469,0.00315011183351504,3,4,3,4
2454017,"24",0.0125839216191932,-0.0152746069554973,3,2,3,2
2454025,"24",-0.0038403256020352,0.00827575761671513,2,4,2,5
2454030,"24",-0.00502064741423705,-0.0105575411015734,2,3,2,2
2454035,"24",-0.0200900946042743,-0.00100891466791455,1,3,1,4
2454048,"24",0.00409214490250742,0.0213132993654938,3,5,2,5
2454060,"24",0.00297074951983164,-0.0062101125174724,3,3,2,3
2454065,"24",0.00947033765107975,-0.00670006738036506,3,3,3,3
2454072,"24",0.0023669029180291,-0.0179491594573255,3,2,2,2
2454090,"24",0.00446518839607832,-0.0251041756126177,3,2,2,1
2454095,"24",0.0175350809254854,0.00147768075357951,3,4,3,4
2454100,"24",0.00764930234594473,-0.0119068381607701,3,3,3,2
2454105,"24",0.0107768168337885,-0.0284986221523564,3,2,3,1
2454110,"24",0.0214696488643628,-0.00896193355982011,4,3,4,3
2454115,"24",0.0201989098244771,-0.0283023377244836,3,2,4,1
2454120,"24",0.0219079710064392,-0.0117173107838743,4,3,4,2
2454125,"24",0.0181936429803535,-0.00287602299535511,3,3,3,3
2455008,"24",-0.00456639442181229,0.00141385061986839,2,4,2,4
2455015,"24",0.0172163880501088,-0.01772240932588,3,2,3,2
2455023,"24",0.00403067860859501,0.00997504504363127,3,5,2,5
2455030,"24",0.00736580288233002,-0.0100953209418215,3,3,3,2
2455037,"24",0.0125329858719427,0.000832127966937229,3,4,3,4
2455048,"24",0.000633668339236578,0.012200291598655,2,5,2,5
2455057,"24",-0.00701872462883732,0.0170354460016987,2,5,1,5
2455065,"24",-0.0069847560046018,-0.00290798501073164,2,3,1,3
2456005,"24",-0.0010028556398246,-0.00667022896474852,2,3,2,3
2456010,"24",0.0231800480442107,-0.0141136795435507,4,2,4,2
2456015,"24",0.0504443917773374,-0.00336583545128804,4,3,5,3
2456023,"24",0.0161398623475254,0.00110619445844531,3,4,3,4
2456030,"24",0.0146359737993488,-0.0362458906302472,3,1,3,1
2456035,"24",0.0142878669382073,0.000505334498945073,3,4,3,4
2456042,"24",0.026678357836881,-0.00438736269334079,4,3,4,3
2456050,"24",0.0109401672200011,0.00117878682848696,3,4,3,4
2456055,"24",0.0105315516481336,-0.0196948728488356,3,2,3,1
2456060,"24",0.00991130503795506,0.00457529597639462,3,4,3,4
2456065,"24",-0.00192848497480038,-0.0153971505435507,2,2,2,2
2456083,"24",-0.003960240880866,0.0115470612735023,2,5,2,5
2456097,"24",-0.00886461697733805,-0.0268508918316546,1,2,1,1
2456105,"24",-0.00716204200024428,-0.0176909366457181,2,2,1,2
2457005,"24",-0.0242731216826325,0.00876618051257928,1,4,1,5
2457010,"24",-0.0336007626067351,-0.0144613136079292,1,2,1,2
2457020,"24",-0.0337277932405714,-0.000661211575752047,1,3,1,4
2457025,"24",-0.0196562970305669,0.0158187805968357,1,5,1,5
2457030,"24",-0.0401987042173918,0.00511462476068441,1,4,1,4
2457033,"24",0.00355864580490018,-0.00915210016973788,3,3,2,3
2457035,"24",-0.0405820785145842,0.00250414355950917,1,4,1,4
2457040,"24",-0.0265691191636329,0.00910159520986605,1,4,1,5
2457045,"24",-0.0327419594069777,-0.0292701622665672,1,2,1,1
2457050,"24",-0.0268643893075001,-0.00972653610759471,1,3,1,2
2457057,"24",-0.0245729625048602,-0.00579075089980817,1,3,1,3
2457068,"24",-0.00549866441749872,0.00336743029509703,2,4,2,4
2457075,"24",-0.0311098642212398,-0.0146897140367703,1,2,1,2
2458007,"24",-0.00328866629245583,-0.00339129874793964,2,3,2,3
2458012,"24",-0.063384005931157,0.0273537706550098,1,5,1,5
2458033,"24",-0.0444251390950077,-0.00560864718653586,1,3,1,3
2458037,"24",-0.0507078865470869,-0.0117309245523616,1,3,1,2
2458227,"24",0.002457588996412,0.0185898332127262,3,5,2,5
2459010,"24",-0.0323740832928149,-0.00814961454464916,1,3,1,3
2459015,"24",0.0149834025875947,-0.00729432620879385,3,3,3,3
2459020,"24",-0.0280975438206192,-0.00327087764295437,1,3,1,3
2459025,"24",-0.0105999454337976,-0.00462161328021864,1,3,1,3
2459030,"24",-0.00142006010254973,-0.0146380893579783,2,2,2,2
2459035,"24",-0.000155277479793502,0.00680164589270483,2,4,2,5
2460005,"24",0.00720788690267029,0.0261723465651418,3,5,3,5
2460013,"24",-0.0093004978435645,-0.00287104353268554,1,3,1,3
2460020,"24",-0.000185678719255257,0.0108802696653408,2,5,2,5
2460028,"24",-0.0028239256864505,0.00365015291241595,2,4,2,4
2460037,"24",0.0253331571288966,0.00441016802176016,4,4,4,4
2461005,"24",-0.00562576245112716,0.00133072426575484,2,4,2,4
2461013,"24",0.00428016789174871,0.0123932243831214,3,5,2,5
2461020,"24",0.0178400276981299,-0.0129856720475248,3,3,3,2
2461025,"24",0.0276839844223962,0.0273586574041366,4,5,4,5
2461027,"24",0.00268088536872211,0.00062602627413216,3,4,2,4
2461030,"24",-0.00287584164128576,0.00945876633925911,2,5,2,5
2461035,"24",0.00371586378616047,0.0119679218339222,3,5,2,5
2461040,"24",-0.00532101257867247,0.00112289229425722,2,4,2,4
2461045,"24",0.0223759082381371,-0.00684301745151736,4,3,4,3
2461050,"24",0.00607718665770815,0.00516933994791038,3,4,3,4
2462007,"24",0.0205952211317429,-0.00304948189056683,3,3,4,3
2462015,"24",0.0218017671253049,-0.00167843571760819,4,3,4,3
2462020,"24",0.0302615226625108,-0.00552487315236341,4,3,4,3
2462025,"24",0.0100702922697632,0.007385568766687,3,4,3,5
2462030,"24",0.00632260713492387,0.00460544081007526,3,4,3,4
2462037,"24",0.0244837836668998,0.013917970851944,4,5,4,5
2462047,"24",0.0436292841975164,0.00686324572146829,4,4,5,5
2462053,"24",-0.00803195518601068,0.010225799104246,2,5,1,5
2462055,"24",0.0158900171386501,0.0161915009543924,3,5,3,5
2462060,"24",0.0123086138273883,0.00299313256429912,3,4,3,4
2462065,"24",0.0542593575852965,0.00237677279661016,4,4,5,4
2462070,"24",0.042264301059769,0.0119950018889751,4,5,5,5
2462075,"24",0.0274740129387943,0.00966018813115943,4,5,4,5
2462080,"24",0.00671166862797076,-0.00384787884291318,3,3,3,3
2462085,"24",0.0409137064653178,-0.00468975578604463,4,3,5,3
2462802,"24",0.148429457865311,-0.0938106861988427,5,1,5,1
2462902,"24",NA,NA,NA,NA,NA,NA
2462904,"24",0,0,2,3,2,4
2462906,"24",0,0,2,4,2,4
2462908,"24",0,0,2,4,2,4
2462910,"24",NA,NA,NA,NA,NA,NA
2462912,"24",0.0728632506976991,-0.0365077520675686,5,1,5,1
2462914,"24",NA,NA,NA,NA,NA,NA
2462916,"24",NA,NA,NA,NA,NA,NA
2462918,"24",NA,NA,NA,NA,NA,NA
2462919,"24",NA,NA,NA,NA,NA,NA
2462920,"24",NA,NA,NA,NA,NA,NA
2462922,"24",NA,NA,NA,NA,NA,NA
2463005,"24",0.0136327908151359,-0.00482648760984388,3,3,3,3
2463013,"24",0.0200766170867851,0.00235976365115152,3,4,4,4
2463023,"24",-0.00554527443253921,0.008045580784866,2,4,2,5
2463030,"24",0.00109624936412501,0.0143179222680543,2,5,2,5
2463035,"24",0.0168460111776686,-0.00800049977140676,3,3,3,3
2463040,"24",-0.0024186353508787,-0.0397651268752842,2,1,2,1
2463048,"24",0.0339753994380615,0.00315448985509974,4,4,4,4
2463055,"24",0.0583205163787429,0.000885452754887492,5,4,5,4
2463060,"24",0.0272993899061225,-0.00174539090719238,4,3,4,3
2463065,"24",-0.00655381917895307,-0.00186044822667808,2,3,1,3
2464008,"24",-0.00238443457071768,-0.00562590409980104,2,3,2,3
2464015,"24",-0.00984840943095405,0.00385783476204982,1,4,1,4
2465005,"24",0.00301096731594819,-0.00121318273252045,3,3,2,3
2466007,"24",0.0347956605750702,0.0349728902902015,4,5,4,5
2466023,"24",0.0016122771675915,0.0285408974685949,3,5,2,5
2466032,"24",-0.0741471159759065,0.0062415947268238,1,4,1,4
2466047,"24",-0.0556170212287809,-0.0133646029619112,1,2,1,2
2466058,"24",-0.0200669246972354,0.0106094809297768,1,5,1,5
2466062,"24",-0.0847455020076785,-0.0112004930480123,1,3,1,2
2466072,"24",-0.0570419509511608,-0.00798037886125511,1,3,1,3
2466087,"24",-0.0280199037095193,0.0229613289285468,1,5,1,5
2466092,"24",0,0,2,4,2,4
2466097,"24",-0.0272691457239406,0.00152125704733233,1,4,1,4
2466102,"24",-0.0293912197988662,-0.0398280023170908,1,1,1,1
2466107,"24",-0.0549462425033886,-0.0252218156306921,1,2,1,1
2466112,"24",-0.0419781078313836,-0.0273619561422603,1,2,1,1
2466117,"24",-0.0385341244165516,0.0223250641939766,1,5,1,5
2466127,"24",-0.0458290862316894,-0.0320621246096194,1,1,1,1
2466142,"24",-0.00875919441047962,-0.0188140517757135,1,2,1,2
2467005,"24",-0.014407748581448,0.00427915781398711,1,4,1,4
2467010,"24",-0.0100098196937001,-0.000587833119775971,1,3,1,4
2467015,"24",-0.0254261687655288,0.0069929595316911,1,4,1,5
2467020,"24",-0.0385730423466611,-0.00037060109513517,1,3,1,4
2467025,"24",-0.00643744551751778,0.00170441415594813,2,4,2,4
2467030,"24",-0.00262023563404987,0.00638584948130738,2,4,2,4
2467035,"24",-0.00995853422166228,-0.00904921936254817,1,3,1,3
2467040,"24",-0.00581867917738873,-0.019296798974393,2,2,2,2
2467045,"24",-0.0112869058111682,-0.00400185345200086,1,3,1,3
2467050,"24",0.0102235886607809,0.00268608272126071,3,4,3,4
2467055,"24",-0.0326736207703647,0.000565352921508813,1,4,1,4
2467802,"24",NA,NA,NA,NA,NA,NA
2468005,"24",0.0257571630978513,-0.0336993761094557,4,1,4,1
2468010,"24",0.00269127528413092,0.0312278727593872,3,5,2,5
2468015,"24",0.0150763044708835,-0.0154002358101221,3,2,3,2
2468020,"24",0.013564517770579,-0.00121080573477122,3,3,3,3
2468025,"24",0.019422571305319,-0.0194337712724931,3,2,4,2
2468030,"24",0.00882607059764278,0.00679006769899469,3,4,3,5
2468035,"24",0.0137961378648763,-0.0236655941063835,3,2,3,1
2468040,"24",-0.00187685177440604,-0.00968460118781358,2,3,2,3
2468045,"24",0.010889699692294,-0.0205806521070005,3,2,3,1
2468050,"24",-0.00450264214113913,-0.0154431304152391,2,2,2,2
2468055,"24",0.0104141587622435,0.01095553749627,3,5,3,5
2469005,"24",0.033124829812814,-0.0127073027197572,4,3,4,2
2469010,"24",0.00489200674085127,-0.00173577496702547,3,3,3,3
2469017,"24",0.0299440429860697,0.000640391174000142,4,4,4,4
2469025,"24",-0.00489342246021869,0.026344847724887,2,5,2,5
2469030,"24",0.00314673399718332,-0.0164676705918027,3,2,2,2
2469037,"24",0.0184615196379751,0.0128248323812206,3,5,3,5
2469045,"24",0.0142714911753412,-0.00137362808465983,3,3,3,3
2469050,"24",-0.0167578540550048,-0.0115443795399947,1,3,1,2
2469055,"24",0.0431611767876583,0.023431155487319,4,5,5,5
2469060,"24",0.0263029406238889,-0.0122088069779119,4,3,4,2
2469065,"24",0.0242481601194963,-0.00994583292810696,4,3,4,2
2469070,"24",0.0171674099509805,-0.00764573188385495,3,3,3,3
2469075,"24",0.0428798101319166,-0.0361527540190773,4,1,5,1
2469802,"24",NA,NA,NA,NA,NA,NA
2470005,"24",-0.000981979126807827,-0.00721000504918455,2,3,2,3
2470012,"24",-0.00155141675494615,0.00967816209759148,2,5,2,5
2470022,"24",0.00726146194504443,0.0191506987576094,3,5,3,5
2470030,"24",-0.00536131342431983,-0.0155556813577417,2,2,2,2
2470035,"24",-0.00193268281069625,-0.00250992708194921,2,3,2,3
2470040,"24",0.00711395751188963,-0.00525542548245923,3,3,3,3
2470052,"24",0.0182518025149668,0.0182005630285495,3,5,3,5
2471005,"24",4.58415757958165e-05,-0.0161404014243971,2,2,2,2
2471015,"24",-0.00151213317878218,0.00593132374561565,2,4,2,4
2471020,"24",0.00751719740477358,0.000541727252500247,3,4,3,4
2471025,"24",-0.00687753627124051,0.00942864235217866,2,5,1,5
2471033,"24",0.000382954532919495,0.0288623798896125,2,5,2,5
2471040,"24",-0.0146090477391044,-0.00335874428581764,1,3,1,3
2471045,"24",0.0162912302468711,-0.00117533591662732,3,3,3,3
2471050,"24",-0.00960168372955901,-0.00901316474202766,1,3,1,3
2471055,"24",-0.015562643209245,0.0234078053220206,1,5,1,5
2471060,"24",-0.00100414190514549,0.0230819814722701,2,5,2,5
2471065,"24",-0.0327321537164589,-0.0173613134938778,1,2,1,2
2471070,"24",-0.0113084255916186,-0.00300225415089111,1,3,1,3
2471075,"24",-0.0180973745385547,0.0201952725345592,1,5,1,5
2471083,"24",-0.00654420716410929,0.00262274898323763,2,4,2,4
2471090,"24",-0.0176332785270226,-0.0504531781589689,1,1,1,1
2471095,"24",-0.0765347936188822,-0.0390674044977651,1,1,1,1
2471100,"24",-0.0563574918847418,0.000357739367437121,1,4,1,4
2471105,"24",-0.0297422848487952,-0.025330598625201,1,2,1,1
2471110,"24",-0.0108995806768686,-0.0198579965139764,1,2,1,1
2471115,"24",0.0213660155845966,0.00444089121572752,4,4,4,4
2471125,"24",-0.00131412172155209,-0.0253032492844637,2,2,2,1
2471133,"24",-0.00525157369647265,0.000452547144377205,2,4,2,4
2471140,"24",0.0264825071334602,-0.000909047096797348,4,3,4,4
2472005,"24",-0.000769556784061941,0.00403607579649374,2,4,2,4
2472010,"24",-0.0107305985158779,0.0106401296200143,1,5,1,5
2472015,"24",-0.00910866917183224,-0.000145191432506995,1,3,1,4
2472020,"24",0.0231473147524816,0.00817960716352746,4,4,4,5
2472025,"24",-0.00570678812163726,-0.00703288873965933,2,3,2,3
2472032,"24",-0.0125162111987742,-0.00711020581995498,1,3,1,3
2472043,"24",0.00118995181241251,0.00148596241058361,3,4,2,4
2472802,"24",NA,NA,NA,NA,NA,NA
2473005,"24",-0.00192048512934542,0.00329793224125547,2,4,2,4
2473010,"24",-0.00875936951802272,0.0352868118885495,1,5,1,5
2473015,"24",-0.0204411392632175,-0.00620030769905657,1,3,1,3
2473020,"24",-0.0394768248728685,-0.0158172836513046,1,2,1,2
2473025,"24",-0.0457986862664587,-0.0307875603891638,1,2,1,1
2473030,"24",-0.00737201699389222,0.0229850015060794,2,5,1,5
2473035,"24",0.013184080778751,-0.00348691220610233,3,3,3,3
2474005,"24",-0.00854297392893266,0.0104000385762875,1,5,1,5
2475005,"24",-0.0047570979462103,-0.0119541783216975,2,3,2,2
2475017,"24",0.0128901624764196,0.0254660935830999,3,5,3,5
2475028,"24",0.0150171473581999,-0.000224770680055278,3,3,3,4
2475040,"24",-0.0184300030236677,-0.00331020587162462,1,3,1,3
2475045,"24",-0.0109533250717238,0.00420362416381813,1,4,1,4
2476008,"24",0.0144031660286378,-0.00117229408011894,3,3,3,4
2476020,"24",0.0398708306670834,0.0247120900021177,4,5,5,5
2476025,"24",-0.000602310118962527,-0.0036618869848481,2,3,2,3
2476030,"24",0.0076790562989754,-0.0152748844724733,3,2,3,2
2476035,"24",-0.0260340915423694,0.0122280276023146,1,5,1,5
2476043,"24",0.0240713790551873,0.0126873750397353,4,5,4,5
2476052,"24",0.0259841359007817,0.0036629904991584,4,4,4,4
2476055,"24",0.0263189935215095,0.0399000157187099,4,5,4,5
2476065,"24",0.0209472152688093,0.00890400193178548,4,4,4,5
2477011,"24",-0.0671014379303215,0.0161652242054816,1,5,1,5
2477012,"24",0.00973876080643554,0.00613270184231109,3,4,3,4
2477022,"24",-0.0110346420591332,0.0268446852108946,1,5,1,5
2477030,"24",-0.0275297978680765,0.027374089239229,1,5,1,5
2477035,"24",-0.0459434215211043,0.0055741202074655,1,4,1,4
2477043,"24",-0.0221858554243567,0.0230954157462516,1,5,1,5
2477050,"24",-0.0266101548340525,0.00681101584808063,1,4,1,5
2477055,"24",-0.0388160336610908,-0.0117694729733046,1,3,1,2
2477060,"24",0.0215853182879931,0.00203457609735365,4,4,4,4
2477065,"24",0.000318062261201875,0.016520810017887,2,5,2,5
2478005,"24",0.00434046066479291,0.021402178595975,3,5,2,5
2478010,"24",-0.00691932037631537,0.0229563736396452,2,5,1,5
2478015,"24",0.0299346562832898,-0.00739862059605452,4,3,4,3
2478020,"24",0.00965925429640289,-0.00307228667890497,3,3,3,3
2478032,"24",0.0198459548474128,0.0173514151081491,3,5,4,5
2478042,"24",-0.0691983040669471,0.0054910295368336,1,4,1,4
2478047,"24",0.00797311836978557,0.0115999074874965,3,5,3,5
2478050,"24",0,0,2,4,2,4
2478055,"24",-0.00519960348938106,0.0107281125479331,2,5,2,5
2478060,"24",0.0182536169713563,0.029417707258384,3,5,3,5
2478065,"24",0.021338289029505,0.0219885760785318,4,5,4,5
2478070,"24",0.0434214285590512,-0.00219058447646382,4,3,5,3
2478075,"24",0.0169829750774151,0.00939762052659422,3,5,3,5
2478095,"24",0.0106191777643866,0.00736669385512071,3,4,3,5
2478100,"24",0.0178360301956339,0.0120348860160276,3,5,3,5
2478102,"24",-0.00444358113155614,0.0206285031508277,2,5,2,5
2478115,"24",0.00823761788916797,0.00133592853210498,3,4,3,4
2478120,"24",0.0173176502318338,0.00860103801464461,3,4,3,5
2478127,"24",0,0,2,4,2,4
2478130,"24",-0.00826681656549648,-0.0007866303851526,2,3,1,4
2478802,"24",NA,NA,NA,NA,NA,NA
2479005,"24",0.0188018718775849,-0.00347774549430885,3,3,4,3
2479010,"24",0.0531580234995104,-0.0328196743177036,4,1,5,1
2479015,"24",0.050729182356433,0.000888430752663748,4,4,5,4
2479022,"24",0.0243954471113729,-0.0166996375846477,4,2,4,2
2479025,"24",0.0147387801965097,-0.00616023255873539,3,3,3,3
2479030,"24",0.0291417254063539,-0.00261749233947156,4,3,4,3
2479037,"24",0.035494237628125,0.00771577021973031,4,4,4,5
2479047,"24",0.0129161230148679,0.00484317634150042,3,4,3,4
2479050,"24",0.0576768822406659,-0.0113554368300682,5,3,5,2
2479060,"24",0.0336159325089775,-0.000932487335615894,4,3,4,4
2479065,"24",0.0533112181848755,-0.017998887016895,4,2,5,2
2479078,"24",0.0316737020151976,-0.00300979118596395,4,3,4,3
2479088,"24",0.0192877119986158,0.0047984211658828,3,4,4,4
2479097,"24",0.0385502198544133,-0.00912144553967413,4,3,5,3
2479105,"24",0.0350944186758016,-0.0207151929253588,4,2,4,1
2479110,"24",0.0522964131922707,-0.0177327443105881,4,2,5,2
2479115,"24",0.0491308854587959,0.00606310070761843,4,4,5,4
2479902,"24",NA,NA,NA,NA,NA,NA
2479904,"24",NA,NA,NA,NA,NA,NA
2479906,"24",NA,NA,NA,NA,NA,NA
2479910,"24",NA,NA,NA,NA,NA,NA
2479912,"24",NA,NA,NA,NA,NA,NA
2479914,"24",NA,NA,NA,NA,NA,NA
2479916,"24",NA,NA,NA,NA,NA,NA
2479920,"24",NA,NA,NA,NA,NA,NA
2479922,"24",0,0,2,4,2,4
2479924,"24",NA,NA,NA,NA,NA,NA
2479926,"24",NA,NA,NA,NA,NA,NA
2480005,"24",0.0291966623178062,0.0152036288624782,4,5,4,5
2480010,"24",0.0108441912419609,0.0335933093922113,3,5,3,5
2480015,"24",-0.00861460012014369,-0.0239957173166489,1,2,1,1
2480020,"24",0.0577514135984678,-0.00806617294551935,5,3,5,3
2480027,"24",0.027857719139309,0.00333175927468052,4,4,4,4
2480037,"24",0.0282975933929506,0.00357433152190753,4,4,4,4
2480045,"24",0.00817785026457198,-0.00876738079742424,3,3,3,3
2480050,"24",0.0446727443646607,0.0176897325234773,4,5,5,5
2480055,"24",0.0335792483391207,0.00554928872269171,4,4,4,4
2480060,"24",0.0173862124771061,-0.0236622517436441,3,2,3,1
2480065,"24",-0.0204900739830699,0.00543508992599982,1,4,1,4
2480070,"24",0.039188551105798,-0.0300563023489702,4,2,5,1
2480078,"24",0.00462777830181195,0.00505692772043609,3,4,2,4
2480085,"24",0.0191033878517925,-0.0206593162780467,3,2,4,1
2480090,"24",0.0532707393166452,0.0108586480808495,4,5,5,5
2480095,"24",0.00808627494453465,0.0076748415249063,3,4,3,5
2480103,"24",0.0503154957015738,0.0154789421591375,4,5,5,5
2480110,"24",0.0781041564911957,-0.00322698537478441,5,3,5,3
2480115,"24",0.0533619623990449,-0.0108756129379246,4,3,5,2
2480125,"24",0.0682194613617677,-0.000847073022050095,5,3,5,4
2480130,"24",0.0446529794360353,0.0155986623708754,4,5,5,5
2480135,"24",-0.0117622273413283,0.00342445685647836,1,4,1,4
2480140,"24",0.0574583773329652,-0.00374150260987238,4,3,5,3
2480145,"24",0.0626111213453751,-0.0423102912761149,5,1,5,1
2481017,"24",-0.00114809600560253,0.0207486643573261,2,5,2,5
2482005,"24",-0.0156489386427787,-0.0355842377291604,1,1,1,1
2482010,"24",0.0170499014637999,-0.00353848085048768,3,3,3,3
2482015,"24",0.00164651600634904,-0.0100211914234264,3,3,2,2
2482020,"24",-0.0174038762601114,-0.0271528623349658,1,2,1,1
2482025,"24",-0.0526095875671462,-0.0188563297054167,1,2,1,2
2482030,"24",0.0142176224379656,-0.0156476752441938,3,2,3,2
2482035,"24",-0.00565535786754779,0.00497656991994685,2,4,2,4
2483005,"24",0.0516545529163493,-0.00303384833304507,4,3,5,3
2483010,"24",0.0159621901996776,0.00956333254518464,3,5,3,5
2483015,"24",0.0725443615162589,-0.0120858123218662,5,3,5,2
2483020,"24",0.00526457985939224,-0.00577509217410371,3,3,3,3
2483032,"24",0.0474038282687545,-0.000101275689276126,4,3,5,4
2483040,"24",0.0802181620240256,-0.00534167170790745,5,3,5,3
2483045,"24",0.0248672498080305,0.00382295452356544,4,4,4,4
2483050,"24",0.0325963477905626,-0.00809482304579625,4,3,4,3
2483055,"24",0.0558135330288331,-0.0274019596470413,4,2,5,1
2483060,"24",0.0357377731453441,-0.00849116523444016,4,3,4,3
2483065,"24",0.0363287943163898,0.0276804446537155,4,5,4,5
2483070,"24",0.0432867408354056,-0.00577527832481815,4,3,5,3
2483075,"24",0.00905524013927317,0.00136942570337602,3,4,3,4
2483085,"24",0.0199155665442111,-0.00462282190249029,3,3,4,3
2483088,"24",0.0559820632973418,-0.023936199240661,4,2,5,1
2483090,"24",0.0561130002775406,-0.0377074408838624,4,1,5,1
2483095,"24",0.0477872505851587,0.00260988114093549,4,4,5,4
2483802,"24",0.0750781162796238,0.0218144314819981,5,5,5,5
2483804,"24",NA,NA,NA,NA,NA,NA
2483902,"24",NA,NA,NA,NA,NA,NA
2483904,"24",NA,NA,NA,NA,NA,NA
2483906,"24",NA,NA,NA,NA,NA,NA
2483908,"24",NA,NA,NA,NA,NA,NA
2483912,"24",NA,NA,NA,NA,NA,NA
2484005,"24",0.0251996970617396,0.00174133786913292,4,4,4,4
2484010,"24",0.0328394675870616,0.0223644445633498,4,5,4,5
2484015,"24",0.0106372142968458,0.00151423843310453,3,4,3,4
2484020,"24",0.0733966338337163,0.0303625076541254,5,5,5,5
2484025,"24",0.062443751249987,-0.00271228970757,5,3,5,3
2484030,"24",0.052099132068294,0.0114358087014084,4,5,5,5
2484035,"24",0.0519797292712503,-0.0116802887351438,4,3,5,2
2484040,"24",0.0221994948570498,0.00332334559028855,4,4,4,4
2484045,"24",0.051110507203147,0.0181293241777689,4,5,5,5
2484050,"24",0.110677692674157,-0.00421787734717997,5,3,5,3
2484055,"24",0.0656135454151866,0.000883036227115584,5,4,5,4
2484060,"24",0.0664338765520061,-0.00561263552484687,5,3,5,3
2484065,"24",0.0476160645124204,-0.0234639663969603,4,2,5,1
2484070,"24",0.0320062072409814,0.0249760450480279,4,5,4,5
2484082,"24",0.0106487091885704,0.00856184760190162,3,4,3,5
2484090,"24",0.0587220278322574,0.0247103845454286,5,5,5,5
2484095,"24",-0.0620689066695496,0.00717412257980355,1,4,1,5
2484100,"24",0.00766176368702327,0.0224210729681619,3,5,3,5
2484902,"24",0,0,2,4,2,4
2485005,"24",0.00457640161332971,0.0189342008516575,3,5,2,5
2485010,"24",-0.00525804247504322,-0.016828157149264,2,2,2,2
2485015,"24",0.0226306642398103,-0.0217811530875689,4,2,4,1
2485020,"24",0.00754795167484673,0.011188256418865,3,5,3,5
2485025,"24",-0.00519504148993265,0.00878421752164403,2,4,2,5
2485030,"24",-0.0130199565261678,-0.0116460014698145,1,3,1,2
2485037,"24",0.00483963246950228,0.0141591827824933,3,5,2,5
2485045,"24",-0.00877593673571544,0.00427814502900187,1,4,1,4
2485052,"24",0.0248547936324468,0.003409896384778,4,4,4,4
2485055,"24",0.046273140311179,-0.00286248309994062,4,3,5,3
2485060,"24",0.0845942278468968,-0.018848274514166,5,2,5,2
2485065,"24",0.0567510834351791,-0.0132771090677423,4,2,5,2
2485070,"24",0.0785203219042747,-0.0300601120564476,5,2,5,1
2485075,"24",0.00456160648848288,-0.0170992184260299,3,2,2,2
2485085,"24",0.0109279843436821,0.00982459843927536,3,5,3,5
2485090,"24",0.0242453773985723,0.0217817711626438,4,5,4,5
2485095,"24",-0.00432804647442649,-0.034433549116815,2,1,2,1
2485100,"24",0.00329682154086044,-0.0153007934074216,3,2,2,2
2485105,"24",0.00450813081173291,-0.0649266168326741,3,1,2,1
2485802,"24",0.0710362285541735,0.00175761223736235,5,4,5,4
2485803,"24",0,0,2,4,2,4
2485804,"24",0.113839783279174,-0.0182676784203442,5,2,5,2
2485806,"24",0.0895999413309946,-0.00393218776638604,5,3,5,3
2485905,"24",-0.021377785109115,-0.0205737304691179,1,2,1,1
2485907,"24",0,0,2,4,2,4
2486042,"24",-0.00259699666353951,0.00667832228600721,2,4,2,5
2487005,"24",0.025286778165827,-0.010903839709757,4,3,4,2
2487010,"24",0.00730989155583579,-0.0163161898361801,3,2,3,2
2487015,"24",0.0494531634532739,-0.0171530569197269,4,2,5,2
2487020,"24",0.00820399499813734,-0.0211649630426851,3,2,3,1
2487025,"24",0.00304682102880445,-0.0126911797217189,3,3,2,2
2487030,"24",0.0114132381416734,-0.0382914193971136,3,1,3,1
2487035,"24",0.0445992660742401,-0.010278761988121,4,3,5,2
2487042,"24",0.0369425569537084,-0.00113183554421467,4,3,4,4
2487050,"24",0.040795481220059,-0.00268327524457515,4,3,5,3
2487058,"24",0.030653268326307,-0.0173136991220399,4,2,4,2
2487070,"24",-0.00199855795600071,-0.0284529862737246,2,2,2,1
2487075,"24",0.0234649644077292,-0.0122837186567559,4,3,4,2
2487080,"24",0.0368330298943122,-0.0203135610605498,4,2,4,1
2487085,"24",0.011424764336649,-0.0117893836187248,3,3,3,2
2487090,"24",0.0113663783316431,0.0113347647725198,3,5,3,5
2487095,"24",-0.0230058816973162,0.0267415451971731,1,5,1,5
2487100,"24",0.0451115718092758,-0.0176845723634204,4,2,5,2
2487105,"24",0.0513513423380971,-0.0529429772002191,4,1,5,1
2487110,"24",-0.00479303172687048,-0.0360568331649555,2,1,2,1
2487115,"24",0.0534146867455272,-0.00323161082041913,4,3,5,3
2487120,"24",0.0516264533960507,-0.0294749460566788,4,2,5,1
2487902,"24",NA,NA,NA,NA,NA,NA
2487904,"24",0,0,2,4,2,4
2488005,"24",0.112524094412304,-0.0596193070213852,5,1,5,1
2488010,"24",0.0402849537145634,-0.0354314750112329,4,1,5,1
2488015,"24",0.0199047238928855,-0.0840005266695829,3,1,4,1
2488022,"24",0.0122797015467311,0.0104697156444819,3,5,3,5
2488030,"24",-0.0178027340141955,-0.0131319517879975,1,2,1,2
2488035,"24",0.00997501564147817,-0.00667177155063988,3,3,3,3
2488040,"24",-0.00830074139440177,-0.0107528191168676,2,3,1,2
2488045,"24",0.00315093943345975,0.00830537244691707,3,4,2,5
2488050,"24",-0.00538103052069392,-0.0247160471350577,2,2,2,1
2488055,"24",-0.00664469833594029,0.0166811779104923,2,5,1,5
2488060,"24",0.0236703627770303,-0.0174281357467169,4,2,4,2
2488065,"24",0.0612613986510104,-0.0359904618022984,5,1,5,1
2488070,"24",0.0522658754019759,-0.0241201688636194,4,2,5,1
2488075,"24",0.0141094899498295,-0.00352576186531241,3,3,3,3
2488080,"24",0.0737615572051502,-0.0198017500890105,5,2,5,1
2488085,"24",0.0168242011256924,-0.0422583453661525,3,1,3,1
2488090,"24",0.0119610821896736,-0.0170593663613286,3,2,3,2
2488802,"24",0.0966456096347297,-0.0204817117639394,5,2,5,1
2488902,"24",0,0,2,4,2,4
2488904,"24",0.0449902423569225,-0.0277169646159317,4,2,5,1
2489008,"24",-0.00566012331958046,0.00406623724304579,2,4,2,4
2489010,"24",-0.00531359173514171,-0.0266786955776286,2,2,2,1
2489015,"24",0.0242182858294655,0.00885311486797377,4,4,4,5
2489040,"24",0.0491617003708513,0.0107701159089494,4,5,5,5
2489045,"24",0.00462229051176913,-0.0223283408990863,3,2,2,1
2489050,"24",0.0136950763106976,-0.00823794438413308,3,3,3,3
2489802,"24",0.127386953026636,-0.0487529643985807,5,1,5,1
2489804,"24",0.161373343741303,0.0106997719982319,5,5,5,5
2489902,"24",NA,NA,NA,NA,NA,NA
2489908,"24",NA,NA,NA,NA,NA,NA
2489910,"24",NA,NA,NA,NA,NA,NA
2489912,"24",NA,NA,NA,NA,NA,NA
2490012,"24",0.0203567777609465,0.0102068298110317,3,5,4,5
2490017,"24",0.00285882250449944,-0.0116822944269569,3,3,2,2
2490027,"24",-0.0242306312902185,-0.00700598347899633,1,3,1,3
2490802,"24",0.117324401814164,-0.0147541269853634,5,2,5,2
2490804,"24",0.165506481606274,-0.0737729067461202,5,1,5,1
2491005,"24",0.0570591800669323,-0.00235938174228655,4,3,5,3
2491010,"24",0.00218194532316156,0.0076346376974202,3,4,2,5
2491015,"24",0.0310545379725992,-0.0172516575649349,4,2,4,2
2491020,"24",0.00387100551760672,0.00686682782326059,3,4,2,5
2491025,"24",0.00909605570453787,0.0136184684304287,3,5,3,5
2491030,"24",0.0167207294452983,-0.012523404981434,3,3,3,2
2491035,"24",-0.00490362074879742,-0.0106491166394977,2,3,2,2
2491042,"24",-2.90571089737829e-05,0.00287096069899716,2,4,2,4
2491050,"24",0.0184341856535661,-0.00973170384202412,3,3,3,2
2491802,"24",0.0344022822812791,0.00340643622909772,4,4,4,4
2491902,"24",0,0,2,4,2,4
2492005,"24",0.0283408087868224,-0.0021281596135395,4,3,4,3
2492010,"24",-0.00612818501250007,-0.03499478360376,2,1,2,1
2492015,"24",0.0136702898291665,-0.011172600572942,3,3,3,2
2492022,"24",0.00788872259057851,0.00763368467544053,3,4,3,5
2492030,"24",0.000894778771959353,-0.0180873311639572,2,2,2,2
2492040,"24",0.0166058607186255,0.00208237898557837,3,4,3,4
2492045,"24",0.0420574749976507,-0.0206072500427607,4,2,5,1
2492050,"24",0.0181070075299469,-0.037133471853347,3,1,3,1
2492055,"24",-0.00203905003808679,-0.0129405432570185,2,3,2,2
2492060,"24",0.0293808142892503,0.0315693002417687,4,5,4,5
2492065,"24",0.0173534836016361,-0.00901694559059968,3,3,3,3
2492070,"24",0.0292696692165884,0.000469243239955192,4,4,4,4
2492902,"24",0.0194894270628695,-0.00848636403609686,3,3,4,3
2492904,"24",0,0,2,4,2,4
2493005,"24",0.0244918868989568,-0.00656001234209075,4,3,4,3
2493012,"24",-0.0101391643317025,-0.00358368506148522,1,3,1,3
2493020,"24",-0.0126501881862929,0.00693008551133777,1,4,1,5
2493025,"24",-0.0106233616530601,-0.0070148894884189,1,3,1,3
2493030,"24",-0.0149051635014347,0.00197045777791302,1,4,1,4
2493035,"24",-0.0216610418103079,-0.00806149381355153,1,3,1,3
2493042,"24",0.000307929034246588,0.00904072161233686,2,4,2,5
2493045,"24",0.00508407025281952,-0.011199154112347,3,3,3,2
2493055,"24",0.0214979263010708,-0.0319595197130452,4,1,4,1
2493060,"24",0.0470164699906768,-0.0231151872410044,4,2,5,1
2493065,"24",0.0350909243796549,-0.0184371504272057,4,2,4,2
2493070,"24",0.0188159898598145,-0.0224141753649143,3,2,4,1
2493075,"24",0.019508645444895,-0.0184707813873226,3,2,4,2
2493080,"24",0.0188198520625673,-0.0174631563168874,3,2,4,2
2493902,"24",NA,NA,NA,NA,NA,NA
2493904,"24",NA,NA,NA,NA,NA,NA
2493906,"24",NA,NA,NA,NA,NA,NA
2493908,"24",0,0,2,4,2,4
2494068,"24",-0.0123047775940807,0.0111871639568212,1,5,1,5
2494205,"24",0.0568535178469789,-0.0213486095063315,4,2,5,1
2494210,"24",0.0290879347157628,-0.01511957751365,4,2,4,2
2494215,"24",-0.000693118062051641,-0.000916248496858401,2,3,2,4
2494220,"24",0.0209856218667044,-0.023453904835503,4,2,4,1
2494225,"24",-0.00251797156053406,0.00278306084131675,2,4,2,4
2494230,"24",0.0669195406564262,-0.0179004166776536,5,2,5,2
2494235,"24",0.00959847985794233,-0.0127413934836719,3,3,3,2
2494240,"24",0.0093391153080415,-0.0219851739641172,3,2,3,1
2494245,"24",0.00559685888120581,-0.0127783884010827,3,3,3,2
2494250,"24",0.0292620760565455,-0.000989579224588008,4,3,4,4
2494255,"24",0.00947504362806789,-0.0124798990273032,3,3,3,2
2494260,"24",0.0144445210433035,-0.028187037806387,3,2,3,1
2494265,"24",0.00154990769694651,-0.00982937130185856,3,3,2,2
2494926,"24",NA,NA,NA,NA,NA,NA
2494928,"24",0,0,2,4,2,4
2494930,"24",0,0,2,4,2,4
2495005,"24",0.039764024947081,0.000606090913526167,4,4,5,4
2495010,"24",0.0323470734507719,0.00155014928342772,4,4,4,4
2495018,"24",0.0199044524200755,0.0188192286031591,3,5,4,5
2495025,"24",0.0212192766282547,0.0064617521342265,4,4,4,4
2495032,"24",0.0557737441075982,-0.0185266962285775,4,2,5,2
2495040,"24",0.0586003175768885,-0.0176048005366469,5,2,5,2
2495045,"24",0.0271874336049363,0.0096120828798033,4,5,4,5
2495050,"24",0.0424471794445243,-0.0260473440134717,4,2,5,1
2495802,"24",0.0218593449376641,0.00272258634622334,4,4,4,4
2495902,"24",NA,NA,NA,NA,NA,NA
2496005,"24",0.0560834829796024,-0.0246126193491079,4,2,5,1
2496010,"24",0.0616107396845705,-0.0349745448336359,5,1,5,1
2496015,"24",0.0157798613438923,0.00659931987098046,3,4,3,4
2496020,"24",-0.00546993657129098,0.00571059662349824,2,4,2,4
2496025,"24",-0.00805142739054484,-0.00960483769103457,2,3,1,3
2496030,"24",-0.0116613448359381,-0.0164964827313268,1,2,1,2
2496035,"24",0.0362301358421639,0.00274401593317943,4,4,4,4
2496040,"24",0.064072554940096,-0.0338899027438776,5,1,5,1
2496802,"24",0.123454709451786,-0.0181026132102877,5,2,5,2
2496902,"24",0.0123753983215193,-0.037528569203699,3,1,3,1
2497007,"24",-0.00612684674679426,0.00574444467837164,2,4,2,4
2497022,"24",0.0114270638776063,-0.0080660734185923,3,3,3,3
2497035,"24",-0.0653006255504609,0.0119295585692698,1,5,1,5
2497040,"24",-0.0470887412289758,0.0317453439286711,1,5,1,5
2497802,"24",0.128674913933693,-0.0124429484717044,5,3,5,2
2497804,"24",0.105474495005902,-0.0118431055271271,5,3,5,2
2497806,"24",0.102162733901534,0.0169372750012385,5,5,5,5
2497808,"24",0.0990799301408855,0.00146344271056593,5,4,5,4
2497810,"24",0,0,2,4,2,4
2497902,"24",NA,NA,NA,NA,NA,NA
2497904,"24",-0.054228521241257,-0.0272182088908429,1,2,1,1
2497906,"24",0,0,2,4,2,4
2497908,"24",NA,NA,NA,NA,NA,NA
2497912,"24",NA,NA,NA,NA,NA,NA
2497914,"24",0.0246313730032792,0.0102435872323863,4,5,4,5
2498005,"24",0.0330304981532353,-0.0185154022717518,4,2,4,2
2498010,"24",0.0846175715473609,-0.0666681340300652,5,1,5,1
2498012,"24",0.0827999855876933,-0.0372978440954647,5,1,5,1
2498014,"24",0.0753422461584615,-0.039634338037568,5,1,5,1
2498015,"24",0.0208654556971963,-0.0420738014611257,4,1,4,1
2498020,"24",-0.00770006316289001,0.0193147797741159,2,5,1,5
2498025,"24",-0.027389892845438,-0.0140319994740584,1,2,1,2
2498030,"24",0.0359281368592267,-0.0269185079613306,4,2,4,1
2498035,"24",0.0299528628473924,-0.0904062186163838,4,1,4,1
2498040,"24",-0.0063568569958967,-0.0107785658557192,2,3,2,2
2498045,"24",-0.015336377088263,-0.00719988208319818,1,3,1,3
2498050,"24",0.0687553581390067,-0.0380629017261107,5,1,5,1
2498055,"24",0.0769755277960999,-0.0157499295010029,5,2,5,2
2498802,"24",NA,NA,NA,NA,NA,NA
2498804,"24",NA,NA,NA,NA,NA,NA
2498806,"24",0.116942492601421,-0.0448311341384603,5,1,5,1
2498808,"24",0.125227500063065,-0.0403673954644666,5,1,5,1
2498904,"24",NA,NA,NA,NA,NA,NA
2498912,"24",NA,NA,NA,NA,NA,NA
2499005,"24",0.00470345273400794,-0.0157458448976643,3,2,2,2
2499010,"24",NA,NA,NA,NA,NA,NA
2499015,"24",0.00172909932180936,0.000550927914254641,3,4,2,4
2499020,"24",0.022263521877222,-0.00888122654672723,4,3,4,3
2499025,"24",-0.00517675257209614,4.66571201319898e-05,2,4,2,4
2499030,"24",0,0,2,4,2,4
2499035,"24",NA,NA,NA,NA,NA,NA
2499040,"24",NA,NA,NA,NA,NA,NA
2499045,"24",NA,NA,NA,NA,NA,NA
2499050,"24",NA,NA,NA,NA,NA,NA
2499055,"24",NA,NA,NA,NA,NA,NA
2499060,"24",0.0572431192378226,-0.0150910874116378,4,2,5,2
2499065,"24",NA,NA,NA,NA,NA,NA
2499070,"24",NA,NA,NA,NA,NA,NA
2499075,"24",0.103090544613394,-0.0176069329956607,5,2,5,2
2499080,"24",0.103971238855297,-0.023192954218053,5,2,5,1
2499085,"24",0.12379713201559,-0.019702910007315,5,2,5,1
2499090,"24",0.128862250744763,-0.0651036871042647,5,1,5,1
2499095,"24",0.024348879865575,-0.0145235698640808,4,2,4,2
2499100,"24",0.156026320327787,-0.115389550547434,5,1,5,1
2499105,"24",0.0923421856861761,-0.0621657916828206,5,1,5,1
2499110,"24",0.110354120268739,-0.064424691733142,5,1,5,1
2499115,"24",0.0681354526041597,0.0400297432867452,5,5,5,5
2499120,"24",0.111613976409152,-0.0252968262281307,5,2,5,1
2499125,"24",0.153675193229548,-0.073032967942146,5,1,5,1
2499130,"24",0.0751110496346299,-0.0164689459303013,5,2,5,2
2499135,"24",0.122181559790919,-0.0408152567124148,5,1,5,1
2499140,"24",0.134467451829811,-0.0454968960857938,5,1,5,1
2499802,"24",0.0791780940995304,-0.0358102416796615,5,1,5,1
2499804,"24",0.0753700918625851,-0.0485411900031624,5,1,5,1
2499806,"24",0.102252457091276,-0.0506082214890895,5,1,5,1
2499808,"24",0.0688064128735322,-0.0337933539667589,5,1,5,1
2499810,"24",0.047261329879937,-0.0151160317882227,4,2,5,2
2499812,"24",0.0754413223055153,-0.0282353659321567,5,2,5,1
2499814,"24",0.0927381260725598,-0.0559825185516571,5,1,5,1
2499816,"24",0.0743879893151831,-0.0611771145555041,5,1,5,1
2499818,"24",0.0601815797345031,-0.034141215830292,5,1,5,1
2499877,"24",NA,NA,NA,NA,NA,NA
2499878,"24",NA,NA,NA,NA,NA,NA
2499879,"24",NA,NA,NA,NA,NA,NA
2499883,"24",NA,NA,NA,NA,NA,NA
2499885,"24",NA,NA,NA,NA,NA,NA
2499887,"24",NA,NA,NA,NA,NA,NA
2499888,"24",NA,NA,NA,NA,NA,NA
2499889,"24",NA,NA,NA,NA,NA,NA
2499890,"24",NA,NA,NA,NA,NA,NA
2499891,"24",NA,NA,NA,NA,NA,NA
2499892,"24",NA,NA,NA,NA,NA,NA
2499893,"24",NA,NA,NA,NA,NA,NA
2499894,"24",NA,NA,NA,NA,NA,NA
2499902,"24",NA,NA,NA,NA,NA,NA
2499904,"24",0,0,2,4,2,4
3501005,"35",-0.0138461194384298,-0.0142219065342776,1,2,1,2
3501007,"35",NA,NA,NA,NA,NA,NA
3501011,"35",-0.00799244056469491,-0.0146045054957748,2,2,1,2
3501012,"35",0.0351457149266913,0.0253455079173483,4,5,4,5
3501020,"35",0.0118758381357257,-0.00692925273674512,3,3,3,3
3501030,"35",-0.00351985206108109,-0.00442583131049864,2,3,2,3
3501042,"35",-0.00196096278123784,-0.00937047986145572,2,3,2,3
3501050,"35",0.00599783392435614,0.00089533621964185,3,4,3,4
3502001,"35",-0.00502314252416538,-0.00318161412835616,2,3,2,3
3502008,"35",0.0397446118054418,0.0251657657373729,4,5,4,5
3502010,"35",-0.00147967779919667,-0.00912116797816467,2,3,2,3
3502023,"35",0.00586530016032054,0.00199651611292973,3,4,3,4
3502025,"35",-0.013931030833285,-0.0129428618990881,1,3,1,3
3502036,"35",-0.0092938226352158,-0.0121503602187564,1,3,1,3
3502044,"35",-0.0182757674848614,0.00732138106702015,1,4,1,4
3502048,"35",-0.0246447986564151,-0.019058369245876,1,2,1,2
3506008,"35",-0.0201304750764945,0.0019334536541097,1,4,1,4
3507004,"35",-0.00100780970429389,0.00459219804077447,2,4,2,4
3507006,"35",-0.00626382579185176,-0.0232854945275105,2,2,1,2
3507008,"35",0.0343802876886909,0.0324162219573814,4,5,4,5
3507014,"35",-0.00378652384987452,-0.0163188455984344,2,2,2,2
3507015,"35",0.020887013124787,0.0334091465386531,4,5,4,5
3507017,"35",0.00354102153756096,-0.0193632469329982,3,2,2,2
3507021,"35",-0.00550769056629396,-0.00843640123715648,2,3,2,3
3507024,"35",0.0149088932946077,0.0357505532091744,3,5,3,5
3507033,"35",0.00282152853205188,0.0213581879405524,3,5,2,5
3507040,"35",-0.00433639925995289,-0.0114069991319888,2,3,2,3
3507042,"35",0.0154049948344203,-0.0165112071706437,3,2,3,2
3507052,"35",-0.0105600812839718,-0.00559303445852613,1,3,1,3
3507065,"35",-0.0203628788610732,-0.0112441571740766,1,3,1,3
3509001,"35",0.00030515128579812,-0.0142471141180676,2,2,2,2
3509004,"35",0.0383212132986243,0.0438827028667873,4,5,4,5
3509010,"35",-0.0136262605547603,-0.019315551675654,1,2,1,2
3509015,"35",0.00219194215941348,-0.0247875645403952,3,2,2,2
3509021,"35",0.00597233495357656,0.0325198056850901,3,5,3,5
3509024,"35",-0.0326521103151602,-0.0354934877084016,1,1,1,1
3509028,"35",-0.0137711943080102,0.0266457388883938,1,5,1,5
3509030,"35",-0.0201617829999527,-0.00773176187838674,1,3,1,3
3509039,"35",0.0147439700239948,-0.0137375219144417,3,2,3,3
3510005,"35",-0.0174199348820923,-0.00537956606110255,1,3,1,3
3510010,"35",-0.00827697005517536,0.0190210594984539,2,5,1,5
3510020,"35",-0.0136472335093976,-0.0182072350223636,1,2,1,2
3510035,"35",0.0389156468863048,-0.00745842303546054,4,3,4,3
3510045,"35",0.00455342265646828,-0.00459596679560163,3,3,3,3
3511005,"35",-0.00471075556981266,0.00125334355610547,2,4,2,4
3511015,"35",0.0124815477694578,0.00354282516923783,3,4,3,4
3511030,"35",-0.00214608014547255,-0.0164814247875177,2,2,2,2
3511035,"35",0.0734486902284442,-0.00489245254119925,5,3,5,3
3512001,"35",0.00195822803407539,-0.0175439298514911,3,2,2,2
3512002,"35",0.0616369882504145,0.0285315551728267,5,5,4,5
3512004,"35",0.0695748454591638,0.00127429380560139,5,4,5,4
3512005,"35",0.0140483632611923,0.0163600428085075,3,5,3,5
3512015,"35",0.0154945169493496,-0.0032062347552149,3,3,3,3
3512020,"35",0.0184245050162031,-0.00904999325131697,3,3,3,3
3512026,"35",0.0241617434300226,-0.0153321876561422,4,2,4,2
3512030,"35",0.0235515343920188,0.00439404895973617,4,4,4,4
3512036,"35",0.0298986633251128,-0.0215042725823097,4,2,4,2
3512046,"35",0.0501729307764065,0.00025428543654591,4,4,4,4
3512048,"35",0.0904499552046864,-0.00963227687284118,5,3,5,3
3512051,"35",0.0382198307049287,0.00105440609427176,4,4,4,4
3512054,"35",0.0675749525934467,-0.00617728785365208,5,3,5,3
3512058,"35",0.049127740980783,-0.00742661092479698,4,3,4,3
3512061,"35",0.0386140524573401,0.00306086177767724,4,4,4,4
3512065,"35",0.0312608522239825,-0.0208514943355235,4,2,4,2
3512076,"35",0.0307834623671037,-0.0158745212011771,4,2,4,2
3513020,"35",-0.00444187705506123,-0.00752803298002848,2,3,2,3
3514004,"35",0.0094001244134431,-0.0100139393508802,3,3,3,3
3514014,"35",0.0127190869833645,-0.0113308324266504,3,3,3,3
3514019,"35",-0.0093930761812203,-0.028798529956753,1,2,1,1
3514020,"35",-0.000918048377486943,-0.000475947660127038,2,3,2,4
3514021,"35",0.0017053911778093,0.0169745510995997,3,5,2,5
3514024,"35",-0.00352362916031521,-0.0274690289516576,2,2,2,1
3514027,"35",0.0607876592950435,0.0343440330120497,5,5,4,5
3514045,"35",0.0197338179443975,-0.00156126867771356,3,3,3,4
3515003,"35",0.0117318583796598,-0.0144062032201214,3,2,3,2
3515005,"35",-0.0106778343782628,-0.0179211927360738,1,2,1,2
3515008,"35",0.046132445662859,0.00441886155192662,4,4,4,4
3515013,"35",-0.0055629806726261,-0.0275400044233779,2,2,2,1
3515014,"35",0.0117956008339522,0.0209668445003857,3,5,3,5
3515015,"35",-0.0108505343971681,-0.0182936979276876,1,2,1,2
3515019,"35",0.0783666688963327,0.0348175524022607,5,5,5,5
3515023,"35",-0.0052061166215596,-0.0184177859311562,2,2,2,2
3515030,"35",0.0321841557604292,-0.013883639072885,4,2,4,2
3515037,"35",0.00775811772449874,-0.0123580658436293,3,3,3,3
3515044,"35",0.0080332456360329,-0.016954650449938,3,2,3,2
3516010,"35",0.0113087441806415,-0.00567905264332766,3,3,3,3
3518001,"35",-0.00327585817221547,-0.0180553464021001,2,2,2,2
3518005,"35",0.0115944662419237,-0.0265165859971965,3,2,3,2
3518009,"35",-0.00701936451314749,-0.0188066475223035,2,2,1,2
3518013,"35",0.0259570568889574,0.00838803050038358,4,4,4,4
3518017,"35",-0.00374071369916173,-0.0104253847629639,2,3,2,3
3518020,"35",-0.014400623672431,-0.0172464541991329,1,2,1,2
3518022,"35",0.108477854909997,-0.0456218250119872,5,1,5,1
3518029,"35",-0.0271702576479789,-0.0145409035113875,1,2,1,2
3518039,"35",0.00387021883704898,-0.00778856005304413,3,3,2,3
3519028,"35",0.00200318235217846,-0.0375168988283194,3,1,2,1
3519036,"35",0.0202395964283079,-0.0400429499962498,3,1,3,1
3519038,"35",0.00101241291847125,-0.0301759039255485,2,2,2,1
3519044,"35",-0.0101079227036125,-0.0300470096123583,1,2,1,1
3519046,"35",-0.0185102590329462,-0.0189439350959603,1,2,1,2
3519048,"35",0.00133615442391375,-0.0158967131476131,3,2,2,2
3519049,"35",-0.025216325680235,-0.0343173315122372,1,1,1,1
3519054,"35",-0.00345937853719125,-0.0265130902085019,2,2,2,2
3519070,"35",0.0100303817851852,0.00347998295316778,3,4,3,4
3519076,"35",0.00661800352840674,0.0670538306890963,3,5,3,5
3520005,"35",0.00447113589556835,0.00768445745569471,3,4,3,4
3521005,"35",0.00973117918309436,-0.0212040918836134,3,2,3,2
3521010,"35",0.0316224731189671,-0.0414217655522561,4,1,4,1
3521024,"35",-0.00168096440559063,-0.037403064885463,2,1,2,1
3522001,"35",-0.0251598874890502,-0.0465201774414791,1,1,1,1
3522008,"35",-0.000977932469037876,-0.042233782495456,2,1,2,1
3522010,"35",0.00409473046463579,-0.00660784561240241,3,3,2,3
3522012,"35",-0.0230362523741579,-0.0482683684426561,1,1,1,1
3522014,"35",-0.00108680343465214,0.00632221289912392,2,4,2,4
3522016,"35",-0.0278443734635494,-0.0182847800934406,1,2,1,2
3522019,"35",0.00712390947111685,-0.0178338272302094,3,2,3,2
3522021,"35",0.0127773233139505,-0.00358796304229088,3,3,3,3
3523001,"35",-0.0463267747538773,-0.0343281549090457,1,1,1,1
3523008,"35",-0.00837926775460495,0.00497040894982415,2,4,1,4
3523009,"35",-0.0259602735295728,-0.0368352305656515,1,1,1,1
3523017,"35",-0.0221314747934181,-0.023316761106806,1,2,1,2
3523025,"35",-0.018383322260838,-0.0147874917586216,1,2,1,2
3523033,"35",0.0153957779306954,-0.0761935452876585,3,1,3,1
3523043,"35",0.00891934749365198,-0.0187158854801739,3,2,3,2
3523050,"35",0.023263046965673,-0.00767998162247068,4,3,4,3
3524001,"35",-0.0261864997325172,-0.0284697702336953,1,2,1,1
3524002,"35",-0.0251270661979583,-0.00673589719750938,1,3,1,3
3524009,"35",-0.00563658220622303,-0.0349294173762831,2,1,2,1
3524015,"35",-0.0187067562524029,-0.019550019829035,1,2,1,2
3525005,"35",0.0143671609320604,0.00105288884747948,3,4,3,4
3526003,"35",0.0158202427871734,0.00481631612622799,3,4,3,4
3526011,"35",0.0186756535814301,0.0153723078920437,3,5,3,5
3526014,"35",-0.00649067473090177,-0.0297506899611418,2,2,1,1
3526021,"35",-0.00430039753684122,-0.0302508035230971,2,2,2,1
3526028,"35",-0.0269921451147328,-0.0252993617978481,1,2,1,2
3526032,"35",0.0235139270431462,0.0131642782140956,4,5,4,5
3526037,"35",0.0236618684993811,0.00371879920380574,4,4,4,4
3526043,"35",0.0317207361331342,0.00921058309317608,4,4,4,4
3526047,"35",-0.00851119631085036,-0.0266346966966851,1,2,1,2
3526053,"35",0.0151437875212614,0.0171153457334505,3,5,3,5
3526057,"35",-0.0121228223482519,-0.0123192581471231,1,3,1,3
3526065,"35",-0.0165865050830692,-0.00443705884971814,1,3,1,3
3528018,"35",0.00439673502012922,-0.0106841472395492,3,3,2,3
3528035,"35",0.0711713329063498,-0.0272104245767708,5,2,5,2
3528037,"35",NA,NA,NA,NA,NA,NA
3528052,"35",0.0171312033714816,-0.00610911421154496,3,3,3,3
3529005,"35",-0.0115320163337899,-0.0203224812054158,1,2,1,2
3529006,"35",0.0231496074674114,0.0107213596592771,4,5,4,4
3529020,"35",NA,NA,NA,NA,NA,NA
3529021,"35",0.103690842732474,-0.00806501432527986,5,3,5,3
3530004,"35",-0.0297680563374264,-0.0262006510763279,1,2,1,2
3530010,"35",0.0152755976272107,-0.00645148337938538,3,3,3,3
3530013,"35",0.0083445148300415,0.00256197007764959,3,4,3,4
3530016,"35",-0.0163235764461728,-0.00143157986518375,1,3,1,4
3530020,"35",-0.0196350012083165,-0.0328298949330378,1,1,1,1
3530027,"35",0.0112340587286284,-0.0764867851075671,3,1,3,1
3530035,"35",-0.00970553930556497,-0.0336326992042077,1,1,1,1
3531011,"35",-0.00178976326164493,0.0182944014863916,2,5,2,5
3531013,"35",-0.0254139615555972,-0.0361650885272044,1,1,1,1
3531016,"35",-0.00109500574374613,-0.00321598178202835,2,3,2,3
3531025,"35",-0.0165223272459955,-0.0123452242132437,1,3,1,3
3531030,"35",0.00992844785009542,-0.0540399852330066,3,1,3,1
3531040,"35",0.00861373833754005,-0.0234702190290378,3,2,3,2
3532002,"35",-0.00109405507058525,-0.0301153520130011,2,2,2,1
3532004,"35",0.0207049156960331,0.00746569523366962,3,4,4,4
3532012,"35",0.00260811311751323,-0.0310034739967783,3,2,2,1
3532018,"35",0.0146618853023077,0.00786979874395387,3,4,3,4
3532027,"35",-0.0198803508191302,-0.0263936945712461,1,2,1,2
3532038,"35",-0.0181417349471931,-0.0179667605922327,1,2,1,2
3532042,"35",0.0148130146787472,0.00964863535771989,3,5,3,4
3532045,"35",-0.0100990694382585,-0.0293707483699138,1,2,1,1
3534005,"35",0.0613427999021145,-0.0444379388116854,5,1,4,1
3534010,"35",0.0214006662807609,-0.0423292790928019,4,1,4,1
3534011,"35",0.0381666779477488,-0.000504456146183697,4,3,4,4
3534020,"35",-0.0133825201050773,-0.0176537673508407,1,2,1,2
3534021,"35",0.0154360117171005,0.0180377211790251,3,5,3,5
3534024,"35",-0.0140260834123575,-0.0268393987383987,1,2,1,2
3534030,"35",-0.00652424157930353,-0.0101864613040162,2,3,1,3
3534042,"35",0.0176973042825512,-0.00112030300727937,3,3,3,4
3536020,"35",0.0201288500552207,0.0038232951151025,3,4,3,4
3536029,"35",0.0842776290155418,0.0113813155175428,5,5,5,4
3537001,"35",-0.0159382228092725,-0.00562698018451219,1,3,1,3
3537003,"35",0.0426766898044806,-0.0167621499186497,4,2,4,2
3537013,"35",0.00667589202548615,-0.0188919256722168,3,2,3,2
3537016,"35",0.00238159201636556,-0.0019329749804483,3,3,2,4
3537028,"35",-0.00672992313607918,-0.0139327993092522,2,2,1,2
3537034,"35",-0.0125902161344321,-0.0259310501298459,1,2,1,2
3537039,"35",0.0362047022943472,0.0134881111242959,4,5,4,5
3537048,"35",-0.00781840838253443,-0.015985131527768,2,2,1,2
3537064,"35",-0.00617351554831556,-0.0276234625373033,2,2,1,1
3538003,"35",-0.0126173953708463,-0.0111031801307018,1,3,1,3
3538004,"35",NA,NA,NA,NA,NA,NA
3538007,"35",0.0013206899489186,-0.0250226478175164,3,2,2,2
3538015,"35",0.00407673127188568,-0.015366258162313,3,2,2,2
3538016,"35",-0.00427434640869339,-0.0283731511617092,2,2,2,1
3538018,"35",-0.0032180395769805,-0.014888650663121,2,2,2,2
3538019,"35",-0.00882457854157984,0.0161773155447269,1,5,1,5
3538025,"35",0.0798120840832783,0.0346513184553501,5,5,5,5
3538030,"35",0.00246485010076532,0.0170537785704032,3,5,2,5
3538031,"35",-0.0131392306911007,0.0179266077060178,1,5,1,5
3538035,"35",-0.0273722257438569,-0.033851128505856,1,1,1,1
3538040,"35",-0.00171029490021695,-0.0108022150421429,2,3,2,3
3538043,"35",-0.000705016634977493,-0.00647986724683725,2,3,2,3
3538056,"35",0.0853871711079624,0.0139488695292141,5,5,5,5
3539002,"35",0.0296097596688166,0.0061434253956818,4,4,4,4
3539005,"35",0.0107211243242945,0.00111167168273048,3,4,3,4
3539015,"35",0.00104939803666447,-0.00731549051827383,2,3,2,3
3539017,"35",NA,NA,NA,NA,NA,NA
3539018,"35",0.0962923484359557,0.0182027246783057,5,5,5,5
3539021,"35",NA,NA,NA,NA,NA,NA
3539027,"35",-0.0190305208954444,-0.0248990890505867,1,2,1,2
3539033,"35",-0.0314986395001509,-0.035206701490095,1,1,1,1
3539036,"35",0.0085213657582631,0.0127390021668173,3,5,3,5
3539041,"35",-0.00889973998589066,-0.0204139358627606,1,2,1,2
3539047,"35",-0.0188217451305244,-0.0295009051456165,1,2,1,1
3539060,"35",-0.0206180396161228,-0.016554914388237,1,2,1,2
3540005,"35",0.00661500269467364,-0.00476216751319272,3,3,3,3
3540010,"35",-0.015123542842794,-0.0094365735515199,1,3,1,3
3540025,"35",-0.00900337936196042,-0.00986741596175636,1,3,1,3
3540028,"35",0.000811281958096903,0.0205287183446764,2,5,2,5
3540040,"35",0.0011646842042191,-0.0145054802231142,2,2,2,2
3540046,"35",0.0275080204151241,-0.0427179223480133,4,1,4,1
3540050,"35",-0.00892753599319984,-0.0202330095727973,1,2,1,2
3540055,"35",0.00489098603876077,0.00506229097050981,3,4,3,4
3540063,"35",-0.0114874812026944,-0.0309603361400384,1,2,1,1
3541004,"35",-0.00285163583845559,-0.0221341931722181,2,2,2,2
3541015,"35",-0.00577041764178664,-0.0251599996419303,2,2,2,2
3541024,"35",-0.0251309685352616,-0.00136637316701299,1,3,1,4
3541032,"35",-0.00475349763215735,-0.00232615037534794,2,3,2,4
3541043,"35",0.000561877428541139,-0.00402369169607192,2,3,2,3
3541045,"35",-0.0307612472864925,-0.00248530710815379,1,3,1,4
3541055,"35",0.0075246514062339,0.00137064772676298,3,4,3,4
3541056,"35",0,0,2,4,2,4
3541057,"35",0.0986838633174199,0.00411081289536527,5,4,5,4
3541060,"35",0.0971849984688107,0.0375579020996706,5,5,5,5
3541069,"35",-0.000547273645123007,-0.0105465944669017,2,3,2,3
3542004,"35",0.00919920354966078,-0.0179203165566085,3,2,3,2
3542005,"35",0.0319847747755143,-0.0176369213537052,4,2,4,2
3542015,"35",0.00582584906013285,-0.0153264633161623,3,2,3,2
3542029,"35",0.0195882458182374,0.0130484675332702,3,5,3,5
3542037,"35",0.0178980436020218,-0.0257086260768895,3,2,3,2
3542045,"35",-0.0382148701189795,-0.00788898316857021,1,3,1,3
3542047,"35",-0.00227274241816212,-0.012527670135248,2,3,2,3
3542053,"35",-0.00999840573427445,-0.0316485038438434,1,1,1,1
3542059,"35",0.0194123992125713,0.0289587603586804,3,5,3,5
3543003,"35",-0.00289493274739718,-0.0333883358050058,2,1,2,1
3543005,"35",-0.00386656672361452,-0.0116516772314241,2,3,2,3
3543007,"35",0.00343084937746711,-0.00996211589483585,3,3,2,3
3543009,"35",-0.0181373352343342,-0.0328216963405299,1,1,1,1
3543014,"35",0.0202892753099519,-0.0313074732513345,3,1,3,1
3543015,"35",0.000365788928930993,-0.0128742109743063,2,3,2,3
3543017,"35",0.0143091552536673,-0.00970666339168275,3,3,3,3
3543019,"35",0.0093467742939826,-0.00918337393169911,3,3,3,3
3543021,"35",0.00555392791745729,-0.0150539145493945,3,2,3,2
3543023,"35",-0.0169295006344568,-0.0292493055603777,1,2,1,1
3543031,"35",-0.00768019080627158,0.0156857969203471,2,5,1,5
3543042,"35",0.0064816207932412,0.00845676871868548,3,4,3,4
3543050,"35",0.0737029006860815,-0.0119451895569794,5,3,5,3
3543052,"35",0.0246623894974535,0.0250713658673467,4,5,4,5
3543064,"35",0.0236611123193282,-0.00605855352550455,4,3,4,3
3543068,"35",0.00218770868558681,-0.0124868161360612,3,3,2,3
3543069,"35",0.073555734719441,0.0397567038533558,5,5,5,5
3543070,"35",0,0,2,4,2,4
3543071,"35",0.0168415537547939,-0.00284700723220306,3,3,3,3
3543072,"35",0.0212843360508222,0.00277955694245907,4,4,4,4
3543074,"35",0.0268622354790669,0.0180574331456983,4,5,4,5
3544002,"35",0.010483558184695,0.00623140768375093,3,4,3,4
3544018,"35",-0.00569034648774338,0.00534592473016462,2,4,2,4
3544027,"35",-0.0283140446279459,-0.00716810729098887,1,3,1,3
3544042,"35",0.00434723283047431,-0.00109171141728106,3,3,2,4
3544053,"35",-0.0346852429179161,0.000300442416789796,1,4,1,4
3544065,"35",-0.00300049234679064,-0.00409957105330172,2,3,2,3
3544071,"35",NA,NA,NA,NA,NA,NA
3544073,"35",0.112777975473962,0.0400590376665754,5,5,5,5
3546005,"35",0.0554761606653556,0.0016941563146864,4,4,4,4
3546015,"35",0.0106985532805884,-0.000483194975822418,3,3,3,4
3546018,"35",-0.00472809760931169,0.0058564788475735,2,4,2,4
3546024,"35",-0.00295150778354192,-0.00126635017329788,2,3,2,4
3547002,"35",0.00239714206630489,0.0243652241403214,3,5,2,5
3547003,"35",-0.0168410222460811,-0.0158954430491125,1,2,1,2
3547008,"35",-0.0119356680291478,-0.00397230484774344,1,3,1,3
3547020,"35",0.0503809057750058,-0.0215193529375033,4,2,4,2
3547030,"35",0.0186589691483447,0.00150932962960891,3,4,3,4
3547033,"35",0.0212915287329477,-0.00010582407813242,4,3,4,4
3547035,"35",0.0179881767910093,-8.66145626929597e-05,3,3,3,4
3547037,"35",0.0711795374035548,0.0452520353499584,5,5,5,5
3547043,"35",-0.00354499168954853,-0.02385285859425,2,2,2,2
3547046,"35",-0.000728995897487046,-0.0114620731873511,2,3,2,3
3547048,"35",0.0238827152445961,0.03244534421029,4,5,4,5
3547056,"35",-0.00134568893055549,-0.00602922429550151,2,3,2,3
3547064,"35",0.0198729470791998,0.032969142032923,3,5,3,5
3547070,"35",0.0160323243469287,-0.0262771052739023,3,2,3,2
3547075,"35",0.000286141202953387,-0.0154361798582218,2,2,2,2
3547076,"35",-0.0120535465095232,-0.000229609688676316,1,3,1,4
3547090,"35",-0.00614456422360331,0.00802942046648627,2,4,1,4
3547096,"35",-0.0136931361655898,0.0104896094053467,1,5,1,4
3547098,"35",0.0339177935673674,-0.0145490923209128,4,2,4,2
3548001,"35",0.065078472422909,-0.00768127697093273,5,3,5,3
3548013,"35",0.029651466776627,-0.0212504609731429,4,2,4,2
3548019,"35",0.02836713558187,-0.0240493441244229,4,2,4,2
3548021,"35",0.0680196582588774,0.0220378440041528,5,5,5,5
3548022,"35",0.0209628204459571,0.00318090940892768,4,4,4,4
3548027,"35",0.0321245207756124,-0.0106414443245534,4,3,4,3
3548031,"35",0.0340250510075742,-0.0161691884517365,4,2,4,2
3548034,"35",-0.00393263465450123,-0.0291885485264803,2,2,2,1
3548044,"35",0.0115126985771862,0.0214876477366698,3,5,3,5
3548055,"35",0.028713541637168,0.000805408540791003,4,4,4,4
3548069,"35",0.0407514377733012,2.48457833950232e-05,4,4,4,4
3548072,"35",0.0688667647842875,0.0330273375650317,5,5,5,5
3548073,"35",0.0478909096005853,0.0147466794087927,4,5,4,5
3548091,"35",-0.0158632697919055,-0.0235978366591645,1,2,1,2
3548094,"35",0.0165104292026985,-0.0014643039493083,3,3,3,4
3549003,"35",-0.00362035474817304,-0.00580372715176578,2,3,2,3
3549005,"35",-0.0222443936771275,-0.0107962605386121,1,3,1,3
3549012,"35",0.0272986872249366,0.00339513319558458,4,4,4,4
3549014,"35",0.0265207564254192,-0.00333155878049427,4,3,4,3
3549018,"35",-0.00165815375076981,-0.00404145653470778,2,3,2,3
3549019,"35",0.0362861287200296,-0.00509277141358932,4,3,4,3
3549022,"35",0.0364888510272953,0.0430868527979156,4,5,4,5
3549024,"35",0.020399739421516,0.016228806712453,3,5,4,5
3549028,"35",0.0128907204976769,-0.0110877857350434,3,3,3,3
3549031,"35",-0.0186380035426748,-0.0185545988152398,1,2,1,2
3549032,"35",0.0127738130972184,0.0272248147653818,3,5,3,5
3549036,"35",-0.0174347120901072,-0.00765462578530133,1,3,1,3
3549039,"35",0.0153721618917211,-0.00495780498515389,3,3,3,3
3549043,"35",0.0271069805776221,-0.00906745282568093,4,3,4,3
3549046,"35",0.0277964542136429,-0.0165896988344873,4,2,4,2
3549048,"35",0.0149303633517681,0.0259459050777931,3,5,3,5
3549051,"35",0.075454885382433,-0.0321098906999353,5,1,5,1
3549054,"35",0.0230987229058429,-0.0105686323646619,4,3,4,3
3549056,"35",0.0655121982540539,-0.00194030752125918,5,3,5,4
3549060,"35",0.00656615106061566,-0.0107382900174348,3,3,3,3
3549066,"35",-0.00990956005181182,-0.0124594010937378,1,3,1,3
3549071,"35",0.019787360776789,-0.0296673536854711,3,2,3,1
3549072,"35",0.0628961445037458,0.0490468219096428,5,5,5,5
3549073,"35",0.0831754901965786,0.0223617845605369,5,5,5,5
3549075,"35",0,0,2,4,2,4
3549076,"35",0.0703481080120779,0.0121023397833816,5,5,5,5
3549077,"35",0.0661976803812585,-0.0060621482050474,5,3,5,3
3549078,"35",0.0479700007663798,0.0169058982902893,4,5,4,5
3549093,"35",NA,NA,NA,NA,NA,NA
3549095,"35",0.0319624289422388,0.0220084960917813,4,5,4,5
3549096,"35",0.0454382062998834,-0.0232957379651567,4,2,4,2
3551001,"35",0.00719297675206543,-0.0110553625353565,3,3,3,3
3551006,"35",0.00270301908890958,-0.0015783472912933,3,3,2,4
3551011,"35",0.0090999493482219,-0.00271247934518002,3,3,3,4
3551017,"35",-0.00562762668549395,0.00324634971515798,2,4,2,4
3551021,"35",0.0228695011294587,-0.0067043943398273,4,3,4,3
3551026,"35",-0.0182974943495699,0.0493206571866611,1,5,1,5
3551027,"35",0.0234388390618717,-0.0245387512525917,4,2,4,2
3551028,"35",0.0598727271928861,-0.0429556082758494,5,1,4,1
3551034,"35",0,0,2,4,2,4
3551040,"35",0.0686716056053604,-0.00924530859660988,5,3,5,3
3551041,"35",0.0708727951007043,0.0171733687867773,5,5,5,5
3551042,"35",0.0550642435097436,0.030197801232505,4,5,4,5
3551043,"35",0.094966019184321,0.0255489189577402,5,5,5,5
3551044,"35",0.0577285937852658,0.0495040284531639,5,5,4,5
3551045,"35",0.0842299227466976,0.0073253145015702,5,4,5,4
3551094,"35",0.0183878589703029,0.0182075344425781,3,5,3,5
3551100,"35",-0.0539403090129253,-0.071952275560111,1,1,1,1
3552001,"35",0.0207459626431823,-0.000136679862038765,3,3,4,4
3552004,"35",0.0101632513264083,-0.0057117931382661,3,3,3,3
3552013,"35",0.0310476567058315,-0.0125959867177711,4,3,4,3
3552023,"35",0.0465907412423096,-0.00787500820552899,4,3,4,3
3552026,"35",0.0166243945000113,0.0114339369934352,3,5,3,5
3552028,"35",0.0231283231961087,-0.0193290663127388,4,2,4,2
3552031,"35",0.00867866438597695,0.0157787561755523,3,5,3,5
3552036,"35",-0.0304336767852462,-0.00601180708220177,1,3,1,3
3552037,"35",0,0,2,4,2,4
3552051,"35",0.0648694092050731,0.0151206722353465,5,5,5,5
3552052,"35",0.0730131046152064,0.0298340543289867,5,5,5,5
3552053,"35",0,0,2,4,2,4
3552054,"35",0.187804666962421,0.0100590214648591,5,5,5,4
3552056,"35",0.0270976345441562,0.00590354267462353,4,4,4,4
3552058,"35",NA,NA,NA,NA,NA,NA
3552092,"35",0.00788524147275833,-0.00257864047836583,3,3,3,4
3552093,"35",0.026645126527306,-0.0240384169714575,4,2,4,2
3553005,"35",0.00275147454470313,0.0135102785529076,3,5,2,5
3553040,"35",0.110175309072364,-0.0439891340563885,5,1,5,1
3554001,"35",-0.00105745871108639,-0.018700697672777,2,2,2,2
3554006,"35",0.0231643966333436,0.00625047688095046,4,4,4,4
3554008,"35",0.0554143219056746,0.00770561210610115,4,4,4,4
3554014,"35",-0.00339681376985218,-0.0267062327439844,2,2,2,2
3554020,"35",0.00502607986540415,0.0137191871913362,3,5,3,5
3554021,"35",-0.0310767422682914,-0.0275903586965056,1,2,1,1
3554024,"35",0.00186797437886669,-0.0316172822662037,3,1,2,1
3554026,"35",0.0420323517193263,-0.0319224666152197,4,1,4,1
3554029,"35",0.0434476808831412,-0.0201237383757914,4,2,4,2
3554032,"35",0.185648311850356,-0.136778737686173,5,1,5,1
3554034,"35",0.057062350243312,-0.0313774002257633,4,1,4,1
3554036,"35",0.031376665892803,0.0118299281150184,4,5,4,5
3554038,"35",0.0277581542001533,0.0357450323552963,4,5,4,5
3554042,"35",0.025879112118125,-0.00857402202641161,4,3,4,3
3554044,"35",0.000766459297906426,-0.0284339187669094,2,2,2,1
3554049,"35",0.00850480941421546,-0.012597664879383,3,3,3,3
3554052,"35",0.00780698121465266,0.0435858320725245,3,5,3,5
3554054,"35",0.0527622067003524,-0.0142671014763698,4,2,4,2
3554056,"35",0.0468319417782452,0.0262723687116425,4,5,4,5
3554057,"35",0.0939000077757626,-0.0607817962661072,5,1,5,1
3554058,"35",0.0415632559182751,0.00540397515714489,4,4,4,4
3554062,"35",0.0339171106931937,0.00633374420620855,4,4,4,4
3554066,"35",0.0302223462592574,0.0136516476056059,4,5,4,5
3554068,"35",0.0213450853784438,0.0394508374111356,4,5,4,5
3554091,"35",0,0,2,4,2,4
3554094,"35",0.00374006262483873,-0.00680568870896015,3,3,2,3
3556014,"35",0.0213544706427008,-0.0135469684827146,4,2,4,3
3556027,"35",0.01152166654267,0.0152284021777913,3,5,3,5
3556031,"35",0.0199241637200806,0.0127203703816464,3,5,3,5
3556033,"35",0.0831043267894336,0.0178956302964867,5,5,5,5
3556042,"35",0.0268220063516783,0.00909859721644261,4,4,4,4
3556048,"35",0.0418392610856275,0.000778322625153784,4,4,4,4
3556052,"35",0.0301698335648086,-0.0134791526698309,4,2,4,3
3556056,"35",0.0315932032073544,-0.0194409672589497,4,2,4,2
3556066,"35",0.0171598059865674,0.0148589885462466,3,5,3,5
3556070,"35",0.0187841112715954,-0.0172532789319561,3,2,3,2
3556073,"35",0.0433886899119369,-0.0344401323170368,4,1,4,1
3556076,"35",-0.00439769667753848,0.0055508104857637,2,4,2,4
3556077,"35",0.069941079350604,-0.0289986691389768,5,2,5,1
3556091,"35",0,0,2,4,2,4
3556092,"35",0.024570199330902,-0.0438387462354575,4,1,4,1
3556093,"35",0.107982566380061,-0.064559526041253,5,1,5,1
3556094,"35",0.091870324637572,-0.020462534200764,5,2,5,2
3556095,"35",0.101061320155511,-0.0272272243060829,5,2,5,2
3556096,"35",NA,NA,NA,NA,NA,NA
3556098,"35",0,0,2,4,2,4
3556100,"35",NA,NA,NA,NA,NA,NA
3556102,"35",0.00806577163404344,-0.0238972758809662,3,2,3,2
3556106,"35",0.0415213228561015,0.0187945631784075,4,5,4,5
3557001,"35",0.00589962519827988,-0.0668052064650551,3,1,3,1
3557004,"35",-0.0384357444051136,-0.0256269482422237,1,2,1,2
3557006,"35",-0.00602189458576451,-0.00381686176884275,2,3,2,3
3557008,"35",0.00534543474173528,-0.032965535048663,3,1,3,1
3557011,"35",-0.0137184005589135,-0.0293087933337653,1,2,1,1
3557014,"35",-0.0248473578271191,-0.0162803899967701,1,2,1,2
3557016,"35",0.0355297908585933,-0.00425191319145655,4,3,4,3
3557019,"35",0.0149236685228944,-0.00680736653443674,3,3,3,3
3557021,"35",0.0218477700972588,0.00847166373833091,4,4,4,4
3557026,"35",0.125735186325246,-0.0234898237973544,5,2,5,2
3557028,"35",0.0210709896300011,0.000629628223386854,4,4,4,4
3557035,"35",0.0455618751170138,-0.0272357906586243,4,2,4,1
3557038,"35",0.0196913135270781,0.0133916434718856,3,5,3,5
3557039,"35",0.0745138483731647,-0.0084036764782792,5,3,5,3
3557040,"35",0.0527921118801247,-0.0411682982301207,4,1,4,1
3557041,"35",0.0647642518609411,0.0149623198401275,5,5,5,5
3557051,"35",-0.0229179835520955,-0.0117851407958265,1,3,1,3
3557061,"35",0.0108721360828023,0.0185864517635363,3,5,3,5
3557066,"35",-0.0128754969646495,-0.0357390811636338,1,1,1,1
3557071,"35",0.113124819151544,0.00189929333835412,5,4,5,4
3557072,"35",0.0842442999084691,0.0287415769303444,5,5,5,5
3557073,"35",0.0730405049829758,0.0269686914172617,5,5,5,5
3557074,"35",0.0812466308474394,0.0140937061403436,5,5,5,5
3557075,"35",NA,NA,NA,NA,NA,NA
3557076,"35",-0.00389570560732908,0.00561680164707523,2,4,2,4
3557077,"35",NA,NA,NA,NA,NA,NA
3557078,"35",0.0405190076592923,0.0476521299281321,4,5,4,5
3557079,"35",0.0283320977375197,-0.0175769640403141,4,2,4,2
3557091,"35",0.0090061968120218,0.0146925533481851,3,5,3,5
3557092,"35",NA,NA,NA,NA,NA,NA
3557094,"35",0,0,2,4,2,4
3557095,"35",0.0169990379283838,-0.00631894043456631,3,3,3,3
3557096,"35",0.0301349837451551,-0.00393748544563083,4,3,4,3
3558001,"35",-0.0138466718528589,-0.0145634028256218,1,2,1,2
3558003,"35",0.119317106049701,0.00344351632855613,5,4,5,4
3558004,"35",0.00804090350745017,0.016201445330146,3,5,3,5
3558011,"35",-0.0156001902409804,-0.0268074048621413,1,2,1,2
3558012,"35",0.0302320535405801,-0.0228224777929412,4,2,4,2
3558016,"35",-0.00819682025254454,-0.0255251484538608,2,2,1,2
3558019,"35",-0.00812516490597955,-0.0179508525044829,2,2,1,2
3558028,"35",-0.0232912000335404,-0.029048307311459,1,2,1,1
3558034,"35",0.00151030273476694,-0.0352854839750046,3,1,2,1
3558041,"35",0.0228616015312604,0.013086658587472,4,5,4,5
3558044,"35",0.028926122504746,0.00125876624024977,4,4,4,4
3558051,"35",-0.00102525036300733,0.00978793258302388,2,5,2,4
3558054,"35",-0.0157935162961358,0.0143056330563029,1,5,1,5
3558059,"35",0.00510298358366886,-0.00288403096147829,3,3,3,3
3558060,"35",0.164057495391452,-0.0536932523181355,5,1,5,1
3558061,"35",0.10226855708145,-0.0350250971647214,5,1,5,1
3558062,"35",0.0688613457522047,0.00947619845132965,5,5,5,4
3558063,"35",0.0825427515122853,-0.0554956308892269,5,1,5,1
3558064,"35",0.0744378153426944,0.0251005678902411,5,5,5,5
3558065,"35",0.137518282748075,0.0673253662732236,5,5,5,5
3558066,"35",0.0120937855334465,0.0114512451336677,3,5,3,5
3558067,"35",0.190026185531288,0.0523483099651297,5,5,5,5
3558068,"35",0.195027016798789,-0.0314099093954744,5,1,5,1
3558069,"35",0.140102610761172,0.0698911802068119,5,5,5,5
3558074,"35",0,0,2,4,2,4
3558075,"35",0.0233239701281754,0.00857374617226661,4,4,4,4
3558076,"35",0.149484500415286,-0.0191806480888409,5,2,5,2
3558077,"35",NA,NA,NA,NA,NA,NA
3558080,"35",0.144237100777228,-0.0903344137764928,5,1,5,1
3558085,"35",0.18318727595911,-0.0623123917224253,5,1,5,1
3558090,"35",0.0137059538413015,-0.00792116495908877,3,3,3,3
3558092,"35",NA,NA,NA,NA,NA,NA
3558097,"35",0.184009942711219,-0.0838807191784266,5,1,5,1
3558100,"35",NA,NA,NA,NA,NA,NA
3559001,"35",0.0138991891842134,0.0217214559025267,3,5,3,5
3559011,"35",-0.000871707337081215,-0.0514186047277111,2,1,2,1
3559012,"35",-0.000895304772499807,0.0284946431662114,2,5,2,5
3559016,"35",0.000928220229324641,-0.00825264504409478,2,3,2,3
3559019,"35",-0.00915110513524949,-0.00961177118020632,1,3,1,3
3559024,"35",0.00972266132194923,-0.039929730002727,3,1,3,1
3559026,"35",0.0950654413988803,-0.00995133472551426,5,3,5,3
3559031,"35",0.0198795856097224,-0.0480818425223698,3,1,3,1
3559040,"35",-0.00505618841501295,-0.0210125802036059,2,2,2,2
3559042,"35",0.022783918745486,0.0272398241520748,4,5,4,5
3559046,"35",NA,NA,NA,NA,NA,NA
3559047,"35",-0.0160482735099886,-0.0179336900442037,1,2,1,2
3559051,"35",0.0972172937782199,0.00836443399627049,5,4,5,4
3559052,"35",0,0,2,4,2,4
3559053,"35",0.0921782023665915,-0.0525634263023457,5,1,5,1
3559060,"35",0.0639465377169499,-0.0288359047797005,5,2,5,1
3559061,"35",0.0923287430495859,-0.068621130570301,5,1,5,1
3559062,"35",NA,NA,NA,NA,NA,NA
3559063,"35",0.0665091484000138,0.0128804747736785,5,5,5,5
3559064,"35",0.0490835010944514,-0.0575609176666372,4,1,4,1
3559066,"35",0.181539323809276,-0.0479167274488094,5,1,5,1
3559068,"35",0.136985609315742,-0.0603152405184043,5,1,5,1
3559069,"35",0,0,2,4,2,4
3559089,"35",0,0,2,4,2,4
3559090,"35",-0.00148751315339593,-0.0398102877148922,2,1,2,1
3560001,"35",0.0119343733795015,-0.00614988130014693,3,3,3,3
3560004,"35",0.108760518595499,0.00258606846078675,5,4,5,4
3560005,"35",0.154367788179638,-0.122307890594441,5,1,5,1
3560008,"35",0.0517484733357044,-0.0155952556905232,4,2,4,2
3560010,"35",-0.0097653010949722,0.0144206579056231,1,5,1,5
3560021,"35",0.0171303188856294,-0.0148523751801311,3,2,3,2
3560024,"35",0.0866636492450747,0.0449000628282621,5,5,5,5
3560027,"35",0.00306956768974792,0.0118617155074124,3,5,2,5
3560032,"35",0.0142644925220145,0.0207711990916974,3,5,3,5
3560034,"35",-0.00475982853780873,0.0133629165433487,2,5,2,5
3560042,"35",-0.0160859344289482,0.0127024135508516,1,5,1,5
3560046,"35",0.186291892758372,-0.0517739346351666,5,1,5,1
3560049,"35",0.0131526654196472,0.0218911922624646,3,5,3,5
3560050,"35",NA,NA,NA,NA,NA,NA
3560051,"35",0.155473688172007,-0.0623292063179317,5,1,5,1
3560052,"35",0.1570025908692,0.0630588462069633,5,5,5,5
3560053,"35",0.151670359208621,-0.0339453938020995,5,1,5,1
3560054,"35",0.200787421403636,-0.0655499406178784,5,1,5,1
3560055,"35",0.219777102172249,-0.0648889213882894,5,1,5,1
3560056,"35",0.11501776295123,-0.014893813170736,5,2,5,2
3560057,"35",0.102491449757065,0.031231314445999,5,5,5,5
3560058,"35",0.162822074577229,-0.0285152240111295,5,2,5,1
3560059,"35",0.144360020543169,-0.0484355966038814,5,1,5,1
3560060,"35",0.151160439759393,-0.129690588550893,5,1,5,1
3560061,"35",0.147867102337064,-0.00479994555370894,5,3,5,3
3560063,"35",0.0846931708014599,-0.000436572871714388,5,3,5,4
3560064,"35",0.147831530311435,-0.0797716407064058,5,1,5,1
3560065,"35",0,0,2,4,2,4
3560066,"35",0.10317935947623,-0.00917624325603008,5,3,5,3
3560067,"35",0.180412092328258,-0.0889470207404101,5,1,5,1
3560068,"35",0.0994891698317701,0.0643645298702038,5,5,5,5
3560069,"35",0.0713472134589217,-0.0372947328695903,5,1,5,1
3560070,"35",0.172003577673368,-0.0435140923395781,5,1,5,1
3560071,"35",0.167133971798349,-0.00502998195997953,5,3,5,3
3560075,"35",0.154337352829849,0.0105228619113105,5,5,5,4
3560076,"35",0.0989815372163167,0.00654024337529577,5,4,5,4
3560077,"35",NA,NA,NA,NA,NA,NA
3560078,"35",0.143108508531744,-0.0625704003902897,5,1,5,1
3560079,"35",0.161969666384902,-0.0591347125370415,5,1,5,1
3560080,"35",0.193428165007027,-0.0731427397711707,5,1,5,1
3560081,"35",NA,NA,NA,NA,NA,NA
3560082,"35",0.104478261537177,-0.0887653518749479,5,1,5,1
3560083,"35",0.106874531047344,-0.105753371298157,5,1,5,1
3560084,"35",0.00657106739347717,-0.0993379055646321,3,1,3,1
3560085,"35",0.14094909016511,-0.0415417340485067,5,1,5,1
3560086,"35",0.145621459842784,-0.0250314253265459,5,2,5,2
3560088,"35",0.158313504935484,-0.0792901198043361,5,1,5,1
3560089,"35",0.121339860490341,0.0156660103344354,5,5,5,5
3560090,"35",0.00366149655447547,-0.0248892586624764,3,2,2,2
3560091,"35",0.00735624309052228,-0.025264356613468,3,2,3,2
3560093,"35",0.130048986312882,-0.0338384729296516,5,1,5,1
3560095,"35",0.129606025865471,0.0095602304574114,5,5,5,4
3560096,"35",0.157139623602081,-0.0485053751423829,5,1,5,1
3560097,"35",NA,NA,NA,NA,NA,NA
3560098,"35",0.139705112536495,-0.0515232348041882,5,1,5,1
3560100,"35",0,0,2,4,2,4
3560104,"35",0.158478463994788,-0.0779951416781478,5,1,5,1
4601035,"46",0.0694066850420375,-0.0216763058457126,5,2,4,3
4601039,"46",0.0349073629594992,-0.0180042964593857,4,2,4,3
4601043,"46",0.0456435097131259,-0.026506305351801,4,2,4,2
4601046,"46",0.0325652751806191,-0.0224828321219362,4,2,4,2
4601051,"46",-0.0080190276035019,-0.0285571041068324,2,2,1,2
4601057,"46",-0.00384318227367968,-0.021807715199508,2,2,2,3
4601060,"46",0.0172699589396519,0.0169193768414873,3,5,3,5
4601070,"46",0.00846585682453295,-0.0514432749644716,3,1,2,1
4601071,"46",0.0173436319623657,-0.0147089137840778,3,2,3,3
4601075,"46",0.0621573872581062,0.0192752810153005,5,5,4,5
4601078,"46",0.0147162349853403,0.00954225979426484,3,5,3,5
4601079,"46",NA,NA,NA,NA,NA,NA
4601094,"46",0.0177239802419598,-0.056690470337486,3,1,3,1
4602024,"46",0.0200487485838473,-0.0233697714095179,3,2,3,2
4602026,"46",0.224661945356917,-0.0684550826936175,5,1,5,1
4602027,"46",0.156102810531546,0.0309971592876616,5,5,5,5
4602032,"46",0.00787439203295677,-0.0311629287337996,3,1,2,2
4602037,"46",0.0192872616173234,0.00579377527661421,3,4,3,5
4602041,"46",0.0309932808577364,-0.0673791950880378,4,1,4,1
4602044,"46",0.0143944337724664,-0.015646826508142,3,2,3,3
4602046,"46",-0.0071782364174769,-0.0213303885518371,2,2,1,3
4602053,"46",0.018190802787852,-0.0364207147882416,3,1,3,2
4602057,"46",0.0116541859064719,-0.0421732150958482,3,1,3,1
4602061,"46",0.0189775596830669,0.0175511069001911,3,5,3,5
4602069,"46",-0.00701134729433294,-0.0382277530220093,2,1,1,1
4602075,"46",-0.0150858387305229,-0.0313438872771705,1,1,1,2
4603030,"46",0.0181961239679084,-0.0189795404283106,3,2,3,3
4603040,"46",0.0129865093705412,-0.0321735010480397,3,1,3,2
4603041,"46",0.0376114198806183,-0.0839949978049963,4,1,4,1
4603047,"46",0.0463687196682587,-0.104374987810513,4,1,4,1
4603050,"46",0.0340509737590561,-0.04357477171605,4,1,4,1
4603053,"46",0.0133678517489228,-0.00537735855359303,3,3,3,4
4603058,"46",0.0159316597372022,-0.0126073876756334,3,3,3,3
4603062,"46",0.0246578083444959,-0.0568475019533709,4,1,3,1
4603065,"46",0.0169949204027546,-0.0644390451894409,3,1,3,1
4603067,"46",0.0137560034002943,0.00949976104388614,3,5,3,5
4603072,"46",-0.00504876667023347,-0.0385342143493,2,1,1,1
4603074,"46",-0.0115019104818747,0.00724111166871984,1,4,1,5
4604034,"46",0.00664428518475913,-0.012591510162702,3,3,2,3
4604040,"46",-0.000884160664600295,-0.00450574318969535,2,3,2,4
4604052,"46",0.00841960320094112,0.00119896101091386,3,4,2,4
4604057,"46",-0.0121391794756387,-0.0301491386906635,1,2,1,2
4604064,"46",-0.0159045452046119,-0.00778015016773089,1,3,1,4
4604068,"46",NA,NA,NA,NA,NA,NA
4605025,"46",-0.00504867073557519,-0.011624866814992,2,3,1,3
4605032,"46",-0.0142999246138636,-0.00455406602966431,1,3,1,4
4605038,"46",-0.0203792291833479,-0.00192062591934597,1,3,1,4
4605044,"46",0.00405529692687833,-0.0131305588823872,3,2,2,3
4605052,"46",0.00256568491048983,-0.0104842359281852,3,3,2,3
4605056,"46",-0.0296744657226319,-0.0302804505054064,1,2,1,2
4605062,"46",-0.00425624088727224,-0.010060584549303,2,3,2,3
4605071,"46",-0.00672998813884213,-0.0026636105211548,2,3,1,4
4606016,"46",0.0107232870155826,-0.0228232397641851,3,2,3,2
4606023,"46",0.00985765995439557,-0.0147696918137156,3,2,3,3
4606029,"46",0.170432105450174,-0.0371867273446731,5,1,5,2
4606031,"46",-0.015828538752572,-0.0224298861850596,1,2,1,3
4606034,"46",-0.00883154183605563,0.0137683918381108,1,5,1,5
4606040,"46",0.137940049662219,-0.00186438024110908,5,3,4,4
4607039,"46",-0.00683761389467584,-0.00143241780225307,2,3,1,4
4607040,"46",NA,NA,NA,NA,NA,NA
4607046,"46",0.00364716551528121,-0.0252380503469108,3,2,2,2
4607052,"46",-0.000161531402777127,0.00757467114087468,2,4,2,5
4607057,"46",-0.0248798256642543,-0.0409465159290348,1,1,1,1
4607060,"46",-0.036088987410083,-0.0408509240218643,1,1,1,1
4607062,"46",-0.00335482509300736,0.0169347866800588,2,5,2,5
4607066,"46",-0.0183387005574597,-0.0258195649976082,1,2,1,2
4607068,"46",-0.0124014129854941,0.0225926471501439,1,5,1,5
4607071,"46",-0.0342741686536761,-0.0308703019620651,1,2,1,2
4607072,"46",NA,NA,NA,NA,NA,NA
4607076,"46",0.00786520481881371,-0.0248519310115147,3,2,2,2
4608032,"46",0.00474021313673598,-0.00517982369036662,3,3,2,4
4608042,"46",-0.00908356927342439,-0.0124441269565249,1,3,1,3
4608046,"46",0.0143650187953695,-0.028621699490189,3,2,3,2
4608055,"46",0.0153023002440095,-0.0343419903637346,3,1,3,2
4608060,"46",0.0122548336126082,-0.00141665040800535,3,3,3,4
4608069,"46",0.208269191146745,-0.0719651481554232,5,1,5,1
4609018,"46",-0.000912660767859438,-0.020258541465887,2,2,2,3
4609024,"46",-0.00185302868129917,-0.00893665138910852,2,3,2,4
4609025,"46",0.144193176554904,-0.0172821387206134,5,2,4,3
4609026,"46",0.159894627638491,-0.0375811249462185,5,1,5,2
4609027,"46",0.0942154710582646,-0.0382101942921335,5,1,4,1
4609029,"46",0.0153900810121017,0.0166740435692792,3,5,3,5
4609030,"46",0,0,2,4,2,4
4610035,"46",-0.0368462258731555,-0.0400940859899578,1,1,1,1
4610043,"46",-0.00602092698561109,-0.0121930014674272,2,3,1,3
4610052,"46",-0.0418600505809796,-0.0306604144712597,1,2,1,2
4611040,"46",0.000390739142060896,0.00569570036273432,2,4,2,5
4611042,"46",-0.0380128582769301,-0.033319559196166,1,1,1,2
4612047,"46",-0.0223848639337062,-0.0340294353842218,1,1,1,2
4612054,"46",0.00324729941866274,-0.0237409852921561,3,2,2,2
4612056,"46",0.00473999672571095,0.0191833470913544,3,5,2,5
4613032,"46",-0.0405892139632776,-0.0522340767917425,1,1,1,1
4613037,"46",-0.0103065709896524,-0.0334494138387787,1,1,1,2
4613043,"46",-0.0164568597770638,-0.0326353218044648,1,1,1,2
4613047,"46",0.0250425264483108,0.0252551413901258,4,5,3,5
4613049,"46",0.0201357674195538,0.0229174363316983,3,5,3,5
4613056,"46",-0.0122061092474165,-0.0184561280852817,1,2,1,3
4613062,"46",0.124512077410737,-0.0211843075275317,5,2,4,3
4614015,"46",0.00178330243879375,-0.0186885207556521,3,2,2,3
4614031,"46",-0.00901121158625402,-0.0138380081933409,1,2,1,3
4614036,"46",-0.00389952010092995,-0.0194654724518178,2,2,2,3
4614039,"46",-0.0223253782256901,-0.00881017035784958,1,3,1,4
4614042,"46",0.000101935300577177,0.0511600050580943,2,5,2,5
4615020,"46",-0.00754068656910577,-0.00856121332613005,2,3,1,4
4615032,"46",-0.00446670248312016,-0.0137746295175046,2,2,1,3
4615037,"46",-0.0325928535846743,-0.0159645327509031,1,2,1,3
4615042,"46",0.198863469226047,-0.0231825587835665,5,2,5,2
4615047,"46",-0.014061034110403,-0.0269542661286667,1,2,1,2
4615049,"46",0,0,2,4,2,4
4615056,"46",-0.0046724753026532,-0.00943335587031478,2,3,1,4
4615063,"46",-0.00537065831613559,-0.0138930650264977,2,2,1,3
4615067,"46",0.0874655026475965,0.027248639765932,5,5,4,5
4615070,"46",0.000185748187293495,-0.00853846296510852,2,3,2,4
4615071,"46",0.0761891449276161,0.00198631625674947,5,4,4,4
4615072,"46",0.0653983916519625,-0.152358255117271,5,1,4,1
4615074,"46",-0.00120614971048357,-0.0158508375902793,2,2,2,3
4615075,"46",0.00969253793394853,0.0176973248390515,3,5,2,5
4615078,"46",0.0180784126249888,-0.0151004718995838,3,2,3,3
4615092,"46",0.0269488640321426,0.0125779479725838,4,5,3,5
4616005,"46",-0.0173864038004037,0.00500695415811722,1,4,1,5
4616017,"46",0.134715989312899,0.00593126198679334,5,4,4,5
4616020,"46",-0.0447581566004172,-0.0153052335350289,1,2,1,3
4616025,"46",0.1099886968948,0.00115953670630392,5,4,4,4
4616030,"46",-0.0272036181149992,-0.00373719765433113,1,3,1,4
4616046,"46",0.177499923220606,-0.018393235693886,5,2,5,3
4616048,"46",0.0102103186016133,-0.00372200509419668,3,3,3,4
4617026,"46",0.0761436424743036,-0.022824357245998,5,2,4,2
4617029,"46",0.158065277231499,-0.00399584504663302,5,3,5,4
4617035,"46",-0.000785636543804011,0.00656073165352114,2,4,2,5
4617041,"46",0.0230273275134049,-0.0134724277428717,4,2,3,3
4617048,"46",-0.0186324344525523,-0.0159411101456318,1,2,1,3
4617050,"46",0.0148965250060654,0.0315036608141834,3,5,3,5
4617054,"46",0.030441797992266,0.0124313474474781,4,5,3,5
4617058,"46",0.0209097586090382,-0.00592947204102744,4,3,3,4
4617064,"46",0.0309831480872784,-0.0045230475637967,4,3,3,4
4617072,"46",0.0620418783973719,0.00675306633724892,5,4,4,5
4617075,"46",0.0119266426189036,0.00341803881165028,3,4,3,5
4617092,"46",0.00642357849618378,-0.0237864736162903,3,2,2,2
4618031,"46",0.00971031026421721,0.00252013781636904,3,4,2,5
4618034,"46",0.023249378666685,0.0301061484428255,4,5,3,5
4618037,"46",0.0285008712504019,-0.0041638471451759,4,3,3,4
4618040,"46",0.0741286126712268,-0.00707281990696556,5,3,4,4
4618044,"46",0.00363814309524463,0.00475290939806085,3,4,2,5
4618055,"46",0.172083350648846,-0.0269971155791743,5,2,5,2
4618056,"46",0.0194893149306048,0.0172797285085123,3,5,3,5
4618060,"46",0.0232110424007238,-0.0180091708279331,4,2,3,3
4618061,"46",0.191565653504305,-0.0268112848763399,5,2,5,2
4618063,"46",0.163544203688591,-0.058045316003628,5,1,5,1
4618067,"46",0.147384526538112,-0.0201890133788662,5,2,5,3
4618068,"46",0.00990293671712357,0.00258486042645519,3,4,3,5
4618074,"46",0.0110991564311589,-0.00322548424571235,3,3,3,4
4618076,"46",0.0328426521139318,-0.0370770745244145,4,1,4,2
4618091,"46",0,0,2,4,2,4
4618093,"46",NA,NA,NA,NA,NA,NA
4619040,"46",0.148207993182699,-0.0187100740936043,5,2,5,3
4619045,"46",0.0858590522027801,-0.0140077860070275,5,2,4,3
4619050,"46",0.136959494759789,-0.0118473521953808,5,3,4,3
4619051,"46",NA,NA,NA,NA,NA,NA
4619052,"46",0.186380910294054,0.0400093857457904,5,5,5,5
4619053,"46",0.133309546805026,0.00698261974243725,5,4,4,5
4619054,"46",0.180139367446966,-0.00163430600436107,5,3,5,4
4619056,"46",0.111720769557946,-0.00364072398951533,5,3,4,4
4619058,"46",0,0,2,4,2,4
4619059,"46",0.126548585793574,-0.0117399671781059,5,3,4,3
4619061,"46",0.133612221354766,-0.0328981163634819,5,1,4,2
4619062,"46",0.148234102602845,-0.0254651799841864,5,2,5,2
4619065,"46",0.262437442873059,-0.164974767408788,5,1,5,1
4619068,"46",0.146505471009396,-0.00861830545726481,5,3,4,4
4619069,"46",0.167003425367272,-0.0115245125549479,5,3,5,3
4619070,"46",0.162229074979742,0.0036437430575929,5,4,5,5
4619071,"46",0,0,2,4,2,4
4619072,"46",0.15872371019461,-0.0284761422470959,5,2,5,2
4619075,"46",NA,NA,NA,NA,NA,NA
4619077,"46",0.166288430810055,-0.0185476869962937,5,2,5,3
4619079,"46",NA,NA,NA,NA,NA,NA
4619082,"46",0,0,2,4,2,4
4620032,"46",0.0653536756263571,-0.0137326544005014,5,2,4,3
4620042,"46",0.0127024002915534,-0.0268722553381456,3,2,3,2
4620048,"46",0.0207814135250991,0.013582216881243,3,5,3,5
4620051,"46",-0.000412746491236541,-0.00978625448077951,2,3,2,4
4620055,"46",0.0425967622296822,0.000188622474397398,4,4,4,4
4620060,"46",0.17751509234688,-0.0154735854831536,5,2,5,3
4620066,"46",0,0,2,4,2,4
4620069,"46",0,0,2,4,2,4
4621025,"46",0.188492603059224,-0.0444196375842454,5,1,5,1
4621027,"46",0.164123623814356,-0.0469232618411746,5,1,5,1
4621029,"46",0.168124571811235,-0.0391627363202277,5,1,5,1
4621033,"46",0.0908548314068386,-0.0372077052574691,5,1,4,2
4621034,"46",0.000602225636406886,-0.0378072179923301,2,1,2,1
4621035,"46",0,0,2,4,2,4
4621036,"46",NA,NA,NA,NA,NA,NA
4621039,"46",0,0,2,4,2,4
4621040,"46",0.0822139886850591,-0.0914362397628094,5,1,4,1
4621043,"46",0.129132291447295,-0.035352848603617,5,1,4,2
4621045,"46",0.00939538385098507,0.0140226566266958,3,5,2,5
4621052,"46",-0.00321529925398443,-0.0127363758803753,2,3,2,3
4621058,"46",0.196545701358406,-0.0351922271301698,5,1,5,2
4621060,"46",NA,NA,NA,NA,NA,NA
4621064,"46",-0.00190266024728564,0.0251463887781446,2,5,2,5
4621071,"46",-0.0318762762085794,0.0094247520309633,1,5,1,5
4621078,"46",0.0351844888842221,-0.0391764528531321,4,1,4,1
4621080,"46",0.178789791080757,-0.0480034115224402,5,1,5,1
4622017,"46",NA,NA,NA,NA,NA,NA
4622026,"46",0.0216977932123636,0.00812868406785835,4,4,3,5
4622045,"46",0.170342675053823,-0.138599985268699,5,1,5,1
4622046,"46",0.0804003312840844,-0.00928699113635028,5,3,4,4
4622048,"46",0.169024598947376,-0.0234504906689453,5,2,5,2
4622049,"46",0.157063251211709,-0.0693949689323552,5,1,5,1
4622050,"46",NA,NA,NA,NA,NA,NA
4622051,"46",0.153936030949216,-0.0443771178507331,5,1,5,1
4622052,"46",0.16147936474289,-0.0405493603514789,5,1,5,1
4622055,"46",0.152041219921165,-0.0332376836773427,5,1,5,2
4622056,"46",0.154569305999544,-0.0460598068500969,5,1,5,1
4622058,"46",0.143035391851935,-0.0337800312556622,5,1,4,2
4622059,"46",0.138580024873814,-0.0400560360987293,5,1,4,1
4622063,"46",0.154759452569634,-0.0572683966689066,5,1,5,1
4622064,"46",0.0903798938584005,-0.114501996847992,5,1,4,1
4622065,"46",0.106685865282091,-0.0274005510766187,5,2,4,2
4622066,"46",NA,NA,NA,NA,NA,NA
4622067,"46",0.129023776084775,-0.046812329687789,5,1,4,1
4622800,"46",0.170491083523655,-0.0313281541532959,5,1,5,2
4622801,"46",0.143928790025178,-0.0435662308717099,5,1,4,1
4622802,"46",0.186549523717432,-0.13084709138935,5,1,5,1
4623022,"46",0.0172946139083767,0.00237895505593005,3,4,3,5
4623023,"46",0.186193574777454,-0.120424632196905,5,1,5,1
4623027,"46",0.167865670749241,-0.0767101396683869,5,1,5,1
4623034,"46",0.168678563841261,-0.000888745668795643,5,3,5,4
4623037,"46",0.16145555234384,-0.0692064278609901,5,1,5,1
4623039,"46",NA,NA,NA,NA,NA,NA
4623040,"46",0.209603990743577,-0.138501449775067,5,1,5,1
4623047,"46",0.0844923684692155,-0.00286018174160596,5,3,4,4
4623056,"46",0.0584973608152531,0.0305431775073418,5,5,4,5
4623058,"46",NA,NA,NA,NA,NA,NA
4623062,"46",-0.00663875982098348,0.138594424179598,2,5,1,5
4623064,"46",NA,NA,NA,NA,NA,NA
4623065,"46",NA,NA,NA,NA,NA,NA
4623067,"46",0.159805130826914,-0.0411932872916779,5,1,5,1
4623071,"46",NA,NA,NA,NA,NA,NA
4623800,"46",0.195298843711089,-0.0457914239675678,5,1,5,1
4701001,"47",-0.0521100629256141,-0.070664402287062,1,1,1,1
4701002,"47",0.0152243800184555,0.0408627772617271,3,5,4,5
4701004,"47",-0.106520455205857,-0.069339414903192,1,1,1,1
4701006,"47",-0.0154785669452195,-0.0259313832604367,1,2,2,2
4701008,"47",-0.00282821051492796,0.00744616456605029,2,4,3,4
4701011,"47",0.00340274757588307,-0.0654453954959463,3,1,4,1
4701012,"47",-0.0433168161895341,-0.0188775185185963,1,2,1,3
4701014,"47",-0.0164980179777526,-0.0023241167870817,1,3,2,3
4701016,"47",-0.0854419678852942,-0.00276512226906562,1,3,1,3
4701017,"47",-0.0184133781875191,-0.0983552243625468,1,1,2,1
4701018,"47",-0.0544994548270942,-0.0177374243441696,1,2,1,3
4701019,"47",0,0,2,4,3,3
4701021,"47",0.00986339317122252,0.0146363935268581,3,5,4,5
4701022,"47",-0.00732305860456016,-0.0513794650427433,2,1,2,1
4701024,"47",-0.010099442745639,0.00510680940328667,1,4,2,4
4701027,"47",-0.0274091255427086,-0.0341228993812855,1,1,2,2
4701031,"47",-0.0143539984844648,-0.0254694703255955,1,2,2,2
4701032,"47",0.00383217142603771,-0.00596765108115928,3,3,4,3
4701036,"47",-0.132266114031068,-0.0113487859627293,1,3,1,3
4701037,"47",-0.00509024229342953,-0.0157635593248182,2,2,3,3
4701039,"47",-0.0128848039434546,-0.0560226099916148,1,1,2,1
4701041,"47",-0.0207211631775405,-0.0298591658446734,1,2,2,2
4701043,"47",-0.067714020832131,-0.0388866172749484,1,1,1,2
4701044,"47",0,0,2,4,3,3
4701047,"47",-0.0397629379303449,-0.0296521134301354,1,2,1,2
4701049,"47",-0.0260894103133961,0.0220410923292643,1,5,2,5
4701053,"47",-0.0231772303930368,-0.0138167687598314,1,2,2,3
4701054,"47",0.0156680259764635,0.0245883562065589,3,5,4,5
4701056,"47",-0.0372580174319469,0.0278778120049372,1,5,1,5
4701058,"47",-0.0441211228632858,0.00387550427029494,1,4,1,4
4701059,"47",-0.0120342152865072,0.0133676428412875,1,5,2,5
4701061,"47",-0.0113646508822829,0.0525718236961061,1,5,2,5
4701063,"47",-0.0572803783986317,-0.0203642711129384,1,2,1,2
4701064,"47",0,0,2,4,3,3
4701066,"47",0.00101745511772658,0.0349030821466359,2,5,4,5
4701067,"47",0,0,2,4,3,3
4701069,"47",-0.0280452463337851,-0.11198089323252,1,1,2,1
4701072,"47",-0.0203495727604594,-0.00346611799671081,1,3,2,3
4701076,"47",-0.060255546792767,-0.0441452065046913,1,1,1,2
4701077,"47",-0.00899673894808411,0.0535614326300086,1,5,2,5
4701078,"47",0.0289820058732407,0.0140694641239459,4,5,4,5
4701079,"47",-0.0811076240635132,0.0349131191262173,1,5,1,5
4701091,"47",0.00259062628044027,-0.0362339560994789,3,1,4,2
4701094,"47",-0.00655381563621242,-0.0707385029644149,2,1,3,1
4701096,"47",-0.0349343177631679,0.0210753673452253,1,5,1,5
4701098,"47",0,0,2,4,3,3
4701808,"47",0.114965400932816,-0.00930882701672686,5,3,5,3
4701809,"47",0.0949028464243569,-0.0421083688064726,5,1,5,2
4701810,"47",0,0,2,4,3,3
4701812,"47",0,0,2,4,3,3
4701813,"47",0,0,2,4,3,3
4701814,"47",0,0,2,4,3,3
4701815,"47",NA,NA,NA,NA,NA,NA
4701816,"47",0,0,2,4,3,3
4701817,"47",0,0,2,4,3,3
4701818,"47",NA,NA,NA,NA,NA,NA
4701819,"47",0.0908999698141754,-0.0142004834907936,5,2,5,3
4702001,"47",-0.019496201446816,-0.111757571175912,1,1,2,1
4702002,"47",0.0466566843597394,-0.00722101613714255,4,3,5,3
4702006,"47",-0.0469398613055605,0.00258094330991007,1,4,1,4
4702008,"47",0,0,2,4,3,3
4702011,"47",-0.00335397493966091,-0.0737131721372305,2,1,3,1
4702014,"47",-0.01806478139301,-0.0145863144381251,1,2,2,3
4702016,"47",0,0,2,4,3,3
4702018,"47",-0.142093689833177,-0.0550209482171652,1,1,1,1
4702023,"47",-0.0264514350876447,0.0494110744514617,1,5,2,5
4702024,"47",-0.0418292322220599,-0.0682330413502327,1,1,1,1
4702026,"47",-0.0222149037678706,-0.13251446317359,1,1,2,1
4702028,"47",-0.0270732873147687,0.0402813713404738,1,5,2,5
4702029,"47",-0.00987415142477794,-0.117803108458365,1,1,2,1
4702031,"47",-0.0212727477627905,0.0151310826326421,1,5,2,5
4702033,"47",-0.066111699533217,-0.0626165916852953,1,1,1,1
4702036,"47",0,0,2,4,3,3
4702037,"47",-0.0284422016528922,-0.0446970010517818,1,1,2,2
4702038,"47",0.0590707469086485,-0.0515462686285503,5,1,5,1
4702039,"47",0.0247583331033328,0.0277019908007646,4,5,4,5
4702041,"47",0.0389945179774118,-0.00763434753031342,4,3,5,3
4702042,"47",-0.0287823101360367,-0.0218450104735253,1,2,1,2
4702044,"47",-0.0183721260915334,-0.0352367030963409,1,1,2,2
4702047,"47",-0.0132668625200239,0.0156233745794314,1,5,2,5
4702048,"47",-0.043660916254513,-0.0586852488051987,1,1,1,1
4702051,"47",0.0161175507428084,-0.0504043166681221,3,1,4,1
4702052,"47",-0.089602568536061,-0.0587736114209025,1,1,1,1
4702054,"47",-0.0233611479410928,0.01874610718259,1,5,2,5
4702057,"47",-0.067395861937602,-0.0505266121861551,1,1,1,1
4702058,"47",0.0199813762399942,-0.0334332305612738,3,1,4,2
4702061,"47",-0.0617792331528902,0.00807347969633233,1,4,1,4
4702062,"47",-0.0572653225163987,0.0256606424375833,1,5,1,5
4702066,"47",0.00787374698252217,-0.0672492973624799,3,1,4,1
4702067,"47",-0.00744198692594037,-0.0112036972378727,2,3,2,3
4702069,"47",-0.087707834057716,-0.0907316783284833,1,1,1,1
4702071,"47",0.00875211764690641,0.0521574243937881,3,5,4,5
4702072,"47",0.0151975974390402,-0.0110464113447934,3,3,4,3
4702073,"47",0.00521329023466193,-0.039602785634049,3,1,4,2
4702076,"47",-0.0114842189853481,-0.0259258572891459,1,2,2,2
4702077,"47",0,0,2,4,3,3
4702078,"47",0.0125216554553341,0.0228412044256095,3,5,4,5
4702079,"47",0,0,2,4,3,3
4703001,"47",-0.0873281485579832,-0.0484609145682221,1,1,1,1
4703004,"47",-0.040138619593359,0.0151579869634433,1,5,1,5
4703006,"47",-0.0363120446089242,-0.0278518700590641,1,2,1,2
4703009,"47",-0.0040438871910606,0.0372202262013669,2,5,3,5
4703011,"47",-0.0206339675050122,-0.0464195680520107,1,1,2,1
4703012,"47",0,0,2,4,3,3
4703016,"47",-0.0174065336326096,-0.114925648910866,1,1,2,1
4703018,"47",-0.00549863747664777,-0.0314924243654819,2,1,3,2
4703019,"47",0.0920188832695241,0.0773599188481757,5,5,5,5
4703022,"47",-0.00779633188251921,-0.0185396183379453,2,2,2,3
4703026,"47",-0.0145345021675549,-0.0145982574489052,1,2,2,3
4703028,"47",0.0105480728219639,0.0158055536790011,3,5,4,5
4703029,"47",0,0,2,4,3,3
4703034,"47",0.0177763110455796,-0.0511365213560085,3,1,4,1
4703036,"47",-0.00282837649720507,0.00401404460949254,2,4,3,4
4703038,"47",-0.0628340188980834,-0.0979764237605976,1,1,1,1
4703041,"47",-0.0528854776748451,-0.0852518546329963,1,1,1,1
4703042,"47",-0.0135566124445188,-0.0164870680683927,1,2,2,3
4703044,"47",0.0167788373390978,0.0204736158689957,3,5,4,5
4703048,"47",-0.0169384690217907,-0.0976946468508936,1,1,2,1
4703051,"47",0.0151135543869301,-0.00256178838462568,3,3,4,3
4703052,"47",0.0483326058102899,-0.111343295717079,4,1,5,1
4703054,"47",0,0,2,4,3,3
4703058,"47",0.0392181769247973,-0.0077159444622364,4,3,5,3
4703059,"47",0,0,2,4,3,3
4703061,"47",0.0342217896998933,0.0346528965873677,4,5,4,5
4703062,"47",0.0444309567015567,-0.0489846497318676,4,1,5,1
4703064,"47",-0.104080902885842,-0.0141425120924585,1,2,1,3
4703068,"47",-0.0402087073832393,-0.00691732935327728,1,3,1,3
4703071,"47",-0.0282364910259805,0.0265259898197801,1,5,2,5
4703074,"47",-0.0377726944807659,-0.0577808015520858,1,1,1,1
4703092,"47",0.00021949085277399,-0.00210319378349491,2,3,4,3
4703093,"47",0.0464298363261052,-0.108049899136982,4,1,5,1
4703096,"47",-0.0637045006351843,-0.0458227838411013,1,1,1,1
4703801,"47",0,0,2,4,3,3
4704002,"47",-0.149352654172297,-0.009786995647916,1,3,1,3
4704003,"47",0,0,2,4,3,3
4704006,"47",-0.0906065046055429,-0.038856485597368,1,1,1,2
4704008,"47",0,0,2,4,3,3
4704009,"47",0.0178513651601829,-0.0531333069301246,3,1,4,1
4704011,"47",0,0,2,4,3,3
4704012,"47",-0.018300208423775,0.0245339139324929,1,5,2,5
4704019,"47",-0.00697486249232163,-0.0462613775378542,2,1,2,1
4704021,"47",0,0,2,4,3,3
4704024,"47",-0.0498371093815208,-0.0212258141466496,1,2,1,2
4704026,"47",0,0,2,4,3,3
4704028,"47",-0.0301337422444545,-0.0551985056913535,1,1,1,1
4704029,"47",-0.0257078139565919,0.0628267650988325,1,5,2,5
4704034,"47",0.0152799041730748,-0.0472935126927519,3,1,4,1
4704036,"47",-0.0218812936847602,0.0232888030288816,1,5,2,5
4704038,"47",0,0,2,4,3,3
4704045,"47",0,0,2,4,3,3
4704048,"47",-0.00408641629412736,0.015760595978053,2,5,3,5
4704050,"47",-0.0200058300455418,-0.0344022258917592,1,1,2,2
4704054,"47",0,0,2,4,3,3
4704058,"47",0,0,2,4,3,3
4704061,"47",-0.0541236798338131,-0.0306744966603022,1,2,1,2
4704802,"47",0.0743424798215072,0.0156446159415317,5,5,5,5
4705001,"47",-0.0636293098263002,-0.0251802453934892,1,2,1,2
4705002,"47",0,0,2,4,3,3
4705004,"47",-0.0255627336000373,0.00444973447158801,1,4,2,4
4705007,"47",-0.0712947770972292,-0.0782088062543585,1,1,1,1
4705009,"47",-0.0307322132532959,0.0241073610920828,1,5,1,5
4705011,"47",-0.0632149499535572,-0.0443906348050286,1,1,1,2
4705014,"47",-0.0932518732787945,0.00426943253599502,1,4,1,4
4705016,"47",-0.0458793395739602,0.0250590275517219,1,5,1,5
4705018,"47",-0.0224294474743656,-0.0385608614602562,1,1,2,2
4705019,"47",-0.0265027164251095,-0.0400448483298561,1,1,2,2
4705021,"47",0.031115611727033,0.0582041192440682,4,5,4,5
4705024,"47",-0.00668869811916637,0.0135687775081874,2,5,2,5
4705027,"47",-0.0498618722426475,-0.0301666482848277,1,2,1,2
4705028,"47",0.00702170469774464,-0.0550870030552565,3,1,4,1
4705029,"47",0.0139847418382717,0.0159255095277712,3,5,4,5
4705031,"47",0.0177721762981351,0.0275088475239519,3,5,4,5
4705033,"47",-0.060036184789521,-0.0762599819555699,1,1,1,1
4705034,"47",-0.00817175008752166,0.0268500472229508,2,5,2,5
4705037,"47",-0.0620625795603897,-0.0277371675049757,1,2,1,2
4705038,"47",-0.0325382629390427,0.0242434364436036,1,5,1,5
4705041,"47",-0.0394183080079179,-0.0334476599560312,1,1,1,2
4705042,"47",0.0187786788470569,-0.0454843842417536,3,1,4,1
4705043,"47",-0.00966540097573022,-0.0043134783639749,1,3,2,3
4705044,"47",0.0923996738764282,0.0552373372163984,5,5,5,5
4705047,"47",-0.0231584213897712,-0.0545049247831436,1,1,2,1
4705048,"47",-0.0209945615922423,0.00671424953553117,1,4,2,4
4705049,"47",0,0,2,4,3,3
4705050,"47",0,0,2,4,3,3
4705051,"47",-0.029433512964854,-0.0221658254219173,1,2,1,2
4705052,"47",-0.0377218039629661,0.015777901642294,1,5,1,5
4705053,"47",0,0,2,4,3,3
4705054,"47",0,0,2,4,3,3
4705055,"47",0.00306422429134503,-0.0487757306789771,3,1,4,1
4705056,"47",-0.0380437213593505,0.0130343315031297,1,5,1,5
4705057,"47",-0.0168715593625967,-0.0655175308253581,1,1,2,1
4705058,"47",0,0,2,4,3,3
4705059,"47",0.00168362592157535,0.0111975525659519,3,5,4,4
4705060,"47",0,0,2,4,3,3
4705061,"47",0,0,2,4,3,3
4705062,"47",0,0,2,4,3,3
4705063,"47",0.00476603121276593,-0.0311522108797064,3,2,4,2
4705064,"47",0.0606885129150189,0.0126596410992554,5,5,5,4
4705066,"47",0.0035477726904357,0.0178751659361427,3,5,4,5
4705067,"47",-0.00571324228485876,-0.044007801689663,2,1,3,2
4705068,"47",0,0,2,4,3,3
4705069,"47",0,0,2,4,3,3
4705071,"47",0,0,2,4,3,3
4705073,"47",-0.00583861706779515,-0.0467871873774217,2,1,3,1
4705074,"47",0.00136826268737286,0.0178365406650792,3,5,4,5
4705077,"47",-0.02612395509079,-0.0602091180679322,1,1,2,1
4705078,"47",0.00955218882078522,0.011260843770301,3,5,4,4
4705079,"47",0.0543208843722441,-0.0285748670587146,4,2,5,2
4705093,"47",-0.0509879891103772,-0.0680536052211549,1,1,1,1
4705094,"47",-0.0384646816042468,0.0283070447636715,1,5,1,5
4705096,"47",0,0,2,4,3,3
4705803,"47",0.0820284293407416,0.0129759363367121,5,5,5,5
4705804,"47",0.101387226368817,0.0407800749054142,5,5,5,5
4705805,"47",0.0485241524105121,0.0319639821430654,4,5,5,5
4705806,"47",0.10078517530749,-0.0029379001291854,5,3,5,3
4705807,"47",0,0,2,4,3,3
4705808,"47",0.211779271557261,-0.101035109692016,5,1,5,1
4705814,"47",0,0,2,4,3,3
4705815,"47",NA,NA,NA,NA,NA,NA
4705818,"47",NA,NA,NA,NA,NA,NA
4705823,"47",NA,NA,NA,NA,NA,NA
4705824,"47",NA,NA,NA,NA,NA,NA
4705828,"47",NA,NA,NA,NA,NA,NA
4706001,"47",-0.000852819840374788,-0.036712297403009,2,1,3,2
4706002,"47",0.017826137454327,0.0134377608357803,3,5,4,5
4706003,"47",0,0,2,4,3,3
4706004,"47",-0.00281939831847162,-0.057133296555958,2,1,3,1
4706006,"47",0.0120786385014031,-0.0206944472807929,3,2,4,2
4706007,"47",-0.0273990423686715,0.00940661580243162,1,5,2,4
4706008,"47",0.0260766623952764,-0.0417479546990633,4,1,4,2
4706009,"47",0.0429570660553565,0.0311266442060974,4,5,5,5
4706011,"47",-0.00813807712191252,-0.0121721751466462,2,3,2,3
4706013,"47",-0.044582698062458,-0.0134252809368049,1,2,1,3
4706014,"47",-0.042908277296218,0.00599392192247089,1,4,1,4
4706016,"47",-0.0644027919844227,-0.106405568207438,1,1,1,1
4706017,"47",-0.00618796907906505,0.00686942240507841,2,4,3,4
4706018,"47",-0.0250425687962897,0.0190142984848931,1,5,2,5
4706019,"47",-0.0799953530080044,0.00514844533073699,1,4,1,4
4706021,"47",0,0,2,4,3,3
4706022,"47",-0.0660374128885101,-0.0443576152440797,1,1,1,2
4706023,"47",-0.0138466000108284,-0.0199808870044627,1,2,2,2
4706026,"47",-0.0189355116889814,-0.002089789954231,1,3,2,3
4706027,"47",-0.00978536676823389,0.00991913525328117,1,5,2,4
4706028,"47",-0.0319214126251542,-0.03669201358423,1,1,1,2
4706029,"47",-0.0495173069963128,-0.0443657508731687,1,1,1,2
4706030,"47",-0.034994527798224,-0.0634499251015818,1,1,1,1
4706031,"47",-0.00424504603315041,-0.0224023072236265,2,2,3,2
4706032,"47",-0.0451630991436947,-0.0133621650081207,1,2,1,3
4706033,"47",-0.0607692879549479,0.00152469186942348,1,4,1,4
4706034,"47",-0.0394489960902362,-0.042899261910489,1,1,1,2
4706036,"47",0.0110451579087324,0.0318082111621238,3,5,4,5
4706037,"47",0.00622632891515522,0.00796013259005986,3,4,4,4
4706038,"47",-0.0402106065024236,-0.0453960403470919,1,1,1,1
4706039,"47",-0.0158924894680979,0.0261737381544727,1,5,2,5
4706041,"47",0.102761270532896,0.0363423435264029,5,5,5,5
4706042,"47",-0.0171836857718952,-0.0201373150572694,1,2,2,2
4706045,"47",-0.0744262605800518,0.0161627377117778,1,5,1,5
4706046,"47",0.0330943024471685,0.050061220239756,4,5,4,5
4706047,"47",0.0443596607356999,0.0187798873923856,4,5,5,5
4706048,"47",-0.0478148664460216,-0.0279128373822572,1,2,1,2
4706049,"47",0.0334110233253902,0.0063853525641845,4,4,4,4
4706050,"47",-0.0486256578784158,-0.0150781870133481,1,2,1,3
4706051,"47",0.000308317616367099,0.0121008762740621,2,5,4,4
4706052,"47",0.0227947442326685,-0.0317080220884493,4,1,4,2
4706053,"47",-0.0666824247957449,-0.04553172695587,1,1,1,1
4706054,"47",-0.0933040909956964,0.132851166905724,1,5,1,5
4706055,"47",-0.0722510523457639,-0.00332611889199533,1,3,1,3
4706056,"47",-0.0398926782136873,-0.0102539556930537,1,3,1,3
4706057,"47",0,0,2,4,3,3
4706058,"47",-0.0154439487103641,0.00768068573301883,1,4,2,4
4706059,"47",-0.0491694463907588,-0.0330462056432475,1,1,1,2
4706060,"47",0,0,2,4,3,3
4706061,"47",0.0176676943025915,-0.019076921856202,3,2,4,3
4706062,"47",0,0,2,4,3,3
4706063,"47",-0.0586133119637359,-0.0216597702659374,1,2,1,2
4706064,"47",-0.090183080522946,0.00834439964615002,1,4,1,4
4706065,"47",0,0,2,4,3,3
4706067,"47",-0.0207145671476712,0.0156399369831808,1,5,2,5
4706068,"47",-0.0949868944164193,-0.0579340915037252,1,1,1,1
4706069,"47",0,0,2,4,3,3
4706070,"47",-0.0428824991451795,-0.0514630935622423,1,1,1,1
4706071,"47",-0.0803475324736264,-0.0255160090946276,1,2,1,2
4706072,"47",-0.0746459104857066,-0.0475729222445973,1,1,1,1
4706073,"47",0.0442686755197908,0.012546756182788,4,5,5,4
4706074,"47",-4.20659461407291e-06,0.0129390749499739,2,5,3,4
4706075,"47",-0.0590783434618038,0.00661880450262788,1,4,1,4
4706076,"47",0,0,2,4,3,3
4706077,"47",0.0612347134466001,-0.0574189940603814,5,1,5,1
4706078,"47",-0.0608268860214089,0.0272296523890927,1,5,1,5
4706079,"47",-0.0079395551336253,0.0102644927319269,2,5,2,4
4706080,"47",-0.0262966714307838,-0.022400675328675,1,2,2,2
4706081,"47",0,0,2,4,3,3
4706082,"47",0,0,2,4,3,3
4706085,"47",0,0,2,4,3,3
4706091,"47",-0.0333764858998722,-0.0273898897387441,1,2,1,2
4706092,"47",-0.0100481891734422,0.0091229625389859,1,4,2,4
4706093,"47",0,0,2,4,3,3
4706094,"47",0.00695035860106918,0.0274748022159693,3,5,4,5
4706096,"47",0.0165099038132633,-0.0327873101631383,3,1,4,2
4706097,"47",-0.00316357081792785,0.0296947268915181,2,5,3,5
4706098,"47",0.0449264545631124,0.00108723258410724,4,4,5,4
4706099,"47",0.0303395077882902,-0.0457042890414967,4,1,4,1
4706809,"47",0.133158660423032,-0.0150305423635947,5,2,5,3
4706810,"47",0.134839384723605,-0.00903057004294827,5,3,5,3
4706811,"47",0.0808242148744345,0.0437823430805831,5,5,5,5
4706812,"47",0.104505015681566,0.0318326469826402,5,5,5,5
4706813,"47",0.0691240431244028,0.0507857952568854,5,5,5,5
4706814,"47",0.215109479159387,-0.135108536094701,5,1,5,1
4706815,"47",0.158298229235893,-0.00668006341941066,5,3,5,3
4706816,"47",0.131241189350415,0.0146007169552469,5,5,5,5
4706818,"47",0.128351943981641,-0.0264920349613249,5,2,5,2
4706820,"47",0.0161492769794797,-0.0142680125547092,3,2,4,3
4706828,"47",NA,NA,NA,NA,NA,NA
4706829,"47",0,0,2,4,3,3
4706830,"47",NA,NA,NA,NA,NA,NA
4706831,"47",NA,NA,NA,NA,NA,NA
4707001,"47",-0.0319250582993347,-0.0351006062678227,1,1,1,2
4707004,"47",0,0,2,4,3,3
4707006,"47",-0.0280528260906831,-0.156896105494072,1,1,2,1
4707008,"47",0,0,2,4,3,3
4707011,"47",0.0187366828739658,-0.138843706384768,3,1,4,1
4707012,"47",0,0,2,4,3,3
4707014,"47",0,0,2,4,3,3
4707016,"47",-0.0126709484353255,-0.053245080454856,1,1,2,1
4707018,"47",0,0,2,4,3,3
4707020,"47",0,0,2,4,3,3
4707021,"47",-0.0105263867990911,-0.0344539587136289,1,1,2,2
4707022,"47",0.0306300303753626,-0.0451380373703696,4,1,4,1
4707023,"47",0,0,2,4,3,3
4707024,"47",-0.00029769140384621,-0.0698899612267741,2,1,3,1
4707026,"47",-0.00289992919807869,0.0112395734631337,2,5,3,4
4707027,"47",-0.0841751446964314,0.0397317457223004,1,5,1,5
4707028,"47",0,0,2,4,3,3
4707029,"47",-0.0959551054820718,-0.00804382628211758,1,3,1,3
4707031,"47",0.0479159627211619,0.0114063395721731,4,5,5,4
4707032,"47",0.00480054396524144,0.00226104248588339,3,4,4,4
4707034,"47",0.0350859642443815,-0.0193934691168306,4,2,5,3
4707036,"47",-0.0382216188140862,-0.042047920521767,1,1,1,2
4707037,"47",0.00999190972325951,-0.0554409366674674,3,1,4,1
4707038,"47",-0.0307366951655169,-0.0384695021051105,1,1,1,2
4707039,"47",0.00144035839210715,0.0201322569629363,3,5,4,5
4707042,"47",-0.0334600409323026,-0.0316467507956115,1,1,1,2
4707043,"47",0.0679772306074917,-0.060983587439587,5,1,5,1
4707044,"47",0.0686750567566864,-0.0263197148764129,5,2,5,2
4707045,"47",0.0112436142109946,-0.135077971740433,3,1,4,1
4707047,"47",-0.0227529559230219,-0.0816285812730894,1,1,2,1
4707048,"47",-0.000227698536558407,-0.061166239969365,2,1,3,1
4707049,"47",-0.0474431400947675,0.019283560985246,1,5,1,5
4707051,"47",0.0328302205924281,-0.0497286782594432,4,1,4,1
4707053,"47",-0.012725785248113,-0.0278593314333094,1,2,2,2
4707054,"47",0.0195295120570227,0.00556944827829499,3,4,4,4
4707058,"47",-0.0466402913883675,-0.13894156474777,1,1,1,1
4707059,"47",0.00749799470806352,0.0206776150184989,3,5,4,5
4707062,"47",-0.0539698833167547,0.0325841695889777,1,5,1,5
4707063,"47",-0.0535980946135688,-0.0374893748645279,1,1,1,2
4707066,"47",-0.0682668178213892,-0.0221154834721512,1,2,1,2
4707067,"47",-0.0500255566207764,-0.0257630280348353,1,2,1,2
4707068,"47",-0.064663709668086,-0.0747911212899288,1,1,1,1
4707071,"47",-0.084206044810613,-0.0328374194777665,1,1,1,2
4707072,"47",0.0794096056807377,0.0143379417552237,5,5,5,5
4707074,"47",0,0,2,4,3,3
4707076,"47",0,0,2,4,3,3
4707077,"47",-0.0749291958073458,0.00895896881171744,1,4,1,4
4707091,"47",-0.0658262103536218,-0.0592235118159323,1,1,1,1
4707092,"47",-0.00342196111974507,0.038367960455697,2,5,3,5
4707093,"47",0,0,2,4,3,3
4708001,"47",-0.0315501715610219,-0.0394032280758979,1,1,1,2
4708004,"47",-0.0116071694841926,0.0119025895338546,1,5,2,4
4708006,"47",0,0,2,4,3,3
4708008,"47",0,0,2,4,3,3
4708009,"47",-0.0433302228282917,-0.078953293255986,1,1,1,1
4708011,"47",-0.0115224770572355,0.0123417728571937,1,5,2,4
4708012,"47",0.109196980720075,0.0117104071760815,5,5,5,4
4708016,"47",-0.0983472989130859,-0.055509114894706,1,1,1,1
4708018,"47",0,0,2,4,3,3
4708021,"47",-0.12385843988843,-0.0746936841025556,1,1,1,1
4708022,"47",0,0,2,4,3,3
4708024,"47",0,0,2,4,3,3
4708026,"47",0.00699962916855766,0.00148147572613992,3,4,4,4
4708028,"47",-0.0823755596445827,-0.120315147506237,1,1,1,1
4708029,"47",-0.0802531061557625,0.0811150801886105,1,5,1,5
4708031,"47",-0.0453403734395747,-0.00744251433445089,1,3,1,3
4708032,"47",0.0114601568272578,0.0244057208445378,3,5,4,5
4708034,"47",0.0253493967737775,-0.0568108599488446,4,1,4,1
4708036,"47",0,0,2,4,3,3
4708038,"47",-0.0447100766345931,-0.0303422292544672,1,2,1,2
4708039,"47",0.0334132737939354,-0.0570160804163101,4,1,4,1
4708042,"47",-0.0421340580296206,-0.044843167633479,1,1,1,1
4708044,"47",-0.0192573997822121,0.014606970658725,1,5,2,5
4708046,"47",0,0,2,4,3,3
4708048,"47",-0.0867992084212589,0.100169077423556,1,5,1,5
4708049,"47",0.0737952501109519,-0.0314319096734174,5,1,5,2
4708053,"47",-0.0477458331326742,-0.0316471897770037,1,1,1,2
4708054,"47",0.111957435452421,-0.0186071508451749,5,2,5,3
4708056,"47",0.0158435485591876,-0.0742075110922486,3,1,4,1
4708057,"47",-0.0487444837140688,-0.0669176021923872,1,1,1,1
4708058,"47",-0.0188555640320075,0.000240874508367253,1,4,2,4
4708059,"47",0,0,2,4,3,4
4708061,"47",0,0,2,4,3,4
4708062,"47",-0.0389740586753772,0.0136523149629251,1,5,1,5
4708065,"47",-0.0631880223276411,-0.035424554100274,1,1,1,2
4708068,"47",-0.0100119873796352,0.0265145714365145,1,5,2,5
4708071,"47",0,0,2,4,3,4
4708074,"47",-0.0426694592003087,-0.052001862146351,1,1,1,1
4708076,"47",-0.0257170403542607,0.0303447587549851,1,5,2,5
4708092,"47",-0.0581141070260463,-0.0735741098066792,1,1,1,1
4708094,"47",-0.0421989095077641,0.0110234115030332,1,5,1,4
4709001,"47",-0.0199638032626997,-0.00779099298635404,1,3,2,3
4709002,"47",0,0,2,4,3,4
4709006,"47",-0.0154967136527294,-0.0373748438332036,1,1,2,2
4709009,"47",-0.0256909333946951,0.0520318552908721,1,5,2,5
4709011,"47",-0.0255513225472621,-0.0247977098757748,1,2,2,2
4709012,"47",-5.54805865058691e-05,0.0166908937497227,2,5,3,5
4709014,"47",-0.0130992931864228,-0.0229669649630278,1,2,2,2
4709016,"47",-0.00489096192718224,-0.00708240351851508,2,3,3,3
4709019,"47",-0.00706980455761918,-0.0227780280562836,2,2,2,2
4709023,"47",-0.00498805078383544,-0.0422687134402254,2,1,3,2
4709024,"47",0.0150417906281787,-0.0512551418275185,3,1,4,1
4709028,"47",0.0223209762940745,0.023579569607929,4,5,4,5
4709029,"47",-0.0247764658878904,-0.0587388491962505,1,1,2,1
4709032,"47",0.0289467733129959,0.0223030251167446,4,5,4,5
4709033,"47",-0.00815481613930182,-0.0125753316162802,2,3,2,3
4709037,"47",-0.0298551829501426,-0.0460399643406222,1,1,1,1
4709038,"47",0.0566561043314343,-0.0480703149076636,4,1,5,1
4709039,"47",0.025538550693046,0.0189741354770454,4,5,4,5
4709042,"47",0.00353359252739152,-0.0272055940352491,3,2,4,2
4709044,"47",0.0795562745246768,0.0413253631665205,5,5,5,5
4709046,"47",-0.0181110543914298,-0.0505671862965037,1,1,2,1
4709049,"47",0.0442799476263818,-0.0210065345969196,4,2,5,2
4709053,"47",0.00955025710550652,-0.00151300084780826,3,3,4,3
4709054,"47",0.00148874822276078,-0.0255118606095064,3,2,4,2
4709056,"47",0,0,2,4,3,4
4709058,"47",0.0358191959804567,0.0100989893595022,4,5,5,4
4709060,"47",0.0517460996294088,-0.0267580577734439,4,2,5,2
4709061,"47",-0.0164229000092616,-0.042385046659695,1,1,2,2
4709062,"47",0.0465226947281486,-0.0476640915850904,4,1,5,1
4709064,"47",0.0121007406024697,0.0161564323624751,3,5,4,5
4709065,"47",0.0531952597617054,-0.0782082150298267,4,1,5,1
4709066,"47",0.0240128513706517,0.0272342321610381,4,5,4,5
4709067,"47",-0.00145799043593302,-0.0418733105155379,2,1,3,2
4709069,"47",-0.129344197556794,0.082318167674796,1,5,1,5
4709071,"47",-0.0170830676516389,0.0444895676176071,1,5,2,5
4709072,"47",0.041262321345265,0.00876998796261301,4,4,5,4
4709075,"47",-0.000555277021358123,-0.0211217393780276,2,2,3,2
4709076,"47",0,0,2,4,3,4
4709819,"47",0.14665590447398,0.01506402420286,5,5,5,5
4709820,"47",0.146470815718422,-0.0227728211309331,5,2,5,2
4709821,"47",0.199685981733054,-0.0818557674475683,5,1,5,1
4709822,"47",0,0,2,4,3,4
4709824,"47",NA,NA,NA,NA,NA,NA
4709826,"47",0,0,2,4,3,4
4709828,"47",NA,NA,NA,NA,NA,NA
4709830,"47",NA,NA,NA,NA,NA,NA
4709832,"47",0,0,2,4,3,4
4710002,"47",0.0595024315294895,-0.00854725667481903,5,3,5,3
4710003,"47",0.0274349967273605,-0.0348299763321503,4,1,4,2
4710004,"47",0.0565394503571462,0.0167816939855196,4,5,5,5
4710008,"47",0.0225440639001841,-0.016089132387854,4,2,4,3
4710009,"47",0.0514119522300932,0.0399870211698136,4,5,5,5
4710011,"47",0,0,2,4,3,4
4710014,"47",0.0202952916335654,-0.0487401805198128,3,1,4,1
4710022,"47",0.0544889062366489,-0.00766137663519548,4,3,5,3
4710024,"47",-0.0607341472698929,-0.057534137261616,1,1,1,1
4710027,"47",-0.00855875232309145,0.0200634668254988,1,5,2,5
4710028,"47",0,0,2,4,3,4
4710029,"47",0.103654140411925,-0.0194257075358706,5,2,5,3
4710031,"47",-0.0220598875377751,-0.000821755358867788,1,3,2,3
4710034,"47",0,0,2,4,3,4
4710035,"47",0,0,2,4,3,4
4710036,"47",-0.0229401417328053,-0.0474936625761869,1,1,2,1
4710038,"47",0.0171505186680544,0.0028777014595065,3,4,4,4
4710041,"47",-0.019165111090809,-0.0364351494890759,1,1,2,2
4710043,"47",0.0216756548671766,-0.0957548858493698,4,1,4,1
4710046,"47",0.0121319508470586,-0.0474471732249482,3,1,4,1
4710047,"47",-0.0121328063577744,0.0351756501344166,1,5,2,5
4710052,"47",-0.0261912693322379,-0.0522357176468694,1,1,2,1
4710054,"47",0.0658726066524471,-0.0745070586472144,5,1,5,1
4710056,"47",-0.0549249444750369,-0.0746976729612769,1,1,1,1
4710058,"47",-0.00314900856488293,-0.0132133133241175,2,2,3,3
4710061,"47",0,0,2,4,3,4
4710062,"47",0.00181377976346365,0.00822503130456888,3,4,4,4
4710064,"47",-0.0120514569692185,0.0180797727287339,1,5,2,5
4710066,"47",-0.0233405165381781,-0.0333754465104771,1,1,2,2
4710068,"47",-0.0297465206949077,0.0402001029523189,1,5,1,5
4710071,"47",-0.0525301132042722,-0.0295813628466172,1,2,1,2
4710072,"47",0,0,2,4,3,4
4710801,"47",NA,NA,NA,NA,NA,NA
4710822,"47",0.120128647581722,0.0368416268438491,5,5,5,5
4710823,"47",0.128617102980639,0.0157806698143426,5,5,5,5
4710824,"47",0.0346147068815596,0.0577485717742298,4,5,4,5
4710825,"47",0.140722643788135,-0.0209848897682338,5,2,5,2
4710826,"47",0.115967934426194,-0.00233972305566678,5,3,5,3
4710828,"47",NA,NA,NA,NA,NA,NA
4710832,"47",NA,NA,NA,NA,NA,NA
4710834,"47",NA,NA,NA,NA,NA,NA
4710836,"47",NA,NA,NA,NA,NA,NA
4710838,"47",NA,NA,NA,NA,NA,NA
4710840,"47",0,0,2,4,3,4
4710842,"47",NA,NA,NA,NA,NA,NA
4710843,"47",0,0,2,4,3,4
4710845,"47",NA,NA,NA,NA,NA,NA
4710846,"47",NA,NA,NA,NA,NA,NA
4710847,"47",NA,NA,NA,NA,NA,NA
4710848,"47",NA,NA,NA,NA,NA,NA
4710849,"47",NA,NA,NA,NA,NA,NA
4710850,"47",NA,NA,NA,NA,NA,NA
4710851,"47",NA,NA,NA,NA,NA,NA
4710852,"47",NA,NA,NA,NA,NA,NA
4711002,"47",0.0175784259293683,-0.0583372985969409,3,1,4,1
4711003,"47",-0.0487385079784991,-0.0154683425464239,1,2,1,3
4711004,"47",0.0389057364539062,0.0110709413112035,4,5,5,4
4711006,"47",-0.0343777796474233,-0.0283896147226147,1,2,1,2
4711007,"47",0,0,2,4,3,4
4711008,"47",0.00931011246243036,0.00619285263716747,3,4,4,4
4711009,"47",-0.0967495865958766,-0.0178874941307968,1,2,1,3
4711011,"47",-0.0276844446883006,-0.0360701111847851,1,1,2,2
4711014,"47",-0.0366838041424981,0.0154470775756683,1,5,1,5
4711016,"47",0,0,2,4,3,4
4711018,"47",-0.0267835385834561,-0.0443420662207781,1,1,2,2
4711019,"47",-0.0333640756891758,-0.0144935582052862,1,2,1,3
4711021,"47",0,0,2,4,3,4
4711022,"47",0,0,2,4,3,4
4711024,"47",0.0634681803455975,-0.0397727273418088,5,1,5,2
4711026,"47",0.000420118484211487,-0.0658898708621022,2,1,4,1
4711027,"47",-0.00730720170905868,0.014649207696729,2,5,2,5
4711028,"47",-0.0167454510830285,-0.07967455539969,1,1,2,1
4711029,"47",0,0,2,4,3,4
4711031,"47",-0.0612663641795263,-0.0824857406650078,1,1,1,1
4711032,"47",0.0166731212368396,0.00924614849926468,3,4,4,4
4711034,"47",0.0241375209718801,-0.035351763051267,4,1,4,2
4711036,"47",-0.00392002595818012,0.0146177662824967,2,5,3,5
4711038,"47",-0.0524968629016291,-0.123999548748256,1,1,1,1
4711039,"47",-0.00821016893308937,-0.0490499161668371,2,1,2,1
4711041,"47",0.114641592944919,0.000195539076504044,5,4,5,4
4711042,"47",-0.0973355169133862,-0.0129944854782675,1,3,1,3
4711044,"47",0.00433618977338491,0.0218821451109667,3,5,4,5
4711046,"47",-0.00571218146829595,-0.0249541196551121,2,2,3,2
4711048,"47",-0.00429888347381981,0.0167759557598628,2,5,3,5
4711049,"47",-0.0209697560871534,0.000790996011379295,1,4,2,4
4711052,"47",-0.0319302560371644,-0.0909311491882089,1,1,1,1
4711053,"47",-0.0265146232528661,0.00595065627067499,1,4,2,4
4711054,"47",0.00821324844176037,0.0370116822133548,3,5,4,5
4711056,"47",0.0463560109129592,0.0133420112618315,4,5,5,5
4711058,"47",0,0,2,4,3,4
4711059,"47",0,0,2,4,3,4
4711060,"47",0.00163587080355187,-0.0625087607167689,3,1,4,1
4711061,"47",-0.0348574920404249,-0.0561658615363982,1,1,1,1
4711063,"47",-0.0122074306550106,0.0234279301365861,1,5,2,5
4711064,"47",-0.105511296227522,0.00449665187643537,1,4,1,4
4711065,"47",-0.024939512791259,-0.0548601200635249,1,1,2,1
4711066,"47",-0.0135614216673093,0.00921090217464409,1,4,2,4
4711067,"47",-0.0106105317298659,-0.0209400086551412,1,2,2,2
4711068,"47",-0.0160697232173812,-0.028253205252502,1,2,2,2
4711069,"47",-0.021269499122659,-0.0275333273264653,1,2,2,2
4711070,"47",-0.0208926166544556,-0.0183579454007672,1,2,2,3
4711071,"47",-0.136673052880487,0.0597574030502234,1,5,1,5
4711072,"47",0.030595063676791,0.01052201467959,4,5,4,4
4711073,"47",-0.0343681162647077,-0.0153909580714228,1,2,1,3
4711075,"47",0.00682619392549211,-0.0539261348869746,3,1,4,1
4711076,"47",-0.0198297979966031,-0.0322970163006548,1,1,2,2
4711077,"47",-0.0248930652304725,-0.0282611407518157,1,2,2,2
4711078,"47",0,0,2,4,3,4
4711079,"47",0.000694044417777246,0.022708872903378,2,5,4,5
4711091,"47",-0.0551477484061843,-0.0322412103227255,1,1,1,2
4711092,"47",0.0134568452103897,0.020127392947897,3,5,4,5
4711094,"47",0,0,2,4,3,4
4711096,"47",-0.0675367495272782,-0.051397175907595,1,1,1,1
4711828,"47",0.0728285419191687,0.0433172747459254,5,5,5,5
4712001,"47",0,0,2,4,3,4
4712004,"47",0,0,2,4,3,4
4712006,"47",-0.0335850311945641,0.0173914462583013,1,5,1,5
4712008,"47",-0.0802726269991859,-0.0569300401140953,1,1,1,1
4712011,"47",0,0,2,4,3,4
4712012,"47",-0.0779917238416633,0.0470207000119173,1,5,1,5
4712014,"47",0,0,2,4,3,4
4712016,"47",-0.00192020242676508,0.00407789083511848,2,4,3,4
4712019,"47",-0.00754021058495936,0.0258882844884653,2,5,2,5
4712020,"47",-0.0290943634946846,-0.0409927510686426,1,1,1,2
4712022,"47",-0.0272493212227938,-0.085951436875434,1,1,2,1
4712026,"47",0.00938832812858133,-0.0247265034866752,3,2,4,2
4712029,"47",-0.0561735792094862,-0.0678218743476391,1,1,1,1
4712031,"47",0,0,2,4,3,4
4712032,"47",0.0358431695833116,0.0079157794803154,4,4,5,4
4712034,"47",-0.0101973346011182,-0.06872152768946,1,1,2,1
4712038,"47",0,0,2,4,3,4
4712042,"47",0,0,2,4,3,4
4712046,"47",-0.00155592648678926,0.0165734420521475,2,5,3,5
4712050,"47",0,0,2,4,3,4
4712051,"47",-0.00697892128176143,0.0359246225712374,2,5,2,5
4712052,"47",0,0,2,4,3,4
4712054,"47",-0.0224320492144261,-0.0288194563069775,1,2,2,2
4712056,"47",0.011944709497152,0.00202768205983151,3,4,4,4
4712058,"47",0.0179707739447118,0.00446359054539731,3,4,4,4
4712059,"47",0.026017770584177,0.00424922507517579,4,4,4,4
4712064,"47",0,0,2,4,3,4
4712069,"47",-0.0273471211629184,0.00155702029673055,1,4,2,4
4712072,"47",0.104255176461518,-0.0253907769069863,5,2,5,2
4712078,"47",-0.000434087745561208,-0.029547596498194,2,2,3,2
4712079,"47",-0.00990771291766673,-0.000721420368639287,1,3,2,3
4712829,"47",0.172327780184694,0.00120947686387315,5,4,5,4
4712830,"47",0.239304928152525,-0.0473502741604268,5,1,5,1
4712832,"47",0.24280155913713,-0.0823282104465577,5,1,5,1
4712833,"47",0.145286878957802,0.00825268438496508,5,4,5,4
4712837,"47",0,0,2,4,3,4
4712870,"47",NA,NA,NA,NA,NA,NA
4713002,"47",-0.0821611926108691,-0.00466667672976694,1,3,1,3
4713004,"47",0,0,2,4,3,4
4713006,"47",-0.0184165090708601,-0.00897483313973787,1,3,2,3
4713008,"47",-0.0167292268636687,0.00656905772084217,1,4,2,4
4713009,"47",-0.00290458625166899,-0.0445281817349009,2,1,3,2
4713011,"47",-0.00753735627445749,0.00672857928004084,2,4,2,4
4713014,"47",0,0,2,4,3,4
4713016,"47",-0.0455147796563431,-0.0708128261756791,1,1,1,1
4713019,"47",0,0,2,4,3,4
4713021,"47",0,0,2,4,3,4
4713022,"47",0,0,2,4,3,4
4713024,"47",-0.00884991615704491,-0.0208854195300481,1,2,2,2
4713026,"47",-0.0151188536572765,0.0185060473547875,1,5,2,5
4713028,"47",-0.0497529365168195,-0.0173517861342495,1,2,1,3
4713029,"47",0.0135436533683008,0.00878113081310997,3,4,4,4
4713031,"47",-0.0572524185646641,0.0362627215144469,1,5,1,5
4713032,"47",-0.0279950015678163,-0.0531262438396277,1,1,2,1
4713038,"47",0,0,2,4,3,4
4713039,"47",0,0,2,4,3,4
4713041,"47",-0.021000445414629,-0.0315626442381566,1,1,2,2
4713042,"47",-0.00439159398861709,0.0168531784710509,2,5,3,5
4713044,"47",-0.00985835493126788,0.0186223033244861,1,5,2,5
4713046,"47",-0.0456077687918458,-0.0303848779786829,1,2,1,2
4713049,"47",-0.0498781462473208,-0.0778115143391528,1,1,1,1
4713051,"47",0.00233566216887794,-0.00503896449963123,3,3,4,3
4713053,"47",0,0,2,4,3,4
4713054,"47",0.0673127689881364,-0.0409139130370126,5,1,5,2
4713056,"47",-0.0392971228949551,-0.0665628457365983,1,1,1,1
4713059,"47",0,0,2,4,3,4
4713062,"47",0.0558074363043606,-0.0392587198762861,4,1,5,2
4713064,"47",0.005404855039831,-0.0645535885367441,3,1,4,1
4713067,"47",-0.0128685729312753,0.0192396966603042,1,5,2,5
4713068,"47",-0.0510386924290621,-0.0647321408661045,1,1,1,1
4713069,"47",-0.00871667766007174,0.0116742928355418,1,5,2,4
4713072,"47",-0.0425114912639253,-0.0384116704756787,1,1,1,2
4713074,"47",-0.0102241372047763,0.00163317485011828,1,4,2,4
4713076,"47",-0.0632550686302248,-0.0150455855385626,1,2,1,3
4713078,"47",0,0,2,4,3,4
4713079,"47",-0.0222217057003517,-0.0669875185825867,1,1,2,1
4713091,"47",0.0321197724030116,0.00873074612504687,4,4,4,4
4713092,"47",0,0,2,4,3,4
4713094,"47",0.0163968946571949,0.0141568694596602,3,5,4,5
4713096,"47",-0.0441313797114074,-0.0406335015056873,1,1,1,2
4713098,"47",0.033672314165209,0.0227669173092706,4,5,4,5
4713835,"47",0.118888976629804,0.0624208342071219,5,5,5,5
4713836,"47",0.157207252971519,0.00855994803908994,5,4,5,4
4714001,"47",-0.00242393440066407,-0.0147186290896526,2,2,3,3
4714004,"47",-0.00462633593259159,0.02445751881344,2,5,3,5
4714006,"47",-0.0141274790155416,-0.0205302291286767,1,2,2,2
4714007,"47",-0.0172848511326575,0.00907336206048258,1,4,2,4
4714009,"47",0,0,2,4,3,4
4714021,"47",0.0130924630815567,-0.0591940445846301,3,1,4,1
4714022,"47",-0.0024888794457931,0.0281688527251869,2,5,3,5
4714023,"47",-0.0153409436391279,-0.0298104921964941,1,2,2,2
4714024,"47",0.0140050196087651,-0.00851315227672559,3,3,4,3
4714025,"47",0,0,2,4,3,4
4714026,"47",-0.00174155856893845,-0.0225892907525259,2,2,3,2
4714028,"47",0.035404240395773,0.0238394797414357,4,5,5,5
4714030,"47",0.125174294990117,-0.0316456016433509,5,1,5,2
4714032,"47",-0.0162398903343408,0.0296914434308304,1,5,2,5
4714034,"47",-0.0138912297491001,-0.0212030667766376,1,2,2,2
4714035,"47",-0.00751420118754972,-0.00910472229390027,2,3,2,3
4714036,"47",0.0750497290585646,-0.0120234081080153,5,3,5,3
4714038,"47",0.000938576743769246,-0.0273141728214194,2,2,4,2
4714039,"47",0,0,2,4,3,4
4714041,"47",0.0456362044820262,-0.00222093072322193,4,3,5,3
4714043,"47",-0.023623204049783,-0.042797797026018,1,1,2,2
4714044,"47",-0.0174436657380743,0.0195592027353422,1,5,2,5
4714047,"47",-0.000380570815921479,-0.0159079854455098,2,2,3,3
4714048,"47",0,0,2,4,3,4
4714049,"47",0.0200344000672664,0.0297495888448971,3,5,4,5
4714051,"47",-0.00952554546563591,0.00672736470614284,1,4,2,4
4714053,"47",-0.0133551093564688,-0.0462482610910164,1,1,2,1
4714056,"47",0.000544644767289593,-0.0693904192059543,2,1,4,1
4714058,"47",-0.0986485218266208,0.0253584950080257,1,5,1,5
4714059,"47",-0.0478036812654484,-0.0313355978621173,1,1,1,2
4714061,"47",0.0429665762974061,0.00751967645526519,4,4,5,4
4714062,"47",-0.0159068700700187,0.0190860854211502,1,5,2,5
4714067,"47",0.0158164024273207,-0.0691556356276447,3,1,4,1
4714068,"47",-0.0384968190290287,-0.00290673778943566,1,3,1,3
4714069,"47",-0.0186984083855713,0.0156314265943274,1,5,2,5
4714072,"47",-0.0266484180918912,-0.0429402933239594,1,1,2,2
4714073,"47",-0.0654702486588415,0.091101023014207,1,5,1,5
4714074,"47",-0.0768060565363661,0.0393005880786553,1,5,1,5
4714076,"47",0.0189789088064221,0.00216214213635768,3,4,4,4
4714077,"47",-0.00954868049078175,-0.0227212043418753,1,2,2,2
4714079,"47",0.0925260817609102,0.0104560883587861,5,5,5,4
4714091,"47",-0.0698146527858448,0.0265640641161573,1,5,1,5
4714092,"47",0.034993007554285,0.0294977590998313,4,5,5,5
4714093,"47",0.0944857359478174,-0.0475089554717609,5,1,5,1
4714839,"47",0.220671043638209,-0.10851731786591,5,1,5,1
4714840,"47",0.145012591604326,-0.120450793333684,5,1,5,1
4714841,"47",0.168647272519214,0.0142345351872604,5,5,5,5
4714842,"47",0.147091146043507,-0.0358128007790006,5,1,5,2
4714843,"47",0.149414576902533,-0.104747000601391,5,1,5,1
4714845,"47",0.188087392506861,-0.0607249309221434,5,1,5,1
4714846,"47",NA,NA,NA,NA,NA,NA
4715001,"47",-0.0224140726060379,-0.0414483023032307,1,1,2,2
4715002,"47",-0.0335280671433481,-0.027991490528206,1,2,1,2
4715003,"47",-0.0280410298351813,-0.10172340862371,1,1,2,1
4715004,"47",-0.00619108012959754,-0.0319267854716366,2,1,3,2
4715005,"47",-0.0221706706293407,0.0279885615188449,1,5,2,5
4715006,"47",-0.0262519581044174,-0.031923539664977,1,1,2,2
4715007,"47",-0.0208425546936915,-0.060845853362942,1,1,2,1
4715008,"47",-0.014932130602186,-0.00630375034413859,1,3,2,3
4715011,"47",-0.0330064353873405,-0.0530796386089463,1,1,1,1
4715012,"47",0.0352690798763143,0.0257983107527254,4,5,5,5
4715014,"47",-0.0286021817229498,-0.0434317718141865,1,1,2,2
4715016,"47",0.0526303469656216,-0.00413776412327347,4,3,5,3
4715017,"47",0.00802127079289236,0.00244486454196476,3,4,4,4
4715018,"47",-0.0536039296946646,-0.0479348293214319,1,1,1,1
4715019,"47",-0.0111110256159234,-0.00355237394233153,1,3,2,3
4715026,"47",-0.013863634514558,-0.0308933406275692,1,2,2,2
4715027,"47",0.010257174428747,-0.0197389104398977,3,2,4,2
4715028,"47",0.0204540932608788,-0.0395660275433196,3,1,4,2
4715029,"47",0.0201593343511641,-0.0255079560488802,3,2,4,2
4715031,"47",0.00439233050644263,-0.0732401339347271,3,1,4,1
4715032,"47",0.0058332009370785,-0.00101696370175823,3,3,4,3
4715034,"47",-0.0125498694140459,-0.00627009557306742,1,3,2,3
4715036,"47",-0.00428561728602042,-0.0379260169426314,2,1,3,2
4715038,"47",0.121924428417994,0.0108417855693154,5,5,5,4
4715039,"47",-0.0472583785109611,-0.0594176101268917,1,1,1,1
4715041,"47",-0.00262593027739393,0.010343446285747,2,5,3,4
4715042,"47",0.0155782670316704,0.00483531501260228,3,4,4,4
4715043,"47",-0.0850051829582787,-0.0234046613394777,1,2,1,2
4715044,"47",0,0,2,4,3,4
4715045,"47",-0.00456499684120432,-0.0593590587360988,2,1,3,1
4715046,"47",0,0,2,4,3,4
4715047,"47",-0.0381371753509182,0.0126016932024949,1,5,1,4
4715048,"47",-0.04791736022037,-0.0662574166500582,1,1,1,1
4715049,"47",-0.0188821256618068,-0.0112760267763594,1,3,2,3
4715051,"47",-0.0701651300763605,-0.0317720461551212,1,1,1,2
4715052,"47",0,0,2,4,3,4
4715054,"47",-0.00328423516308925,-0.0304749406440227,2,2,3,2
4715057,"47",-0.00281957367097692,-0.0317058016639613,2,1,3,2
4715059,"47",0.0379840213241756,0.0180843945535046,4,5,5,5
4715061,"47",-0.0103353392916371,-0.00678530478521299,1,3,2,3
4715062,"47",0.0200908436732957,0.0255911828935968,3,5,4,5
4715064,"47",-0.011692182883496,-0.0199115778257882,1,2,2,2
4715066,"47",0.0222745152795897,0.0199642326691564,4,5,4,5
4715067,"47",-0.0301086338501821,-0.0438747836149942,1,1,1,2
4715068,"47",0.0104309726164731,0.0213707556785213,3,5,4,5
4715070,"47",-0.0355690290205234,-0.018923217109554,1,2,1,3
4715071,"47",0.00793513169535174,-0.0286397109505519,3,2,4,2
4715072,"47",0.123844205423728,0.00190588041928245,5,4,5,4
4715074,"47",0.0138302690286289,0.0375796562693223,3,5,4,5
4715075,"47",-0.0429990559398918,-0.0400291426212616,1,1,1,2
4715076,"47",0.0015490208542637,-0.00423802543172193,3,3,4,3
4715079,"47",-0.0356544464177626,-0.0304517028118188,1,2,1,2
4715085,"47",0,0,2,4,4,4
4715091,"47",0.00219151692283242,-0.10857846054865,3,1,4,1
4715092,"47",0,0,2,4,4,4
4715094,"47",-0.0134854760282449,-0.0290519328528406,1,2,2,2
4715098,"47",0.00502330143081084,0.054853685745091,3,5,4,5
4715099,"47",-0.0130348197040554,-0.0256711397256034,1,2,2,2
4715820,"47",-0.0120204980474672,-0.163039415360662,1,1,2,1
4715844,"47",0.193609298381647,-0.0434458312222666,5,1,5,2
4715845,"47",0.139977829995874,-0.0120185101554203,5,3,5,3
4715847,"47",0.119234881586883,0.0165825385553239,5,5,5,5
4715848,"47",0.105903251736439,-0.00129661931700821,5,3,5,3
4715849,"47",0.169569398553293,-0.0603966929516501,5,1,5,1
4715850,"47",0.14811432287463,-0.000231335473238387,5,3,5,3
4715851,"47",0.132704860683578,-0.0275298169227527,5,2,5,2
4715853,"47",0.155939482931332,-0.0883236996651518,5,1,5,1
4715857,"47",NA,NA,NA,NA,NA,NA
4715859,"47",0,0,2,4,4,4
4715860,"47",NA,NA,NA,NA,NA,NA
4715861,"47",NA,NA,NA,NA,NA,NA
4715862,"47",0,0,2,4,4,4
4716002,"47",0.0959098591071899,-0.0601531459000372,5,1,5,1
4716003,"47",0,0,2,4,4,4
4716004,"47",0.0855472755409901,0.0176098582014905,5,5,5,5
4716005,"47",-0.0464732693086161,-0.032929064082221,1,1,1,2
4716008,"47",-0.021257770256843,-0.0997379188039759,1,1,2,1
4716009,"47",0.028103317161584,0.0245640933026217,4,5,4,5
4716011,"47",0.0123778139986677,0.0193556910435197,3,5,4,5
4716013,"47",-0.0284431738813363,-0.0329115401769379,1,1,2,2
4716014,"47",0.0285199622044076,0.00913439817984392,4,4,4,4
4716016,"47",0.0192246731276149,0.0550392708978988,3,5,4,5
4716018,"47",-0.00579676127886484,-0.0495374771774635,2,1,3,1
4716019,"47",0,0,2,4,4,4
4716022,"47",0.025846088657599,0.0229405964491498,4,5,4,5
4716023,"47",0.0230117930079171,-0.0408643847442863,4,1,4,2
4716024,"47",0.191801111878025,-0.0351352835633409,5,1,5,2
4716026,"47",0,0,2,4,4,4
4716027,"47",0,0,2,4,4,4
4716028,"47",-0.0182566469070806,-0.0293040362610789,1,2,2,2
4716029,"47",0.0123608847332513,0.0230912561610838,3,5,4,5
4716033,"47",0.00276829437617284,-0.0324748870244513,3,1,4,2
4716038,"47",0.00114451707005093,-0.0248250575918427,2,2,4,2
4716041,"47",-0.00681901141335925,-0.0104007203058721,2,3,2,3
4716042,"47",0.0213099595400082,0.0213906203578877,4,5,4,5
4716043,"47",-0.0953090696690368,0.00105239023505406,1,4,1,4
4716044,"47",-0.128529633996542,0.0519004734376681,1,5,1,5
4716046,"47",-0.0104735519977869,-0.0399388336256801,1,1,2,2
4716047,"47",-0.0133149347731611,0.0246310718139339,1,5,2,5
4716051,"47",-0.0283268676346569,-0.0115556855509645,1,3,2,3
4716052,"47",0.0374473866063669,0.0269133580229472,4,5,5,5
4716053,"47",-0.120057126821812,0.0251356859098346,1,5,1,5
4716054,"47",0.00230819877012799,0.0196453210453812,3,5,4,5
4716056,"47",-0.0137595968530187,-0.0291273844631181,1,2,2,2
4716057,"47",0.0152653867890158,0.0450847839112316,3,5,4,5
4716058,"47",-0.0158801327583166,0.0225082915189796,1,5,2,5
4716059,"47",0,0,2,4,4,4
4716060,"47",0,0,2,4,4,4
4716061,"47",0.031498636531723,-0.00688982045013832,4,3,4,3
4716062,"47",-0.000802722167669502,-0.0207444787426264,2,2,3,2
4716063,"47",0.00501266521197058,0.0375305777127332,3,5,4,5
4716072,"47",-0.000745688258513587,0.0437636953263468,2,5,3,5
4716075,"47",0.0025200364479932,-0.0499759767586427,3,1,4,1
4716077,"47",0.115521413736436,-0.0196376363765896,5,2,5,3
4716840,"47",0,0,2,4,4,4
4716854,"47",0.155051270848952,0.035857358500569,5,5,5,5
4716855,"47",0.139839598189546,-0.00607268484160243,5,3,5,3
4716856,"47",0.177495982416175,-0.0443163718496335,5,1,5,2
4716857,"47",NA,NA,NA,NA,NA,NA
4716858,"47",0.156606949395055,-0.0310227274541001,5,2,5,2
4716859,"47",NA,NA,NA,NA,NA,NA
4716860,"47",0.156244414895894,0.00105636381414033,5,4,5,4
4716861,"47",0,0,2,4,4,4
4716862,"47",0.138327761141143,-0.0726525588995773,5,1,5,1
4716863,"47",0.174617663418682,-0.0712203115079669,5,1,5,1
4716870,"47",NA,NA,NA,NA,NA,NA
4716872,"47",NA,NA,NA,NA,NA,NA
4716880,"47",0,0,2,4,4,4
4716882,"47",0,0,2,4,4,4
4716886,"47",NA,NA,NA,NA,NA,NA
4716888,"47",NA,NA,NA,NA,NA,NA
4716891,"47",NA,NA,NA,NA,NA,NA
4716894,"47",NA,NA,NA,NA,NA,NA
4717001,"47",-0.0202898055760088,-0.0371659825516383,1,1,2,2
4717002,"47",0.0484632207648475,0.00495396956603653,4,4,5,4
4717004,"47",0,0,2,4,4,4
4717005,"47",0.0957014443330324,-0.0349687871284204,5,1,5,2
4717006,"47",-0.059416736496352,0.00628680745638847,1,4,1,4
4717008,"47",0.00395317835104636,-0.0488785674875346,3,1,4,1
4717011,"47",0.00192908147861842,0.00742586527127739,3,4,4,4
4717013,"47",-0.0457140461443232,-0.00642877044401184,1,3,1,3
4717014,"47",0.0500167462013844,0.0227637414488714,4,5,5,5
4717017,"47",-0.0285600232848196,-0.03895393597633,1,1,2,2
4717018,"47",-0.00947361944897322,0.0295544743935225,1,5,2,5
4717019,"47",-0.0468149447153456,0.0608104164560591,1,5,1,5
4717022,"47",-0.0124260359861438,-0.0488449301694105,1,1,2,1
4717024,"47",-0.00736114456014252,0.00999364963751196,2,5,2,4
4717026,"47",0.0366604528956276,-0.0137167539421525,4,2,5,3
4717028,"47",-0.00839074152519937,-0.0351253603032114,2,1,2,2
4717029,"47",0.0121590539581098,0.0185101736340171,3,5,4,5
4717032,"47",-0.00909227242931402,-0.0267461427903608,1,2,2,2
4717034,"47",-0.00836476883814629,0.0217472429862777,2,5,2,5
4717036,"47",0.0465509923936404,0.00708720240292505,4,4,5,4
4717039,"47",0.0115044215983257,-0.0734316671402331,3,1,4,1
4717041,"47",-0.00829644931857781,0.0112499426732127,2,5,2,4
4717042,"47",0,0,2,4,4,4
4717045,"47",-0.0101793564018123,-0.0172871575799155,1,2,2,3
4717047,"47",0.0156608907317038,-0.0416010686312021,3,1,4,2
4717048,"47",0.0697132931455513,-0.00992950889409261,5,3,5,3
4717052,"47",0.0180993920433015,0.00701696462016621,3,4,4,4
4717053,"47",0,0,2,4,4,4
4717054,"47",-0.0110586044004015,-0.0273530991397227,1,2,2,2
4717055,"47",0.0928107090415977,-0.00215146766207372,5,3,5,3
4717056,"47",-0.0012380548484327,-0.0570837836385081,2,1,3,1
4717057,"47",0,0,2,4,4,4
4717058,"47",0.0268055026715753,0.016758416232803,4,5,4,5
4717062,"47",0.00775684401503551,-0.0477739228088247,3,1,4,1
4717066,"47",0.0170940749207174,0.038996105803335,3,5,4,5
4717067,"47",0.0151855828430322,0.0263989292721289,3,5,4,5
4717801,"47",0.192764307653415,-0.0421779380860008,5,1,5,2
4717802,"47",0.164456841901189,-0.0221959308366892,5,2,5,2
4717803,"47",0.169994096330222,-0.0121303296667603,5,3,5,3
4717804,"47",0,0,2,4,4,4
4717805,"47",0.0877162284112627,0.000772356780855872,5,4,5,4
4717806,"47",0.11264959341325,0.0125407140975432,5,5,5,4
4717807,"47",0.149155328914136,-0.0538268102383368,5,1,5,1
4717808,"47",0,0,2,4,4,4
4717809,"47",0.185009646251001,-0.0602887856924392,5,1,5,1
4717810,"47",0.203340525086129,-0.121480123883017,5,1,5,1
4717811,"47",0.18362660768409,-0.0614076768887425,5,1,5,1
4717812,"47",0.171812262504501,0.0141466480060006,5,5,5,5
4717813,"47",0.170975243128828,-0.0301294563981429,5,2,5,2
4717815,"47",0,0,2,4,4,4
4717816,"47",0.0907055669867327,-0.0458854558977792,5,1,5,1
4717817,"47",NA,NA,NA,NA,NA,NA
4717819,"47",0,0,2,4,4,4
4717830,"47",NA,NA,NA,NA,NA,NA
4717831,"47",NA,NA,NA,NA,NA,NA
4717832,"47",NA,NA,NA,NA,NA,NA
4718005,"47",0.131498910554575,0.00326366211137641,5,4,5,4
4718012,"47",0,0,2,4,4,4
4718015,"47",0.0596712091787931,-0.102279721192308,5,1,5,1
4718021,"47",0.104582812469706,0.0192271915137575,5,5,5,5
4718023,"47",0,0,2,4,4,4
4718028,"47",0.110960376320887,-0.0134135778980747,5,2,5,3
4718030,"47",0.190055262976937,-0.0977450672303951,5,1,5,1
4718033,"47",0.0536326517782349,0.0137957659566526,4,5,5,5
4718041,"47",0.0189883680130088,0.00711902912167096,3,4,4,4
4718042,"47",0.0358398775352183,-0.00396874508896838,4,3,5,3
4718049,"47",-0.00825057044149861,-0.00518608787214011,2,3,2,3
4718051,"47",0.00595015279084959,0.00578617006150993,3,4,4,4
4718052,"47",-0.0847584769675493,0.0555584771533991,1,5,1,5
4718055,"47",0.142042461391508,-0.0857119403794453,5,1,5,1
4718058,"47",0.141019053320164,-0.0101072772462992,5,3,5,3
4718065,"47",0.142892576073274,-0.0161410865223943,5,2,5,3
4718067,"47",0.0943920133150342,-0.0208683797126074,5,2,5,2
4718069,"47",0.143593697205106,-0.0405415786561066,5,1,5,2
4718070,"47",0.0477466645476115,-0.00930202143279329,4,3,5,3
4718071,"47",0.235428889241722,-0.14424889985412,5,1,5,1
4718072,"47",0,0,2,4,4,4
4718074,"47",0.160938275524767,-0.0565410837275734,5,1,5,1
4718075,"47",0.1689359709455,-0.0875333051198463,5,1,5,1
4718089,"47",0,0,2,4,4,4
4718090,"47",0.051035258252018,-0.040307222031556,4,1,5,2
4718100,"47",0.130452255757359,-0.0695133859419342,5,1,5,1
4718801,"47",0.150116036725371,-0.0361249874863599,5,1,5,2
4718802,"47",0.168078964196922,-0.0630817925355985,5,1,5,1
4718803,"47",0.176609920358202,-0.0358598226318578,5,1,5,2
4718806,"47",0.203187632939538,-0.0412140102398797,5,1,5,2
4718807,"47",0.12577158053086,-0.0402722093966588,5,1,5,2
4718808,"47",0.209465363301115,-0.0455890722929321,5,1,5,1
4718809,"47",0.170920395306027,-0.0281947758237641,5,2,5,2
4718811,"47",0.169246809536556,0.00237972955923002,5,4,5,4
4718812,"47",0.198134669422505,-0.0385874343900766,5,1,5,2
4718813,"47",NA,NA,NA,NA,NA,NA
4718814,"47",0.138860414862273,-0.0313426049345998,5,1,5,2
4718815,"47",0.198079444015572,-0.14701489640749,5,1,5,1
4718817,"47",0.12837074881312,-0.00897081167445673,5,3,5,3
4718818,"47",0.142132278458192,-0.042063485967932,5,1,5,2
4718819,"47",0.120284949218038,-0.0378015115502283,5,1,5,2
4718820,"47",0.192376599440061,-0.0544861874190605,5,1,5,1
4718821,"47",NA,NA,NA,NA,NA,NA
4718822,"47",0.130432607888369,-0.0165213660428972,5,2,5,3
4718823,"47",NA,NA,NA,NA,NA,NA
4718824,"47",0.171139766316829,-0.0795111056113267,5,1,5,1
4718825,"47",0,0,2,4,4,4
4718826,"47",0.188066313161806,-0.15422043440826,5,1,5,1
4718827,"47",0.159893092404242,-0.058799506364968,5,1,5,1
4718828,"47",0.226383167408397,-0.116940870008578,5,1,5,1
4718829,"47",0,0,2,4,4,4
4718831,"47",0.211448086867333,0.00241748483255745,5,4,5,4
4718832,"47",0.206997919733302,-0.0721630279970058,5,1,5,1
4718839,"47",0.162789465766965,-0.0421001463050206,5,1,5,2
4718844,"47",NA,NA,NA,NA,NA,NA
4718849,"47",NA,NA,NA,NA,NA,NA
4718852,"47",0.198390879556401,-0.0843481055560996,5,1,5,1
4718854,"47",NA,NA,NA,NA,NA,NA
4718855,"47",0,0,2,4,4,4
4718860,"47",NA,NA,NA,NA,NA,NA
4801003,"48",-0.0240528600509359,-0.0350522146800609,1,1,1,1
4801006,"48",0.0070068188492529,0.0139688492898433,3,5,3,4
4801008,"48",0.0229111167648542,-0.04980292952903,4,1,4,1
4801009,"48",-0.0345043257348186,0.00742667076154733,1,4,1,4
4801014,"48",0.0551775365983577,-0.0239674194410631,4,2,5,2
4801018,"48",0.0217742101855276,-0.00179364327608369,4,3,4,3
4802001,"48",-0.00334991236416545,-0.013254721186564,2,2,2,2
4802002,"48",0.0526531614848541,0.00285274070274696,4,4,4,3
4802004,"48",0.0165667540151266,0.00173435584169145,3,4,4,3
4802006,"48",0.0657433082056151,-0.0408362399083459,5,1,5,1
4802008,"48",0.00878881605702472,-0.0282211924477148,3,2,3,2
4802009,"48",0.0219766889210347,-0.0281662739980114,4,2,4,2
4802011,"48",-0.00754008410595058,-0.050139455192733,2,1,2,1
4802012,"48",-0.00648876055105174,0.008065928045066,2,4,2,4
4802013,"48",0.00160486249206602,0.00656355467359634,3,4,3,4
4802014,"48",0.0307202645754091,-0.059430340350785,4,1,4,1
4802016,"48",0.106817041454062,-0.0228356760889911,5,2,5,2
4802018,"48",0.026898839392813,-0.0135776659203073,4,2,4,2
4802019,"48",0.00795727870280755,-0.0197090001856632,3,2,3,2
4802021,"48",0.035837824478969,-0.0516675584897108,4,1,4,1
4802022,"48",0.0283879846947718,-0.00702927045181899,4,3,4,3
4802023,"48",0.0677425267690247,-0.0837069744970795,5,1,5,1
4802029,"48",0.0737573853867107,-0.0336600178284995,5,1,5,1
4802031,"48",0.00173768406541815,-0.0332958895147747,3,1,3,1
4802034,"48",0.0303062971165128,-0.00540610303165546,4,3,4,3
4802036,"48",0.0232491976155133,-0.0105481504546381,4,3,4,2
4802038,"48",0.0528295037806489,-0.053434326558488,4,1,4,1
4802039,"48",0.0156269064481252,0.0187060933323803,3,5,4,5
4803001,"48",-0.00903457754676983,-0.0122679830142283,1,3,2,2
4803002,"48",-0.00668031587747011,-0.0198902149057395,2,2,2,2
4803003,"48",0,0,2,4,2,3
4803004,"48",0.00577006341683571,-0.0126480938714857,3,3,3,2
4803006,"48",-0.00165360758070458,0.00344759179809857,2,4,2,4
4803008,"48",0.0350928451929495,-0.0272877398450202,4,2,4,2
4803011,"48",-0.0214659998779005,-0.00702234497734317,1,3,1,3
4803014,"48",-0.00668532432282382,0.0225894026019413,2,5,2,5
4803016,"48",-0.0221490381344082,0.0332387612342451,1,5,1,5
4803018,"48",-0.0129004298965192,-0.0201360887087594,1,2,1,2
4803019,"48",0.0173472065422574,0.0105128930783495,3,5,4,4
4803022,"48",0.0074342549526458,0.00788465840457128,3,4,3,4
4803024,"48",0.0167823961342266,0.0251715496396016,3,5,4,5
4803026,"48",-0.00538109733679781,-0.00149607179953579,2,3,2,3
4803801,"48",0.140928659153548,-0.0171238783649046,5,2,5,2
4803802,"48",0.144265663873071,-0.0436041111403748,5,1,5,1
4803803,"48",NA,NA,NA,NA,NA,NA
4803805,"48",0,0,2,4,2,3
4804001,"48",0,0,2,4,2,3
4804004,"48",-0.0268927465848,-0.0242014753233864,1,2,1,2
4804006,"48",0.0465607094735831,0.00909118939743692,4,4,4,4
4804011,"48",0.0117666171021797,0.00797112268640156,3,4,4,4
4804012,"48",-0.0343344796119847,-0.0365087474725085,1,1,1,1
4804014,"48",-0.00159298866489719,0.00461885206416992,2,4,2,4
4804019,"48",0.0860488319801868,-0.0388584401065196,5,1,5,1
4804020,"48",-0.0293132487382977,-0.0196154945228772,1,2,1,2
4804021,"48",0.0706747515321658,0.0196425360712933,5,5,5,5
4804022,"48",-0.00969831921513377,0.0181158384077033,1,5,2,4
4805001,"48",-0.00143732623084005,-0.00984959209465751,2,3,2,2
4805002,"48",0.0243869615333348,0.0260668686869625,4,5,4,5
4805004,"48",0.0265129715144288,0.00845123696866898,4,4,4,4
4805006,"48",0.0025951237467547,-0.00227789944672539,3,3,3,3
4805008,"48",0.0784505578775329,0.0346303273511485,5,5,5,5
4805009,"48",-0.0945865841142846,0.0755342224852426,1,5,1,5
4805011,"48",-0.00286852775972087,-0.0720700561125335,2,1,2,1
4805012,"48",-0.00833985308560016,-0.0204519942947599,2,2,2,2
4805018,"48",0.00154380296766095,0.00492620221826096,3,4,3,4
4805019,"48",-0.00432173507169371,0.0748122589654245,2,5,2,5
4805021,"48",0.0128180704854931,0.00609606567299673,3,4,4,4
4805022,"48",0,0,2,4,2,3
4805026,"48",-0.00642305661539862,0.0278712072260557,2,5,2,5
4805031,"48",-0.00605135325202277,-0.0199662073787347,2,2,2,2
4805034,"48",-0.0254594838185526,-0.0243447621960569,1,2,1,2
4805036,"48",-0.0476766509638685,-0.0356344323485388,1,1,1,1
4805038,"48",-0.0403042773428372,0.0303794972565352,1,5,1,5
4805041,"48",-0.00778999917390295,-0.0296037847792753,2,2,2,2
4805042,"48",0.00578227915513067,0.0288355254856117,3,5,3,5
4805044,"48",0.00871455738541036,0.0274362190182221,3,5,3,5
4805046,"48",0.0136480819974196,0.0145993405170801,3,5,4,4
4805048,"48",0.00158513800539894,-0.0121080537604054,3,3,3,2
4805049,"48",0.00556528074921227,0.0140931289572965,3,5,3,4
4805802,"48",0.119045916423339,0.0189490982282061,5,5,5,5
4806001,"48",-0.0451296067236969,-0.0379042152882373,1,1,1,1
4806006,"48",-0.003406726619894,0.0052718768345162,2,4,2,4
4806008,"48",-0.00104673923536003,-0.00485879050526673,2,3,2,3
4806009,"48",-0.00221699462427719,0.00133353159213805,2,4,2,3
4806011,"48",-0.00229837667973893,0.00804861910186442,2,4,2,4
4806012,"48",-0.0212550286761573,-0.0149490987043335,1,2,1,2
4806014,"48",-0.0402261079541975,-0.0496930778214198,1,1,1,1
4806016,"48",-0.0100844509906342,-0.00491215074817943,1,3,2,3
4806017,"48",-0.00215961661863204,-0.0421729564716373,2,1,2,1
4806019,"48",-0.0280721036548969,-0.0095476652966878,1,3,1,3
4806021,"48",-0.0115754998672379,-0.00585521021613693,1,3,1,3
4806022,"48",0.0138543565887361,0.0063021290925593,3,4,4,4
4806024,"48",0.0422789497218195,0.00708443160589146,4,4,4,4
4806026,"48",-0.00505770881515117,-0.0119848797097274,2,3,2,2
4806028,"48",-0.0243339559067674,-0.0266676847900982,1,2,1,2
4806029,"48",-0.00301388462903716,-0.00691812598816034,2,3,2,3
4806031,"48",-0.00553326554842373,0.0437900910386373,2,5,2,5
4806032,"48",0.0062101904275015,0.00302672607825255,3,4,3,3
4806034,"48",-0.00768139451778502,0.00168940986154564,2,4,2,3
4806036,"48",0.0123370282022637,0.0167142898525274,3,5,4,4
4806803,"48",NA,NA,NA,NA,NA,NA
4806804,"48",NA,NA,NA,NA,NA,NA
4807001,"48",-0.0211839581848607,-0.0348255225617413,1,1,1,1
4807002,"48",-0.00942493289252211,0.0104949118891113,1,5,2,4
4807004,"48",0,0,2,4,2,3
4807006,"48",0.0500079968743992,0.0190149164839387,4,5,4,5
4807008,"48",-0.0119988165309807,-0.0661983725789453,1,1,1,1
4807011,"48",-0.0111828387678293,-0.0203280417246488,1,2,1,2
4807012,"48",-0.0147563819170579,0.0534837977592182,1,5,1,5
4807014,"48",0.0260942166703211,0.0267083957654957,4,5,4,5
4807016,"48",-0.0978087569296205,0.196128823589255,1,5,1,5
4807019,"48",-0.0163885217832739,-0.0228512015233042,1,2,1,2
4807021,"48",0.0299624940610692,0.0297874128447395,4,5,4,5
4807026,"48",-0.000135041009744211,0.0119691070697596,2,5,2,4
4807027,"48",0.00576549570758108,-0.0462173294474629,3,1,3,1
4807028,"48",0.010648970492488,-0.084766001670135,3,1,3,1
4807029,"48",0.0224163699423003,0.0510477637326905,4,5,4,5
4807031,"48",-0.0157800236806711,-0.0257374825358615,1,2,1,2
4807032,"48",0.014884501068154,0.0639865594914509,3,5,4,5
4807036,"48",-0.0125320705765375,0.0068548583756009,1,4,1,4
4807038,"48",0.0694917346200383,-0.0715109021086857,5,1,5,1
4807039,"48",0.00254770537832474,0.00977623601018393,3,5,3,4
4807042,"48",-0.0304605157960098,0.0391039448365874,1,5,1,5
4807044,"48",-0.0203214701733271,0.0259266944251012,1,5,1,5
4807046,"48",0.0858168692615502,-0.00218462941020218,5,3,5,3
4807048,"48",-0.0114352668840715,-0.000247661037536585,1,3,1,3
4807049,"48",-0.0327243649326272,-0.0217270936371345,1,2,1,2
4807051,"48",-0.010728972482252,0.0113176715032242,1,5,2,4
4807052,"48",0.000519349324394555,0.00512325822712208,2,4,3,4
4807054,"48",-0.00568473717179657,0.012903745055936,2,5,2,4
4807056,"48",-0.0312655294243646,0.0172837514218994,1,5,1,4
4808001,"48",-0.014437144827726,-0.021676005302265,1,2,1,2
4808002,"48",-0.0278399079436633,0.0188733275022551,1,5,1,5
4808004,"48",0.0192057189765657,0.0343770561445928,3,5,4,5
4808005,"48",0.0376900292568785,-0.0719887066300959,4,1,4,1
4808006,"48",0.0358879864762931,0.0309307411359517,4,5,4,5
4808008,"48",0.00731290147693298,0.00799393477395838,3,4,3,4
4808009,"48",0.00358954152772972,0.0115423531584113,3,5,3,4
4808011,"48",0.00257484529119111,0.0157576077740741,3,5,3,4
4808012,"48",-0.000117310117259766,0.0193552904554818,2,5,2,5
4808013,"48",-0.0233216979370812,-0.037855285684418,1,1,1,1
4808022,"48",-0.0112519766102191,-0.0273316180563518,1,2,1,2
4808023,"48",-0.104585154062122,-0.0667235397820338,1,1,1,1
4808024,"48",0.0291983367300709,0.0224731115870722,4,5,4,5
4808025,"48",-0.0368784251834375,-0.117611597985543,1,1,1,1
4808026,"48",0.0415220687867756,0.0150161847681338,4,5,4,4
4808027,"48",-0.00193498698032012,-0.0107351502138694,2,3,2,2
4808028,"48",0.0344331973921697,-0.0366905303307228,4,1,4,1
4808029,"48",0.00757578114460718,0.00579787043916511,3,4,3,4
4808031,"48",-0.00168806214241007,0.00366711560292025,2,4,2,4
4808032,"48",0.00407944313446642,0.00121439150802651,3,4,3,3
4808034,"48",0.0452780096578693,0.0254703730813009,4,5,4,5
4808038,"48",-0.0030664984635832,-0.0397825011205517,2,1,2,1
4808039,"48",0.0108894635802383,0.0285618374075155,3,5,3,5
4808042,"48",0.0550456743110061,-0.0324192161395433,4,1,4,2
4808044,"48",0.0241226817591465,0.00973151238041792,4,5,4,4
4808811,"48",0.153884807400258,-0.000578846647910656,5,3,5,3
4808812,"48",0,0,2,4,2,3
4808813,"48",0.155630082584727,-0.00560810956619977,5,3,5,3
4809002,"48",0.00526145524755827,-0.0223512895797771,3,2,3,2
4809005,"48",0,0,2,4,2,3
4809010,"48",0.0782908770588139,0.0668862710182098,5,5,5,5
4809015,"48",0.00393166853554163,0.0299047247449005,3,5,3,5
4809806,"48",0.158689339995757,-0.0288619146308569,5,2,5,2
4809809,"48",0.119048320776083,0.00133702734389683,5,4,5,3
4809810,"48",NA,NA,NA,NA,NA,NA
4810001,"48",-0.00963018731005793,-0.0255770945103393,1,2,2,2
4810002,"48",0.0224505263055742,0.0112245176446417,4,5,4,4
4810003,"48",-0.00229780388120317,-0.0104501479666488,2,3,2,2
4810006,"48",-0.0043503830574861,-0.0194839280149894,2,2,2,2
4810009,"48",0.0453984074294221,0.000760557563197733,4,4,4,3
4810011,"48",0.00251637114417092,0.0121717270978234,3,5,3,4
4810012,"48",0.0202633327753994,0.0117155549308799,3,5,4,4
4810014,"48",0.00404986172753031,0.0172084302392936,3,5,3,4
4810016,"48",-0.000946942333890478,-0.0176909387909694,2,2,2,2
4810018,"48",0.0131866882538917,0.018094536936602,3,5,4,4
4810019,"48",0.0197301769018773,0.0223272322632225,3,5,4,5
4810021,"48",0.064586157732013,0.0399925513278161,5,5,5,5
4810022,"48",-0.0290800693484492,0.0522787368249411,1,5,1,5
4810026,"48",-0.00790587504645171,-0.019287137572271,2,2,2,2
4810028,"48",0.0152381752393921,0.0185842308503791,3,5,4,5
4810031,"48",0.105642625971888,0.0412024310090126,5,5,5,5
4810034,"48",0.0157309849085954,0.0233079868993575,3,5,4,5
4810036,"48",-0.0203264426348335,-0.0401395052363641,1,1,1,1
4810038,"48",0.0862959126536943,-0.019527215624715,5,2,5,2
4810039,"48",-0.0146086694903752,0.00243402733066473,1,4,1,3
4810041,"48",0.00790084514726028,-0.00386755718901489,3,3,3,3
4810042,"48",-0.0108956485843776,0.0181011039225446,1,5,1,4
4810044,"48",-0.000885354991423306,0.0258780517384799,2,5,2,5
4810048,"48",0.0331199136071141,-0.0327410390501239,4,1,4,2
4810051,"48",0.108333957430979,0.00847211037705591,5,4,5,4
4810052,"48",0.0863673315151298,-0.0255537550266133,5,2,5,2
4810058,"48",-0.00341015744532247,-0.0211739218415711,2,2,2,2
4810059,"48",0.0164788976690668,0.0111765156437406,3,5,4,4
4810061,"48",-0.000874000629334877,0.0205143307652005,2,5,2,5
4810062,"48",0.0346452578833738,0.0306088952071091,4,5,4,5
4810064,"48",0.00479462767421499,0.0069283744899676,3,4,3,4
4810066,"48",0.0116238151960433,-0.00521558505951417,3,3,4,3
4810068,"48",NA,NA,NA,NA,NA,NA
4810805,"48",0.105194618213066,0.0299184956500881,5,5,5,5
4811001,"48",-0.00066040765465115,-0.0273304307492213,2,2,2,2
4811002,"48",0.028074977738431,0.0255806653026945,4,5,4,5
4811003,"48",0,0,2,4,2,3
4811004,"48",0,0,2,4,2,3
4811005,"48",0,0,2,4,2,3
4811006,"48",0.0110334787397075,-0.0279811737288279,3,2,4,2
4811007,"48",0,0,2,4,2,3
4811008,"48",-0.0293440362068921,0.056334848327891,1,5,1,5
4811009,"48",-0.0472275527171208,-0.0651663615505835,1,1,1,1
4811011,"48",0.0264010983143177,0.00862925674803852,4,4,4,4
4811012,"48",-0.0144458348457253,-0.0334399049636882,1,1,1,1
4811013,"48",-0.0223688165284489,-0.0279131378850313,1,2,1,2
4811016,"48",-0.00533561293600763,0.00946356333510207,2,5,2,4
4811018,"48",0.00477927499630335,-0.00048514851759574,3,3,3,3
4811019,"48",0.0102209227185349,0.0222141226663116,3,5,3,5
4811020,"48",0,0,2,4,2,3
4811021,"48",0.00344478748620824,0.0379336619420606,3,5,3,5
4811022,"48",0,0,2,4,2,3
4811023,"48",-0.0377904798527679,-0.0681070897709917,1,1,1,1
4811024,"48",0.0563981620551724,0.0272541555701351,4,5,5,5
4811026,"48",0.0366548338991747,0.0522562361435083,4,5,4,5
4811031,"48",0.00863565021605773,0.0140890412031356,3,5,3,4
4811032,"48",0.0104726593690116,-0.019103076283511,3,2,3,2
4811034,"48",-0.0125389360498887,-0.0332094422035917,1,1,1,2
4811038,"48",-0.0456473216367935,0.0619377428810192,1,5,1,5
4811039,"48",0,0,2,4,2,3
4811041,"48",0,0,2,4,2,3
4811042,"48",0,0,2,4,2,3
4811044,"48",0,0,2,4,2,3
4811046,"48",-0.00424338480449937,-0.0221239740378768,2,2,2,2
4811048,"48",-0.000535110826469432,0.00942028181600906,2,5,2,4
4811049,"48",-0.0084097899286262,0.00580870870316852,2,4,2,4
4811052,"48",-0.0287956668680148,-0.01741641989717,1,2,1,2
4811056,"48",-0.020805143084745,0.00549993722804893,1,4,1,4
4811059,"48",-0.0230624773456387,-0.0342831326571107,1,1,1,1
4811061,"48",0.000710865931631913,0.0038488166735885,2,4,3,4
4811062,"48",-0.0272209671831074,-0.0107748156301986,1,3,1,2
4811064,"48",0.00417118703079936,0.00281080345742615,3,4,3,3
4811065,"48",0.023906523951996,0.0167402722811629,4,5,4,4
4811066,"48",0.0149510355055793,-0.00813388137403852,3,3,4,3
4811068,"48",-0.00350062196924569,-0.00529560870466837,2,3,2,3
4811069,"48",0.0102640282376815,-0.00391901975466635,3,3,3,3
4811801,"48",0.145764795556047,-0.0484340229541769,5,1,5,1
4811802,"48",0.18178236066376,-0.0236371420137296,5,2,5,2
4811803,"48",0.182959394412177,-0.0560620685536176,5,1,5,1
4811804,"48",0.101656346075376,-0.00345493955087908,5,3,5,3
4811805,"48",0.110785550914483,-0.0146128136207555,5,2,5,2
4811806,"48",0.156999856818649,-0.0308738034270905,5,2,5,2
4811807,"48",0,0,2,4,2,3
4812002,"48",-0.0148054049485282,0.0116063941922655,1,5,1,4
4812004,"48",0.00207439786301521,-0.030932506238644,3,2,3,2
4812009,"48",0.0105528862331321,0.0184277387148605,3,5,3,5
4812011,"48",-0.104298402109929,-0.0686808171418735,1,1,1,1
4812012,"48",0.0245718416916782,0.013366441600977,4,5,4,4
4812013,"48",-0.0379626129449512,-0.134079056525512,1,1,1,1
4812014,"48",-0.00654054446827876,-0.0307038742639816,2,2,2,2
4812016,"48",-0.00367137869607387,0.0214724391713405,2,5,2,5
4812018,"48",-0.00127358761467624,0.014241626987068,2,5,2,4
4812020,"48",-0.0245121252371039,0.0486318800384034,1,5,1,5
4812022,"48",0.0526388736565786,-0.0144841446434393,4,2,4,2
4812024,"48",-0.00119087499785033,0.0100642876418077,2,5,2,4
4812026,"48",-0.0111827455931164,0.0243859930434955,1,5,1,5
4812029,"48",0.000986243864823385,0.00923920567547115,2,4,3,4
4812037,"48",0.0112818950145014,-0.0154721158104193,3,2,4,2
4812038,"48",0,0,2,4,3,3
4812802,"48",0.155658348343775,-0.0430866648461245,5,1,5,1
4812804,"48",0.117914008400365,-0.0486027353276525,5,1,5,1
4812806,"48",NA,NA,NA,NA,NA,NA
4812808,"48",0.0892531922237932,-0.0247241058947998,5,2,5,2
4812810,"48",0.13459204191623,0.000199718615301934,5,4,5,3
4812811,"48",0.132127147669382,-0.0344714087264187,5,1,5,1
4812813,"48",0.148849124271415,-0.140049874896287,5,1,5,1
4812815,"48",0.18402635140886,-0.099760116105755,5,1,5,1
4812828,"48",0.133211620329209,-0.0698637476896879,5,1,5,1
4812840,"48",0.157718131248541,-0.121716121967102,5,1,5,1
4813001,"48",0.0108714881580356,-0.019566855422855,3,2,3,2
4813002,"48",0.0240443331530349,0.00888266370537129,4,4,4,4
4813003,"48",0,0,2,4,3,3
4813005,"48",0.0718787721389168,0.0391900334162364,5,5,5,5
4813006,"48",-0.00110310732363119,0.0306073427580776,2,5,2,5
4813007,"48",0,0,2,4,3,3
4813008,"48",-0.0337465987643822,0.011448718259388,1,5,1,4
4813009,"48",0,0,2,4,3,3
4813010,"48",-0.0331373875768439,0.0367936771227449,1,5,1,5
4813011,"48",0.0152824838716241,-0.0389845776765642,3,1,4,1
4813012,"48",-0.00812536468804576,0.0133384493502036,2,5,2,4
4813013,"48",-0.0397397411161702,-0.110700775273668,1,1,1,1
4813014,"48",0.026763540581303,0.00273311502668174,4,4,4,3
4813015,"48",-0.0291203424053071,0.0506000261085035,1,5,1,5
4813016,"48",-0.0124533048433868,0.0397272264764067,1,5,1,5
4813017,"48",-0.0256017125832135,0.0454254059757378,1,5,1,5
4813018,"48",0.0015885270118686,-0.0419566857503006,3,1,3,1
4813019,"48",0.0148949901714261,0.0149452071843177,3,5,4,4
4813028,"48",0.0021330435887946,-0.0274559242471295,3,2,3,2
4813029,"48",-0.00141207940844977,-0.0332683772752902,2,1,2,2
4813030,"48",0.00775179053297199,0.012316748113104,3,5,3,4
4813031,"48",0.02084038986254,0.0175991485929708,3,5,4,4
4813032,"48",0.000724761117528578,0.0388857511106207,2,5,3,5
4813033,"48",0,0,2,4,3,3
4813036,"48",0.00291263729906691,0.00143649665583135,3,4,3,3
4813044,"48",-0.00930046293826641,-0.0136600415211352,1,2,2,2
4813045,"48",-0.03704575531068,-0.0806456813323491,1,1,1,1
4813046,"48",0.00264321796791306,0.0359142045769043,3,5,3,5
4813047,"48",-0.0320730173719296,-0.0843659887598001,1,1,1,1
4813048,"48",-0.00685819005929935,0.0355256541953728,2,5,2,5
4813049,"48",0.0346068271236311,-0.000476997684002052,4,3,4,3
4813051,"48",-0.0943153038362564,0.0847398813640372,1,5,1,5
4813053,"48",0.0203486911898713,-0.0702193808755291,3,1,4,1
4813055,"48",-0.0487974055933538,-0.0771187179773127,1,1,1,1
4813057,"48",-0.0624809026670042,-0.0891250538212139,1,1,1,1
4813061,"48",-0.0271813971030505,-0.0499301170112391,1,1,1,1
4813811,"48",0.18885266534924,-0.0255599218143278,5,2,5,2
4813829,"48",0,0,2,4,3,3
4813830,"48",NA,NA,NA,NA,NA,NA
4814003,"48",0.0134946584924725,-0.0157164292599678,3,2,4,2
4814019,"48",0.00468684223410825,0.000620210865895826,3,4,3,3
4814024,"48",0.00301236066732443,0.0210580703610758,3,5,3,5
4814028,"48",NA,NA,NA,NA,NA,NA
4815007,"48",-0.00668948908701934,0.0044669221362427,2,4,2,4
4815013,"48",0,0,2,4,3,3
4815015,"48",-0.0183577296286148,-0.0175907448849543,1,2,1,2
4815023,"48",-0.043941075784944,-0.00452627833214689,1,3,1,3
4815027,"48",0,0,2,4,3,3
4815030,"48",0,0,2,4,3,3
4815032,"48",0,0,2,4,3,3
4815033,"48",-0.0273470642836351,0.00699346491499951,1,4,1,4
4815035,"48",-0.0338527387821327,0.00422641216927549,1,4,1,4
4815037,"48",NA,NA,NA,NA,NA,NA
4815045,"48",-0.0914942278958754,-0.032804183731452,1,1,1,2
4815802,"48",NA,NA,NA,NA,NA,NA
4815815,"48",NA,NA,NA,NA,NA,NA
4816037,"48",-0.0385665729857955,-0.00250680372825651,1,3,1,3
4816051,"48",0.157227357156562,-0.12449054852606,5,1,5,1
4816810,"48",0.0767317290644857,0.0292537740142755,5,5,5,5
4816817,"48",0.178604355572765,0.00433873078125389,5,4,5,4
4816821,"48",0.116383015114463,0.0450379626483684,5,5,5,5
4816822,"48",0.169191240145617,-0.0860605269630308,5,1,5,1
4816849,"48",NA,NA,NA,NA,NA,NA
4816850,"48",0.124827089364494,-0.0444431142176184,5,1,5,1
4816852,"48",0.174917406073245,-0.121452177849147,5,1,5,1
4816860,"48",NA,NA,NA,NA,NA,NA
4816861,"48",NA,NA,NA,NA,NA,NA
4817021,"48",0.00324300992991758,0.0192004829681798,3,5,3,5
4817024,"48",0.052831434751909,-0.000259708484555875,4,3,4,3
4817026,"48",-0.00201106010795363,-0.0358218836526269,2,1,2,1
4817027,"48",0.0494576128391906,-0.00969069116338578,4,3,4,2
4817029,"48",0.0120255863197838,-0.00726221129328723,3,3,4,3
4817031,"48",0.0943752564274879,-0.0321447241965965,5,1,5,2
4817033,"48",0.0110331134805227,-0.0156967962141201,3,2,3,2
4817039,"48",0.0186933411630583,0.0769818018931404,3,5,4,5
4817062,"48",0.0469691859448717,-0.0567399344258239,4,1,4,1
4817064,"48",0.05215079760624,0.0204490776447723,4,5,4,5
4817076,"48",0.0272629395599568,-0.0243659810407972,4,2,4,2
4817078,"48",0.00491385839718999,0.0181186070904967,3,5,3,5
4817093,"48",0.00381023246070529,0.003436458966648,3,4,3,4
4817095,"48",0.0629476469448925,-0.097642588127846,5,1,5,1
4817097,"48",-0.0329270692726451,0.0340294062231705,1,5,1,5
4817817,"48",0.222286487491066,-0.135035344903788,5,1,5,1
4817818,"48",0.0960845451103469,-0.0668213865371684,5,1,5,1
4817819,"48",0.103540041526267,0.0177103896680407,5,5,5,4
4817821,"48",0.176450027266353,-0.0100919649714205,5,3,5,2
4817822,"48",0.171558695473182,-0.0344444543846784,5,1,5,1
4817823,"48",0.114860772766786,-0.0473513726863284,5,1,5,1
4817824,"48",0.173624413115252,-0.0141267107488893,5,2,5,2
4817825,"48",NA,NA,NA,NA,NA,NA
4817826,"48",0,0,2,4,3,3
4817827,"48",0.230236737413553,-0.157860182124152,5,1,5,1
4817828,"48",0.140429958996141,0.0106630071379555,5,5,5,4
4817829,"48",0.11671327803299,-0.00559259086261523,5,3,5,3
4817830,"48",0,0,2,4,3,3
4817831,"48",0.140174641512722,-0.049456720852657,5,1,5,1
4817832,"48",0,0,2,4,3,3
4817833,"48",0,0,2,4,3,3
4817834,"48",NA,NA,NA,NA,NA,NA
4817835,"48",0.224811567166373,-0.0746527620583668,5,1,5,1
4817836,"48",-0.01186548456544,0.165003520287564,1,5,1,5
4817837,"48",0.0652495181631284,-0.0393965667757743,5,1,5,1
4817838,"48",0.105924386413528,-0.0506337712367,5,1,5,1
4817840,"48",0.180286020128454,-0.0492967170613088,5,1,5,1
4817841,"48",0,0,2,4,3,3
4817842,"48",0.184271746633995,-0.0496972616823295,5,1,5,1
4817843,"48",0.166030499440663,-0.102388872216575,5,1,5,1
4817845,"48",0.17046238191808,-0.052807925148517,5,1,5,1
4817848,"48",0.133850099137801,0.0458337545485616,5,5,5,5
4817849,"48",0.211513361662668,-0.0224338712298208,5,2,5,2
4817850,"48",0,0,2,4,3,3
4817853,"48",0.152160958284547,-0.0876576910063493,5,1,5,1
4817854,"48",NA,NA,NA,NA,NA,NA
4817855,"48",0.00927232991203354,0.022049001291083,3,5,3,5
4817856,"48",0.173140161434372,-0.0301960146171225,5,2,5,2
4817857,"48",0.240428625981255,-0.0700802387231191,5,1,5,1
4817859,"48",0.210822145463764,-0.127899241932019,5,1,5,1
4817860,"48",0.125736117352482,-0.115175726693451,5,1,5,1
4817865,"48",0.158752069857429,-0.113941539806034,5,1,5,1
4818002,"48",-0.0126668763447253,0.00826508958060109,1,4,1,4
4818015,"48",0.00698876697801845,-0.0134162945529486,3,2,3,2
4818018,"48",0.0123234646357434,0.0300047387664147,3,5,4,5
4818816,"48",0.141572670068729,0.0101333130604033,5,5,5,4
4818818,"48",0,0,2,4,3,3
4819006,"48",-0.013944759264015,-0.0315450223962948,1,1,1,2
4819008,"48",0,0,2,4,3,3
4819009,"48",0.0163978901268099,0.00750195004915118,3,4,4,4
4819011,"48",0.0129831562508039,0.010192531037893,3,5,4,4
4819012,"48",-0.00446808689949919,0.015155324865557,2,5,2,4
4819014,"48",0.00752145424042115,0.00564253139248752,3,4,3,4
4819038,"48",-0.00703718516458976,0.0128246518899758,2,5,2,4
4819041,"48",-0.014310050839004,-0.0457503611964403,1,1,1,1
4819042,"48",0.0359850693304234,-0.0299873348694001,4,2,4,2
4819044,"48",-0.029445477640257,0.046700507006363,1,5,1,5
4819046,"48",0.00997733716764824,0.0227346007677637,3,5,3,5
4819048,"48",0.0453220970701486,0.0173953211981331,4,5,4,4
4819049,"48",0.00653552963320464,-0.00752485772484266,3,3,3,3
4819054,"48",0.00464068736319094,-0.0013127688159621,3,3,3,3
4819056,"48",0.0268750029666984,0.0340491106294961,4,5,4,5
4819058,"48",0.0104442485006076,0.0195710388187567,3,5,3,5
4819059,"48",-0.0126571682693448,-0.0241578229007601,1,2,1,2
4819066,"48",0.0006745125173491,-0.0425228245570946,2,1,3,1
4819068,"48",0.00201966496371675,-0.00743677584194736,3,3,3,3
4819071,"48",-3.49385157540973e-06,-0.0130162223567332,2,2,2,2
4819072,"48",0.0586333583209475,0.0175824559675644,5,5,5,4
4819074,"48",0.016372911701348,0.0180411968069314,3,5,4,4
4819815,"48",0.105876724859174,0.0397935141748761,5,5,5,5
4819826,"48",0.0950237789322778,-0.0385433466029053,5,1,5,1
5901003,"59",-0.0278448280980405,0.00386352850940772,1,4,1,4
5901006,"59",-0.0255769005768883,0.0228195754628509,1,5,1,5
5901012,"59",-0.0447479085679235,0.000774518744189345,1,4,1,4
5901017,"59",-0.0267930417835974,-0.0143597583751116,1,2,1,2
5901019,"59",0.000243902858645086,-0.0184867550606435,2,2,3,2
5901022,"59",-0.00572127237464776,0.00894080328289789,2,4,2,4
5901028,"59",-0.0197017010864526,0.0160420949382397,1,5,1,5
5901035,"59",-0.0179294568501543,-0.0224929274521071,1,2,1,2
5901037,"59",-0.011852975670222,-0.0112406417393517,1,3,1,2
5901039,"59",-0.0189415899380232,0.0100343690553923,1,5,1,4
5901040,"59",-0.0254309075217396,0.0144514369548748,1,5,1,5
5901043,"59",0.0424229348601337,-0.0116154514587133,4,3,4,2
5901046,"59",-0.0341868413838736,-0.00924654939083781,1,3,1,2
5901048,"59",0.00204403695317415,0.00542784787503132,3,4,3,4
5901801,"59",0.10819140973968,-0.0561326338751375,5,1,5,1
5901802,"59",NA,NA,NA,NA,NA,NA
5901803,"59",0.0387505341734773,-0.0434645586637489,4,1,4,1
5901804,"59",0.0658076681845543,-0.0388459462104923,5,1,4,1
5901805,"59",0,0,2,4,2,3
5901806,"59",0.00892928165569119,0.0192278226145251,3,5,3,5
5901808,"59",0,0,2,4,2,3
5903004,"59",0.00635760890671132,0.0198769847829816,3,5,3,5
5903010,"59",0.00979981987999716,-0.00810883944028471,3,3,3,2
5903011,"59",0.0262855561481719,0.0268408757340535,4,5,4,5
5903013,"59",0.0343858812978734,-0.0113051463879708,4,3,4,2
5903015,"59",-0.017001942840684,0.0320227198446507,1,5,1,5
5903017,"59",0.0142961510695966,-0.0202485899545535,3,2,3,2
5903019,"59",0.0969475130215924,0.0166817501431692,5,5,5,5
5903023,"59",0.00106059366848157,0.0249989395629077,2,5,3,5
5903027,"59",-0.0193400618130361,0.017972630020963,1,5,1,5
5903032,"59",0.065359965404225,0.0292721892268714,5,5,4,5
5903039,"59",0.0254886122773719,0.0109711967212032,4,5,4,4
5903041,"59",0.00849679799781579,0.0014147040360372,3,4,3,4
5903043,"59",-0.024468046854678,-0.00703061039963752,1,3,1,2
5903045,"59",-0.000685148668787409,0.013677062622959,2,5,2,5
5903047,"59",0.0289318393482658,0.0107511144728523,4,5,4,4
5903050,"59",-0.0033104597131559,0.0170169134312866,2,5,2,5
5903052,"59",0.01906350934216,0.0130174161051373,3,5,3,4
5903056,"59",0.000984976771459141,0.00213962470571702,2,4,3,4
5903058,"59",-0.00703603385168721,-0.00471261270368827,2,3,1,3
5903060,"59",0.0341927077165433,-0.0189568974172822,4,2,4,2
5903807,"59",-0.0184748357381271,0.00764852462216091,1,4,1,4
5905005,"59",-0.00983707220505967,0.0118812271682236,1,5,1,4
5905009,"59",-0.0157896043040287,-0.000677293891275325,1,3,1,3
5905014,"59",-0.000741779572554453,0.0427625528222011,2,5,2,5
5905018,"59",-0.0114383967864789,0.0165571272313885,1,5,1,5
5905023,"59",-0.0365108513211612,0.00932373271997401,1,5,1,4
5905026,"59",-0.0352750317663964,-0.00788373506102578,1,3,1,2
5905030,"59",0.00494962990426955,-0.010078875272852,3,3,3,2
5905032,"59",0.016842472948357,0.0232644052741672,3,5,3,5
5905037,"59",0.0161626299747178,0.00998346520146936,3,5,3,4
5905042,"59",0.0623164118864146,0.0199457058053439,5,5,4,5
5905050,"59",0.00314349896807134,-0.00732837406331013,3,3,3,2
5905052,"59",0.0135244125913278,-0.0146848443436626,3,2,3,2
5905054,"59",0.0110896200368544,0.0125624985766804,3,5,3,4
5907005,"59",0.00408967339834089,0.00273301614856529,3,4,3,4
5907009,"59",0.0338055157286554,0.00178378361712112,4,4,4,4
5907014,"59",0.0134407059452979,0.00260853955637259,3,4,3,4
5907022,"59",0.00461598110154099,-0.0195388026396823,3,2,3,2
5907024,"59",0.0084041389722851,0.0206685080684558,3,5,3,5
5907026,"59",0.0287055695812979,0.00890128483235364,4,4,4,4
5907028,"59",0.0221291703577984,-0.0153939059005469,4,2,4,2
5907035,"59",7.1489982808544e-05,-0.00802134110218265,2,3,3,2
5907041,"59",-0.0015152813076616,0.0253253240360232,2,5,2,5
5907047,"59",-0.00632719980641172,-0.008025151725376,2,3,1,2
5907048,"59",-0.0139607657054455,-0.0419746046809554,1,1,1,1
5907049,"59",-0.02489427589773,-0.00804633814679571,1,3,1,2
5907051,"59",-0.0320237926710747,-0.0482170584791769,1,1,1,1
5907053,"59",0.0432261032401936,0.0017839731559299,4,4,4,4
5907055,"59",0.0341416588073617,-0.0151082029827593,4,2,4,2
5907801,"59",0.0520567357700405,-0.180998837561428,4,1,4,1
5907802,"59",0.0612831352364825,-0.041116092667467,5,1,4,1
5907803,"59",0.0484968781149636,-0.0196350864466046,4,2,4,2
5907805,"59",0.0709002443715391,0.0107816818001654,5,5,4,4
5907806,"59",0,0,2,4,2,3
5907807,"59",0.104977006239504,0.0277036403360677,5,5,5,5
5907808,"59",0,0,2,4,2,3
5907809,"59",0.13853010628112,-0.0438672133841227,5,1,5,1
5907850,"59",0,0,2,4,2,3
5909009,"59",0.0194030043097446,0.00270660435907037,3,4,3,4
5909014,"59",0.096936846212092,0.0216029438365916,5,5,5,5
5909016,"59",0.034753930730423,0.00518470371945347,4,4,4,4
5909020,"59",0.000533161798684603,0.00271174900421096,2,4,3,4
5909027,"59",-0.000711961774884646,0.00135401759899184,2,4,2,4
5909032,"59",-0.000273477213661202,0.00230070507857963,2,4,2,4
5909034,"59",-0.00359263065712243,-0.0334929374155463,2,1,2,1
5909035,"59",-0.0205272388550352,0.00478711671434218,1,4,1,4
5909036,"59",0.00865964638679554,0.00296875497659398,3,4,3,4
5909048,"59",-0.000171675213296915,-0.00946812536658186,2,3,2,2
5909052,"59",0.0103875130092561,-0.0168395938851351,3,2,3,2
5909056,"59",0.0106095674623198,-0.00408212437397097,3,3,3,3
5909060,"59",0.00044451743873062,0.0141543069010437,2,5,3,5
5909062,"59",0.0457867918792427,-0.00892277978507435,4,3,4,2
5909804,"59",0.0895041247016619,-0.0218554701482723,5,2,5,2
5909805,"59",NA,NA,NA,NA,NA,NA
5909806,"59",0.0946479558243787,-9.79622280909343e-05,5,3,5,3
5909807,"59",0.108500979644607,-0.0123638593337064,5,3,5,2
5909808,"59",0,0,2,4,2,3
5909809,"59",NA,NA,NA,NA,NA,NA
5909810,"59",0.0586334762313851,-0.178091474465354,5,1,4,1
5909812,"59",0.0955571034768129,-0.0958968360381005,5,1,5,1
5909814,"59",0,0,2,4,2,3
5909815,"59",NA,NA,NA,NA,NA,NA
5909816,"59",0,0,2,4,2,3
5909817,"59",0,0,2,4,2,3
5909818,"59",0,0,2,4,2,3
5909819,"59",0,0,2,4,2,3
5909821,"59",0.084040997616323,0.0178090317507958,5,5,5,5
5909824,"59",0.0741316297483014,-0.0285369638939727,5,2,4,1
5909825,"59",NA,NA,NA,NA,NA,NA
5909826,"59",0.105689519933146,-0.0497863002665143,5,1,5,1
5909827,"59",0.111504848915229,-0.00352845241130769,5,3,5,3
5909830,"59",0.0313391851394944,-0.0295228642117131,4,2,4,1
5909831,"59",0.154914984116228,-0.115720820837103,5,1,5,1
5909832,"59",0.0950716199489509,0.00310128904089964,5,4,5,4
5909833,"59",0,0,2,4,2,3
5909834,"59",0,0,2,4,2,3
5909835,"59",0.090810876112217,-0.137224720320425,5,1,5,1
5909836,"59",NA,NA,NA,NA,NA,NA
5909837,"59",0.0750199298587172,0.0162585479118667,5,5,4,5
5909838,"59",0,0,2,4,2,3
5909839,"59",0.0811088011695426,-0.0429320172250922,5,1,4,1
5909841,"59",0.0977417014374515,0.114584856734145,5,5,5,5
5909842,"59",0,0,2,4,2,3
5909843,"59",NA,NA,NA,NA,NA,NA
5909844,"59",NA,NA,NA,NA,NA,NA
5909845,"59",0,0,2,4,2,3
5909847,"59",0,0,2,4,2,3
5909848,"59",NA,NA,NA,NA,NA,NA
5909850,"59",NA,NA,NA,NA,NA,NA
5909851,"59",0,0,2,4,2,3
5909852,"59",NA,NA,NA,NA,NA,NA
5909856,"59",0.0394421348005949,0.0113958935224667,4,5,4,4
5909875,"59",0,0,2,4,2,3
5909876,"59",0.0935810447554472,-0.191884981113736,5,1,5,1
5909877,"59",0.0768726543304755,-0.0385604292752805,5,1,4,1
5909878,"59",0.0209067156196023,-0.0218032672796275,4,2,3,2
5909879,"59",0.0839065762377817,0.0364706488861718,5,5,5,5
5909880,"59",0.0564729758380176,0.0423580137665184,4,5,4,5
5909881,"59",0.0319632994333085,0.0033579919199758,4,4,4,4
5909882,"59",0.0828790641331413,-0.117250487141091,5,1,5,1
5909883,"59",0,0,2,4,2,3
5909884,"59",0.0174932716913291,-0.0282577275760442,3,2,3,1
5909885,"59",0.0907246594599794,0.0293885546822366,5,5,5,5
5915001,"59",-0.0154616776204773,-0.013542845807409,1,2,1,2
5915002,"59",-0.00307167013548394,0.0261423276306644,2,5,2,5
5915004,"59",0.0131037588278407,-0.0219725268886924,3,2,3,2
5915007,"59",-0.0295930934056022,0.0329952536573926,1,5,1,5
5915011,"59",-0.00804498041726002,-0.0214518774326752,2,2,1,2
5915015,"59",0.0104301589351618,-0.0139109338158869,3,2,3,2
5915020,"59",-0.0283426172981867,0.0111990645895345,1,5,1,4
5915022,"59",-0.0260219715882659,0.0152042797756655,1,5,1,5
5915025,"59",-0.00419998759816191,-0.00252265637872749,2,3,2,3
5915029,"59",-0.0224572133143855,0.0218829348926394,1,5,1,5
5915034,"59",-0.0076459111599295,-0.0130189899413556,2,2,1,2
5915036,"59",-0.0449398916639452,-0.0384921110841933,1,1,1,1
5915038,"59",-0.0329417786815155,-0.0384320740176378,1,1,1,1
5915039,"59",-0.0111839986912247,-0.00451194991347478,1,3,1,3
5915043,"59",-0.0374201310667992,-0.000641248825138463,1,3,1,3
5915046,"59",-0.0468610681796402,-0.0136523308091116,1,2,1,2
5915051,"59",-0.0435968145502348,0.0303453159664578,1,5,1,5
5915055,"59",-0.0343018971337513,-0.0120648121512511,1,3,1,2
5915062,"59",-0.048221875521487,-0.00648393490531247,1,3,1,2
5915065,"59",-0.0548034239592451,-0.0440411369471761,1,1,1,1
5915070,"59",-0.0180915759548277,-0.00115788719895224,1,3,1,3
5915075,"59",-0.0133765456936295,-0.00398941908273541,1,3,1,3
5915801,"59",0.0651952103481009,-0.0180458459361711,5,2,4,2
5915802,"59",-0.0117101403012192,-0.00197347612841303,1,3,1,3
5915803,"59",0.0118270316440521,-0.00574631324054726,3,3,3,2
5915804,"59",NA,NA,NA,NA,NA,NA
5915805,"59",0.0409489110337222,-0.104725597370616,4,1,4,1
5915806,"59",-0.0550243602626968,0.0491177658880414,1,5,1,5
5915807,"59",0.0762221750343121,-0.033069455356289,5,1,4,1
5915808,"59",0.0264271366802103,0.0332403713200388,4,5,4,5
5915809,"59",NA,NA,NA,NA,NA,NA
5915810,"59",0,0,2,4,2,3
5915811,"59",-0.0398264924719664,-0.0554222068070327,1,1,1,1
5915813,"59",0,0,2,4,2,3
5915816,"59",-0.000771266295050714,-0.0158829352892911,2,2,2,2
5915825,"59",0.0148339111455042,-0.0450750377813383,3,1,3,1
5915830,"59",0.129595197455186,-0.0524891842287281,5,1,5,1
5915840,"59",0,0,2,4,2,3
5917005,"59",-0.0472784212799459,-0.0312139061819698,1,1,1,1
5917010,"59",-0.0288610671786166,0.0211660385793825,1,5,1,5
5917015,"59",-0.0321467830366027,-0.00428366520557192,1,3,1,3
5917021,"59",-0.0232921983071177,0.00389553954130735,1,4,1,4
5917027,"59",-0.0224875329629807,0.00956113063652595,1,5,1,4
5917029,"59",-0.0166274592425206,0.0120393563227355,1,5,1,4
5917030,"59",-0.0470520446763018,-0.0108834532528059,1,3,1,2
5917034,"59",-0.0375483710458233,0.0491391270217973,1,5,1,5
5917040,"59",-0.016300213782501,0.0352186928749225,1,5,1,5
5917041,"59",-0.017826263254603,-0.000252005025881191,1,3,1,3
5917042,"59",-0.0145157435870958,-0.0197441272056593,1,2,1,2
5917044,"59",-0.0195998936199627,0.0222381913419121,1,5,1,5
5917047,"59",-0.0284262337718757,0.00974371404096663,1,5,1,4
5917049,"59",-0.0133822053962367,-0.0306841972318053,1,2,1,1
5917052,"59",-0.00225179045108792,0.00389268225619489,2,4,2,4
5917054,"59",-0.0054883632490377,-0.0155717437350291,2,2,2,2
5917056,"59",-0.0844250859881027,0.0554617060115963,1,5,1,5
5917801,"59",0.123233931284156,0.00226848982093743,5,4,5,4
5917802,"59",0.0911878808875404,0.0879449791502855,5,5,5,5
5917803,"59",0.0476954081389083,0.0150366848825787,4,5,4,5
5917804,"59",0.108834440778349,0.00257980869384738,5,4,5,4
5917805,"59",NA,NA,NA,NA,NA,NA
5917809,"59",0.0887985571909579,0.000665850897476297,5,4,5,4
5917811,"59",0.109914778358642,0.0364373521187738,5,5,5,5
5917812,"59",0.0453264977794098,0.0463652363391058,4,5,4,5
5917815,"59",-0.0113854481086906,0.0559694191041135,1,5,1,5
5917819,"59",0.102919414847761,-0.0297323710481531,5,2,5,1
5919008,"59",-0.000491981475432977,0.00558688695242979,2,4,2,4
5919012,"59",0.0137831174839694,0.0374491201755677,3,5,3,5
5919013,"59",-0.0303851406001223,0.00458766789999895,1,4,1,4
5919015,"59",0.000211561162535727,-0.0252807625657865,2,2,3,2
5919016,"59",0.0249981169950141,0.00237468058167111,4,4,4,4
5919017,"59",-0.013019443861156,-0.0184478295675805,1,2,1,2
5919021,"59",-0.00756894919257963,0.00684524714880598,2,4,1,4
5919033,"59",0.0350785123107444,-0.0115388513296825,4,3,4,2
5919035,"59",0.00857048198996259,0.00357866100949886,3,4,3,4
5919043,"59",-0.0163174342961618,-0.0107734095436581,1,3,1,2
5919046,"59",-0.00957544558138466,-0.0094397712076961,1,3,1,2
5919049,"59",-0.00268493843616851,-0.0212679817906507,2,2,2,2
5919051,"59",0.00917758273751816,-0.00635085700572388,3,3,3,2
5919801,"59",0.097783469753192,-0.0908184322219012,5,1,5,1
5919802,"59",0,0,2,4,2,3
5919803,"59",0.0613109974820938,-0.0222711468485021,5,2,4,2
5919804,"59",0.157267824806175,-0.0492416600928613,5,1,5,1
5919808,"59",NA,NA,NA,NA,NA,NA
5919809,"59",0.150974020596476,-0.0589251150532194,5,1,5,1
5919811,"59",NA,NA,NA,NA,NA,NA
5919812,"59",0,0,2,4,2,3
5919813,"59",0,0,2,4,2,3
5919814,"59",0.0411799288438989,0.00985473308083087,4,5,4,4
5919815,"59",0.140803170534041,-0.0799917238471421,5,1,5,1
5919816,"59",0.15157516102394,-0.140300102131937,5,1,5,1
5919817,"59",NA,NA,NA,NA,NA,NA
5919818,"59",0.129928720153079,-0.109968798985304,5,1,5,1
5919820,"59",0,0,2,4,2,3
5919821,"59",0,0,2,4,2,3
5919822,"59",0.119796114237984,-0.0179449056963688,5,2,5,2
5921007,"59",-0.0031298953730926,0.0188008715477826,2,5,2,5
5921008,"59",-0.0089380673681327,-0.021900731797404,1,2,1,2
5921010,"59",0.0011560726377687,-0.00498193585224444,2,3,3,3
5921014,"59",0.0143233602034077,-0.00414658333310581,3,3,3,3
5921016,"59",-0.0145782276509392,-0.0184780512984558,1,2,1,2
5921018,"59",0.00348089981886152,0.00713385509623205,3,4,3,4
5921023,"59",-0.00912776828634119,-0.0149964272049798,1,2,1,2
5921030,"59",-0.00743054580588618,-0.037876651514787,2,1,1,1
5921032,"59",0.0116613673791002,0.0125460465008195,3,5,3,4
5921034,"59",3.54133653483961e-05,-0.0265258984038926,2,2,3,1
5921036,"59",0.0146663656846326,-0.00742607883049201,3,3,3,2
5921804,"59",0.128057290755404,-0.0512150121832564,5,1,5,1
5921805,"59",0.0715478868307536,0.0475802914347334,5,5,4,5
5921806,"59",0.00607711882213471,-0.0528953184030561,3,1,3,1
5921807,"59",0.106155222795421,-0.0370992313874214,5,1,5,1
5923008,"59",0.026526691575419,0.0221795179070363,4,5,4,5
5923019,"59",-0.0195409598031828,0.0197898411183786,1,5,1,5
5923025,"59",-0.0235201413849399,0.0141317828972807,1,5,1,5
5923033,"59",0.0309754120165789,-0.0301109172727935,4,2,4,1
5923035,"59",0.00350730642836963,-0.00840375295209571,3,3,3,2
5923037,"59",0.00763132402078656,-0.00341764870949444,3,3,3,3
5923039,"59",0.0223780927999595,-0.00721380219679516,4,3,4,2
5923047,"59",0.0408002670224322,0.014195826482865,4,5,4,5
5923049,"59",0.0609880244354899,-0.00745704154282734,5,3,4,2
5923801,"59",0.0601184119806787,-0.00546184339966958,5,3,4,3
5923802,"59",NA,NA,NA,NA,NA,NA
5923803,"59",0.112433910393975,-0.0107014491368359,5,3,5,2
5923804,"59",NA,NA,NA,NA,NA,NA
5923805,"59",0,0,2,4,2,3
5923806,"59",NA,NA,NA,NA,NA,NA
5923807,"59",0.105548792890988,-0.0135223034393407,5,2,5,2
5923808,"59",0.0822259570212752,-0.00740551437738907,5,3,5,2
5923809,"59",NA,NA,NA,NA,NA,NA
5923810,"59",0,0,2,4,2,3
5923813,"59",0.103461467711962,0.0541161004318689,5,5,5,5
5923814,"59",NA,NA,NA,NA,NA,NA
5923816,"59",0.0942450134753445,0.0093243775682687,5,5,5,4
5923822,"59",0,0,2,4,2,3
5923823,"59",0.0306753228037332,0.0255072123506632,4,5,4,5
5923824,"59",NA,NA,NA,NA,NA,NA
5923825,"59",0,0,2,4,2,3
5924025,"59",0.0256012753480431,0.00397831939953907,4,4,4,4
5924029,"59",-0.00214114040606296,0.0298673193544059,2,5,2,5
5924030,"59",0.0974047934368631,0.036539770098919,5,5,5,5
5924034,"59",0.00201687155626232,0.0105258713255072,3,5,3,4
5924039,"59",0.0411125286809584,0.019915623963089,4,5,4,5
5924042,"59",0.00270179336996265,-0.0277979936234734,3,2,3,1
5924048,"59",0.0427596203788311,0.00589553445378528,4,4,4,4
5924052,"59",-0.000230177116998272,0.0304671649844672,2,5,2,5
5924054,"59",-0.011065795064206,0.00694440987935374,1,4,1,4
5924803,"59",NA,NA,NA,NA,NA,NA
5924804,"59",0.0508266197189039,0.00135040428973925,4,4,4,4
5924805,"59",NA,NA,NA,NA,NA,NA
5924806,"59",0.110908413739908,-0.090865488482627,5,1,5,1
5924812,"59",0.0560692435460946,-0.00407324346342364,4,3,4,3
5924813,"59",NA,NA,NA,NA,NA,NA
5924814,"59",NA,NA,NA,NA,NA,NA
5924817,"59",0.039486529464496,-0.00825349249090832,4,3,4,2
5924818,"59",NA,NA,NA,NA,NA,NA
5924820,"59",0.0854942273131271,0.00617069862713519,5,4,5,4
5924833,"59",0,0,2,4,2,3
5924835,"59",0.138605597571312,-0.044822108423262,5,1,5,1
5924836,"59",0.11542279099099,-0.0924035659132072,5,1,5,1
5924840,"59",0.111203695006703,0.0417975233944999,5,5,5,5
5924843,"59",NA,NA,NA,NA,NA,NA
5926005,"59",-0.0107744067524923,-0.00291147747984961,1,3,1,3
5926010,"59",-0.00131843184502696,0.0223444588890739,2,5,2,5
5926014,"59",-0.00641213471201921,0.0253911466433017,2,5,1,5
5926021,"59",0.00950792985333113,-0.00546692144879734,3,3,3,3
5926022,"59",-0.0119543086539678,-0.0146287413631501,1,2,1,2
5926024,"59",-0.00438143976641117,-0.0157048757042503,2,2,2,2
5926801,"59",0.0250804925295617,-0.00339151251200047,4,3,4,3
5926802,"59",0,0,2,4,2,3
5927008,"59",0.00435218303531262,0.0103417858640364,3,5,3,4
5927010,"59",0.0213411588689947,0.00938082597910902,4,5,4,4
5927012,"59",-0.0091598422399684,-0.00228883519620352,1,3,1,3
5927016,"59",0.0239431184181974,0.00569612325426477,4,4,4,4
5927018,"59",0.0284667510675003,-0.00640626640474015,4,3,4,2
5927020,"59",0.00395013108347372,0.0431772945139734,3,5,3,5
5927802,"59",0.0455943607153977,-0.005098090435617,4,3,4,3
5927806,"59",0,0,2,4,2,3
5929005,"59",-0.0175102111890325,0.0376491250573442,1,5,1,5
5929011,"59",-0.0183960995535248,0.0117607092637509,1,5,1,4
5929018,"59",0.00792111858557228,0.00606942813300265,3,4,3,4
5929022,"59",-0.0146539765743284,-0.00558274536977129,1,3,1,3
5929024,"59",-0.0303592239053861,0.0109820140947883,1,5,1,4
5929026,"59",-0.00261517929156491,1.5041457015671e-05,2,4,2,4
5929028,"59",-0.0301230765723956,0.00643188038383959,1,4,1,4
5929801,"59",NA,NA,NA,NA,NA,NA
5929803,"59",0.0683814307086052,0.0137502298002442,5,5,4,5
5931006,"59",-0.0397841079823978,0.0071403072301882,1,4,1,4
5931012,"59",-0.0426306325202788,0.0151742608705728,1,5,1,5
5931017,"59",-0.0319540243105877,-0.0109793655872806,1,3,1,2
5931020,"59",-0.0492395083902711,0.000144289599701206,1,4,1,4
5931021,"59",-0.0629154249899535,-0.016483076561539,1,2,1,2
5931026,"59",0.0232084178702719,0.00456647449911493,4,4,4,4
5931032,"59",-0.0168370668661844,0.0245164978271739,1,5,1,5
5931034,"59",0.028283548292678,-0.00735269146576667,4,3,4,2
5931801,"59",0.0990639590310483,-0.0374270265475733,5,1,5,1
5931802,"59",0.050144781836735,-0.0774696625470835,4,1,4,1
5931806,"59",0,0,2,4,2,3
5931807,"59",0,0,2,4,2,3
5931808,"59",0.0646657674874147,0.0253374263753405,5,5,4,5
5931809,"59",0,0,2,4,2,3
5931812,"59",0.0272153620003938,-0.0431987337738559,4,1,4,1
5931813,"59",0.0812344990351225,0.00886518598228979,5,4,4,4
5931814,"59",0.00308231537853056,-0.116201219302557,3,1,3,1
5931815,"59",0.154107503912325,-0.0613480978716973,5,1,5,1
5931816,"59",-0.00482997890680127,-0.0176848852056681,2,2,2,2
5931817,"59",0,0,2,4,2,3
5931818,"59",0,0,2,4,2,3
5931819,"59",NA,NA,NA,NA,NA,NA
5931820,"59",0,0,2,4,2,3
5931821,"59",0.0971776394980329,0.0173857800919544,5,5,5,5
5931822,"59",NA,NA,NA,NA,NA,NA
5931823,"59",0,0,2,4,2,3
5931824,"59",NA,NA,NA,NA,NA,NA
5931825,"59",0,0,2,4,2,3
5931826,"59",0,0,2,4,2,3
5931827,"59",0,0,2,4,2,3
5931828,"59",0.0399366060345325,-0.0570480136389046,4,1,4,1
5931829,"59",0.0952300175054992,-0.0317048554076901,5,1,5,1
5931831,"59",0.0273638913243482,-0.0408666558986122,4,1,4,1
5931832,"59",0,0,2,4,2,3
5931833,"59",0,0,2,4,2,3
5931834,"59",NA,NA,NA,NA,NA,NA
5931842,"59",0.0854815185134242,-0.107772701469475,5,1,5,1
5931843,"59",0.0994443344873728,-0.0221451096350622,5,2,5,2
5931844,"59",0.0807921641685436,-0.00588108630031706,5,3,4,2
5933006,"59",0.0230160410494538,0.0116425110541734,4,5,4,4
5933008,"59",0.00247012602589699,-0.0220057134524287,3,2,3,2
5933012,"59",-0.0192921436936642,-0.047177342272082,1,1,1,1
5933015,"59",0.000835819044987321,0.00362086573341782,2,4,3,4
5933019,"59",0.0153578336688205,0.0158138934145743,3,5,3,5
5933024,"59",0.0259907468315107,0.0230360058055369,4,5,4,5
5933028,"59",0.0533965107897416,0.0301053362079697,4,5,4,5
5933032,"59",0.0379258572511419,0.0083724190477974,4,4,4,4
5933035,"59",-0.00172337591754719,0.00909115513770737,2,4,2,4
5933037,"59",0.0102470140481223,-0.0100591498894703,3,3,3,2
5933039,"59",-0.0108788102400486,-0.0118022475833469,1,3,1,2
5933042,"59",-0.0113945806288742,0.0115118333566525,1,5,1,4
5933044,"59",-0.012048007053223,-0.0190821840096697,1,2,1,2
5933045,"59",-0.0417401522999295,0.000918844993999827,1,4,1,4
5933054,"59",0.0370050637487048,-0.00684176345314834,4,3,4,2
5933060,"59",-0.00881162949056194,-0.0150488412275046,1,2,1,2
5933067,"59",0.0242501553624648,0.0126987352124939,4,5,4,4
5933068,"59",0.0494648247540228,-0.0119908539920056,4,3,4,2
5933070,"59",0.0164045965299263,0.0104728453217158,3,5,3,4
5933072,"59",0.0021966570519555,-0.0111475227987496,3,3,3,2
5933074,"59",0.019250040321482,-0.00612731166040767,3,3,3,2
5933801,"59",0.116829052968559,-0.0255060726532202,5,2,5,1
5933802,"59",0.0747738317621602,-0.0155036768787809,5,2,4,2
5933803,"59",NA,NA,NA,NA,NA,NA
5933805,"59",0.0731977341306488,-0.185430142220533,5,1,4,1
5933806,"59",0.12319094494106,-0.0938237136724234,5,1,5,1
5933807,"59",0.0668741304882672,0.0160949517055534,5,5,4,5
5933808,"59",0.0983578589297888,0.00179995800110124,5,4,5,4
5933809,"59",0,0,2,4,2,3
5933810,"59",NA,NA,NA,NA,NA,NA
5933811,"59",0,0,2,4,2,3
5933812,"59",0.0837968218749126,-0.0442120691855249,5,1,5,1
5933813,"59",0,0,2,4,2,3
5933814,"59",0.144861805089185,-0.117212140713205,5,1,5,1
5933817,"59",0.078541695821389,0.0590346957224354,5,5,4,5
5933819,"59",NA,NA,NA,NA,NA,NA
5933821,"59",0.110938148030417,-0.10175641551201,5,1,5,1
5933823,"59",0,0,2,4,2,3
5933824,"59",NA,NA,NA,NA,NA,NA
5933825,"59",0,0,2,4,2,3
5933828,"59",NA,NA,NA,NA,NA,NA
5933829,"59",0,0,2,4,2,3
5933831,"59",0,0,2,4,2,3
5933832,"59",0.0784447887574606,-0.0837847218204886,5,1,4,1
5933833,"59",0.0980617880267873,-0.0267532365079359,5,2,5,1
5933834,"59",NA,NA,NA,NA,NA,NA
5933836,"59",0.198430782769912,-0.134181934065925,5,1,5,1
5933837,"59",NA,NA,NA,NA,NA,NA
5933839,"59",NA,NA,NA,NA,NA,NA
5933840,"59",0,0,2,4,2,3
5933841,"59",0,0,2,4,2,3
5933842,"59",NA,NA,NA,NA,NA,NA
5933844,"59",0.124983089567105,-0.0770120499173455,5,1,5,1
5933845,"59",0,0,2,4,2,3
5933846,"59",NA,NA,NA,NA,NA,NA
5933848,"59",0,0,2,4,2,3
5933849,"59",0.142320472577174,-0.0796206653833248,5,1,5,1
5933850,"59",0,0,2,4,2,3
5933851,"59",0,0,2,4,2,3
5933852,"59",0,0,2,4,2,3
5933853,"59",-0.00648771446657248,-0.00543305978028359,2,3,1,3
5933854,"59",NA,NA,NA,NA,NA,NA
5933855,"59",0,0,2,4,2,3
5933857,"59",NA,NA,NA,NA,NA,NA
5933858,"59",0,0,2,4,2,3
5933859,"59",0,0,2,4,2,3
5933861,"59",NA,NA,NA,NA,NA,NA
5933865,"59",0,0,2,4,2,3
5933866,"59",0,0,2,4,2,3
5933868,"59",0,0,2,4,2,3
5933870,"59",0,0,2,4,2,3
5933872,"59",0.112730603509877,-0.0195462281162396,5,2,5,2
5933873,"59",0.101816580686757,-0.0486361128571757,5,1,5,1
5933874,"59",NA,NA,NA,NA,NA,NA
5933875,"59",0,0,2,4,2,3
5933876,"59",0,0,2,4,2,3
5933877,"59",0.0163708101061676,-0.0805199042726295,3,1,3,1
5933878,"59",0,0,2,4,2,3
5933879,"59",0,0,2,4,2,3
5933880,"59",-0.013075887334204,0.00230773294296001,1,4,1,4
5933881,"59",NA,NA,NA,NA,NA,NA
5933882,"59",NA,NA,NA,NA,NA,NA
5933884,"59",0.0903907374134749,-0.0176147198633222,5,2,5,2
5933886,"59",NA,NA,NA,NA,NA,NA
5933887,"59",-0.00241567208184981,0.031937821998407,2,5,2,5
5933888,"59",0,0,2,4,2,3
5933889,"59",NA,NA,NA,NA,NA,NA
5933892,"59",0,0,2,4,2,3
5933893,"59",NA,NA,NA,NA,NA,NA
5933895,"59",NA,NA,NA,NA,NA,NA
5933896,"59",0.184823028733366,-0.143466219474965,5,1,5,1
5933897,"59",NA,NA,NA,NA,NA,NA
5933898,"59",0.0446166418732507,-0.0358339163259526,4,1,4,1
5933899,"59",0,0,2,4,2,3
5935010,"59",-0.0204270555276919,0.0130251341285031,1,5,1,5
5935012,"59",-0.00801061790570067,-0.0264671428773337,2,2,1,1
5935016,"59",-0.0211281022123513,-0.00560716874095262,1,3,1,3
5935018,"59",-0.0112435026133063,-0.006121832620045,1,3,1,2
5935020,"59",-0.00461441703775881,-0.00901261330698949,2,3,2,2
5935029,"59",-0.0169964158931891,-0.0155554622904707,1,2,1,2
5935801,"59",0.0105627434446997,0.0209881436815903,3,5,3,5
5935802,"59",0.0134275635582762,0.0321948689059079,3,5,3,5
5935803,"59",-0.00142918360237276,-0.00247723852565642,2,3,2,3
5937005,"59",0.0178234162881784,0.0106407634673956,3,5,3,4
5937010,"59",-0.0230089460696768,-0.0332307313197613,1,1,1,1
5937014,"59",0.00221053127570638,0.0196199117869212,3,5,3,5
5937017,"59",-0.00138547202940956,-0.0129586515024446,2,3,2,2
5937021,"59",-0.010892368748944,-0.0182978103535155,1,2,1,2
5937022,"59",0.0247564826637121,-0.0217713144410008,4,2,4,2
5937023,"59",0.0501753653423917,-0.00987415912107918,4,3,4,2
5937024,"59",0.00678753360698962,-0.0261607810243153,3,2,3,1
5937028,"59",-0.00338439657743102,0.00832265107041611,2,4,2,4
5937033,"59",0.0209706435493507,0.0244805649548704,4,5,3,5
5937041,"59",0.00926440666935042,-0.0111798925049474,3,3,3,2
5937801,"59",0.0344630038923733,-0.0235983754296714,4,2,4,2
5937802,"59",0.104032692511119,-0.00579012146232519,5,3,5,2
5937803,"59",0.0781166484513859,-0.015962536556867,5,2,4,2
5937805,"59",NA,NA,NA,NA,NA,NA
5939007,"59",-0.0176132209438044,0.0208143662722993,1,5,1,5
5939011,"59",-0.0101838511485988,-0.000507059342753719,1,3,1,3
5939019,"59",-0.0119832681294715,0.0050271309497546,1,4,1,4
5939023,"59",0.055597993106132,-0.0381059885071466,4,1,4,1
5939032,"59",-0.0046193618740014,-0.00276066945880908,2,3,2,3
5939037,"59",0.00519831513838725,-0.0272462932415128,3,2,3,1
5939039,"59",0.021066644259373,-0.00926178681708723,4,3,3,2
5939043,"59",0.0390762060600787,-0.00300602988294672,4,3,4,3
5939044,"59",0.0106031797740351,-0.0096832174308408,3,3,3,2
5939045,"59",0.0336033048985155,0.00178827717452225,4,4,4,4
5939801,"59",-0.0518558671285262,0.0677858444525124,1,5,1,5
5939802,"59",-0.061538037379888,-0.140119039982964,1,1,1,1
5939803,"59",0.0737366530490326,0.0184537347248701,5,5,4,5
5939804,"59",0.0895848413313138,0.0260145784653336,5,5,5,5
5939805,"59",0.0423047462699126,-0.00286051989426627,4,3,4,3
5939806,"59",NA,NA,NA,NA,NA,NA
5939807,"59",0,0,2,4,2,3
5939808,"59",0.0775248667058299,0.00572245681243949,5,4,4,4
5939811,"59",0.0880631605736881,0.00733412660923532,5,4,5,4
5941005,"59",0.0598799658864941,0.0256569203076822,5,5,4,5
5941009,"59",0.0109771144596739,0.0245599171919919,3,5,3,5
5941010,"59",0.00297829093296164,-0.00574979165400711,3,3,3,2
5941012,"59",0.00574335826426449,-0.0104029360598855,3,3,3,2
5941013,"59",0.0254638562779876,0.0246038955489083,4,5,4,5
5941014,"59",0.0165495922537254,-0.0214717754505441,3,2,3,2
5941015,"59",0.0306993536421566,-0.0177557118333138,4,2,4,2
5941016,"59",0.0403966808377609,-0.00785704891241256,4,3,4,2
5941017,"59",0.0564922811970085,-0.0299560626319146,4,2,4,1
5941019,"59",0.0220486944945931,-0.00472372333137283,4,3,4,3
5941021,"59",0.0144556045046834,-0.00925828352228257,3,3,3,2
5941025,"59",0.0427118555444528,0.0204721266260638,4,5,4,5
5941026,"59",0.0538180285964883,-0.0178083946263886,4,2,4,2
5941027,"59",0.0583937164221342,-0.0197287569017133,5,2,4,2
5941039,"59",0.019936166964659,0.00313475624741836,3,4,3,4
5941041,"59",0.0265244172090168,-0.00223571160734543,4,3,4,3
5941801,"59",0.0949842979608068,-0.0223531904493683,5,2,5,2
5941802,"59",NA,NA,NA,NA,NA,NA
5941803,"59",NA,NA,NA,NA,NA,NA
5941804,"59",NA,NA,NA,NA,NA,NA
5941805,"59",0.0858063133649058,-0.0456318653681518,5,1,5,1
5941806,"59",0.0225566816822136,0.0237575217128518,4,5,4,5
5941807,"59",0,0,2,4,2,3
5941808,"59",NA,NA,NA,NA,NA,NA
5941809,"59",0.11712063958057,0.0585810953041115,5,5,5,5
5941810,"59",0,0,2,4,2,3
5941811,"59",0,0,2,4,2,3
5941812,"59",0.103232272982786,-0.0241415568045711,5,2,5,2
5941813,"59",NA,NA,NA,NA,NA,NA
5941817,"59",0,0,2,4,2,3
5941818,"59",NA,NA,NA,NA,NA,NA
5941821,"59",0.170657100828194,-0.058889349910899,5,1,5,1
5941827,"59",NA,NA,NA,NA,NA,NA
5941828,"59",NA,NA,NA,NA,NA,NA
5941829,"59",NA,NA,NA,NA,NA,NA
5941831,"59",NA,NA,NA,NA,NA,NA
5941833,"59",0,0,2,4,2,3
5941835,"59",NA,NA,NA,NA,NA,NA
5941837,"59",0,0,2,4,2,3
5941838,"59",0,0,2,4,2,3
5941839,"59",0.178598887746144,-0.124506336203641,5,1,5,1
5941840,"59",0.183979225762008,-0.0934660433777084,5,1,5,1
5941841,"59",0.144353944629008,-0.0260659140665595,5,2,5,1
5941844,"59",NA,NA,NA,NA,NA,NA
5941845,"59",0,0,2,4,2,3
5941848,"59",NA,NA,NA,NA,NA,NA
5941849,"59",NA,NA,NA,NA,NA,NA
5941850,"59",0.203225793379911,-0.0757640184306855,5,1,5,1
5941851,"59",0,0,2,4,2,3
5941852,"59",NA,NA,NA,NA,NA,NA
5941854,"59",NA,NA,NA,NA,NA,NA
5941855,"59",0,0,2,4,2,3
5941856,"59",NA,NA,NA,NA,NA,NA
5941861,"59",NA,NA,NA,NA,NA,NA
5941862,"59",NA,NA,NA,NA,NA,NA
5941864,"59",NA,NA,NA,NA,NA,NA
5941866,"59",0,0,2,4,2,3
5941868,"59",NA,NA,NA,NA,NA,NA
5941871,"59",0,0,2,4,3,4
5941872,"59",NA,NA,NA,NA,NA,NA
5941873,"59",0,0,2,4,3,4
5941876,"59",NA,NA,NA,NA,NA,NA
5941879,"59",0,0,2,4,3,4
5941880,"59",0.157121394870585,0.0265137545878564,5,5,5,5
5941881,"59",NA,NA,NA,NA,NA,NA
5941882,"59",NA,NA,NA,NA,NA,NA
5941883,"59",0,0,2,4,3,4
5941884,"59",NA,NA,NA,NA,NA,NA
5941885,"59",0,0,2,4,3,4
5941886,"59",0,0,2,4,3,4
5943008,"59",-0.00517237434686095,0.0418239435990128,2,5,2,5
5943012,"59",-0.00391390252569918,0.0154686401826989,2,5,2,5
5943017,"59",0.0514567198002408,0.0231010988913644,4,5,4,5
5943023,"59",0.0191256084561443,0.0372638389928691,3,5,3,5
5943027,"59",0,0,2,4,3,4
5943031,"59",-0.0273859113476136,0.00188742530680051,1,4,1,4
5943033,"59",0.110738931719919,-0.0422434254681551,5,1,5,1
5943037,"59",-0.014894711799437,0.0326981178424803,1,5,1,5
5943804,"59",0.0386748549292521,-0.0314773857701697,4,1,4,1
5943806,"59",0.154188205330807,-0.0151237650773596,5,2,5,2
5943807,"59",0,0,2,4,3,4
5943808,"59",0,0,2,4,3,4
5943809,"59",NA,NA,NA,NA,NA,NA
5943813,"59",0.0592694051002114,-0.0369952559839913,5,1,4,1
5943815,"59",0.0832381742681187,-0.0153345384779218,5,2,5,2
5943816,"59",0.13308761319862,-0.0825858379803489,5,1,5,1
5943817,"59",NA,NA,NA,NA,NA,NA
5943826,"59",NA,NA,NA,NA,NA,NA
5943835,"59",NA,NA,NA,NA,NA,NA
5943836,"59",NA,NA,NA,NA,NA,NA
5943837,"59",0.109102255922186,-0.0102607452592394,5,3,5,2
5945006,"59",0.0184328682822503,0.0241733957125255,3,5,3,5
5945010,"59",-0.00272505879971744,0.0322172586471235,2,5,2,5
5945012,"59",-0.00392634919610901,0.0201070057331041,2,5,2,5
5945014,"59",-0.113404260185839,0.111363764459121,1,5,1,5
5945801,"59",0.0834530997847919,-0.0107467007604293,5,3,5,2
5945802,"59",0.123692483973009,-0.0196186695477899,5,2,5,2
5945803,"59",-0.0138009851823491,-0.0466848886605886,1,1,1,1
5947007,"59",0.0112405081871083,0.00539076386958172,3,4,3,4
5947012,"59",0.00679359722830385,0.0125159489884094,3,5,3,4
5947016,"59",-0.0281368678021381,0.00863764589400147,1,4,1,4
5947021,"59",0,0,2,4,3,4
5947023,"59",0.0236526714349721,0.028413614802816,4,5,4,5
5947026,"59",0.00570927783689949,0.0538985768592174,3,5,3,5
5947027,"59",0.00265919075939285,-0.0126092271371447,3,3,3,2
5947030,"59",0.0314534929950155,0.0460935688510589,4,5,4,5
5947032,"59",-0.0267054886976214,0.000854198634535473,1,4,1,4
5947802,"59",0.115530863842908,-0.0639486967426462,5,1,5,1
5947803,"59",0.126732446298298,0.00766778019090661,5,4,5,4
5947804,"59",0.0559316373815519,0.00408085233608174,4,4,4,4
5947806,"59",-0.0469566611361116,-0.114325447166438,1,1,1,1
5947807,"59",0.158506576603732,-0.026646396355973,5,2,5,1
5947809,"59",0.154935845160901,-0.0298375424592028,5,2,5,1
5947810,"59",NA,NA,NA,NA,NA,NA
5947823,"59",0.0905051121664406,0.0244046661639624,5,5,5,5
5949005,"59",-0.00401904561296102,0.00308993047194302,2,4,2,4
5949011,"59",-0.0112536049550426,0.0211865629955427,1,5,1,5
5949013,"59",0.000738332865494832,-0.0169241713291696,2,2,3,2
5949018,"59",0.0102282046715484,0.0221897919076782,3,5,3,5
5949020,"59",NA,NA,NA,NA,NA,NA
5949022,"59",-0.0256756942641719,0.0525339064374863,1,5,1,5
5949024,"59",0.035442169396099,0.0363750285007556,4,5,4,5
5949028,"59",0.0558521131632294,-0.00283458535508544,4,3,4,3
5949032,"59",0.0328834888633062,0.0269530082991897,4,5,4,5
5949035,"59",0.0814030182489891,-0.0300904620357923,5,2,4,1
5949038,"59",0.00202136962810013,-0.00189174134497501,3,3,3,3
5949039,"59",0,0,2,4,3,4
5949041,"59",-0.00737691258438532,-0.0444180877222672,2,1,1,1
5949802,"59",0.144405414177629,-0.0707917812044676,5,1,5,1
5949803,"59",0.11340173780248,-0.00727286496121123,5,3,5,2
5949804,"59",0.0649564082703246,0.0405808010346976,5,5,4,5
5949805,"59",NA,NA,NA,NA,NA,NA
5949807,"59",0.107749819062606,-0.00366347483713042,5,3,5,3
5949810,"59",0.0861771228233469,-0.0680514032530926,5,1,5,1
5949811,"59",0.130957334868068,0.00219233413835563,5,4,5,4
5949812,"59",0.107339917871909,-0.0333676210398037,5,1,5,1
5949813,"59",0.125150081139111,-0.008912847403737,5,3,5,2
5949814,"59",0.159263462632472,-0.0354318825319065,5,1,5,1
5949815,"59",0.155087538862223,-0.0248736747941102,5,2,5,2
5949816,"59",0.163689553173169,-0.0271085597337114,5,2,5,1
5949817,"59",0.124280627261932,-0.0281227984284085,5,2,5,1
5949818,"59",0.118985182650072,-0.0020064149812545,5,3,5,3
5949819,"59",0.0984109024271467,-0.045662028877954,5,1,5,1
5949820,"59",0.109674434095037,-0.0647534573120519,5,1,5,1
5949832,"59",0.107284961889852,-0.0458242426439644,5,1,5,1
5949843,"59",0.112264526612639,-0.0657776473160486,5,1,5,1
5949844,"59",0.11426294458572,-0.0657663924217377,5,1,5,1
5949845,"59",0.141494601389581,-0.128002214856335,5,1,5,1
5949846,"59",NA,NA,NA,NA,NA,NA
5949847,"59",0.121824750789193,-0.12954222024905,5,1,5,1
5951007,"59",0.0011978546993232,0.00803023886844756,3,4,3,4
5951009,"59",0.016137686646699,0.0218885195721659,3,5,3,5
5951013,"59",0.00289910096923707,0.00803900930983033,3,4,3,4
5951015,"59",0.0103992455348726,-0.00750658268047711,3,3,3,2
5951017,"59",0.0336473893425375,-0.00899637410495049,4,3,4,2
5951019,"59",0.0230653121944668,-0.0500607197763691,4,1,4,1
5951022,"59",-0.017652669502229,0.0370181917784666,1,5,1,5
5951028,"59",0.0260234486561734,-0.0234083995329531,4,2,4,2
5951031,"59",0.00394777405042883,-0.00977795757592065,3,3,3,2
5951032,"59",0.0704778856804396,-0.0112894023055114,5,3,4,2
5951034,"59",0.0027664565877683,0.00105306268580989,3,4,3,4
5951038,"59",-0.00282291431439532,-0.0037883450599502,2,3,2,3
5951043,"59",-0.0271413923118734,0.0305485981962767,1,5,1,5
5951051,"59",-0.0194047272437098,-0.0163639912836685,1,2,1,2
5951053,"59",0.0320969953758834,-0.0372777238942398,4,1,4,1
5951801,"59",0.140939993405577,-0.0369210722207948,5,1,5,1
5951802,"59",0.0532945300643099,-0.00929218376820752,4,3,4,2
5951803,"59",0.121995232581273,-0.0210764023082645,5,2,5,2
5951804,"59",0,0,2,4,3,4
5951805,"59",0.0814911618987237,-0.025832344493166,5,2,5,1
5951806,"59",0,0,2,4,3,4
5951807,"59",0.121654388770384,-0.057692163983291,5,1,5,1
5951809,"59",0.108879927493413,-0.0137658689489057,5,2,5,2
5951810,"59",0.146843215417483,-0.00194348493217513,5,3,5,3
5951811,"59",0,0,2,4,3,4
5951813,"59",0,0,2,4,3,4
5951814,"59",0,0,2,4,3,4
5951815,"59",0,0,2,4,3,4
5951818,"59",0,0,2,4,3,4
5951819,"59",NA,NA,NA,NA,NA,NA
5951820,"59",0.0585399961181335,-0.0400330938288065,5,1,4,1
5951821,"59",0,0,2,4,3,4
5951822,"59",NA,NA,NA,NA,NA,NA
5951823,"59",0,0,2,4,3,4
5951824,"59",NA,NA,NA,NA,NA,NA
5951825,"59",NA,NA,NA,NA,NA,NA
5951826,"59",NA,NA,NA,NA,NA,NA
5951827,"59",0.152243737293224,-0.0457106444866947,5,1,5,1
5951828,"59",0.188959283791994,-0.0971596031465041,5,1,5,1
5951829,"59",0.150120089036169,-0.0927169392860163,5,1,5,1
5951830,"59",0,0,2,4,3,4
5951831,"59",NA,NA,NA,NA,NA,NA
5951832,"59",NA,NA,NA,NA,NA,NA
5951833,"59",NA,NA,NA,NA,NA,NA
5951840,"59",0,0,2,4,3,4
5951844,"59",0,0,2,4,3,4
5951845,"59",NA,NA,NA,NA,NA,NA
5951846,"59",NA,NA,NA,NA,NA,NA
5951847,"59",NA,NA,NA,NA,NA,NA
5951848,"59",0.117620910061809,-0.0646745885350627,5,1,5,1
5951849,"59",NA,NA,NA,NA,NA,NA
5953007,"59",-0.00573539020164947,0.0441975419845097,2,5,2,5
5953012,"59",0.0151599024015605,0.00725151416599169,3,4,3,4
5953019,"59",0.0105602613879398,-0.0164943231195716,3,2,3,2
5953023,"59",-0.00171213733645315,0.0171324198198262,2,5,2,5
5953033,"59",0.00154104750989718,0.0244266985243182,3,5,3,5
5953038,"59",-0.000334174007003288,-0.0345794697792397,2,1,2,1
5953042,"59",-0.0242116541020486,-0.0317304344262738,1,1,1,1
5953044,"59",0.0057441528711926,-0.0297457221326197,3,2,3,1
5953046,"59",0.0340790624893445,0.0112773690141658,4,5,4,4
5953048,"59",0.0202033925999117,-0.00557852759466489,3,3,3,3
5953050,"59",0.0156603535640101,0.0127746475724867,3,5,3,4
5953801,"59",0.0295280356020133,0.0291327104926377,4,5,4,5
5953802,"59",0.128162508373407,0.0216077262124855,5,5,5,5
5955003,"59",-0.0136217434806446,0.0289230483898804,1,5,1,5
5955005,"59",0.0227771699581564,0.011132600746953,4,5,4,4
5955010,"59",-0.00164769969169058,0.0297802666217472,2,5,2,5
5955014,"59",0.00377776504886601,0.0323870396345619,3,5,3,5
5955021,"59",-0.00699199270213411,-0.0226583124821742,2,2,1,2
5955023,"59",-0.00134636291495662,-0.0151759574094598,2,2,2,2
5955025,"59",-0.0219696544849172,0.017527657814619,1,5,1,5
5955030,"59",0.0102892642581525,0.0172443583151333,3,5,3,5
5955034,"59",-0.0127255267700852,0.0266880927182647,1,5,1,5
5955040,"59",0.00605199457270544,-0.0541174872815411,3,1,3,1
5955042,"59",-0.0166634846256885,-0.0306959310863427,1,2,1,1
5955801,"59",0.134054152776635,-0.00104369272584886,5,3,5,3
5955802,"59",0.0760746282130869,0.0369156206723916,5,5,4,5
5955803,"59",0.208090163465656,-0.0640736616808846,5,1,5,1
5955804,"59",0.0934499646288249,0.0672925327653335,5,5,5,5
5955807,"59",0.0563044095978735,0.0554411116347835,4,5,4,5
5955808,"59",0.058832675428296,-0.0172132807045885,5,2,4,2
5955812,"59",NA,NA,NA,NA,NA,NA
5955840,"59",0.0116589615078327,-0.109240620822603,3,1,3,1
5955850,"59",NA,NA,NA,NA,NA,NA
5957022,"59",-0.0752799950857539,0.0274932375211438,1,5,1,5
5957802,"59",0,0,2,4,3,4
5957803,"59",0.0673127307204493,0.00651782002064826,5,4,4,4
5957804,"59",NA,NA,NA,NA,NA,NA
5957813,"59",0,0,2,4,3,4
5957814,"59",0.087598998411172,-0.0464125681818976,5,1,5,1
5957820,"59",0,0,2,4,3,4
5959007,"59",-0.00338970233928185,0.025690531149042,2,5,2,5
5959805,"59",0,0,2,4,3,4
5959806,"59",0.0929484486871493,-0.00108549561359022,5,3,5,3
5959809,"59",NA,NA,NA,NA,NA,NA
5959810,"59",0.0937824581283183,-0.0494199639874795,5,1,5,1
6001003,"60",0.0244552881276992,0.0225408104576665,4,5,4,4
6001004,"60",0.00539238955136861,0.0468689224875043,3,5,4,5
6001006,"60",0.0188611598091178,0.0338775463768405,3,5,4,5
6001007,"60",0,0,2,4,2,1
6001008,"60",0,0,2,4,2,2
6001009,"60",-0.03309625928024,0.0230969865284234,1,5,1,4
6001010,"60",0,0,2,4,2,2
6001012,"60",0.0223101032554032,0.0328000627919956,4,5,4,5
6001018,"60",0.000706145659224755,-0.0152696627337856,2,2,4,1
6001019,"60",NA,NA,NA,NA,NA,NA
6001022,"60",-0.0202108185281735,0.0329546343476461,1,5,1,5
6001029,"60",-0.0290188286349109,0.0532049992605857,1,5,1,5
6001031,"60",NA,NA,NA,NA,NA,NA
6001032,"60",0.112397171899061,-0.0837164068736275,5,1,5,1
6001036,"60",0.0423288335686249,-0.012711051973378,4,3,5,1
6001037,"60",0.0901262691336274,-0.00297920790474845,5,3,5,1
6001038,"60",0,0,2,4,3,2
6001039,"60",0,0,2,4,3,2
6001041,"60",0.0780139746980598,0.0212934360535802,5,5,5,4
6001042,"60",-0.0474365312425137,-0.000786532639288727,1,3,1,1
6001043,"60",0.0534466722992388,0.0433211995968197,4,5,5,5
6001044,"60",-0.0267436928585425,-0.0248783956923305,1,2,1,1
6001045,"60",-0.00478768005945744,0.0209815435586776,2,5,2,4
6001046,"60",0,0,2,4,3,2
6001047,"60",0,0,2,4,3,2
6001048,"60",0.0637076187047158,0.0138298628518223,5,5,5,3
6001049,"60",0,0,2,4,3,3
6001050,"60",0,0,2,4,3,3
6001052,"60",0,0,2,4,4,3
6001055,"60",-0.0160451559195561,0.0154329443879091,1,5,2,3
6001057,"60",NA,NA,NA,NA,NA,NA
6001058,"60",-0.064747244989792,0.0255438734522298,1,5,1,4
6001059,"60",-0.0395612113076232,0.00836310857489807,1,4,1,3
6001060,"60",-0.0116758331500425,0.0250005562452214,1,5,2,4
6001065,"60",NA,NA,NA,NA,NA,NA
6101010,"61",0.00153558134990679,-0.0410354354107259,3,1,2,2
6101014,"61",0.121151230288372,-0.0698803086403316,5,1,5,1
6101015,"61",0.108882104036361,-0.017475062715345,5,2,4,3
6101017,"61",-0.00885717706782637,0.0107524652009399,1,5,1,5
6101025,"61",0.108991090736463,0.00247195856741404,5,4,4,4
6101036,"61",0.130067099550468,-0.0345540893303552,5,1,5,3
6101041,"61",0.0750507137649081,0.0554277260817004,5,5,2,5
6101063,"61",NA,NA,NA,NA,NA,NA
6101095,"61",0.125575835469432,-0.062449117316613,5,1,5,1
6102003,"61",0.115423389091111,-0.0642242479184922,5,1,4,1
6102005,"61",0.0965073389326182,-0.0526269627617596,5,1,3,2
6102007,"61",-0.0532218660254818,0.0337632931146503,1,5,1,5
6102009,"61",0.0752343412414663,0.00478448543148469,5,4,3,4
6102012,"61",0.141188492859566,-0.152441738971295,5,1,5,1
6102063,"61",NA,NA,NA,NA,NA,NA
6103031,"61",0.107761105421808,-0.0461859156388563,5,1,3,2
6103034,"61",0.133131866509105,-0.0415861727046281,5,1,5,2
6103049,"61",0.108685178992506,-0.0737443094490306,5,1,4,1
6103052,"61",0.118897491482102,-0.0941772639919403,5,1,4,1
6103097,"61",NA,NA,NA,NA,NA,NA
6104005,"61",0,0,2,4,1,3
6104006,"61",0.102882913720514,-0.0547472087636128,5,1,3,2
6104009,"61",0.133359606563264,-0.0579776446545263,5,1,5,2
6104010,"61",0.0966858761769136,-0.12172463178302,5,1,3,1
6104013,"61",0,0,2,4,1,4
6104014,"61",0.093064166168224,-0.029348536896504,5,2,3,3
6104017,"61",0.133779221006395,-0.0371326223912304,5,1,5,2
6104038,"61",0.0281345568631889,-0.0144020087137094,4,2,2,3
6104044,"61",0.110215074561753,-0.0759256908120179,5,1,4,1
6104097,"61",0,0,2,4,2,4
6105001,"61",0.0016014004079218,0.00869049746013243,3,4,2,5
6105003,"61",-0.0348954550439361,0.0208231205095331,1,5,1,5
6105004,"61",0,0,2,4,2,4
6105016,"61",-0.0116174842972711,0.00438331252043697,1,4,1,4
6105018,"61",0.0783093300748153,0.0196292842461797,5,5,3,5
6105020,"61",0.00386666100766775,0.00879504954898279,3,4,2,5
6105026,"61",NA,NA,NA,NA,NA,NA
6105097,"61",0,0,2,4,2,4
6106021,"61",0.114501563253236,-0.0128441980157381,5,3,4,3
6106023,"61",-0.0395795632495988,-0.000751424158090856,1,3,1,3
6106097,"61",-0.0757488207976413,-0.0607923529097694,1,1,1,2
6204001,"62",0.153723380442868,-0.0552986264110057,5,1,5,2
6204003,"62",-0.0101552506442726,0.00691576666750929,1,4,1,5
6204005,"62",0.125147222710598,-0.0539579407352322,5,1,3,2
6204007,"62",0.119470349577791,-0.0400997811250541,5,1,3,3
6204009,"62",0.119450273782411,-0.0458099962140038,5,1,3,3
6204010,"62",0.162197197317821,-0.0803725273758521,5,1,5,1
6204011,"62",0.140067519522477,-0.0338868371813,5,1,4,4
6204012,"62",0.155729988370607,-0.0556092711269807,5,1,5,2
6204015,"62",0.15213382956511,-0.0795662314577064,5,1,5,1
6204018,"62",0.1229718623525,-0.035941492511318,5,1,3,3
6204019,"62",NA,NA,NA,NA,NA,NA
6204020,"62",0.107722994177575,-0.00946509765502896,5,3,2,4
6204022,"62",0.0546625498861587,0.0779137516593302,4,5,1,5
6204025,"62",0.0932233337538358,-0.0507471183469738,5,1,2,3
6204030,"62",NA,NA,NA,NA,NA,NA
6205014,"62",0.12676215891128,-0.103323747442175,5,1,4,1
6205015,"62",0.126704446331734,-0.0607427253137829,5,1,4,2
6205016,"62",0.125014692435424,-0.0887715267101577,5,1,3,1
6205017,"62",0.0448526345335315,-0.00913701374860395,4,3,1,5
6205019,"62",0.0760793578479146,0.0346524131819971,5,5,1,5
6205023,"62",0.117839830006266,-0.0422977219289868,5,1,2,3
6205027,"62",0.146067370032056,-0.0511448277594166,5,1,4,2
6205033,"62",0,0,2,4,1,5
6208047,"62",0.16548055818451,-0.0640980229651651,5,1,5,1
6208059,"62",0.117669709752385,-0.0273902927780975,5,2,2,4
6208065,"62",NA,NA,NA,NA,NA,NA
6208068,"62",NA,NA,NA,NA,NA,NA
6208073,"62",0.0551287960954754,-0.0245866149887924,4,2,1,4
6208081,"62",0.117227036229063,-0.0356639944465363,5,1,2,4
6208087,"62",0.148908864076115,-0.0622883989239452,5,1,4,1
6208098,"62",NA,NA,NA,NA,NA,NA
