"ref_date","geo","dguid","property_type","total","resident_owned","residents_only","non_resident_owned","non_resident_partic"
2022,"Abbey, Village","4708048","Improved land",85,0,0,0,0
2022,"Abbey, Village","4708048","Total",115,0,0,0,0
2022,"Abbey, Village","4708048","Vacant",30,0,0,0,0
2022,"Abbotsford - Mission, Census metropolitan area (CMA)","932","Improved land",54425,53865,53220,555,1200
2022,"Abbotsford - Mission, Census metropolitan area (CMA)","932","Total",55830,55250,54585,570,1235
2022,"Abbotsford - Mission, Census metropolitan area (CMA)","932","Vacant",1400,1385,1365,15,35
2022,"Abbotsford, City","5909052","Improved land",42385,41965,41485,415,890
2022,"Abbotsford, City","5909052","Total",43130,42705,42215,425,915
2022,"Abbotsford, City","5909052","Vacant",750,740,730,10,20
2022,"Aberdeen No. 373, Rural municipality","4715018","Improved land",540,0,0,0,0
2022,"Aberdeen No. 373, Rural municipality","4715018","Total",590,0,0,0,0
2022,"Aberdeen No. 373, Rural municipality","4715018","Vacant",50,0,0,0,0
2022,"Aberdeen, Parish","1311026","Improved land",570,545,525,25,50
2022,"Aberdeen, Parish","1311026","Total",820,780,750,40,70
2022,"Aberdeen, Parish","1311026","Vacant",250,235,225,15,25
2022,"Aberdeen, Town","4715019","Improved land",255,0,0,0,0
2022,"Aberdeen, Town","4715019","Total",305,0,0,0,0
2022,"Aberdeen, Town","4715019","Vacant",50,0,0,0,0
2022,"Abernethy No. 186, Rural municipality","4706042","Improved land",120,0,0,0,0
2022,"Abernethy No. 186, Rural municipality","4706042","Total",225,0,0,0,0
2022,"Abernethy No. 186, Rural municipality","4706042","Vacant",105,0,0,0,0
2022,"Abernethy, Village","4706046","Improved land",100,0,0,0,0
2022,"Abernethy, Village","4706046","Total",165,0,0,0,0
2022,"Abernethy, Village","4706046","Vacant",65,0,0,0,0
2022,"Abram-Village, Rural municipality","1103027","Improved land",140,135,135,0,5
2022,"Abram-Village, Rural municipality","1103027","Total",145,145,140,0,5
2022,"Abram-Village, Rural municipality","1103027","Vacant",5,5,5,0,0
2022,"Acadia No. 34, Municipal district","4804001","Improved land",180,0,0,0,0
2022,"Acadia No. 34, Municipal district","4804001","Total",245,0,0,0,0
2022,"Acadia No. 34, Municipal district","4804001","Vacant",65,0,0,0,0
2022,"Acadieville, Parish","1308024","Improved land",425,410,390,15,35
2022,"Acadieville, Parish","1308024","Total",705,675,645,30,60
2022,"Acadieville, Parish","1308024","Vacant",280,265,255,15,25
2022,"Acme, Village","4805044","Improved land",290,0,0,0,0
2022,"Acme, Village","4805044","Total",325,0,0,0,0
2022,"Acme, Village","4805044","Vacant",35,0,0,0,0
2022,"Addington Highlands, Township","3511035","Improved land",2535,2430,2360,115,175
2022,"Addington Highlands, Township","3511035","Total",3715,3510,3410,205,305
2022,"Addington Highlands, Township","3511035","Vacant",1180,1090,1050,90,130
2022,"Addington, Parish","1314012","Improved land",345,345,330,0,15
2022,"Addington, Parish","1314012","Total",480,475,455,5,25
2022,"Addington, Parish","1314012","Vacant",135,130,125,5,10
2022,"Adelaide-Metcalfe, Township","3539047","Improved land",1045,1035,1030,10,15
2022,"Adelaide-Metcalfe, Township","3539047","Total",1110,1095,1090,15,20
2022,"Adelaide-Metcalfe, Township","3539047","Vacant",65,60,60,5,5
2022,"Adjala-Tosorontio, Township","3543003","Improved land",3910,3880,3855,30,55
2022,"Adjala-Tosorontio, Township","3543003","Total",4155,4115,4085,40,70
2022,"Adjala-Tosorontio, Township","3543003","Vacant",245,235,230,10,15
2022,"Admaston/Bromley, Township","3547043","Improved land",1335,1320,1310,15,25
2022,"Admaston/Bromley, Township","3547043","Total",1745,1725,1705,20,40
2022,"Admaston/Bromley, Township","3547043","Vacant",410,405,395,5,15
2022,"Admirals Beach, Town","1001186","Improved land",0,0,0,0,0
2022,"Admirals Beach, Town","1001186","Total",110,100,100,10,10
2022,"Admirals Beach, Town","1001186","Vacant",0,0,0,0,0
2022,"Air Ronge, Northern village","4718042","Improved land",375,0,0,0,0
2022,"Air Ronge, Northern village","4718042","Total",465,0,0,0,0
2022,"Air Ronge, Northern village","4718042","Vacant",90,0,0,0,0
2022,"Airdrie, City","4806021","Improved land",26140,0,0,0,0
2022,"Airdrie, City","4806021","Total",27040,0,0,0,0
2022,"Airdrie, City","4806021","Vacant",915,0,0,0,0
2022,"Ajax, Town","3518005","Improved land",35890,35575,35270,310,620
2022,"Ajax, Town","3518005","Total",36520,36205,35900,315,625
2022,"Ajax, Town","3518005","Vacant",635,635,630,0,5
2022,"Alameda, Town","4701037","Improved land",170,0,0,0,0
2022,"Alameda, Town","4701037","Total",185,0,0,0,0
2022,"Alameda, Town","4701037","Vacant",15,0,0,0,0
2022,"Alberni-Clayoquot A, Regional district electoral area","5923047","Improved land",320,285,265,35,65
2022,"Alberni-Clayoquot A, Regional district electoral area","5923047","Total",475,425,400,50,80
2022,"Alberni-Clayoquot A, Regional district electoral area","5923047","Vacant",155,140,135,15,20
2022,"Alberni-Clayoquot B, Regional district electoral area","5923033","Improved land",200,195,195,5,5
2022,"Alberni-Clayoquot B, Regional district electoral area","5923033","Total",245,235,235,10,10
2022,"Alberni-Clayoquot B, Regional district electoral area","5923033","Vacant",45,40,40,5,5
2022,"Alberni-Clayoquot C, Regional district electoral area","5923049","Improved land",380,365,350,15,30
2022,"Alberni-Clayoquot C, Regional district electoral area","5923049","Total",835,790,765,45,70
2022,"Alberni-Clayoquot C, Regional district electoral area","5923049","Vacant",455,425,415,30,40
2022,"Alberni-Clayoquot D, Regional district electoral area","5923035","Improved land",1100,1075,1030,25,65
2022,"Alberni-Clayoquot D, Regional district electoral area","5923035","Total",1360,1325,1275,35,85
2022,"Alberni-Clayoquot D, Regional district electoral area","5923035","Vacant",260,250,240,10,20
2022,"Alberni-Clayoquot E, Regional district electoral area","5923037","Improved land",1070,1060,1040,10,30
2022,"Alberni-Clayoquot E, Regional district electoral area","5923037","Total",1155,1140,1115,15,40
2022,"Alberni-Clayoquot E, Regional district electoral area","5923037","Vacant",85,80,75,5,10
2022,"Alberni-Clayoquot F, Regional district electoral area","5923039","Improved land",715,700,690,15,25
2022,"Alberni-Clayoquot F, Regional district electoral area","5923039","Total",795,780,770,15,20
2022,"Alberni-Clayoquot F, Regional district electoral area","5923039","Vacant",80,80,80,0,0
2022,"Alberta","48","Improved land",1501595,0,0,0,0
2022,"Alberta","48","Total",1583185,0,0,0,0
2022,"Alberta","48","Vacant",81590,0,0,0,0
2022,"Alberta Beach, Village","4813012","Improved land",730,0,0,0,0
2022,"Alberta Beach, Village","4813012","Total",800,0,0,0,0
2022,"Alberta Beach, Village","4813012","Vacant",70,0,0,0,0
2022,"Alberton, Fire district","1103064","Improved land",1300,1245,1230,50,80
2022,"Alberton, Fire district","1103064","Total",1480,1420,1390,55,85
2022,"Alberton, Fire district","1103064","Vacant",180,175,170,5,10
2022,"Alberton, Town","1103052","Improved land",345,345,340,0,5
2022,"Alberton, Town","1103052","Total",375,375,370,0,5
2022,"Alberton, Town","1103052","Vacant",30,30,30,0,0
2022,"Alberton, Township","3559011","Improved land",375,370,370,5,5
2022,"Alberton, Township","3559011","Total",485,470,470,15,15
2022,"Alberton, Township","3559011","Vacant",120,110,110,10,10
2022,"Albertville, Village","4715085","Improved land",60,0,0,0,0
2022,"Albertville, Village","4715085","Total",75,0,0,0,0
2022,"Albertville, Village","4715085","Vacant",15,0,0,0,0
2022,"Alert Bay, Village","5943008","Improved land",225,210,205,15,20
2022,"Alert Bay, Village","5943008","Total",295,265,260,30,35
2022,"Alert Bay, Village","5943008","Vacant",70,55,55,15,15
2022,"Alexander, Rural municipality","4601071","Improved land",4255,4140,4070,115,180
2022,"Alexander, Rural municipality","4601071","Total",5455,5310,5225,145,230
2022,"Alexander, Rural municipality","4601071","Vacant",1200,1170,1155,30,45
2022,"Alexandra, Rural municipality","1102013","Improved land",95,95,95,0,0
2022,"Alexandra, Rural municipality","1102013","Total",105,105,105,0,0
2022,"Alexandra, Rural municipality","1102013","Vacant",10,10,10,0,0
2022,"Alfred and Plantagenet, Township","3502023","Improved land",3880,3855,3835,25,45
2022,"Alfred and Plantagenet, Township","3502023","Total",4535,4500,4470,35,65
2022,"Alfred and Plantagenet, Township","3502023","Vacant",655,645,640,10,15
2022,"Algoma, Unorganized, North Part, Unorganized","3557095","Improved land",7110,6385,6275,725,835
2022,"Algoma, Unorganized, North Part, Unorganized","3557095","Total",10210,9040,8855,1170,1355
2022,"Algoma, Unorganized, North Part, Unorganized","3557095","Vacant",3100,2655,2580,445,520
2022,"Algonquin Highlands, Township","3546018","Improved land",4490,4315,4205,180,285
2022,"Algonquin Highlands, Township","3546018","Total",5645,5425,5295,220,350
2022,"Algonquin Highlands, Township","3546018","Vacant",1155,1115,1090,40,65
2022,"Alice Beach, Resort village","4706065","Improved land",50,0,0,0,0
2022,"Alice Beach, Resort village","4706065","Total",120,0,0,0,0
2022,"Alice Beach, Resort village","4706065","Vacant",70,0,0,0,0
2022,"Alida, Village","4701041","Improved land",70,0,0,0,0
2022,"Alida, Village","4701041","Total",105,0,0,0,0
2022,"Alida, Village","4701041","Vacant",35,0,0,0,0
2022,"Alix, Village","4808034","Improved land",370,0,0,0,0
2022,"Alix, Village","4808034","Total",430,0,0,0,0
2022,"Alix, Village","4808034","Vacant",60,0,0,0,0
2022,"Allan, Town","4711072","Improved land",265,0,0,0,0
2022,"Allan, Town","4711072","Total",315,0,0,0,0
2022,"Allan, Town","4711072","Vacant",50,0,0,0,0
2022,"Allardville, Parish","1315006","Improved land",885,870,855,15,30
2022,"Allardville, Parish","1315006","Total",1280,1255,1235,25,45
2022,"Allardville, Parish","1315006","Vacant",395,385,380,10,15
2022,"Alliance, Village","4807032","Improved land",100,0,0,0,0
2022,"Alliance, Village","4807032","Total",140,0,0,0,0
2022,"Alliance, Village","4807032","Vacant",40,0,0,0,0
2022,"Alma, Parish","1306007","Improved land",25,25,25,0,0
2022,"Alma, Parish","1306007","Total",70,60,60,10,10
2022,"Alma, Parish","1306007","Vacant",45,35,35,10,10
2022,"Alma, Village","1306006","Improved land",200,190,185,15,15
2022,"Alma, Village","1306006","Total",280,260,250,20,30
2022,"Alma, Village","1306006","Vacant",75,70,65,5,10
2022,"Alnwick, Parish","1309036","Improved land",1900,1850,1795,50,105
2022,"Alnwick, Parish","1309036","Total",2810,2705,2615,105,195
2022,"Alnwick, Parish","1309036","Vacant",910,855,820,55,90
2022,"Alnwick/Haldimand, Township","3514024","Improved land",3285,3245,3220,40,65
2022,"Alnwick/Haldimand, Township","3514024","Total",4110,4045,4000,65,110
2022,"Alnwick/Haldimand, Township","3514024","Vacant",825,800,780,25,45
2022,"Alonsa, Rural municipality","4617026","Improved land",640,615,605,25,35
2022,"Alonsa, Rural municipality","4617026","Total",1495,1450,1420,45,75
2022,"Alonsa, Rural municipality","4617026","Vacant",855,835,815,20,40
2022,"Altona, Town","4603040","Improved land",1425,1420,1410,5,15
2022,"Altona, Town","4603040","Total",1590,1580,1570,10,20
2022,"Altona, Town","4603040","Vacant",160,160,160,5,5
2022,"Alvena, Village","4715038","Improved land",65,0,0,0,0
2022,"Alvena, Village","4715038","Total",100,0,0,0,0
2022,"Alvena, Village","4715038","Vacant",35,0,0,0,0
2022,"Amaranth, Township","3522008","Improved land",1420,1405,1390,15,30
2022,"Amaranth, Township","3522008","Total",1610,1590,1570,20,40
2022,"Amaranth, Township","3522008","Vacant",190,185,180,5,10
2022,"Amherst, Town","1211011","Improved land",2860,2815,2765,45,95
2022,"Amherst, Town","1211011","Total",3320,3265,3200,55,120
2022,"Amherst, Town","1211011","Vacant",460,450,435,10,25
2022,"Amherstburg, Town","3537028","Improved land",8765,8625,8560,140,205
2022,"Amherstburg, Town","3537028","Total",9810,9635,9565,175,245
2022,"Amherstburg, Town","3537028","Vacant",1045,1010,1005,35,40
2022,"Amisk, Village","4807008","Improved land",100,0,0,0,0
2022,"Amisk, Village","4807008","Total",145,0,0,0,0
2022,"Amisk, Village","4807008","Vacant",45,0,0,0,0
2022,"Anchor Point, Town","1009023","Improved land",0,0,0,0,0
2022,"Anchor Point, Town","1009023","Total",185,180,180,5,5
2022,"Anchor Point, Town","1009023","Vacant",0,0,0,0,0
2022,"Andover, Parish","1312001","Improved land",380,370,365,10,20
2022,"Andover, Parish","1312001","Total",550,530,515,20,35
2022,"Andover, Parish","1312001","Vacant",170,160,155,10,15
2022,"Andrew, Village","4810059","Improved land",245,0,0,0,0
2022,"Andrew, Village","4810059","Total",310,0,0,0,0
2022,"Andrew, Village","4810059","Vacant",65,0,0,0,0
2022,"Anmore, Village","5915038","Improved land",700,675,655,30,40
2022,"Anmore, Village","5915038","Total",795,770,755,30,45
2022,"Anmore, Village","5915038","Vacant",100,100,95,0,5
2022,"Annaheim, Village","4715005","Improved land",85,0,0,0,0
2022,"Annaheim, Village","4715005","Total",125,0,0,0,0
2022,"Annaheim, Village","4715005","Vacant",40,0,0,0,0
2022,"Annandale - Little Pond - Howe Bay, Rural municipality","1101030","Improved land",180,160,155,20,30
2022,"Annandale - Little Pond - Howe Bay, Rural municipality","1101030","Total",215,195,185,20,30
2022,"Annandale - Little Pond - Howe Bay, Rural municipality","1101030","Vacant",30,30,30,0,0
2022,"Annapolis Royal, Town","1205008","Improved land",280,260,255,20,25
2022,"Annapolis Royal, Town","1205008","Total",300,280,275,20,25
2022,"Annapolis Royal, Town","1205008","Vacant",20,20,20,0,0
2022,"Annapolis, Subd. A, Subdivision of county municipality","1205004","Improved land",3400,3240,3175,155,225
2022,"Annapolis, Subd. A, Subdivision of county municipality","1205004","Total",4170,3935,3830,235,340
2022,"Annapolis, Subd. A, Subdivision of county municipality","1205004","Vacant",770,690,655,80,115
2022,"Annapolis, Subd. B, Subdivision of county municipality","1205009","Improved land",2130,2040,2005,80,115
2022,"Annapolis, Subd. B, Subdivision of county municipality","1205009","Total",2495,2385,2340,110,155
2022,"Annapolis, Subd. B, Subdivision of county municipality","1205009","Vacant",375,345,335,30,40
2022,"Annapolis, Subd. C, Subdivision of county municipality","1205014","Improved land",2320,2275,2240,45,80
2022,"Annapolis, Subd. C, Subdivision of county municipality","1205014","Total",2615,2560,2520,55,95
2022,"Annapolis, Subd. C, Subdivision of county municipality","1205014","Vacant",295,285,280,10,15
2022,"Annapolis, Subd. D, Subdivision of county municipality","1205001","Improved land",1985,1925,1880,60,105
2022,"Annapolis, Subd. D, Subdivision of county municipality","1205001","Total",2675,2535,2470,140,205
2022,"Annapolis, Subd. D, Subdivision of county municipality","1205001","Vacant",690,610,590,80,100
2022,"Antelope Park No. 322, Rural municipality","4713016","Improved land",60,0,0,0,0
2022,"Antelope Park No. 322, Rural municipality","4713016","Total",285,0,0,0,0
2022,"Antelope Park No. 322, Rural municipality","4713016","Vacant",225,0,0,0,0
2022,"Antigonish, Subd. A, Subdivision of county municipality","1214001","Improved land",3895,3775,3685,115,205
2022,"Antigonish, Subd. A, Subdivision of county municipality","1214001","Total",4885,4700,4570,185,315
2022,"Antigonish, Subd. A, Subdivision of county municipality","1214001","Vacant",990,920,885,70,105
2022,"Antigonish, Subd. B, Subdivision of county municipality","1214006","Improved land",2675,2595,2555,80,120
2022,"Antigonish, Subd. B, Subdivision of county municipality","1214006","Total",3320,3185,3135,135,185
2022,"Antigonish, Subd. B, Subdivision of county municipality","1214006","Vacant",645,590,575,55,70
2022,"Antigonish, Town","1214002","Improved land",1420,1385,1355,35,60
2022,"Antigonish, Town","1214002","Total",1575,1540,1505,35,70
2022,"Antigonish, Town","1214002","Vacant",160,155,150,5,10
2022,"Antler No. 61, Rural municipality","4701047","Improved land",210,0,0,0,0
2022,"Antler No. 61, Rural municipality","4701047","Total",300,0,0,0,0
2022,"Antler No. 61, Rural municipality","4701047","Vacant",90,0,0,0,0
2022,"Appleton, Town","1006011","Improved land",0,0,0,0,0
2022,"Appleton, Town","1006011","Total",325,320,315,5,10
2022,"Appleton, Town","1006011","Vacant",0,0,0,0,0
2022,"Aquadeo, Resort village","4717005","Improved land",105,0,0,0,0
2022,"Aquadeo, Resort village","4717005","Total",150,0,0,0,0
2022,"Aquadeo, Resort village","4717005","Vacant",45,0,0,0,0
2022,"Arborfield No. 456, Rural municipality","4714059","Improved land",75,0,0,0,0
2022,"Arborfield No. 456, Rural municipality","4714059","Total",140,0,0,0,0
2022,"Arborfield No. 456, Rural municipality","4714059","Vacant",65,0,0,0,0
2022,"Arborfield, Town","4714062","Improved land",135,0,0,0,0
2022,"Arborfield, Town","4714062","Total",180,0,0,0,0
2022,"Arborfield, Town","4714062","Vacant",45,0,0,0,0
2022,"Arborg, Town","4618074","Improved land",420,415,410,5,10
2022,"Arborg, Town","4618074","Total",530,520,515,10,15
2022,"Arborg, Town","4618074","Vacant",110,105,105,5,5
2022,"Archerwill, Village","4714036","Improved land",90,0,0,0,0
2022,"Archerwill, Village","4714036","Total",165,0,0,0,0
2022,"Archerwill, Village","4714036","Vacant",75,0,0,0,0
2022,"Arcola, Town","4701059","Improved land",285,0,0,0,0
2022,"Arcola, Town","4701059","Total",360,0,0,0,0
2022,"Arcola, Town","4701059","Vacant",75,0,0,0,0
2022,"Arctic Bay, Hamlet","6204018","Improved land",0,0,0,0,0
2022,"Arctic Bay, Hamlet","6204018","Total",390,390,385,0,5
2022,"Arctic Bay, Hamlet","6204018","Vacant",0,0,0,0,0
2022,"Argentia Beach, Summer village","4811003","Improved land",105,0,0,0,0
2022,"Argentia Beach, Summer village","4811003","Total",105,0,0,0,0
2022,"Argentia Beach, Summer village","4811003","Vacant",0,0,0,0,0
2022,"Argyle No. 1, Rural municipality","4701001","Improved land",60,0,0,0,0
2022,"Argyle No. 1, Rural municipality","4701001","Total",105,0,0,0,0
2022,"Argyle No. 1, Rural municipality","4701001","Vacant",45,0,0,0,0
2022,"Argyle, Municipal district","1202001","Improved land",4095,3925,3880,165,215
2022,"Argyle, Municipal district","1202001","Total",4920,4630,4555,290,365
2022,"Argyle, Municipal district","1202001","Vacant",835,710,685,125,150
2022,"Argyle, Rural municipality","4604057","Improved land",510,500,490,10,20
2022,"Argyle, Rural municipality","4604057","Total",665,655,645,10,20
2022,"Argyle, Rural municipality","4604057","Vacant",155,155,155,0,0
2022,"Arlington No. 79, Rural municipality","4704038","Improved land",80,0,0,0,0
2022,"Arlington No. 79, Rural municipality","4704038","Total",240,0,0,0,0
2022,"Arlington No. 79, Rural municipality","4704038","Vacant",160,0,0,0,0
2022,"Arm River No. 252, Rural municipality","4711011","Improved land",120,0,0,0,0
2022,"Arm River No. 252, Rural municipality","4711011","Total",205,0,0,0,0
2022,"Arm River No. 252, Rural municipality","4711011","Vacant",85,0,0,0,0
2022,"Armour, Township","3549019","Improved land",1175,1150,1130,30,50
2022,"Armour, Township","3549019","Total",1725,1680,1655,45,70
2022,"Armour, Township","3549019","Vacant",550,530,525,15,20
2022,"Armstrong, City","5937028","Improved land",2040,2030,2005,10,35
2022,"Armstrong, City","5937028","Total",2085,2075,2050,10,35
2022,"Armstrong, City","5937028","Vacant",45,45,45,0,0
2022,"Armstrong, Rural municipality","4618037","Improved land",1015,985,965,30,50
2022,"Armstrong, Rural municipality","4618037","Total",1255,1215,1190,40,65
2022,"Armstrong, Rural municipality","4618037","Vacant",240,230,225,10,15
2022,"Armstrong, Township","3554036","Improved land",440,435,430,5,10
2022,"Armstrong, Township","3554036","Total",560,550,545,10,10
2022,"Armstrong, Township","3554036","Vacant",120,115,115,5,5
2022,"Arnold's Cove, Town","1001270","Improved land",0,0,0,0,0
2022,"Arnold's Cove, Town","1001270","Total",510,490,490,20,20
2022,"Arnold's Cove, Town","1001270","Vacant",0,0,0,0,0
2022,"Arnprior, Town","3547002","Improved land",3515,3480,3450,25,65
2022,"Arnprior, Town","3547002","Total",3955,3925,3895,30,60
2022,"Arnprior, Town","3547002","Vacant",450,445,445,5,5
2022,"Aroostook, Village","1312002","Improved land",145,140,135,5,10
2022,"Aroostook, Village","1312002","Total",170,165,160,5,10
2022,"Aroostook, Village","1312002","Vacant",25,25,25,0,0
2022,"Arran, Village","4709076","Improved land",40,0,0,0,0
2022,"Arran, Village","4709076","Total",125,0,0,0,0
2022,"Arran, Village","4709076","Vacant",85,0,0,0,0
2022,"Arran-Elderslie, Municipality","3541043","Improved land",2720,2695,2680,25,40
2022,"Arran-Elderslie, Municipality","3541043","Total",3145,3115,3095,30,50
2022,"Arran-Elderslie, Municipality","3541043","Vacant",425,420,415,5,5
2022,"Arrowwood, Village","4805011","Improved land",80,0,0,0,0
2022,"Arrowwood, Village","4805011","Total",85,0,0,0,0
2022,"Arrowwood, Village","4805011","Vacant",5,0,0,0,0
2022,"Arviat, Hamlet","6205015","Improved land",0,0,0,0,0
2022,"Arviat, Hamlet","6205015","Total",605,600,595,5,10
2022,"Arviat, Hamlet","6205015","Vacant",0,0,0,0,0
2022,"Ashcroft, Village","5933019","Improved land",715,705,695,15,25
2022,"Ashcroft, Village","5933019","Total",775,760,750,15,25
2022,"Ashcroft, Village","5933019","Vacant",55,55,55,0,0
2022,"Ashfield-Colborne-Wawanosh, Township","3540063","Improved land",2665,2585,2550,80,115
2022,"Ashfield-Colborne-Wawanosh, Township","3540063","Total",3185,3080,3035,105,150
2022,"Ashfield-Colborne-Wawanosh, Township","3540063","Vacant",520,495,485,25,35
2022,"Asphodel-Norwood, Township","3515003","Improved land",1885,1875,1855,10,30
2022,"Asphodel-Norwood, Township","3515003","Total",2180,2170,2150,10,30
2022,"Asphodel-Norwood, Township","3515003","Vacant",295,295,295,0,0
2022,"Asquith, Town","4712059","Improved land",225,0,0,0,0
2022,"Asquith, Town","4712059","Total",255,0,0,0,0
2022,"Asquith, Town","4712059","Vacant",30,0,0,0,0
2022,"Assiginack, Township","3551011","Improved land",815,765,750,50,65
2022,"Assiginack, Township","3551011","Total",1315,1220,1200,95,120
2022,"Assiginack, Township","3551011","Vacant",500,455,450,45,50
2022,"Assiniboia, Town","4703036","Improved land",990,0,0,0,0
2022,"Assiniboia, Town","4703036","Total",1050,0,0,0,0
2022,"Assiniboia, Town","4703036","Vacant",60,0,0,0,0
2022,"Athabasca, Town","4813048","Improved land",1140,0,0,0,0
2022,"Athabasca, Town","4813048","Total",1470,0,0,0,0
2022,"Athabasca, Town","4813048","Vacant",340,0,0,0,0
2022,"Athens, Township","3507042","Improved land",1340,1290,1280,40,50
2022,"Athens, Township","3507042","Total",1585,1525,1510,60,75
2022,"Athens, Township","3507042","Vacant",255,235,230,20,25
2022,"Atholville, Village","1314013","Improved land",1440,1435,1395,5,45
2022,"Atholville, Village","1314013","Total",1730,1715,1670,15,60
2022,"Atholville, Village","1314013","Vacant",290,280,275,10,15
2022,"Atikokan, Town","3559001","Improved land",1370,1340,1335,30,35
2022,"Atikokan, Town","3559001","Total",1680,1645,1640,35,40
2022,"Atikokan, Town","3559001","Vacant",310,305,305,5,5
2022,"Atwater, Village","4705053","Improved land",10,0,0,0,0
2022,"Atwater, Village","4705053","Total",30,0,0,0,0
2022,"Atwater, Village","4705053","Vacant",20,0,0,0,0
2022,"Augusta, Township","3507006","Improved land",2945,2925,2910,20,35
2022,"Augusta, Township","3507006","Total",3455,3430,3410,25,45
2022,"Augusta, Township","3507006","Vacant",510,505,500,5,10
2022,"Aurora, Town","3519046","Improved land",19985,19640,19460,345,525
2022,"Aurora, Town","3519046","Total",20505,20155,19975,350,530
2022,"Aurora, Town","3519046","Vacant",520,515,515,5,5
2022,"Auvergne No. 76, Rural municipality","4703054","Improved land",95,0,0,0,0
2022,"Auvergne No. 76, Rural municipality","4703054","Total",430,0,0,0,0
2022,"Auvergne No. 76, Rural municipality","4703054","Vacant",335,0,0,0,0
2022,"Avondale, Town","1001464","Improved land",0,0,0,0,0
2022,"Avondale, Town","1001464","Total",550,530,525,20,25
2022,"Avondale, Town","1001464","Vacant",0,0,0,0,0
2022,"Avonlea, Village","4702062","Improved land",185,0,0,0,0
2022,"Avonlea, Village","4702062","Total",210,0,0,0,0
2022,"Avonlea, Village","4702062","Vacant",25,0,0,0,0
2022,"Aylesbury, Village","4707093","Improved land",35,0,0,0,0
2022,"Aylesbury, Village","4707093","Total",115,0,0,0,0
2022,"Aylesbury, Village","4707093","Vacant",80,0,0,0,0
2022,"Aylmer, Town","3534011","Improved land",2430,2410,2395,20,35
2022,"Aylmer, Town","3534011","Total",2525,2505,2490,20,35
2022,"Aylmer, Town","3534011","Vacant",95,95,95,0,0
2022,"Aylsham, Village","4714073","Improved land",40,0,0,0,0
2022,"Aylsham, Village","4714073","Total",150,0,0,0,0
2022,"Aylsham, Village","4714073","Vacant",110,0,0,0,0
2022,"B-Say-Tah, Resort village","4706052","Improved land",130,0,0,0,0
2022,"B-Say-Tah, Resort village","4706052","Total",200,0,0,0,0
2022,"B-Say-Tah, Resort village","4706052","Vacant",70,0,0,0,0
2022,"Badger, Town","1006026","Improved land",0,0,0,0,0
2022,"Badger, Town","1006026","Total",380,380,370,10,10
2022,"Badger, Town","1006026","Vacant",0,0,0,0,0
2022,"Baie Verte, Town","1008079","Improved land",0,0,0,0,0
2022,"Baie Verte, Town","1008079","Total",610,600,590,10,20
2022,"Baie Verte, Town","1008079","Vacant",0,0,0,0,0
2022,"Baildon No. 131, Rural municipality","4707001","Improved land",235,0,0,0,0
2022,"Baildon No. 131, Rural municipality","4707001","Total",270,0,0,0,0
2022,"Baildon No. 131, Rural municipality","4707001","Vacant",35,0,0,0,0
2022,"Baine Harbour, Town","1002040","Improved land",0,0,0,0,0
2022,"Baine Harbour, Town","1002040","Total",100,95,95,5,5
2022,"Baine Harbour, Town","1002040","Vacant",0,0,0,0,0
2022,"Baker Lake, Hamlet","6205023","Improved land",0,0,0,0,0
2022,"Baker Lake, Hamlet","6205023","Total",610,605,605,5,5
2022,"Baker Lake, Hamlet","6205023","Vacant",0,0,0,0,0
2022,"Balcarres, Town","4706047","Improved land",240,0,0,0,0
2022,"Balcarres, Town","4706047","Total",315,0,0,0,0
2022,"Balcarres, Town","4706047","Vacant",75,0,0,0,0
2022,"Baldwin, Township","3552028","Improved land",320,315,310,10,15
2022,"Baldwin, Township","3552028","Total",430,415,405,15,25
2022,"Baldwin, Township","3552028","Vacant",105,100,95,5,10
2022,"Balgonie, Town","4706032","Improved land",605,0,0,0,0
2022,"Balgonie, Town","4706032","Total",660,0,0,0,0
2022,"Balgonie, Town","4706032","Vacant",55,0,0,0,0
2022,"Balmoral, Parish","1314005","Improved land",145,145,140,0,5
2022,"Balmoral, Parish","1314005","Total",210,210,205,0,5
2022,"Balmoral, Parish","1314005","Vacant",65,65,65,0,0
2022,"Balmoral, Village","1314006","Improved land",645,635,620,10,25
2022,"Balmoral, Village","1314006","Total",785,770,755,15,35
2022,"Balmoral, Village","1314006","Vacant",140,135,135,5,5
2022,"Bancroft, Town","3512061","Improved land",1645,1620,1605,25,40
2022,"Bancroft, Town","3512061","Total",2380,2320,2290,60,90
2022,"Bancroft, Town","3512061","Vacant",735,700,685,35,50
2022,"Banff, Town","4815035","Improved land",1895,0,0,0,0
2022,"Banff, Town","4815035","Total",1920,0,0,0,0
2022,"Banff, Town","4815035","Vacant",25,0,0,0,0
2022,"Bangor, Village","4705054","Improved land",20,0,0,0,0
2022,"Bangor, Village","4705054","Total",55,0,0,0,0
2022,"Bangor, Village","4705054","Vacant",35,0,0,0,0
2022,"Barnwell, Village","4802023","Improved land",290,0,0,0,0
2022,"Barnwell, Village","4802023","Total",315,0,0,0,0
2022,"Barnwell, Village","4802023","Vacant",25,0,0,0,0
2022,"Barons, Village","4802016","Improved land",145,0,0,0,0
2022,"Barons, Village","4802016","Total",165,0,0,0,0
2022,"Barons, Village","4802016","Vacant",20,0,0,0,0
2022,"Barrhead County No. 11, Municipal district","4813018","Improved land",2720,0,0,0,0
2022,"Barrhead County No. 11, Municipal district","4813018","Total",3280,0,0,0,0
2022,"Barrhead County No. 11, Municipal district","4813018","Vacant",560,0,0,0,0
2022,"Barrhead, Town","4813019","Improved land",1620,0,0,0,0
2022,"Barrhead, Town","4813019","Total",1750,0,0,0,0
2022,"Barrhead, Town","4813019","Vacant",130,0,0,0,0
2022,"Barrie, Census metropolitan area (CMA)","568","Improved land",70765,70035,69465,730,1300
2022,"Barrie, Census metropolitan area (CMA)","568","Total",75110,74345,73750,765,1360
2022,"Barrie, Census metropolitan area (CMA)","568","Vacant",4345,4310,4285,35,60
2022,"Barrie, City","3543042","Improved land",47275,46815,46435,460,840
2022,"Barrie, City","3543042","Total",48645,48180,47800,465,845
2022,"Barrie, City","3543042","Vacant",1370,1365,1365,5,5
2022,"Barrier Valley No. 397, Rural municipality","4714034","Improved land",235,0,0,0,0
2022,"Barrier Valley No. 397, Rural municipality","4714034","Total",475,0,0,0,0
2022,"Barrier Valley No. 397, Rural municipality","4714034","Vacant",240,0,0,0,0
2022,"Barriere, District municipality","5933074","Improved land",640,630,625,10,15
2022,"Barriere, District municipality","5933074","Total",715,700,695,15,20
2022,"Barriere, District municipality","5933074","Vacant",75,70,70,5,5
2022,"Barrington, Municipal district","1201001","Improved land",3410,3300,3250,110,165
2022,"Barrington, Municipal district","1201001","Total",4215,4025,3950,190,260
2022,"Barrington, Municipal district","1201001","Vacant",805,725,705,80,100
2022,"Bas-Caraquet, Village","1315027","Improved land",665,655,635,10,30
2022,"Bas-Caraquet, Village","1315027","Total",1005,980,960,25,50
2022,"Bas-Caraquet, Village","1315027","Vacant",345,330,325,15,20
2022,"Bashaw, Town","4810002","Improved land",345,0,0,0,0
2022,"Bashaw, Town","4810002","Total",390,0,0,0,0
2022,"Bashaw, Town","4810002","Vacant",45,0,0,0,0
2022,"Bassano, Town","4802039","Improved land",490,0,0,0,0
2022,"Bassano, Town","4802039","Total",510,0,0,0,0
2022,"Bassano, Town","4802039","Vacant",20,0,0,0,0
2022,"Bath, Village","1311030","Improved land",175,175,170,5,10
2022,"Bath, Village","1311030","Total",240,235,225,5,15
2022,"Bath, Village","1311030","Vacant",60,60,55,0,5
2022,"Bathurst, Census agglomeration (CA)","328","Improved land",12660,12500,12210,165,450
2022,"Bathurst, Census agglomeration (CA)","328","Total",16020,15750,15385,270,635
2022,"Bathurst, Census agglomeration (CA)","328","Vacant",3360,3250,3175,110,185
2022,"Bathurst, City","1315011","Improved land",4280,4215,4100,65,180
2022,"Bathurst, City","1315011","Total",5050,4950,4815,100,235
2022,"Bathurst, City","1315011","Vacant",770,735,715,35,55
2022,"Bathurst, Parish","1315008","Improved land",2415,2370,2325,45,90
2022,"Bathurst, Parish","1315008","Total",3550,3470,3405,80,145
2022,"Bathurst, Parish","1315008","Vacant",1135,1100,1080,35,55
2022,"Battle River No. 438, Rural municipality","4712078","Improved land",380,0,0,0,0
2022,"Battle River No. 438, Rural municipality","4712078","Total",700,0,0,0,0
2022,"Battle River No. 438, Rural municipality","4712078","Vacant",320,0,0,0,0
2022,"Battleford, Town","4712079","Improved land",1725,0,0,0,0
2022,"Battleford, Town","4712079","Total",1920,0,0,0,0
2022,"Battleford, Town","4712079","Vacant",195,0,0,0,0
2022,"Bauline, Town","1001512","Improved land",0,0,0,0,0
2022,"Bauline, Town","1001512","Total",265,255,245,10,20
2022,"Bauline, Town","1001512","Vacant",0,0,0,0,0
2022,"Bawlf, Village","4810009","Improved land",165,0,0,0,0
2022,"Bawlf, Village","4810009","Total",195,0,0,0,0
2022,"Bawlf, Village","4810009","Vacant",30,0,0,0,0
2022,"Bay Bulls, Town","1001557","Improved land",0,0,0,0,0
2022,"Bay Bulls, Town","1001557","Total",905,870,860,35,45
2022,"Bay Bulls, Town","1001557","Vacant",0,0,0,0,0
2022,"Bay L'Argent, Town","1002027","Improved land",0,0,0,0,0
2022,"Bay L'Argent, Town","1002027","Total",165,160,160,5,5
2022,"Bay L'Argent, Town","1002027","Vacant",0,0,0,0,0
2022,"Bay Roberts, Town","1001409","Improved land",0,0,0,0,0
2022,"Bay Roberts, Town","1001409","Total",3305,3210,3155,95,150
2022,"Bay Roberts, Town","1001409","Vacant",0,0,0,0,0
2022,"Bay de Verde, Town","1001347","Improved land",0,0,0,0,0
2022,"Bay de Verde, Town","1001347","Total",350,345,340,5,15
2022,"Bay de Verde, Town","1001347","Vacant",0,0,0,0,0
2022,"Bayham, Municipality","3534005","Improved land",2310,2275,2260,35,40
2022,"Bayham, Municipality","3534005","Total",2545,2510,2495,35,50
2022,"Bayham, Municipality","3534005","Vacant",240,230,230,10,10
2022,"Bayne No. 371, Rural municipality","4715011","Improved land",150,0,0,0,0
2022,"Bayne No. 371, Rural municipality","4715011","Total",270,0,0,0,0
2022,"Bayne No. 371, Rural municipality","4715011","Vacant",120,0,0,0,0
2022,"Beachside, Town","1008066","Improved land",0,0,0,0,0
2022,"Beachside, Town","1008066","Total",120,120,115,0,5
2022,"Beachside, Town","1008066","Vacant",0,0,0,0,0
2022,"Beatty, Village","4715052","Improved land",30,0,0,0,0
2022,"Beatty, Village","4715052","Total",130,0,0,0,0
2022,"Beatty, Village","4715052","Vacant",100,0,0,0,0
2022,"Beaubassin East, Rural community","1307005","Improved land",3435,3350,3220,85,215
2022,"Beaubassin East, Rural community","1307005","Total",4860,4690,4505,170,355
2022,"Beaubassin East, Rural community","1307005","Vacant",1425,1340,1285,85,140
2022,"Beaumont, City","4811013","Improved land",6750,0,0,0,0
2022,"Beaumont, City","4811013","Total",7290,0,0,0,0
2022,"Beaumont, City","4811013","Vacant",540,0,0,0,0
2022,"Beausejour, Town","4612056","Improved land",1370,1370,1350,10,20
2022,"Beausejour, Town","4612056","Total",1490,1475,1465,15,25
2022,"Beausejour, Town","4612056","Vacant",120,115,115,5,5
2022,"Beauval, Northern village","4718033","Improved land",255,0,0,0,0
2022,"Beauval, Northern village","4718033","Total",460,0,0,0,0
2022,"Beauval, Northern village","4718033","Vacant",205,0,0,0,0
2022,"Beaver County, Municipal district","4810016","Improved land",2385,0,0,0,0
2022,"Beaver County, Municipal district","4810016","Total",2725,0,0,0,0
2022,"Beaver County, Municipal district","4810016","Vacant",340,0,0,0,0
2022,"Beaver Creek, Settlement","6001042","Improved land",35,0,0,0,0
2022,"Beaver Creek, Settlement","6001042","Total",70,0,0,0,0
2022,"Beaver Creek, Settlement","6001042","Vacant",35,0,0,0,0
2022,"Beaver Flat, Resort village","4707020","Improved land",15,0,0,0,0
2022,"Beaver Flat, Resort village","4707020","Total",85,0,0,0,0
2022,"Beaver Flat, Resort village","4707020","Vacant",70,0,0,0,0
2022,"Beaver River No. 622, Rural municipality","4717062","Improved land",515,0,0,0,0
2022,"Beaver River No. 622, Rural municipality","4717062","Total",665,0,0,0,0
2022,"Beaver River No. 622, Rural municipality","4717062","Vacant",150,0,0,0,0
2022,"Beaverlodge, Town","4819009","Improved land",810,0,0,0,0
2022,"Beaverlodge, Town","4819009","Total",900,0,0,0,0
2022,"Beaverlodge, Town","4819009","Vacant",90,0,0,0,0
2022,"Beckwith, Township","3509024","Improved land",3325,3300,3275,25,50
2022,"Beckwith, Township","3509024","Total",3905,3860,3830,45,75
2022,"Beckwith, Township","3509024","Vacant",580,560,555,20,25
2022,"Bedeque and Area, Rural municipality","1103015","Improved land",120,120,115,0,5
2022,"Bedeque and Area, Rural municipality","1103015","Total",130,130,125,0,5
2022,"Bedeque and Area, Rural municipality","1103015","Vacant",10,10,10,0,0
2022,"Beechy, Village","4707062","Improved land",125,0,0,0,0
2022,"Beechy, Village","4707062","Total",165,0,0,0,0
2022,"Beechy, Village","4707062","Vacant",40,0,0,0,0
2022,"Beiseker, Village","4806024","Improved land",305,0,0,0,0
2022,"Beiseker, Village","4806024","Total",385,0,0,0,0
2022,"Beiseker, Village","4806024","Vacant",80,0,0,0,0
2022,"Belcarra, Village","5915036","Improved land",290,275,270,15,20
2022,"Belcarra, Village","5915036","Total",320,305,295,15,25
2022,"Belcarra, Village","5915036","Vacant",30,30,25,0,5
2022,"Belfast, Rural municipality","1102002","Improved land",1040,945,905,85,120
2022,"Belfast, Rural municipality","1102002","Total",1175,1070,1025,100,145
2022,"Belfast, Rural municipality","1102002","Vacant",140,125,120,15,20
2022,"Belle Plaine, Village","4706022","Improved land",35,0,0,0,0
2022,"Belle Plaine, Village","4706022","Total",70,0,0,0,0
2022,"Belle Plaine, Village","4706022","Vacant",35,0,0,0,0
2022,"Belledune, Village","1314025","Improved land",770,755,720,25,55
2022,"Belledune, Village","1314025","Total",1145,1100,1055,45,90
2022,"Belledune, Village","1314025","Vacant",370,350,335,20,35
2022,"Belleoram, Town","1003004","Improved land",0,0,0,0,0
2022,"Belleoram, Town","1003004","Total",190,185,185,0,5
2022,"Belleoram, Town","1003004","Vacant",0,0,0,0,0
2022,"Belleville - Quinte West, Census metropolitan area (CMA)","522","Improved land",37350,37045,36810,315,550
2022,"Belleville - Quinte West, Census metropolitan area (CMA)","522","Total",40160,39780,39520,375,640
2022,"Belleville - Quinte West, Census metropolitan area (CMA)","522","Vacant",2800,2740,2710,60,90
2022,"Belleville, City","3512005","Improved land",18450,18315,18200,140,250
2022,"Belleville, City","3512005","Total",19085,18940,18820,150,265
2022,"Belleville, City","3512005","Vacant",635,625,620,10,15
2022,"Bengough No. 40, Rural municipality","4702024","Improved land",140,0,0,0,0
2022,"Bengough No. 40, Rural municipality","4702024","Total",165,0,0,0,0
2022,"Bengough No. 40, Rural municipality","4702024","Vacant",25,0,0,0,0
2022,"Bengough, Town","4702023","Improved land",225,0,0,0,0
2022,"Bengough, Town","4702023","Total",265,0,0,0,0
2022,"Bengough, Town","4702023","Vacant",40,0,0,0,0
2022,"Benson No. 35, Rural municipality","4701027","Improved land",180,0,0,0,0
2022,"Benson No. 35, Rural municipality","4701027","Total",240,0,0,0,0
2022,"Benson No. 35, Rural municipality","4701027","Vacant",60,0,0,0,0
2022,"Bentley, Town","4808026","Improved land",405,0,0,0,0
2022,"Bentley, Town","4808026","Total",465,0,0,0,0
2022,"Bentley, Town","4808026","Vacant",60,0,0,0,0
2022,"Beresford, Parish","1315012","Improved land",2810,2785,2730,25,80
2022,"Beresford, Parish","1315012","Total",3655,3605,3530,50,125
2022,"Beresford, Parish","1315012","Vacant",845,820,800,25,45
2022,"Beresford, Town","1315015","Improved land",1605,1590,1555,15,50
2022,"Beresford, Town","1315015","Total",1840,1825,1785,20,60
2022,"Beresford, Town","1315015","Vacant",245,245,240,0,5
2022,"Bertrand, Village","1315036","Improved land",600,595,575,5,25
2022,"Bertrand, Village","1315036","Total",1045,1025,995,20,50
2022,"Bertrand, Village","1315036","Vacant",445,430,420,15,25
2022,"Berwick, Town","1207004","Improved land",810,800,790,10,20
2022,"Berwick, Town","1207004","Total",925,915,900,10,25
2022,"Berwick, Town","1207004","Vacant",115,115,110,0,5
2022,"Berwyn, Village","4819072","Improved land",265,0,0,0,0
2022,"Berwyn, Village","4819072","Total",340,0,0,0,0
2022,"Berwyn, Village","4819072","Vacant",75,0,0,0,0
2022,"Bethune, Village","4706061","Improved land",185,0,0,0,0
2022,"Bethune, Village","4706061","Total",230,0,0,0,0
2022,"Bethune, Village","4706061","Vacant",45,0,0,0,0
2022,"Betula Beach, Summer village","4811039","Improved land",45,0,0,0,0
2022,"Betula Beach, Summer village","4811039","Total",65,0,0,0,0
2022,"Betula Beach, Summer village","4811039","Vacant",20,0,0,0,0
2022,"Bienfait, Town","4701021","Improved land",330,0,0,0,0
2022,"Bienfait, Town","4701021","Total",360,0,0,0,0
2022,"Bienfait, Town","4701021","Vacant",30,0,0,0,0
2022,"Bifrost-Riverton, Municipality","4618076","Improved land",1530,1505,1485,20,45
2022,"Bifrost-Riverton, Municipality","4618076","Total",2030,1995,1960,35,70
2022,"Bifrost-Riverton, Municipality","4618076","Vacant",500,485,475,15,25
2022,"Big Arm No. 251, Rural municipality","4711006","Improved land",100,0,0,0,0
2022,"Big Arm No. 251, Rural municipality","4711006","Total",160,0,0,0,0
2022,"Big Arm No. 251, Rural municipality","4711006","Vacant",60,0,0,0,0
2022,"Big Lakes County, Municipal district","4817027","Improved land",2065,0,0,0,0
2022,"Big Lakes County, Municipal district","4817027","Total",2955,0,0,0,0
2022,"Big Lakes County, Municipal district","4817027","Vacant",890,0,0,0,0
2022,"Big Quill No. 308, Rural municipality","4710046","Improved land",270,0,0,0,0
2022,"Big Quill No. 308, Rural municipality","4710046","Total",370,0,0,0,0
2022,"Big Quill No. 308, Rural municipality","4710046","Vacant",100,0,0,0,0
2022,"Big River No. 555, Rural municipality","4716075","Improved land",535,0,0,0,0
2022,"Big River No. 555, Rural municipality","4716075","Total",1200,0,0,0,0
2022,"Big River No. 555, Rural municipality","4716075","Vacant",665,0,0,0,0
2022,"Big River, Town","4716072","Improved land",325,0,0,0,0
2022,"Big River, Town","4716072","Total",455,0,0,0,0
2022,"Big River, Town","4716072","Vacant",130,0,0,0,0
2022,"Big Shell, Resort village","4716059","Improved land",0,0,0,0,0
2022,"Big Shell, Resort village","4716059","Total",10,0,0,0,0
2022,"Big Shell, Resort village","4716059","Vacant",10,0,0,0,0
2022,"Big Stick No. 141, Rural municipality","4708016","Improved land",20,0,0,0,0
2022,"Big Stick No. 141, Rural municipality","4708016","Total",80,0,0,0,0
2022,"Big Stick No. 141, Rural municipality","4708016","Vacant",60,0,0,0,0
2022,"Big Valley, Village","4807021","Improved land",180,0,0,0,0
2022,"Big Valley, Village","4807021","Total",260,0,0,0,0
2022,"Big Valley, Village","4807021","Vacant",80,0,0,0,0
2022,"Biggar No. 347, Rural municipality","4712042","Improved land",320,0,0,0,0
2022,"Biggar No. 347, Rural municipality","4712042","Total",370,0,0,0,0
2022,"Biggar No. 347, Rural municipality","4712042","Vacant",50,0,0,0,0
2022,"Biggar, Town","4712046","Improved land",930,0,0,0,0
2022,"Biggar, Town","4712046","Total",985,0,0,0,0
2022,"Biggar, Town","4712046","Vacant",55,0,0,0,0
2022,"Bighorn No. 8, Municipal district","4815015","Improved land",830,0,0,0,0
2022,"Bighorn No. 8, Municipal district","4815015","Total",905,0,0,0,0
2022,"Bighorn No. 8, Municipal district","4815015","Vacant",75,0,0,0,0
2022,"Billings, Township","3551021","Improved land",745,685,665,60,80
2022,"Billings, Township","3551021","Total",1200,1100,1060,100,135
2022,"Billings, Township","3551021","Vacant",455,415,395,40,60
2022,"Birch Cove, Summer village","4813013","Improved land",60,0,0,0,0
2022,"Birch Cove, Summer village","4813013","Total",70,0,0,0,0
2022,"Birch Cove, Summer village","4813013","Vacant",10,0,0,0,0
2022,"Birch Hills County, Municipal district","4819049","Improved land",570,0,0,0,0
2022,"Birch Hills County, Municipal district","4819049","Total",785,0,0,0,0
2022,"Birch Hills County, Municipal district","4819049","Vacant",215,0,0,0,0
2022,"Birch Hills No. 460, Rural municipality","4715067","Improved land",275,0,0,0,0
2022,"Birch Hills No. 460, Rural municipality","4715067","Total",340,0,0,0,0
2022,"Birch Hills No. 460, Rural municipality","4715067","Vacant",65,0,0,0,0
2022,"Birch Hills, Town","4715068","Improved land",445,0,0,0,0
2022,"Birch Hills, Town","4715068","Total",505,0,0,0,0
2022,"Birch Hills, Town","4715068","Vacant",60,0,0,0,0
2022,"Birchcliff, Summer village","4808023","Improved land",135,0,0,0,0
2022,"Birchcliff, Summer village","4808023","Total",150,0,0,0,0
2022,"Birchcliff, Summer village","4808023","Vacant",15,0,0,0,0
2022,"Birchy Bay, Town","1008038","Improved land",0,0,0,0,0
2022,"Birchy Bay, Town","1008038","Total",295,290,285,10,10
2022,"Birchy Bay, Town","1008038","Vacant",0,0,0,0,0
2022,"Bird Cove, Town","1009026","Improved land",0,0,0,0,0
2022,"Bird Cove, Town","1009026","Total",115,115,115,0,0
2022,"Bird Cove, Town","1009026","Vacant",0,0,0,0,0
2022,"Bird's Point, Resort village","4705055","Improved land",85,0,0,0,0
2022,"Bird's Point, Resort village","4705055","Total",165,0,0,0,0
2022,"Bird's Point, Resort village","4705055","Vacant",80,0,0,0,0
2022,"Bishop's Falls, Town","1006019","Improved land",0,0,0,0,0
2022,"Bishop's Falls, Town","1006019","Total",1445,1420,1395,30,55
2022,"Bishop's Falls, Town","1006019","Vacant",0,0,0,0,0
2022,"Bittern Lake, Village","4810012","Improved land",90,0,0,0,0
2022,"Bittern Lake, Village","4810012","Total",100,0,0,0,0
2022,"Bittern Lake, Village","4810012","Vacant",10,0,0,0,0
2022,"Bjorkdale No. 426, Rural municipality","4714038","Improved land",480,0,0,0,0
2022,"Bjorkdale No. 426, Rural municipality","4714038","Total",895,0,0,0,0
2022,"Bjorkdale No. 426, Rural municipality","4714038","Vacant",415,0,0,0,0
2022,"Bjorkdale, Village","4714041","Improved land",90,0,0,0,0
2022,"Bjorkdale, Village","4714041","Total",120,0,0,0,0
2022,"Bjorkdale, Village","4714041","Vacant",30,0,0,0,0
2022,"Black Diamond, Town","4806011","Improved land",1065,0,0,0,0
2022,"Black Diamond, Town","4806011","Total",1125,0,0,0,0
2022,"Black Diamond, Town","4806011","Vacant",60,0,0,0,0
2022,"Black River-Matheson, Township","3556014","Improved land",1270,1230,1220,40,50
2022,"Black River-Matheson, Township","3556014","Total",2685,2480,2425,205,260
2022,"Black River-Matheson, Township","3556014","Vacant",1415,1250,1205,165,210
2022,"Blackfalds, Town","4808029","Improved land",3745,0,0,0,0
2022,"Blackfalds, Town","4808029","Total",4070,0,0,0,0
2022,"Blackfalds, Town","4808029","Vacant",325,0,0,0,0
2022,"Blacks Harbour, Village","1302012","Improved land",380,360,350,10,20
2022,"Blacks Harbour, Village","1302012","Total",445,430,415,15,30
2022,"Blacks Harbour, Village","1302012","Vacant",75,70,65,5,10
2022,"Blackville, Parish","1309018","Improved land",1220,1130,1100,90,130
2022,"Blackville, Parish","1309018","Total",2105,1850,1780,250,320
2022,"Blackville, Parish","1309018","Vacant",885,725,690,160,195
2022,"Blackville, Village","1309019","Improved land",415,410,400,10,20
2022,"Blackville, Village","1309019","Total",580,560,545,20,35
2022,"Blackville, Village","1309019","Vacant",160,150,145,10,15
2022,"Bladworth, Village","4711038","Improved land",40,0,0,0,0
2022,"Bladworth, Village","4711038","Total",100,0,0,0,0
2022,"Bladworth, Village","4711038","Vacant",60,0,0,0,0
2022,"Blaine Lake No. 434, Rural municipality","4716013","Improved land",85,0,0,0,0
2022,"Blaine Lake No. 434, Rural municipality","4716013","Total",100,0,0,0,0
2022,"Blaine Lake No. 434, Rural municipality","4716013","Vacant",15,0,0,0,0
2022,"Blaine Lake, Town","4716016","Improved land",285,0,0,0,0
2022,"Blaine Lake, Town","4716016","Total",395,0,0,0,0
2022,"Blaine Lake, Town","4716016","Vacant",110,0,0,0,0
2022,"Blandford-Blenheim, Township","3532045","Improved land",2580,2565,2555,15,25
2022,"Blandford-Blenheim, Township","3532045","Total",2750,2730,2720,20,30
2022,"Blandford-Blenheim, Township","3532045","Vacant",165,160,160,5,5
2022,"Blind River, Town","3557038","Improved land",1925,1690,1665,235,260
2022,"Blind River, Town","3557038","Total",2660,2365,2335,295,325
2022,"Blind River, Town","3557038","Vacant",735,675,670,60,65
2022,"Blissfield, Parish","1309021","Improved land",300,285,280,15,25
2022,"Blissfield, Parish","1309021","Total",610,570,550,40,60
2022,"Blissfield, Parish","1309021","Vacant",310,285,275,25,35
2022,"Blissville, Parish","1303001","Improved land",385,380,370,5,15
2022,"Blissville, Parish","1303001","Total",525,515,500,15,25
2022,"Blissville, Parish","1303001","Vacant",140,135,130,5,10
2022,"Blucher No. 343, Rural municipality","4711069","Improved land",615,0,0,0,0
2022,"Blucher No. 343, Rural municipality","4711069","Total",860,0,0,0,0
2022,"Blucher No. 343, Rural municipality","4711069","Vacant",245,0,0,0,0
2022,"Bluewater, Municipality","3540010","Improved land",4230,4075,4030,160,195
2022,"Bluewater, Municipality","3540010","Total",4770,4590,4535,180,235
2022,"Bluewater, Municipality","3540010","Vacant",545,515,505,30,40
2022,"Boissevain-Morton, Municipality","4605032","Improved land",950,950,950,0,0
2022,"Boissevain-Morton, Municipality","4605032","Total",1055,1055,1050,0,10
2022,"Boissevain-Morton, Municipality","4605032","Vacant",105,105,105,0,0
2022,"Bon Accord, Town","4811066","Improved land",565,0,0,0,0
2022,"Bon Accord, Town","4811066","Total",575,0,0,0,0
2022,"Bon Accord, Town","4811066","Vacant",10,0,0,0,0
2022,"Bonavista, Town","1007023","Improved land",0,0,0,0,0
2022,"Bonavista, Town","1007023","Total",2255,2195,2165,65,90
2022,"Bonavista, Town","1007023","Vacant",0,0,0,0,0
2022,"Bondiss, Summer village","4813053","Improved land",170,0,0,0,0
2022,"Bondiss, Summer village","4813053","Total",195,0,0,0,0
2022,"Bondiss, Summer village","4813053","Vacant",25,0,0,0,0
2022,"Bone Creek No. 108, Rural municipality","4704058","Improved land",80,0,0,0,0
2022,"Bone Creek No. 108, Rural municipality","4704058","Total",260,0,0,0,0
2022,"Bone Creek No. 108, Rural municipality","4704058","Vacant",180,0,0,0,0
2022,"Bonfield, Township","3548027","Improved land",1040,1020,1005,20,35
2022,"Bonfield, Township","3548027","Total",1520,1480,1450,40,70
2022,"Bonfield, Township","3548027","Vacant",480,460,445,20,35
2022,"Bonnechere Valley, Township","3547035","Improved land",2245,2205,2160,45,85
2022,"Bonnechere Valley, Township","3547035","Total",2970,2880,2825,90,145
2022,"Bonnechere Valley, Township","3547035","Vacant",725,685,665,40,60
2022,"Bonnyville Beach, Summer village","4812011","Improved land",65,0,0,0,0
2022,"Bonnyville Beach, Summer village","4812011","Total",75,0,0,0,0
2022,"Bonnyville Beach, Summer village","4812011","Vacant",10,0,0,0,0
2022,"Bonnyville No. 87, Municipal district","4812004","Improved land",5005,0,0,0,0
2022,"Bonnyville No. 87, Municipal district","4812004","Total",6010,0,0,0,0
2022,"Bonnyville No. 87, Municipal district","4812004","Vacant",1005,0,0,0,0
2022,"Bonnyville, Town","4812009","Improved land",2095,0,0,0,0
2022,"Bonnyville, Town","4812009","Total",2255,0,0,0,0
2022,"Bonnyville, Town","4812009","Vacant",165,0,0,0,0
2022,"Borden, Fire district","1103002","Improved land",410,395,380,10,25
2022,"Borden, Fire district","1103002","Total",460,440,425,15,30
2022,"Borden, Fire district","1103002","Vacant",50,45,45,5,5
2022,"Borden, Village","4716011","Improved land",130,0,0,0,0
2022,"Borden, Village","4716011","Total",150,0,0,0,0
2022,"Borden, Village","4716011","Vacant",20,0,0,0,0
2022,"Borden-Carleton, Town","1103005","Improved land",340,335,335,0,10
2022,"Borden-Carleton, Town","1103005","Total",385,380,370,5,15
2022,"Borden-Carleton, Town","1103005","Vacant",50,45,45,5,5
2022,"Botsford, Parish","1307004","Improved land",1140,1085,1030,55,110
2022,"Botsford, Parish","1307004","Total",1760,1630,1545,130,215
2022,"Botsford, Parish","1307004","Vacant",620,545,515,75,105
2022,"Botwood, Town","1006022","Improved land",0,0,0,0,0
2022,"Botwood, Town","1006022","Total",1430,1415,1385,15,45
2022,"Botwood, Town","1006022","Vacant",0,0,0,0,0
2022,"Bouctouche, Town","1308005","Improved land",845,835,800,10,40
2022,"Bouctouche, Town","1308005","Total",1080,1060,1020,20,60
2022,"Bouctouche, Town","1308005","Vacant",235,225,215,10,20
2022,"Bow Island, Town","4801014","Improved land",645,0,0,0,0
2022,"Bow Island, Town","4801014","Total",690,0,0,0,0
2022,"Bow Island, Town","4801014","Vacant",45,0,0,0,0
2022,"Bowden, Town","4808006","Improved land",485,0,0,0,0
2022,"Bowden, Town","4808006","Total",515,0,0,0,0
2022,"Bowden, Town","4808006","Vacant",30,0,0,0,0
2022,"Bowen Island, Island municipality","5915062","Improved land",1880,1800,1745,80,135
2022,"Bowen Island, Island municipality","5915062","Total",2235,2135,2070,100,165
2022,"Bowen Island, Island municipality","5915062","Vacant",355,335,325,20,30
2022,"Boyle, Village","4813046","Improved land",340,0,0,0,0
2022,"Boyle, Village","4813046","Total",425,0,0,0,0
2022,"Boyle, Village","4813046","Vacant",90,0,0,0,0
2022,"Bracebridge, Town","3544018","Improved land",8440,8280,8200,160,240
2022,"Bracebridge, Town","3544018","Total",10885,10635,10515,245,370
2022,"Bracebridge, Town","3544018","Vacant",2445,2355,2315,90,130
2022,"Bracken, Village","4704008","Improved land",20,0,0,0,0
2022,"Bracken, Village","4704008","Total",45,0,0,0,0
2022,"Bracken, Village","4704008","Vacant",25,0,0,0,0
2022,"Brackley, Rural municipality","1102055","Improved land",230,220,220,5,5
2022,"Brackley, Rural municipality","1102055","Total",240,235,235,5,5
2022,"Brackley, Rural municipality","1102055","Vacant",15,15,15,0,0
2022,"Bradford West Gwillimbury, Town","3543014","Improved land",12835,12735,12630,100,205
2022,"Bradford West Gwillimbury, Town","3543014","Total",13930,13820,13705,110,225
2022,"Bradford West Gwillimbury, Town","3543014","Vacant",1090,1080,1075,10,15
2022,"Bradwell, Village","4711071","Improved land",80,0,0,0,0
2022,"Bradwell, Village","4711071","Total",100,0,0,0,0
2022,"Bradwell, Village","4711071","Vacant",20,0,0,0,0
2022,"Brampton, City","3521010","Improved land",161935,160545,158895,1380,3030
2022,"Brampton, City","3521010","Total",165350,163960,162310,1385,3040
2022,"Brampton, City","3521010","Vacant",3420,3420,3415,0,5
2022,"Brandon, Census agglomeration (CA)","610","Improved land",15740,15575,15450,160,295
2022,"Brandon, Census agglomeration (CA)","610","Total",16495,16315,16185,175,315
2022,"Brandon, Census agglomeration (CA)","610","Vacant",755,740,735,15,20
2022,"Brandon, City","4607062","Improved land",14580,14445,14330,140,255
2022,"Brandon, City","4607062","Total",15190,15035,14920,155,270
2022,"Brandon, City","4607062","Vacant",605,595,590,10,15
2022,"Brant, City","3529005","Improved land",13580,13490,13415,90,170
2022,"Brant, City","3529005","Total",14625,14520,14440,105,185
2022,"Brant, City","3529005","Vacant",1045,1030,1020,15,25
2022,"Brantford, Census metropolitan area (CMA)","543","Improved land",46615,46280,46005,340,610
2022,"Brantford, Census metropolitan area (CMA)","543","Total",48750,48390,48115,360,635
2022,"Brantford, Census metropolitan area (CMA)","543","Vacant",2135,2115,2105,20,30
2022,"Brantford, City","3529006","Improved land",33035,32785,32590,250,445
2022,"Brantford, City","3529006","Total",34125,33870,33675,255,450
2022,"Brantford, City","3529006","Vacant",1090,1085,1085,5,5
2022,"Bratt's Lake No. 129, Rural municipality","4706013","Improved land",160,0,0,0,0
2022,"Bratt's Lake No. 129, Rural municipality","4706013","Total",260,0,0,0,0
2022,"Bratt's Lake No. 129, Rural municipality","4706013","Vacant",100,0,0,0,0
2022,"Brazeau County, Municipal district","4811032","Improved land",2905,0,0,0,0
2022,"Brazeau County, Municipal district","4811032","Total",3295,0,0,0,0
2022,"Brazeau County, Municipal district","4811032","Vacant",390,0,0,0,0
2022,"Breadalbane, Rural municipality","1102051","Improved land",75,70,70,5,5
2022,"Breadalbane, Rural municipality","1102051","Total",90,85,85,5,5
2022,"Breadalbane, Rural municipality","1102051","Vacant",15,15,15,0,0
2022,"Bredenbury, Town","4705079","Improved land",160,0,0,0,0
2022,"Bredenbury, Town","4705079","Total",220,0,0,0,0
2022,"Bredenbury, Town","4705079","Vacant",60,0,0,0,0
2022,"Brenda-Waskada, Municipality","4605044","Improved land",335,330,325,5,10
2022,"Brenda-Waskada, Municipality","4605044","Total",550,545,535,5,15
2022,"Brenda-Waskada, Municipality","4605044","Vacant",215,215,210,0,5
2022,"Brent's Cove, Town","1008077","Improved land",0,0,0,0,0
2022,"Brent's Cove, Town","1008077","Total",95,95,90,0,5
2022,"Brent's Cove, Town","1008077","Vacant",0,0,0,0,0
2022,"Brethour, Township","3554032","Improved land",55,55,55,0,0
2022,"Brethour, Township","3554032","Total",90,85,85,5,5
2022,"Brethour, Township","3554032","Vacant",35,30,30,5,5
2022,"Breton, Village","4811026","Improved land",255,0,0,0,0
2022,"Breton, Village","4811026","Total",275,0,0,0,0
2022,"Breton, Village","4811026","Vacant",25,0,0,0,0
2022,"Bridgewater, Town","1206004","Improved land",2470,2425,2400,45,70
2022,"Bridgewater, Town","1206004","Total",2775,2725,2700,50,75
2022,"Bridgewater, Town","1206004","Vacant",305,300,300,5,5
2022,"Briercrest, Village","4706018","Improved land",70,0,0,0,0
2022,"Briercrest, Village","4706018","Total",100,0,0,0,0
2022,"Briercrest, Village","4706018","Vacant",30,0,0,0,0
2022,"Bright, Parish","1310026","Improved land",1555,1530,1500,25,55
2022,"Bright, Parish","1310026","Total",2055,2015,1980,40,75
2022,"Bright, Parish","1310026","Vacant",500,485,480,15,20
2022,"Brighton, Municipality","3514004","Improved land",5160,5110,5075,45,80
2022,"Brighton, Municipality","3514004","Total",5710,5645,5605,65,105
2022,"Brighton, Municipality","3514004","Vacant",555,535,530,20,25
2022,"Brighton, Parish","1311011","Improved land",820,805,780,15,40
2022,"Brighton, Parish","1311011","Total",1140,1105,1075,35,65
2022,"Brighton, Parish","1311011","Vacant",320,300,295,20,25
2022,"Brighton, Town","1008055","Improved land",0,0,0,0,0
2022,"Brighton, Town","1008055","Total",120,115,110,5,10
2022,"Brighton, Town","1008055","Vacant",0,0,0,0,0
2022,"Brigus, Town","1001446","Improved land",0,0,0,0,0
2022,"Brigus, Town","1001446","Total",815,785,775,30,40
2022,"Brigus, Town","1001446","Vacant",0,0,0,0,0
2022,"Britannia No. 502, Rural municipality","4717028","Improved land",785,0,0,0,0
2022,"Britannia No. 502, Rural municipality","4717028","Total",920,0,0,0,0
2022,"Britannia No. 502, Rural municipality","4717028","Vacant",135,0,0,0,0
2022,"British Columbia","59","Improved land",1670400,1619815,1590990,50585,79410
2022,"British Columbia","59","Total",1814285,1759485,1728655,54800,85630
2022,"British Columbia","59","Vacant",143885,139670,137665,4215,6220
2022,"Broadview, Town","4705031","Improved land",300,0,0,0,0
2022,"Broadview, Town","4705031","Total",390,0,0,0,0
2022,"Broadview, Town","4705031","Vacant",90,0,0,0,0
2022,"Brock No. 64, Rural municipality","4701058","Improved land",135,0,0,0,0
2022,"Brock No. 64, Rural municipality","4701058","Total",135,0,0,0,0
2022,"Brock No. 64, Rural municipality","4701058","Vacant",0,0,0,0,0
2022,"Brock, Township","3518039","Improved land",5135,5060,5010,75,120
2022,"Brock, Township","3518039","Total",5640,5550,5500,90,145
2022,"Brock, Township","3518039","Vacant",510,495,490,15,20
2022,"Brock, Village","4713002","Improved land",75,0,0,0,0
2022,"Brock, Village","4713002","Total",110,0,0,0,0
2022,"Brock, Village","4713002","Vacant",35,0,0,0,0
2022,"Brockton, Municipality","3541032","Improved land",3730,3715,3700,15,30
2022,"Brockton, Municipality","3541032","Total",4215,4195,4175,20,40
2022,"Brockton, Municipality","3541032","Vacant",485,480,475,5,10
2022,"Brockville, Census agglomeration (CA)","512","Improved land",11625,11495,11420,125,205
2022,"Brockville, Census agglomeration (CA)","512","Total",12635,12475,12380,160,255
2022,"Brockville, Census agglomeration (CA)","512","Vacant",1010,980,960,30,50
2022,"Brockville, City","3507015","Improved land",7795,7715,7670,80,125
2022,"Brockville, City","3507015","Total",8160,8075,8030,85,130
2022,"Brockville, City","3507015","Vacant",365,360,360,5,5
2022,"Broderick, Village","4711028","Improved land",50,0,0,0,0
2022,"Broderick, Village","4711028","Total",70,0,0,0,0
2022,"Broderick, Village","4711028","Vacant",20,0,0,0,0
2022,"Brokenhead, Rural municipality","4612054","Improved land",2185,2160,2135,25,50
2022,"Brokenhead, Rural municipality","4612054","Total",2500,2475,2445,25,55
2022,"Brokenhead, Rural municipality","4612054","Vacant",315,315,310,0,5
2022,"Brokenshell No. 68, Rural municipality","4702051","Improved land",100,0,0,0,0
2022,"Brokenshell No. 68, Rural municipality","4702051","Total",200,0,0,0,0
2022,"Brokenshell No. 68, Rural municipality","4702051","Vacant",100,0,0,0,0
2022,"Brooke-Alvinston, Municipality","3538015","Improved land",955,945,940,10,15
2022,"Brooke-Alvinston, Municipality","3538015","Total",1060,1045,1040,15,20
2022,"Brooke-Alvinston, Municipality","3538015","Vacant",105,100,100,5,5
2022,"Brooks, Census agglomeration (CA)","806","Improved land",4185,0,0,0,0
2022,"Brooks, Census agglomeration (CA)","806","Total",4515,0,0,0,0
2022,"Brooks, Census agglomeration (CA)","806","Vacant",330,0,0,0,0
2022,"Brooks, City","4802034","Improved land",4185,0,0,0,0
2022,"Brooks, City","4802034","Total",4515,0,0,0,0
2022,"Brooks, City","4802034","Vacant",330,0,0,0,0
2022,"Browning No. 34, Rural municipality","4701031","Improved land",60,0,0,0,0
2022,"Browning No. 34, Rural municipality","4701031","Total",240,0,0,0,0
2022,"Browning No. 34, Rural municipality","4701031","Vacant",180,0,0,0,0
2022,"Brownlee, Village","4707048","Improved land",35,0,0,0,0
2022,"Brownlee, Village","4707048","Total",80,0,0,0,0
2022,"Brownlee, Village","4707048","Vacant",45,0,0,0,0
2022,"Bruce Mines, Town","3557021","Improved land",285,275,275,10,10
2022,"Bruce Mines, Town","3557021","Total",520,495,495,25,25
2022,"Bruce Mines, Town","3557021","Vacant",235,220,220,15,15
2022,"Brudenell, Lyndoch and Raglan, Township","3547020","Improved land",1110,1085,1065,25,45
2022,"Brudenell, Lyndoch and Raglan, Township","3547020","Total",1745,1700,1655,45,90
2022,"Brudenell, Lyndoch and Raglan, Township","3547020","Vacant",635,615,590,20,45
2022,"Bruderheim, Town","4810066","Improved land",535,0,0,0,0
2022,"Bruderheim, Town","4810066","Total",605,0,0,0,0
2022,"Bruderheim, Town","4810066","Vacant",70,0,0,0,0
2022,"Bruno, Town","4715012","Improved land",270,0,0,0,0
2022,"Bruno, Town","4715012","Total",325,0,0,0,0
2022,"Bruno, Town","4715012","Vacant",55,0,0,0,0
2022,"Brunswick, Parish","1304016","Improved land",295,285,270,10,25
2022,"Brunswick, Parish","1304016","Total",510,480,460,30,50
2022,"Brunswick, Parish","1304016","Vacant",215,195,190,20,25
2022,"Bryant's Cove, Town","1001375","Improved land",0,0,0,0,0
2022,"Bryant's Cove, Town","1001375","Total",250,245,240,5,10
2022,"Bryant's Cove, Town","1001375","Vacant",0,0,0,0,0
2022,"Buchanan No. 304, Rural municipality","4709049","Improved land",210,0,0,0,0
2022,"Buchanan No. 304, Rural municipality","4709049","Total",270,0,0,0,0
2022,"Buchanan No. 304, Rural municipality","4709049","Vacant",60,0,0,0,0
2022,"Buchanan, Village","4709053","Improved land",140,0,0,0,0
2022,"Buchanan, Village","4709053","Total",255,0,0,0,0
2022,"Buchanan, Village","4709053","Vacant",115,0,0,0,0
2022,"Buchans, Town","1006031","Improved land",0,0,0,0,0
2022,"Buchans, Town","1006031","Total",435,425,425,10,10
2022,"Buchans, Town","1006031","Vacant",0,0,0,0,0
2022,"Buckland No. 491, Rural municipality","4715094","Improved land",1310,0,0,0,0
2022,"Buckland No. 491, Rural municipality","4715094","Total",1415,0,0,0,0
2022,"Buckland No. 491, Rural municipality","4715094","Vacant",105,0,0,0,0
2022,"Buena Vista, Village","4706055","Improved land",290,0,0,0,0
2022,"Buena Vista, Village","4706055","Total",335,0,0,0,0
2022,"Buena Vista, Village","4706055","Vacant",45,0,0,0,0
2022,"Buffalo Narrows, Northern village","4718070","Improved land",460,0,0,0,0
2022,"Buffalo Narrows, Northern village","4718070","Total",905,0,0,0,0
2022,"Buffalo Narrows, Northern village","4718070","Vacant",445,0,0,0,0
2022,"Buffalo No. 409, Rural municipality","4713068","Improved land",60,0,0,0,0
2022,"Buffalo No. 409, Rural municipality","4713068","Total",220,0,0,0,0
2022,"Buffalo No. 409, Rural municipality","4713068","Vacant",160,0,0,0,0
2022,"Bulkley-Nechako A, Regional district electoral area","5951051","Improved land",1945,1910,1885,35,60
2022,"Bulkley-Nechako A, Regional district electoral area","5951051","Total",2340,2290,2260,50,80
2022,"Bulkley-Nechako A, Regional district electoral area","5951051","Vacant",395,380,375,15,20
2022,"Bulkley-Nechako B, Regional district electoral area","5951028","Improved land",805,785,770,25,40
2022,"Bulkley-Nechako B, Regional district electoral area","5951028","Total",1140,1100,1075,40,65
2022,"Bulkley-Nechako B, Regional district electoral area","5951028","Vacant",330,315,305,15,25
2022,"Bulkley-Nechako C, Regional district electoral area","5951015","Improved land",820,770,750,50,70
2022,"Bulkley-Nechako C, Regional district electoral area","5951015","Total",2220,2100,2065,120,155
2022,"Bulkley-Nechako C, Regional district electoral area","5951015","Vacant",1400,1330,1315,70,85
2022,"Bulkley-Nechako D, Regional district electoral area","5951017","Improved land",915,880,860,35,55
2022,"Bulkley-Nechako D, Regional district electoral area","5951017","Total",3390,3300,3265,90,125
2022,"Bulkley-Nechako D, Regional district electoral area","5951017","Vacant",2475,2420,2405,55,70
2022,"Bulkley-Nechako E, Regional district electoral area","5951031","Improved land",775,720,685,60,90
2022,"Bulkley-Nechako E, Regional district electoral area","5951031","Total",1370,1260,1220,110,150
2022,"Bulkley-Nechako E, Regional district electoral area","5951031","Vacant",595,545,535,50,60
2022,"Bulkley-Nechako F, Regional district electoral area","5951019","Improved land",1595,1570,1530,25,60
2022,"Bulkley-Nechako F, Regional district electoral area","5951019","Total",6295,6225,6170,70,125
2022,"Bulkley-Nechako F, Regional district electoral area","5951019","Vacant",4700,4655,4640,45,60
2022,"Bulkley-Nechako G, Regional district electoral area","5951053","Improved land",545,525,510,20,30
2022,"Bulkley-Nechako G, Regional district electoral area","5951053","Total",810,780,765,30,45
2022,"Bulkley-Nechako G, Regional district electoral area","5951053","Vacant",265,255,255,10,10
2022,"Bulyea, Village","4706073","Improved land",65,0,0,0,0
2022,"Bulyea, Village","4706073","Total",90,0,0,0,0
2022,"Bulyea, Village","4706073","Vacant",25,0,0,0,0
2022,"Burgeo, Town","1003028","Improved land",0,0,0,0,0
2022,"Burgeo, Town","1003028","Total",715,705,695,10,20
2022,"Burgeo, Town","1003028","Vacant",0,0,0,0,0
2022,"Burin, Town","1002005","Improved land",0,0,0,0,0
2022,"Burin, Town","1002005","Total",1320,1290,1280,30,40
2022,"Burin, Town","1002005","Vacant",0,0,0,0,0
2022,"Burk's Falls, Village","3549022","Improved land",375,370,370,5,5
2022,"Burk's Falls, Village","3549022","Total",520,515,515,5,5
2022,"Burk's Falls, Village","3549022","Vacant",145,145,145,0,0
2022,"Burlington, City","3524002","Improved land",63630,62985,62585,645,1045
2022,"Burlington, City","3524002","Total",64305,63655,63250,650,1055
2022,"Burlington, City","3524002","Vacant",675,670,665,5,10
2022,"Burlington, Town","1008071","Improved land",0,0,0,0,0
2022,"Burlington, Town","1008071","Total",170,160,160,10,10
2022,"Burlington, Town","1008071","Vacant",0,0,0,0,0
2022,"Burnaby, City","5915025","Improved land",81890,77660,75755,4230,6140
2022,"Burnaby, City","5915025","Total",82340,78100,76190,4240,6150
2022,"Burnaby, City","5915025","Vacant",450,440,435,10,15
2022,"Burns Lake, Village","5951022","Improved land",495,485,465,10,30
2022,"Burns Lake, Village","5951022","Total",575,555,535,20,40
2022,"Burns Lake, Village","5951022","Vacant",80,70,70,10,10
2022,"Burnstick Lake, Summer village","4809005","Improved land",55,0,0,0,0
2022,"Burnstick Lake, Summer village","4809005","Total",55,0,0,0,0
2022,"Burnstick Lake, Summer village","4809005","Vacant",0,0,0,0,0
2022,"Burnt Islands, Town","1003033","Improved land",0,0,0,0,0
2022,"Burnt Islands, Town","1003033","Total",275,275,270,0,5
2022,"Burnt Islands, Town","1003033","Vacant",0,0,0,0,0
2022,"Burpee and Mills, Township","3551028","Improved land",355,325,315,30,35
2022,"Burpee and Mills, Township","3551028","Total",670,590,570,80,100
2022,"Burpee and Mills, Township","3551028","Vacant",315,265,255,50,60
2022,"Burstall, Town","4708062","Improved land",170,0,0,0,0
2022,"Burstall, Town","4708062","Total",265,0,0,0,0
2022,"Burstall, Town","4708062","Vacant",95,0,0,0,0
2022,"Burton, Parish","1303011","Improved land",1965,1935,1905,30,60
2022,"Burton, Parish","1303011","Total",2235,2205,2165,40,70
2022,"Burton, Parish","1303011","Vacant",270,260,260,10,10
2022,"Burwash Landing, Settlement","6001039","Improved land",20,0,0,0,0
2022,"Burwash Landing, Settlement","6001039","Total",35,0,0,0,0
2022,"Burwash Landing, Settlement","6001039","Vacant",15,0,0,0,0
2022,"Cabri, Town","4708032","Improved land",230,0,0,0,0
2022,"Cabri, Town","4708032","Total",280,0,0,0,0
2022,"Cabri, Town","4708032","Vacant",50,0,0,0,0
2022,"Cache Creek, Village","5933024","Improved land",295,295,290,5,10
2022,"Cache Creek, Village","5933024","Total",375,365,360,10,15
2022,"Cache Creek, Village","5933024","Vacant",75,70,70,5,5
2022,"Cadillac, Village","4704029","Improved land",70,0,0,0,0
2022,"Cadillac, Village","4704029","Total",110,0,0,0,0
2022,"Cadillac, Village","4704029","Vacant",40,0,0,0,0
2022,"Calder No. 241, Rural municipality","4709001","Improved land",120,0,0,0,0
2022,"Calder No. 241, Rural municipality","4709001","Total",345,0,0,0,0
2022,"Calder No. 241, Rural municipality","4709001","Vacant",225,0,0,0,0
2022,"Calder, Village","4709002","Improved land",75,0,0,0,0
2022,"Calder, Village","4709002","Total",120,0,0,0,0
2022,"Calder, Village","4709002","Vacant",45,0,0,0,0
2022,"Caledon, Town","3521024","Improved land",23220,23045,22875,175,345
2022,"Caledon, Town","3521024","Total",25120,24925,24735,195,385
2022,"Caledon, Town","3521024","Vacant",1900,1880,1860,20,40
2022,"Caledonia No. 99, Rural municipality","4702066","Improved land",50,0,0,0,0
2022,"Caledonia No. 99, Rural municipality","4702066","Total",175,0,0,0,0
2022,"Caledonia No. 99, Rural municipality","4702066","Vacant",125,0,0,0,0
2022,"Calgary, Census metropolitan area (CMA)","825","Improved land",529000,0,0,0,0
2022,"Calgary, Census metropolitan area (CMA)","825","Total",544665,0,0,0,0
2022,"Calgary, Census metropolitan area (CMA)","825","Vacant",15665,0,0,0,0
2022,"Calgary, City","4806016","Improved land",466755,0,0,0,0
2022,"Calgary, City","4806016","Total",477750,0,0,0,0
2022,"Calgary, City","4806016","Vacant",10995,0,0,0,0
2022,"Callander, Municipality","3549066","Improved land",1605,1590,1575,15,30
2022,"Callander, Municipality","3549066","Total",2055,2030,2015,25,40
2022,"Callander, Municipality","3549066","Vacant",450,440,440,10,10
2022,"Calmar, Town","4811019","Improved land",815,0,0,0,0
2022,"Calmar, Town","4811019","Total",910,0,0,0,0
2022,"Calmar, Town","4811019","Vacant",95,0,0,0,0
2022,"Calvin, Municipality","3548022","Improved land",270,270,265,0,5
2022,"Calvin, Municipality","3548022","Total",440,430,425,10,15
2022,"Calvin, Municipality","3548022","Vacant",170,160,160,10,10
2022,"Cambria No. 6, Rural municipality","4702001","Improved land",105,0,0,0,0
2022,"Cambria No. 6, Rural municipality","4702001","Total",115,0,0,0,0
2022,"Cambria No. 6, Rural municipality","4702001","Vacant",10,0,0,0,0
2022,"Cambridge Bay, Hamlet","6208073","Improved land",0,0,0,0,0
2022,"Cambridge Bay, Hamlet","6208073","Total",590,585,575,5,15
2022,"Cambridge Bay, Hamlet","6208073","Vacant",0,0,0,0,0
2022,"Cambridge, City","3530010","Improved land",40685,40410,40180,275,505
2022,"Cambridge, City","3530010","Total",42130,41835,41600,295,530
2022,"Cambridge, City","3530010","Vacant",1445,1425,1420,20,25
2022,"Cambridge, Parish","1304011","Improved land",525,515,490,15,35
2022,"Cambridge, Parish","1304011","Total",810,775,740,35,70
2022,"Cambridge, Parish","1304011","Vacant",280,260,250,20,30
2022,"Cambridge-Narrows, Village","1304013","Improved land",625,600,580,25,45
2022,"Cambridge-Narrows, Village","1304013","Total",920,885,850,35,70
2022,"Cambridge-Narrows, Village","1304013","Vacant",295,285,270,10,25
2022,"Campbell River, Census agglomeration (CA)","944","Improved land",14660,14465,14300,210,365
2022,"Campbell River, Census agglomeration (CA)","944","Total",15130,14915,14755,215,375
2022,"Campbell River, Census agglomeration (CA)","944","Vacant",470,465,455,5,15
2022,"Campbell River, City","5924034","Improved land",12970,12790,12655,180,310
2022,"Campbell River, City","5924034","Total",13290,13110,12980,180,320
2022,"Campbell River, City","5924034","Vacant",320,320,315,0,5
2022,"Campbellton (New Brunswick part), Census agglomeration (CA)","2021S050613330","Improved land",4310,4270,4095,50,215
2022,"Campbellton (New Brunswick part), Census agglomeration (CA)","2021S050613330","Total",5065,4990,4800,75,265
2022,"Campbellton (New Brunswick part), Census agglomeration (CA)","2021S050613330","Vacant",755,730,705,25,50
2022,"Campbellton, City","1314014","Improved land",2120,2080,1975,40,145
2022,"Campbellton, City","1314014","Total",2380,2335,2220,45,160
2022,"Campbellton, City","1314014","Vacant",260,255,245,5,15
2022,"Campbellton, Town","1008037","Improved land",0,0,0,0,0
2022,"Campbellton, Town","1008037","Total",380,370,365,10,15
2022,"Campbellton, Town","1008037","Vacant",0,0,0,0,0
2022,"Campobello Island, Rural community","1302004","Improved land",665,470,440,195,230
2022,"Campobello Island, Rural community","1302004","Total",1335,825,765,510,570
2022,"Campobello Island, Rural community","1302004","Vacant",670,355,325,315,345
2022,"Camrose County, Municipal district","4810001","Improved land",3700,0,0,0,0
2022,"Camrose County, Municipal district","4810001","Total",4495,0,0,0,0
2022,"Camrose County, Municipal district","4810001","Vacant",795,0,0,0,0
2022,"Camrose, Census agglomeration (CA)","833","Improved land",6885,0,0,0,0
2022,"Camrose, Census agglomeration (CA)","833","Total",7075,0,0,0,0
2022,"Camrose, Census agglomeration (CA)","833","Vacant",190,0,0,0,0
2022,"Camrose, City","4810011","Improved land",6885,0,0,0,0
2022,"Camrose, City","4810011","Total",7075,0,0,0,0
2022,"Camrose, City","4810011","Vacant",190,0,0,0,0
2022,"Cana No. 214, Rural municipality","4705073","Improved land",365,0,0,0,0
2022,"Cana No. 214, Rural municipality","4705073","Total",390,0,0,0,0
2022,"Cana No. 214, Rural municipality","4705073","Vacant",25,0,0,0,0
2022,"Canaan No. 225, Rural municipality","4707058","Improved land",25,0,0,0,0
2022,"Canaan No. 225, Rural municipality","4707058","Total",100,0,0,0,0
2022,"Canaan No. 225, Rural municipality","4707058","Vacant",75,0,0,0,0
2022,"Canal Flats, Village","5901043","Improved land",430,425,410,5,20
2022,"Canal Flats, Village","5901043","Total",550,540,525,10,25
2022,"Canal Flats, Village","5901043","Vacant",120,115,115,5,5
2022,"Candle Lake, Resort village","4715070","Improved land",785,0,0,0,0
2022,"Candle Lake, Resort village","4715070","Total",1375,0,0,0,0
2022,"Candle Lake, Resort village","4715070","Vacant",590,0,0,0,0
2022,"Canmore, Census agglomeration (CA)","828","Improved land",8265,0,0,0,0
2022,"Canmore, Census agglomeration (CA)","828","Total",8480,0,0,0,0
2022,"Canmore, Census agglomeration (CA)","828","Vacant",215,0,0,0,0
2022,"Canmore, Town","4815023","Improved land",8265,0,0,0,0
2022,"Canmore, Town","4815023","Total",8480,0,0,0,0
2022,"Canmore, Town","4815023","Vacant",215,0,0,0,0
2022,"Canning, Parish","1304021","Improved land",800,780,755,20,45
2022,"Canning, Parish","1304021","Total",1305,1265,1225,40,80
2022,"Canning, Parish","1304021","Vacant",505,485,470,20,35
2022,"Canora, Town","4709032","Improved land",1000,0,0,0,0
2022,"Canora, Town","4709032","Total",1235,0,0,0,0
2022,"Canora, Town","4709032","Vacant",235,0,0,0,0
2022,"Canterbury, Parish","1310011","Improved land",495,475,440,30,55
2022,"Canterbury, Parish","1310011","Total",725,685,655,40,70
2022,"Canterbury, Parish","1310011","Vacant",230,220,215,10,15
2022,"Canterbury, Village","1310012","Improved land",145,140,140,5,5
2022,"Canterbury, Village","1310012","Total",225,215,215,10,10
2022,"Canterbury, Village","1310012","Vacant",80,75,75,5,5
2022,"Canwood No. 494, Rural municipality","4716051","Improved land",705,0,0,0,0
2022,"Canwood No. 494, Rural municipality","4716051","Total",1085,0,0,0,0
2022,"Canwood No. 494, Rural municipality","4716051","Vacant",380,0,0,0,0
2022,"Canwood, Village","4716052","Improved land",150,0,0,0,0
2022,"Canwood, Village","4716052","Total",190,0,0,0,0
2022,"Canwood, Village","4716052","Vacant",40,0,0,0,0
2022,"Cap-Pelé, Village","1307007","Improved land",1025,1000,960,20,55
2022,"Cap-Pelé, Village","1307007","Total",1335,1310,1260,25,75
2022,"Cap-Pelé, Village","1307007","Vacant",315,310,300,5,15
2022,"Cape Breton, Census agglomeration (CA)","225","Improved land",38900,37965,37010,935,1890
2022,"Cape Breton, Census agglomeration (CA)","225","Total",53030,51200,49780,1830,3250
2022,"Cape Breton, Census agglomeration (CA)","225","Vacant",14130,13235,12770,895,1360
2022,"Cape Breton, Regional municipality","1217030","Improved land",38900,37965,37010,935,1890
2022,"Cape Breton, Regional municipality","1217030","Total",53030,51200,49780,1830,3250
2022,"Cape Breton, Regional municipality","1217030","Vacant",14130,13235,12770,895,1360
2022,"Cape Dorset, Hamlet","6204007","Improved land",0,0,0,0,0
2022,"Cape Dorset, Hamlet","6204007","Total",425,425,415,0,10
2022,"Cape Dorset, Hamlet","6204007","Vacant",0,0,0,0,0
2022,"Caraquet, Parish","1315026","Improved land",660,650,635,10,25
2022,"Caraquet, Parish","1315026","Total",1250,1215,1180,35,70
2022,"Caraquet, Parish","1315026","Vacant",590,565,545,25,45
2022,"Caraquet, Town","1315028","Improved land",1730,1700,1645,25,70
2022,"Caraquet, Town","1315028","Total",2380,2335,2280,45,100
2022,"Caraquet, Town","1315028","Vacant",660,640,630,20,30
2022,"Carberry, Town","4607068","Improved land",685,680,680,5,5
2022,"Carberry, Town","4607068","Total",760,755,740,5,10
2022,"Carberry, Town","4607068","Vacant",65,65,60,0,5
2022,"Carbon, Village","4805042","Improved land",220,0,0,0,0
2022,"Carbon, Village","4805042","Total",300,0,0,0,0
2022,"Carbon, Village","4805042","Vacant",80,0,0,0,0
2022,"Carbonear, Town","1001370","Improved land",0,0,0,0,0
2022,"Carbonear, Town","1001370","Total",2310,2250,2215,60,95
2022,"Carbonear, Town","1001370","Vacant",0,0,0,0,0
2022,"Carcross, Settlement","6001048","Improved land",170,0,0,0,0
2022,"Carcross, Settlement","6001048","Total",245,0,0,0,0
2022,"Carcross, Settlement","6001048","Vacant",75,0,0,0,0
2022,"Cardigan, Fire district","1101020","Improved land",95,90,90,5,5
2022,"Cardigan, Fire district","1101020","Total",120,110,110,10,10
2022,"Cardigan, Fire district","1101020","Vacant",25,20,20,5,5
2022,"Cardston County, Municipal district","4803001","Improved land",1240,0,0,0,0
2022,"Cardston County, Municipal district","4803001","Total",1345,0,0,0,0
2022,"Cardston County, Municipal district","4803001","Vacant",105,0,0,0,0
2022,"Cardston, Town","4803004","Improved land",1825,0,0,0,0
2022,"Cardston, Town","4803004","Total",2465,0,0,0,0
2022,"Cardston, Town","4803004","Vacant",650,0,0,0,0
2022,"Cardwell, Parish","1305026","Improved land",860,845,805,20,55
2022,"Cardwell, Parish","1305026","Total",1350,1320,1265,30,85
2022,"Cardwell, Parish","1305026","Vacant",485,475,460,10,25
2022,"Cariboo A, Regional district electoral area","5941019","Improved land",2315,2290,2270,25,40
2022,"Cariboo A, Regional district electoral area","5941019","Total",2615,2575,2560,40,55
2022,"Cariboo A, Regional district electoral area","5941019","Vacant",300,285,285,15,15
2022,"Cariboo B, Regional district electoral area","5941021","Improved land",1670,1630,1605,45,65
2022,"Cariboo B, Regional district electoral area","5941021","Total",2265,2205,2160,60,105
2022,"Cariboo B, Regional district electoral area","5941021","Vacant",590,575,555,15,35
2022,"Cariboo C, Regional district electoral area","5941026","Improved land",595,570,560,25,35
2022,"Cariboo C, Regional district electoral area","5941026","Total",1105,1070,1055,35,50
2022,"Cariboo C, Regional district electoral area","5941026","Vacant",510,500,495,10,15
2022,"Cariboo D, Regional district electoral area","5941010","Improved land",1185,1160,1145,25,40
2022,"Cariboo D, Regional district electoral area","5941010","Total",1625,1595,1585,30,50
2022,"Cariboo D, Regional district electoral area","5941010","Vacant",440,435,430,5,10
2022,"Cariboo E, Regional district electoral area","5941012","Improved land",1465,1455,1440,10,25
2022,"Cariboo E, Regional district electoral area","5941012","Total",1895,1880,1860,15,35
2022,"Cariboo E, Regional district electoral area","5941012","Vacant",430,425,420,5,10
2022,"Cariboo F, Regional district electoral area","5941014","Improved land",2420,2335,2285,85,135
2022,"Cariboo F, Regional district electoral area","5941014","Total",3600,3480,3415,120,185
2022,"Cariboo F, Regional district electoral area","5941014","Vacant",1180,1145,1130,35,50
2022,"Cariboo G, Regional district electoral area","5941015","Improved land",2790,2740,2695,50,95
2022,"Cariboo G, Regional district electoral area","5941015","Total",3620,3530,3480,90,140
2022,"Cariboo G, Regional district electoral area","5941015","Vacant",830,790,785,40,45
2022,"Cariboo H, Regional district electoral area","5941016","Improved land",1410,1355,1320,55,90
2022,"Cariboo H, Regional district electoral area","5941016","Total",2000,1915,1870,75,120
2022,"Cariboo H, Regional district electoral area","5941016","Vacant",580,560,550,20,30
2022,"Cariboo I, Regional district electoral area","5941027","Improved land",765,735,720,30,45
2022,"Cariboo I, Regional district electoral area","5941027","Total",1955,1900,1870,55,85
2022,"Cariboo I, Regional district electoral area","5941027","Vacant",1190,1165,1150,25,40
2022,"Cariboo J, Regional district electoral area","5941039","Improved land",700,615,585,90,120
2022,"Cariboo J, Regional district electoral area","5941039","Total",1110,995,955,115,155
2022,"Cariboo J, Regional district electoral area","5941039","Vacant",410,380,375,30,35
2022,"Cariboo K, Regional district electoral area","5941041","Improved land",330,315,305,15,25
2022,"Cariboo K, Regional district electoral area","5941041","Total",940,920,905,20,35
2022,"Cariboo K, Regional district electoral area","5941041","Vacant",610,605,600,5,10
2022,"Cariboo L, Regional district electoral area","5941017","Improved land",3740,3645,3570,85,155
2022,"Cariboo L, Regional district electoral area","5941017","Total",5465,5300,5190,165,275
2022,"Cariboo L, Regional district electoral area","5941017","Vacant",1735,1655,1615,80,120
2022,"Carievale, Village","4701004","Improved land",110,0,0,0,0
2022,"Carievale, Village","4701004","Total",145,0,0,0,0
2022,"Carievale, Village","4701004","Vacant",35,0,0,0,0
2022,"Carleton Place, Town","3509028","Improved land",4250,4230,4190,20,60
2022,"Carleton Place, Town","3509028","Total",4960,4925,4880,35,80
2022,"Carleton Place, Town","3509028","Vacant",710,695,690,15,20
2022,"Carleton, Parish","1308026","Improved land",400,395,385,5,15
2022,"Carleton, Parish","1308026","Total",680,660,635,20,45
2022,"Carleton, Parish","1308026","Vacant",280,265,250,15,30
2022,"Carling, Township","3549036","Improved land",1770,1650,1610,120,160
2022,"Carling, Township","3549036","Total",2375,2225,2170,150,210
2022,"Carling, Township","3549036","Vacant",610,575,560,35,50
2022,"Carlow/Mayo, Township","3512065","Improved land",685,660,640,25,45
2022,"Carlow/Mayo, Township","3512065","Total",1155,1100,1070,55,85
2022,"Carlow/Mayo, Township","3512065","Vacant",470,440,430,30,40
2022,"Carlyle, Town","4701056","Improved land",590,0,0,0,0
2022,"Carlyle, Town","4701056","Total",730,0,0,0,0
2022,"Carlyle, Town","4701056","Vacant",140,0,0,0,0
2022,"Carmacks, Village","6001012","Improved land",140,0,0,0,0
2022,"Carmacks, Village","6001012","Total",210,0,0,0,0
2022,"Carmacks, Village","6001012","Vacant",70,0,0,0,0
2022,"Carman, Town","4603074","Improved land",1145,1135,1130,10,20
2022,"Carman, Town","4603074","Total",1200,1190,1180,10,20
2022,"Carman, Town","4603074","Vacant",55,55,55,0,0
2022,"Carmangay, Village","4805002","Improved land",145,0,0,0,0
2022,"Carmangay, Village","4805002","Total",170,0,0,0,0
2022,"Carmangay, Village","4805002","Vacant",25,0,0,0,0
2022,"Carmanville, Town","1008011","Improved land",0,0,0,0,0
2022,"Carmanville, Town","1008011","Total",425,420,420,5,10
2022,"Carmanville, Town","1008011","Vacant",0,0,0,0,0
2022,"Carmichael No. 109, Rural municipality","4704054","Improved land",45,0,0,0,0
2022,"Carmichael No. 109, Rural municipality","4704054","Total",165,0,0,0,0
2022,"Carmichael No. 109, Rural municipality","4704054","Vacant",120,0,0,0,0
2022,"Carnduff, Town","4701008","Improved land",435,0,0,0,0
2022,"Carnduff, Town","4701008","Total",480,0,0,0,0
2022,"Carnduff, Town","4701008","Vacant",45,0,0,0,0
2022,"Caroline, Village","4809010","Improved land",190,0,0,0,0
2022,"Caroline, Village","4809010","Total",205,0,0,0,0
2022,"Caroline, Village","4809010","Vacant",15,0,0,0,0
2022,"Caron No. 162, Rural municipality","4707036","Improved land",235,0,0,0,0
2022,"Caron No. 162, Rural municipality","4707036","Total",390,0,0,0,0
2022,"Caron No. 162, Rural municipality","4707036","Vacant",155,0,0,0,0
2022,"Caronport, Village","4707037","Improved land",230,0,0,0,0
2022,"Caronport, Village","4707037","Total",265,0,0,0,0
2022,"Caronport, Village","4707037","Vacant",35,0,0,0,0
2022,"Carrot River, Town","4714069","Improved land",410,0,0,0,0
2022,"Carrot River, Town","4714069","Total",430,0,0,0,0
2022,"Carrot River, Town","4714069","Vacant",20,0,0,0,0
2022,"Carstairs, Town","4806029","Improved land",1770,0,0,0,0
2022,"Carstairs, Town","4806029","Total",1990,0,0,0,0
2022,"Carstairs, Town","4806029","Vacant",220,0,0,0,0
2022,"Cartier, Rural municipality","4610043","Improved land",840,830,815,10,25
2022,"Cartier, Rural municipality","4610043","Total",1005,995,980,10,25
2022,"Cartier, Rural municipality","4610043","Vacant",165,165,165,0,0
2022,"Cartwright, Labrador, Town","1010012","Improved land",0,0,0,0,0
2022,"Cartwright, Labrador, Town","1010012","Total",275,265,265,10,10
2022,"Cartwright, Labrador, Town","1010012","Vacant",0,0,0,0,0
2022,"Cartwright-Roblin, Municipality","4604052","Improved land",485,480,475,5,10
2022,"Cartwright-Roblin, Municipality","4604052","Total",585,580,570,5,15
2022,"Cartwright-Roblin, Municipality","4604052","Vacant",100,100,95,0,5
2022,"Casey, Township","3554029","Improved land",150,145,145,5,5
2022,"Casey, Township","3554029","Total",195,190,190,5,5
2022,"Casey, Township","3554029","Vacant",45,45,45,0,0
2022,"Casselman, Village","3502044","Improved land",1405,1405,1395,0,10
2022,"Casselman, Village","3502044","Total",1500,1495,1485,0,10
2022,"Casselman, Village","3502044","Vacant",90,90,90,0,0
2022,"Castle Island, Summer village","4813009","Improved land",20,0,0,0,0
2022,"Castle Island, Summer village","4813009","Total",20,0,0,0,0
2022,"Castle Island, Summer village","4813009","Vacant",0,0,0,0,0
2022,"Castlegar, City","5903045","Improved land",2990,2955,2920,35,70
2022,"Castlegar, City","5903045","Total",3135,3095,3060,40,75
2022,"Castlegar, City","5903045","Vacant",145,140,140,5,5
2022,"Castor, Town","4807014","Improved land",410,0,0,0,0
2022,"Castor, Town","4807014","Total",495,0,0,0,0
2022,"Castor, Town","4807014","Vacant",80,0,0,0,0
2022,"Cavan Monaghan, Township","3515013","Improved land",3570,3540,3510,30,55
2022,"Cavan Monaghan, Township","3515013","Total",4095,4050,4015,45,80
2022,"Cavan Monaghan, Township","3515013","Vacant",525,510,505,15,20
2022,"Central Butte, Town","4707054","Improved land",205,0,0,0,0
2022,"Central Butte, Town","4707054","Total",260,0,0,0,0
2022,"Central Butte, Town","4707054","Vacant",55,0,0,0,0
2022,"Central Coast A, Regional district electoral area","5945006","Improved land",165,140,120,25,40
2022,"Central Coast A, Regional district electoral area","5945006","Total",415,375,355,40,60
2022,"Central Coast A, Regional district electoral area","5945006","Vacant",255,240,235,15,20
2022,"Central Coast C, Regional district electoral area","5945010","Improved land",325,305,290,20,35
2022,"Central Coast C, Regional district electoral area","5945010","Total",460,435,415,25,45
2022,"Central Coast C, Regional district electoral area","5945010","Vacant",135,130,125,5,10
2022,"Central Coast D, Regional district electoral area","5945012","Improved land",180,175,165,5,15
2022,"Central Coast D, Regional district electoral area","5945012","Total",360,340,325,20,35
2022,"Central Coast D, Regional district electoral area","5945012","Vacant",180,165,160,15,20
2022,"Central Coast E, Regional district electoral area","5945014","Improved land",65,60,55,5,10
2022,"Central Coast E, Regional district electoral area","5945014","Total",210,200,195,10,15
2022,"Central Coast E, Regional district electoral area","5945014","Vacant",145,140,140,5,5
2022,"Central Elgin, Municipality","3534020","Improved land",5610,5565,5535,45,75
2022,"Central Elgin, Municipality","3534020","Total",6205,6150,6115,55,90
2022,"Central Elgin, Municipality","3534020","Vacant",595,585,580,10,15
2022,"Central Frontenac, Township","3510035","Improved land",4010,3820,3730,195,285
2022,"Central Frontenac, Township","3510035","Total",5770,5465,5330,305,440
2022,"Central Frontenac, Township","3510035","Vacant",1755,1645,1600,110,155
2022,"Central Huron, Municipality","3540025","Improved land",3075,3025,3010,50,65
2022,"Central Huron, Municipality","3540025","Total",3350,3290,3270,60,80
2022,"Central Huron, Municipality","3540025","Vacant",275,265,260,10,15
2022,"Central Kings, Fire district","1101025","Improved land",60,55,50,5,5
2022,"Central Kings, Fire district","1101025","Total",65,60,60,5,5
2022,"Central Kings, Fire district","1101025","Vacant",5,5,5,0,0
2022,"Central Kings, Rural municipality","1101027","Improved land",180,175,170,5,10
2022,"Central Kings, Rural municipality","1101027","Total",215,205,200,10,15
2022,"Central Kings, Rural municipality","1101027","Vacant",35,30,30,5,5
2022,"Central Kootenay A, Regional district electoral area","5903010","Improved land",1530,1435,1360,90,160
2022,"Central Kootenay A, Regional district electoral area","5903010","Total",2255,2110,2010,145,245
2022,"Central Kootenay A, Regional district electoral area","5903010","Vacant",735,680,650,55,85
2022,"Central Kootenay B, Regional district electoral area","5903013","Improved land",1685,1630,1595,50,90
2022,"Central Kootenay B, Regional district electoral area","5903013","Total",2110,2035,1985,75,125
2022,"Central Kootenay B, Regional district electoral area","5903013","Vacant",425,400,390,25,35
2022,"Central Kootenay C, Regional district electoral area","5903017","Improved land",575,570,555,5,20
2022,"Central Kootenay C, Regional district electoral area","5903017","Total",770,760,740,10,30
2022,"Central Kootenay C, Regional district electoral area","5903017","Vacant",195,190,185,5,10
2022,"Central Kootenay D, Regional district electoral area","5903039","Improved land",945,885,855,60,90
2022,"Central Kootenay D, Regional district electoral area","5903039","Total",4035,3840,3775,195,260
2022,"Central Kootenay D, Regional district electoral area","5903039","Vacant",3090,2955,2920,135,170
2022,"Central Kootenay E, Regional district electoral area","5903041","Improved land",1790,1730,1680,60,110
2022,"Central Kootenay E, Regional district electoral area","5903041","Total",2565,2475,2415,90,150
2022,"Central Kootenay E, Regional district electoral area","5903041","Vacant",775,745,735,30,40
2022,"Central Kootenay F, Regional district electoral area","5903043","Improved land",1650,1625,1590,30,65
2022,"Central Kootenay F, Regional district electoral area","5903043","Total",1980,1935,1895,45,85
2022,"Central Kootenay F, Regional district electoral area","5903043","Vacant",325,310,305,15,20
2022,"Central Kootenay G, Regional district electoral area","5903047","Improved land",680,655,645,25,45
2022,"Central Kootenay G, Regional district electoral area","5903047","Total",1860,1805,1775,55,85
2022,"Central Kootenay G, Regional district electoral area","5903047","Vacant",1180,1150,1140,30,40
2022,"Central Kootenay H, Regional district electoral area","5903052","Improved land",2185,2110,2060,75,125
2022,"Central Kootenay H, Regional district electoral area","5903052","Total",5155,5015,4955,135,205
2022,"Central Kootenay H, Regional district electoral area","5903052","Vacant",2965,2905,2895,60,70
2022,"Central Kootenay I, Regional district electoral area","5903056","Improved land",1050,1030,1015,20,40
2022,"Central Kootenay I, Regional district electoral area","5903056","Total",1235,1205,1180,30,55
2022,"Central Kootenay I, Regional district electoral area","5903056","Vacant",180,175,165,5,15
2022,"Central Kootenay J, Regional district electoral area","5903058","Improved land",1490,1470,1455,20,35
2022,"Central Kootenay J, Regional district electoral area","5903058","Total",2455,2430,2400,25,55
2022,"Central Kootenay J, Regional district electoral area","5903058","Vacant",965,960,945,5,20
2022,"Central Kootenay K, Regional district electoral area","5903060","Improved land",1055,1010,975,45,80
2022,"Central Kootenay K, Regional district electoral area","5903060","Total",3945,3855,3800,90,145
2022,"Central Kootenay K, Regional district electoral area","5903060","Vacant",2890,2845,2825,45,65
2022,"Central Manitoulin, Municipality","3551006","Improved land",1555,1500,1465,55,95
2022,"Central Manitoulin, Municipality","3551006","Total",4345,4185,4115,160,230
2022,"Central Manitoulin, Municipality","3551006","Vacant",2785,2680,2650,105,135
2022,"Central Okanagan West, Regional district electoral area","5935020","Improved land",1950,1890,1840,55,105
2022,"Central Okanagan West, Regional district electoral area","5935020","Total",3095,2995,2925,100,170
2022,"Central Okanagan West, Regional district electoral area","5935020","Vacant",1145,1100,1080,45,65
2022,"Central Okanagan, Regional district electoral area","5935012","Improved land",1620,1595,1575,25,45
2022,"Central Okanagan, Regional district electoral area","5935012","Total",1725,1690,1665,35,60
2022,"Central Okanagan, Regional district electoral area","5935012","Vacant",105,95,90,10,15
2022,"Central Prince, Rural municipality","1103043","Improved land",540,520,510,15,25
2022,"Central Prince, Rural municipality","1103043","Total",610,585,575,20,30
2022,"Central Prince, Rural municipality","1103043","Vacant",70,65,65,5,5
2022,"Central Saanich, District municipality","5917015","Improved land",5605,5555,5510,50,95
2022,"Central Saanich, District municipality","5917015","Total",5665,5610,5565,55,100
2022,"Central Saanich, District municipality","5917015","Vacant",60,55,55,5,5
2022,"Centre Hastings, Municipality","3512026","Improved land",2025,2005,1985,20,40
2022,"Centre Hastings, Municipality","3512026","Total",2515,2475,2445,40,70
2022,"Centre Hastings, Municipality","3512026","Vacant",490,470,460,20,30
2022,"Centre Wellington, Census agglomeration (CA)","531","Improved land",10285,10235,10185,50,100
2022,"Centre Wellington, Census agglomeration (CA)","531","Total",10930,10880,10825,50,105
2022,"Centre Wellington, Census agglomeration (CA)","531","Vacant",645,645,640,0,5
2022,"Centre Wellington, Township","3523025","Improved land",10285,10235,10185,50,100
2022,"Centre Wellington, Township","3523025","Total",10930,10880,10825,50,105
2022,"Centre Wellington, Township","3523025","Vacant",645,645,640,0,5
2022,"Centreville, Village","1311019","Improved land",180,175,175,0,5
2022,"Centreville, Village","1311019","Total",220,220,215,0,5
2022,"Centreville, Village","1311019","Vacant",40,40,40,0,0
2022,"Centreville-Wareham-Trinity, Town","1007050","Improved land",0,0,0,0,0
2022,"Centreville-Wareham-Trinity, Town","1007050","Total",635,625,620,10,15
2022,"Centreville-Wareham-Trinity, Town","1007050","Vacant",0,0,0,0,0
2022,"Ceylon, Village","4702028","Improved land",65,0,0,0,0
2022,"Ceylon, Village","4702028","Total",110,0,0,0,0
2022,"Ceylon, Village","4702028","Vacant",45,0,0,0,0
2022,"Chamberlain, Township","3554054","Improved land",160,155,155,5,5
2022,"Chamberlain, Township","3554054","Total",255,255,240,10,15
2022,"Chamberlain, Township","3554054","Vacant",95,90,85,5,10
2022,"Chamberlain, Village","4706064","Improved land",55,0,0,0,0
2022,"Chamberlain, Village","4706064","Total",75,0,0,0,0
2022,"Chamberlain, Village","4706064","Vacant",20,0,0,0,0
2022,"Champion, Village","4805004","Improved land",185,0,0,0,0
2022,"Champion, Village","4805004","Total",200,0,0,0,0
2022,"Champion, Village","4805004","Vacant",15,0,0,0,0
2022,"Champlain, Township","3502010","Improved land",3480,3450,3430,30,45
2022,"Champlain, Township","3502010","Total",3965,3930,3910,35,55
2022,"Champlain, Township","3502010","Vacant",485,480,480,5,5
2022,"Change Islands, Town","1008024","Improved land",0,0,0,0,0
2022,"Change Islands, Town","1008024","Total",250,230,225,20,25
2022,"Change Islands, Town","1008024","Vacant",0,0,0,0,0
2022,"Channel-Port aux Basques, Town","1003034","Improved land",0,0,0,0,0
2022,"Channel-Port aux Basques, Town","1003034","Total",1805,1780,1770,25,35
2022,"Channel-Port aux Basques, Town","1003034","Vacant",0,0,0,0,0
2022,"Chapel Arm, Town","1001289","Improved land",0,0,0,0,0
2022,"Chapel Arm, Town","1001289","Total",330,320,315,10,15
2022,"Chapel Arm, Town","1001289","Vacant",0,0,0,0,0
2022,"Chapleau, Township","3552092","Improved land",810,805,805,5,5
2022,"Chapleau, Township","3552092","Total",975,965,960,10,15
2022,"Chapleau, Township","3552092","Vacant",165,160,155,5,10
2022,"Chaplin No. 164, Rural municipality","4707029","Improved land",25,0,0,0,0
2022,"Chaplin No. 164, Rural municipality","4707029","Total",90,0,0,0,0
2022,"Chaplin No. 164, Rural municipality","4707029","Vacant",65,0,0,0,0
2022,"Chaplin, Village","4707031","Improved land",125,0,0,0,0
2022,"Chaplin, Village","4707031","Total",190,0,0,0,0
2022,"Chaplin, Village","4707031","Vacant",65,0,0,0,0
2022,"Chapple, Township","3559024","Improved land",350,325,320,25,30
2022,"Chapple, Township","3559024","Total",775,645,620,135,155
2022,"Chapple, Township","3559024","Vacant",425,315,300,110,125
2022,"Charlo, Village","1314004","Improved land",720,710,660,10,60
2022,"Charlo, Village","1314004","Total",955,930,865,25,90
2022,"Charlo, Village","1314004","Vacant",235,220,205,15,30
2022,"Charlottetown (Labrador), Town","1010013","Improved land",0,0,0,0,0
2022,"Charlottetown (Labrador), Town","1010013","Total",150,140,140,10,15
2022,"Charlottetown (Labrador), Town","1010013","Vacant",0,0,0,0,0
2022,"Charlottetown, Census agglomeration (CA)","105","Improved land",27055,26160,25525,775,1415
2022,"Charlottetown, Census agglomeration (CA)","105","Total",28230,27280,26605,830,1505
2022,"Charlottetown, Census agglomeration (CA)","105","Vacant",1175,1120,1085,55,90
2022,"Charlottetown, City","1102075","Improved land",10520,10210,9970,260,495
2022,"Charlottetown, City","1102075","Total",10620,10310,10065,260,505
2022,"Charlottetown, City","1102075","Vacant",100,100,95,0,5
2022,"Charlton and Dack, Municipality","3554044","Improved land",265,255,255,5,10
2022,"Charlton and Dack, Municipality","3554044","Total",480,460,455,20,25
2022,"Charlton and Dack, Municipality","3554044","Vacant",215,200,200,15,15
2022,"Chase, Village","5933054","Improved land",940,930,915,10,25
2022,"Chase, Village","5933054","Total",1010,1000,985,10,25
2022,"Chase, Village","5933054","Vacant",70,70,70,0,0
2022,"Chatham, Parish","1309006","Improved land",280,265,255,5,15
2022,"Chatham, Parish","1309006","Total",365,350,330,15,35
2022,"Chatham, Parish","1309006","Vacant",95,85,75,10,20
2022,"Chatham-Kent, Census agglomeration (CA)","556","Improved land",39610,39190,38980,430,630
2022,"Chatham-Kent, Census agglomeration (CA)","556","Total",41780,41250,41035,530,745
2022,"Chatham-Kent, Census agglomeration (CA)","556","Vacant",2170,2070,2055,100,115
2022,"Chatham-Kent, Municipality","3536020","Improved land",39610,39190,38980,430,630
2022,"Chatham-Kent, Municipality","3536020","Total",41780,41250,41035,530,745
2022,"Chatham-Kent, Municipality","3536020","Vacant",2170,2070,2055,100,115
2022,"Chatsworth, Township","3542037","Improved land",3020,2985,2955,40,70
2022,"Chatsworth, Township","3542037","Total",3705,3645,3610,60,95
2022,"Chatsworth, Township","3542037","Vacant",680,660,655,20,25
2022,"Chauvin, Village","4807051","Improved land",155,0,0,0,0
2022,"Chauvin, Village","4807051","Total",235,0,0,0,0
2022,"Chauvin, Village","4807051","Vacant",80,0,0,0,0
2022,"Chester No. 125, Rural municipality","4705018","Improved land",50,0,0,0,0
2022,"Chester No. 125, Rural municipality","4705018","Total",210,0,0,0,0
2022,"Chester No. 125, Rural municipality","4705018","Vacant",160,0,0,0,0
2022,"Chester, Municipal district","1206009","Improved land",6535,6260,6110,270,425
2022,"Chester, Municipal district","1206009","Total",9395,8920,8675,475,720
2022,"Chester, Municipal district","1206009","Vacant",2860,2655,2565,205,295
2022,"Chesterfield Inlet, Hamlet","6205019","Improved land",0,0,0,0,0
2022,"Chesterfield Inlet, Hamlet","6205019","Total",150,150,150,0,0
2022,"Chesterfield Inlet, Hamlet","6205019","Vacant",0,0,0,0,0
2022,"Chesterfield No. 261, Rural municipality","4708065","Improved land",55,0,0,0,0
2022,"Chesterfield No. 261, Rural municipality","4708065","Total",255,0,0,0,0
2022,"Chesterfield No. 261, Rural municipality","4708065","Vacant",200,0,0,0,0
2022,"Chestermere, City","4806017","Improved land",7470,0,0,0,0
2022,"Chestermere, City","4806017","Total",8015,0,0,0,0
2022,"Chestermere, City","4806017","Vacant",550,0,0,0,0
2022,"Chetwynd, District municipality","5955010","Improved land",805,790,770,15,40
2022,"Chetwynd, District municipality","5955010","Total",1010,995,980,15,30
2022,"Chetwynd, District municipality","5955010","Vacant",205,205,205,0,0
2022,"Chilliwack, Census metropolitan area (CMA)","930","Improved land",35495,35015,34565,480,930
2022,"Chilliwack, Census metropolitan area (CMA)","930","Total",36590,36100,35635,490,955
2022,"Chilliwack, Census metropolitan area (CMA)","930","Vacant",1095,1085,1070,10,25
2022,"Chilliwack, City","5909020","Improved land",29805,29425,29070,385,740
2022,"Chilliwack, City","5909020","Total",30445,30055,29695,390,750
2022,"Chilliwack, City","5909020","Vacant",635,630,625,5,10
2022,"Chipman, Parish","1304024","Improved land",585,575,565,10,20
2022,"Chipman, Parish","1304024","Total",955,915,890,40,65
2022,"Chipman, Parish","1304024","Vacant",370,340,325,30,45
2022,"Chipman, Village","1304025","Improved land",585,575,570,10,15
2022,"Chipman, Village","1304025","Total",750,740,730,10,20
2022,"Chipman, Village","1304025","Vacant",165,165,160,0,5
2022,"Chipman, Village","4810062","Improved land",145,0,0,0,0
2022,"Chipman, Village","4810062","Total",185,0,0,0,0
2022,"Chipman, Village","4810062","Vacant",35,0,0,0,0
2022,"Chisholm, Township","3548031","Improved land",640,625,610,15,30
2022,"Chisholm, Township","3548031","Total",870,840,815,30,55
2022,"Chisholm, Township","3548031","Vacant",230,215,205,15,25
2022,"Chitek Lake, Resort village","4716077","Improved land",85,0,0,0,0
2022,"Chitek Lake, Resort village","4716077","Total",165,0,0,0,0
2022,"Chitek Lake, Resort village","4716077","Vacant",80,0,0,0,0
2022,"Choiceland, Town","4714092","Improved land",200,0,0,0,0
2022,"Choiceland, Town","4714092","Total",290,0,0,0,0
2022,"Choiceland, Town","4714092","Vacant",90,0,0,0,0
2022,"Chorney Beach, Resort village","4710034","Improved land",30,0,0,0,0
2022,"Chorney Beach, Resort village","4710034","Total",85,0,0,0,0
2022,"Chorney Beach, Resort village","4710034","Vacant",55,0,0,0,0
2022,"Christopher Lake, Village","4715076","Improved land",140,0,0,0,0
2022,"Christopher Lake, Village","4715076","Total",235,0,0,0,0
2022,"Christopher Lake, Village","4715076","Vacant",95,0,0,0,0
2022,"Churchbridge No. 211, Rural municipality","4705093","Improved land",280,0,0,0,0
2022,"Churchbridge No. 211, Rural municipality","4705093","Total",300,0,0,0,0
2022,"Churchbridge No. 211, Rural municipality","4705093","Vacant",20,0,0,0,0
2022,"Churchbridge, Town","4705094","Improved land",365,0,0,0,0
2022,"Churchbridge, Town","4705094","Total",420,0,0,0,0
2022,"Churchbridge, Town","4705094","Vacant",55,0,0,0,0
2022,"Churchill, Town","4623056","Improved land",230,220,220,10,10
2022,"Churchill, Town","4623056","Total",325,305,305,20,20
2022,"Churchill, Town","4623056","Vacant",95,85,85,10,10
2022,"Clanwilliam-Erickson, Municipality","4615092","Improved land",735,720,710,15,25
2022,"Clanwilliam-Erickson, Municipality","4615092","Total",830,815,800,15,30
2022,"Clanwilliam-Erickson, Municipality","4615092","Vacant",95,95,90,0,5
2022,"Clare, Municipal district","1203001","Improved land",4600,4420,4335,180,265
2022,"Clare, Municipal district","1203001","Total",5650,5350,5235,300,415
2022,"Clare, Municipal district","1203001","Vacant",1050,930,900,120,150
2022,"Clarence-Rockland, City","3502036","Improved land",9365,9320,9265,45,100
2022,"Clarence-Rockland, City","3502036","Total",10440,10385,10320,55,120
2022,"Clarence-Rockland, City","3502036","Vacant",1075,1065,1055,10,20
2022,"Clarendon, Parish","1302014","Improved land",100,100,90,0,10
2022,"Clarendon, Parish","1302014","Total",165,160,150,5,15
2022,"Clarendon, Parish","1302014","Vacant",65,65,65,5,5
2022,"Clarenville, Town","1007013","Improved land",0,0,0,0,0
2022,"Clarenville, Town","1007013","Total",2700,2660,2615,40,85
2022,"Clarenville, Town","1007013","Vacant",0,0,0,0,0
2022,"Claresholm, Town","4803022","Improved land",1650,0,0,0,0
2022,"Claresholm, Town","4803022","Total",1735,0,0,0,0
2022,"Claresholm, Town","4803022","Vacant",80,0,0,0,0
2022,"Clarington, Municipality","3518017","Improved land",33815,33605,33380,210,435
2022,"Clarington, Municipality","3518017","Total",35510,35290,35045,220,465
2022,"Clarington, Municipality","3518017","Vacant",1695,1685,1670,10,25
2022,"Clark's Harbour, Town","1201004","Improved land",375,355,350,20,25
2022,"Clark's Harbour, Town","1201004","Total",430,410,400,20,30
2022,"Clark's Harbour, Town","1201004","Vacant",55,55,50,0,5
2022,"Clarke's Beach, Town","1001429","Improved land",0,0,0,0,0
2022,"Clarke's Beach, Town","1001429","Total",790,760,745,30,45
2022,"Clarke's Beach, Town","1001429","Vacant",0,0,0,0,0
2022,"Clavet, Village","4711077","Improved land",150,0,0,0,0
2022,"Clavet, Village","4711077","Total",170,0,0,0,0
2022,"Clavet, Village","4711077","Vacant",20,0,0,0,0
2022,"Clayton No. 333, Rural municipality","4709067","Improved land",320,0,0,0,0
2022,"Clayton No. 333, Rural municipality","4709067","Total",390,0,0,0,0
2022,"Clayton No. 333, Rural municipality","4709067","Vacant",70,0,0,0,0
2022,"Clear Hills, Municipal district","4817062","Improved land",990,0,0,0,0
2022,"Clear Hills, Municipal district","4817062","Total",1070,0,0,0,0
2022,"Clear Hills, Municipal district","4817062","Vacant",80,0,0,0,0
2022,"Clearview, Township","3543005","Improved land",5905,5855,5810,50,95
2022,"Clearview, Township","3543005","Total",7330,7260,7190,70,140
2022,"Clearview, Township","3543005","Vacant",1425,1405,1380,20,45
2022,"Clearwater County, Municipal district","4809002","Improved land",4900,0,0,0,0
2022,"Clearwater County, Municipal district","4809002","Total",5505,0,0,0,0
2022,"Clearwater County, Municipal district","4809002","Vacant",605,0,0,0,0
2022,"Clearwater, District municipality","5933067","Improved land",960,960,955,0,5
2022,"Clearwater, District municipality","5933067","Total",1130,1125,1120,5,10
2022,"Clearwater, District municipality","5933067","Vacant",170,165,165,5,5
2022,"Climax, Village","4704009","Improved land",110,0,0,0,0
2022,"Climax, Village","4704009","Total",195,0,0,0,0
2022,"Climax, Village","4704009","Vacant",85,0,0,0,0
2022,"Clinton, Village","5933028","Improved land",305,285,280,15,20
2022,"Clinton, Village","5933028","Total",355,340,335,15,20
2022,"Clinton, Village","5933028","Vacant",50,50,50,0,0
2022,"Clinworth No. 230, Rural municipality","4708053","Improved land",100,0,0,0,0
2022,"Clinworth No. 230, Rural municipality","4708053","Total",200,0,0,0,0
2022,"Clinworth No. 230, Rural municipality","4708053","Vacant",100,0,0,0,0
2022,"Clive, Village","4808032","Improved land",325,0,0,0,0
2022,"Clive, Village","4808032","Total",360,0,0,0,0
2022,"Clive, Village","4808032","Vacant",35,0,0,0,0
2022,"Clyde River, Hamlet","6204015","Improved land",0,0,0,0,0
2022,"Clyde River, Hamlet","6204015","Total",395,385,380,10,15
2022,"Clyde River, Hamlet","6204015","Vacant",0,0,0,0,0
2022,"Clyde River, Rural municipality","1102037","Improved land",250,250,245,0,5
2022,"Clyde River, Rural municipality","1102037","Total",275,270,260,5,15
2022,"Clyde River, Rural municipality","1102037","Vacant",25,20,15,5,5
2022,"Clyde, Village","4813032","Improved land",190,0,0,0,0
2022,"Clyde, Village","4813032","Total",235,0,0,0,0
2022,"Clyde, Village","4813032","Vacant",45,0,0,0,0
2022,"Coachman's Cove, Town","1008092","Improved land",0,0,0,0,0
2022,"Coachman's Cove, Town","1008092","Total",110,110,110,0,0
2022,"Coachman's Cove, Town","1008092","Vacant",0,0,0,0,0
2022,"Coaldale, Town","4802019","Improved land",2945,0,0,0,0
2022,"Coaldale, Town","4802019","Total",3095,0,0,0,0
2022,"Coaldale, Town","4802019","Vacant",150,0,0,0,0
2022,"Coalfields No. 4, Rural municipality","4701016","Improved land",160,0,0,0,0
2022,"Coalfields No. 4, Rural municipality","4701016","Total",200,0,0,0,0
2022,"Coalfields No. 4, Rural municipality","4701016","Vacant",40,0,0,0,0
2022,"Coalhurst, Town","4802013","Improved land",920,0,0,0,0
2022,"Coalhurst, Town","4802013","Total",1005,0,0,0,0
2022,"Coalhurst, Town","4802013","Vacant",85,0,0,0,0
2022,"Cobalt, Town","3554008","Improved land",460,450,445,10,15
2022,"Cobalt, Town","3554008","Total",685,670,660,15,30
2022,"Cobalt, Town","3554008","Vacant",225,220,220,5,5
2022,"Cobourg, Census agglomeration (CA)","527","Improved land",7700,7645,7600,55,100
2022,"Cobourg, Census agglomeration (CA)","527","Total",8140,8080,8035,60,105
2022,"Cobourg, Census agglomeration (CA)","527","Vacant",440,435,435,5,5
2022,"Cobourg, Town","3514021","Improved land",7700,7645,7600,55,100
2022,"Cobourg, Town","3514021","Total",8140,8080,8035,60,105
2022,"Cobourg, Town","3514021","Vacant",440,435,435,5,5
2022,"Cocagne, Rural community","1308002","Improved land",1350,1315,1255,35,100
2022,"Cocagne, Rural community","1308002","Total",2005,1930,1830,75,175
2022,"Cocagne, Rural community","1308002","Vacant",655,615,580,40,75
2022,"Cochin, Resort village","4717002","Improved land",130,0,0,0,0
2022,"Cochin, Resort village","4717002","Total",275,0,0,0,0
2022,"Cochin, Resort village","4717002","Vacant",145,0,0,0,0
2022,"Cochrane, Town","3556042","Improved land",1975,1945,1930,30,50
2022,"Cochrane, Town","3556042","Total",2490,2415,2395,75,95
2022,"Cochrane, Town","3556042","Vacant",515,470,465,45,50
2022,"Cochrane, Town","4806019","Improved land",11950,0,0,0,0
2022,"Cochrane, Town","4806019","Total",13215,0,0,0,0
2022,"Cochrane, Town","4806019","Vacant",1260,0,0,0,0
2022,"Cochrane, Unorganized, North Part, Unorganized","3556092","Improved land",2345,2275,2235,70,110
2022,"Cochrane, Unorganized, North Part, Unorganized","3556092","Total",4895,4495,4385,400,510
2022,"Cochrane, Unorganized, North Part, Unorganized","3556092","Vacant",2550,2220,2150,330,410
2022,"Cockburn Island, Township","3551034","Improved land",90,80,75,10,15
2022,"Cockburn Island, Township","3551034","Total",455,410,395,45,60
2022,"Cockburn Island, Township","3551034","Vacant",365,330,320,35,45
2022,"Coderre, Village","4707008","Improved land",25,0,0,0,0
2022,"Coderre, Village","4707008","Total",65,0,0,0,0
2022,"Coderre, Village","4707008","Vacant",40,0,0,0,0
2022,"Codette, Village","4714074","Improved land",105,0,0,0,0
2022,"Codette, Village","4714074","Total",145,0,0,0,0
2022,"Codette, Village","4714074","Vacant",40,0,0,0,0
2022,"Colborne, Parish","1314003","Improved land",195,190,180,5,20
2022,"Colborne, Parish","1314003","Total",300,290,275,10,25
2022,"Colborne, Parish","1314003","Vacant",110,105,105,5,5
2022,"Colchester, Subd. A, Subdivision of county municipality","1210012","Improved land",2160,2105,2040,55,115
2022,"Colchester, Subd. A, Subdivision of county municipality","1210012","Total",3020,2910,2820,110,200
2022,"Colchester, Subd. A, Subdivision of county municipality","1210012","Vacant",860,805,780,55,80
2022,"Colchester, Subd. B, Subdivision of county municipality","1210008","Improved land",8215,8095,7945,120,270
2022,"Colchester, Subd. B, Subdivision of county municipality","1210008","Total",10200,10000,9800,200,400
2022,"Colchester, Subd. B, Subdivision of county municipality","1210008","Vacant",1985,1905,1855,80,130
2022,"Colchester, Subd. C, Subdivision of county municipality","1210001","Improved land",5600,5525,5435,75,165
2022,"Colchester, Subd. C, Subdivision of county municipality","1210001","Total",6980,6870,6750,110,230
2022,"Colchester, Subd. C, Subdivision of county municipality","1210001","Vacant",1380,1345,1315,35,65
2022,"Coldstream, District municipality","5937010","Improved land",3620,3580,3530,40,90
2022,"Coldstream, District municipality","5937010","Total",3750,3705,3650,45,100
2022,"Coldstream, District municipality","5937010","Vacant",130,125,120,5,10
2022,"Coldwell, Rural municipality","4618044","Improved land",705,695,685,10,20
2022,"Coldwell, Rural municipality","4618044","Total",870,855,845,15,35
2022,"Coldwell, Rural municipality","4618044","Vacant",165,160,160,5,5
2022,"Cole Bay, Northern hamlet","4718028","Improved land",60,0,0,0,0
2022,"Cole Bay, Northern hamlet","4718028","Total",75,0,0,0,0
2022,"Cole Bay, Northern hamlet","4718028","Vacant",15,0,0,0,0
2022,"Coleman, Township","3554001","Improved land",360,350,340,10,20
2022,"Coleman, Township","3554001","Total",1070,1025,1000,45,70
2022,"Coleman, Township","3554001","Vacant",710,675,660,35,50
2022,"Coleville, Village","4713026","Improved land",150,0,0,0,0
2022,"Coleville, Village","4713026","Total",205,0,0,0,0
2022,"Coleville, Village","4713026","Vacant",55,0,0,0,0
2022,"Collingwood, Census agglomeration (CA)","567","Improved land",11725,11565,11485,160,240
2022,"Collingwood, Census agglomeration (CA)","567","Total",12690,12520,12430,170,260
2022,"Collingwood, Census agglomeration (CA)","567","Vacant",965,955,945,10,20
2022,"Collingwood, Town","3543031","Improved land",11725,11565,11485,160,240
2022,"Collingwood, Town","3543031","Total",12690,12520,12430,170,260
2022,"Collingwood, Town","3543031","Vacant",965,955,945,10,20
2022,"Colonsay No. 342, Rural municipality","4711076","Improved land",115,0,0,0,0
2022,"Colonsay No. 342, Rural municipality","4711076","Total",135,0,0,0,0
2022,"Colonsay No. 342, Rural municipality","4711076","Vacant",20,0,0,0,0
2022,"Colonsay, Town","4711079","Improved land",190,0,0,0,0
2022,"Colonsay, Town","4711079","Total",225,0,0,0,0
2022,"Colonsay, Town","4711079","Vacant",35,0,0,0,0
2022,"Columbia-Shuswap A, Regional district electoral area","5939011","Improved land",1815,1705,1645,110,170
2022,"Columbia-Shuswap A, Regional district electoral area","5939011","Total",2365,2215,2140,150,225
2022,"Columbia-Shuswap A, Regional district electoral area","5939011","Vacant",550,510,495,40,55
2022,"Columbia-Shuswap B, Regional district electoral area","5939023","Improved land",415,385,370,30,45
2022,"Columbia-Shuswap B, Regional district electoral area","5939023","Total",3875,3795,3760,80,115
2022,"Columbia-Shuswap B, Regional district electoral area","5939023","Vacant",3460,3410,3390,50,70
2022,"Columbia-Shuswap C, Regional district electoral area","5939037","Improved land",4730,4580,4435,150,295
2022,"Columbia-Shuswap C, Regional district electoral area","5939037","Total",5735,5515,5330,220,405
2022,"Columbia-Shuswap C, Regional district electoral area","5939037","Vacant",1005,935,895,70,110
2022,"Columbia-Shuswap D, Regional district electoral area","5939039","Improved land",1400,1380,1350,20,50
2022,"Columbia-Shuswap D, Regional district electoral area","5939039","Total",1500,1475,1440,25,60
2022,"Columbia-Shuswap D, Regional district electoral area","5939039","Vacant",100,95,90,5,10
2022,"Columbia-Shuswap E, Regional district electoral area","5939043","Improved land",1020,960,900,50,110
2022,"Columbia-Shuswap E, Regional district electoral area","5939043","Total",1250,1190,1120,60,130
2022,"Columbia-Shuswap E, Regional district electoral area","5939043","Vacant",240,230,220,10,20
2022,"Columbia-Shuswap F, Regional district electoral area","5939044","Improved land",2760,2620,2460,140,300
2022,"Columbia-Shuswap F, Regional district electoral area","5939044","Total",4390,4070,3820,320,570
2022,"Columbia-Shuswap F, Regional district electoral area","5939044","Vacant",1630,1450,1360,180,270
2022,"Colwood, City","5917041","Improved land",6345,6265,6200,80,145
2022,"Colwood, City","5917041","Total",6540,6460,6395,80,145
2022,"Colwood, City","5917041","Vacant",195,195,195,0,0
2022,"Come By Chance, Town","1001274","Improved land",0,0,0,0,0
2022,"Come By Chance, Town","1001274","Total",170,165,160,5,5
2022,"Come By Chance, Town","1001274","Vacant",0,0,0,0,0
2022,"Comfort Cove-Newstead, Town","1008039","Improved land",0,0,0,0,0
2022,"Comfort Cove-Newstead, Town","1008039","Total",350,330,325,20,25
2022,"Comfort Cove-Newstead, Town","1008039","Vacant",0,0,0,0,0
2022,"Comox Valley A, Regional district electoral area","5926021","Improved land",4015,3890,3785,125,235
2022,"Comox Valley A, Regional district electoral area","5926021","Total",4510,4350,4230,160,280
2022,"Comox Valley A, Regional district electoral area","5926021","Vacant",490,455,445,35,45
2022,"Comox Valley B (Lazo North), Regional district electoral area","5926022","Improved land",2890,2830,2780,55,100
2022,"Comox Valley B (Lazo North), Regional district electoral area","5926022","Total",3045,2995,2940,60,115
2022,"Comox Valley B (Lazo North), Regional district electoral area","5926022","Vacant",165,160,150,5,15
2022,"Comox Valley C (Puntledge - Black Creek), Regional district electoral area","5926024","Improved land",3585,3535,3480,50,105
2022,"Comox Valley C (Puntledge - Black Creek), Regional district electoral area","5926024","Total",3930,3880,3820,50,110
2022,"Comox Valley C (Puntledge - Black Creek), Regional district electoral area","5926024","Vacant",345,345,340,0,5
2022,"Comox, Town","5926005","Improved land",5735,5670,5615,65,120
2022,"Comox, Town","5926005","Total",5820,5755,5700,65,120
2022,"Comox, Town","5926005","Vacant",85,85,85,0,0
2022,"Conception Bay South, Town","1001485","Improved land",0,0,0,0,0
2022,"Conception Bay South, Town","1001485","Total",12005,11810,11550,195,455
2022,"Conception Bay South, Town","1001485","Vacant",0,0,0,0,0
2022,"Conche, Town","1009008","Improved land",0,0,0,0,0
2022,"Conche, Town","1009008","Total",180,155,155,15,15
2022,"Conche, Town","1009008","Vacant",0,0,0,0,0
2022,"Conmee, Township","3558019","Improved land",295,295,295,0,0
2022,"Conmee, Township","3558019","Total",510,485,480,25,30
2022,"Conmee, Township","3558019","Vacant",215,190,185,25,30
2022,"Connaught No. 457, Rural municipality","4714056","Improved land",220,0,0,0,0
2022,"Connaught No. 457, Rural municipality","4714056","Total",255,0,0,0,0
2022,"Connaught No. 457, Rural municipality","4714056","Vacant",35,0,0,0,0
2022,"Conquest, Village","4712022","Improved land",95,0,0,0,0
2022,"Conquest, Village","4712022","Total",115,0,0,0,0
2022,"Conquest, Village","4712022","Vacant",20,0,0,0,0
2022,"Consort, Village","4804022","Improved land",305,0,0,0,0
2022,"Consort, Village","4804022","Total",315,0,0,0,0
2022,"Consort, Village","4804022","Vacant",10,0,0,0,0
2022,"Consul, Village","4704021","Improved land",40,0,0,0,0
2022,"Consul, Village","4704021","Total",80,0,0,0,0
2022,"Consul, Village","4704021","Vacant",40,0,0,0,0
2022,"Cook's Harbour, Town","1009034","Improved land",0,0,0,0,0
2022,"Cook's Harbour, Town","1009034","Total",135,130,130,5,5
2022,"Cook's Harbour, Town","1009034","Vacant",0,0,0,0,0
2022,"Coquitlam, City","5915034","Improved land",48675,46820,45930,1855,2750
2022,"Coquitlam, City","5915034","Total",49150,47285,46385,1865,2765
2022,"Coquitlam, City","5915034","Vacant",475,465,460,10,15
2022,"Coral Harbour, Hamlet","6205014","Improved land",0,0,0,0,0
2022,"Coral Harbour, Hamlet","6205014","Total",270,270,270,0,0
2022,"Coral Harbour, Hamlet","6205014","Vacant",0,0,0,0,0
2022,"Cormack, Town","1005014","Improved land",0,0,0,0,0
2022,"Cormack, Town","1005014","Total",385,370,365,15,20
2022,"Cormack, Town","1005014","Vacant",0,0,0,0,0
2022,"Corman Park No. 344, Rural municipality","4711065","Improved land",3360,0,0,0,0
2022,"Corman Park No. 344, Rural municipality","4711065","Total",3895,0,0,0,0
2022,"Corman Park No. 344, Rural municipality","4711065","Vacant",535,0,0,0,0
2022,"Corner Brook, Census agglomeration (CA)","15","Improved land",0,0,0,0,0
2022,"Corner Brook, Census agglomeration (CA)","15","Total",12465,12210,11945,255,520
2022,"Corner Brook, Census agglomeration (CA)","15","Vacant",0,0,0,0,0
2022,"Corner Brook, City","1005018","Improved land",0,0,0,0,0
2022,"Corner Brook, City","1005018","Total",7340,7210,7040,130,300
2022,"Corner Brook, City","1005018","Vacant",0,0,0,0,0
2022,"Cornwall, Census agglomeration (CA)","501","Improved land",20890,20725,20625,160,265
2022,"Cornwall, Census agglomeration (CA)","501","Total",23020,22830,22710,190,310
2022,"Cornwall, Census agglomeration (CA)","501","Vacant",2130,2100,2085,30,45
2022,"Cornwall, City","3501012","Improved land",15610,15490,15410,120,200
2022,"Cornwall, City","3501012","Total",16220,16095,16010,125,210
2022,"Cornwall, City","3501012","Vacant",610,605,600,5,10
2022,"Cornwall, Town","1102085","Improved land",1955,1915,1890,20,50
2022,"Cornwall, Town","1102085","Total",1990,1950,1920,25,55
2022,"Cornwall, Town","1102085","Vacant",35,30,30,5,5
2022,"Cornwallis, Rural municipality","4607060","Improved land",1015,1000,980,15,35
2022,"Cornwallis, Rural municipality","4607060","Total",1125,1105,1080,20,45
2022,"Cornwallis, Rural municipality","4607060","Vacant",110,105,100,5,10
2022,"Coronach, Town","4703004","Improved land",300,0,0,0,0
2022,"Coronach, Town","4703004","Total",405,0,0,0,0
2022,"Coronach, Town","4703004","Vacant",105,0,0,0,0
2022,"Coronation, Town","4807012","Improved land",440,0,0,0,0
2022,"Coronation, Town","4807012","Total",500,0,0,0,0
2022,"Coronation, Town","4807012","Vacant",60,0,0,0,0
2022,"Cote No. 271, Rural municipality","4709037","Improved land",165,0,0,0,0
2022,"Cote No. 271, Rural municipality","4709037","Total",450,0,0,0,0
2022,"Cote No. 271, Rural municipality","4709037","Vacant",285,0,0,0,0
2022,"Coteau Beach, Resort village","4707068","Improved land",35,0,0,0,0
2022,"Coteau Beach, Resort village","4707068","Total",55,0,0,0,0
2022,"Coteau Beach, Resort village","4707068","Vacant",20,0,0,0,0
2022,"Coteau No. 255, Rural municipality","4707067","Improved land",335,0,0,0,0
2022,"Coteau No. 255, Rural municipality","4707067","Total",795,0,0,0,0
2022,"Coteau No. 255, Rural municipality","4707067","Vacant",460,0,0,0,0
2022,"Cottlesville, Town","1008032","Improved land",0,0,0,0,0
2022,"Cottlesville, Town","1008032","Total",160,150,150,10,10
2022,"Cottlesville, Town","1008032","Vacant",0,0,0,0,0
2022,"Coulee No. 136, Rural municipality","4707018","Improved land",215,0,0,0,0
2022,"Coulee No. 136, Rural municipality","4707018","Total",300,0,0,0,0
2022,"Coulee No. 136, Rural municipality","4707018","Vacant",85,0,0,0,0
2022,"Courtenay, Census agglomeration (CA)","943","Improved land",25465,25055,24695,410,785
2022,"Courtenay, Census agglomeration (CA)","943","Total",26495,26045,25660,450,835
2022,"Courtenay, Census agglomeration (CA)","943","Vacant",1025,985,965,40,60
2022,"Courtenay, City","5926010","Improved land",11185,11040,10900,150,290
2022,"Courtenay, City","5926010","Total",11420,11265,11130,150,290
2022,"Courtenay, City","5926010","Vacant",235,235,235,0,0
2022,"Coutts, Village","4802002","Improved land",140,0,0,0,0
2022,"Coutts, Village","4802002","Total",185,0,0,0,0
2022,"Coutts, Village","4802002","Vacant",45,0,0,0,0
2022,"Coverdale, Parish","1306014","Improved land",1860,1845,1815,15,45
2022,"Coverdale, Parish","1306014","Total",2245,2215,2180,30,65
2022,"Coverdale, Parish","1306014","Vacant",385,370,365,15,20
2022,"Cow Head, Town","1009016","Improved land",0,0,0,0,0
2022,"Cow Head, Town","1009016","Total",430,420,415,10,15
2022,"Cow Head, Town","1009016","Vacant",0,0,0,0,0
2022,"Cowichan Valley A, Regional district electoral area","5919043","Improved land",1790,1765,1740,25,50
2022,"Cowichan Valley A, Regional district electoral area","5919043","Total",1960,1930,1905,30,55
2022,"Cowichan Valley A, Regional district electoral area","5919043","Vacant",170,165,165,5,5
2022,"Cowichan Valley B, Regional district electoral area","5919046","Improved land",3385,3335,3275,50,110
2022,"Cowichan Valley B, Regional district electoral area","5919046","Total",3700,3645,3580,55,120
2022,"Cowichan Valley B, Regional district electoral area","5919046","Vacant",315,310,305,5,10
2022,"Cowichan Valley C, Regional district electoral area","5919049","Improved land",2000,1975,1950,25,45
2022,"Cowichan Valley C, Regional district electoral area","5919049","Total",2055,2025,2000,30,50
2022,"Cowichan Valley C, Regional district electoral area","5919049","Vacant",55,50,50,5,5
2022,"Cowichan Valley D, Regional district electoral area","5919013","Improved land",1320,1295,1270,25,50
2022,"Cowichan Valley D, Regional district electoral area","5919013","Total",1390,1365,1340,25,50
2022,"Cowichan Valley D, Regional district electoral area","5919013","Vacant",70,70,70,0,0
2022,"Cowichan Valley E, Regional district electoral area","5919051","Improved land",1390,1370,1355,20,35
2022,"Cowichan Valley E, Regional district electoral area","5919051","Total",1770,1725,1705,45,60
2022,"Cowichan Valley E, Regional district electoral area","5919051","Vacant",380,355,355,25,25
2022,"Cowichan Valley F, Regional district electoral area","5919033","Improved land",795,775,755,20,40
2022,"Cowichan Valley F, Regional district electoral area","5919033","Total",990,970,945,20,45
2022,"Cowichan Valley F, Regional district electoral area","5919033","Vacant",195,195,190,0,5
2022,"Cowichan Valley G, Regional district electoral area","5919015","Improved land",1370,1330,1305,40,70
2022,"Cowichan Valley G, Regional district electoral area","5919015","Total",1605,1550,1515,55,90
2022,"Cowichan Valley G, Regional district electoral area","5919015","Vacant",230,215,210,15,20
2022,"Cowichan Valley H, Regional district electoral area","5919017","Improved land",990,970,960,20,30
2022,"Cowichan Valley H, Regional district electoral area","5919017","Total",1080,1055,1040,25,40
2022,"Cowichan Valley H, Regional district electoral area","5919017","Vacant",90,85,80,5,10
2022,"Cowichan Valley I, Regional district electoral area","5919035","Improved land",1100,1075,1045,20,55
2022,"Cowichan Valley I, Regional district electoral area","5919035","Total",1285,1260,1225,25,60
2022,"Cowichan Valley I, Regional district electoral area","5919035","Vacant",190,185,180,5,10
2022,"Cowley, Village","4803016","Improved land",105,0,0,0,0
2022,"Cowley, Village","4803016","Total",120,0,0,0,0
2022,"Cowley, Village","4803016","Vacant",15,0,0,0,0
2022,"Cox's Cove, Town","1005023","Improved land",0,0,0,0,0
2022,"Cox's Cove, Town","1005023","Total",400,385,380,15,20
2022,"Cox's Cove, Town","1005023","Vacant",0,0,0,0,0
2022,"Craik No. 222, Rural municipality","4707091","Improved land",85,0,0,0,0
2022,"Craik No. 222, Rural municipality","4707091","Total",220,0,0,0,0
2022,"Craik No. 222, Rural municipality","4707091","Vacant",135,0,0,0,0
2022,"Craik, Town","4707092","Improved land",210,0,0,0,0
2022,"Craik, Town","4707092","Total",295,0,0,0,0
2022,"Craik, Town","4707092","Vacant",85,0,0,0,0
2022,"Cramahe, Township","3514014","Improved land",2700,2670,2650,30,50
2022,"Cramahe, Township","3514014","Total",3270,3220,3190,50,80
2022,"Cramahe, Township","3514014","Vacant",570,550,540,20,30
2022,"Cranbrook, Census agglomeration (CA)","905","Improved land",10065,9940,9795,140,275
2022,"Cranbrook, Census agglomeration (CA)","905","Total",12060,11880,11730,180,330
2022,"Cranbrook, Census agglomeration (CA)","905","Vacant",1990,1950,1935,40,55
2022,"Cranbrook, City","5901022","Improved land",7455,7360,7265,95,190
2022,"Cranbrook, City","5901022","Total",7905,7800,7700,105,205
2022,"Cranbrook, City","5901022","Vacant",450,440,435,10,15
2022,"Crapaud, Part 1, Fire district","1102018","Improved land",1015,960,920,55,95
2022,"Crapaud, Part 1, Fire district","1102018","Total",1120,1055,1015,60,100
2022,"Crapaud, Part 1, Fire district","1102018","Vacant",105,100,95,5,10
2022,"Crapaud, Part 2, Fire district","1103004","Improved land",385,365,355,15,25
2022,"Crapaud, Part 2, Fire district","1103004","Total",480,455,445,20,30
2022,"Crapaud, Part 2, Fire district","1103004","Vacant",95,90,90,5,5
2022,"Crapaud, Rural municipality","1102034","Improved land",120,115,115,5,5
2022,"Crapaud, Rural municipality","1102034","Total",125,120,120,5,5
2022,"Crapaud, Rural municipality","1102034","Vacant",5,5,5,0,0
2022,"Craven, Village","4706078","Improved land",120,0,0,0,0
2022,"Craven, Village","4706078","Total",145,0,0,0,0
2022,"Craven, Village","4706078","Vacant",25,0,0,0,0
2022,"Creelman, Village","4702079","Improved land",65,0,0,0,0
2022,"Creelman, Village","4702079","Total",100,0,0,0,0
2022,"Creelman, Village","4702079","Vacant",35,0,0,0,0
2022,"Creighton, Town","4718051","Improved land",510,0,0,0,0
2022,"Creighton, Town","4718051","Total",730,0,0,0,0
2022,"Creighton, Town","4718051","Vacant",220,0,0,0,0
2022,"Cremona, Village","4806031","Improved land",150,0,0,0,0
2022,"Cremona, Village","4806031","Total",165,0,0,0,0
2022,"Cremona, Village","4806031","Vacant",15,0,0,0,0
2022,"Creston, Town","5903004","Improved land",2235,2220,2190,20,45
2022,"Creston, Town","5903004","Total",2425,2400,2370,25,55
2022,"Creston, Town","5903004","Vacant",185,180,180,5,5
2022,"Crossfield, Town","4806026","Improved land",1335,0,0,0,0
2022,"Crossfield, Town","4806026","Total",1420,0,0,0,0
2022,"Crossfield, Town","4806026","Vacant",85,0,0,0,0
2022,"Crossroads, Fire district","1102010","Improved land",745,725,710,20,35
2022,"Crossroads, Fire district","1102010","Total",790,770,755,20,35
2022,"Crossroads, Fire district","1102010","Vacant",45,45,45,0,0
2022,"Crow Head, Town","1008029","Improved land",0,0,0,0,0
2022,"Crow Head, Town","1008029","Total",150,140,135,10,15
2022,"Crow Head, Town","1008029","Vacant",0,0,0,0,0
2022,"Crowsnest Pass, Specialized municipality","4815007","Improved land",3350,0,0,0,0
2022,"Crowsnest Pass, Specialized municipality","4815007","Total",4320,0,0,0,0
2022,"Crowsnest Pass, Specialized municipality","4815007","Vacant",970,0,0,0,0
2022,"Crystal Springs, Summer village","4811006","Improved land",165,0,0,0,0
2022,"Crystal Springs, Summer village","4811006","Total",195,0,0,0,0
2022,"Crystal Springs, Summer village","4811006","Vacant",30,0,0,0,0
2022,"Cudworth, Town","4715041","Improved land",340,0,0,0,0
2022,"Cudworth, Town","4715041","Total",390,0,0,0,0
2022,"Cudworth, Town","4715041","Vacant",50,0,0,0,0
2022,"Cumberland House, Northern village","4718005","Improved land",250,0,0,0,0
2022,"Cumberland House, Northern village","4718005","Total",515,0,0,0,0
2022,"Cumberland House, Northern village","4718005","Vacant",265,0,0,0,0
2022,"Cumberland, Subd. A, Subdivision of county municipality","1211001","Improved land",1990,1900,1860,95,135
2022,"Cumberland, Subd. A, Subdivision of county municipality","1211001","Total",2905,2745,2670,160,235
2022,"Cumberland, Subd. A, Subdivision of county municipality","1211001","Vacant",915,840,810,75,105
2022,"Cumberland, Subd. B, Subdivision of county municipality","1211006","Improved land",3200,3125,3070,70,130
2022,"Cumberland, Subd. B, Subdivision of county municipality","1211006","Total",4480,4305,4215,170,265
2022,"Cumberland, Subd. B, Subdivision of county municipality","1211006","Vacant",1280,1180,1145,100,135
2022,"Cumberland, Subd. C, Subdivision of county municipality","1211009","Improved land",3850,3720,3590,130,260
2022,"Cumberland, Subd. C, Subdivision of county municipality","1211009","Total",5275,5060,4870,215,405
2022,"Cumberland, Subd. C, Subdivision of county municipality","1211009","Vacant",1425,1340,1280,85,145
2022,"Cumberland, Subd. D, Subdivision of county municipality","1211014","Improved land",3420,3345,3225,75,195
2022,"Cumberland, Subd. D, Subdivision of county municipality","1211014","Total",5160,4975,4770,185,390
2022,"Cumberland, Subd. D, Subdivision of county municipality","1211014","Vacant",1740,1630,1545,110,195
2022,"Cumberland, Village","5926014","Improved land",1655,1640,1625,15,30
2022,"Cumberland, Village","5926014","Total",1700,1685,1670,15,30
2022,"Cumberland, Village","5926014","Vacant",50,50,50,0,0
2022,"Cupar No. 218, Rural municipality","4706091","Improved land",160,0,0,0,0
2022,"Cupar No. 218, Rural municipality","4706091","Total",255,0,0,0,0
2022,"Cupar No. 218, Rural municipality","4706091","Vacant",95,0,0,0,0
2022,"Cupar, Town","4706094","Improved land",265,0,0,0,0
2022,"Cupar, Town","4706094","Total",315,0,0,0,0
2022,"Cupar, Town","4706094","Vacant",50,0,0,0,0
2022,"Cupids, Town","1001437","Improved land",0,0,0,0,0
2022,"Cupids, Town","1001437","Total",630,615,605,15,25
2022,"Cupids, Town","1001437","Vacant",0,0,0,0,0
2022,"Cut Knife No. 439, Rural municipality","4713096","Improved land",305,0,0,0,0
2022,"Cut Knife No. 439, Rural municipality","4713096","Total",455,0,0,0,0
2022,"Cut Knife No. 439, Rural municipality","4713096","Vacant",150,0,0,0,0
2022,"Cut Knife, Town","4713098","Improved land",20,0,0,0,0
2022,"Cut Knife, Town","4713098","Total",30,0,0,0,0
2022,"Cut Knife, Town","4713098","Vacant",10,0,0,0,0
2022,"Cymri No. 36, Rural municipality","4702037","Improved land",265,0,0,0,0
2022,"Cymri No. 36, Rural municipality","4702037","Total",310,0,0,0,0
2022,"Cymri No. 36, Rural municipality","4702037","Vacant",45,0,0,0,0
2022,"Cypress County, Municipal district","4801003","Improved land",3335,0,0,0,0
2022,"Cypress County, Municipal district","4801003","Total",3760,0,0,0,0
2022,"Cypress County, Municipal district","4801003","Vacant",425,0,0,0,0
2022,"Czar, Village","4807004","Improved land",95,0,0,0,0
2022,"Czar, Village","4807004","Total",130,0,0,0,0
2022,"Czar, Village","4807004","Vacant",35,0,0,0,0
2022,"Dalhousie, Parish","1314008","Improved land",510,500,475,10,35
2022,"Dalhousie, Parish","1314008","Total",675,655,620,20,55
2022,"Dalhousie, Parish","1314008","Vacant",165,155,145,10,20
2022,"Dalhousie, Town","1314017","Improved land",1345,1310,1275,30,70
2022,"Dalhousie, Town","1314017","Total",1640,1585,1540,55,100
2022,"Dalhousie, Town","1314017","Vacant",305,280,275,25,30
2022,"Dalmeny, Town","4711073","Improved land",625,0,0,0,0
2022,"Dalmeny, Town","4711073","Total",690,0,0,0,0
2022,"Dalmeny, Town","4711073","Vacant",65,0,0,0,0
2022,"Daniel's Harbour, Town","1009015","Improved land",0,0,0,0,0
2022,"Daniel's Harbour, Town","1009015","Total",260,250,250,5,5
2022,"Daniel's Harbour, Town","1009015","Vacant",0,0,0,0,0
2022,"Darlington, Rural municipality","1102035","Improved land",40,40,40,0,0
2022,"Darlington, Rural municipality","1102035","Total",45,45,45,0,0
2022,"Darlington, Rural municipality","1102035","Vacant",5,5,5,0,0
2022,"Dauphin, City","4617050","Improved land",3035,3000,2965,40,70
2022,"Dauphin, City","4617050","Total",3225,3180,3150,45,75
2022,"Dauphin, City","4617050","Vacant",190,185,185,5,5
2022,"Dauphin, Rural municipality","4617048","Improved land",1060,1020,995,40,65
2022,"Dauphin, Rural municipality","4617048","Total",1325,1275,1235,50,90
2022,"Dauphin, Rural municipality","4617048","Vacant",265,255,240,10,25
2022,"Davidson, Town","4711014","Improved land",455,0,0,0,0
2022,"Davidson, Town","4711014","Total",535,0,0,0,0
2022,"Davidson, Town","4711014","Vacant",80,0,0,0,0
2022,"Dawn-Euphemia, Township","3538007","Improved land",835,820,815,10,20
2022,"Dawn-Euphemia, Township","3538007","Total",980,945,935,35,40
2022,"Dawn-Euphemia, Township","3538007","Vacant",145,120,120,25,25
2022,"Dawson Creek, Census agglomeration (CA)","975","Improved land",6705,6595,6505,110,200
2022,"Dawson Creek, Census agglomeration (CA)","975","Total",7605,7470,7370,135,235
2022,"Dawson Creek, Census agglomeration (CA)","975","Vacant",900,875,865,25,35
2022,"Dawson Creek, City","5955014","Improved land",4270,4230,4175,40,95
2022,"Dawson Creek, City","5955014","Total",4535,4490,4430,45,105
2022,"Dawson Creek, City","5955014","Vacant",265,260,255,5,10
2022,"Dawson, Town","6001029","Improved land",625,0,0,0,0
2022,"Dawson, Town","6001029","Total",850,0,0,0,0
2022,"Dawson, Town","6001029","Vacant",225,0,0,0,0
2022,"Dawson, Township","3559040","Improved land",300,270,265,30,35
2022,"Dawson, Township","3559040","Total",700,560,545,140,155
2022,"Dawson, Township","3559040","Vacant",400,290,280,110,120
2022,"Daysland, Town","4807039","Improved land",335,0,0,0,0
2022,"Daysland, Town","4807039","Total",350,0,0,0,0
2022,"Daysland, Town","4807039","Vacant",15,0,0,0,0
2022,"De Salaberry, Rural municipality","4602032","Improved land",1420,1400,1380,20,40
2022,"De Salaberry, Rural municipality","4602032","Total",1780,1755,1730,25,50
2022,"De Salaberry, Rural municipality","4602032","Vacant",360,355,350,5,10
2022,"Debden, Village","4716054","Improved land",135,0,0,0,0
2022,"Debden, Village","4716054","Total",185,0,0,0,0
2022,"Debden, Village","4716054","Vacant",50,0,0,0,0
2022,"Deep River, Town","3547096","Improved land",1790,1770,1755,20,35
2022,"Deep River, Town","3547096","Total",1920,1900,1885,20,35
2022,"Deep River, Town","3547096","Vacant",130,130,130,0,0
2022,"Deer Forks No. 232, Rural municipality","4708061","Improved land",30,0,0,0,0
2022,"Deer Forks No. 232, Rural municipality","4708061","Total",130,0,0,0,0
2022,"Deer Forks No. 232, Rural municipality","4708061","Vacant",100,0,0,0,0
2022,"Deer Lake, Town","1005004","Improved land",0,0,0,0,0
2022,"Deer Lake, Town","1005004","Total",2250,2190,2135,60,115
2022,"Deer Lake, Town","1005004","Vacant",0,0,0,0,0
2022,"Delburne, Village","4808004","Improved land",375,0,0,0,0
2022,"Delburne, Village","4808004","Total",460,0,0,0,0
2022,"Delburne, Village","4808004","Vacant",80,0,0,0,0
2022,"Delia, Village","4805034","Improved land",110,0,0,0,0
2022,"Delia, Village","4805034","Total",160,0,0,0,0
2022,"Delia, Village","4805034","Vacant",50,0,0,0,0
2022,"Delisle, Town","4712056","Improved land",420,0,0,0,0
2022,"Delisle, Town","4712056","Total",465,0,0,0,0
2022,"Delisle, Town","4712056","Vacant",50,0,0,0,0
2022,"Deloraine-Winchester, Municipality","4605038","Improved land",860,850,845,10,15
2022,"Deloraine-Winchester, Municipality","4605038","Total",985,975,970,10,25
2022,"Deloraine-Winchester, Municipality","4605038","Vacant",125,125,125,0,0
2022,"Delta, City","5915011","Improved land",32565,32105,31685,465,875
2022,"Delta, City","5915011","Total",32860,32400,31975,460,885
2022,"Delta, City","5915011","Vacant",295,295,290,0,5
2022,"Denare Beach, Northern village","4718049","Improved land",340,0,0,0,0
2022,"Denare Beach, Northern village","4718049","Total",515,0,0,0,0
2022,"Denare Beach, Northern village","4718049","Vacant",175,0,0,0,0
2022,"Denholm, Village","4716002","Improved land",40,0,0,0,0
2022,"Denholm, Village","4716002","Total",55,0,0,0,0
2022,"Denholm, Village","4716002","Vacant",15,0,0,0,0
2022,"Denmark, Parish","1312014","Improved land",730,700,685,30,45
2022,"Denmark, Parish","1312014","Total",1055,1005,970,50,85
2022,"Denmark, Parish","1312014","Vacant",320,300,285,20,35
2022,"Denzil, Village","4713054","Improved land",70,0,0,0,0
2022,"Denzil, Village","4713054","Total",105,0,0,0,0
2022,"Denzil, Village","4713054","Vacant",35,0,0,0,0
2022,"Derby, Parish","1309011","Improved land",470,465,455,5,15
2022,"Derby, Parish","1309011","Total",705,690,670,15,35
2022,"Derby, Parish","1309011","Vacant",235,225,215,10,20
2022,"Deseronto, Town","3512002","Improved land",655,645,640,10,15
2022,"Deseronto, Town","3512002","Total",720,705,695,15,25
2022,"Deseronto, Town","3512002","Vacant",65,60,55,5,10
2022,"Destruction Bay, Settlement","6001049","Improved land",35,0,0,0,0
2022,"Destruction Bay, Settlement","6001049","Total",115,0,0,0,0
2022,"Destruction Bay, Settlement","6001049","Vacant",80,0,0,0,0
2022,"Devon, Town","4811018","Improved land",2420,0,0,0,0
2022,"Devon, Town","4811018","Total",2520,0,0,0,0
2022,"Devon, Town","4811018","Vacant",105,0,0,0,0
2022,"Didsbury, Town","4806032","Improved land",1960,0,0,0,0
2022,"Didsbury, Town","4806032","Total",2030,0,0,0,0
2022,"Didsbury, Town","4806032","Vacant",75,0,0,0,0
2022,"Dieppe, City","1307045","Improved land",8405,8335,8135,70,270
2022,"Dieppe, City","1307045","Total",8870,8790,8590,80,280
2022,"Dieppe, City","1307045","Vacant",465,455,455,10,10
2022,"Digby, Municipal district","1203004","Improved land",4245,3970,3855,275,390
2022,"Digby, Municipal district","1203004","Total",5450,5015,4860,435,590
2022,"Digby, Municipal district","1203004","Vacant",1205,1045,1005,160,200
2022,"Digby, Town","1203006","Improved land",735,715,700,20,45
2022,"Digby, Town","1203006","Total",830,805,790,25,40
2022,"Digby, Town","1203006","Vacant",95,90,90,5,5
2022,"Dilke, Village","4706068","Improved land",50,0,0,0,0
2022,"Dilke, Village","4706068","Total",75,0,0,0,0
2022,"Dilke, Village","4706068","Vacant",25,0,0,0,0
2022,"Dinsmore, Village","4712016","Improved land",165,0,0,0,0
2022,"Dinsmore, Village","4712016","Total",200,0,0,0,0
2022,"Dinsmore, Village","4712016","Vacant",35,0,0,0,0
2022,"Disley, Village","4706054","Improved land",35,0,0,0,0
2022,"Disley, Village","4706054","Total",55,0,0,0,0
2022,"Disley, Village","4706054","Vacant",20,0,0,0,0
2022,"Division No. 1, Subd. D, Subdivision of unorganized","1001565","Improved land",0,0,0,0,0
2022,"Division No. 1, Subd. D, Subdivision of unorganized","1001565","Total",5,5,5,0,0
2022,"Division No. 1, Subd. D, Subdivision of unorganized","1001565","Vacant",0,0,0,0,0
2022,"Division No. 18, Unorganized, East Part, Unorganized","4618091","Improved land",0,0,0,0,0
2022,"Division No. 18, Unorganized, East Part, Unorganized","4618091","Total",0,0,0,0,0
2022,"Division No. 18, Unorganized, East Part, Unorganized","4618091","Vacant",0,0,0,0,0
2022,"Division No. 18, Unorganized, Unorganized","4718090","Improved land",420,0,0,0,0
2022,"Division No. 18, Unorganized, Unorganized","4718090","Total",990,0,0,0,0
2022,"Division No. 18, Unorganized, Unorganized","4718090","Vacant",570,0,0,0,0
2022,"Division No. 19, Unorganized, Unorganized","4619045","Improved land",1615,1515,1485,100,130
2022,"Division No. 19, Unorganized, Unorganized","4619045","Total",2950,2790,2750,160,200
2022,"Division No. 19, Unorganized, Unorganized","4619045","Vacant",1335,1275,1265,60,70
2022,"Division No. 20, Unorganized, North Part, Unorganized","4620069","Improved land",5,0,0,5,5
2022,"Division No. 20, Unorganized, North Part, Unorganized","4620069","Total",5,0,0,5,5
2022,"Division No. 20, Unorganized, North Part, Unorganized","4620069","Vacant",0,0,0,0,0
2022,"Division No. 21, Unorganized, Unorganized","4621078","Improved land",280,260,260,15,20
2022,"Division No. 21, Unorganized, Unorganized","4621078","Total",845,815,810,30,35
2022,"Division No. 21, Unorganized, Unorganized","4621078","Vacant",565,550,550,15,15
2022,"Division No. 22, Unorganized, Unorganized","4622046","Improved land",625,595,585,30,35
2022,"Division No. 22, Unorganized, Unorganized","4622046","Total",1130,1090,1075,40,55
2022,"Division No. 22, Unorganized, Unorganized","4622046","Vacant",505,495,490,10,15
2022,"Division No. 23, Unorganized, Unorganized","4623062","Improved land",45,45,45,0,0
2022,"Division No. 23, Unorganized, Unorganized","4623062","Total",80,80,80,0,0
2022,"Division No. 23, Unorganized, Unorganized","4623062","Vacant",35,35,35,0,0
2022,"Doaktown, Village","1309022","Improved land",395,385,385,10,10
2022,"Doaktown, Village","1309022","Total",655,625,620,30,35
2022,"Doaktown, Village","1309022","Vacant",260,240,235,20,25
2022,"Dodsland, Village","4713029","Improved land",115,0,0,0,0
2022,"Dodsland, Village","4713029","Total",240,0,0,0,0
2022,"Dodsland, Village","4713029","Vacant",125,0,0,0,0
2022,"Donalda, Village","4807029","Improved land",120,0,0,0,0
2022,"Donalda, Village","4807029","Total",150,0,0,0,0
2022,"Donalda, Village","4807029","Vacant",30,0,0,0,0
2022,"Donnelly, Village","4819044","Improved land",145,0,0,0,0
2022,"Donnelly, Village","4819044","Total",170,0,0,0,0
2022,"Donnelly, Village","4819044","Vacant",25,0,0,0,0
2022,"Dorchester, Parish","1307011","Improved land",195,190,190,5,5
2022,"Dorchester, Parish","1307011","Total",295,290,285,5,10
2022,"Dorchester, Parish","1307011","Vacant",100,100,95,0,5
2022,"Dorchester, Village","1307012","Improved land",195,190,185,5,10
2022,"Dorchester, Village","1307012","Total",245,225,220,10,15
2022,"Dorchester, Village","1307012","Vacant",40,35,35,5,5
2022,"Dore Lake, Northern hamlet","4718023","Improved land",40,0,0,0,0
2022,"Dore Lake, Northern hamlet","4718023","Total",90,0,0,0,0
2022,"Dore Lake, Northern hamlet","4718023","Vacant",50,0,0,0,0
2022,"Dorintosh, Village","4717055","Improved land",75,0,0,0,0
2022,"Dorintosh, Village","4717055","Total",115,0,0,0,0
2022,"Dorintosh, Village","4717055","Vacant",40,0,0,0,0
2022,"Dorion, Township","3558034","Improved land",160,160,160,0,0
2022,"Dorion, Township","3558034","Total",315,290,290,25,25
2022,"Dorion, Township","3558034","Vacant",155,130,130,25,25
2022,"Douglas No. 436, Rural municipality","4716023","Improved land",60,0,0,0,0
2022,"Douglas No. 436, Rural municipality","4716023","Total",215,0,0,0,0
2022,"Douglas No. 436, Rural municipality","4716023","Vacant",155,0,0,0,0
2022,"Douglas, Parish","1310028","Improved land",2430,2405,2355,25,75
2022,"Douglas, Parish","1310028","Total",3050,2965,2900,75,140
2022,"Douglas, Parish","1310028","Vacant",610,560,545,50,65
2022,"Douro-Dummer, Township","3515023","Improved land",3610,3530,3490,80,120
2022,"Douro-Dummer, Township","3515023","Total",4170,4070,4020,100,150
2022,"Douro-Dummer, Township","3515023","Vacant",560,540,530,20,30
2022,"Dover, Town","1007057","Improved land",0,0,0,0,0
2022,"Dover, Town","1007057","Total",295,285,285,10,10
2022,"Dover, Town","1007057","Vacant",0,0,0,0,0
2022,"Drake, Village","4711048","Improved land",100,0,0,0,0
2022,"Drake, Village","4711048","Total",105,0,0,0,0
2022,"Drake, Village","4711048","Vacant",5,0,0,0,0
2022,"Drayton Valley, Town","4811031","Improved land",2445,0,0,0,0
2022,"Drayton Valley, Town","4811031","Total",2610,0,0,0,0
2022,"Drayton Valley, Town","4811031","Vacant",165,0,0,0,0
2022,"Drinkwater, Village","4706019","Improved land",35,0,0,0,0
2022,"Drinkwater, Village","4706019","Total",120,0,0,0,0
2022,"Drinkwater, Village","4706019","Vacant",85,0,0,0,0
2022,"Drumheller, Town","4805026","Improved land",3030,0,0,0,0
2022,"Drumheller, Town","4805026","Total",3495,0,0,0,0
2022,"Drumheller, Town","4805026","Vacant",465,0,0,0,0
2022,"Drummond, Parish","1312021","Improved land",925,915,890,10,35
2022,"Drummond, Parish","1312021","Total",1210,1190,1155,20,55
2022,"Drummond, Parish","1312021","Vacant",285,275,265,10,20
2022,"Drummond, Village","1312023","Improved land",290,285,275,5,20
2022,"Drummond, Village","1312023","Total",340,330,315,10,25
2022,"Drummond, Village","1312023","Vacant",45,40,40,5,5
2022,"Drummond/North Elmsley, Township","3509010","Improved land",3550,3500,3475,45,70
2022,"Drummond/North Elmsley, Township","3509010","Total",4290,4225,4185,65,105
2022,"Drummond/North Elmsley, Township","3509010","Vacant",745,725,710,20,35
2022,"Dryden, City","3560027","Improved land",2815,2795,2780,20,35
2022,"Dryden, City","3560027","Total",3275,3245,3225,30,50
2022,"Dryden, City","3560027","Vacant",460,450,445,10,15
2022,"Dubreuilville, Township","3557079","Improved land",285,280,280,5,5
2022,"Dubreuilville, Township","3557079","Total",370,360,360,10,10
2022,"Dubreuilville, Township","3557079","Vacant",85,80,80,5,5
2022,"Dubuc, Village","4705058","Improved land",45,0,0,0,0
2022,"Dubuc, Village","4705058","Total",120,0,0,0,0
2022,"Dubuc, Village","4705058","Vacant",75,0,0,0,0
2022,"Duchess, Village","4802036","Improved land",355,0,0,0,0
2022,"Duchess, Village","4802036","Total",405,0,0,0,0
2022,"Duchess, Village","4802036","Vacant",50,0,0,0,0
2022,"Duck Lake No. 463, Rural municipality","4715061","Improved land",435,0,0,0,0
2022,"Duck Lake No. 463, Rural municipality","4715061","Total",515,0,0,0,0
2022,"Duck Lake No. 463, Rural municipality","4715061","Vacant",80,0,0,0,0
2022,"Duck Lake, Town","4715062","Improved land",215,0,0,0,0
2022,"Duck Lake, Town","4715062","Total",290,0,0,0,0
2022,"Duck Lake, Town","4715062","Vacant",75,0,0,0,0
2022,"Duff, Village","4705068","Improved land",15,0,0,0,0
2022,"Duff, Village","4705068","Total",40,0,0,0,0
2022,"Duff, Village","4705068","Vacant",25,0,0,0,0
2022,"Dufferin No. 190, Rural municipality","4706059","Improved land",215,0,0,0,0
2022,"Dufferin No. 190, Rural municipality","4706059","Total",355,0,0,0,0
2022,"Dufferin No. 190, Rural municipality","4706059","Vacant",150,0,0,0,0
2022,"Dufferin, Parish","1302031","Improved land",295,285,275,10,20
2022,"Dufferin, Parish","1302031","Total",380,355,340,25,40
2022,"Dufferin, Parish","1302031","Vacant",85,70,65,15,20
2022,"Dufferin, Rural municipality","4603072","Improved land",825,815,800,10,20
2022,"Dufferin, Rural municipality","4603072","Total",935,925,905,15,30
2022,"Dufferin, Rural municipality","4603072","Vacant",110,105,100,5,10
2022,"Dumbarton, Parish","1302044","Improved land",250,240,235,10,15
2022,"Dumbarton, Parish","1302044","Total",370,350,340,20,30
2022,"Dumbarton, Parish","1302044","Vacant",120,110,105,10,15
2022,"Dumfries, Parish","1310014","Improved land",370,360,345,15,25
2022,"Dumfries, Parish","1310014","Total",530,510,485,25,45
2022,"Dumfries, Parish","1310014","Vacant",160,150,140,10,20
2022,"Duncan, Census agglomeration (CA)","937","Improved land",16180,15965,15775,210,410
2022,"Duncan, Census agglomeration (CA)","937","Total",17435,17180,16970,255,465
2022,"Duncan, Census agglomeration (CA)","937","Vacant",1260,1215,1205,45,55
2022,"Duncan, City","5919012","Improved land",1885,1865,1840,20,45
2022,"Duncan, City","5919012","Total",1900,1880,1860,20,45
2022,"Duncan, City","5919012","Vacant",15,15,15,0,0
2022,"Dundas, Parish","1308001","Improved land",2545,2470,2385,75,165
2022,"Dundas, Parish","1308001","Total",3950,3805,3655,150,300
2022,"Dundas, Parish","1308001","Vacant",1405,1335,1270,70,135
2022,"Dundurn No. 314, Rural municipality","4711061","Improved land",660,0,0,0,0
2022,"Dundurn No. 314, Rural municipality","4711061","Total",1250,0,0,0,0
2022,"Dundurn No. 314, Rural municipality","4711061","Vacant",590,0,0,0,0
2022,"Dundurn, Town","4711063","Improved land",260,0,0,0,0
2022,"Dundurn, Town","4711063","Total",470,0,0,0,0
2022,"Dundurn, Town","4711063","Vacant",210,0,0,0,0
2022,"Dunnottar, Village","4613049","Improved land",1175,1140,1110,35,65
2022,"Dunnottar, Village","4613049","Total",1360,1320,1290,40,70
2022,"Dunnottar, Village","4613049","Vacant",185,180,180,5,5
2022,"Durham, Parish","1314001","Improved land",580,565,550,10,30
2022,"Durham, Parish","1314001","Total",855,825,805,30,50
2022,"Durham, Parish","1314001","Vacant",275,260,255,15,20
2022,"Dutton/Dunwich, Municipality","3534030","Improved land",1530,1515,1505,15,25
2022,"Dutton/Dunwich, Municipality","3534030","Total",1710,1695,1680,15,30
2022,"Dutton/Dunwich, Municipality","3534030","Vacant",180,180,175,0,5
2022,"Duval, Village","4711002","Improved land",55,0,0,0,0
2022,"Duval, Village","4711002","Total",85,0,0,0,0
2022,"Duval, Village","4711002","Vacant",30,0,0,0,0
2022,"Dysart et al, Municipality","3546024","Improved land",7040,6835,6710,205,330
2022,"Dysart et al, Municipality","3546024","Total",9720,9415,9230,305,490
2022,"Dysart et al, Municipality","3546024","Vacant",2680,2580,2520,100,160
2022,"Dysart, Village","4706097","Improved land",100,0,0,0,0
2022,"Dysart, Village","4706097","Total",115,0,0,0,0
2022,"Dysart, Village","4706097","Vacant",15,0,0,0,0
2022,"Eagle Creek No. 376, Rural municipality","4712064","Improved land",205,0,0,0,0
2022,"Eagle Creek No. 376, Rural municipality","4712064","Total",330,0,0,0,0
2022,"Eagle Creek No. 376, Rural municipality","4712064","Vacant",135,0,0,0,0
2022,"Ear Falls, Township","3560032","Improved land",420,395,395,25,25
2022,"Ear Falls, Township","3560032","Total",630,595,595,35,35
2022,"Ear Falls, Township","3560032","Vacant",210,200,200,10,10
2022,"Earl Grey, Village","4706079","Improved land",135,0,0,0,0
2022,"Earl Grey, Village","4706079","Total",225,0,0,0,0
2022,"Earl Grey, Village","4706079","Vacant",90,0,0,0,0
2022,"East Ferris, Municipality","3548034","Improved land",2095,2065,2045,30,50
2022,"East Ferris, Municipality","3548034","Total",2675,2635,2610,40,65
2022,"East Ferris, Municipality","3548034","Vacant",580,570,565,10,15
2022,"East Garafraxa, Township","3522001","Improved land",945,935,930,10,15
2022,"East Garafraxa, Township","3522001","Total",1050,1040,1030,10,20
2022,"East Garafraxa, Township","3522001","Vacant",105,105,100,0,5
2022,"East Gwillimbury, Town","3519054","Improved land",11415,11265,11165,150,245
2022,"East Gwillimbury, Town","3519054","Total",13365,13195,13095,170,270
2022,"East Gwillimbury, Town","3519054","Vacant",1950,1935,1925,15,25
2022,"East Hants, Municipal district","1208008","Improved land",9460,9310,9160,150,300
2022,"East Hants, Municipal district","1208008","Total",11500,11260,11060,240,440
2022,"East Hants, Municipal district","1208008","Vacant",2040,1950,1900,90,140
2022,"East Hawkesbury, Township","3502001","Improved land",1410,1395,1370,15,40
2022,"East Hawkesbury, Township","3502001","Total",1705,1685,1655,20,50
2022,"East Hawkesbury, Township","3502001","Vacant",295,290,285,5,10
2022,"East Kootenay A, Regional district electoral area","5901017","Improved land",1170,1100,1045,75,125
2022,"East Kootenay A, Regional district electoral area","5901017","Total",1940,1870,1810,80,130
2022,"East Kootenay A, Regional district electoral area","5901017","Vacant",770,770,765,0,5
2022,"East Kootenay B, Regional district electoral area","5901019","Improved land",1200,1185,1165,15,35
2022,"East Kootenay B, Regional district electoral area","5901019","Total",3960,3945,3915,15,45
2022,"East Kootenay B, Regional district electoral area","5901019","Vacant",2760,2760,2750,0,10
2022,"East Kootenay C, Regional district electoral area","5901035","Improved land",2615,2575,2530,45,85
2022,"East Kootenay C, Regional district electoral area","5901035","Total",4155,4080,4030,75,125
2022,"East Kootenay C, Regional district electoral area","5901035","Vacant",1540,1510,1500,30,40
2022,"East Kootenay E, Regional district electoral area","5901037","Improved land",1055,1025,990,30,65
2022,"East Kootenay E, Regional district electoral area","5901037","Total",2045,2000,1965,40,80
2022,"East Kootenay E, Regional district electoral area","5901037","Vacant",990,980,975,10,15
2022,"East Kootenay F, Regional district electoral area","5901046","Improved land",4600,4450,4285,145,310
2022,"East Kootenay F, Regional district electoral area","5901046","Total",5940,5755,5575,185,365
2022,"East Kootenay F, Regional district electoral area","5901046","Vacant",1345,1305,1290,40,55
2022,"East Kootenay G, Regional district electoral area","5901048","Improved land",935,900,880,35,55
2022,"East Kootenay G, Regional district electoral area","5901048","Total",2055,2010,1980,45,75
2022,"East Kootenay G, Regional district electoral area","5901048","Vacant",1120,1110,1100,10,20
2022,"East River, Part 1, Fire district","1102064","Improved land",1235,1170,1135,55,90
2022,"East River, Part 1, Fire district","1102064","Total",1330,1265,1225,55,95
2022,"East River, Part 1, Fire district","1102064","Vacant",95,95,90,0,5
2022,"East River, Part 2, Fire district","1101052","Improved land",365,340,330,25,30
2022,"East River, Part 2, Fire district","1101052","Total",400,375,365,25,35
2022,"East River, Part 2, Fire district","1101052","Vacant",35,35,35,0,0
2022,"East St. Paul, Rural municipality","4613032","Improved land",3540,3520,3505,20,35
2022,"East St. Paul, Rural municipality","4613032","Total",3910,3885,3865,25,45
2022,"East St. Paul, Rural municipality","4613032","Vacant",370,365,360,5,10
2022,"East Zorra-Tavistock, Township","3532038","Improved land",2580,2575,2565,5,15
2022,"East Zorra-Tavistock, Township","3532038","Total",2830,2825,2815,5,15
2022,"East Zorra-Tavistock, Township","3532038","Vacant",250,250,250,0,0
2022,"Eastend, Town","4704026","Improved land",315,0,0,0,0
2022,"Eastend, Town","4704026","Total",355,0,0,0,0
2022,"Eastend, Town","4704026","Vacant",40,0,0,0,0
2022,"Eastern Kings, Rural municipality","1101040","Improved land",600,530,505,70,95
2022,"Eastern Kings, Rural municipality","1101040","Total",695,615,585,80,110
2022,"Eastern Kings, Rural municipality","1101040","Vacant",95,85,80,10,15
2022,"Eastport, Town","1007042","Improved land",0,0,0,0,0
2022,"Eastport, Town","1007042","Total",470,460,450,10,20
2022,"Eastport, Town","1007042","Vacant",0,0,0,0,0
2022,"Eatonia, Town","4708068","Improved land",230,0,0,0,0
2022,"Eatonia, Town","4708068","Total",255,0,0,0,0
2022,"Eatonia, Town","4708068","Vacant",25,0,0,0,0
2022,"Ebenezer, Village","4709014","Improved land",80,0,0,0,0
2022,"Ebenezer, Village","4709014","Total",105,0,0,0,0
2022,"Ebenezer, Village","4709014","Vacant",25,0,0,0,0
2022,"Echo Bay, Resort village","4716060","Improved land",5,0,0,0,0
2022,"Echo Bay, Resort village","4716060","Total",115,0,0,0,0
2022,"Echo Bay, Resort village","4716060","Vacant",110,0,0,0,0
2022,"Eckville, Town","4808024","Improved land",435,0,0,0,0
2022,"Eckville, Town","4808024","Total",475,0,0,0,0
2022,"Eckville, Town","4808024","Vacant",35,0,0,0,0
2022,"Edam, Village","4717011","Improved land",205,0,0,0,0
2022,"Edam, Village","4717011","Total",250,0,0,0,0
2022,"Edam, Village","4717011","Vacant",45,0,0,0,0
2022,"Edberg, Village","4810006","Improved land",65,0,0,0,0
2022,"Edberg, Village","4810006","Total",85,0,0,0,0
2022,"Edberg, Village","4810006","Vacant",20,0,0,0,0
2022,"Edenwold No. 158, Rural municipality","4706029","Improved land",1490,0,0,0,0
2022,"Edenwold No. 158, Rural municipality","4706029","Total",1725,0,0,0,0
2022,"Edenwold No. 158, Rural municipality","4706029","Vacant",235,0,0,0,0
2022,"Edenwold, Village","4706033","Improved land",100,0,0,0,0
2022,"Edenwold, Village","4706033","Total",125,0,0,0,0
2022,"Edenwold, Village","4706033","Vacant",25,0,0,0,0
2022,"Edgerton, Village","4807052","Improved land",185,0,0,0,0
2022,"Edgerton, Village","4807052","Total",220,0,0,0,0
2022,"Edgerton, Village","4807052","Vacant",35,0,0,0,0
2022,"Edmonton, Census metropolitan area (CMA)","835","Improved land",483620,0,0,0,0
2022,"Edmonton, Census metropolitan area (CMA)","835","Total",501295,0,0,0,0
2022,"Edmonton, Census metropolitan area (CMA)","835","Vacant",17675,0,0,0,0
2022,"Edmonton, City","4811061","Improved land",337305,0,0,0,0
2022,"Edmonton, City","4811061","Total",346385,0,0,0,0
2022,"Edmonton, City","4811061","Vacant",9080,0,0,0,0
2022,"Edmundston, Census agglomeration (CA)","335","Improved land",8355,8275,7995,85,355
2022,"Edmundston, Census agglomeration (CA)","335","Total",9850,9705,9400,145,450
2022,"Edmundston, Census agglomeration (CA)","335","Vacant",1490,1430,1400,60,90
2022,"Edmundston, City","1313027","Improved land",5830,5785,5580,55,250
2022,"Edmundston, City","1313027","Total",6545,6475,6265,70,280
2022,"Edmundston, City","1313027","Vacant",715,700,685,15,30
2022,"Edson, Town","4814024","Improved land",2750,0,0,0,0
2022,"Edson, Town","4814024","Total",2840,0,0,0,0
2022,"Edson, Town","4814024","Vacant",90,0,0,0,0
2022,"Edwardsburgh/Cardinal, Township","3507004","Improved land",2890,2860,2840,25,45
2022,"Edwardsburgh/Cardinal, Township","3507004","Total",3590,3550,3520,40,70
2022,"Edwardsburgh/Cardinal, Township","3507004","Vacant",705,690,680,15,25
2022,"Eel River Crossing, Village","1314011","Improved land",855,840,820,15,35
2022,"Eel River Crossing, Village","1314011","Total",1085,1065,1040,20,45
2022,"Eel River Crossing, Village","1314011","Vacant",230,225,220,5,10
2022,"Elbow, Village","4711019","Improved land",270,0,0,0,0
2022,"Elbow, Village","4711019","Total",380,0,0,0,0
2022,"Elbow, Village","4711019","Vacant",110,0,0,0,0
2022,"Elcapo No. 154, Rural municipality","4705028","Improved land",215,0,0,0,0
2022,"Elcapo No. 154, Rural municipality","4705028","Total",230,0,0,0,0
2022,"Elcapo No. 154, Rural municipality","4705028","Vacant",15,0,0,0,0
2022,"Eldon No. 471, Rural municipality","4717017","Improved land",295,0,0,0,0
2022,"Eldon No. 471, Rural municipality","4717017","Total",305,0,0,0,0
2022,"Eldon No. 471, Rural municipality","4717017","Vacant",10,0,0,0,0
2022,"Eldon, Parish","1314016","Improved land",410,395,380,15,30
2022,"Eldon, Parish","1314016","Total",625,595,570,30,55
2022,"Eldon, Parish","1314016","Vacant",215,200,190,15,25
2022,"Elfros No. 307, Rural municipality","4710041","Improved land",220,0,0,0,0
2022,"Elfros No. 307, Rural municipality","4710041","Total",305,0,0,0,0
2022,"Elfros No. 307, Rural municipality","4710041","Vacant",85,0,0,0,0
2022,"Elfros, Village","4710043","Improved land",70,0,0,0,0
2022,"Elfros, Village","4710043","Total",165,0,0,0,0
2022,"Elfros, Village","4710043","Vacant",95,0,0,0,0
2022,"Elgin, Parish","1306008","Improved land",815,795,765,25,55
2022,"Elgin, Parish","1306008","Total",1385,1325,1275,60,110
2022,"Elgin, Parish","1306008","Vacant",565,530,510,35,55
2022,"Elizabethtown-Kitley, Township","3507014","Improved land",3830,3780,3750,50,80
2022,"Elizabethtown-Kitley, Township","3507014","Total",4475,4400,4350,75,125
2022,"Elizabethtown-Kitley, Township","3507014","Vacant",645,620,600,25,45
2022,"Elk Point, Town","4812016","Improved land",635,0,0,0,0
2022,"Elk Point, Town","4812016","Total",780,0,0,0,0
2022,"Elk Point, Town","4812016","Vacant",145,0,0,0,0
2022,"Elkford, District municipality","5901003","Improved land",1420,1390,1370,30,50
2022,"Elkford, District municipality","5901003","Total",1705,1660,1640,45,65
2022,"Elkford, District municipality","5901003","Vacant",285,270,270,15,15
2022,"Ellice-Archie, Rural municipality","4615047","Improved land",400,395,390,10,10
2022,"Ellice-Archie, Rural municipality","4615047","Total",480,465,465,15,15
2022,"Ellice-Archie, Rural municipality","4615047","Vacant",80,75,75,5,5
2022,"Elliot Lake, Census agglomeration (CA)","582","Improved land",4440,4380,4355,60,85
2022,"Elliot Lake, Census agglomeration (CA)","582","Total",4800,4740,4715,60,85
2022,"Elliot Lake, Census agglomeration (CA)","582","Vacant",360,360,360,0,0
2022,"Elliot Lake, City","3557041","Improved land",4440,4380,4355,60,85
2022,"Elliot Lake, City","3557041","Total",4800,4740,4715,60,85
2022,"Elliot Lake, City","3557041","Vacant",360,360,360,0,0
2022,"Elliston, Town","1007020","Improved land",0,0,0,0,0
2022,"Elliston, Town","1007020","Total",370,350,345,20,25
2022,"Elliston, Town","1007020","Vacant",0,0,0,0,0
2022,"Elmsthorpe No. 100, Rural municipality","4702061","Improved land",45,0,0,0,0
2022,"Elmsthorpe No. 100, Rural municipality","4702061","Total",195,0,0,0,0
2022,"Elmsthorpe No. 100, Rural municipality","4702061","Vacant",150,0,0,0,0
2022,"Elnora, Village","4808002","Improved land",145,0,0,0,0
2022,"Elnora, Village","4808002","Total",190,0,0,0,0
2022,"Elnora, Village","4808002","Vacant",45,0,0,0,0
2022,"Elrose, Town","4708094","Improved land",225,0,0,0,0
2022,"Elrose, Town","4708094","Total",260,0,0,0,0
2022,"Elrose, Town","4708094","Vacant",35,0,0,0,0
2022,"Elton, Rural municipality","4607071","Improved land",495,485,480,10,15
2022,"Elton, Rural municipality","4607071","Total",560,545,540,15,20
2022,"Elton, Rural municipality","4607071","Vacant",65,60,60,5,5
2022,"Embree, Town","1008043","Improved land",0,0,0,0,0
2022,"Embree, Town","1008043","Total",375,355,350,20,25
2022,"Embree, Town","1008043","Vacant",0,0,0,0,0
2022,"Emerald No. 277, Rural municipality","4710031","Improved land",170,0,0,0,0
2022,"Emerald No. 277, Rural municipality","4710031","Total",330,0,0,0,0
2022,"Emerald No. 277, Rural municipality","4710031","Vacant",160,0,0,0,0
2022,"Emerson-Franklin, Municipality","4602024","Improved land",1105,1075,1055,30,50
2022,"Emerson-Franklin, Municipality","4602024","Total",1485,1445,1420,40,65
2022,"Emerson-Franklin, Municipality","4602024","Vacant",380,370,365,10,15
2022,"Emo, Township","3559019","Improved land",490,490,485,0,10
2022,"Emo, Township","3559019","Total",755,725,715,30,40
2022,"Emo, Township","3559019","Vacant",260,230,230,30,30
2022,"Empress, Village","4804006","Improved land",115,0,0,0,0
2022,"Empress, Village","4804006","Total",265,0,0,0,0
2022,"Empress, Village","4804006","Vacant",150,0,0,0,0
2022,"Endeavour, Village","4709065","Improved land",85,0,0,0,0
2022,"Endeavour, Village","4709065","Total",135,0,0,0,0
2022,"Endeavour, Village","4709065","Vacant",50,0,0,0,0
2022,"Enderby, City","5937033","Improved land",1205,1185,1175,10,25
2022,"Enderby, City","5937033","Total",1235,1220,1210,10,25
2022,"Enderby, City","5937033","Vacant",35,35,35,0,0
2022,"Enfield No. 194, Rural municipality","4707053","Improved land",30,0,0,0,0
2022,"Enfield No. 194, Rural municipality","4707053","Total",155,0,0,0,0
2022,"Enfield No. 194, Rural municipality","4707053","Vacant",125,0,0,0,0
2022,"Englee, Town","1009004","Improved land",0,0,0,0,0
2022,"Englee, Town","1009004","Total",335,330,325,5,10
2022,"Englee, Town","1009004","Vacant",0,0,0,0,0
2022,"Englefeld, Village","4715002","Improved land",115,0,0,0,0
2022,"Englefeld, Village","4715002","Total",145,0,0,0,0
2022,"Englefeld, Village","4715002","Vacant",30,0,0,0,0
2022,"Englehart, Town","3554052","Improved land",580,575,570,5,10
2022,"Englehart, Town","3554052","Total",655,645,640,10,15
2022,"Englehart, Town","3554052","Vacant",75,70,70,5,5
2022,"Enniskillen No. 3, Rural municipality","4701011","Improved land",190,0,0,0,0
2022,"Enniskillen No. 3, Rural municipality","4701011","Total",300,0,0,0,0
2022,"Enniskillen No. 3, Rural municipality","4701011","Vacant",110,0,0,0,0
2022,"Enniskillen, Township","3538016","Improved land",1055,1045,1045,10,10
2022,"Enniskillen, Township","3538016","Total",1095,1090,1090,10,10
2022,"Enniskillen, Township","3538016","Vacant",45,45,45,0,0
2022,"Enterprise No. 142, Rural municipality","4708021","Improved land",5,0,0,0,0
2022,"Enterprise No. 142, Rural municipality","4708021","Total",85,0,0,0,0
2022,"Enterprise No. 142, Rural municipality","4708021","Vacant",80,0,0,0,0
2022,"Erin, Town","3523017","Improved land",4070,4050,4020,20,50
2022,"Erin, Town","3523017","Total",4410,4385,4350,25,60
2022,"Erin, Town","3523017","Vacant",340,335,330,5,10
2022,"Ernfold, Village","4707028","Improved land",20,0,0,0,0
2022,"Ernfold, Village","4707028","Total",45,0,0,0,0
2022,"Ernfold, Village","4707028","Vacant",25,0,0,0,0
2022,"Espanola, Town","3552026","Improved land",2005,1990,1980,15,30
2022,"Espanola, Town","3552026","Total",2345,2325,2310,20,35
2022,"Espanola, Town","3552026","Vacant",340,335,330,5,10
2022,"Esquimalt, District municipality","5917040","Improved land",5030,4965,4890,65,145
2022,"Esquimalt, District municipality","5917040","Total",5060,5000,4915,65,150
2022,"Esquimalt, District municipality","5917040","Vacant",30,30,25,0,5
2022,"Essa, Census agglomeration (CA)","563","Improved land",6900,6855,6815,45,85
2022,"Essa, Census agglomeration (CA)","563","Total",7295,7245,7195,50,100
2022,"Essa, Census agglomeration (CA)","563","Vacant",395,390,380,5,15
2022,"Essa, Township","3543021","Improved land",6900,6855,6815,45,85
2022,"Essa, Township","3543021","Total",7295,7245,7195,50,100
2022,"Essa, Township","3543021","Vacant",395,390,380,5,15
2022,"Essex, Town","3537016","Improved land",7670,7525,7465,150,205
2022,"Essex, Town","3537016","Total",8200,8025,7965,175,235
2022,"Essex, Town","3537016","Vacant",525,500,500,25,25
2022,"Esterhazy, Town","4705052","Improved land",1035,0,0,0,0
2022,"Esterhazy, Town","4705052","Total",1205,0,0,0,0
2022,"Esterhazy, Town","4705052","Vacant",170,0,0,0,0
2022,"Estevan No. 5, Rural municipality","4701022","Improved land",500,0,0,0,0
2022,"Estevan No. 5, Rural municipality","4701022","Total",615,0,0,0,0
2022,"Estevan No. 5, Rural municipality","4701022","Vacant",115,0,0,0,0
2022,"Estevan, Census agglomeration (CA)","750","Improved land",4980,0,0,0,0
2022,"Estevan, Census agglomeration (CA)","750","Total",5535,0,0,0,0
2022,"Estevan, Census agglomeration (CA)","750","Vacant",555,0,0,0,0
2022,"Estevan, City","4701024","Improved land",4150,0,0,0,0
2022,"Estevan, City","4701024","Total",4560,0,0,0,0
2022,"Estevan, City","4701024","Vacant",410,0,0,0,0
2022,"Eston, Town","4708076","Improved land",475,0,0,0,0
2022,"Eston, Town","4708076","Total",555,0,0,0,0
2022,"Eston, Town","4708076","Vacant",80,0,0,0,0
2022,"Ethelbert, Municipality","4617064","Improved land",395,380,375,15,20
2022,"Ethelbert, Municipality","4617064","Total",555,535,525,20,30
2022,"Ethelbert, Municipality","4617064","Vacant",160,155,150,5,10
2022,"Etters Beach, Resort village","4711007","Improved land",25,0,0,0,0
2022,"Etters Beach, Resort village","4711007","Total",30,0,0,0,0
2022,"Etters Beach, Resort village","4711007","Vacant",5,0,0,0,0
2022,"Evanturel, Township","3554049","Improved land",190,185,185,5,5
2022,"Evanturel, Township","3554049","Total",250,240,240,10,10
2022,"Evanturel, Township","3554049","Vacant",60,55,55,5,5
2022,"Excel No. 71, Rural municipality","4703029","Improved land",100,0,0,0,0
2022,"Excel No. 71, Rural municipality","4703029","Total",380,0,0,0,0
2022,"Excel No. 71, Rural municipality","4703029","Vacant",280,0,0,0,0
2022,"Excelsior No. 166, Rural municipality","4707021","Improved land",240,0,0,0,0
2022,"Excelsior No. 166, Rural municipality","4707021","Total",290,0,0,0,0
2022,"Excelsior No. 166, Rural municipality","4707021","Vacant",50,0,0,0,0
2022,"Eye Hill No. 382, Rural municipality","4713049","Improved land",160,0,0,0,0
2022,"Eye Hill No. 382, Rural municipality","4713049","Total",320,0,0,0,0
2022,"Eye Hill No. 382, Rural municipality","4713049","Vacant",160,0,0,0,0
2022,"Eyebrow No. 193, Rural municipality","4707047","Improved land",100,0,0,0,0
2022,"Eyebrow No. 193, Rural municipality","4707047","Total",205,0,0,0,0
2022,"Eyebrow No. 193, Rural municipality","4707047","Vacant",105,0,0,0,0
2022,"Eyebrow, Village","4707049","Improved land",80,0,0,0,0
2022,"Eyebrow, Village","4707049","Total",100,0,0,0,0
2022,"Eyebrow, Village","4707049","Vacant",20,0,0,0,0
2022,"Fairlight, Village","4701098","Improved land",25,0,0,0,0
2022,"Fairlight, Village","4701098","Total",70,0,0,0,0
2022,"Fairlight, Village","4701098","Vacant",45,0,0,0,0
2022,"Fairview No. 136, Municipal district","4819066","Improved land",680,0,0,0,0
2022,"Fairview No. 136, Municipal district","4819066","Total",825,0,0,0,0
2022,"Fairview No. 136, Municipal district","4819066","Vacant",145,0,0,0,0
2022,"Fairview, Town","4819068","Improved land",1180,0,0,0,0
2022,"Fairview, Town","4819068","Total",1315,0,0,0,0
2022,"Fairview, Town","4819068","Vacant",135,0,0,0,0
2022,"Falher, Town","4819046","Improved land",375,0,0,0,0
2022,"Falher, Town","4819046","Total",435,0,0,0,0
2022,"Falher, Town","4819046","Vacant",60,0,0,0,0
2022,"Faraday, Township","3512058","Improved land",1350,1315,1295,35,55
2022,"Faraday, Township","3512058","Total",1840,1790,1760,50,80
2022,"Faraday, Township","3512058","Vacant",490,475,465,15,25
2022,"Faro, Town","6001004","Improved land",265,0,0,0,0
2022,"Faro, Town","6001004","Total",385,0,0,0,0
2022,"Faro, Town","6001004","Vacant",120,0,0,0,0
2022,"Fauquier-Strickland, Township","3556052","Improved land",255,250,250,5,5
2022,"Fauquier-Strickland, Township","3556052","Total",425,400,395,25,30
2022,"Fauquier-Strickland, Township","3556052","Vacant",170,150,145,20,25
2022,"Fenwood, Village","4705071","Improved land",35,0,0,0,0
2022,"Fenwood, Village","4705071","Total",65,0,0,0,0
2022,"Fenwood, Village","4705071","Vacant",30,0,0,0,0
2022,"Fermeuse, Town","1001136","Improved land",0,0,0,0,0
2022,"Fermeuse, Town","1001136","Total",275,260,260,15,15
2022,"Fermeuse, Town","1001136","Vacant",0,0,0,0,0
2022,"Fernie, City","5901012","Improved land",2850,2730,2640,120,210
2022,"Fernie, City","5901012","Total",3065,2935,2835,135,230
2022,"Fernie, City","5901012","Vacant",215,205,195,10,20
2022,"Ferryland, Town","1001149","Improved land",0,0,0,0,0
2022,"Ferryland, Town","1001149","Total",410,395,385,15,25
2022,"Ferryland, Town","1001149","Vacant",0,0,0,0,0
2022,"Fertile Belt No. 183, Rural municipality","4705051","Improved land",400,0,0,0,0
2022,"Fertile Belt No. 183, Rural municipality","4705051","Total",490,0,0,0,0
2022,"Fertile Belt No. 183, Rural municipality","4705051","Vacant",90,0,0,0,0
2022,"Fertile Valley No. 285, Rural municipality","4712020","Improved land",105,0,0,0,0
2022,"Fertile Valley No. 285, Rural municipality","4712020","Total",370,0,0,0,0
2022,"Fertile Valley No. 285, Rural municipality","4712020","Vacant",265,0,0,0,0
2022,"Fillmore No. 96, Rural municipality","4702076","Improved land",130,0,0,0,0
2022,"Fillmore No. 96, Rural municipality","4702076","Total",130,0,0,0,0
2022,"Fillmore No. 96, Rural municipality","4702076","Vacant",0,0,0,0,0
2022,"Fillmore, Village","4702078","Improved land",145,0,0,0,0
2022,"Fillmore, Village","4702078","Total",205,0,0,0,0
2022,"Fillmore, Village","4702078","Vacant",60,0,0,0,0
2022,"Findlater, Village","4706062","Improved land",40,0,0,0,0
2022,"Findlater, Village","4706062","Total",100,0,0,0,0
2022,"Findlater, Village","4706062","Vacant",60,0,0,0,0
2022,"Fish Creek No. 402, Rural municipality","4715036","Improved land",110,0,0,0,0
2022,"Fish Creek No. 402, Rural municipality","4715036","Total",170,0,0,0,0
2022,"Fish Creek No. 402, Rural municipality","4715036","Vacant",60,0,0,0,0
2022,"Fisher, Rural municipality","4618068","Improved land",750,735,730,10,20
2022,"Fisher, Rural municipality","4618068","Total",995,980,965,15,30
2022,"Fisher, Rural municipality","4618068","Vacant",245,240,235,5,10
2022,"Flagstaff County, Municipal district","4807031","Improved land",1485,0,0,0,0
2022,"Flagstaff County, Municipal district","4807031","Total",1610,0,0,0,0
2022,"Flagstaff County, Municipal district","4807031","Vacant",135,0,0,0,0
2022,"Flatrock, Town","1001507","Improved land",0,0,0,0,0
2022,"Flatrock, Town","1001507","Total",995,960,945,40,50
2022,"Flatrock, Town","1001507","Vacant",0,0,0,0,0
2022,"Flaxcombe, Village","4713009","Improved land",60,0,0,0,0
2022,"Flaxcombe, Village","4713009","Total",95,0,0,0,0
2022,"Flaxcombe, Village","4713009","Vacant",35,0,0,0,0
2022,"Fleming, Town","4705002","Improved land",45,0,0,0,0
2022,"Fleming, Town","4705002","Total",215,0,0,0,0
2022,"Fleming, Town","4705002","Vacant",170,0,0,0,0
2022,"Flett's Springs No. 429, Rural municipality","4715051","Improved land",270,0,0,0,0
2022,"Flett's Springs No. 429, Rural municipality","4715051","Total",325,0,0,0,0
2022,"Flett's Springs No. 429, Rural municipality","4715051","Vacant",55,0,0,0,0
2022,"Fleur de Lys, Town","1008075","Improved land",0,0,0,0,0
2022,"Fleur de Lys, Town","1008075","Total",195,185,185,10,10
2022,"Fleur de Lys, Town","1008075","Vacant",0,0,0,0,0
2022,"Flin Flon (Part), City","4621064","Improved land",1985,1945,1935,40,50
2022,"Flin Flon (Part), City","4621064","Total",2355,2305,2295,50,60
2022,"Flin Flon (Part), City","4621064","Vacant",370,360,360,10,10
2022,"Flin Flon (Part), City","4718052","Improved land",105,0,0,0,0
2022,"Flin Flon (Part), City","4718052","Total",130,0,0,0,0
2022,"Flin Flon (Part), City","4718052","Vacant",25,0,0,0,0
2022,"Florenceville-Bristol, Town","1311027","Improved land",570,560,550,10,25
2022,"Florenceville-Bristol, Town","1311027","Total",745,735,715,10,30
2022,"Florenceville-Bristol, Town","1311027","Vacant",175,175,170,0,5
2022,"Flower's Cove, Town","1009024","Improved land",0,0,0,0,0
2022,"Flower's Cove, Town","1009024","Total",180,180,175,0,5
2022,"Flower's Cove, Town","1009024","Vacant",0,0,0,0,0
2022,"Foam Lake No. 276, Rural municipality","4710036","Improved land",295,0,0,0,0
2022,"Foam Lake No. 276, Rural municipality","4710036","Total",440,0,0,0,0
2022,"Foam Lake No. 276, Rural municipality","4710036","Vacant",145,0,0,0,0
2022,"Foam Lake, Town","4710038","Improved land",535,0,0,0,0
2022,"Foam Lake, Town","4710038","Total",670,0,0,0,0
2022,"Foam Lake, Town","4710038","Vacant",135,0,0,0,0
2022,"Fogo Island, Town","1008099","Improved land",0,0,0,0,0
2022,"Fogo Island, Town","1008099","Total",1530,1480,1460,50,80
2022,"Fogo Island, Town","1008099","Vacant",0,0,0,0,0
2022,"Foothills County, Municipal district","4806001","Improved land",9385,0,0,0,0
2022,"Foothills County, Municipal district","4806001","Total",9870,0,0,0,0
2022,"Foothills County, Municipal district","4806001","Vacant",485,0,0,0,0
2022,"Foremost, Village","4801009","Improved land",250,0,0,0,0
2022,"Foremost, Village","4801009","Total",280,0,0,0,0
2022,"Foremost, Village","4801009","Vacant",30,0,0,0,0
2022,"Forestburg, Village","4807036","Improved land",405,0,0,0,0
2022,"Forestburg, Village","4807036","Total",415,0,0,0,0
2022,"Forestburg, Village","4807036","Vacant",10,0,0,0,0
2022,"Forget, Village","4701064","Improved land",30,0,0,0,0
2022,"Forget, Village","4701064","Total",70,0,0,0,0
2022,"Forget, Village","4701064","Vacant",40,0,0,0,0
2022,"Fort Erie, Town","3526003","Improved land",13985,13065,12940,925,1045
2022,"Fort Erie, Town","3526003","Total",15970,14865,14725,1105,1245
2022,"Fort Erie, Town","3526003","Vacant",1985,1805,1785,180,200
2022,"Fort Frances, Town","3559012","Improved land",2950,2910,2890,35,60
2022,"Fort Frances, Town","3559012","Total",3210,3170,3140,40,70
2022,"Fort Frances, Town","3559012","Vacant",260,255,250,5,10
2022,"Fort Macleod, Town","4803019","Improved land",1270,0,0,0,0
2022,"Fort Macleod, Town","4803019","Total",1380,0,0,0,0
2022,"Fort Macleod, Town","4803019","Vacant",110,0,0,0,0
2022,"Fort Qu'Appelle, Town","4706051","Improved land",850,0,0,0,0
2022,"Fort Qu'Appelle, Town","4706051","Total",1095,0,0,0,0
2022,"Fort Qu'Appelle, Town","4706051","Vacant",245,0,0,0,0
2022,"Fort San, Resort village","4706045","Improved land",150,0,0,0,0
2022,"Fort San, Resort village","4706045","Total",215,0,0,0,0
2022,"Fort San, Resort village","4706045","Vacant",65,0,0,0,0
2022,"Fort Saskatchewan, City","4811056","Improved land",9810,0,0,0,0
2022,"Fort Saskatchewan, City","4811056","Total",10165,0,0,0,0
2022,"Fort Saskatchewan, City","4811056","Vacant",355,0,0,0,0
2022,"Fort St. James, District municipality","5951013","Improved land",590,580,570,15,25
2022,"Fort St. James, District municipality","5951013","Total",720,705,690,15,25
2022,"Fort St. James, District municipality","5951013","Vacant",125,125,120,0,5
2022,"Fort St. John, Census agglomeration (CA)","977","Improved land",9715,9525,9430,185,290
2022,"Fort St. John, Census agglomeration (CA)","977","Total",10540,10345,10240,195,300
2022,"Fort St. John, Census agglomeration (CA)","977","Vacant",830,820,810,10,20
2022,"Fort St. John, City","5955034","Improved land",7035,6915,6845,125,195
2022,"Fort St. John, City","5955034","Total",7505,7380,7300,125,205
2022,"Fort St. John, City","5955034","Vacant",465,465,455,0,10
2022,"Forteau, Town","1010005","Improved land",0,0,0,0,0
2022,"Forteau, Town","1010005","Total",195,180,180,15,15
2022,"Forteau, Town","1010005","Vacant",0,0,0,0,0
2022,"Fortune, Town","1002018","Improved land",0,0,0,0,0
2022,"Fortune, Town","1002018","Total",785,760,750,25,35
2022,"Fortune, Town","1002018","Vacant",0,0,0,0,0
2022,"Forty Mile County No. 8, Municipal district","4801008","Improved land",1065,0,0,0,0
2022,"Forty Mile County No. 8, Municipal district","4801008","Total",1555,0,0,0,0
2022,"Forty Mile County No. 8, Municipal district","4801008","Vacant",490,0,0,0,0
2022,"Fosston, Village","4714025","Improved land",35,0,0,0,0
2022,"Fosston, Village","4714025","Total",75,0,0,0,0
2022,"Fosston, Village","4714025","Vacant",40,0,0,0,0
2022,"Fox Creek, Town","4818002","Improved land",735,0,0,0,0
2022,"Fox Creek, Town","4818002","Total",775,0,0,0,0
2022,"Fox Creek, Town","4818002","Vacant",40,0,0,0,0
2022,"Fox Valley No. 171, Rural municipality","4708024","Improved land",10,0,0,0,0
2022,"Fox Valley No. 171, Rural municipality","4708024","Total",90,0,0,0,0
2022,"Fox Valley No. 171, Rural municipality","4708024","Vacant",80,0,0,0,0
2022,"Fox Valley, Village","4708026","Improved land",125,0,0,0,0
2022,"Fox Valley, Village","4708026","Total",150,0,0,0,0
2022,"Fox Valley, Village","4708026","Vacant",25,0,0,0,0
2022,"Francis No. 127, Rural municipality","4706004","Improved land",270,0,0,0,0
2022,"Francis No. 127, Rural municipality","4706004","Total",280,0,0,0,0
2022,"Francis No. 127, Rural municipality","4706004","Vacant",10,0,0,0,0
2022,"Francis, Town","4706009","Improved land",80,0,0,0,0
2022,"Francis, Town","4706009","Total",105,0,0,0,0
2022,"Francis, Town","4706009","Vacant",25,0,0,0,0
2022,"Fraser Lake, Village","5951009","Improved land",335,330,325,5,10
2022,"Fraser Lake, Village","5951009","Total",390,385,380,5,10
2022,"Fraser Lake, Village","5951009","Vacant",55,55,55,0,0
2022,"Fraser Valley A, Regional district electoral area","5909014","Improved land",235,225,215,10,20
2022,"Fraser Valley A, Regional district electoral area","5909014","Total",345,330,315,15,30
2022,"Fraser Valley A, Regional district electoral area","5909014","Vacant",110,105,100,5,10
2022,"Fraser Valley B, Regional district electoral area","5909016","Improved land",530,510,490,20,40
2022,"Fraser Valley B, Regional district electoral area","5909016","Total",785,760,735,25,50
2022,"Fraser Valley B, Regional district electoral area","5909016","Vacant",255,250,245,5,10
2022,"Fraser Valley C, Regional district electoral area","5909048","Improved land",1080,1060,1020,20,60
2022,"Fraser Valley C, Regional district electoral area","5909048","Total",1480,1445,1390,35,90
2022,"Fraser Valley C, Regional district electoral area","5909048","Vacant",400,385,370,15,30
2022,"Fraser Valley D, Regional district electoral area","5909034","Improved land",640,630,620,10,20
2022,"Fraser Valley D, Regional district electoral area","5909034","Total",730,720,710,10,20
2022,"Fraser Valley D, Regional district electoral area","5909034","Vacant",90,90,90,0,0
2022,"Fraser Valley E, Regional district electoral area","5909036","Improved land",630,620,610,10,20
2022,"Fraser Valley E, Regional district electoral area","5909036","Total",675,665,655,10,20
2022,"Fraser Valley E, Regional district electoral area","5909036","Vacant",45,45,45,0,0
2022,"Fraser Valley F, Regional district electoral area","5909060","Improved land",750,710,680,25,60
2022,"Fraser Valley F, Regional district electoral area","5909060","Total",880,850,815,30,65
2022,"Fraser Valley F, Regional district electoral area","5909060","Vacant",140,135,135,5,5
2022,"Fraser Valley G, Regional district electoral area","5909062","Improved land",510,500,480,10,30
2022,"Fraser Valley G, Regional district electoral area","5909062","Total",550,540,515,15,35
2022,"Fraser Valley G, Regional district electoral area","5909062","Vacant",40,40,35,0,5
2022,"Fraser Valley H, Regional district electoral area","5909035","Improved land",1345,1310,1280,35,65
2022,"Fraser Valley H, Regional district electoral area","5909035","Total",1460,1425,1390,35,70
2022,"Fraser Valley H, Regional district electoral area","5909035","Vacant",115,115,110,0,5
2022,"Fraser-Fort George A, Regional district electoral area","5953038","Improved land",1515,1500,1480,15,35
2022,"Fraser-Fort George A, Regional district electoral area","5953038","Total",2395,2360,2335,35,60
2022,"Fraser-Fort George A, Regional district electoral area","5953038","Vacant",880,860,855,20,25
2022,"Fraser-Fort George C, Regional district electoral area","5953042","Improved land",1595,1585,1565,10,30
2022,"Fraser-Fort George C, Regional district electoral area","5953042","Total",2550,2530,2510,20,40
2022,"Fraser-Fort George C, Regional district electoral area","5953042","Vacant",955,945,945,10,10
2022,"Fraser-Fort George D, Regional district electoral area","5953044","Improved land",1665,1635,1620,30,50
2022,"Fraser-Fort George D, Regional district electoral area","5953044","Total",1895,1860,1840,35,55
2022,"Fraser-Fort George D, Regional district electoral area","5953044","Vacant",225,220,220,5,5
2022,"Fraser-Fort George E, Regional district electoral area","5953046","Improved land",230,225,220,5,10
2022,"Fraser-Fort George E, Regional district electoral area","5953046","Total",315,305,300,10,15
2022,"Fraser-Fort George E, Regional district electoral area","5953046","Vacant",85,80,80,5,5
2022,"Fraser-Fort George F, Regional district electoral area","5953048","Improved land",715,695,680,25,40
2022,"Fraser-Fort George F, Regional district electoral area","5953048","Total",2690,2640,2615,50,75
2022,"Fraser-Fort George F, Regional district electoral area","5953048","Vacant",1975,1950,1940,25,35
2022,"Fraser-Fort George G, Regional district electoral area","5953050","Improved land",410,405,395,5,15
2022,"Fraser-Fort George G, Regional district electoral area","5953050","Total",5665,5610,5595,55,70
2022,"Fraser-Fort George G, Regional district electoral area","5953050","Vacant",5255,5205,5200,50,55
2022,"Fraser-Fort George H, Regional district electoral area","5953019","Improved land",780,750,735,30,45
2022,"Fraser-Fort George H, Regional district electoral area","5953019","Total",1330,1285,1260,45,70
2022,"Fraser-Fort George H, Regional district electoral area","5953019","Vacant",550,535,525,15,25
2022,"Fredericton Junction, Village","1303006","Improved land",290,285,280,5,10
2022,"Fredericton Junction, Village","1303006","Total",375,365,360,10,15
2022,"Fredericton Junction, Village","1303006","Vacant",85,80,80,5,5
2022,"Fredericton, Census metropolitan area (CMA)","320","Improved land",35065,34610,33985,455,1075
2022,"Fredericton, Census metropolitan area (CMA)","320","Total",40305,39665,38945,640,1360
2022,"Fredericton, Census metropolitan area (CMA)","320","Vacant",5240,5055,4960,185,280
2022,"Fredericton, City","1310032","Improved land",17345,17150,16870,200,475
2022,"Fredericton, City","1310032","Total",18325,18115,17825,210,500
2022,"Fredericton, City","1310032","Vacant",975,965,955,10,20
2022,"French River, Municipality","3552001","Improved land",2245,2165,2130,85,120
2022,"French River, Municipality","3552001","Total",2955,2850,2800,105,155
2022,"French River, Municipality","3552001","Vacant",705,685,670,20,35
2022,"Frenchman Butte No. 501, Rural municipality","4717032","Improved land",490,0,0,0,0
2022,"Frenchman Butte No. 501, Rural municipality","4717032","Total",610,0,0,0,0
2022,"Frenchman Butte No. 501, Rural municipality","4717032","Vacant",120,0,0,0,0
2022,"Frenchman's Cove, Town","1002017","Improved land",0,0,0,0,0
2022,"Frenchman's Cove, Town","1002017","Total",165,155,145,10,20
2022,"Frenchman's Cove, Town","1002017","Vacant",0,0,0,0,0
2022,"Frobisher, Village","4701017","Improved land",80,0,0,0,0
2022,"Frobisher, Village","4701017","Total",100,0,0,0,0
2022,"Frobisher, Village","4701017","Vacant",20,0,0,0,0
2022,"Front of Yonge, Township","3507017","Improved land",1210,1185,1175,25,35
2022,"Front of Yonge, Township","3507017","Total",1480,1435,1420,45,60
2022,"Front of Yonge, Township","3507017","Vacant",270,250,245,20,25
2022,"Frontenac Islands, Township","3510005","Improved land",1335,1210,1190,125,140
2022,"Frontenac Islands, Township","3510005","Total",1800,1620,1590,180,210
2022,"Frontenac Islands, Township","3510005","Vacant",465,410,400,55,65
2022,"Frontier No. 19, Rural municipality","4704011","Improved land",30,0,0,0,0
2022,"Frontier No. 19, Rural municipality","4704011","Total",150,0,0,0,0
2022,"Frontier No. 19, Rural municipality","4704011","Vacant",120,0,0,0,0
2022,"Frontier, Village","4704012","Improved land",160,0,0,0,0
2022,"Frontier, Village","4704012","Total",215,0,0,0,0
2022,"Frontier, Village","4704012","Vacant",55,0,0,0,0
2022,"Fruitvale, Village","5905005","Improved land",750,745,740,5,10
2022,"Fruitvale, Village","5905005","Total",785,780,775,5,10
2022,"Fruitvale, Village","5905005","Vacant",35,35,35,0,0
2022,"Gagetown, Parish","1304004","Improved land",160,155,155,5,5
2022,"Gagetown, Parish","1304004","Total",235,220,220,15,15
2022,"Gagetown, Parish","1304004","Vacant",75,65,65,10,10
2022,"Gagetown, Village","1304005","Improved land",355,345,340,10,15
2022,"Gagetown, Village","1304005","Total",500,485,475,15,25
2022,"Gagetown, Village","1304005","Vacant",145,140,135,5,10
2022,"Gainsborough, Village","4701002","Improved land",135,0,0,0,0
2022,"Gainsborough, Village","4701002","Total",185,0,0,0,0
2022,"Gainsborough, Village","4701002","Vacant",50,0,0,0,0
2022,"Gambo, Town","1007047","Improved land",0,0,0,0,0
2022,"Gambo, Town","1007047","Total",1020,1010,1000,10,20
2022,"Gambo, Town","1007047","Vacant",0,0,0,0,0
2022,"Gananoque, Town","3507024","Improved land",2020,1995,1985,25,35
2022,"Gananoque, Town","3507024","Total",2115,2090,2080,25,35
2022,"Gananoque, Town","3507024","Vacant",95,95,95,0,0
2022,"Gander, Census agglomeration (CA)","11","Improved land",0,0,0,0,0
2022,"Gander, Census agglomeration (CA)","11","Total",5015,4945,4850,70,165
2022,"Gander, Census agglomeration (CA)","11","Vacant",0,0,0,0,0
2022,"Gander, Town","1006009","Improved land",0,0,0,0,0
2022,"Gander, Town","1006009","Total",4275,4210,4130,65,145
2022,"Gander, Town","1006009","Vacant",0,0,0,0,0
2022,"Garden River No. 490, Rural municipality","4715079","Improved land",300,0,0,0,0
2022,"Garden River No. 490, Rural municipality","4715079","Total",305,0,0,0,0
2022,"Garden River No. 490, Rural municipality","4715079","Vacant",5,0,0,0,0
2022,"Garnish, Town","1002021","Improved land",0,0,0,0,0
2022,"Garnish, Town","1002021","Total",365,345,335,20,30
2022,"Garnish, Town","1002021","Vacant",0,0,0,0,0
2022,"Garry No. 245, Rural municipality","4709019","Improved land",115,0,0,0,0
2022,"Garry No. 245, Rural municipality","4709019","Total",300,0,0,0,0
2022,"Garry No. 245, Rural municipality","4709019","Vacant",185,0,0,0,0
2022,"Gaskiers-Point La Haye, Town","1001174","Improved land",0,0,0,0,0
2022,"Gaskiers-Point La Haye, Town","1001174","Total",265,255,250,10,15
2022,"Gaskiers-Point La Haye, Town","1001174","Vacant",0,0,0,0,0
2022,"Gauthier, Township","3554066","Improved land",75,75,75,0,0
2022,"Gauthier, Township","3554066","Total",495,490,485,5,10
2022,"Gauthier, Township","3554066","Vacant",420,415,410,5,10
2022,"Georgian Bay, Township","3544065","Improved land",5390,5140,5020,250,370
2022,"Georgian Bay, Township","3544065","Total",7175,6880,6750,295,425
2022,"Georgian Bay, Township","3544065","Vacant",1785,1740,1730,45,55
2022,"Georgian Bluffs, Township","3542053","Improved land",4995,4955,4915,50,80
2022,"Georgian Bluffs, Township","3542053","Total",6140,6065,6025,75,115
2022,"Georgian Bluffs, Township","3542053","Vacant",1145,1120,1110,25,35
2022,"Georgina, Town","3519070","Improved land",17555,17295,17155,255,395
2022,"Georgina, Town","3519070","Total",20005,19695,19530,310,475
2022,"Georgina, Town","3519070","Vacant",2455,2400,2375,55,80
2022,"Gerald, Village","4705044","Improved land",65,0,0,0,0
2022,"Gerald, Village","4705044","Total",100,0,0,0,0
2022,"Gerald, Village","4705044","Vacant",35,0,0,0,0
2022,"Ghost Lake, Summer village","4815027","Improved land",85,0,0,0,0
2022,"Ghost Lake, Summer village","4815027","Total",100,0,0,0,0
2022,"Ghost Lake, Summer village","4815027","Vacant",15,0,0,0,0
2022,"Gibbons, Town","4811064","Improved land",1175,0,0,0,0
2022,"Gibbons, Town","4811064","Total",1245,0,0,0,0
2022,"Gibbons, Town","4811064","Vacant",70,0,0,0,0
2022,"Gibsons, Town","5929005","Improved land",2120,2065,2025,55,105
2022,"Gibsons, Town","5929005","Total",2240,2180,2130,60,110
2022,"Gibsons, Town","5929005","Vacant",115,110,105,5,10
2022,"Gilbert Plains, Municipality","4617054","Improved land",705,690,680,15,25
2022,"Gilbert Plains, Municipality","4617054","Total",790,770,760,20,30
2022,"Gilbert Plains, Municipality","4617054","Vacant",85,80,80,5,5
2022,"Gillam, Town","4623022","Improved land",315,310,310,5,5
2022,"Gillam, Town","4623022","Total",385,380,380,5,5
2022,"Gillam, Town","4623022","Vacant",70,70,70,0,0
2022,"Gillams, Town","1005015","Improved land",0,0,0,0,0
2022,"Gillams, Town","1005015","Total",255,250,245,5,10
2022,"Gillams, Town","1005015","Vacant",0,0,0,0,0
2022,"Gillies, Township","3558012","Improved land",205,200,200,5,5
2022,"Gillies, Township","3558012","Total",320,310,305,10,15
2022,"Gillies, Township","3558012","Vacant",115,110,105,5,5
2022,"Gimli, Rural municipality","4618031","Improved land",4575,4475,4415,100,155
2022,"Gimli, Rural municipality","4618031","Total",6010,5855,5780,155,225
2022,"Gimli, Rural municipality","4618031","Vacant",1435,1375,1365,60,70
2022,"Gjoa Haven, Hamlet","6208081","Improved land",0,0,0,0,0
2022,"Gjoa Haven, Hamlet","6208081","Total",375,370,370,5,5
2022,"Gjoa Haven, Hamlet","6208081","Vacant",0,0,0,0,0
2022,"Gladstone, Parish","1303004","Improved land",310,300,290,10,20
2022,"Gladstone, Parish","1303004","Total",425,410,395,15,25
2022,"Gladstone, Parish","1303004","Vacant",115,110,110,5,5
2022,"Glaslyn, Village","4717048","Improved land",175,0,0,0,0
2022,"Glaslyn, Village","4717048","Total",210,0,0,0,0
2022,"Glaslyn, Village","4717048","Vacant",35,0,0,0,0
2022,"Glen Bain No. 105, Rural municipality","4703064","Improved land",40,0,0,0,0
2022,"Glen Bain No. 105, Rural municipality","4703064","Total",125,0,0,0,0
2022,"Glen Bain No. 105, Rural municipality","4703064","Vacant",85,0,0,0,0
2022,"Glen Ewen, Village","4701012","Improved land",70,0,0,0,0
2022,"Glen Ewen, Village","4701012","Total",105,0,0,0,0
2022,"Glen Ewen, Village","4701012","Vacant",35,0,0,0,0
2022,"Glen Harbour, Resort village","4706080","Improved land",80,0,0,0,0
2022,"Glen Harbour, Resort village","4706080","Total",135,0,0,0,0
2022,"Glen Harbour, Resort village","4706080","Vacant",55,0,0,0,0
2022,"Glen McPherson No. 46, Rural municipality","4703016","Improved land",5,0,0,0,0
2022,"Glen McPherson No. 46, Rural municipality","4703016","Total",50,0,0,0,0
2022,"Glen McPherson No. 46, Rural municipality","4703016","Vacant",45,0,0,0,0
2022,"Glenavon, Village","4705021","Improved land",120,0,0,0,0
2022,"Glenavon, Village","4705021","Total",170,0,0,0,0
2022,"Glenavon, Village","4705021","Vacant",50,0,0,0,0
2022,"Glenboro-South Cypress, Municipality","4607039","Improved land",540,535,530,5,10
2022,"Glenboro-South Cypress, Municipality","4607039","Total",610,600,595,10,15
2022,"Glenboro-South Cypress, Municipality","4607039","Vacant",70,65,65,5,5
2022,"Glendon, Village","4812012","Improved land",210,0,0,0,0
2022,"Glendon, Village","4812012","Total",260,0,0,0,0
2022,"Glendon, Village","4812012","Vacant",50,0,0,0,0
2022,"Glenelg, Parish","1309004","Improved land",725,710,695,20,35
2022,"Glenelg, Parish","1309004","Total",1030,990,965,40,65
2022,"Glenelg, Parish","1309004","Vacant",300,280,270,20,30
2022,"Glenella-Lansdowne, Municipality","4608055","Improved land",455,445,440,10,15
2022,"Glenella-Lansdowne, Municipality","4608055","Total",595,580,575,15,20
2022,"Glenella-Lansdowne, Municipality","4608055","Vacant",140,135,135,5,5
2022,"Glenside No. 377, Rural municipality","4712069","Improved land",45,0,0,0,0
2022,"Glenside No. 377, Rural municipality","4712069","Total",135,0,0,0,0
2022,"Glenside No. 377, Rural municipality","4712069","Vacant",90,0,0,0,0
2022,"Glenside, Village","4711029","Improved land",30,0,0,0,0
2022,"Glenside, Village","4711029","Total",75,0,0,0,0
2022,"Glenside, Village","4711029","Vacant",45,0,0,0,0
2022,"Glenwood, Town","1006012","Improved land",0,0,0,0,0
2022,"Glenwood, Town","1006012","Total",415,415,405,0,10
2022,"Glenwood, Town","1006012","Vacant",0,0,0,0,0
2022,"Glenwood, Village","4803006","Improved land",115,0,0,0,0
2022,"Glenwood, Village","4803006","Total",185,0,0,0,0
2022,"Glenwood, Village","4803006","Vacant",70,0,0,0,0
2022,"Glovertown, Town","1007044","Improved land",0,0,0,0,0
2022,"Glovertown, Town","1007044","Total",1175,1160,1145,15,30
2022,"Glovertown, Town","1007044","Vacant",0,0,0,0,0
2022,"Goderich, Town","3540028","Improved land",2970,2955,2945,15,25
2022,"Goderich, Town","3540028","Total",3100,3080,3070,20,30
2022,"Goderich, Town","3540028","Vacant",130,125,125,5,5
2022,"Gold River, Village","5924025","Improved land",585,570,565,15,20
2022,"Gold River, Village","5924025","Total",670,650,645,20,25
2022,"Gold River, Village","5924025","Vacant",85,80,80,5,5
2022,"Golden Days, Summer village","4811023","Improved land",295,0,0,0,0
2022,"Golden Days, Summer village","4811023","Total",345,0,0,0,0
2022,"Golden Days, Summer village","4811023","Vacant",50,0,0,0,0
2022,"Golden Prairie, Village","4708018","Improved land",30,0,0,0,0
2022,"Golden Prairie, Village","4708018","Total",80,0,0,0,0
2022,"Golden Prairie, Village","4708018","Vacant",50,0,0,0,0
2022,"Golden West No. 95, Rural municipality","4701069","Improved land",75,0,0,0,0
2022,"Golden West No. 95, Rural municipality","4701069","Total",195,0,0,0,0
2022,"Golden West No. 95, Rural municipality","4701069","Vacant",130,0,0,0,0
2022,"Golden, Town","5939007","Improved land",1370,1350,1320,20,55
2022,"Golden, Town","5939007","Total",1505,1480,1445,25,60
2022,"Golden, Town","5939007","Vacant",135,130,130,5,5
2022,"Good Lake No. 274, Rural municipality","4709029","Improved land",485,0,0,0,0
2022,"Good Lake No. 274, Rural municipality","4709029","Total",825,0,0,0,0
2022,"Good Lake No. 274, Rural municipality","4709029","Vacant",340,0,0,0,0
2022,"Goodeve, Village","4705069","Improved land",65,0,0,0,0
2022,"Goodeve, Village","4705069","Total",125,0,0,0,0
2022,"Goodeve, Village","4705069","Vacant",60,0,0,0,0
2022,"Goodsoil, Village","4717066","Improved land",120,0,0,0,0
2022,"Goodsoil, Village","4717066","Total",200,0,0,0,0
2022,"Goodsoil, Village","4717066","Vacant",80,0,0,0,0
2022,"Goodwater, Village","4702036","Improved land",20,0,0,0,0
2022,"Goodwater, Village","4702036","Total",45,0,0,0,0
2022,"Goodwater, Village","4702036","Vacant",25,0,0,0,0
2022,"Goose Cove East, Town","1009039","Improved land",0,0,0,0,0
2022,"Goose Cove East, Town","1009039","Total",110,105,105,5,5
2022,"Goose Cove East, Town","1009039","Vacant",0,0,0,0,0
2022,"Gordon, Parish","1312008","Improved land",785,760,745,25,40
2022,"Gordon, Parish","1312008","Total",1120,1080,1055,40,65
2022,"Gordon, Parish","1312008","Vacant",335,320,310,15,25
2022,"Gordon/Barrie Island, Municipality","3551027","Improved land",715,675,655,40,60
2022,"Gordon/Barrie Island, Municipality","3551027","Total",1270,1115,1075,155,195
2022,"Gordon/Barrie Island, Municipality","3551027","Vacant",555,440,420,115,135
2022,"Gore Bay, Town","3551026","Improved land",325,325,320,0,5
2022,"Gore Bay, Town","3551026","Total",425,420,415,0,5
2022,"Gore Bay, Town","3551026","Vacant",95,95,95,0,0
2022,"Govan, Town","4711004","Improved land",145,0,0,0,0
2022,"Govan, Town","4711004","Total",210,0,0,0,0
2022,"Govan, Town","4711004","Vacant",65,0,0,0,0
2022,"Grahamdale, Rural municipality","4618060","Improved land",870,845,815,20,50
2022,"Grahamdale, Rural municipality","4618060","Total",1340,1295,1250,45,90
2022,"Grahamdale, Rural municipality","4618060","Vacant",475,450,435,25,40
2022,"Grand Bank, Town","1002019","Improved land",0,0,0,0,0
2022,"Grand Bank, Town","1002019","Total",1305,1295,1280,10,25
2022,"Grand Bank, Town","1002019","Vacant",0,0,0,0,0
2022,"Grand Bay-Westfield, Town","1305015","Improved land",1910,1890,1855,20,55
2022,"Grand Bay-Westfield, Town","1305015","Total",2400,2360,2320,40,80
2022,"Grand Bay-Westfield, Town","1305015","Vacant",490,470,465,20,25
2022,"Grand Coulee, Town","4706028","Improved land",205,0,0,0,0
2022,"Grand Coulee, Town","4706028","Total",210,0,0,0,0
2022,"Grand Coulee, Town","4706028","Vacant",5,0,0,0,0
2022,"Grand Falls, Parish","1312016","Improved land",480,470,460,10,20
2022,"Grand Falls, Parish","1312016","Total",705,680,670,20,35
2022,"Grand Falls, Parish","1312016","Vacant",225,215,210,10,15
2022,"Grand Falls, Town","1312019","Improved land",1895,1865,1815,30,75
2022,"Grand Falls, Town","1312019","Total",2185,2150,2095,35,90
2022,"Grand Falls, Town","1312019","Vacant",290,285,275,5,15
2022,"Grand Falls-Windsor, Census agglomeration (CA)","10","Improved land",0,0,0,0,0
2022,"Grand Falls-Windsor, Census agglomeration (CA)","10","Total",5400,5300,5145,100,255
2022,"Grand Falls-Windsor, Census agglomeration (CA)","10","Vacant",0,0,0,0,0
2022,"Grand Falls-Windsor, Town","1006017","Improved land",0,0,0,0,0
2022,"Grand Falls-Windsor, Town","1006017","Total",5400,5300,5145,100,255
2022,"Grand Falls-Windsor, Town","1006017","Vacant",0,0,0,0,0
2022,"Grand Forks, City","5905032","Improved land",1750,1725,1695,30,50
2022,"Grand Forks, City","5905032","Total",2250,2205,2175,45,70
2022,"Grand Forks, City","5905032","Vacant",500,485,480,15,20
2022,"Grand Manan, Parish","1302001","Improved land",110,80,80,25,30
2022,"Grand Manan, Parish","1302001","Total",175,135,130,40,45
2022,"Grand Manan, Parish","1302001","Vacant",65,50,50,15,15
2022,"Grand Manan, Village","1302052","Improved land",1365,1240,1200,130,170
2022,"Grand Manan, Village","1302052","Total",2090,1830,1770,260,320
2022,"Grand Manan, Village","1302052","Vacant",720,590,570,130,150
2022,"Grand Rapids, Town","4621025","Improved land",145,135,135,0,5
2022,"Grand Rapids, Town","4621025","Total",245,240,235,5,10
2022,"Grand Rapids, Town","4621025","Vacant",110,105,105,5,5
2022,"Grand Valley, Town","3522010","Improved land",1420,1405,1395,15,25
2022,"Grand Valley, Town","3522010","Total",1560,1540,1525,20,35
2022,"Grand Valley, Town","3522010","Vacant",140,135,130,5,10
2022,"Grande Prairie County No. 1, Municipal district","4819006","Improved land",8730,0,0,0,0
2022,"Grande Prairie County No. 1, Municipal district","4819006","Total",10185,0,0,0,0
2022,"Grande Prairie County No. 1, Municipal district","4819006","Vacant",1455,0,0,0,0
2022,"Grande Prairie, Census agglomeration (CA)","850","Improved land",21615,0,0,0,0
2022,"Grande Prairie, Census agglomeration (CA)","850","Total",22490,0,0,0,0
2022,"Grande Prairie, Census agglomeration (CA)","850","Vacant",880,0,0,0,0
2022,"Grande Prairie, City","4819012","Improved land",21615,0,0,0,0
2022,"Grande Prairie, City","4819012","Total",22490,0,0,0,0
2022,"Grande Prairie, City","4819012","Vacant",880,0,0,0,0
2022,"Grande-Anse, Village","1315038","Improved land",375,370,345,5,30
2022,"Grande-Anse, Village","1315038","Total",635,625,590,10,45
2022,"Grande-Anse, Village","1315038","Vacant",260,255,245,5,15
2022,"Grandview Beach, Resort village","4706069","Improved land",40,0,0,0,0
2022,"Grandview Beach, Resort village","4706069","Total",95,0,0,0,0
2022,"Grandview Beach, Resort village","4706069","Vacant",55,0,0,0,0
2022,"Grandview No. 349, Rural municipality","4713032","Improved land",75,0,0,0,0
2022,"Grandview No. 349, Rural municipality","4713032","Total",240,0,0,0,0
2022,"Grandview No. 349, Rural municipality","4713032","Vacant",165,0,0,0,0
2022,"Grandview, Municipality","4617058","Improved land",710,705,695,5,15
2022,"Grandview, Municipality","4617058","Total",870,855,845,5,15
2022,"Grandview, Municipality","4617058","Vacant",150,150,150,0,0
2022,"Grandview, Summer village","4811004","Improved land",215,0,0,0,0
2022,"Grandview, Summer village","4811004","Total",250,0,0,0,0
2022,"Grandview, Summer village","4811004","Vacant",35,0,0,0,0
2022,"Granisle, Village","5951032","Improved land",285,270,260,15,25
2022,"Granisle, Village","5951032","Total",400,375,360,25,40
2022,"Granisle, Village","5951032","Vacant",115,105,100,10,15
2022,"Grant No. 372, Rural municipality","4715014","Improved land",230,0,0,0,0
2022,"Grant No. 372, Rural municipality","4715014","Total",270,0,0,0,0
2022,"Grant No. 372, Rural municipality","4715014","Vacant",40,0,0,0,0
2022,"Grass Lake No. 381, Rural municipality","4713056","Improved land",55,0,0,0,0
2022,"Grass Lake No. 381, Rural municipality","4713056","Total",235,0,0,0,0
2022,"Grass Lake No. 381, Rural municipality","4713056","Vacant",180,0,0,0,0
2022,"Grassland, Municipality","4605062","Improved land",630,620,615,5,10
2022,"Grassland, Municipality","4605062","Total",860,840,835,20,25
2022,"Grassland, Municipality","4605062","Vacant",230,220,220,15,15
2022,"Grassy Creek No. 78, Rural municipality","4704034","Improved land",80,0,0,0,0
2022,"Grassy Creek No. 78, Rural municipality","4704034","Total",145,0,0,0,0
2022,"Grassy Creek No. 78, Rural municipality","4704034","Vacant",65,0,0,0,0
2022,"Gravelbourg No. 104, Rural municipality","4703068","Improved land",105,0,0,0,0
2022,"Gravelbourg No. 104, Rural municipality","4703068","Total",225,0,0,0,0
2022,"Gravelbourg No. 104, Rural municipality","4703068","Vacant",120,0,0,0,0
2022,"Gravelbourg, Town","4703071","Improved land",430,0,0,0,0
2022,"Gravelbourg, Town","4703071","Total",470,0,0,0,0
2022,"Gravelbourg, Town","4703071","Vacant",40,0,0,0,0
2022,"Gravenhurst, Town","3544002","Improved land",7765,7580,7475,185,290
2022,"Gravenhurst, Town","3544002","Total",10085,9820,9675,265,410
2022,"Gravenhurst, Town","3544002","Vacant",2320,2240,2200,80,120
2022,"Grayson No. 184, Rural municipality","4705057","Improved land",285,0,0,0,0
2022,"Grayson No. 184, Rural municipality","4705057","Total",420,0,0,0,0
2022,"Grayson No. 184, Rural municipality","4705057","Vacant",135,0,0,0,0
2022,"Grayson, Village","4705059","Improved land",105,0,0,0,0
2022,"Grayson, Village","4705059","Total",155,0,0,0,0
2022,"Grayson, Village","4705059","Vacant",50,0,0,0,0
2022,"Great Bend No. 405, Rural municipality","4716008","Improved land",210,0,0,0,0
2022,"Great Bend No. 405, Rural municipality","4716008","Total",230,0,0,0,0
2022,"Great Bend No. 405, Rural municipality","4716008","Vacant",20,0,0,0,0
2022,"Greater Madawaska, Township","3547008","Improved land",2695,2620,2565,75,130
2022,"Greater Madawaska, Township","3547008","Total",3920,3795,3710,130,210
2022,"Greater Madawaska, Township","3547008","Vacant",1225,1170,1145,55,80
2022,"Greater Napanee, Town","3511015","Improved land",6145,6085,6050,60,95
2022,"Greater Napanee, Town","3511015","Total",6990,6910,6865,80,125
2022,"Greater Napanee, Town","3511015","Vacant",845,825,815,20,30
2022,"Greater Sudbury, Census metropolitan area (CMA)","580","Improved land",55865,55365,55010,505,865
2022,"Greater Sudbury, Census metropolitan area (CMA)","580","Total",62195,61590,61185,605,1010
2022,"Greater Sudbury, Census metropolitan area (CMA)","580","Vacant",6325,6225,6175,100,150
2022,"Greater Sudbury, City","3553005","Improved land",53810,53345,53010,465,800
2022,"Greater Sudbury, City","3553005","Total",59445,58915,58540,530,905
2022,"Greater Sudbury, City","3553005","Vacant",5635,5570,5530,65,105
2022,"Green Lake, Northern village","4718021","Improved land",205,0,0,0,0
2022,"Green Lake, Northern village","4718021","Total",485,0,0,0,0
2022,"Green Lake, Northern village","4718021","Vacant",280,0,0,0,0
2022,"Greenmount-Montrose, Rural municipality","1103055","Improved land",150,140,135,10,10
2022,"Greenmount-Montrose, Rural municipality","1103055","Total",165,155,155,10,10
2022,"Greenmount-Montrose, Rural municipality","1103055","Vacant",15,15,15,0,0
2022,"Greenspond, Town","1007054","Improved land",0,0,0,0,0
2022,"Greenspond, Town","1007054","Total",205,195,195,10,10
2022,"Greenspond, Town","1007054","Vacant",0,0,0,0,0
2022,"Greenstone, Municipality","3558075","Improved land",2315,2230,2215,85,100
2022,"Greenstone, Municipality","3558075","Total",3730,3610,3590,120,140
2022,"Greenstone, Municipality","3558075","Vacant",1415,1380,1375,35,40
2022,"Greenview No. 16, Municipal district","4818015","Improved land",3845,0,0,0,0
2022,"Greenview No. 16, Municipal district","4818015","Total",4315,0,0,0,0
2022,"Greenview No. 16, Municipal district","4818015","Vacant",470,0,0,0,0
2022,"Greenwich, Parish","1305038","Improved land",590,575,565,15,25
2022,"Greenwich, Parish","1305038","Total",890,865,835,25,55
2022,"Greenwich, Parish","1305038","Vacant",300,290,270,10,30
2022,"Greenwood, City","5905042","Improved land",375,365,355,10,20
2022,"Greenwood, City","5905042","Total",930,905,880,25,50
2022,"Greenwood, City","5905042","Vacant",555,540,525,15,30
2022,"Greig Lake, Resort village","4717053","Improved land",5,0,0,0,0
2022,"Greig Lake, Resort village","4717053","Total",5,0,0,0,0
2022,"Greig Lake, Resort village","4717053","Vacant",0,0,0,0,0
2022,"Grenfell, Town","4705029","Improved land",495,0,0,0,0
2022,"Grenfell, Town","4705029","Total",575,0,0,0,0
2022,"Grenfell, Town","4705029","Vacant",80,0,0,0,0
2022,"Grey Highlands, Municipality","3542015","Improved land",5325,5270,5205,55,120
2022,"Grey Highlands, Municipality","3542015","Total",6370,6285,6205,85,165
2022,"Grey Highlands, Municipality","3542015","Vacant",1045,1015,1000,30,45
2022,"Grey, Rural municipality","4609018","Improved land",995,985,975,10,20
2022,"Grey, Rural municipality","4609018","Total",1130,1115,1105,15,25
2022,"Grey, Rural municipality","4609018","Vacant",135,130,130,5,5
2022,"Griffin No. 66, Rural municipality","4702042","Improved land",130,0,0,0,0
2022,"Griffin No. 66, Rural municipality","4702042","Total",315,0,0,0,0
2022,"Griffin No. 66, Rural municipality","4702042","Vacant",185,0,0,0,0
2022,"Grimsby, Town","3526065","Improved land",10995,10910,10855,85,145
2022,"Grimsby, Town","3526065","Total",11240,11150,11090,90,150
2022,"Grimsby, Town","3526065","Vacant",245,240,240,5,5
2022,"Grimshaw, Town","4819074","Improved land",1115,0,0,0,0
2022,"Grimshaw, Town","4819074","Total",1210,0,0,0,0
2022,"Grimshaw, Town","4819074","Vacant",95,0,0,0,0
2022,"Grise Fiord, Hamlet","6204025","Improved land",0,0,0,0,0
2022,"Grise Fiord, Hamlet","6204025","Total",15,15,15,0,0
2022,"Grise Fiord, Hamlet","6204025","Vacant",0,0,0,0,0
2022,"Guelph, Census metropolitan area (CMA)","550","Improved land",52215,51730,51345,485,870
2022,"Guelph, Census metropolitan area (CMA)","550","Total",53550,53055,52650,495,900
2022,"Guelph, Census metropolitan area (CMA)","550","Vacant",1335,1325,1305,10,30
2022,"Guelph, City","3523008","Improved land",44875,44430,44080,445,795
2022,"Guelph, City","3523008","Total",45555,45105,44755,450,800
2022,"Guelph, City","3523008","Vacant",680,675,670,5,10
2022,"Guelph/Eramosa, Township","3523009","Improved land",4565,4550,4525,20,45
2022,"Guelph/Eramosa, Township","3523009","Total",4855,4835,4800,20,55
2022,"Guelph/Eramosa, Township","3523009","Vacant",285,285,275,0,10
2022,"Gull Lake No. 139, Rural municipality","4708009","Improved land",90,0,0,0,0
2022,"Gull Lake No. 139, Rural municipality","4708009","Total",95,0,0,0,0
2022,"Gull Lake No. 139, Rural municipality","4708009","Vacant",5,0,0,0,0
2022,"Gull Lake, Summer village","4808028","Improved land",255,0,0,0,0
2022,"Gull Lake, Summer village","4808028","Total",275,0,0,0,0
2022,"Gull Lake, Summer village","4808028","Vacant",20,0,0,0,0
2022,"Gull Lake, Town","4708011","Improved land",445,0,0,0,0
2022,"Gull Lake, Town","4708011","Total",505,0,0,0,0
2022,"Gull Lake, Town","4708011","Vacant",60,0,0,0,0
2022,"Guysborough, Municipal district","1213004","Improved land",3225,2995,2905,230,320
2022,"Guysborough, Municipal district","1213004","Total",4720,4305,4150,415,570
2022,"Guysborough, Municipal district","1213004","Vacant",1500,1310,1245,190,255
2022,"Hafford, Town","4716022","Improved land",240,0,0,0,0
2022,"Hafford, Town","4716022","Total",310,0,0,0,0
2022,"Hafford, Town","4716022","Vacant",70,0,0,0,0
2022,"Hague, Town","4715034","Improved land",350,0,0,0,0
2022,"Hague, Town","4715034","Total",370,0,0,0,0
2022,"Hague, Town","4715034","Vacant",20,0,0,0,0
2022,"Haines Junction, Village","6001018","Improved land",270,0,0,0,0
2022,"Haines Junction, Village","6001018","Total",400,0,0,0,0
2022,"Haines Junction, Village","6001018","Vacant",130,0,0,0,0
2022,"Halbrite, Village","4702038","Improved land",60,0,0,0,0
2022,"Halbrite, Village","4702038","Total",115,0,0,0,0
2022,"Halbrite, Village","4702038","Vacant",55,0,0,0,0
2022,"Haldimand County, City","3528018","Improved land",18950,18750,18590,205,360
2022,"Haldimand County, City","3528018","Total",20985,20730,20565,255,420
2022,"Haldimand County, City","3528018","Vacant",2035,1985,1975,50,60
2022,"Half Moon Bay, Summer village","4808025","Improved land",65,0,0,0,0
2022,"Half Moon Bay, Summer village","4808025","Total",70,0,0,0,0
2022,"Half Moon Bay, Summer village","4808025","Vacant",5,0,0,0,0
2022,"Halifax, Census metropolitan area (CMA)","205","Improved land",139395,136820,134400,2580,5000
2022,"Halifax, Census metropolitan area (CMA)","205","Total",157910,154400,151565,3510,6345
2022,"Halifax, Census metropolitan area (CMA)","205","Vacant",18515,17585,17170,930,1345
2022,"Halifax, Regional municipality","1209034","Improved land",129935,127505,125235,2430,4700
2022,"Halifax, Regional municipality","1209034","Total",146410,143140,140505,3270,5905
2022,"Halifax, Regional municipality","1209034","Vacant",16475,15635,15270,840,1205
2022,"Halkirk, Village","4807016","Improved land",60,0,0,0,0
2022,"Halkirk, Village","4807016","Total",90,0,0,0,0
2022,"Halkirk, Village","4807016","Vacant",30,0,0,0,0
2022,"Hall Beach, Hamlet","6204011","Improved land",0,0,0,0,0
2022,"Hall Beach, Hamlet","6204011","Total",225,220,220,5,5
2022,"Hall Beach, Hamlet","6204011","Vacant",0,0,0,0,0
2022,"Halton Hills, Town","3524015","Improved land",20070,19965,19855,105,215
2022,"Halton Hills, Town","3524015","Total",20605,20495,20385,110,220
2022,"Halton Hills, Town","3524015","Vacant",535,530,530,5,5
2022,"Hamilton, Census metropolitan area (CMA)","537","Improved land",249320,246745,244880,2570,4440
2022,"Hamilton, Census metropolitan area (CMA)","537","Total",253910,251310,249430,2600,4480
2022,"Hamilton, Census metropolitan area (CMA)","537","Vacant",4590,4565,4550,25,40
2022,"Hamilton, City","3525005","Improved land",174695,172855,171445,1845,3250
2022,"Hamilton, City","3525005","Total",178365,176505,175090,1860,3275
2022,"Hamilton, City","3525005","Vacant",3670,3655,3645,15,25
2022,"Hamilton, Township","3514019","Improved land",4490,4445,4405,45,85
2022,"Hamilton, Township","3514019","Total",4955,4900,4855,55,100
2022,"Hamilton, Township","3514019","Vacant",465,455,450,10,15
2022,"Hamiota, Municipality","4615037","Improved land",525,520,510,5,15
2022,"Hamiota, Municipality","4615037","Total",665,660,650,5,15
2022,"Hamiota, Municipality","4615037","Vacant",140,140,140,0,0
2022,"Hammond, Parish","1305001","Improved land",195,195,180,0,15
2022,"Hammond, Parish","1305001","Total",315,305,285,10,30
2022,"Hammond, Parish","1305001","Vacant",120,110,105,10,15
2022,"Hampden, Town","1005008","Improved land",0,0,0,0,0
2022,"Hampden, Town","1005008","Total",245,240,240,5,5
2022,"Hampden, Town","1005008","Vacant",0,0,0,0,0
2022,"Hampshire, Rural municipality","1102021","Improved land",145,140,140,5,5
2022,"Hampshire, Rural municipality","1102021","Total",150,145,145,5,5
2022,"Hampshire, Rural municipality","1102021","Vacant",5,5,5,0,0
2022,"Hampstead, Parish","1304006","Improved land",180,165,155,15,25
2022,"Hampstead, Parish","1304006","Total",290,265,255,25,35
2022,"Hampstead, Parish","1304006","Vacant",110,100,100,10,10
2022,"Hampton, Parish","1305006","Improved land",1240,1230,1205,10,35
2022,"Hampton, Parish","1305006","Total",1590,1570,1535,20,50
2022,"Hampton, Parish","1305006","Vacant",350,340,330,10,20
2022,"Hampton, Town","1305007","Improved land",1555,1545,1520,10,30
2022,"Hampton, Town","1305007","Total",1855,1840,1820,15,35
2022,"Hampton, Town","1305007","Vacant",305,300,300,5,5
2022,"Hanley, Town","4711032","Improved land",235,0,0,0,0
2022,"Hanley, Town","4711032","Total",365,0,0,0,0
2022,"Hanley, Town","4711032","Vacant",130,0,0,0,0
2022,"Hanna, Town","4804011","Improved land",1165,0,0,0,0
2022,"Hanna, Town","4804011","Total",1245,0,0,0,0
2022,"Hanna, Town","4804011","Vacant",80,0,0,0,0
2022,"Hanover, Rural municipality","4602041","Improved land",4875,4840,4785,40,95
2022,"Hanover, Rural municipality","4602041","Total",5285,5240,5185,45,100
2022,"Hanover, Rural municipality","4602041","Vacant",410,405,400,5,10
2022,"Hanover, Town","3542029","Improved land",2735,2725,2710,10,25
2022,"Hanover, Town","3542029","Total",2955,2940,2925,15,30
2022,"Hanover, Town","3542029","Vacant",220,215,215,5,5
2022,"Hant's Harbour, Town","1001335","Improved land",0,0,0,0,0
2022,"Hant's Harbour, Town","1001335","Total",340,335,330,5,10
2022,"Hant's Harbour, Town","1001335","Vacant",0,0,0,0,0
2022,"Hanwell, Rural community","1310017","Improved land",1655,1645,1620,10,35
2022,"Hanwell, Rural community","1310017","Total",1875,1855,1830,20,45
2022,"Hanwell, Rural community","1310017","Vacant",220,210,210,10,10
2022,"Happy Adventure, Town","1007041","Improved land",0,0,0,0,0
2022,"Happy Adventure, Town","1007041","Total",225,210,210,15,15
2022,"Happy Adventure, Town","1007041","Vacant",0,0,0,0,0
2022,"Happy Valley No. 10, Rural municipality","4702018","Improved land",40,0,0,0,0
2022,"Happy Valley No. 10, Rural municipality","4702018","Total",105,0,0,0,0
2022,"Happy Valley No. 10, Rural municipality","4702018","Vacant",65,0,0,0,0
2022,"Happy Valley-Goose Bay, Town","1010025","Improved land",0,0,0,0,0
2022,"Happy Valley-Goose Bay, Town","1010025","Total",3225,3180,3115,45,110
2022,"Happy Valley-Goose Bay, Town","1010025","Vacant",0,0,0,0,0
2022,"Happyland No. 231, Rural municipality","4708056","Improved land",30,0,0,0,0
2022,"Happyland No. 231, Rural municipality","4708056","Total",130,0,0,0,0
2022,"Happyland No. 231, Rural municipality","4708056","Vacant",100,0,0,0,0
2022,"Harbour Breton, Town","1003008","Improved land",0,0,0,0,0
2022,"Harbour Breton, Town","1003008","Total",735,725,720,10,15
2022,"Harbour Breton, Town","1003008","Vacant",0,0,0,0,0
2022,"Harbour Grace, Town","1001379","Improved land",0,0,0,0,0
2022,"Harbour Grace, Town","1001379","Total",1815,1775,1735,40,80
2022,"Harbour Grace, Town","1001379","Vacant",0,0,0,0,0
2022,"Harbour Main-Chapel's Cove-Lakeview, Town","1001469","Improved land",0,0,0,0,0
2022,"Harbour Main-Chapel's Cove-Lakeview, Town","1001469","Total",895,845,840,50,55
2022,"Harbour Main-Chapel's Cove-Lakeview, Town","1001469","Vacant",0,0,0,0,0
2022,"Harcourt, Parish","1308010","Improved land",325,310,295,15,30
2022,"Harcourt, Parish","1308010","Total",580,520,495,60,85
2022,"Harcourt, Parish","1308010","Vacant",255,210,200,45,55
2022,"Hardisty, Town","4807048","Improved land",380,0,0,0,0
2022,"Hardisty, Town","4807048","Total",480,0,0,0,0
2022,"Hardisty, Town","4807048","Vacant",100,0,0,0,0
2022,"Hardwicke, Parish","1309001","Improved land",1190,1160,1115,35,80
2022,"Hardwicke, Parish","1309001","Total",1880,1795,1730,85,150
2022,"Hardwicke, Parish","1309001","Vacant",685,635,615,50,70
2022,"Hare Bay, Town","1007049","Improved land",0,0,0,0,0
2022,"Hare Bay, Town","1007049","Total",530,510,505,20,25
2022,"Hare Bay, Town","1007049","Vacant",0,0,0,0,0
2022,"Harley, Township","3554026","Improved land",215,215,215,0,0
2022,"Harley, Township","3554026","Total",265,265,265,0,0
2022,"Harley, Township","3554026","Vacant",50,50,50,0,0
2022,"Harris No. 316, Rural municipality","4712029","Improved land",90,0,0,0,0
2022,"Harris No. 316, Rural municipality","4712029","Total",105,0,0,0,0
2022,"Harris No. 316, Rural municipality","4712029","Vacant",15,0,0,0,0
2022,"Harris, Township","3554014","Improved land",210,205,205,5,5
2022,"Harris, Township","3554014","Total",260,255,255,5,5
2022,"Harris, Township","3554014","Vacant",50,50,50,0,0
2022,"Harris, Village","4712032","Improved land",115,0,0,0,0
2022,"Harris, Village","4712032","Total",165,0,0,0,0
2022,"Harris, Village","4712032","Vacant",50,0,0,0,0
2022,"Harrison Hot Springs, Village","5909027","Improved land",1070,1055,1035,15,35
2022,"Harrison Hot Springs, Village","5909027","Total",1155,1135,1115,20,40
2022,"Harrison Hot Springs, Village","5909027","Vacant",80,80,80,5,5
2022,"Harrison Park, Municipality","4615070","Improved land",1865,1825,1755,45,115
2022,"Harrison Park, Municipality","4615070","Total",2580,2515,2425,65,155
2022,"Harrison Park, Municipality","4615070","Vacant",710,690,670,20,40
2022,"Hart Butte No. 11, Rural municipality","4703001","Improved land",60,0,0,0,0
2022,"Hart Butte No. 11, Rural municipality","4703001","Total",125,0,0,0,0
2022,"Hart Butte No. 11, Rural municipality","4703001","Vacant",65,0,0,0,0
2022,"Hartland, Town","1311012","Improved land",315,315,310,0,5
2022,"Hartland, Town","1311012","Total",365,365,360,0,5
2022,"Hartland, Town","1311012","Vacant",50,50,50,0,0
2022,"Harvey, Parish","1306004","Improved land",290,270,265,20,25
2022,"Harvey, Parish","1306004","Total",515,470,455,45,60
2022,"Harvey, Parish","1306004","Vacant",225,200,190,25,35
2022,"Harvey, Village","1310005","Improved land",140,140,135,0,5
2022,"Harvey, Village","1310005","Total",190,185,185,0,5
2022,"Harvey, Village","1310005","Vacant",50,50,50,0,0
2022,"Hastings Highlands, Municipality","3512076","Improved land",3880,3740,3650,140,230
2022,"Hastings Highlands, Municipality","3512076","Total",5625,5395,5285,225,340
2022,"Hastings Highlands, Municipality","3512076","Vacant",1745,1660,1635,85,110
2022,"Haut-Madawaska, Rural community","1313031","Improved land",1640,1595,1515,45,120
2022,"Haut-Madawaska, Rural community","1313031","Total",2335,2220,2120,115,215
2022,"Haut-Madawaska, Rural community","1313031","Vacant",695,625,600,70,95
2022,"Havelock, Parish","1305028","Improved land",565,550,525,15,35
2022,"Havelock, Parish","1305028","Total",855,830,795,25,65
2022,"Havelock, Parish","1305028","Vacant",290,280,265,10,25
2022,"Havelock-Belmont-Methuen, Township","3515030","Improved land",4090,3945,3855,145,235
2022,"Havelock-Belmont-Methuen, Township","3515030","Total",5265,5075,4955,190,310
2022,"Havelock-Belmont-Methuen, Township","3515030","Vacant",1175,1130,1100,45,75
2022,"Hawarden, Village","4711024","Improved land",50,0,0,0,0
2022,"Hawarden, Village","4711024","Total",120,0,0,0,0
2022,"Hawarden, Village","4711024","Vacant",70,0,0,0,0
2022,"Hawkesbury (Ontario part), Census agglomeration (CA)","2021S050635502","Improved land",3640,3620,3605,20,35
2022,"Hawkesbury (Ontario part), Census agglomeration (CA)","2021S050635502","Total",3875,3850,3830,25,45
2022,"Hawkesbury (Ontario part), Census agglomeration (CA)","2021S050635502","Vacant",235,230,225,5,10
2022,"Hawkesbury, Town","3502008","Improved land",3640,3620,3605,20,35
2022,"Hawkesbury, Town","3502008","Total",3875,3850,3830,25,45
2022,"Hawkesbury, Town","3502008","Vacant",235,230,225,5,10
2022,"Hay Lakes, Village","4810014","Improved land",205,0,0,0,0
2022,"Hay Lakes, Village","4810014","Total",215,0,0,0,0
2022,"Hay Lakes, Village","4810014","Vacant",10,0,0,0,0
2022,"Hazel Dell No. 335, Rural municipality","4709060","Improved land",255,0,0,0,0
2022,"Hazel Dell No. 335, Rural municipality","4709060","Total",415,0,0,0,0
2022,"Hazel Dell No. 335, Rural municipality","4709060","Vacant",160,0,0,0,0
2022,"Hazelbrook, Rural municipality","1102011","Improved land",85,85,80,0,5
2022,"Hazelbrook, Rural municipality","1102011","Total",90,90,85,0,5
2022,"Hazelbrook, Rural municipality","1102011","Vacant",5,5,5,0,0
2022,"Hazelton, Village","5949022","Improved land",120,115,110,5,10
2022,"Hazelton, Village","5949022","Total",250,245,240,5,10
2022,"Hazelton, Village","5949022","Vacant",130,130,130,0,0
2022,"Hazelwood No. 94, Rural municipality","4701072","Improved land",40,0,0,0,0
2022,"Hazelwood No. 94, Rural municipality","4701072","Total",105,0,0,0,0
2022,"Hazelwood No. 94, Rural municipality","4701072","Vacant",65,0,0,0,0
2022,"Hazenmore, Village","4703052","Improved land",35,0,0,0,0
2022,"Hazenmore, Village","4703052","Total",85,0,0,0,0
2022,"Hazenmore, Village","4703052","Vacant",50,0,0,0,0
2022,"Hazlet, Village","4708029","Improved land",55,0,0,0,0
2022,"Hazlet, Village","4708029","Total",85,0,0,0,0
2022,"Hazlet, Village","4708029","Vacant",30,0,0,0,0
2022,"Head, Clara and Maria, Township","3547098","Improved land",335,325,325,5,10
2022,"Head, Clara and Maria, Township","3547098","Total",530,510,505,20,25
2022,"Head, Clara and Maria, Township","3547098","Vacant",195,185,180,10,15
2022,"Headingley, Rural municipality","4611042","Improved land",1225,1215,1205,10,20
2022,"Headingley, Rural municipality","4611042","Total",1440,1425,1415,15,25
2022,"Headingley, Rural municipality","4611042","Vacant",215,210,210,5,5
2022,"Hearst, Town","3556076","Improved land",1560,1555,1550,5,15
2022,"Hearst, Town","3556076","Total",1825,1815,1805,10,20
2022,"Hearst, Town","3556076","Vacant",270,255,255,5,5
2022,"Heart's Content, Town","1001325","Improved land",0,0,0,0,0
2022,"Heart's Content, Town","1001325","Total",330,320,315,10,15
2022,"Heart's Content, Town","1001325","Vacant",0,0,0,0,0
2022,"Heart's Delight-Islington, Town","1001312","Improved land",0,0,0,0,0
2022,"Heart's Delight-Islington, Town","1001312","Total",630,610,600,20,30
2022,"Heart's Delight-Islington, Town","1001312","Vacant",0,0,0,0,0
2022,"Heart's Desire, Town","1001316","Improved land",0,0,0,0,0
2022,"Heart's Desire, Town","1001316","Total",205,195,190,10,15
2022,"Heart's Desire, Town","1001316","Vacant",0,0,0,0,0
2022,"Heart's Hill No. 352, Rural municipality","4713046","Improved land",40,0,0,0,0
2022,"Heart's Hill No. 352, Rural municipality","4713046","Total",140,0,0,0,0
2022,"Heart's Hill No. 352, Rural municipality","4713046","Vacant",100,0,0,0,0
2022,"Heisler, Village","4807038","Improved land",80,0,0,0,0
2022,"Heisler, Village","4807038","Total",90,0,0,0,0
2022,"Heisler, Village","4807038","Vacant",10,0,0,0,0
2022,"Hepburn, Town","4715027","Improved land",270,0,0,0,0
2022,"Hepburn, Town","4715027","Total",305,0,0,0,0
2022,"Hepburn, Town","4715027","Vacant",35,0,0,0,0
2022,"Herbert, Town","4707026","Improved land",350,0,0,0,0
2022,"Herbert, Town","4707026","Total",445,0,0,0,0
2022,"Herbert, Town","4707026","Vacant",95,0,0,0,0
2022,"Hermitage-Sandyville, Town","1003011","Improved land",0,0,0,0,0
2022,"Hermitage-Sandyville, Town","1003011","Total",280,275,270,5,10
2022,"Hermitage-Sandyville, Town","1003011","Vacant",0,0,0,0,0
2022,"Heward, Village","4701067","Improved land",10,0,0,0,0
2022,"Heward, Village","4701067","Total",40,0,0,0,0
2022,"Heward, Village","4701067","Vacant",30,0,0,0,0
2022,"High Level, Town","4817093","Improved land",1115,0,0,0,0
2022,"High Level, Town","4817093","Total",1265,0,0,0,0
2022,"High Level, Town","4817093","Vacant",150,0,0,0,0
2022,"High Prairie, Town","4817021","Improved land",820,0,0,0,0
2022,"High Prairie, Town","4817021","Total",875,0,0,0,0
2022,"High Prairie, Town","4817021","Vacant",55,0,0,0,0
2022,"High River, Census agglomeration (CA)","821","Improved land",5315,0,0,0,0
2022,"High River, Census agglomeration (CA)","821","Total",5580,0,0,0,0
2022,"High River, Census agglomeration (CA)","821","Vacant",265,0,0,0,0
2022,"High River, Town","4806006","Improved land",5315,0,0,0,0
2022,"High River, Town","4806006","Total",5580,0,0,0,0
2022,"High River, Town","4806006","Vacant",265,0,0,0,0
2022,"Highlands East, Municipality","3546005","Improved land",4585,4495,4405,90,190
2022,"Highlands East, Municipality","3546005","Total",6595,6435,6275,160,320
2022,"Highlands East, Municipality","3546005","Vacant",2010,1940,1875,70,135
2022,"Highlands, District municipality","5917049","Improved land",805,800,795,5,10
2022,"Highlands, District municipality","5917049","Total",865,860,855,5,10
2022,"Highlands, District municipality","5917049","Vacant",60,60,60,0,0
2022,"Hill Spring, Village","4803008","Improved land",95,0,0,0,0
2022,"Hill Spring, Village","4803008","Total",135,0,0,0,0
2022,"Hill Spring, Village","4803008","Vacant",40,0,0,0,0
2022,"Hilliard, Township","3554034","Improved land",90,90,85,0,5
2022,"Hilliard, Township","3554034","Total",130,130,125,0,5
2022,"Hilliard, Township","3554034","Vacant",40,40,40,0,0
2022,"Hillsborough No. 132, Rural municipality","4707004","Improved land",45,0,0,0,0
2022,"Hillsborough No. 132, Rural municipality","4707004","Total",45,0,0,0,0
2022,"Hillsborough No. 132, Rural municipality","4707004","Vacant",0,0,0,0,0
2022,"Hillsborough, Parish","1306011","Improved land",730,715,695,15,35
2022,"Hillsborough, Parish","1306011","Total",1045,1010,985,30,60
2022,"Hillsborough, Parish","1306011","Vacant",315,300,290,15,25
2022,"Hillsborough, Village","1306025","Improved land",470,460,450,10,20
2022,"Hillsborough, Village","1306025","Total",585,575,565,10,20
2022,"Hillsborough, Village","1306025","Vacant",110,110,110,0,0
2022,"Hillsburg-Roblin-Shell River, Municipality","4616048","Improved land",1510,1480,1455,30,55
2022,"Hillsburg-Roblin-Shell River, Municipality","4616048","Total",1815,1775,1745,40,70
2022,"Hillsburg-Roblin-Shell River, Municipality","4616048","Vacant",305,295,290,10,15
2022,"Hillsdale No. 440, Rural municipality","4713092","Improved land",180,0,0,0,0
2022,"Hillsdale No. 440, Rural municipality","4713092","Total",285,0,0,0,0
2022,"Hillsdale No. 440, Rural municipality","4713092","Vacant",105,0,0,0,0
2022,"Hilton Beach, Village","3557006","Improved land",130,110,110,20,20
2022,"Hilton Beach, Village","3557006","Total",265,215,210,50,55
2022,"Hilton Beach, Village","3557006","Vacant",135,105,100,30,35
2022,"Hilton, Township","3557004","Improved land",375,335,330,40,45
2022,"Hilton, Township","3557004","Total",720,590,580,130,140
2022,"Hilton, Township","3557004","Vacant",345,255,250,90,95
2022,"Hines Creek, Village","4817064","Improved land",160,0,0,0,0
2022,"Hines Creek, Village","4817064","Total",225,0,0,0,0
2022,"Hines Creek, Village","4817064","Vacant",65,0,0,0,0
2022,"Hinton, Town","4814019","Improved land",3350,0,0,0,0
2022,"Hinton, Town","4814019","Total",3490,0,0,0,0
2022,"Hinton, Town","4814019","Vacant",140,0,0,0,0
2022,"Hodgeville, Village","4707016","Improved land",95,0,0,0,0
2022,"Hodgeville, Village","4707016","Total",150,0,0,0,0
2022,"Hodgeville, Village","4707016","Vacant",55,0,0,0,0
2022,"Holden, Village","4810021","Improved land",190,0,0,0,0
2022,"Holden, Village","4810021","Total",240,0,0,0,0
2022,"Holden, Village","4810021","Vacant",45,0,0,0,0
2022,"Holdfast, Village","4706067","Improved land",90,0,0,0,0
2022,"Holdfast, Village","4706067","Total",120,0,0,0,0
2022,"Holdfast, Village","4706067","Vacant",30,0,0,0,0
2022,"Holyrood, Town","1001472","Improved land",0,0,0,0,0
2022,"Holyrood, Town","1001472","Total",1645,1590,1550,55,95
2022,"Holyrood, Town","1001472","Vacant",0,0,0,0,0
2022,"Hoodoo No. 401, Rural municipality","4715039","Improved land",415,0,0,0,0
2022,"Hoodoo No. 401, Rural municipality","4715039","Total",675,0,0,0,0
2022,"Hoodoo No. 401, Rural municipality","4715039","Vacant",260,0,0,0,0
2022,"Hope, District municipality","5909009","Improved land",2610,2575,2540,35,70
2022,"Hope, District municipality","5909009","Total",2860,2820,2780,40,80
2022,"Hope, District municipality","5909009","Vacant",250,245,240,5,10
2022,"Hopewell, Parish","1306001","Improved land",315,300,295,15,20
2022,"Hopewell, Parish","1306001","Total",505,475,460,30,45
2022,"Hopewell, Parish","1306001","Vacant",190,175,165,15,25
2022,"Hornepayne, Township","3557096","Improved land",455,445,440,5,10
2022,"Hornepayne, Township","3557096","Total",610,600,595,10,15
2022,"Hornepayne, Township","3557096","Vacant",160,155,155,5,5
2022,"Horseshoe Bay, Summer village","4812020","Improved land",115,0,0,0,0
2022,"Horseshoe Bay, Summer village","4812020","Total",145,0,0,0,0
2022,"Horseshoe Bay, Summer village","4812020","Vacant",30,0,0,0,0
2022,"Horton, Township","3547046","Improved land",1360,1345,1340,15,20
2022,"Horton, Township","3547046","Total",1685,1660,1650,25,35
2022,"Horton, Township","3547046","Vacant",325,315,310,10,15
2022,"Houston, District municipality","5951034","Improved land",905,895,895,10,10
2022,"Houston, District municipality","5951034","Total",1065,1050,1050,15,15
2022,"Houston, District municipality","5951034","Vacant",160,155,155,5,5
2022,"Howick, Township","3540046","Improved land",1310,1305,1295,10,15
2022,"Howick, Township","3540046","Total",1435,1425,1415,10,20
2022,"Howick, Township","3540046","Vacant",120,120,120,0,0
2022,"Howley, Town","1005006","Improved land",0,0,0,0,0
2022,"Howley, Town","1005006","Total",185,175,175,10,10
2022,"Howley, Town","1005006","Vacant",0,0,0,0,0
2022,"Hubbard, Village","4710002","Improved land",35,0,0,0,0
2022,"Hubbard, Village","4710002","Total",105,0,0,0,0
2022,"Hubbard, Village","4710002","Vacant",70,0,0,0,0
2022,"Hudson Bay No. 394, Rural municipality","4714001","Improved land",655,0,0,0,0
2022,"Hudson Bay No. 394, Rural municipality","4714001","Total",995,0,0,0,0
2022,"Hudson Bay No. 394, Rural municipality","4714001","Vacant",340,0,0,0,0
2022,"Hudson Bay, Town","4714004","Improved land",675,0,0,0,0
2022,"Hudson Bay, Town","4714004","Total",885,0,0,0,0
2022,"Hudson Bay, Town","4714004","Vacant",210,0,0,0,0
2022,"Hudson's Hope, District municipality","5955025","Improved land",435,425,420,10,15
2022,"Hudson's Hope, District municipality","5955025","Total",1120,1110,1100,10,20
2022,"Hudson's Hope, District municipality","5955025","Vacant",685,685,680,0,5
2022,"Hudson, Township","3554021","Improved land",320,310,300,10,20
2022,"Hudson, Township","3554021","Total",415,390,380,25,35
2022,"Hudson, Township","3554021","Vacant",95,80,80,15,15
2022,"Hughenden, Village","4807006","Improved land",115,0,0,0,0
2022,"Hughenden, Village","4807006","Total",135,0,0,0,0
2022,"Hughenden, Village","4807006","Vacant",20,0,0,0,0
2022,"Hughes Brook, Town","1005028","Improved land",0,0,0,0,0
2022,"Hughes Brook, Town","1005028","Total",130,125,120,5,10
2022,"Hughes Brook, Town","1005028","Vacant",0,0,0,0,0
2022,"Humber Arm South, Town","1005020","Improved land",0,0,0,0,0
2022,"Humber Arm South, Town","1005020","Total",890,850,835,40,55
2022,"Humber Arm South, Town","1005020","Vacant",0,0,0,0,0
2022,"Humboldt No. 370, Rural municipality","4715007","Improved land",315,0,0,0,0
2022,"Humboldt No. 370, Rural municipality","4715007","Total",585,0,0,0,0
2022,"Humboldt No. 370, Rural municipality","4715007","Vacant",270,0,0,0,0
2022,"Humboldt, City","4715008","Improved land",2440,0,0,0,0
2022,"Humboldt, City","4715008","Total",2625,0,0,0,0
2022,"Humboldt, City","4715008","Vacant",185,0,0,0,0
2022,"Hunter River, Rural municipality","1102043","Improved land",135,135,130,0,5
2022,"Hunter River, Rural municipality","1102043","Total",145,145,140,0,5
2022,"Hunter River, Rural municipality","1102043","Vacant",10,10,10,0,0
2022,"Huntsville, Town","3544042","Improved land",10250,10080,9985,175,265
2022,"Huntsville, Town","3544042","Total",13020,12730,12595,290,425
2022,"Huntsville, Town","3544042","Vacant",2770,2655,2610,115,160
2022,"Huron East, Municipality","3540040","Improved land",3465,3445,3430,20,35
2022,"Huron East, Municipality","3540040","Total",3735,3710,3695,25,40
2022,"Huron East, Municipality","3540040","Vacant",270,265,265,5,5
2022,"Huron No. 223, Rural municipality","4707076","Improved land",5,0,0,0,0
2022,"Huron No. 223, Rural municipality","4707076","Total",60,0,0,0,0
2022,"Huron No. 223, Rural municipality","4707076","Vacant",55,0,0,0,0
2022,"Huron Shores, Municipality","3557035","Improved land",1295,1165,1135,130,160
2022,"Huron Shores, Municipality","3557035","Total",2135,1865,1825,270,320
2022,"Huron Shores, Municipality","3557035","Vacant",840,700,690,140,150
2022,"Huron-Kinloss, Township","3541015","Improved land",3970,3885,3845,85,125
2022,"Huron-Kinloss, Township","3541015","Total",4660,4560,4510,100,150
2022,"Huron-Kinloss, Township","3541015","Vacant",690,675,665,15,25
2022,"Huskisson, Parish","1308012","Improved land",20,20,15,0,5
2022,"Huskisson, Parish","1308012","Total",25,25,20,0,5
2022,"Huskisson, Parish","1308012","Vacant",5,5,5,0,0
2022,"Hussar, Village","4805019","Improved land",85,0,0,0,0
2022,"Hussar, Village","4805019","Total",120,0,0,0,0
2022,"Hussar, Village","4805019","Vacant",35,0,0,0,0
2022,"Hyas, Village","4709071","Improved land",65,0,0,0,0
2022,"Hyas, Village","4709071","Total",115,0,0,0,0
2022,"Hyas, Village","4709071","Vacant",50,0,0,0,0
2022,"Ibex Valley, Hamlet","6001055","Improved land",155,0,0,0,0
2022,"Ibex Valley, Hamlet","6001055","Total",205,0,0,0,0
2022,"Ibex Valley, Hamlet","6001055","Vacant",50,0,0,0,0
2022,"Igloolik, Hamlet","6204012","Improved land",0,0,0,0,0
2022,"Igloolik, Hamlet","6204012","Total",515,510,505,5,10
2022,"Igloolik, Hamlet","6204012","Vacant",0,0,0,0,0
2022,"Ignace, Township","3560001","Improved land",695,665,655,30,40
2022,"Ignace, Township","3560001","Total",1165,1120,1110,45,55
2022,"Ignace, Township","3560001","Vacant",470,455,455,15,15
2022,"Imperial, Town","4711008","Improved land",170,0,0,0,0
2022,"Imperial, Town","4711008","Total",195,0,0,0,0
2022,"Imperial, Town","4711008","Vacant",25,0,0,0,0
2022,"Improvement District No. 12 Jasper Park, Improvement district","4815037","Improved land",50,0,0,0,0
2022,"Improvement District No. 12 Jasper Park, Improvement district","4815037","Total",50,0,0,0,0
2022,"Improvement District No. 12 Jasper Park, Improvement district","4815037","Vacant",0,0,0,0,0
2022,"Improvement District No. 13 Elk Island, Improvement district","4810068","Improved land",0,0,0,0,0
2022,"Improvement District No. 13 Elk Island, Improvement district","4810068","Total",0,0,0,0,0
2022,"Improvement District No. 13 Elk Island, Improvement district","4810068","Vacant",0,0,0,0,0
2022,"Improvement District No. 24 Wood Buffalo, Improvement district","4816051","Improved land",15,0,0,0,0
2022,"Improvement District No. 24 Wood Buffalo, Improvement district","4816051","Total",15,0,0,0,0
2022,"Improvement District No. 24 Wood Buffalo, Improvement district","4816051","Vacant",0,0,0,0,0
2022,"Improvement District No. 4 Waterton, Improvement district","4803003","Improved land",170,0,0,0,0
2022,"Improvement District No. 4 Waterton, Improvement district","4803003","Total",350,0,0,0,0
2022,"Improvement District No. 4 Waterton, Improvement district","4803003","Vacant",180,0,0,0,0
2022,"Improvement District No. 9 Banff, Improvement district","4815032","Improved land",55,0,0,0,0
2022,"Improvement District No. 9 Banff, Improvement district","4815032","Total",65,0,0,0,0
2022,"Improvement District No. 9 Banff, Improvement district","4815032","Vacant",10,0,0,0,0
2022,"Indian Bay, Town","1007067","Improved land",0,0,0,0,0
2022,"Indian Bay, Town","1007067","Total",140,135,130,10,10
2022,"Indian Bay, Town","1007067","Vacant",0,0,0,0,0
2022,"Indian Head No. 156, Rural municipality","4706038","Improved land",165,0,0,0,0
2022,"Indian Head No. 156, Rural municipality","4706038","Total",180,0,0,0,0
2022,"Indian Head No. 156, Rural municipality","4706038","Vacant",15,0,0,0,0
2022,"Indian Head, Town","4706039","Improved land",810,0,0,0,0
2022,"Indian Head, Town","4706039","Total",940,0,0,0,0
2022,"Indian Head, Town","4706039","Vacant",130,0,0,0,0
2022,"Ingersoll, Census agglomeration (CA)","533","Improved land",4900,4875,4845,25,50
2022,"Ingersoll, Census agglomeration (CA)","533","Total",5085,5060,5030,25,55
2022,"Ingersoll, Census agglomeration (CA)","533","Vacant",185,185,185,0,0
2022,"Ingersoll, Town","3532018","Improved land",4900,4875,4845,25,50
2022,"Ingersoll, Town","3532018","Total",5085,5060,5030,25,55
2022,"Ingersoll, Town","3532018","Vacant",185,185,185,0,0
2022,"Inkerman, Parish","1315024","Improved land",1135,1125,1100,10,40
2022,"Inkerman, Parish","1315024","Total",1915,1885,1845,30,70
2022,"Inkerman, Parish","1315024","Vacant",775,755,745,20,30
2022,"Innisfail, Town","4808008","Improved land",2935,0,0,0,0
2022,"Innisfail, Town","4808008","Total",3070,0,0,0,0
2022,"Innisfail, Town","4808008","Vacant",135,0,0,0,0
2022,"Innisfil, Town","3543017","Improved land",15965,15750,15605,215,370
2022,"Innisfil, Town","3543017","Total",17650,17420,17260,230,390
2022,"Innisfil, Town","3543017","Vacant",1685,1670,1655,15,30
2022,"Innisfree, Village","4810031","Improved land",130,0,0,0,0
2022,"Innisfree, Village","4810031","Total",160,0,0,0,0
2022,"Innisfree, Village","4810031","Vacant",30,0,0,0,0
2022,"Insinger No. 275, Rural municipality","4709023","Improved land",135,0,0,0,0
2022,"Insinger No. 275, Rural municipality","4709023","Total",255,0,0,0,0
2022,"Insinger No. 275, Rural municipality","4709023","Vacant",120,0,0,0,0
2022,"Invergordon No. 430, Rural municipality","4715054","Improved land",420,0,0,0,0
2022,"Invergordon No. 430, Rural municipality","4715054","Total",890,0,0,0,0
2022,"Invergordon No. 430, Rural municipality","4715054","Vacant",470,0,0,0,0
2022,"Invermay No. 305, Rural municipality","4709054","Improved land",160,0,0,0,0
2022,"Invermay No. 305, Rural municipality","4709054","Total",165,0,0,0,0
2022,"Invermay No. 305, Rural municipality","4709054","Vacant",5,0,0,0,0
2022,"Invermay, Village","4709058","Improved land",130,0,0,0,0
2022,"Invermay, Village","4709058","Total",260,0,0,0,0
2022,"Invermay, Village","4709058","Vacant",130,0,0,0,0
2022,"Invermere, District municipality","5901039","Improved land",2075,2035,1975,40,105
2022,"Invermere, District municipality","5901039","Total",2430,2380,2310,50,120
2022,"Invermere, District municipality","5901039","Vacant",350,345,335,5,15
2022,"Inverness, Subd. A, Subdivision of county municipality","1215011","Improved land",3165,2930,2820,235,345
2022,"Inverness, Subd. A, Subdivision of county municipality","1215011","Total",4435,4065,3915,360,510
2022,"Inverness, Subd. A, Subdivision of county municipality","1215011","Vacant",1260,1135,1095,125,165
2022,"Inverness, Subd. B, Subdivision of county municipality","1215006","Improved land",2720,2545,2480,175,240
2022,"Inverness, Subd. B, Subdivision of county municipality","1215006","Total",3625,3305,3220,320,405
2022,"Inverness, Subd. B, Subdivision of county municipality","1215006","Vacant",905,760,740,145,165
2022,"Inverness, Subd. C, Subdivision of county municipality","1215001","Improved land",1905,1735,1675,170,230
2022,"Inverness, Subd. C, Subdivision of county municipality","1215001","Total",2545,2260,2175,285,370
2022,"Inverness, Subd. C, Subdivision of county municipality","1215001","Vacant",640,525,500,115,140
2022,"Iqaluit, City","6204003","Improved land",0,0,0,0,0
2022,"Iqaluit, City","6204003","Total",1500,1430,1385,70,115
2022,"Iqaluit, City","6204003","Vacant",0,0,0,0,0
2022,"Irishtown-Summerside, Town","1005030","Improved land",0,0,0,0,0
2022,"Irishtown-Summerside, Town","1005030","Total",780,775,755,15,25
2022,"Irishtown-Summerside, Town","1005030","Vacant",0,0,0,0,0
2022,"Irma, Village","4807056","Improved land",225,0,0,0,0
2022,"Irma, Village","4807056","Total",250,0,0,0,0
2022,"Irma, Village","4807056","Vacant",25,0,0,0,0
2022,"Iroquois Falls, Town","3556031","Improved land",1940,1910,1895,30,45
2022,"Iroquois Falls, Town","3556031","Total",2920,2820,2780,100,140
2022,"Iroquois Falls, Town","3556031","Vacant",980,910,885,70,95
2022,"Irricana, Town","4806022","Improved land",485,0,0,0,0
2022,"Irricana, Town","4806022","Total",555,0,0,0,0
2022,"Irricana, Town","4806022","Vacant",70,0,0,0,0
2022,"Island Lake South, Summer village","4813051","Improved land",85,0,0,0,0
2022,"Island Lake South, Summer village","4813051","Total",85,0,0,0,0
2022,"Island Lake South, Summer village","4813051","Vacant",10,0,0,0,0
2022,"Island Lake, Summer village","4813049","Improved land",290,0,0,0,0
2022,"Island Lake, Summer village","4813049","Total",345,0,0,0,0
2022,"Island Lake, Summer village","4813049","Vacant",55,0,0,0,0
2022,"Island View, Resort village","4706085","Improved land",75,0,0,0,0
2022,"Island View, Resort village","4706085","Total",160,0,0,0,0
2022,"Island View, Resort village","4706085","Vacant",85,0,0,0,0
2022,"Isle aux Morts, Town","1003032","Improved land",0,0,0,0,0
2022,"Isle aux Morts, Town","1003032","Total",330,325,320,5,10
2022,"Isle aux Morts, Town","1003032","Vacant",0,0,0,0,0
2022,"Itaska Beach, Summer village","4811022","Improved land",70,0,0,0,0
2022,"Itaska Beach, Summer village","4811022","Total",80,0,0,0,0
2022,"Itaska Beach, Summer village","4811022","Vacant",10,0,0,0,0
2022,"Ituna Bon Accord No. 246, Rural municipality","4710003","Improved land",60,0,0,0,0
2022,"Ituna Bon Accord No. 246, Rural municipality","4710003","Total",235,0,0,0,0
2022,"Ituna Bon Accord No. 246, Rural municipality","4710003","Vacant",175,0,0,0,0
2022,"Ituna, Town","4710004","Improved land",350,0,0,0,0
2022,"Ituna, Town","4710004","Total",435,0,0,0,0
2022,"Ituna, Town","4710004","Vacant",85,0,0,0,0
2022,"Jackson's Arm, Town","1005005","Improved land",0,0,0,0,0
2022,"Jackson's Arm, Town","1005005","Total",195,190,190,5,5
2022,"Jackson's Arm, Town","1005005","Vacant",0,0,0,0,0
2022,"James, Township","3554042","Improved land",235,225,225,10,10
2022,"James, Township","3554042","Total",510,480,475,30,35
2022,"James, Township","3554042","Vacant",275,255,250,20,25
2022,"Jans Bay, Northern hamlet","4718030","Improved land",50,0,0,0,0
2022,"Jans Bay, Northern hamlet","4718030","Total",85,0,0,0,0
2022,"Jans Bay, Northern hamlet","4718030","Vacant",35,0,0,0,0
2022,"Jansen, Village","4710054","Improved land",75,0,0,0,0
2022,"Jansen, Village","4710054","Total",110,0,0,0,0
2022,"Jansen, Village","4710054","Vacant",35,0,0,0,0
2022,"Jarvis Bay, Summer village","4808005","Improved land",145,0,0,0,0
2022,"Jarvis Bay, Summer village","4808005","Total",165,0,0,0,0
2022,"Jarvis Bay, Summer village","4808005","Vacant",20,0,0,0,0
2022,"Jocelyn, Township","3557001","Improved land",385,355,345,30,40
2022,"Jocelyn, Township","3557001","Total",645,590,570,55,75
2022,"Jocelyn, Township","3557001","Vacant",260,235,225,25,35
2022,"Johnson, Township","3557016","Improved land",525,445,440,65,75
2022,"Johnson, Township","3557016","Total",780,655,645,125,135
2022,"Johnson, Township","3557016","Vacant",265,210,205,55,60
2022,"Johnsons Crossing, Settlement","6001047","Improved land",5,0,0,0,0
2022,"Johnsons Crossing, Settlement","6001047","Total",5,0,0,0,0
2022,"Johnsons Crossing, Settlement","6001047","Vacant",0,0,0,0,0
2022,"Johnston, Parish","1304014","Improved land",490,480,460,10,30
2022,"Johnston, Parish","1304014","Total",760,730,705,30,55
2022,"Johnston, Parish","1304014","Vacant",270,250,245,20,25
2022,"Johnstons River, Fire district","1102015","Improved land",170,170,160,0,10
2022,"Johnstons River, Fire district","1102015","Total",185,185,175,0,10
2022,"Johnstons River, Fire district","1102015","Vacant",15,15,15,0,0
2022,"Joly, Township","3549051","Improved land",295,285,280,10,15
2022,"Joly, Township","3549051","Total",510,485,465,25,45
2022,"Joly, Township","3549051","Vacant",215,200,185,15,30
2022,"Juan de Fuca (Part 1), Regional district electoral area","5917054","Improved land",2100,2050,2000,50,95
2022,"Juan de Fuca (Part 1), Regional district electoral area","5917054","Total",2485,2420,2375,65,110
2022,"Juan de Fuca (Part 1), Regional district electoral area","5917054","Vacant",395,380,375,15,20
2022,"Juan de Fuca (Part 2), Regional district electoral area","5917056","Improved land",295,280,265,20,35
2022,"Juan de Fuca (Part 2), Regional district electoral area","5917056","Total",395,370,355,25,40
2022,"Juan de Fuca (Part 2), Regional district electoral area","5917056","Vacant",95,90,90,5,5
2022,"Kamloops, Census metropolitan area (CMA)","925","Improved land",38910,38460,38125,455,790
2022,"Kamloops, Census metropolitan area (CMA)","925","Total",40520,40030,39675,490,845
2022,"Kamloops, Census metropolitan area (CMA)","925","Vacant",1605,1570,1550,35,55
2022,"Kamloops, City","5933042","Improved land",32625,32385,32140,235,485
2022,"Kamloops, City","5933042","Total",33360,33120,32875,240,495
2022,"Kamloops, City","5933042","Vacant",735,735,725,0,10
2022,"Kamsack, Town","4709039","Improved land",850,0,0,0,0
2022,"Kamsack, Town","4709039","Total",1085,0,0,0,0
2022,"Kamsack, Town","4709039","Vacant",235,0,0,0,0
2022,"Kananaskis, Improvement district","4815013","Improved land",160,0,0,0,0
2022,"Kananaskis, Improvement district","4815013","Total",165,0,0,0,0
2022,"Kananaskis, Improvement district","4815013","Vacant",5,0,0,0,0
2022,"Kannata Valley, Resort village","4706075","Improved land",65,0,0,0,0
2022,"Kannata Valley, Resort village","4706075","Total",80,0,0,0,0
2022,"Kannata Valley, Resort village","4706075","Vacant",15,0,0,0,0
2022,"Kapasiwin, Summer village","4811044","Improved land",45,0,0,0,0
2022,"Kapasiwin, Summer village","4811044","Total",45,0,0,0,0
2022,"Kapasiwin, Summer village","4811044","Vacant",0,0,0,0,0
2022,"Kapuskasing, Town","3556066","Improved land",2940,2925,2915,15,30
2022,"Kapuskasing, Town","3556066","Total",3400,3380,3365,20,35
2022,"Kapuskasing, Town","3556066","Vacant",460,455,450,5,10
2022,"Kars, Parish","1305036","Improved land",345,335,325,10,20
2022,"Kars, Parish","1305036","Total",550,525,505,25,45
2022,"Kars, Parish","1305036","Vacant",205,190,180,15,25
2022,"Kaslo, Village","5903023","Improved land",540,525,505,15,35
2022,"Kaslo, Village","5903023","Total",755,730,710,25,40
2022,"Kaslo, Village","5903023","Vacant",215,205,205,10,10
2022,"Katepwa, Resort village","4706050","Improved land",350,0,0,0,0
2022,"Katepwa, Resort village","4706050","Total",505,0,0,0,0
2022,"Katepwa, Resort village","4706050","Vacant",155,0,0,0,0
2022,"Kawartha Lakes, Census agglomeration (CA)","530","Improved land",35680,35190,34845,495,835
2022,"Kawartha Lakes, Census agglomeration (CA)","530","Total",39820,39200,38795,620,1025
2022,"Kawartha Lakes, Census agglomeration (CA)","530","Vacant",4140,4015,3950,125,190
2022,"Kawartha Lakes, City","3516010","Improved land",35680,35190,34845,495,835
2022,"Kawartha Lakes, City","3516010","Total",39820,39200,38795,620,1025
2022,"Kawartha Lakes, City","3516010","Vacant",4140,4015,3950,125,190
2022,"Kearney, Town","3549018","Improved land",1270,1220,1200,50,70
2022,"Kearney, Town","3549018","Total",2030,1940,1905,90,125
2022,"Kearney, Town","3549018","Vacant",760,720,705,40,55
2022,"Kedgwick, Rural community","1314020","Improved land",885,870,840,15,45
2022,"Kedgwick, Rural community","1314020","Total",1130,1110,1070,20,60
2022,"Kedgwick, Rural community","1314020","Vacant",245,240,230,5,15
2022,"Kelliher, Village","4710009","Improved land",130,0,0,0,0
2022,"Kelliher, Village","4710009","Total",205,0,0,0,0
2022,"Kelliher, Village","4710009","Vacant",75,0,0,0,0
2022,"Kellross No. 247, Rural municipality","4710008","Improved land",125,0,0,0,0
2022,"Kellross No. 247, Rural municipality","4710008","Total",405,0,0,0,0
2022,"Kellross No. 247, Rural municipality","4710008","Vacant",280,0,0,0,0
2022,"Kelowna, Census metropolitan area (CMA)","915","Improved land",75055,73855,72865,1200,2200
2022,"Kelowna, Census metropolitan area (CMA)","915","Total",78350,77050,76010,1295,2340
2022,"Kelowna, Census metropolitan area (CMA)","915","Vacant",3295,3200,3145,95,150
2022,"Kelowna, City","5935010","Improved land",50615,49780,49130,840,1485
2022,"Kelowna, City","5935010","Total",51675,50815,50155,860,1520
2022,"Kelowna, City","5935010","Vacant",1060,1040,1025,20,35
2022,"Kelsey, Rural municipality","4621052","Improved land",960,935,920,25,40
2022,"Kelsey, Rural municipality","4621052","Total",1335,1295,1275,40,60
2022,"Kelsey, Rural municipality","4621052","Vacant",375,360,355,15,20
2022,"Kelvington No. 366, Rural municipality","4714021","Improved land",265,0,0,0,0
2022,"Kelvington No. 366, Rural municipality","4714021","Total",280,0,0,0,0
2022,"Kelvington No. 366, Rural municipality","4714021","Vacant",15,0,0,0,0
2022,"Kelvington, Town","4714022","Improved land",420,0,0,0,0
2022,"Kelvington, Town","4714022","Total",525,0,0,0,0
2022,"Kelvington, Town","4714022","Vacant",105,0,0,0,0
2022,"Kenaston, Village","4711036","Improved land",145,0,0,0,0
2022,"Kenaston, Village","4711036","Total",170,0,0,0,0
2022,"Kenaston, Village","4711036","Vacant",25,0,0,0,0
2022,"Kendal, Village","4706003","Improved land",50,0,0,0,0
2022,"Kendal, Village","4706003","Total",60,0,0,0,0
2022,"Kendal, Village","4706003","Vacant",10,0,0,0,0
2022,"Kennedy, Village","4701077","Improved land",120,0,0,0,0
2022,"Kennedy, Village","4701077","Total",150,0,0,0,0
2022,"Kennedy, Village","4701077","Vacant",30,0,0,0,0
2022,"Keno Hill, Settlement","6001052","Improved land",40,0,0,0,0
2022,"Keno Hill, Settlement","6001052","Total",60,0,0,0,0
2022,"Keno Hill, Settlement","6001052","Vacant",20,0,0,0,0
2022,"Kenora, Census agglomeration (CA)","598","Improved land",6185,6105,6060,80,125
2022,"Kenora, Census agglomeration (CA)","598","Total",7400,7275,7215,125,185
2022,"Kenora, Census agglomeration (CA)","598","Vacant",1215,1170,1155,45,60
2022,"Kenora, City","3560010","Improved land",6185,6105,6060,80,125
2022,"Kenora, City","3560010","Total",7400,7275,7215,125,185
2022,"Kenora, City","3560010","Vacant",1215,1170,1155,45,60
2022,"Kenora, Unorganized, Unorganized","3560090","Improved land",8690,7710,7495,980,1190
2022,"Kenora, Unorganized, Unorganized","3560090","Total",11720,10325,10045,1395,1675
2022,"Kenora, Unorganized, Unorganized","3560090","Vacant",3030,2615,2550,415,480
2022,"Kenosee Lake, Village","4701079","Improved land",135,0,0,0,0
2022,"Kenosee Lake, Village","4701079","Total",155,0,0,0,0
2022,"Kenosee Lake, Village","4701079","Vacant",20,0,0,0,0
2022,"Kensington, Part 1, Fire district","1103067","Improved land",1340,1315,1280,30,65
2022,"Kensington, Part 1, Fire district","1103067","Total",1490,1450,1415,35,70
2022,"Kensington, Part 1, Fire district","1103067","Vacant",145,135,135,5,5
2022,"Kensington, Part 2, Fire district","1102066","Improved land",305,295,280,5,15
2022,"Kensington, Part 2, Fire district","1102066","Total",315,310,300,5,15
2022,"Kensington, Part 2, Fire district","1102066","Vacant",20,20,20,0,0
2022,"Kensington, Town","1103014","Improved land",575,560,560,10,10
2022,"Kensington, Town","1103014","Total",590,585,575,10,10
2022,"Kensington, Town","1103014","Vacant",15,15,15,0,0
2022,"Kent, District municipality","5909032","Improved land",1995,1975,1950,20,50
2022,"Kent, District municipality","5909032","Total",2125,2100,2070,25,50
2022,"Kent, District municipality","5909032","Vacant",125,125,120,0,5
2022,"Kent, Parish","1311028","Improved land",965,955,935,10,40
2022,"Kent, Parish","1311028","Total",1410,1365,1330,45,80
2022,"Kent, Parish","1311028","Vacant",445,410,405,35,40
2022,"Kentville, Census agglomeration (CA)","210","Improved land",9955,9865,9710,90,245
2022,"Kentville, Census agglomeration (CA)","210","Total",11205,11075,10885,130,320
2022,"Kentville, Census agglomeration (CA)","210","Vacant",1250,1210,1175,40,70
2022,"Kentville, Town","1207012","Improved land",2095,2075,2040,20,55
2022,"Kentville, Town","1207012","Total",2320,2295,2260,25,60
2022,"Kentville, Town","1207012","Vacant",225,220,220,5,5
2022,"Keremeos, Village","5907009","Improved land",690,675,665,15,25
2022,"Keremeos, Village","5907009","Total",730,715,705,15,25
2022,"Keremeos, Village","5907009","Vacant",40,40,40,0,0
2022,"Kerns, Township","3554024","Improved land",125,125,125,0,0
2022,"Kerns, Township","3554024","Total",140,140,140,0,0
2022,"Kerns, Township","3554024","Vacant",15,15,15,0,0
2022,"Kerrobert, Town","4713042","Improved land",460,0,0,0,0
2022,"Kerrobert, Town","4713042","Total",545,0,0,0,0
2022,"Kerrobert, Town","4713042","Vacant",85,0,0,0,0
2022,"Key West No. 70, Rural municipality","4702057","Improved land",170,0,0,0,0
2022,"Key West No. 70, Rural municipality","4702057","Total",255,0,0,0,0
2022,"Key West No. 70, Rural municipality","4702057","Vacant",85,0,0,0,0
2022,"Keys No. 303, Rural municipality","4709046","Improved land",205,0,0,0,0
2022,"Keys No. 303, Rural municipality","4709046","Total",245,0,0,0,0
2022,"Keys No. 303, Rural municipality","4709046","Vacant",40,0,0,0,0
2022,"Killaloe, Hagarty and Richards, Township","3547033","Improved land",1595,1565,1545,30,50
2022,"Killaloe, Hagarty and Richards, Township","3547033","Total",2135,2090,2060,45,75
2022,"Killaloe, Hagarty and Richards, Township","3547033","Vacant",540,525,515,15,25
2022,"Killaly, Village","4705062","Improved land",35,0,0,0,0
2022,"Killaly, Village","4705062","Total",80,0,0,0,0
2022,"Killaly, Village","4705062","Vacant",45,0,0,0,0
2022,"Killam, Town","4807042","Improved land",400,0,0,0,0
2022,"Killam, Town","4807042","Total",465,0,0,0,0
2022,"Killam, Town","4807042","Vacant",60,0,0,0,0
2022,"Killarney - Turtle Mountain, Rural municipality","4605025","Improved land",1450,1435,1425,15,25
2022,"Killarney - Turtle Mountain, Rural municipality","4605025","Total",1885,1860,1845,25,40
2022,"Killarney - Turtle Mountain, Rural municipality","4605025","Vacant",435,425,420,10,15
2022,"Killarney, Municipality","3552036","Improved land",900,785,755,120,150
2022,"Killarney, Municipality","3552036","Total",1200,1050,1020,150,180
2022,"Killarney, Municipality","3552036","Vacant",295,265,265,30,30
2022,"Kimberley, City","5901028","Improved land",3915,3790,3650,130,260
2022,"Kimberley, City","5901028","Total",4350,4205,4065,145,285
2022,"Kimberley, City","5901028","Vacant",435,420,415,15,20
2022,"Kimmirut, Hamlet","6204005","Improved land",0,0,0,0,0
2022,"Kimmirut, Hamlet","6204005","Total",205,200,200,5,5
2022,"Kimmirut, Hamlet","6204005","Vacant",0,0,0,0,0
2022,"Kincaid, Village","4703051","Improved land",80,0,0,0,0
2022,"Kincaid, Village","4703051","Total",115,0,0,0,0
2022,"Kincaid, Village","4703051","Vacant",35,0,0,0,0
2022,"Kincardine, Municipality","3541024","Improved land",5665,5590,5545,75,120
2022,"Kincardine, Municipality","3541024","Total",6290,6180,6135,110,155
2022,"Kincardine, Municipality","3541024","Vacant",625,590,590,35,35
2022,"Kindersley No. 290, Rural municipality","4713006","Improved land",265,0,0,0,0
2022,"Kindersley No. 290, Rural municipality","4713006","Total",470,0,0,0,0
2022,"Kindersley No. 290, Rural municipality","4713006","Vacant",205,0,0,0,0
2022,"Kindersley, Town","4713008","Improved land",1645,0,0,0,0
2022,"Kindersley, Town","4713008","Total",1795,0,0,0,0
2022,"Kindersley, Town","4713008","Vacant",150,0,0,0,0
2022,"King George No. 256, Rural municipality","4707066","Improved land",95,0,0,0,0
2022,"King George No. 256, Rural municipality","4707066","Total",95,0,0,0,0
2022,"King George No. 256, Rural municipality","4707066","Vacant",0,0,0,0,0
2022,"King's Point, Town","1008069","Improved land",0,0,0,0,0
2022,"King's Point, Town","1008069","Total",475,465,460,10,20
2022,"King's Point, Town","1008069","Vacant",0,0,0,0,0
2022,"King, Township","3519049","Improved land",9010,8910,8835,100,175
2022,"King, Township","3519049","Total",9510,9400,9320,110,190
2022,"King, Township","3519049","Vacant",500,490,485,10,15
2022,"Kings, Subd. A, Subdivision of county municipality","1207001","Improved land",9400,9260,9120,140,280
2022,"Kings, Subd. A, Subdivision of county municipality","1207001","Total",11000,10765,10580,235,420
2022,"Kings, Subd. A, Subdivision of county municipality","1207001","Vacant",1595,1505,1460,90,135
2022,"Kings, Subd. B, Subdivision of county municipality","1207016","Improved land",4995,4945,4865,50,130
2022,"Kings, Subd. B, Subdivision of county municipality","1207016","Total",5700,5610,5515,85,185
2022,"Kings, Subd. B, Subdivision of county municipality","1207016","Vacant",705,670,650,35,55
2022,"Kings, Subd. C, Subdivision of county municipality","1207011","Improved land",2865,2845,2805,20,60
2022,"Kings, Subd. C, Subdivision of county municipality","1207011","Total",3185,3165,3110,20,75
2022,"Kings, Subd. C, Subdivision of county municipality","1207011","Vacant",320,320,305,0,15
2022,"Kings, Subd. D, Subdivision of county municipality","1207021","Improved land",2425,2390,2345,35,80
2022,"Kings, Subd. D, Subdivision of county municipality","1207021","Total",2905,2850,2795,55,105
2022,"Kings, Subd. D, Subdivision of county municipality","1207021","Vacant",480,460,450,20,30
2022,"Kingsclear, Parish","1310018","Improved land",1120,1110,1095,10,25
2022,"Kingsclear, Parish","1310018","Total",1450,1430,1410,20,40
2022,"Kingsclear, Parish","1310018","Vacant",330,320,315,10,15
2022,"Kingsley No. 124, Rural municipality","4705014","Improved land",80,0,0,0,0
2022,"Kingsley No. 124, Rural municipality","4705014","Total",185,0,0,0,0
2022,"Kingsley No. 124, Rural municipality","4705014","Vacant",105,0,0,0,0
2022,"Kingston, Census metropolitan area (CMA)","521","Improved land",59275,58110,57585,1170,1700
2022,"Kingston, Census metropolitan area (CMA)","521","Total",63930,62505,61920,1425,2010
2022,"Kingston, Census metropolitan area (CMA)","521","Vacant",4650,4395,4335,255,320
2022,"Kingston, City","3510010","Improved land",41340,40870,40540,470,800
2022,"Kingston, City","3510010","Total",43040,42550,42210,490,830
2022,"Kingston, City","3510010","Vacant",1700,1680,1670,20,30
2022,"Kingston, Parish","1305014","Improved land",1740,1695,1650,45,90
2022,"Kingston, Parish","1305014","Total",2595,2510,2430,85,165
2022,"Kingston, Parish","1305014","Vacant",855,815,780,40,75
2022,"Kingston, Rural municipality","1102022","Improved land",445,445,435,0,10
2022,"Kingston, Rural municipality","1102022","Total",465,465,455,0,10
2022,"Kingston, Rural municipality","1102022","Vacant",20,20,20,0,0
2022,"Kingsville, Town","3537013","Improved land",8285,8140,8090,145,195
2022,"Kingsville, Town","3537013","Total",9015,8840,8785,175,230
2022,"Kingsville, Town","3537013","Vacant",730,700,695,30,35
2022,"Kinistino No. 459, Rural municipality","4715071","Improved land",245,0,0,0,0
2022,"Kinistino No. 459, Rural municipality","4715071","Total",290,0,0,0,0
2022,"Kinistino No. 459, Rural municipality","4715071","Vacant",45,0,0,0,0
2022,"Kinistino, Town","4715074","Improved land",280,0,0,0,0
2022,"Kinistino, Town","4715074","Total",330,0,0,0,0
2022,"Kinistino, Town","4715074","Vacant",50,0,0,0,0
2022,"Kinkora, Fire district","1103003","Improved land",935,870,830,60,100
2022,"Kinkora, Fire district","1103003","Total",1060,990,945,65,110
2022,"Kinkora, Fire district","1103003","Vacant",125,120,115,5,10
2022,"Kinkora, Rural municipality","1103008","Improved land",135,130,130,0,0
2022,"Kinkora, Rural municipality","1103008","Total",130,130,130,0,0
2022,"Kinkora, Rural municipality","1103008","Vacant",0,0,0,0,0
2022,"Kinley, Village","4712052","Improved land",35,0,0,0,0
2022,"Kinley, Village","4712052","Total",80,0,0,0,0
2022,"Kinley, Village","4712052","Vacant",45,0,0,0,0
2022,"Kipling, Town","4705016","Improved land",470,0,0,0,0
2022,"Kipling, Town","4705016","Total",500,0,0,0,0
2022,"Kipling, Town","4705016","Vacant",30,0,0,0,0
2022,"Kippens, Town","1004020","Improved land",0,0,0,0,0
2022,"Kippens, Town","1004020","Total",1000,970,945,40,55
2022,"Kippens, Town","1004020","Vacant",0,0,0,0,0
2022,"Kirkland Lake, Town","3554068","Improved land",3030,2985,2955,45,75
2022,"Kirkland Lake, Town","3554068","Total",4190,4105,4065,85,125
2022,"Kirkland Lake, Town","3554068","Vacant",1160,1120,1110,40,50
2022,"Kisbey, Village","4701061","Improved land",100,0,0,0,0
2022,"Kisbey, Village","4701061","Total",145,0,0,0,0
2022,"Kisbey, Village","4701061","Vacant",45,0,0,0,0
2022,"Kitchener - Cambridge - Waterloo, Census metropolitan area (CMA)","541","Improved land",174610,172700,171520,1920,3090
2022,"Kitchener - Cambridge - Waterloo, Census metropolitan area (CMA)","541","Total",179590,177635,176435,1955,3155
2022,"Kitchener - Cambridge - Waterloo, Census metropolitan area (CMA)","541","Vacant",4980,4945,4915,35,65
2022,"Kitchener, City","3530013","Improved land",76740,75935,75410,805,1330
2022,"Kitchener, City","3530013","Total",78680,77865,77325,815,1355
2022,"Kitchener, City","3530013","Vacant",1940,1930,1915,10,25
2022,"Kitimat, District municipality","5949005","Improved land",3555,3500,3465,55,90
2022,"Kitimat, District municipality","5949005","Total",3800,3745,3705,55,95
2022,"Kitimat, District municipality","5949005","Vacant",245,245,240,0,5
2022,"Kitimat-Stikine A, Regional district electoral area","5949039","Improved land",115,110,100,5,15
2022,"Kitimat-Stikine A, Regional district electoral area","5949039","Total",410,395,385,15,25
2022,"Kitimat-Stikine A, Regional district electoral area","5949039","Vacant",295,285,285,10,10
2022,"Kitimat-Stikine B, Regional district electoral area","5949028","Improved land",715,675,650,40,65
2022,"Kitimat-Stikine B, Regional district electoral area","5949028","Total",4135,4075,4045,60,90
2022,"Kitimat-Stikine B, Regional district electoral area","5949028","Vacant",3420,3400,3395,20,25
2022,"Kitimat-Stikine C (Part 1), Regional district electoral area","5949013","Improved land",1355,1320,1280,40,75
2022,"Kitimat-Stikine C (Part 1), Regional district electoral area","5949013","Total",2125,2055,1940,70,185
2022,"Kitimat-Stikine C (Part 1), Regional district electoral area","5949013","Vacant",765,735,655,30,110
2022,"Kitimat-Stikine C (Part 2), Regional district electoral area","5949020","Improved land",0,0,0,0,0
2022,"Kitimat-Stikine C (Part 2), Regional district electoral area","5949020","Total",20,20,20,0,0
2022,"Kitimat-Stikine C (Part 2), Regional district electoral area","5949020","Vacant",20,20,20,0,0
2022,"Kitimat-Stikine D, Regional district electoral area","5949041","Improved land",75,60,60,10,10
2022,"Kitimat-Stikine D, Regional district electoral area","5949041","Total",190,170,170,20,20
2022,"Kitimat-Stikine D, Regional district electoral area","5949041","Vacant",120,110,110,10,10
2022,"Kitimat-Stikine E, Regional district electoral area","5949018","Improved land",1190,1170,1155,20,35
2022,"Kitimat-Stikine E, Regional district electoral area","5949018","Total",1325,1300,1280,25,45
2022,"Kitimat-Stikine E, Regional district electoral area","5949018","Vacant",135,130,125,5,10
2022,"Kitimat-Stikine F, Regional district electoral area","5949038","Improved land",190,185,180,5,10
2022,"Kitimat-Stikine F, Regional district electoral area","5949038","Total",270,250,245,25,25
2022,"Kitimat-Stikine F, Regional district electoral area","5949038","Vacant",80,70,65,10,15
2022,"Kitscoty, Village","4810041","Improved land",345,0,0,0,0
2022,"Kitscoty, Village","4810041","Total",390,0,0,0,0
2022,"Kitscoty, Village","4810041","Vacant",45,0,0,0,0
2022,"Kivimaa-Moonlight Bay, Resort village","4717042","Improved land",85,0,0,0,0
2022,"Kivimaa-Moonlight Bay, Resort village","4717042","Total",185,0,0,0,0
2022,"Kivimaa-Moonlight Bay, Resort village","4717042","Vacant",100,0,0,0,0
2022,"Kootenay Boundary A, Regional district electoral area","5905026","Improved land",700,695,690,5,10
2022,"Kootenay Boundary A, Regional district electoral area","5905026","Total",870,860,855,10,15
2022,"Kootenay Boundary A, Regional district electoral area","5905026","Vacant",170,165,165,5,5
2022,"Kootenay Boundary B / Lower Columbia-Old-Glory, Regional district electoral area","5905030","Improved land",600,590,585,10,15
2022,"Kootenay Boundary B / Lower Columbia-Old-Glory, Regional district electoral area","5905030","Total",1060,1045,1030,15,35
2022,"Kootenay Boundary B / Lower Columbia-Old-Glory, Regional district electoral area","5905030","Vacant",460,455,445,5,15
2022,"Kootenay Boundary C / Christina Lake, Regional district electoral area","5905050","Improved land",1345,1275,1220,65,120
2022,"Kootenay Boundary C / Christina Lake, Regional district electoral area","5905050","Total",1815,1725,1655,90,160
2022,"Kootenay Boundary C / Christina Lake, Regional district electoral area","5905050","Vacant",475,450,435,25,40
2022,"Kootenay Boundary D / Rural Grand Forks, Regional district electoral area","5905052","Improved land",1365,1345,1315,20,45
2022,"Kootenay Boundary D / Rural Grand Forks, Regional district electoral area","5905052","Total",4795,4735,4710,60,85
2022,"Kootenay Boundary D / Rural Grand Forks, Regional district electoral area","5905052","Vacant",3430,3390,3390,40,40
2022,"Kootenay Boundary E / West Boundary, Regional district electoral area","5905054","Improved land",3330,2990,2895,340,430
2022,"Kootenay Boundary E / West Boundary, Regional district electoral area","5905054","Total",5585,5170,5055,415,530
2022,"Kootenay Boundary E / West Boundary, Regional district electoral area","5905054","Vacant",2255,2180,2155,75,100
2022,"Krydor, Village","4716019","Improved land",50,0,0,0,0
2022,"Krydor, Village","4716019","Total",175,0,0,0,0
2022,"Krydor, Village","4716019","Vacant",125,0,0,0,0
2022,"Kugaaruk, Hamlet","6208047","Improved land",0,0,0,0,0
2022,"Kugaaruk, Hamlet","6208047","Total",235,235,230,0,5
2022,"Kugaaruk, Hamlet","6208047","Vacant",0,0,0,0,0
2022,"Kugluktuk, Hamlet","6208059","Improved land",0,0,0,0,0
2022,"Kugluktuk, Hamlet","6208059","Total",635,630,625,5,10
2022,"Kugluktuk, Hamlet","6208059","Vacant",0,0,0,0,0
2022,"Kyle, Town","4708044","Improved land",210,0,0,0,0
2022,"Kyle, Town","4708044","Total",240,0,0,0,0
2022,"Kyle, Town","4708044","Vacant",30,0,0,0,0
2022,"L'Anse au Loup, Town","1010002","Improved land",0,0,0,0,0
2022,"L'Anse au Loup, Town","1010002","Total",280,270,270,10,10
2022,"L'Anse au Loup, Town","1010002","Vacant",0,0,0,0,0
2022,"L'Anse-au-Clair, Town","1010004","Improved land",0,0,0,0,0
2022,"L'Anse-au-Clair, Town","1010004","Total",110,110,110,0,0
2022,"L'Anse-au-Clair, Town","1010004","Vacant",0,0,0,0,0
2022,"La Broquerie, Rural municipality","4602053","Improved land",1980,1950,1920,30,60
2022,"La Broquerie, Rural municipality","4602053","Total",2360,2315,2280,45,80
2022,"La Broquerie, Rural municipality","4602053","Vacant",375,360,355,15,20
2022,"La Loche, Northern village","4718074","Improved land",520,0,0,0,0
2022,"La Loche, Northern village","4718074","Total",775,0,0,0,0
2022,"La Loche, Northern village","4718074","Vacant",255,0,0,0,0
2022,"La Ronge, Town","4718041","Improved land",885,0,0,0,0
2022,"La Ronge, Town","4718041","Total",1315,0,0,0,0
2022,"La Ronge, Town","4718041","Vacant",430,0,0,0,0
2022,"La Vallee, Township","3559016","Improved land",390,380,380,10,10
2022,"La Vallee, Township","3559016","Total",580,535,530,45,50
2022,"La Vallee, Township","3559016","Vacant",190,155,150,35,40
2022,"LaSalle, Town","3537034","Improved land",11620,11500,11410,120,205
2022,"LaSalle, Town","3537034","Total",12260,12130,12035,130,225
2022,"LaSalle, Town","3537034","Vacant",640,630,625,10,15
2022,"LaScie, Town","1008076","Improved land",0,0,0,0,0
2022,"LaScie, Town","1008076","Total",510,495,495,15,15
2022,"LaScie, Town","1008076","Vacant",0,0,0,0,0
2022,"Labrador City, Town","1010032","Improved land",0,0,0,0,0
2022,"Labrador City, Town","1010032","Total",2940,2895,2830,45,110
2022,"Labrador City, Town","1010032","Vacant",0,0,0,0,0
2022,"Lac Baker, Village","1313037","Improved land",485,465,440,20,40
2022,"Lac Baker, Village","1313037","Total",700,665,625,40,75
2022,"Lac Baker, Village","1313037","Vacant",220,200,185,20,35
2022,"Lac Pelletier No. 107, Rural municipality","4704061","Improved land",255,0,0,0,0
2022,"Lac Pelletier No. 107, Rural municipality","4704061","Total",295,0,0,0,0
2022,"Lac Pelletier No. 107, Rural municipality","4704061","Vacant",40,0,0,0,0
2022,"Lac Ste. Anne County, Municipal district","4813001","Improved land",5740,0,0,0,0
2022,"Lac Ste. Anne County, Municipal district","4813001","Total",6880,0,0,0,0
2022,"Lac Ste. Anne County, Municipal district","4813001","Vacant",1140,0,0,0,0
2022,"Lac du Bonnet, Rural municipality","4601057","Improved land",2515,2465,2415,50,100
2022,"Lac du Bonnet, Rural municipality","4601057","Total",3390,3325,3275,60,115
2022,"Lac du Bonnet, Rural municipality","4601057","Vacant",870,860,855,10,15
2022,"Lac du Bonnet, Town","4601060","Improved land",510,510,505,5,5
2022,"Lac du Bonnet, Town","4601060","Total",550,545,545,5,5
2022,"Lac du Bonnet, Town","4601060","Vacant",40,40,40,0,0
2022,"Lac la Biche County, Specialized municipality","4812037","Improved land",3815,0,0,0,0
2022,"Lac la Biche County, Specialized municipality","4812037","Total",5050,0,0,0,0
2022,"Lac la Biche County, Specialized municipality","4812037","Vacant",1245,0,0,0,0
2022,"Lacadena No. 228, Rural municipality","4708042","Improved land",65,0,0,0,0
2022,"Lacadena No. 228, Rural municipality","4708042","Total",455,0,0,0,0
2022,"Lacadena No. 228, Rural municipality","4708042","Vacant",390,0,0,0,0
2022,"Lacombe County, Municipal district","4808022","Improved land",4145,0,0,0,0
2022,"Lacombe County, Municipal district","4808022","Total",5015,0,0,0,0
2022,"Lacombe County, Municipal district","4808022","Vacant",870,0,0,0,0
2022,"Lacombe, Census agglomeration (CA)","832","Improved land",4715,0,0,0,0
2022,"Lacombe, Census agglomeration (CA)","832","Total",4910,0,0,0,0
2022,"Lacombe, Census agglomeration (CA)","832","Vacant",190,0,0,0,0
2022,"Lacombe, City","4808031","Improved land",4715,0,0,0,0
2022,"Lacombe, City","4808031","Total",4910,0,0,0,0
2022,"Lacombe, City","4808031","Vacant",190,0,0,0,0
2022,"Ladysmith, Census agglomeration (CA)","936","Improved land",5890,5790,5710,95,175
2022,"Ladysmith, Census agglomeration (CA)","936","Total",6400,6280,6185,120,215
2022,"Ladysmith, Census agglomeration (CA)","936","Vacant",510,490,475,20,35
2022,"Ladysmith, Town","5919021","Improved land",3525,3485,3445,40,80
2022,"Ladysmith, Town","5919021","Total",3715,3675,3630,40,85
2022,"Ladysmith, Town","5919021","Vacant",190,190,185,0,5
2022,"Lafleche, Town","4703044","Improved land",200,0,0,0,0
2022,"Lafleche, Town","4703044","Total",285,0,0,0,0
2022,"Lafleche, Town","4703044","Vacant",90,0,0,0,0
2022,"Laird No. 404, Rural municipality","4715026","Improved land",425,0,0,0,0
2022,"Laird No. 404, Rural municipality","4715026","Total",585,0,0,0,0
2022,"Laird No. 404, Rural municipality","4715026","Vacant",160,0,0,0,0
2022,"Laird, Township","3557011","Improved land",580,565,560,15,20
2022,"Laird, Township","3557011","Total",850,805,795,45,55
2022,"Laird, Township","3557011","Vacant",270,240,235,30,35
2022,"Laird, Village","4715029","Improved land",120,0,0,0,0
2022,"Laird, Village","4715029","Total",160,0,0,0,0
2022,"Laird, Village","4715029","Vacant",40,0,0,0,0
2022,"Lajord No. 128, Rural municipality","4706011","Improved land",400,0,0,0,0
2022,"Lajord No. 128, Rural municipality","4706011","Total",780,0,0,0,0
2022,"Lajord No. 128, Rural municipality","4706011","Vacant",380,0,0,0,0
2022,"Lake Alma No. 8, Rural municipality","4702011","Improved land",150,0,0,0,0
2022,"Lake Alma No. 8, Rural municipality","4702011","Total",205,0,0,0,0
2022,"Lake Alma No. 8, Rural municipality","4702011","Vacant",55,0,0,0,0
2022,"Lake Country, District municipality","5935016","Improved land",5405,5320,5230,75,175
2022,"Lake Country, District municipality","5935016","Total",5725,5640,5540,85,185
2022,"Lake Country, District municipality","5935016","Vacant",330,320,310,10,20
2022,"Lake Cowichan, Town","5919016","Improved land",1525,1505,1480,20,45
2022,"Lake Cowichan, Town","5919016","Total",1710,1690,1660,20,50
2022,"Lake Cowichan, Town","5919016","Vacant",185,185,180,0,5
2022,"Lake Johnston No. 102, Rural municipality","4703093","Improved land",80,0,0,0,0
2022,"Lake Johnston No. 102, Rural municipality","4703093","Total",150,0,0,0,0
2022,"Lake Johnston No. 102, Rural municipality","4703093","Vacant",70,0,0,0,0
2022,"Lake Lenore No. 399, Rural municipality","4715048","Improved land",280,0,0,0,0
2022,"Lake Lenore No. 399, Rural municipality","4715048","Total",440,0,0,0,0
2022,"Lake Lenore No. 399, Rural municipality","4715048","Vacant",160,0,0,0,0
2022,"Lake Lenore, Village","4715006","Improved land",125,0,0,0,0
2022,"Lake Lenore, Village","4715006","Total",155,0,0,0,0
2022,"Lake Lenore, Village","4715006","Vacant",30,0,0,0,0
2022,"Lake of Bays, Township","3544027","Improved land",4860,4650,4525,210,335
2022,"Lake of Bays, Township","3544027","Total",7145,6855,6700,290,445
2022,"Lake of Bays, Township","3544027","Vacant",2285,2205,2175,80,110
2022,"Lake of the Rivers No. 72, Rural municipality","4703034","Improved land",115,0,0,0,0
2022,"Lake of the Rivers No. 72, Rural municipality","4703034","Total",135,0,0,0,0
2022,"Lake of the Rivers No. 72, Rural municipality","4703034","Vacant",20,0,0,0,0
2022,"Lake of the Woods, Township","3559047","Improved land",590,285,270,305,320
2022,"Lake of the Woods, Township","3559047","Total",1070,555,530,515,540
2022,"Lake of the Woods, Township","3559047","Vacant",480,270,260,210,220
2022,"Lakeland No. 521, Rural municipality","4715075","Improved land",760,0,0,0,0
2022,"Lakeland No. 521, Rural municipality","4715075","Total",1185,0,0,0,0
2022,"Lakeland No. 521, Rural municipality","4715075","Vacant",425,0,0,0,0
2022,"Lakeshore, Rural municipality","4617075","Improved land",910,885,865,25,45
2022,"Lakeshore, Rural municipality","4617075","Total",1355,1310,1285,45,70
2022,"Lakeshore, Rural municipality","4617075","Vacant",445,425,420,20,25
2022,"Lakeshore, Town","3537064","Improved land",14135,13885,13795,245,340
2022,"Lakeshore, Town","3537064","Total",15605,15300,15195,305,410
2022,"Lakeshore, Town","3537064","Vacant",1470,1410,1400,60,70
2022,"Lakeside No. 338, Rural municipality","4710061","Improved land",80,0,0,0,0
2022,"Lakeside No. 338, Rural municipality","4710061","Total",150,0,0,0,0
2022,"Lakeside No. 338, Rural municipality","4710061","Vacant",70,0,0,0,0
2022,"Lakeview No. 337, Rural municipality","4710066","Improved land",200,0,0,0,0
2022,"Lakeview No. 337, Rural municipality","4710066","Total",385,0,0,0,0
2022,"Lakeview No. 337, Rural municipality","4710066","Vacant",185,0,0,0,0
2022,"Lakeview, Summer village","4811042","Improved land",40,0,0,0,0
2022,"Lakeview, Summer village","4811042","Total",50,0,0,0,0
2022,"Lakeview, Summer village","4811042","Vacant",10,0,0,0,0
2022,"Lamaline, Town","1002012","Improved land",0,0,0,0,0
2022,"Lamaline, Town","1002012","Total",205,200,200,5,5
2022,"Lamaline, Town","1002012","Vacant",0,0,0,0,0
2022,"Lambton Shores, Municipality","3538040","Improved land",6700,6465,6405,235,295
2022,"Lambton Shores, Municipality","3538040","Total",7575,7295,7225,280,350
2022,"Lambton Shores, Municipality","3538040","Vacant",875,830,820,45,55
2022,"Lamont County, Municipal district","4810058","Improved land",0,0,0,0,0
2022,"Lamont County, Municipal district","4810058","Total",0,0,0,0,0
2022,"Lamont County, Municipal district","4810058","Vacant",0,0,0,0,0
2022,"Lamont, Town","4810064","Improved land",2500,0,0,0,0
2022,"Lamont, Town","4810064","Total",2805,0,0,0,0
2022,"Lamont, Town","4810064","Vacant",305,0,0,0,0
2022,"Lampman, Town","4701032","Improved land",295,0,0,0,0
2022,"Lampman, Town","4701032","Total",340,0,0,0,0
2022,"Lampman, Town","4701032","Vacant",45,0,0,0,0
2022,"Lamèque, Town","1315032","Improved land",500,500,485,5,20
2022,"Lamèque, Town","1315032","Total",670,665,645,5,25
2022,"Lamèque, Town","1315032","Vacant",165,165,160,0,5
2022,"Lanark Highlands, Township","3509039","Improved land",3465,3370,3325,95,140
2022,"Lanark Highlands, Township","3509039","Total",4895,4750,4670,145,225
2022,"Lanark Highlands, Township","3509039","Vacant",1430,1380,1345,50,85
2022,"Lancer, Village","4708049","Improved land",50,0,0,0,0
2022,"Lancer, Village","4708049","Total",80,0,0,0,0
2022,"Lancer, Village","4708049","Vacant",30,0,0,0,0
2022,"Landis, Village","4713067","Improved land",80,0,0,0,0
2022,"Landis, Village","4713067","Total",110,0,0,0,0
2022,"Landis, Village","4713067","Vacant",30,0,0,0,0
2022,"Lang, Village","4702071","Improved land",100,0,0,0,0
2022,"Lang, Village","4702071","Total",120,0,0,0,0
2022,"Lang, Village","4702071","Vacant",20,0,0,0,0
2022,"Langenburg No. 181, Rural municipality","4705047","Improved land",240,0,0,0,0
2022,"Langenburg No. 181, Rural municipality","4705047","Total",300,0,0,0,0
2022,"Langenburg No. 181, Rural municipality","4705047","Vacant",60,0,0,0,0
2022,"Langenburg, Town","4705048","Improved land",500,0,0,0,0
2022,"Langenburg, Town","4705048","Total",575,0,0,0,0
2022,"Langenburg, Town","4705048","Vacant",75,0,0,0,0
2022,"Langford, City","5917044","Improved land",14285,14105,13910,180,375
2022,"Langford, City","5917044","Total",14655,14475,14275,180,380
2022,"Langford, City","5917044","Vacant",370,370,365,0,5
2022,"Langham, Town","4711067","Improved land",530,0,0,0,0
2022,"Langham, Town","4711067","Total",560,0,0,0,0
2022,"Langham, Town","4711067","Vacant",30,0,0,0,0
2022,"Langley, City","5915002","Improved land",10390,10225,10080,170,305
2022,"Langley, City","5915002","Total",10440,10265,10130,175,310
2022,"Langley, City","5915002","Vacant",55,50,50,5,5
2022,"Langley, District municipality","5915001","Improved land",40895,40330,39830,565,1065
2022,"Langley, District municipality","5915001","Total",42445,41870,41365,575,1080
2022,"Langley, District municipality","5915001","Vacant",1550,1540,1535,10,15
2022,"Lanigan, Town","4711049","Improved land",545,0,0,0,0
2022,"Lanigan, Town","4711049","Total",680,0,0,0,0
2022,"Lanigan, Town","4711049","Vacant",135,0,0,0,0
2022,"Lantzville, District municipality","5921008","Improved land",1425,1415,1400,10,25
2022,"Lantzville, District municipality","5921008","Total",1550,1535,1520,15,30
2022,"Lantzville, District municipality","5921008","Vacant",125,120,120,5,5
2022,"Larder Lake, Township","3554062","Improved land",490,475,460,15,30
2022,"Larder Lake, Township","3554062","Total",1255,1170,1140,85,115
2022,"Larder Lake, Township","3554062","Vacant",765,695,680,70,85
2022,"Lark Harbour, Town","1005024","Improved land",0,0,0,0,0
2022,"Lark Harbour, Town","1005024","Total",375,360,350,15,25
2022,"Lark Harbour, Town","1005024","Vacant",0,0,0,0,0
2022,"Larkspur, Summer village","4813033","Improved land",75,0,0,0,0
2022,"Larkspur, Summer village","4813033","Total",90,0,0,0,0
2022,"Larkspur, Summer village","4813033","Vacant",15,0,0,0,0
2022,"Lashburn, Town","4717024","Improved land",350,0,0,0,0
2022,"Lashburn, Town","4717024","Total",395,0,0,0,0
2022,"Lashburn, Town","4717024","Vacant",45,0,0,0,0
2022,"Last Mountain Valley No. 250, Rural municipality","4711003","Improved land",180,0,0,0,0
2022,"Last Mountain Valley No. 250, Rural municipality","4711003","Total",325,0,0,0,0
2022,"Last Mountain Valley No. 250, Rural municipality","4711003","Vacant",145,0,0,0,0
2022,"Latchford, Town","3554006","Improved land",225,215,215,10,15
2022,"Latchford, Town","3554006","Total",375,355,350,20,25
2022,"Latchford, Town","3554006","Vacant",150,140,140,10,10
2022,"Laurentian Hills, Town","3547090","Improved land",1365,1350,1330,15,35
2022,"Laurentian Hills, Town","3547090","Total",1845,1815,1780,30,65
2022,"Laurentian Hills, Town","3547090","Vacant",480,465,450,15,30
2022,"Laurentian Valley, Township","3547075","Improved land",3780,3760,3745,20,35
2022,"Laurentian Valley, Township","3547075","Total",4375,4335,4315,40,60
2022,"Laurentian Valley, Township","3547075","Vacant",595,575,570,20,25
2022,"Laurier No. 38, Rural municipality","4702029","Improved land",120,0,0,0,0
2022,"Laurier No. 38, Rural municipality","4702029","Total",130,0,0,0,0
2022,"Laurier No. 38, Rural municipality","4702029","Vacant",10,0,0,0,0
2022,"Lawn, Town","1002011","Improved land",0,0,0,0,0
2022,"Lawn, Town","1002011","Total",325,310,305,15,20
2022,"Lawn, Town","1002011","Vacant",0,0,0,0,0
2022,"Lawtonia No. 135, Rural municipality","4707014","Improved land",135,0,0,0,0
2022,"Lawtonia No. 135, Rural municipality","4707014","Total",135,0,0,0,0
2022,"Lawtonia No. 135, Rural municipality","4707014","Vacant",0,0,0,0,0
2022,"Le Goulet, Village","1315030","Improved land",325,315,305,5,15
2022,"Le Goulet, Village","1315030","Total",440,430,420,10,20
2022,"Le Goulet, Village","1315030","Vacant",115,110,110,5,5
2022,"Leader, Town","4708058","Improved land",385,0,0,0,0
2022,"Leader, Town","4708058","Total",430,0,0,0,0
2022,"Leader, Town","4708058","Vacant",45,0,0,0,0
2022,"Leading Tickles, Town","1008048","Improved land",0,0,0,0,0
2022,"Leading Tickles, Town","1008048","Total",210,200,200,10,10
2022,"Leading Tickles, Town","1008048","Vacant",0,0,0,0,0
2022,"Leaf Rapids, Town","4623034","Improved land",265,250,245,15,20
2022,"Leaf Rapids, Town","4623034","Total",445,425,420,20,25
2022,"Leaf Rapids, Town","4623034","Vacant",180,175,175,5,5
2022,"Leamington, Municipality","3537003","Improved land",9090,8935,8860,150,230
2022,"Leamington, Municipality","3537003","Total",9690,9525,9440,165,250
2022,"Leamington, Municipality","3537003","Vacant",600,585,580,15,20
2022,"Leask No. 464, Rural municipality","4716041","Improved land",410,0,0,0,0
2022,"Leask No. 464, Rural municipality","4716041","Total",530,0,0,0,0
2022,"Leask No. 464, Rural municipality","4716041","Vacant",120,0,0,0,0
2022,"Leask, Village","4716042","Improved land",220,0,0,0,0
2022,"Leask, Village","4716042","Total",335,0,0,0,0
2022,"Leask, Village","4716042","Vacant",115,0,0,0,0
2022,"Lebret, Village","4706049","Improved land",140,0,0,0,0
2022,"Lebret, Village","4706049","Total",205,0,0,0,0
2022,"Lebret, Village","4706049","Vacant",65,0,0,0,0
2022,"Leduc County, Municipal district","4811012","Improved land",5545,0,0,0,0
2022,"Leduc County, Municipal district","4811012","Total",6065,0,0,0,0
2022,"Leduc County, Municipal district","4811012","Vacant",520,0,0,0,0
2022,"Leduc, City","4811016","Improved land",11995,0,0,0,0
2022,"Leduc, City","4811016","Total",12450,0,0,0,0
2022,"Leduc, City","4811016","Vacant",450,0,0,0,0
2022,"Leeds and the Thousand Islands, Township","3507021","Improved land",5695,5105,5030,590,665
2022,"Leeds and the Thousand Islands, Township","3507021","Total",6910,6150,6055,760,855
2022,"Leeds and the Thousand Islands, Township","3507021","Vacant",1215,1045,1025,170,190
2022,"Legal, Town","4811069","Improved land",465,0,0,0,0
2022,"Legal, Town","4811069","Total",490,0,0,0,0
2022,"Legal, Town","4811069","Vacant",25,0,0,0,0
2022,"Lemberg, Town","4705066","Improved land",155,0,0,0,0
2022,"Lemberg, Town","4705066","Total",205,0,0,0,0
2022,"Lemberg, Town","4705066","Vacant",50,0,0,0,0
2022,"Leoville, Village","4716061","Improved land",150,0,0,0,0
2022,"Leoville, Village","4716061","Total",230,0,0,0,0
2022,"Leoville, Village","4716061","Vacant",80,0,0,0,0
2022,"Lepreau, Parish","1302008","Improved land",485,445,430,35,50
2022,"Lepreau, Parish","1302008","Total",705,645,620,60,80
2022,"Lepreau, Parish","1302008","Vacant",220,195,190,25,30
2022,"Leross, Village","4710011","Improved land",25,0,0,0,0
2022,"Leross, Village","4710011","Total",55,0,0,0,0
2022,"Leross, Village","4710011","Vacant",30,0,0,0,0
2022,"Leroy No. 339, Rural municipality","4710056","Improved land",195,0,0,0,0
2022,"Leroy No. 339, Rural municipality","4710056","Total",225,0,0,0,0
2022,"Leroy No. 339, Rural municipality","4710056","Vacant",30,0,0,0,0
2022,"Leroy, Town","4710058","Improved land",200,0,0,0,0
2022,"Leroy, Town","4710058","Total",265,0,0,0,0
2022,"Leroy, Town","4710058","Vacant",65,0,0,0,0
2022,"Leslie Beach, Resort village","4710035","Improved land",40,0,0,0,0
2022,"Leslie Beach, Resort village","4710035","Total",45,0,0,0,0
2022,"Leslie Beach, Resort village","4710035","Vacant",5,0,0,0,0
2022,"Lesser Slave River No. 124, Municipal district","4817033","Improved land",1510,0,0,0,0
2022,"Lesser Slave River No. 124, Municipal district","4817033","Total",2185,0,0,0,0
2022,"Lesser Slave River No. 124, Municipal district","4817033","Vacant",675,0,0,0,0
2022,"Lethbridge County, Municipal district","4802011","Improved land",2925,0,0,0,0
2022,"Lethbridge County, Municipal district","4802011","Total",3085,0,0,0,0
2022,"Lethbridge County, Municipal district","4802011","Vacant",165,0,0,0,0
2022,"Lethbridge, Census metropolitan area (CMA)","810","Improved land",44400,0,0,0,0
2022,"Lethbridge, Census metropolitan area (CMA)","810","Total",45780,0,0,0,0
2022,"Lethbridge, Census metropolitan area (CMA)","810","Vacant",1385,0,0,0,0
2022,"Lethbridge, City","4802012","Improved land",36355,0,0,0,0
2022,"Lethbridge, City","4802012","Total",37195,0,0,0,0
2022,"Lethbridge, City","4802012","Vacant",850,0,0,0,0
2022,"Lewin's Cove, Town","1002002","Improved land",0,0,0,0,0
2022,"Lewin's Cove, Town","1002002","Total",290,285,275,5,15
2022,"Lewin's Cove, Town","1002002","Vacant",0,0,0,0,0
2022,"Lewisporte, Town","1008044","Improved land",0,0,0,0,0
2022,"Lewisporte, Town","1008044","Total",1570,1540,1510,30,60
2022,"Lewisporte, Town","1008044","Vacant",0,0,0,0,0
2022,"Liberty, Village","4711009","Improved land",50,0,0,0,0
2022,"Liberty, Village","4711009","Total",90,0,0,0,0
2022,"Liberty, Village","4711009","Vacant",40,0,0,0,0
2022,"Lillooet, District municipality","5931026","Improved land",930,910,900,15,35
2022,"Lillooet, District municipality","5931026","Total",1070,1045,1025,25,45
2022,"Lillooet, District municipality","5931026","Vacant",145,135,135,10,10
2022,"Limerick, Township","3512051","Improved land",600,560,550,35,45
2022,"Limerick, Township","3512051","Total",850,800,785,50,65
2022,"Limerick, Township","3512051","Vacant",255,240,235,15,20
2022,"Limerick, Village","4703041","Improved land",60,0,0,0,0
2022,"Limerick, Village","4703041","Total",140,0,0,0,0
2022,"Limerick, Village","4703041","Vacant",80,0,0,0,0
2022,"Lincoln, Parish","1303008","Improved land",2460,2435,2390,25,70
2022,"Lincoln, Parish","1303008","Total",2760,2725,2680,35,80
2022,"Lincoln, Parish","1303008","Vacant",300,290,290,10,10
2022,"Lincoln, Town","3526057","Improved land",8645,8595,8540,55,105
2022,"Lincoln, Town","3526057","Total",9170,9110,9055,60,115
2022,"Lincoln, Town","3526057","Vacant",525,520,515,5,10
2022,"Linden, Village","4805046","Improved land",310,0,0,0,0
2022,"Linden, Village","4805046","Total",335,0,0,0,0
2022,"Linden, Village","4805046","Vacant",25,0,0,0,0
2022,"Linkletter, Rural municipality","1103023","Improved land",130,130,130,5,5
2022,"Linkletter, Rural municipality","1103023","Total",140,135,135,5,5
2022,"Linkletter, Rural municipality","1103023","Vacant",5,5,5,0,0
2022,"Lintlaw, Village","4709061","Improved land",90,0,0,0,0
2022,"Lintlaw, Village","4709061","Total",155,0,0,0,0
2022,"Lintlaw, Village","4709061","Vacant",65,0,0,0,0
2022,"Lions Bay, Village","5915065","Improved land",550,520,510,30,40
2022,"Lions Bay, Village","5915065","Total",570,535,525,35,45
2022,"Lions Bay, Village","5915065","Vacant",20,15,15,5,5
2022,"Lipton No. 217, Rural municipality","4706096","Improved land",105,0,0,0,0
2022,"Lipton No. 217, Rural municipality","4706096","Total",180,0,0,0,0
2022,"Lipton No. 217, Rural municipality","4706096","Vacant",75,0,0,0,0
2022,"Lipton, Village","4706098","Improved land",155,0,0,0,0
2022,"Lipton, Village","4706098","Total",175,0,0,0,0
2022,"Lipton, Village","4706098","Vacant",20,0,0,0,0
2022,"Little Bay, Town","1008063","Improved land",0,0,0,0,0
2022,"Little Bay, Town","1008063","Total",85,75,75,10,10
2022,"Little Bay, Town","1008063","Vacant",0,0,0,0,0
2022,"Little Burnt Bay, Town","1008045","Improved land",0,0,0,0,0
2022,"Little Burnt Bay, Town","1008045","Total",160,155,150,5,10
2022,"Little Burnt Bay, Town","1008045","Vacant",0,0,0,0,0
2022,"Livingston No. 331, Rural municipality","4709075","Improved land",75,0,0,0,0
2022,"Livingston No. 331, Rural municipality","4709075","Total",155,0,0,0,0
2022,"Livingston No. 331, Rural municipality","4709075","Vacant",80,0,0,0,0
2022,"Lloydminster (Alberta part), Census agglomeration (CA)","2021S050648840","Improved land",6575,0,0,0,0
2022,"Lloydminster (Alberta part), Census agglomeration (CA)","2021S050648840","Total",6745,0,0,0,0
2022,"Lloydminster (Alberta part), Census agglomeration (CA)","2021S050648840","Vacant",170,0,0,0,0
2022,"Lloydminster (Part), City","4717029","Improved land",3740,0,0,0,0
2022,"Lloydminster (Part), City","4717029","Total",3835,0,0,0,0
2022,"Lloydminster (Part), City","4717029","Vacant",95,0,0,0,0
2022,"Lloydminster (Part), City","4810039","Improved land",6575,0,0,0,0
2022,"Lloydminster (Part), City","4810039","Total",6745,0,0,0,0
2022,"Lloydminster (Part), City","4810039","Vacant",170,0,0,0,0
2022,"Lloydminster (Saskatchewan part), Census agglomeration (CA)","2021S050647840","Improved land",5675,0,0,0,0
2022,"Lloydminster (Saskatchewan part), Census agglomeration (CA)","2021S050647840","Total",6070,0,0,0,0
2022,"Lloydminster (Saskatchewan part), Census agglomeration (CA)","2021S050647840","Vacant",395,0,0,0,0
2022,"Lockeport, Town","1201009","Improved land",300,280,275,20,25
2022,"Lockeport, Town","1201009","Total",350,325,320,25,30
2022,"Lockeport, Town","1201009","Vacant",50,45,45,5,5
2022,"Logan Lake, District municipality","5933035","Improved land",1100,1090,1085,10,15
2022,"Logan Lake, District municipality","5933035","Total",1170,1155,1150,15,20
2022,"Logan Lake, District municipality","5933035","Vacant",70,65,65,5,5
2022,"Logy Bay-Middle Cove-Outer Cove, Town","1001511","Improved land",0,0,0,0,0
2022,"Logy Bay-Middle Cove-Outer Cove, Town","1001511","Total",1340,1310,1285,30,55
2022,"Logy Bay-Middle Cove-Outer Cove, Town","1001511","Vacant",0,0,0,0,0
2022,"Lomond No. 37, Rural municipality","4702033","Improved land",95,0,0,0,0
2022,"Lomond No. 37, Rural municipality","4702033","Total",185,0,0,0,0
2022,"Lomond No. 37, Rural municipality","4702033","Vacant",90,0,0,0,0
2022,"London, Census metropolitan area (CMA)","555","Improved land",195335,193490,192195,1845,3135
2022,"London, Census metropolitan area (CMA)","555","Total",202190,200295,198975,1895,3215
2022,"London, Census metropolitan area (CMA)","555","Vacant",6865,6815,6785,50,80
2022,"London, City","3539036","Improved land",153050,151445,150345,1605,2710
2022,"London, City","3539036","Total",156595,154975,153860,1620,2735
2022,"London, City","3539036","Vacant",3545,3530,3515,15,30
2022,"Lone Tree No. 18, Rural municipality","4704006","Improved land",15,0,0,0,0
2022,"Lone Tree No. 18, Rural municipality","4704006","Total",80,0,0,0,0
2022,"Lone Tree No. 18, Rural municipality","4704006","Vacant",65,0,0,0,0
2022,"Long Harbour-Mount Arlington Heights, Town","1001263","Improved land",0,0,0,0,0
2022,"Long Harbour-Mount Arlington Heights, Town","1001263","Total",270,260,255,10,15
2022,"Long Harbour-Mount Arlington Heights, Town","1001263","Vacant",0,0,0,0,0
2022,"Longlaketon No. 219, Rural municipality","4706070","Improved land",360,0,0,0,0
2022,"Longlaketon No. 219, Rural municipality","4706070","Total",610,0,0,0,0
2022,"Longlaketon No. 219, Rural municipality","4706070","Vacant",250,0,0,0,0
2022,"Longview, Village","4806008","Improved land",135,0,0,0,0
2022,"Longview, Village","4806008","Total",155,0,0,0,0
2022,"Longview, Village","4806008","Vacant",20,0,0,0,0
2022,"Loon Lake No. 561, Rural municipality","4717056","Improved land",405,0,0,0,0
2022,"Loon Lake No. 561, Rural municipality","4717056","Total",555,0,0,0,0
2022,"Loon Lake No. 561, Rural municipality","4717056","Vacant",150,0,0,0,0
2022,"Loon Lake, Village","4717058","Improved land",135,0,0,0,0
2022,"Loon Lake, Village","4717058","Total",210,0,0,0,0
2022,"Loon Lake, Village","4717058","Vacant",75,0,0,0,0
2022,"Loreburn No. 254, Rural municipality","4711018","Improved land",205,0,0,0,0
2022,"Loreburn No. 254, Rural municipality","4711018","Total",430,0,0,0,0
2022,"Loreburn No. 254, Rural municipality","4711018","Vacant",225,0,0,0,0
2022,"Loreburn, Village","4711021","Improved land",80,0,0,0,0
2022,"Loreburn, Village","4711021","Total",105,0,0,0,0
2022,"Loreburn, Village","4711021","Vacant",25,0,0,0,0
2022,"Lorne, Municipality","4604064","Improved land",1120,1105,1095,15,25
2022,"Lorne, Municipality","4604064","Total",1335,1320,1295,20,40
2022,"Lorne, Municipality","4604064","Vacant",215,205,200,10,10
2022,"Lorne, Parish","1312011","Improved land",545,515,500,25,50
2022,"Lorne, Parish","1312011","Total",815,775,745,40,70
2022,"Lorne, Parish","1312011","Vacant",270,255,250,15,20
2022,"Lost River No. 313, Rural municipality","4711059","Improved land",50,0,0,0,0
2022,"Lost River No. 313, Rural municipality","4711059","Total",80,0,0,0,0
2022,"Lost River No. 313, Rural municipality","4711059","Vacant",30,0,0,0,0
2022,"Lot 11 and Area, Rural municipality","1103039","Improved land",360,345,330,15,30
2022,"Lot 11 and Area, Rural municipality","1103039","Total",405,385,370,20,35
2022,"Lot 11 and Area, Rural municipality","1103039","Vacant",45,40,40,5,5
2022,"Lougheed, Village","4807046","Improved land",120,0,0,0,0
2022,"Lougheed, Village","4807046","Total",165,0,0,0,0
2022,"Lougheed, Village","4807046","Vacant",45,0,0,0,0
2022,"Louise, Municipality","4604040","Improved land",815,805,790,10,25
2022,"Louise, Municipality","4604040","Total",975,960,940,15,35
2022,"Louise, Municipality","4604040","Vacant",160,155,150,5,10
2022,"Love, Village","4714091","Improved land",35,0,0,0,0
2022,"Love, Village","4714091","Total",110,0,0,0,0
2022,"Love, Village","4714091","Vacant",75,0,0,0,0
2022,"Loyalist, Township","3511005","Improved land",6390,6335,6285,55,105
2022,"Loyalist, Township","3511005","Total",6890,6830,6780,60,110
2022,"Loyalist, Township","3511005","Vacant",500,495,495,5,5
2022,"Lucan Biddulph, Township","3539060","Improved land",2025,2020,2010,5,15
2022,"Lucan Biddulph, Township","3539060","Total",2235,2230,2220,5,15
2022,"Lucan Biddulph, Township","3539060","Vacant",210,210,210,0,0
2022,"Lucky Lake, Village","4707059","Improved land",140,0,0,0,0
2022,"Lucky Lake, Village","4707059","Total",160,0,0,0,0
2022,"Lucky Lake, Village","4707059","Vacant",20,0,0,0,0
2022,"Lumby, Village","5937005","Improved land",720,710,705,10,15
2022,"Lumby, Village","5937005","Total",760,750,745,10,15
2022,"Lumby, Village","5937005","Vacant",40,40,40,0,0
2022,"Lumsden Beach, Resort village","4706057","Improved land",10,0,0,0,0
2022,"Lumsden Beach, Resort village","4706057","Total",30,0,0,0,0
2022,"Lumsden Beach, Resort village","4706057","Vacant",20,0,0,0,0
2022,"Lumsden No. 189, Rural municipality","4706053","Improved land",715,0,0,0,0
2022,"Lumsden No. 189, Rural municipality","4706053","Total",805,0,0,0,0
2022,"Lumsden No. 189, Rural municipality","4706053","Vacant",90,0,0,0,0
2022,"Lumsden, Town","1008004","Improved land",0,0,0,0,0
2022,"Lumsden, Town","1008004","Total",490,475,470,15,20
2022,"Lumsden, Town","1008004","Vacant",0,0,0,0,0
2022,"Lumsden, Town","4706056","Improved land",640,0,0,0,0
2022,"Lumsden, Town","4706056","Total",775,0,0,0,0
2022,"Lumsden, Town","4706056","Vacant",135,0,0,0,0
2022,"Lunenburg, Municipal district","1206001","Improved land",14280,13650,13385,625,885
2022,"Lunenburg, Municipal district","1206001","Total",19110,18100,17690,1010,1420
2022,"Lunenburg, Municipal district","1206001","Vacant",4835,4450,4305,385,530
2022,"Lunenburg, Town","1206006","Improved land",995,940,920,55,75
2022,"Lunenburg, Town","1206006","Total",1135,1070,1045,65,90
2022,"Lunenburg, Town","1206006","Vacant",140,130,125,10,10
2022,"Luseland, Town","4713044","Improved land",290,0,0,0,0
2022,"Luseland, Town","4713044","Total",385,0,0,0,0
2022,"Luseland, Town","4713044","Vacant",95,0,0,0,0
2022,"Lushes Bight-Beaumont-Beaumont North, Town","1008056","Improved land",0,0,0,0,0
2022,"Lushes Bight-Beaumont-Beaumont North, Town","1008056","Total",220,215,210,5,10
2022,"Lushes Bight-Beaumont-Beaumont North, Town","1008056","Vacant",0,0,0,0,0
2022,"Lynn Lake, Town","4623047","Improved land",355,310,305,45,50
2022,"Lynn Lake, Town","4623047","Total",625,575,570,50,55
2022,"Lynn Lake, Town","4623047","Vacant",270,265,265,5,5
2022,"Lytton, Village","5933015","Improved land",60,60,55,0,5
2022,"Lytton, Village","5933015","Total",185,175,165,10,20
2022,"Lytton, Village","5933015","Vacant",125,115,110,10,15
2022,"Ma-Me-O Beach, Summer village","4811008","Improved land",260,0,0,0,0
2022,"Ma-Me-O Beach, Summer village","4811008","Total",270,0,0,0,0
2022,"Ma-Me-O Beach, Summer village","4811008","Vacant",15,0,0,0,0
2022,"MacNutt, Village","4705096","Improved land",50,0,0,0,0
2022,"MacNutt, Village","4705096","Total",170,0,0,0,0
2022,"MacNutt, Village","4705096","Vacant",120,0,0,0,0
2022,"Macdonald, Meredith and Aberdeen Additional, Township","3557051","Improved land",800,770,760,20,30
2022,"Macdonald, Meredith and Aberdeen Additional, Township","3557051","Total",1115,1060,1045,55,70
2022,"Macdonald, Meredith and Aberdeen Additional, Township","3557051","Vacant",325,290,285,35,40
2022,"Macdonald, Rural municipality","4610035","Improved land",2815,2785,2765,25,45
2022,"Macdonald, Rural municipality","4610035","Total",3205,3170,3145,35,60
2022,"Macdonald, Rural municipality","4610035","Vacant",395,385,380,10,15
2022,"Machar, Township","3549054","Improved land",905,875,860,30,45
2022,"Machar, Township","3549054","Total",1405,1340,1315,65,90
2022,"Machar, Township","3549054","Vacant",500,465,455,35,45
2022,"Machin, Municipality","3560021","Improved land",600,520,515,80,85
2022,"Machin, Municipality","3560021","Total",905,755,745,150,160
2022,"Machin, Municipality","3560021","Vacant",305,235,230,70,75
2022,"Mackenzie County, Specialized municipality","4817095","Improved land",3620,0,0,0,0
2022,"Mackenzie County, Specialized municipality","4817095","Total",4270,0,0,0,0
2022,"Mackenzie County, Specialized municipality","4817095","Vacant",650,0,0,0,0
2022,"Mackenzie, District municipality","5953033","Improved land",1400,1370,1350,30,50
2022,"Mackenzie, District municipality","5953033","Total",1475,1445,1425,30,50
2022,"Mackenzie, District municipality","5953033","Vacant",75,75,75,0,0
2022,"Macklin, Town","4713051","Improved land",485,0,0,0,0
2022,"Macklin, Town","4713051","Total",570,0,0,0,0
2022,"Macklin, Town","4713051","Vacant",85,0,0,0,0
2022,"Macoun, Village","4702041","Improved land",115,0,0,0,0
2022,"Macoun, Village","4702041","Total",155,0,0,0,0
2022,"Macoun, Village","4702041","Vacant",40,0,0,0,0
2022,"Macpherson-Grizzly Valley, Unorganized","6001059","Improved land",565,0,0,0,0
2022,"Macpherson-Grizzly Valley, Unorganized","6001059","Total",680,0,0,0,0
2022,"Macpherson-Grizzly Valley, Unorganized","6001059","Vacant",115,0,0,0,0
2022,"Macrorie, Village","4712019","Improved land",55,0,0,0,0
2022,"Macrorie, Village","4712019","Total",70,0,0,0,0
2022,"Macrorie, Village","4712019","Vacant",15,0,0,0,0
2022,"Madawaska Valley, Township","3547030","Improved land",2920,2810,2770,110,150
2022,"Madawaska Valley, Township","3547030","Total",4035,3890,3835,145,200
2022,"Madawaska Valley, Township","3547030","Vacant",1115,1080,1065,35,50
2022,"Madawaska, Parish","1313028","Improved land",0,0,0,0,0
2022,"Madawaska, Parish","1313028","Total",0,0,0,0,0
2022,"Madawaska, Parish","1313028","Vacant",0,0,0,0,0
2022,"Madoc, Township","3512036","Improved land",955,945,935,10,20
2022,"Madoc, Township","3512036","Total",1335,1305,1285,30,50
2022,"Madoc, Township","3512036","Vacant",380,360,350,20,30
2022,"Magnetawan, Municipality","3549043","Improved land",2045,1920,1870,120,175
2022,"Magnetawan, Municipality","3549043","Total",3190,2965,2880,220,305
2022,"Magnetawan, Municipality","3549043","Vacant",1140,1040,1010,100,130
2022,"Magrath, Town","4803002","Improved land",785,0,0,0,0
2022,"Magrath, Town","4803002","Total",890,0,0,0,0
2022,"Magrath, Town","4803002","Vacant",115,0,0,0,0
2022,"Mahone Bay, Town","1206008","Improved land",490,475,460,20,25
2022,"Mahone Bay, Town","1206008","Total",545,520,510,25,35
2022,"Mahone Bay, Town","1206008","Vacant",60,55,50,5,10
2022,"Maidstone, Town","4717018","Improved land",445,0,0,0,0
2022,"Maidstone, Town","4717018","Total",535,0,0,0,0
2022,"Maidstone, Town","4717018","Vacant",90,0,0,0,0
2022,"Main Brook, Town","1009028","Improved land",0,0,0,0,0
2022,"Main Brook, Town","1009028","Total",185,180,180,5,5
2022,"Main Brook, Town","1009028","Vacant",0,0,0,0,0
2022,"Maisonnette, Village","1315040","Improved land",390,380,370,10,20
2022,"Maisonnette, Village","1315040","Total",595,585,560,15,35
2022,"Maisonnette, Village","1315040","Vacant",205,200,190,5,15
2022,"Major, Village","4713021","Improved land",40,0,0,0,0
2022,"Major, Village","4713021","Total",110,0,0,0,0
2022,"Major, Village","4713021","Vacant",70,0,0,0,0
2022,"Makkovik, Town","1011020","Improved land",0,0,0,0,0
2022,"Makkovik, Town","1011020","Total",190,180,175,10,15
2022,"Makkovik, Town","1011020","Vacant",0,0,0,0,0
2022,"Makwa, Village","4717057","Improved land",50,0,0,0,0
2022,"Makwa, Village","4717057","Total",80,0,0,0,0
2022,"Makwa, Village","4717057","Vacant",30,0,0,0,0
2022,"Malahide, Township","3534010","Improved land",2885,2865,2845,20,40
2022,"Malahide, Township","3534010","Total",3030,3005,2980,20,45
2022,"Malahide, Township","3534010","Vacant",140,140,135,0,5
2022,"Malpeque Bay, Rural municipality","1103007","Improved land",1100,990,960,100,130
2022,"Malpeque Bay, Rural municipality","1103007","Total",1225,1105,1070,110,145
2022,"Malpeque Bay, Rural municipality","1103007","Vacant",125,115,110,10,15
2022,"Manitoba","46","Improved land",418405,411835,407030,6570,11390
2022,"Manitoba","46","Total",463425,455640,450300,7775,13125
2022,"Manitoba","46","Vacant",45010,43805,43270,1205,1740
2022,"Manitou Beach, Resort village","4711054","Improved land",200,0,0,0,0
2022,"Manitou Beach, Resort village","4711054","Total",1330,0,0,0,0
2022,"Manitou Beach, Resort village","4711054","Vacant",1130,0,0,0,0
2022,"Manitou Lake No. 442, Rural municipality","4713079","Improved land",210,0,0,0,0
2022,"Manitou Lake No. 442, Rural municipality","4713079","Total",240,0,0,0,0
2022,"Manitou Lake No. 442, Rural municipality","4713079","Vacant",30,0,0,0,0
2022,"Manitoulin, Unorganized, West Part, Unorganized","3551094","Improved land",430,410,390,20,40
2022,"Manitoulin, Unorganized, West Part, Unorganized","3551094","Total",1390,1290,1245,100,145
2022,"Manitoulin, Unorganized, West Part, Unorganized","3551094","Vacant",960,880,855,80,105
2022,"Manitouwadge, Township","3558066","Improved land",930,910,900,20,30
2022,"Manitouwadge, Township","3558066","Total",1085,1065,1055,20,30
2022,"Manitouwadge, Township","3558066","Vacant",155,155,155,0,0
2022,"Mankota No. 45, Rural municipality","4703018","Improved land",45,0,0,0,0
2022,"Mankota No. 45, Rural municipality","4703018","Total",215,0,0,0,0
2022,"Mankota No. 45, Rural municipality","4703018","Vacant",170,0,0,0,0
2022,"Mankota, Village","4703019","Improved land",150,0,0,0,0
2022,"Mankota, Village","4703019","Total",215,0,0,0,0
2022,"Mankota, Village","4703019","Vacant",65,0,0,0,0
2022,"Manners Sutton, Parish","1310004","Improved land",1140,1110,1080,30,60
2022,"Manners Sutton, Parish","1310004","Total",1585,1530,1490,55,95
2022,"Manners Sutton, Parish","1310004","Vacant",445,420,410,25,35
2022,"Manning, Town","4817078","Improved land",465,0,0,0,0
2022,"Manning, Town","4817078","Total",555,0,0,0,0
2022,"Manning, Town","4817078","Vacant",90,0,0,0,0
2022,"Mannville, Village","4810034","Improved land",365,0,0,0,0
2022,"Mannville, Village","4810034","Total",410,0,0,0,0
2022,"Mannville, Village","4810034","Vacant",45,0,0,0,0
2022,"Manor, Village","4701054","Improved land",160,0,0,0,0
2022,"Manor, Village","4701054","Total",205,0,0,0,0
2022,"Manor, Village","4701054","Vacant",45,0,0,0,0
2022,"Maple Bush No. 224, Rural municipality","4707071","Improved land",85,0,0,0,0
2022,"Maple Bush No. 224, Rural municipality","4707071","Total",190,0,0,0,0
2022,"Maple Bush No. 224, Rural municipality","4707071","Vacant",105,0,0,0,0
2022,"Maple Creek No. 111, Rural municipality","4704045","Improved land",170,0,0,0,0
2022,"Maple Creek No. 111, Rural municipality","4704045","Total",375,0,0,0,0
2022,"Maple Creek No. 111, Rural municipality","4704045","Vacant",205,0,0,0,0
2022,"Maple Creek, Town","4704048","Improved land",950,0,0,0,0
2022,"Maple Creek, Town","4704048","Total",1045,0,0,0,0
2022,"Maple Creek, Town","4704048","Vacant",95,0,0,0,0
2022,"Maple Ridge, City","5915075","Improved land",29280,28900,28520,380,755
2022,"Maple Ridge, City","5915075","Total",30115,29730,29335,385,780
2022,"Maple Ridge, City","5915075","Vacant",835,830,815,5,20
2022,"Mapleton, Township","3523033","Improved land",3005,2995,2990,10,15
2022,"Mapleton, Township","3523033","Total",3240,3235,3220,15,20
2022,"Mapleton, Township","3523033","Vacant",235,230,230,5,5
2022,"Marathon, Town","3558059","Improved land",1310,1295,1295,15,15
2022,"Marathon, Town","3558059","Total",1430,1415,1415,15,15
2022,"Marathon, Town","3558059","Vacant",120,120,120,0,0
2022,"Marcelin, Village","4716014","Improved land",85,0,0,0,0
2022,"Marcelin, Village","4716014","Total",105,0,0,0,0
2022,"Marcelin, Village","4716014","Vacant",20,0,0,0,0
2022,"Marengo, Village","4713014","Improved land",40,0,0,0,0
2022,"Marengo, Village","4713014","Total",60,0,0,0,0
2022,"Marengo, Village","4713014","Vacant",20,0,0,0,0
2022,"Margo, Village","4710072","Improved land",60,0,0,0,0
2022,"Margo, Village","4710072","Total",150,0,0,0,0
2022,"Margo, Village","4710072","Vacant",90,0,0,0,0
2022,"Mariposa No. 350, Rural municipality","4713038","Improved land",90,0,0,0,0
2022,"Mariposa No. 350, Rural municipality","4713038","Total",130,0,0,0,0
2022,"Mariposa No. 350, Rural municipality","4713038","Vacant",40,0,0,0,0
2022,"Markham, City","3519036","Improved land",107025,103870,102465,3155,4560
2022,"Markham, City","3519036","Total",108475,105310,103905,3165,4570
2022,"Markham, City","3519036","Vacant",1450,1440,1440,10,10
2022,"Markinch, Village","4706093","Improved land",30,0,0,0,0
2022,"Markinch, Village","4706093","Total",75,0,0,0,0
2022,"Markinch, Village","4706093","Vacant",45,0,0,0,0
2022,"Markstay-Warren, Municipality","3552013","Improved land",1220,1200,1185,20,35
2022,"Markstay-Warren, Municipality","3552013","Total",1630,1585,1560,45,70
2022,"Markstay-Warren, Municipality","3552013","Vacant",410,385,375,25,35
2022,"Marmora and Lake, Municipality","3512046","Improved land",2555,2500,2465,55,90
2022,"Marmora and Lake, Municipality","3512046","Total",3940,3810,3745,130,195
2022,"Marmora and Lake, Municipality","3512046","Vacant",1385,1310,1280,75,105
2022,"Marquis No. 191, Rural municipality","4707042","Improved land",115,0,0,0,0
2022,"Marquis No. 191, Rural municipality","4707042","Total",230,0,0,0,0
2022,"Marquis No. 191, Rural municipality","4707042","Vacant",115,0,0,0,0
2022,"Marquis, Village","4707044","Improved land",45,0,0,0,0
2022,"Marquis, Village","4707044","Total",90,0,0,0,0
2022,"Marquis, Village","4707044","Vacant",45,0,0,0,0
2022,"Marriott No. 317, Rural municipality","4712034","Improved land",135,0,0,0,0
2022,"Marriott No. 317, Rural municipality","4712034","Total",165,0,0,0,0
2022,"Marriott No. 317, Rural municipality","4712034","Vacant",30,0,0,0,0
2022,"Marsden, Village","4713091","Improved land",120,0,0,0,0
2022,"Marsden, Village","4713091","Total",165,0,0,0,0
2022,"Marsden, Village","4713091","Vacant",45,0,0,0,0
2022,"Marsh Lake, Unorganized","6001058","Improved land",460,0,0,0,0
2022,"Marsh Lake, Unorganized","6001058","Total",540,0,0,0,0
2022,"Marsh Lake, Unorganized","6001058","Vacant",80,0,0,0,0
2022,"Marshall, Town","4717026","Improved land",215,0,0,0,0
2022,"Marshall, Town","4717026","Total",225,0,0,0,0
2022,"Marshall, Town","4717026","Vacant",10,0,0,0,0
2022,"Martensville, City","4711070","Improved land",3635,0,0,0,0
2022,"Martensville, City","4711070","Total",3825,0,0,0,0
2022,"Martensville, City","4711070","Vacant",190,0,0,0,0
2022,"Martin No. 122, Rural municipality","4705007","Improved land",140,0,0,0,0
2022,"Martin No. 122, Rural municipality","4705007","Total",140,0,0,0,0
2022,"Martin No. 122, Rural municipality","4705007","Vacant",0,0,0,0,0
2022,"Marwayne, Village","4810044","Improved land",250,0,0,0,0
2022,"Marwayne, Village","4810044","Total",255,0,0,0,0
2022,"Marwayne, Village","4810044","Vacant",5,0,0,0,0
2022,"Mary's Harbour, Town","1010011","Improved land",0,0,0,0,0
2022,"Mary's Harbour, Town","1010011","Total",200,195,190,5,5
2022,"Mary's Harbour, Town","1010011","Vacant",0,0,0,0,0
2022,"Maryfield No. 91, Rural municipality","4701094","Improved land",130,0,0,0,0
2022,"Maryfield No. 91, Rural municipality","4701094","Total",150,0,0,0,0
2022,"Maryfield No. 91, Rural municipality","4701094","Vacant",20,0,0,0,0
2022,"Maryfield, Village","4701096","Improved land",160,0,0,0,0
2022,"Maryfield, Village","4701096","Total",205,0,0,0,0
2022,"Maryfield, Village","4701096","Vacant",45,0,0,0,0
2022,"Marystown, Town","1002024","Improved land",0,0,0,0,0
2022,"Marystown, Town","1002024","Total",2445,2405,2370,40,75
2022,"Marystown, Town","1002024","Vacant",0,0,0,0,0
2022,"Masset, Village","5947023","Improved land",450,440,420,20,25
2022,"Masset, Village","5947023","Total",655,625,610,30,45
2022,"Masset, Village","5947023","Vacant",205,195,185,10,20
2022,"Massey Drive, Town","1005017","Improved land",0,0,0,0,0
2022,"Massey Drive, Town","1005017","Total",665,650,635,15,30
2022,"Massey Drive, Town","1005017","Vacant",0,0,0,0,0
2022,"Matachewan, Township","3554056","Improved land",240,225,220,15,20
2022,"Matachewan, Township","3554056","Total",760,720,710,40,50
2022,"Matachewan, Township","3554056","Vacant",520,495,490,25,30
2022,"Mattawa, Town","3548021","Improved land",745,740,740,5,5
2022,"Mattawa, Town","3548021","Total",1075,1065,1065,10,10
2022,"Mattawa, Town","3548021","Vacant",330,325,325,5,5
2022,"Mattawan, Township","3548019","Improved land",115,115,110,5,5
2022,"Mattawan, Township","3548019","Total",285,270,270,15,15
2022,"Mattawan, Township","3548019","Vacant",170,160,160,10,10
2022,"Mattice-Val Côté, Township","3556077","Improved land",335,330,330,5,5
2022,"Mattice-Val Côté, Township","3556077","Total",590,565,560,25,30
2022,"Mattice-Val Côté, Township","3556077","Vacant",255,235,230,20,25
2022,"Maugerville, Parish","1303016","Improved land",720,715,705,5,20
2022,"Maugerville, Parish","1303016","Total",905,895,885,10,20
2022,"Maugerville, Parish","1303016","Vacant",185,180,180,5,5
2022,"Mayerthorpe, Town","4813002","Improved land",555,0,0,0,0
2022,"Mayerthorpe, Town","4813002","Total",580,0,0,0,0
2022,"Mayerthorpe, Town","4813002","Vacant",30,0,0,0,0
2022,"Mayfield No. 406, Rural municipality","4716005","Improved land",75,0,0,0,0
2022,"Mayfield No. 406, Rural municipality","4716005","Total",210,0,0,0,0
2022,"Mayfield No. 406, Rural municipality","4716005","Vacant",135,0,0,0,0
2022,"Maymont, Village","4716004","Improved land",75,0,0,0,0
2022,"Maymont, Village","4716004","Total",140,0,0,0,0
2022,"Maymont, Village","4716004","Vacant",65,0,0,0,0
2022,"Mayo, Village","6001022","Improved land",125,0,0,0,0
2022,"Mayo, Village","6001022","Total",220,0,0,0,0
2022,"Mayo, Village","6001022","Vacant",95,0,0,0,0
2022,"McAdam, Parish","1310007","Improved land",95,75,65,20,30
2022,"McAdam, Parish","1310007","Total",155,125,110,30,45
2022,"McAdam, Parish","1310007","Vacant",60,50,45,10,15
2022,"McAdam, Village","1310006","Improved land",570,545,535,20,30
2022,"McAdam, Village","1310006","Total",835,805,785,30,50
2022,"McAdam, Village","1310006","Vacant",270,260,250,10,20
2022,"McBride, Village","5953012","Improved land",265,255,250,10,15
2022,"McBride, Village","5953012","Total",320,310,305,10,15
2022,"McBride, Village","5953012","Vacant",55,55,55,0,0
2022,"McCraney No. 282, Rural municipality","4711034","Improved land",40,0,0,0,0
2022,"McCraney No. 282, Rural municipality","4711034","Total",150,0,0,0,0
2022,"McCraney No. 282, Rural municipality","4711034","Vacant",110,0,0,0,0
2022,"McCreary, Municipality","4617035","Improved land",465,455,455,10,10
2022,"McCreary, Municipality","4617035","Total",540,530,525,10,15
2022,"McCreary, Municipality","4617035","Vacant",75,75,70,0,5
2022,"McDougall, Municipality","3549031","Improved land",1955,1905,1870,45,80
2022,"McDougall, Municipality","3549031","Total",2680,2605,2555,75,120
2022,"McDougall, Municipality","3549031","Vacant",730,700,685,30,45
2022,"McGarry, Township","3554058","Improved land",360,355,355,5,5
2022,"McGarry, Township","3554058","Total",835,790,785,45,50
2022,"McGarry, Township","3554058","Vacant",475,435,430,40,45
2022,"McIvers, Town","1005022","Improved land",0,0,0,0,0
2022,"McIvers, Town","1005022","Total",320,315,310,5,10
2022,"McIvers, Town","1005022","Vacant",0,0,0,0,0
2022,"McKellar, Township","3549028","Improved land",1595,1550,1530,45,65
2022,"McKellar, Township","3549028","Total",2160,2110,2080,50,80
2022,"McKellar, Township","3549028","Vacant",575,560,550,15,25
2022,"McKillop No. 220, Rural municipality","4706071","Improved land",530,0,0,0,0
2022,"McKillop No. 220, Rural municipality","4706071","Total",885,0,0,0,0
2022,"McKillop No. 220, Rural municipality","4706071","Vacant",355,0,0,0,0
2022,"McLean, Village","4706037","Improved land",165,0,0,0,0
2022,"McLean, Village","4706037","Total",195,0,0,0,0
2022,"McLean, Village","4706037","Vacant",30,0,0,0,0
2022,"McLennan, Town","4819042","Improved land",285,0,0,0,0
2022,"McLennan, Town","4819042","Total",360,0,0,0,0
2022,"McLennan, Town","4819042","Vacant",75,0,0,0,0
2022,"McLeod No. 185, Rural municipality","4705063","Improved land",105,0,0,0,0
2022,"McLeod No. 185, Rural municipality","4705063","Total",240,0,0,0,0
2022,"McLeod No. 185, Rural municipality","4705063","Vacant",135,0,0,0,0
2022,"McMurrich/Monteith, Township","3549012","Improved land",845,820,800,25,50
2022,"McMurrich/Monteith, Township","3549012","Total",1465,1395,1355,70,110
2022,"McMurrich/Monteith, Township","3549012","Vacant",620,575,560,45,60
2022,"McNab/Braeside, Township","3547003","Improved land",3055,3030,3000,25,55
2022,"McNab/Braeside, Township","3547003","Total",3710,3675,3630,35,80
2022,"McNab/Braeside, Township","3547003","Vacant",655,645,630,10,25
2022,"McTaggart, Village","4702048","Improved land",40,0,0,0,0
2022,"McTaggart, Village","4702048","Total",50,0,0,0,0
2022,"McTaggart, Village","4702048","Vacant",10,0,0,0,0
2022,"Meacham, Village","4711078","Improved land",55,0,0,0,0
2022,"Meacham, Village","4711078","Total",85,0,0,0,0
2022,"Meacham, Village","4711078","Vacant",30,0,0,0,0
2022,"Meadow Lake No. 588, Rural municipality","4717054","Improved land",1020,0,0,0,0
2022,"Meadow Lake No. 588, Rural municipality","4717054","Total",1085,0,0,0,0
2022,"Meadow Lake No. 588, Rural municipality","4717054","Vacant",65,0,0,0,0
2022,"Meadow Lake, City","4717052","Improved land",1615,0,0,0,0
2022,"Meadow Lake, City","4717052","Total",1805,0,0,0,0
2022,"Meadow Lake, City","4717052","Vacant",190,0,0,0,0
2022,"Meadows, Town","1005025","Improved land",0,0,0,0,0
2022,"Meadows, Town","1005025","Total",335,325,320,10,15
2022,"Meadows, Town","1005025","Vacant",0,0,0,0,0
2022,"Meaford, Municipality","3542047","Improved land",5060,4975,4920,85,140
2022,"Meaford, Municipality","3542047","Total",6025,5910,5850,115,175
2022,"Meaford, Municipality","3542047","Vacant",965,935,930,30,35
2022,"Meath Park, Village","4715092","Improved land",85,0,0,0,0
2022,"Meath Park, Village","4715092","Total",125,0,0,0,0
2022,"Meath Park, Village","4715092","Vacant",40,0,0,0,0
2022,"Medicine Hat, Census agglomeration (CA)","805","Improved land",29845,0,0,0,0
2022,"Medicine Hat, Census agglomeration (CA)","805","Total",31250,0,0,0,0
2022,"Medicine Hat, Census agglomeration (CA)","805","Vacant",1415,0,0,0,0
2022,"Medicine Hat, City","4801006","Improved land",24450,0,0,0,0
2022,"Medicine Hat, City","4801006","Total",25305,0,0,0,0
2022,"Medicine Hat, City","4801006","Vacant",855,0,0,0,0
2022,"Medstead No. 497, Rural municipality","4716062","Improved land",215,0,0,0,0
2022,"Medstead No. 497, Rural municipality","4716062","Total",270,0,0,0,0
2022,"Medstead No. 497, Rural municipality","4716062","Vacant",55,0,0,0,0
2022,"Medstead, Village","4716063","Improved land",70,0,0,0,0
2022,"Medstead, Village","4716063","Total",145,0,0,0,0
2022,"Medstead, Village","4716063","Vacant",75,0,0,0,0
2022,"Meductic, Village","1310013","Improved land",90,90,85,0,5
2022,"Meductic, Village","1310013","Total",130,125,120,5,10
2022,"Meductic, Village","1310013","Vacant",40,35,35,5,5
2022,"Meeting Lake No. 466, Rural municipality","4716038","Improved land",180,0,0,0,0
2022,"Meeting Lake No. 466, Rural municipality","4716038","Total",300,0,0,0,0
2022,"Meeting Lake No. 466, Rural municipality","4716038","Vacant",120,0,0,0,0
2022,"Melancthon, Township","3522019","Improved land",1135,1125,1110,10,25
2022,"Melancthon, Township","3522019","Total",1435,1415,1395,20,40
2022,"Melancthon, Township","3522019","Vacant",300,290,285,10,15
2022,"Melfort, City","4714051","Improved land",2195,0,0,0,0
2022,"Melfort, City","4714051","Total",2485,0,0,0,0
2022,"Melfort, City","4714051","Vacant",290,0,0,0,0
2022,"Melita, Town","4605052","Improved land",485,475,475,10,10
2022,"Melita, Town","4605052","Total",540,530,530,10,10
2022,"Melita, Town","4605052","Vacant",55,55,55,0,0
2022,"Melville Beach, Resort village","4705060","Improved land",40,0,0,0,0
2022,"Melville Beach, Resort village","4705060","Total",55,0,0,0,0
2022,"Melville Beach, Resort village","4705060","Vacant",15,0,0,0,0
2022,"Melville, City","4705074","Improved land",2050,0,0,0,0
2022,"Melville, City","4705074","Total",2525,0,0,0,0
2022,"Melville, City","4705074","Vacant",475,0,0,0,0
2022,"Memramcook, Village","1307013","Improved land",2070,2035,1970,35,100
2022,"Memramcook, Village","1307013","Total",2880,2815,2725,65,155
2022,"Memramcook, Village","1307013","Vacant",810,780,755,30,55
2022,"Mendham, Village","4708059","Improved land",20,0,0,0,0
2022,"Mendham, Village","4708059","Total",80,0,0,0,0
2022,"Mendham, Village","4708059","Vacant",60,0,0,0,0
2022,"Meota No. 468, Rural municipality","4717001","Improved land",445,0,0,0,0
2022,"Meota No. 468, Rural municipality","4717001","Total",625,0,0,0,0
2022,"Meota No. 468, Rural municipality","4717001","Vacant",180,0,0,0,0
2022,"Meota, Village","4717006","Improved land",205,0,0,0,0
2022,"Meota, Village","4717006","Total",270,0,0,0,0
2022,"Meota, Village","4717006","Vacant",65,0,0,0,0
2022,"Merrickville-Wolford, Village","3507052","Improved land",1325,1315,1305,10,20
2022,"Merrickville-Wolford, Village","3507052","Total",1705,1675,1665,30,40
2022,"Merrickville-Wolford, Village","3507052","Vacant",380,360,360,20,20
2022,"Merritt, City","5933006","Improved land",2620,2570,2540,45,70
2022,"Merritt, City","5933006","Total",2780,2735,2700,45,80
2022,"Merritt, City","5933006","Vacant",165,165,160,0,5
2022,"Mervin No. 499, Rural municipality","4717045","Improved land",900,0,0,0,0
2022,"Mervin No. 499, Rural municipality","4717045","Total",1710,0,0,0,0
2022,"Mervin No. 499, Rural municipality","4717045","Vacant",810,0,0,0,0
2022,"Mervin, Village","4717039","Improved land",100,0,0,0,0
2022,"Mervin, Village","4717039","Total",145,0,0,0,0
2022,"Mervin, Village","4717039","Vacant",45,0,0,0,0
2022,"Metchosin, District municipality","5917042","Improved land",1460,1435,1420,25,35
2022,"Metchosin, District municipality","5917042","Total",1510,1485,1475,25,35
2022,"Metchosin, District municipality","5917042","Vacant",55,55,55,0,0
2022,"Metinota, Resort village","4717004","Improved land",60,0,0,0,0
2022,"Metinota, Resort village","4717004","Total",115,0,0,0,0
2022,"Metinota, Resort village","4717004","Vacant",55,0,0,0,0
2022,"Metro Vancouver A, Regional district electoral area","5915020","Improved land",6230,5270,5050,965,1180
2022,"Metro Vancouver A, Regional district electoral area","5915020","Total",6345,5375,5150,970,1195
2022,"Metro Vancouver A, Regional district electoral area","5915020","Vacant",115,105,100,10,15
2022,"Mewatha Beach, Summer village","4813045","Improved land",190,0,0,0,0
2022,"Mewatha Beach, Summer village","4813045","Total",210,0,0,0,0
2022,"Mewatha Beach, Summer village","4813045","Vacant",20,0,0,0,0
2022,"Michel Village, Northern hamlet","4718072","Improved land",35,0,0,0,0
2022,"Michel Village, Northern hamlet","4718072","Total",60,0,0,0,0
2022,"Michel Village, Northern hamlet","4718072","Vacant",25,0,0,0,0
2022,"Midale, Town","4702039","Improved land",240,0,0,0,0
2022,"Midale, Town","4702039","Total",260,0,0,0,0
2022,"Midale, Town","4702039","Vacant",20,0,0,0,0
2022,"Middle Arm, Town","1008072","Improved land",0,0,0,0,0
2022,"Middle Arm, Town","1008072","Total",215,210,210,5,5
2022,"Middle Arm, Town","1008072","Vacant",0,0,0,0,0
2022,"Middle Lake, Village","4715047","Improved land",125,0,0,0,0
2022,"Middle Lake, Village","4715047","Total",170,0,0,0,0
2022,"Middle Lake, Village","4715047","Vacant",45,0,0,0,0
2022,"Middlesex Centre, Municipality","3539033","Improved land",6460,6425,6395,35,65
2022,"Middlesex Centre, Municipality","3539033","Total",7210,7170,7135,40,75
2022,"Middlesex Centre, Municipality","3539033","Vacant",750,745,740,5,10
2022,"Middleton, Town","1205016","Improved land",595,590,580,5,15
2022,"Middleton, Town","1205016","Total",680,675,665,5,15
2022,"Middleton, Town","1205016","Vacant",85,85,85,0,0
2022,"Midland, Census agglomeration (CA)","571","Improved land",9530,9470,9400,60,130
2022,"Midland, Census agglomeration (CA)","571","Total",10325,10255,10185,70,140
2022,"Midland, Census agglomeration (CA)","571","Vacant",795,785,785,10,10
2022,"Midland, Town","3543074","Improved land",6160,6125,6080,40,80
2022,"Midland, Town","3543074","Total",6615,6565,6525,45,85
2022,"Midland, Town","3543074","Vacant",450,445,445,5,5
2022,"Midway, Village","5905037","Improved land",300,295,290,5,10
2022,"Midway, Village","5905037","Total",460,455,450,5,10
2022,"Midway, Village","5905037","Vacant",160,160,160,0,0
2022,"Milden No. 286, Rural municipality","4712011","Improved land",45,0,0,0,0
2022,"Milden No. 286, Rural municipality","4712011","Total",115,0,0,0,0
2022,"Milden No. 286, Rural municipality","4712011","Vacant",70,0,0,0,0
2022,"Milden, Village","4712012","Improved land",100,0,0,0,0
2022,"Milden, Village","4712012","Total",120,0,0,0,0
2022,"Milden, Village","4712012","Vacant",20,0,0,0,0
2022,"Miles Cove, Town","1008098","Improved land",0,0,0,0,0
2022,"Miles Cove, Town","1008098","Total",75,70,70,0,0
2022,"Miles Cove, Town","1008098","Vacant",0,0,0,0,0
2022,"Milestone, Town","4702067","Improved land",265,0,0,0,0
2022,"Milestone, Town","4702067","Total",295,0,0,0,0
2022,"Milestone, Town","4702067","Vacant",30,0,0,0,0
2022,"Milk River, Town","4802004","Improved land",395,0,0,0,0
2022,"Milk River, Town","4802004","Total",435,0,0,0,0
2022,"Milk River, Town","4802004","Vacant",35,0,0,0,0
2022,"Millertown, Town","1006028","Improved land",0,0,0,0,0
2022,"Millertown, Town","1006028","Total",95,90,85,5,10
2022,"Millertown, Town","1006028","Vacant",0,0,0,0,0
2022,"Millet, Town","4811011","Improved land",620,0,0,0,0
2022,"Millet, Town","4811011","Total",700,0,0,0,0
2022,"Millet, Town","4811011","Vacant",80,0,0,0,0
2022,"Milltown-Head of Bay d'Espoir, Town","1003018","Improved land",0,0,0,0,0
2022,"Milltown-Head of Bay d'Espoir, Town","1003018","Total",440,440,430,0,10
2022,"Milltown-Head of Bay d'Espoir, Town","1003018","Vacant",0,0,0,0,0
2022,"Millville, Village","1310025","Improved land",140,135,125,5,10
2022,"Millville, Village","1310025","Total",170,165,160,5,10
2022,"Millville, Village","1310025","Vacant",30,30,30,0,0
2022,"Milo, Village","4805009","Improved land",70,0,0,0,0
2022,"Milo, Village","4805009","Total",105,0,0,0,0
2022,"Milo, Village","4805009","Vacant",35,0,0,0,0
2022,"Milton No. 292, Rural municipality","4713011","Improved land",115,0,0,0,0
2022,"Milton No. 292, Rural municipality","4713011","Total",225,0,0,0,0
2022,"Milton No. 292, Rural municipality","4713011","Vacant",110,0,0,0,0
2022,"Milton, Town","3524009","Improved land",39815,39310,38965,505,850
2022,"Milton, Town","3524009","Total",40585,40070,39730,515,855
2022,"Milton, Town","3524009","Vacant",765,760,760,5,5
2022,"Miltonvale Park, Rural municipality","1102040","Improved land",395,390,385,5,10
2022,"Miltonvale Park, Rural municipality","1102040","Total",420,415,405,5,15
2022,"Miltonvale Park, Rural municipality","1102040","Vacant",25,25,20,0,5
2022,"Miminegash, Fire district","1103063","Improved land",560,540,540,15,20
2022,"Miminegash, Fire district","1103063","Total",635,610,605,20,30
2022,"Miminegash, Fire district","1103063","Vacant",75,70,65,5,10
2022,"Miminegash, Rural municipality","1103062","Improved land",85,80,80,5,5
2022,"Miminegash, Rural municipality","1103062","Total",115,110,110,5,5
2022,"Miminegash, Rural municipality","1103062","Vacant",30,30,30,0,0
2022,"Minburn County No. 27, Municipal district","4810026","Improved land",1350,0,0,0,0
2022,"Minburn County No. 27, Municipal district","4810026","Total",1530,0,0,0,0
2022,"Minburn County No. 27, Municipal district","4810026","Vacant",180,0,0,0,0
2022,"Minden Hills, Township","3546015","Improved land",6290,6160,6045,135,245
2022,"Minden Hills, Township","3546015","Total",8585,8375,8200,210,385
2022,"Minden Hills, Township","3546015","Vacant",2295,2220,2155,75,140
2022,"Ming's Bight, Town","1008095","Improved land",0,0,0,0,0
2022,"Ming's Bight, Town","1008095","Total",150,150,150,0,0
2022,"Ming's Bight, Town","1008095","Vacant",0,0,0,0,0
2022,"Minitonas-Bowsman, Municipality","4620051","Improved land",770,745,740,25,30
2022,"Minitonas-Bowsman, Municipality","4620051","Total",980,950,940,30,40
2022,"Minitonas-Bowsman, Municipality","4620051","Vacant",210,205,200,5,10
2022,"Minnedosa, Town","4615075","Improved land",1165,1155,1150,10,15
2022,"Minnedosa, Town","4615075","Total",1275,1265,1260,10,15
2022,"Minnedosa, Town","4615075","Vacant",110,110,110,0,0
2022,"Minto, Town","3523043","Improved land",3045,3030,3020,10,20
2022,"Minto, Town","3523043","Total",3320,3305,3290,15,30
2022,"Minto, Town","3523043","Vacant",280,275,270,5,10
2022,"Minto, Village","1304022","Improved land",1050,1020,1005,30,45
2022,"Minto, Village","1304022","Total",1470,1410,1390,60,80
2022,"Minto, Village","1304022","Vacant",420,390,385,30,35
2022,"Minto-Odanah, Municipality","4615074","Improved land",460,455,455,10,10
2022,"Minto-Odanah, Municipality","4615074","Total",575,560,560,15,15
2022,"Minto-Odanah, Municipality","4615074","Vacant",110,105,105,5,5
2022,"Minton, Village","4702016","Improved land",35,0,0,0,0
2022,"Minton, Village","4702016","Total",70,0,0,0,0
2022,"Minton, Village","4702016","Vacant",35,0,0,0,0
2022,"Miramichi, Census agglomeration (CA)","329","Improved land",10575,10370,10145,205,430
2022,"Miramichi, Census agglomeration (CA)","329","Total",13995,13605,13300,385,695
2022,"Miramichi, Census agglomeration (CA)","329","Vacant",3415,3235,3155,180,260
2022,"Miramichi, City","1309050","Improved land",6045,5970,5850,85,200
2022,"Miramichi, City","1309050","Total",7500,7365,7215,135,285
2022,"Miramichi, City","1309050","Vacant",1450,1400,1375,55,80
2022,"Miry Creek No. 229, Rural municipality","4708046","Improved land",40,0,0,0,0
2022,"Miry Creek No. 229, Rural municipality","4708046","Total",180,0,0,0,0
2022,"Miry Creek No. 229, Rural municipality","4708046","Vacant",140,0,0,0,0
2022,"Miscouche, Fire district","1103040","Improved land",395,385,370,10,25
2022,"Miscouche, Fire district","1103040","Total",435,420,405,15,30
2022,"Miscouche, Fire district","1103040","Vacant",40,35,35,5,5
2022,"Miscouche, Rural municipality","1103024","Improved land",375,370,365,5,10
2022,"Miscouche, Rural municipality","1103024","Total",395,390,380,5,15
2022,"Miscouche, Rural municipality","1103024","Vacant",20,20,15,0,5
2022,"Mission, District municipality","5909056","Improved land",12040,11900,11740,140,305
2022,"Mission, District municipality","5909056","Total",12690,12545,12370,145,320
2022,"Mission, District municipality","5909056","Vacant",650,645,635,5,15
2022,"Mississauga, City","3521005","Improved land",208110,203840,201550,4265,6560
2022,"Mississauga, City","3521005","Total",209155,204865,202565,4290,6590
2022,"Mississauga, City","3521005","Vacant",1045,1020,1015,25,30
2022,"Mississippi Mills, Town","3509030","Improved land",5685,5650,5605,35,80
2022,"Mississippi Mills, Town","3509030","Total",6565,6510,6460,55,105
2022,"Mississippi Mills, Town","3509030","Vacant",880,860,855,20,25
2022,"Mistatim, Village","4714039","Improved land",45,0,0,0,0
2022,"Mistatim, Village","4714039","Total",90,0,0,0,0
2022,"Mistatim, Village","4714039","Vacant",45,0,0,0,0
2022,"Mistusinne, Resort village","4707074","Improved land",25,0,0,0,0
2022,"Mistusinne, Resort village","4707074","Total",30,0,0,0,0
2022,"Mistusinne, Resort village","4707074","Vacant",5,0,0,0,0
2022,"Moncton, Census metropolitan area (CMA)","305","Improved land",49185,48575,47560,630,1620
2022,"Moncton, Census metropolitan area (CMA)","305","Total",55435,54580,53430,855,2005
2022,"Moncton, Census metropolitan area (CMA)","305","Vacant",6255,6015,5870,240,385
2022,"Moncton, City","1307022","Improved land",22140,21835,21400,305,730
2022,"Moncton, City","1307022","Total",23285,22965,22515,320,765
2022,"Moncton, City","1307022","Vacant",1145,1130,1110,15,35
2022,"Moncton, Parish","1307019","Improved land",4030,3995,3920,35,110
2022,"Moncton, Parish","1307019","Total",5370,5305,5205,65,165
2022,"Moncton, Parish","1307019","Vacant",1340,1310,1285,30,55
2022,"Monet No. 257, Rural municipality","4708092","Improved land",75,0,0,0,0
2022,"Monet No. 257, Rural municipality","4708092","Total",275,0,0,0,0
2022,"Monet No. 257, Rural municipality","4708092","Vacant",200,0,0,0,0
2022,"Mono, Town","3522012","Improved land",3280,3245,3225,35,55
2022,"Mono, Town","3522012","Total",3510,3465,3440,45,70
2022,"Mono, Town","3522012","Vacant",230,220,215,10,15
2022,"Montague, Fire district","1102005","Improved land",80,70,70,15,20
2022,"Montague, Fire district","1102005","Total",120,105,100,15,20
2022,"Montague, Fire district","1102005","Vacant",40,40,35,0,5
2022,"Montague, Township","3509001","Improved land",1550,1535,1520,15,30
2022,"Montague, Township","3509001","Total",1955,1930,1905,25,50
2022,"Montague, Township","3509001","Vacant",405,395,385,10,20
2022,"Montcalm, Rural municipality","4603030","Improved land",500,490,485,10,15
2022,"Montcalm, Rural municipality","4603030","Total",580,570,565,10,15
2022,"Montcalm, Rural municipality","4603030","Vacant",80,80,80,0,0
2022,"Montmartre No. 126, Rural municipality","4706001","Improved land",215,0,0,0,0
2022,"Montmartre No. 126, Rural municipality","4706001","Total",265,0,0,0,0
2022,"Montmartre No. 126, Rural municipality","4706001","Vacant",50,0,0,0,0
2022,"Montmartre, Village","4706002","Improved land",225,0,0,0,0
2022,"Montmartre, Village","4706002","Total",270,0,0,0,0
2022,"Montmartre, Village","4706002","Vacant",45,0,0,0,0
2022,"Montrose No. 315, Rural municipality","4712026","Improved land",300,0,0,0,0
2022,"Montrose No. 315, Rural municipality","4712026","Total",335,0,0,0,0
2022,"Montrose No. 315, Rural municipality","4712026","Vacant",35,0,0,0,0
2022,"Montrose, Village","5905009","Improved land",430,425,420,5,10
2022,"Montrose, Village","5905009","Total",460,455,450,5,10
2022,"Montrose, Village","5905009","Vacant",30,30,30,0,0
2022,"Moonbeam, Township","3556056","Improved land",765,750,740,20,25
2022,"Moonbeam, Township","3556056","Total",1045,1015,1005,30,40
2022,"Moonbeam, Township","3556056","Vacant",280,270,265,10,15
2022,"Moose Creek No. 33, Rural municipality","4701036","Improved land",155,0,0,0,0
2022,"Moose Creek No. 33, Rural municipality","4701036","Total",155,0,0,0,0
2022,"Moose Creek No. 33, Rural municipality","4701036","Vacant",0,0,0,0,0
2022,"Moose Jaw No. 161, Rural municipality","4707038","Improved land",465,0,0,0,0
2022,"Moose Jaw No. 161, Rural municipality","4707038","Total",530,0,0,0,0
2022,"Moose Jaw No. 161, Rural municipality","4707038","Vacant",65,0,0,0,0
2022,"Moose Jaw, Census agglomeration (CA)","715","Improved land",12905,0,0,0,0
2022,"Moose Jaw, Census agglomeration (CA)","715","Total",13660,0,0,0,0
2022,"Moose Jaw, Census agglomeration (CA)","715","Vacant",755,0,0,0,0
2022,"Moose Jaw, City","4707039","Improved land",12440,0,0,0,0
2022,"Moose Jaw, City","4707039","Total",13130,0,0,0,0
2022,"Moose Jaw, City","4707039","Vacant",690,0,0,0,0
2022,"Moose Mountain No. 63, Rural municipality","4701053","Improved land",210,0,0,0,0
2022,"Moose Mountain No. 63, Rural municipality","4701053","Total",335,0,0,0,0
2022,"Moose Mountain No. 63, Rural municipality","4701053","Vacant",125,0,0,0,0
2022,"Moose Range No. 486, Rural municipality","4714067","Improved land",445,0,0,0,0
2022,"Moose Range No. 486, Rural municipality","4714067","Total",495,0,0,0,0
2022,"Moose Range No. 486, Rural municipality","4714067","Vacant",50,0,0,0,0
2022,"Moosomin No. 121, Rural municipality","4705001","Improved land",265,0,0,0,0
2022,"Moosomin No. 121, Rural municipality","4705001","Total",305,0,0,0,0
2022,"Moosomin No. 121, Rural municipality","4705001","Vacant",40,0,0,0,0
2022,"Moosomin, Town","4705004","Improved land",1000,0,0,0,0
2022,"Moosomin, Town","4705004","Total",1120,0,0,0,0
2022,"Moosomin, Town","4705004","Vacant",120,0,0,0,0
2022,"Moosonee, Town","3556106","Improved land",490,485,485,5,5
2022,"Moosonee, Town","3556106","Total",660,655,655,5,5
2022,"Moosonee, Town","3556106","Vacant",170,170,170,0,0
2022,"Morden, City","4603053","Improved land",3255,3245,3200,20,55
2022,"Morden, City","4603053","Total",3550,3525,3490,25,60
2022,"Morden, City","4603053","Vacant",290,290,290,0,0
2022,"Morell, Fire district","1101043","Improved land",845,775,745,70,105
2022,"Morell, Fire district","1101043","Total",950,865,830,80,115
2022,"Morell, Fire district","1101043","Vacant",100,90,85,10,15
2022,"Morell, Rural municipality","1101048","Improved land",165,165,160,5,10
2022,"Morell, Rural municipality","1101048","Total",180,175,170,5,10
2022,"Morell, Rural municipality","1101048","Vacant",10,10,10,0,0
2022,"Morinville, Town","4811068","Improved land",3545,0,0,0,0
2022,"Morinville, Town","4811068","Total",3670,0,0,0,0
2022,"Morinville, Town","4811068","Vacant",135,0,0,0,0
2022,"Morley, Township","3559031","Improved land",235,225,220,10,15
2022,"Morley, Township","3559031","Total",550,455,440,95,110
2022,"Morley, Township","3559031","Vacant",315,230,220,85,95
2022,"Morrin, Village","4805038","Improved land",125,0,0,0,0
2022,"Morrin, Village","4805038","Total",150,0,0,0,0
2022,"Morrin, Village","4805038","Vacant",25,0,0,0,0
2022,"Morris No. 312, Rural municipality","4711052","Improved land",85,0,0,0,0
2022,"Morris No. 312, Rural municipality","4711052","Total",160,0,0,0,0
2022,"Morris No. 312, Rural municipality","4711052","Vacant",75,0,0,0,0
2022,"Morris, Rural municipality","4603065","Improved land",995,985,965,15,30
2022,"Morris, Rural municipality","4603065","Total",1145,1125,1110,20,35
2022,"Morris, Rural municipality","4603065","Vacant",150,145,145,5,5
2022,"Morris, Town","4603067","Improved land",690,685,675,5,15
2022,"Morris, Town","4603067","Total",775,770,760,5,15
2022,"Morris, Town","4603067","Vacant",85,85,85,0,0
2022,"Morris-Turnberry, Municipality","3540050","Improved land",1215,1205,1200,10,10
2022,"Morris-Turnberry, Municipality","3540050","Total",1335,1325,1320,10,15
2022,"Morris-Turnberry, Municipality","3540050","Vacant",120,120,120,0,0
2022,"Morrisville, Town","1003020","Improved land",0,0,0,0,0
2022,"Morrisville, Town","1003020","Total",60,60,60,0,0
2022,"Morrisville, Town","1003020","Vacant",0,0,0,0,0
2022,"Morse No. 165, Rural municipality","4707024","Improved land",40,0,0,0,0
2022,"Morse No. 165, Rural municipality","4707024","Total",195,0,0,0,0
2022,"Morse No. 165, Rural municipality","4707024","Vacant",155,0,0,0,0
2022,"Morse, Town","4707027","Improved land",140,0,0,0,0
2022,"Morse, Town","4707027","Total",215,0,0,0,0
2022,"Morse, Town","4707027","Vacant",75,0,0,0,0
2022,"Mortlach, Village","4707034","Improved land",130,0,0,0,0
2022,"Mortlach, Village","4707034","Total",205,0,0,0,0
2022,"Mortlach, Village","4707034","Vacant",75,0,0,0,0
2022,"Mossbank, Town","4703092","Improved land",190,0,0,0,0
2022,"Mossbank, Town","4703092","Total",250,0,0,0,0
2022,"Mossbank, Town","4703092","Vacant",60,0,0,0,0
2022,"Mossey River, Rural municipality","4617072","Improved land",590,575,560,15,30
2022,"Mossey River, Rural municipality","4617072","Total",855,830,810,25,45
2022,"Mossey River, Rural municipality","4617072","Vacant",265,255,250,10,15
2022,"Mount Hope No. 279, Rural municipality","4710024","Improved land",270,0,0,0,0
2022,"Mount Hope No. 279, Rural municipality","4710024","Total",290,0,0,0,0
2022,"Mount Hope No. 279, Rural municipality","4710024","Vacant",20,0,0,0,0
2022,"Mount Moriah, Town","1005033","Improved land",0,0,0,0,0
2022,"Mount Moriah, Town","1005033","Total",360,355,350,5,10
2022,"Mount Moriah, Town","1005033","Vacant",0,0,0,0,0
2022,"Mount Pearl, City","1001542","Improved land",0,0,0,0,0
2022,"Mount Pearl, City","1001542","Total",8545,8370,8105,170,440
2022,"Mount Pearl, City","1001542","Vacant",0,0,0,0,0
2022,"Mount Pleasant No. 2, Rural municipality","4701006","Improved land",85,0,0,0,0
2022,"Mount Pleasant No. 2, Rural municipality","4701006","Total",155,0,0,0,0
2022,"Mount Pleasant No. 2, Rural municipality","4701006","Vacant",70,0,0,0,0
2022,"Mount Stewart, Rural municipality","1102059","Improved land",185,185,180,5,10
2022,"Mount Stewart, Rural municipality","1102059","Total",225,220,215,10,15
2022,"Mount Stewart, Rural municipality","1102059","Vacant",40,35,35,5,5
2022,"Mount Waddington A, Regional district electoral area","5943037","Improved land",495,460,445,35,50
2022,"Mount Waddington A, Regional district electoral area","5943037","Total",760,695,680,65,80
2022,"Mount Waddington A, Regional district electoral area","5943037","Vacant",265,235,235,30,30
2022,"Mount Waddington B, Regional district electoral area","5943027","Improved land",50,35,35,5,5
2022,"Mount Waddington B, Regional district electoral area","5943027","Total",810,780,780,30,30
2022,"Mount Waddington B, Regional district electoral area","5943027","Vacant",770,745,745,25,25
2022,"Mount Waddington C, Regional district electoral area","5943031","Improved land",415,405,385,10,30
2022,"Mount Waddington C, Regional district electoral area","5943031","Total",620,600,575,20,45
2022,"Mount Waddington C, Regional district electoral area","5943031","Vacant",205,195,190,10,15
2022,"Mount Waddington D, Regional district electoral area","5943033","Improved land",215,210,195,5,20
2022,"Mount Waddington D, Regional district electoral area","5943033","Total",260,250,235,10,25
2022,"Mount Waddington D, Regional district electoral area","5943033","Vacant",45,40,40,5,5
2022,"Mountain (North), Rural municipality","4620055","Improved land",355,345,345,15,15
2022,"Mountain (North), Rural municipality","4620055","Total",750,725,725,25,25
2022,"Mountain (North), Rural municipality","4620055","Vacant",390,380,380,10,10
2022,"Mountain (South), Rural municipality","4620032","Improved land",305,290,290,15,15
2022,"Mountain (South), Rural municipality","4620032","Total",555,520,520,35,35
2022,"Mountain (South), Rural municipality","4620032","Vacant",250,230,230,20,20
2022,"Mountain View County, Municipal district","4806028","Improved land",5415,0,0,0,0
2022,"Mountain View County, Municipal district","4806028","Total",5640,0,0,0,0
2022,"Mountain View County, Municipal district","4806028","Vacant",230,0,0,0,0
2022,"Mountain View No. 318, Rural municipality","4712038","Improved land",145,0,0,0,0
2022,"Mountain View No. 318, Rural municipality","4712038","Total",340,0,0,0,0
2022,"Mountain View No. 318, Rural municipality","4712038","Vacant",195,0,0,0,0
2022,"Mt. Lorne, Hamlet","6001044","Improved land",185,0,0,0,0
2022,"Mt. Lorne, Hamlet","6001044","Total",230,0,0,0,0
2022,"Mt. Lorne, Hamlet","6001044","Vacant",45,0,0,0,0
2022,"Muenster, Village","4715004","Improved land",165,0,0,0,0
2022,"Muenster, Village","4715004","Total",190,0,0,0,0
2022,"Muenster, Village","4715004","Vacant",25,0,0,0,0
2022,"Mulgrave, Town","1213008","Improved land",300,300,300,0,0
2022,"Mulgrave, Town","1213008","Total",450,450,445,5,10
2022,"Mulgrave, Town","1213008","Vacant",155,150,145,5,10
2022,"Mulmur, Township","3522016","Improved land",1715,1695,1670,20,45
2022,"Mulmur, Township","3522016","Total",1980,1950,1920,30,60
2022,"Mulmur, Township","3522016","Vacant",265,255,250,10,15
2022,"Mundare, Town","4810061","Improved land",390,0,0,0,0
2022,"Mundare, Town","4810061","Total",600,0,0,0,0
2022,"Mundare, Town","4810061","Vacant",210,0,0,0,0
2022,"Munson, Village","4805036","Improved land",85,0,0,0,0
2022,"Munson, Village","4805036","Total",115,0,0,0,0
2022,"Munson, Village","4805036","Vacant",30,0,0,0,0
2022,"Murray Harbour, Fire district","1101003","Improved land",365,330,325,30,35
2022,"Murray Harbour, Fire district","1101003","Total",410,370,365,35,40
2022,"Murray Harbour, Fire district","1101003","Vacant",45,40,40,5,5
2022,"Murray Harbour, Rural municipality","1101002","Improved land",185,180,170,5,10
2022,"Murray Harbour, Rural municipality","1101002","Total",195,190,185,5,10
2022,"Murray Harbour, Rural municipality","1101002","Vacant",10,10,10,0,0
2022,"Murray River, Part 1, Fire district","1101005","Improved land",745,690,665,50,75
2022,"Murray River, Part 1, Fire district","1101005","Total",845,790,765,55,80
2022,"Murray River, Part 1, Fire district","1101005","Vacant",105,100,100,5,5
2022,"Murray River, Part 2, Fire district","1102003","Improved land",70,65,65,5,5
2022,"Murray River, Part 2, Fire district","1102003","Total",85,80,80,5,5
2022,"Murray River, Part 2, Fire district","1102003","Vacant",10,10,10,0,0
2022,"Murray River, Rural municipality","1101004","Improved land",210,195,190,5,10
2022,"Murray River, Rural municipality","1101004","Total",260,250,245,10,15
2022,"Murray River, Rural municipality","1101004","Vacant",60,55,55,5,5
2022,"Musgrave Harbour, Town","1008006","Improved land",0,0,0,0,0
2022,"Musgrave Harbour, Town","1008006","Total",640,625,625,15,15
2022,"Musgrave Harbour, Town","1008006","Vacant",0,0,0,0,0
2022,"Muskoka Lakes, Township","3544053","Improved land",9995,9525,9330,465,665
2022,"Muskoka Lakes, Township","3544053","Total",12885,12255,11995,630,890
2022,"Muskoka Lakes, Township","3544053","Vacant",2890,2725,2665,165,225
2022,"Musquash, Parish","1301016","Improved land",615,590,580,25,30
2022,"Musquash, Parish","1301016","Total",970,915,895,60,75
2022,"Musquash, Parish","1301016","Vacant",355,320,315,35,40
2022,"Myrnam, Village","4810051","Improved land",175,0,0,0,0
2022,"Myrnam, Village","4810051","Total",205,0,0,0,0
2022,"Myrnam, Village","4810051","Vacant",40,0,0,0,0
2022,"Mystery Lake, Local government district","4622017","Improved land",5,0,0,5,5
2022,"Mystery Lake, Local government district","4622017","Total",5,0,0,5,5
2022,"Mystery Lake, Local government district","4622017","Vacant",0,0,0,0,0
2022,"Nackawic, Town","1310054","Improved land",345,340,330,5,15
2022,"Nackawic, Town","1310054","Total",410,405,395,5,15
2022,"Nackawic, Town","1310054","Vacant",65,65,65,0,0
2022,"Naicam, Town","4714032","Improved land",300,0,0,0,0
2022,"Naicam, Town","4714032","Total",365,0,0,0,0
2022,"Naicam, Town","4714032","Vacant",65,0,0,0,0
2022,"Nairn and Hyman, Township","3552031","Improved land",265,260,255,5,10
2022,"Nairn and Hyman, Township","3552031","Total",415,405,400,10,15
2022,"Nairn and Hyman, Township","3552031","Vacant",150,145,145,5,5
2022,"Nakamun Park, Summer village","4813003","Improved land",150,0,0,0,0
2022,"Nakamun Park, Summer village","4813003","Total",175,0,0,0,0
2022,"Nakamun Park, Summer village","4813003","Vacant",25,0,0,0,0
2022,"Nakusp, Village","5903050","Improved land",690,675,660,20,30
2022,"Nakusp, Village","5903050","Total",780,760,745,20,35
2022,"Nakusp, Village","5903050","Vacant",90,90,85,0,5
2022,"Nampa, Village","4817039","Improved land",175,0,0,0,0
2022,"Nampa, Village","4817039","Total",285,0,0,0,0
2022,"Nampa, Village","4817039","Vacant",110,0,0,0,0
2022,"Nanaimo A, Regional district electoral area","5921010","Improved land",2515,2495,2445,20,65
2022,"Nanaimo A, Regional district electoral area","5921010","Total",2785,2760,2710,25,75
2022,"Nanaimo A, Regional district electoral area","5921010","Vacant",275,270,265,5,10
2022,"Nanaimo B, Regional district electoral area","5921014","Improved land",2945,2835,2785,110,160
2022,"Nanaimo B, Regional district electoral area","5921014","Total",3755,3585,3510,170,245
2022,"Nanaimo B, Regional district electoral area","5921014","Vacant",810,750,725,60,85
2022,"Nanaimo C, Regional district electoral area","5921016","Improved land",1070,1055,1050,15,20
2022,"Nanaimo C, Regional district electoral area","5921016","Total",1325,1310,1300,15,25
2022,"Nanaimo C, Regional district electoral area","5921016","Vacant",255,255,250,0,5
2022,"Nanaimo E, Regional district electoral area","5921030","Improved land",3100,3040,2990,70,110
2022,"Nanaimo E, Regional district electoral area","5921030","Total",3315,3235,3190,80,120
2022,"Nanaimo E, Regional district electoral area","5921030","Vacant",215,205,200,10,15
2022,"Nanaimo F, Regional district electoral area","5921032","Improved land",2515,2480,2440,35,75
2022,"Nanaimo F, Regional district electoral area","5921032","Total",2715,2670,2630,45,85
2022,"Nanaimo F, Regional district electoral area","5921032","Vacant",200,190,190,10,10
2022,"Nanaimo G, Regional district electoral area","5921034","Improved land",3585,3560,3520,25,65
2022,"Nanaimo G, Regional district electoral area","5921034","Total",3695,3670,3630,25,65
2022,"Nanaimo G, Regional district electoral area","5921034","Vacant",110,110,110,0,0
2022,"Nanaimo H, Regional district electoral area","5921036","Improved land",2190,2145,2105,50,90
2022,"Nanaimo H, Regional district electoral area","5921036","Total",2435,2380,2335,55,100
2022,"Nanaimo H, Regional district electoral area","5921036","Vacant",240,230,230,5,10
2022,"Nanaimo, Census metropolitan area (CMA)","938","Improved land",38695,38050,37630,635,1055
2022,"Nanaimo, Census metropolitan area (CMA)","938","Total",40575,39905,39465,670,1110
2022,"Nanaimo, Census metropolitan area (CMA)","938","Vacant",1890,1855,1835,35,55
2022,"Nanaimo, City","5921007","Improved land",33695,33090,32735,590,950
2022,"Nanaimo, City","5921007","Total",34915,34300,33935,615,980
2022,"Nanaimo, City","5921007","Vacant",1235,1210,1200,25,35
2022,"Nanisivik, Settlement","6204019","Improved land",0,0,0,0,0
2022,"Nanisivik, Settlement","6204019","Total",75,75,75,0,0
2022,"Nanisivik, Settlement","6204019","Vacant",0,0,0,0,0
2022,"Nanton, Town","4803026","Improved land",965,0,0,0,0
2022,"Nanton, Town","4803026","Total",1025,0,0,0,0
2022,"Nanton, Town","4803026","Vacant",60,0,0,0,0
2022,"Naujaat, Hamlet","6205027","Improved land",0,0,0,0,0
2022,"Naujaat, Hamlet","6205027","Total",235,235,235,0,0
2022,"Naujaat, Hamlet","6205027","Vacant",0,0,0,0,0
2022,"Neebing, Municipality","3558001","Improved land",1230,1180,1170,50,60
2022,"Neebing, Municipality","3558001","Total",2080,1955,1935,130,150
2022,"Neebing, Municipality","3558001","Vacant",855,775,765,80,90
2022,"Neepawa, Town","4615020","Improved land",1335,1325,1315,10,20
2022,"Neepawa, Town","4615020","Total",1505,1490,1480,15,25
2022,"Neepawa, Town","4615020","Vacant",170,165,165,5,5
2022,"Neguac, Village","1309038","Improved land",690,685,670,5,15
2022,"Neguac, Village","1309038","Total",1040,1025,1010,15,30
2022,"Neguac, Village","1309038","Vacant",355,345,340,10,15
2022,"Neilburg, Village","4713094","Improved land",170,0,0,0,0
2022,"Neilburg, Village","4713094","Total",200,0,0,0,0
2022,"Neilburg, Village","4713094","Vacant",30,0,0,0,0
2022,"Nelson, Census agglomeration (CA)","907","Improved land",7245,7045,6860,200,385
2022,"Nelson, Census agglomeration (CA)","907","Total",8550,8300,8095,250,455
2022,"Nelson, Census agglomeration (CA)","907","Vacant",1305,1255,1235,50,70
2022,"Nelson, City","5903015","Improved land",3800,3690,3590,110,210
2022,"Nelson, City","5903015","Total",4005,3890,3785,115,220
2022,"Nelson, City","5903015","Vacant",205,200,195,5,10
2022,"Nelson, Parish","1309014","Improved land",495,480,470,15,25
2022,"Nelson, Parish","1309014","Total",730,700,685,30,45
2022,"Nelson, Parish","1309014","Vacant",235,220,215,15,20
2022,"Netherhill, Village","4713004","Improved land",15,0,0,0,0
2022,"Netherhill, Village","4713004","Total",85,0,0,0,0
2022,"Netherhill, Village","4713004","Vacant",70,0,0,0,0
2022,"Neudorf, Village","4705064","Improved land",145,0,0,0,0
2022,"Neudorf, Village","4705064","Total",210,0,0,0,0
2022,"Neudorf, Village","4705064","Vacant",65,0,0,0,0
2022,"Neville, Village","4703061","Improved land",45,0,0,0,0
2022,"Neville, Village","4703061","Total",55,0,0,0,0
2022,"Neville, Village","4703061","Vacant",10,0,0,0,0
2022,"New Bandon, Parish","1315016","Improved land",805,780,755,25,50
2022,"New Bandon, Parish","1315016","Total",1455,1390,1350,65,105
2022,"New Bandon, Parish","1315016","Vacant",650,610,595,40,55
2022,"New Brunswick","13","Improved land",293770,288065,280880,5705,12895
2022,"New Brunswick","13","Total",378120,367625,358100,10495,20020
2022,"New Brunswick","13","Vacant",84350,79560,77215,4790,7135
2022,"New Denver, Village","5903032","Improved land",315,290,275,20,40
2022,"New Denver, Village","5903032","Total",445,420,400,25,45
2022,"New Denver, Village","5903032","Vacant",130,125,125,5,5
2022,"New Glasgow, Census agglomeration (CA)","220","Improved land",14275,14015,13750,265,525
2022,"New Glasgow, Census agglomeration (CA)","220","Total",16820,16450,16125,370,700
2022,"New Glasgow, Census agglomeration (CA)","220","Vacant",2545,2445,2380,100,170
2022,"New Glasgow, Fire district","1102017","Improved land",2270,2145,2075,115,180
2022,"New Glasgow, Fire district","1102017","Total",2520,2375,2310,135,200
2022,"New Glasgow, Fire district","1102017","Vacant",260,240,235,20,25
2022,"New Glasgow, Town","1212014","Improved land",3220,3155,3110,65,110
2022,"New Glasgow, Town","1212014","Total",3520,3450,3400,70,120
2022,"New Glasgow, Town","1212014","Vacant",300,295,290,5,10
2022,"New Hazelton, District municipality","5949024","Improved land",250,235,230,15,20
2022,"New Hazelton, District municipality","5949024","Total",570,540,525,30,45
2022,"New Hazelton, District municipality","5949024","Vacant",320,305,295,15,25
2022,"New London, Fire district","1102071","Improved land",1245,1150,1090,95,150
2022,"New London, Fire district","1102071","Total",1395,1285,1225,100,160
2022,"New London, Fire district","1102071","Vacant",150,140,135,5,10
2022,"New Maryland, Parish","1310001","Improved land",1115,1100,1075,15,35
2022,"New Maryland, Parish","1310001","Total",1285,1265,1235,20,50
2022,"New Maryland, Parish","1310001","Vacant",170,165,160,5,10
2022,"New Maryland, Village","1310002","Improved land",1440,1440,1420,0,20
2022,"New Maryland, Village","1310002","Total",1545,1545,1520,0,25
2022,"New Maryland, Village","1310002","Vacant",105,105,100,0,5
2022,"New Perlican, Town","1001328","Improved land",0,0,0,0,0
2022,"New Perlican, Town","1001328","Total",385,380,370,5,15
2022,"New Perlican, Town","1001328","Vacant",0,0,0,0,0
2022,"New Tecumseth, Town","3543007","Improved land",14770,14695,14605,75,180
2022,"New Tecumseth, Town","3543007","Total",15755,15675,15570,80,185
2022,"New Tecumseth, Town","3543007","Vacant",985,980,975,5,10
2022,"New Westminster, City","5915029","Improved land",24715,24040,23585,680,1140
2022,"New Westminster, City","5915029","Total",24890,24205,23750,685,1140
2022,"New Westminster, City","5915029","Vacant",170,165,165,5,5
2022,"New-Wes-Valley, Town","1007060","Improved land",0,0,0,0,0
2022,"New-Wes-Valley, Town","1007060","Total",1250,1225,1210,25,40
2022,"New-Wes-Valley, Town","1007060","Vacant",0,0,0,0,0
2022,"Newbury, Village","3539002","Improved land",185,185,180,0,5
2022,"Newbury, Village","3539002","Total",200,200,195,0,5
2022,"Newbury, Village","3539002","Vacant",15,15,15,0,0
2022,"Newcastle, Parish","1309031","Improved land",510,500,485,10,25
2022,"Newcastle, Parish","1309031","Total",700,675,660,25,40
2022,"Newcastle, Parish","1309031","Vacant",190,175,175,15,15
2022,"Newcombe No. 260, Rural municipality","4708071","Improved land",85,0,0,0,0
2022,"Newcombe No. 260, Rural municipality","4708071","Total",280,0,0,0,0
2022,"Newcombe No. 260, Rural municipality","4708071","Vacant",195,0,0,0,0
2022,"Newell County, Municipal district","4802031","Improved land",2450,0,0,0,0
2022,"Newell County, Municipal district","4802031","Total",2930,0,0,0,0
2022,"Newell County, Municipal district","4802031","Vacant",480,0,0,0,0
2022,"Newfoundland and Labrador","10","Improved land",0,0,0,0,0
2022,"Newfoundland and Labrador","10","Total",0,0,0,0,0
2022,"Newfoundland and Labrador","10","Vacant",0,0,0,0,0
2022,"Newmarket, Town","3519048","Improved land",26865,26470,26275,395,590
2022,"Newmarket, Town","3519048","Total",27225,26830,26635,395,590
2022,"Newmarket, Town","3519048","Vacant",360,360,360,0,0
2022,"Niagara Falls, City","3526043","Improved land",32825,32425,32170,405,655
2022,"Niagara Falls, City","3526043","Total",34440,34015,33755,425,685
2022,"Niagara Falls, City","3526043","Vacant",1610,1590,1580,20,30
2022,"Niagara-on-the-Lake, Town","3526047","Improved land",7930,7750,7675,185,260
2022,"Niagara-on-the-Lake, Town","3526047","Total",8350,8155,8080,195,270
2022,"Niagara-on-the-Lake, Town","3526047","Vacant",420,410,405,10,15
2022,"Nigadoo, Village","1315037","Improved land",395,395,390,0,5
2022,"Nigadoo, Village","1315037","Total",495,490,485,5,10
2022,"Nigadoo, Village","1315037","Vacant",100,95,95,5,5
2022,"Nipawin No. 487, Rural municipality","4714072","Improved land",490,0,0,0,0
2022,"Nipawin No. 487, Rural municipality","4714072","Total",630,0,0,0,0
2022,"Nipawin No. 487, Rural municipality","4714072","Vacant",140,0,0,0,0
2022,"Nipawin, Town","4714076","Improved land",1780,0,0,0,0
2022,"Nipawin, Town","4714076","Total",1945,0,0,0,0
2022,"Nipawin, Town","4714076","Vacant",165,0,0,0,0
2022,"Nipigon, Township","3558044","Improved land",755,740,730,15,25
2022,"Nipigon, Township","3558044","Total",1055,1030,1020,25,35
2022,"Nipigon, Township","3558044","Vacant",300,290,290,10,10
2022,"Nipissing, Township","3549071","Improved land",1270,1230,1205,40,65
2022,"Nipissing, Township","3549071","Total",2020,1950,1905,70,115
2022,"Nipissing, Township","3549071","Vacant",750,720,700,30,50
2022,"Nipissing, Unorganized, North Part, Unorganized","3548094","Improved land",1725,1655,1620,70,110
2022,"Nipissing, Unorganized, North Part, Unorganized","3548094","Total",2055,1975,1930,80,125
2022,"Nipissing, Unorganized, North Part, Unorganized","3548094","Vacant",325,315,310,10,15
2022,"Nippers Harbour, Town","1008070","Improved land",0,0,0,0,0
2022,"Nippers Harbour, Town","1008070","Total",120,115,115,5,5
2022,"Nippers Harbour, Town","1008070","Vacant",0,0,0,0,0
2022,"Niverville, Town","4602046","Improved land",1755,1745,1725,10,35
2022,"Niverville, Town","4602046","Total",2065,2050,2025,15,40
2022,"Niverville, Town","4602046","Vacant",305,300,300,5,5
2022,"Nobleford, Town","4802014","Improved land",470,0,0,0,0
2022,"Nobleford, Town","4802014","Total",480,0,0,0,0
2022,"Nobleford, Town","4802014","Vacant",10,0,0,0,0
2022,"Nokomis, Town","4711044","Improved land",205,0,0,0,0
2022,"Nokomis, Town","4711044","Total",275,0,0,0,0
2022,"Nokomis, Town","4711044","Vacant",70,0,0,0,0
2022,"Norfolk County, City","3528052","Improved land",27255,27025,26835,230,425
2022,"Norfolk County, City","3528052","Total",28590,28330,28120,260,470
2022,"Norfolk County, City","3528052","Vacant",1335,1305,1290,30,45
2022,"Norfolk, Census agglomeration (CA)","547","Improved land",27255,27025,26835,230,425
2022,"Norfolk, Census agglomeration (CA)","547","Total",28590,28330,28120,260,470
2022,"Norfolk, Census agglomeration (CA)","547","Vacant",1335,1305,1290,30,45
2022,"Norfolk-Treherne, Municipality","4608032","Improved land",710,700,685,10,25
2022,"Norfolk-Treherne, Municipality","4608032","Total",785,775,760,10,25
2022,"Norfolk-Treherne, Municipality","4608032","Vacant",75,75,75,0,0
2022,"Norglenwold, Summer village","4808013","Improved land",210,0,0,0,0
2022,"Norglenwold, Summer village","4808013","Total",225,0,0,0,0
2022,"Norglenwold, Summer village","4808013","Vacant",15,0,0,0,0
2022,"Norman's Cove-Long Cove, Town","1001285","Improved land",0,0,0,0,0
2022,"Norman's Cove-Long Cove, Town","1001285","Total",470,460,455,10,15
2022,"Norman's Cove-Long Cove, Town","1001285","Vacant",0,0,0,0,0
2022,"Norquay, Town","4709072","Improved land",200,0,0,0,0
2022,"Norquay, Town","4709072","Total",265,0,0,0,0
2022,"Norquay, Town","4709072","Vacant",65,0,0,0,0
2022,"Norris Arm, Town","1006003","Improved land",0,0,0,0,0
2022,"Norris Arm, Town","1006003","Total",465,450,445,15,20
2022,"Norris Arm, Town","1006003","Vacant",0,0,0,0,0
2022,"Norris Beach, Summer village","4811007","Improved land",90,0,0,0,0
2022,"Norris Beach, Summer village","4811007","Total",110,0,0,0,0
2022,"Norris Beach, Summer village","4811007","Vacant",20,0,0,0,0
2022,"Norris Point, Town","1009012","Improved land",0,0,0,0,0
2022,"Norris Point, Town","1009012","Total",525,515,505,10,20
2022,"Norris Point, Town","1009012","Vacant",0,0,0,0,0
2022,"North Algona Wilberforce, Township","3547070","Improved land",1785,1760,1740,25,45
2022,"North Algona Wilberforce, Township","3547070","Total",2340,2300,2270,40,65
2022,"North Algona Wilberforce, Township","3547070","Vacant",555,540,530,15,25
2022,"North Battleford No. 437, Rural municipality","4716028","Improved land",200,0,0,0,0
2022,"North Battleford No. 437, Rural municipality","4716028","Total",340,0,0,0,0
2022,"North Battleford No. 437, Rural municipality","4716028","Vacant",140,0,0,0,0
2022,"North Battleford, Census agglomeration (CA)","735","Improved land",7225,0,0,0,0
2022,"North Battleford, Census agglomeration (CA)","735","Total",8150,0,0,0,0
2022,"North Battleford, Census agglomeration (CA)","735","Vacant",925,0,0,0,0
2022,"North Battleford, City","4716029","Improved land",5120,0,0,0,0
2022,"North Battleford, City","4716029","Total",5530,0,0,0,0
2022,"North Battleford, City","4716029","Vacant",410,0,0,0,0
2022,"North Bay, Census agglomeration (CA)","575","Improved land",27065,26735,26505,325,555
2022,"North Bay, Census agglomeration (CA)","575","Total",31565,31125,30820,440,745
2022,"North Bay, Census agglomeration (CA)","575","Vacant",4500,4385,4315,115,185
2022,"North Bay, City","3548044","Improved land",17350,17235,17140,120,215
2022,"North Bay, City","3548044","Total",18575,18450,18345,120,230
2022,"North Bay, City","3548044","Vacant",1220,1215,1205,5,15
2022,"North Coast A, Regional district electoral area","5947016","Improved land",55,55,55,0,0
2022,"North Coast A, Regional district electoral area","5947016","Total",220,200,190,20,30
2022,"North Coast A, Regional district electoral area","5947016","Vacant",165,145,135,20,30
2022,"North Coast C, Regional district electoral area","5947021","Improved land",65,60,60,5,5
2022,"North Coast C, Regional district electoral area","5947021","Total",240,205,195,35,45
2022,"North Coast C, Regional district electoral area","5947021","Vacant",175,145,135,30,40
2022,"North Coast D, Regional district electoral area","5947027","Improved land",275,255,240,15,30
2022,"North Coast D, Regional district electoral area","5947027","Total",500,465,445,35,55
2022,"North Coast D, Regional district electoral area","5947027","Vacant",225,205,200,20,25
2022,"North Coast E, Regional district electoral area","5947032","Improved land",165,160,155,5,10
2022,"North Coast E, Regional district electoral area","5947032","Total",190,185,180,5,15
2022,"North Coast E, Regional district electoral area","5947032","Vacant",25,25,25,0,0
2022,"North Cowichan, District municipality","5919008","Improved land",11580,11435,11300,145,280
2022,"North Cowichan, District municipality","5919008","Total",12375,12210,12065,165,310
2022,"North Cowichan, District municipality","5919008","Vacant",795,775,765,20,30
2022,"North Cypress-Langford, Municipality","4607066","Improved land",1000,985,980,15,20
2022,"North Cypress-Langford, Municipality","4607066","Total",1170,1150,1145,20,25
2022,"North Cypress-Langford, Municipality","4607066","Vacant",170,165,165,5,5
2022,"North Dumfries, Township","3530004","Improved land",3470,3460,3450,10,20
2022,"North Dumfries, Township","3530004","Total",3715,3700,3685,15,40
2022,"North Dumfries, Township","3530004","Vacant",245,240,235,5,10
2022,"North Dundas, Township","3501030","Improved land",4315,4295,4260,20,60
2022,"North Dundas, Township","3501030","Total",4835,4800,4760,35,75
2022,"North Dundas, Township","3501030","Vacant",520,505,500,15,20
2022,"North Frontenac, Township","3510045","Improved land",3475,3205,3135,255,330
2022,"North Frontenac, Township","3510045","Total",5025,4690,4590,335,435
2022,"North Frontenac, Township","3510045","Vacant",1560,1480,1455,80,105
2022,"North Glengarry, Township","3501050","Improved land",4140,4100,4065,35,75
2022,"North Glengarry, Township","3501050","Total",4885,4820,4780,60,105
2022,"North Glengarry, Township","3501050","Vacant",745,720,715,25,30
2022,"North Grenville, Municipality","3507065","Improved land",6930,6880,6845,55,90
2022,"North Grenville, Municipality","3507065","Total",7980,7910,7870,70,110
2022,"North Grenville, Municipality","3507065","Vacant",1045,1030,1025,15,20
2022,"North Grove, Resort village","4706081","Improved land",100,0,0,0,0
2022,"North Grove, Resort village","4706081","Total",215,0,0,0,0
2022,"North Grove, Resort village","4706081","Vacant",115,0,0,0,0
2022,"North Huron, Township","3540055","Improved land",1910,1895,1880,15,30
2022,"North Huron, Township","3540055","Total",2025,2010,1995,15,30
2022,"North Huron, Township","3540055","Vacant",115,115,115,0,0
2022,"North Kawartha, Township","3515037","Improved land",3880,3700,3620,170,265
2022,"North Kawartha, Township","3515037","Total",4940,4730,4615,210,325
2022,"North Kawartha, Township","3515037","Vacant",1065,1025,995,40,70
2022,"North Lake, Parish","1310008","Improved land",440,385,365,55,80
2022,"North Lake, Parish","1310008","Total",685,600,565,75,115
2022,"North Lake, Parish","1310008","Vacant",235,215,200,20,35
2022,"North Middlesex, Municipality","3539041","Improved land",2350,2340,2335,10,15
2022,"North Middlesex, Municipality","3539041","Total",2575,2565,2560,10,25
2022,"North Middlesex, Municipality","3539041","Vacant",235,235,235,0,0
2022,"North Norfolk, Municipality","4608046","Improved land",1345,1335,1320,10,25
2022,"North Norfolk, Municipality","4608046","Total",1585,1570,1550,15,35
2022,"North Norfolk, Municipality","4608046","Vacant",240,235,230,5,10
2022,"North Okanagan B, Regional district electoral area","5937017","Improved land",1045,1030,1010,15,35
2022,"North Okanagan B, Regional district electoral area","5937017","Total",1140,1120,1100,20,40
2022,"North Okanagan B, Regional district electoral area","5937017","Vacant",95,90,90,5,5
2022,"North Okanagan C, Regional district electoral area","5937021","Improved land",2165,2010,1980,155,180
2022,"North Okanagan C, Regional district electoral area","5937021","Total",2375,2200,2170,175,205
2022,"North Okanagan C, Regional district electoral area","5937021","Vacant",210,190,185,20,25
2022,"North Okanagan D, Regional district electoral area","5937022","Improved land",1015,1000,970,15,45
2022,"North Okanagan D, Regional district electoral area","5937022","Total",1180,1155,1115,25,65
2022,"North Okanagan D, Regional district electoral area","5937022","Vacant",165,155,145,10,20
2022,"North Okanagan E, Regional district electoral area","5937023","Improved land",380,370,355,10,25
2022,"North Okanagan E, Regional district electoral area","5937023","Total",550,535,510,15,40
2022,"North Okanagan E, Regional district electoral area","5937023","Vacant",170,165,155,5,15
2022,"North Okanagan F, Regional district electoral area","5937041","Improved land",1955,1905,1845,55,110
2022,"North Okanagan F, Regional district electoral area","5937041","Total",2395,2315,2240,80,155
2022,"North Okanagan F, Regional district electoral area","5937041","Vacant",440,415,395,25,45
2022,"North Perth, Municipality","3531040","Improved land",5070,5055,5035,25,40
2022,"North Perth, Municipality","3531040","Total",5410,5385,5365,25,45
2022,"North Perth, Municipality","3531040","Vacant",330,330,325,0,5
2022,"North Portal, Village","4701018","Improved land",65,0,0,0,0
2022,"North Portal, Village","4701018","Total",90,0,0,0,0
2022,"North Portal, Village","4701018","Vacant",25,0,0,0,0
2022,"North Qu'Appelle No. 187, Rural municipality","4706048","Improved land",675,0,0,0,0
2022,"North Qu'Appelle No. 187, Rural municipality","4706048","Total",945,0,0,0,0
2022,"North Qu'Appelle No. 187, Rural municipality","4706048","Vacant",270,0,0,0,0
2022,"North River, Fire district","1102072","Improved land",65,65,60,0,5
2022,"North River, Fire district","1102072","Total",80,75,70,5,10
2022,"North River, Fire district","1102072","Vacant",15,10,10,5,5
2022,"North River, Town","1001426","Improved land",0,0,0,0,0
2022,"North River, Town","1001426","Total",420,405,400,15,20
2022,"North River, Town","1001426","Vacant",0,0,0,0,0
2022,"North Rustico, Fire district","1102019","Improved land",205,190,190,15,15
2022,"North Rustico, Fire district","1102019","Total",225,210,210,15,15
2022,"North Rustico, Fire district","1102019","Vacant",20,20,20,0,0
2022,"North Rustico, Town","1102046","Improved land",355,320,315,30,30
2022,"North Rustico, Town","1102046","Total",365,330,325,35,40
2022,"North Rustico, Town","1102046","Vacant",15,10,10,5,5
2022,"North Saanich, District municipality","5917005","Improved land",4635,4580,4520,55,115
2022,"North Saanich, District municipality","5917005","Total",4770,4700,4640,70,130
2022,"North Saanich, District municipality","5917005","Vacant",135,120,120,15,15
2022,"North Shore, Fire district","1102073","Improved land",550,530,515,10,25
2022,"North Shore, Fire district","1102073","Total",580,570,555,10,25
2022,"North Shore, Fire district","1102073","Vacant",40,40,40,0,0
2022,"North Shore, Rural municipality","1102067","Improved land",1415,1345,1305,65,105
2022,"North Shore, Rural municipality","1102067","Total",1535,1455,1415,75,115
2022,"North Shore, Rural municipality","1102067","Vacant",120,110,110,10,10
2022,"North Stormont, Township","3501042","Improved land",2745,2725,2710,15,35
2022,"North Stormont, Township","3501042","Total",3325,3305,3280,20,45
2022,"North Stormont, Township","3501042","Vacant",580,575,570,5,10
2022,"North Vancouver, City","5915051","Improved land",18975,18405,18115,570,855
2022,"North Vancouver, City","5915051","Total",19060,18490,18210,570,860
2022,"North Vancouver, City","5915051","Vacant",85,85,85,0,0
2022,"North Vancouver, District municipality","5915046","Improved land",28805,28160,27800,640,1005
2022,"North Vancouver, District municipality","5915046","Total",30945,30290,29925,655,1020
2022,"North Vancouver, District municipality","5915046","Vacant",2140,2125,2125,15,15
2022,"North West River, Town","1010022","Improved land",0,0,0,0,0
2022,"North West River, Town","1010022","Total",295,270,265,25,25
2022,"North West River, Town","1010022","Vacant",0,0,0,0,0
2022,"North Wiltshire, Rural municipality","1102020","Improved land",75,75,70,0,5
2022,"North Wiltshire, Rural municipality","1102020","Total",75,75,70,0,5
2022,"North Wiltshire, Rural municipality","1102020","Vacant",0,0,0,0,0
2022,"Northampton, Parish","1311008","Improved land",735,720,705,15,30
2022,"Northampton, Parish","1311008","Total",945,920,900,25,45
2022,"Northampton, Parish","1311008","Vacant",210,200,195,10,15
2022,"Northeastern Manitoulin and the Islands, Municipality","3551017","Improved land",2030,1760,1715,265,320
2022,"Northeastern Manitoulin and the Islands, Municipality","3551017","Total",2925,2540,2465,385,460
2022,"Northeastern Manitoulin and the Islands, Municipality","3551017","Vacant",895,775,750,120,145
2022,"Northern Arm, Town","1006015","Improved land",0,0,0,0,0
2022,"Northern Arm, Town","1006015","Total",305,290,285,15,20
2022,"Northern Arm, Town","1006015","Vacant",0,0,0,0,0
2022,"Northern Bruce Peninsula, Municipality","3541069","Improved land",5090,4835,4760,255,330
2022,"Northern Bruce Peninsula, Municipality","3541069","Total",8165,7735,7625,425,540
2022,"Northern Bruce Peninsula, Municipality","3541069","Vacant",3075,2905,2865,170,210
2022,"Northern Lights County, Municipal district","4817076","Improved land",1605,0,0,0,0
2022,"Northern Lights County, Municipal district","4817076","Total",2015,0,0,0,0
2022,"Northern Lights County, Municipal district","4817076","Vacant",410,0,0,0,0
2022,"Northern Rockies, Regional municipality","5959007","Improved land",1675,1635,1610,40,65
2022,"Northern Rockies, Regional municipality","5959007","Total",2100,2055,2025,45,75
2022,"Northern Rockies, Regional municipality","5959007","Vacant",425,420,415,5,10
2022,"Northern Sunrise County, Municipal district","4817026","Improved land",870,0,0,0,0
2022,"Northern Sunrise County, Municipal district","4817026","Total",1070,0,0,0,0
2022,"Northern Sunrise County, Municipal district","4817026","Vacant",200,0,0,0,0
2022,"Northesk, Parish","1309028","Improved land",1185,1150,1125,40,55
2022,"Northesk, Parish","1309028","Total",1745,1685,1650,60,95
2022,"Northesk, Parish","1309028","Vacant",565,535,525,30,40
2022,"Northfield, Parish","1303018","Improved land",325,315,305,10,20
2022,"Northfield, Parish","1303018","Total",455,440,425,15,30
2022,"Northfield, Parish","1303018","Vacant",130,125,120,5,10
2022,"Northport, Rural municipality","1103050","Improved land",105,105,100,0,5
2022,"Northport, Rural municipality","1103050","Total",115,115,110,0,5
2022,"Northport, Rural municipality","1103050","Vacant",10,10,10,0,0
2022,"Northwest Territories","61","Improved land",0,0,0,0,0
2022,"Northwest Territories","61","Total",0,0,0,0,0
2022,"Northwest Territories","61","Vacant",0,0,0,0,0
2022,"Norton No. 69, Rural municipality","4702052","Improved land",125,0,0,0,0
2022,"Norton No. 69, Rural municipality","4702052","Total",175,0,0,0,0
2022,"Norton No. 69, Rural municipality","4702052","Vacant",50,0,0,0,0
2022,"Norton, Parish","1305016","Improved land",560,555,540,15,25
2022,"Norton, Parish","1305016","Total",795,770,755,25,40
2022,"Norton, Parish","1305016","Vacant",230,220,215,10,15
2022,"Norton, Village","1305018","Improved land",540,530,520,10,20
2022,"Norton, Village","1305018","Total",720,705,695,15,25
2022,"Norton, Village","1305018","Vacant",185,175,175,10,10
2022,"Norwich, Township","3532002","Improved land",3785,3745,3720,40,65
2022,"Norwich, Township","3532002","Total",3990,3950,3925,45,70
2022,"Norwich, Township","3532002","Vacant",210,205,205,5,5
2022,"Notre-Dame-de-Lourdes, Parish","1313008","Improved land",135,135,130,0,5
2022,"Notre-Dame-de-Lourdes, Parish","1313008","Total",200,195,185,5,15
2022,"Notre-Dame-de-Lourdes, Parish","1313008","Vacant",65,60,55,5,10
2022,"Nova Scotia","12","Improved land",368305,358210,350985,10090,17310
2022,"Nova Scotia","12","Total",449610,433570,423955,16040,25655
2022,"Nova Scotia","12","Vacant",81305,75350,72965,5955,8340
2022,"Nunavut","62","Improved land",0,0,0,0,0
2022,"Nunavut","62","Total",10745,10565,10425,180,320
2022,"Nunavut","62","Vacant",0,0,0,0,0
2022,"O'Connor, Township","3558016","Improved land",295,295,295,0,0
2022,"O'Connor, Township","3558016","Total",445,440,440,5,5
2022,"O'Connor, Township","3558016","Vacant",150,145,145,5,5
2022,"O'Leary, Fire district","1103065","Improved land",1280,1220,1195,45,70
2022,"O'Leary, Fire district","1103065","Total",1445,1375,1340,60,95
2022,"O'Leary, Fire district","1103065","Vacant",165,150,145,15,20
2022,"O'Leary, Town","1103042","Improved land",360,340,340,5,10
2022,"O'Leary, Town","1103042","Total",385,370,365,10,15
2022,"O'Leary, Town","1103042","Vacant",35,30,30,5,5
2022,"Oak Bay, District municipality","5917030","Improved land",6360,6240,6135,125,240
2022,"Oak Bay, District municipality","5917030","Total",6415,6285,6180,130,235
2022,"Oak Bay, District municipality","5917030","Vacant",55,50,50,5,5
2022,"Oakdale No. 320, Rural municipality","4713024","Improved land",50,0,0,0,0
2022,"Oakdale No. 320, Rural municipality","4713024","Total",125,0,0,0,0
2022,"Oakdale No. 320, Rural municipality","4713024","Vacant",75,0,0,0,0
2022,"Oakland-Wawanesa, Municipality","4607046","Improved land",630,620,610,10,20
2022,"Oakland-Wawanesa, Municipality","4607046","Total",735,720,705,15,30
2022,"Oakland-Wawanesa, Municipality","4607046","Vacant",105,100,95,5,10
2022,"Oakview, Rural municipality","4615032","Improved land",680,670,660,10,20
2022,"Oakview, Rural municipality","4615032","Total",915,900,890,15,25
2022,"Oakview, Rural municipality","4615032","Vacant",235,230,230,5,5
2022,"Oakville, Town","3524001","Improved land",67905,66325,65635,1580,2270
2022,"Oakville, Town","3524001","Total",70070,68475,67770,1595,2300
2022,"Oakville, Town","3524001","Vacant",2165,2150,2135,15,30
2022,"Odessa, Village","4706006","Improved land",100,0,0,0,0
2022,"Odessa, Village","4706006","Total",125,0,0,0,0
2022,"Odessa, Village","4706006","Vacant",25,0,0,0,0
2022,"Ogema, Town","4702058","Improved land",180,0,0,0,0
2022,"Ogema, Town","4702058","Total",240,0,0,0,0
2022,"Ogema, Town","4702058","Vacant",60,0,0,0,0
2022,"Oil Springs, Village","3538018","Improved land",265,265,265,5,5
2022,"Oil Springs, Village","3538018","Total",325,320,315,5,5
2022,"Oil Springs, Village","3538018","Vacant",55,55,55,0,0
2022,"Okanagan-Similkameen A, Regional district electoral area","5907022","Improved land",885,865,850,20,35
2022,"Okanagan-Similkameen A, Regional district electoral area","5907022","Total",1290,1260,1245,30,45
2022,"Okanagan-Similkameen A, Regional district electoral area","5907022","Vacant",405,395,395,10,10
2022,"Okanagan-Similkameen B, Regional district electoral area","5907026","Improved land",385,380,370,5,10
2022,"Okanagan-Similkameen B, Regional district electoral area","5907026","Total",455,450,440,5,15
2022,"Okanagan-Similkameen B, Regional district electoral area","5907026","Vacant",70,70,70,0,0
2022,"Okanagan-Similkameen C, Regional district electoral area","5907028","Improved land",1150,1130,1105,20,45
2022,"Okanagan-Similkameen C, Regional district electoral area","5907028","Total",1460,1435,1405,25,55
2022,"Okanagan-Similkameen C, Regional district electoral area","5907028","Vacant",310,305,300,5,10
2022,"Okanagan-Similkameen D, Regional district electoral area","5907047","Improved land",1730,1710,1670,20,60
2022,"Okanagan-Similkameen D, Regional district electoral area","5907047","Total",1955,1925,1880,30,80
2022,"Okanagan-Similkameen D, Regional district electoral area","5907047","Vacant",225,215,215,10,10
2022,"Okanagan-Similkameen E, Regional district electoral area","5907049","Improved land",1005,985,965,20,40
2022,"Okanagan-Similkameen E, Regional district electoral area","5907049","Total",1260,1220,1195,40,65
2022,"Okanagan-Similkameen E, Regional district electoral area","5907049","Vacant",255,235,230,20,25
2022,"Okanagan-Similkameen F, Regional district electoral area","5907051","Improved land",780,770,765,10,15
2022,"Okanagan-Similkameen F, Regional district electoral area","5907051","Total",870,870,855,10,15
2022,"Okanagan-Similkameen F, Regional district electoral area","5907051","Vacant",90,90,90,0,0
2022,"Okanagan-Similkameen G, Regional district electoral area","5907053","Improved land",805,790,760,15,35
2022,"Okanagan-Similkameen G, Regional district electoral area","5907053","Total",1440,1415,1390,25,50
2022,"Okanagan-Similkameen G, Regional district electoral area","5907053","Vacant",635,625,625,10,10
2022,"Okanagan-Similkameen H, Regional district electoral area","5907055","Improved land",1900,1825,1750,75,155
2022,"Okanagan-Similkameen H, Regional district electoral area","5907055","Total",2560,2460,2375,100,185
2022,"Okanagan-Similkameen H, Regional district electoral area","5907055","Vacant",660,635,620,25,40
2022,"Okanagan-Similkameen I, Regional district electoral area","5907048","Improved land",1485,1440,1405,50,90
2022,"Okanagan-Similkameen I, Regional district electoral area","5907048","Total",1770,1715,1670,55,100
2022,"Okanagan-Similkameen I, Regional district electoral area","5907048","Vacant",280,275,270,5,10
2022,"Okotoks, Census agglomeration (CA)","820","Improved land",10550,0,0,0,0
2022,"Okotoks, Census agglomeration (CA)","820","Total",10940,0,0,0,0
2022,"Okotoks, Census agglomeration (CA)","820","Vacant",390,0,0,0,0
2022,"Okotoks, Town","4806012","Improved land",10550,0,0,0,0
2022,"Okotoks, Town","4806012","Total",10940,0,0,0,0
2022,"Okotoks, Town","4806012","Vacant",390,0,0,0,0
2022,"Old Crow, Settlement","6001043","Improved land",25,0,0,0,0
2022,"Old Crow, Settlement","6001043","Total",25,0,0,0,0
2022,"Old Crow, Settlement","6001043","Vacant",0,0,0,0,0
2022,"Old Perlican, Town","1001343","Improved land",0,0,0,0,0
2022,"Old Perlican, Town","1001343","Total",575,570,560,15,15
2022,"Old Perlican, Town","1001343","Vacant",0,0,0,0,0
2022,"Old Post No. 43, Rural municipality","4703011","Improved land",35,0,0,0,0
2022,"Old Post No. 43, Rural municipality","4703011","Total",210,0,0,0,0
2022,"Old Post No. 43, Rural municipality","4703011","Vacant",175,0,0,0,0
2022,"Olds, Town","4806034","Improved land",3430,0,0,0,0
2022,"Olds, Town","4806034","Total",3550,0,0,0,0
2022,"Olds, Town","4806034","Vacant",120,0,0,0,0
2022,"Oliver Paipoonge, Municipality","3558011","Improved land",2285,2270,2260,15,25
2022,"Oliver Paipoonge, Municipality","3558011","Total",2880,2850,2840,30,40
2022,"Oliver Paipoonge, Municipality","3558011","Vacant",595,580,580,15,15
2022,"Oliver, Town","5907014","Improved land",2135,2105,2075,30,65
2022,"Oliver, Town","5907014","Total",2225,2190,2155,35,70
2022,"Oliver, Town","5907014","Vacant",90,85,85,5,5
2022,"One Hundred Mile House, District municipality","5941005","Improved land",650,630,615,20,35
2022,"One Hundred Mile House, District municipality","5941005","Total",715,695,680,20,35
2022,"One Hundred Mile House, District municipality","5941005","Vacant",65,65,65,0,0
2022,"Onoway, Town","4813014","Improved land",345,0,0,0,0
2022,"Onoway, Town","4813014","Total",360,0,0,0,0
2022,"Onoway, Town","4813014","Vacant",15,0,0,0,0
2022,"Ontario","35","Improved land",4735465,4640860,4595550,94615,139915
2022,"Ontario","35","Total",5064025,4956465,4906880,107560,157145
2022,"Ontario","35","Vacant",328555,315610,311330,12945,17225
2022,"Opasatika, Township","3556073","Improved land",125,125,125,0,0
2022,"Opasatika, Township","3556073","Total",255,235,235,15,20
2022,"Opasatika, Township","3556073","Vacant",130,115,110,15,20
2022,"Opportunity No. 17, Municipal district","4817031","Improved land",1270,0,0,0,0
2022,"Opportunity No. 17, Municipal district","4817031","Total",1635,0,0,0,0
2022,"Opportunity No. 17, Municipal district","4817031","Vacant",365,0,0,0,0
2022,"Orangeville, Town","3522014","Improved land",9710,9670,9620,40,90
2022,"Orangeville, Town","3522014","Total",9815,9775,9725,45,90
2022,"Orangeville, Town","3522014","Vacant",105,105,105,0,0
2022,"Orillia, Census agglomeration (CA)","569","Improved land",11280,11160,11065,120,215
2022,"Orillia, Census agglomeration (CA)","569","Total",11750,11625,11530,125,220
2022,"Orillia, Census agglomeration (CA)","569","Vacant",470,465,465,5,5
2022,"Orillia, City","3543052","Improved land",11280,11160,11065,120,215
2022,"Orillia, City","3543052","Total",11750,11625,11530,125,220
2022,"Orillia, City","3543052","Vacant",470,465,465,5,5
2022,"Orkney No. 244, Rural municipality","4709011","Improved land",785,0,0,0,0
2022,"Orkney No. 244, Rural municipality","4709011","Total",940,0,0,0,0
2022,"Orkney No. 244, Rural municipality","4709011","Vacant",155,0,0,0,0
2022,"Oro-Medonte, Township","3543023","Improved land",9135,9060,8970,75,170
2022,"Oro-Medonte, Township","3543023","Total",10235,10145,10040,90,195
2022,"Oro-Medonte, Township","3543023","Vacant",1095,1080,1070,15,25
2022,"Oromocto, Town","1303012","Improved land",1915,1900,1870,15,45
2022,"Oromocto, Town","1303012","Total",2010,1995,1965,15,45
2022,"Oromocto, Town","1303012","Vacant",95,95,95,0,0
2022,"Osage, Village","4702077","Improved land",20,0,0,0,0
2022,"Osage, Village","4702077","Total",50,0,0,0,0
2022,"Osage, Village","4702077","Vacant",30,0,0,0,0
2022,"Oshawa, Census metropolitan area (CMA)","532","Improved land",128885,127805,126840,1070,2050
2022,"Oshawa, Census metropolitan area (CMA)","532","Total",134245,133145,132145,1100,2100
2022,"Oshawa, Census metropolitan area (CMA)","532","Vacant",5360,5335,5300,25,60
2022,"Oshawa, City","3518013","Improved land",52615,52100,51670,515,945
2022,"Oshawa, City","3518013","Total",53785,53265,52825,520,960
2022,"Oshawa, City","3518013","Vacant",1170,1165,1155,5,15
2022,"Osler, Town","4711075","Improved land",415,0,0,0,0
2022,"Osler, Town","4711075","Total",430,0,0,0,0
2022,"Osler, Town","4711075","Vacant",15,0,0,0,0
2022,"Osoyoos, Town","5907005","Improved land",3240,3185,3125,60,125
2022,"Osoyoos, Town","5907005","Total",3555,3485,3410,70,145
2022,"Osoyoos, Town","5907005","Vacant",310,300,290,10,20
2022,"Otonabee-South Monaghan, Township","3515005","Improved land",2880,2850,2825,30,60
2022,"Otonabee-South Monaghan, Township","3515005","Total",3250,3210,3180,40,70
2022,"Otonabee-South Monaghan, Township","3515005","Vacant",370,360,355,10,15
2022,"Ottawa - Gatineau (Ontario part), Census metropolitan area (CMA)","2021S050535505","Improved land",362565,357140,354190,5420,8385
2022,"Ottawa - Gatineau (Ontario part), Census metropolitan area (CMA)","2021S050535505","Total",380715,375030,371920,5685,8795
2022,"Ottawa - Gatineau (Ontario part), Census metropolitan area (CMA)","2021S050535505","Vacant",18150,17885,17725,265,420
2022,"Ottawa, City","3506008","Improved land",319815,314655,311980,5165,7840
2022,"Ottawa, City","3506008","Total",331705,326375,323590,5325,8115
2022,"Ottawa, City","3506008","Vacant",11885,11720,11610,165,275
2022,"Outlook, Town","4711027","Improved land",895,0,0,0,0
2022,"Outlook, Town","4711027","Total",1040,0,0,0,0
2022,"Outlook, Town","4711027","Vacant",145,0,0,0,0
2022,"Outside of census metropolitan areas (CMAs) and census agglomerations (CAs), Alberta","","Improved land",270975,0,0,0,0
2022,"Outside of census metropolitan areas (CMAs) and census agglomerations (CAs), Alberta","","Total",310785,0,0,0,0
2022,"Outside of census metropolitan areas (CMAs) and census agglomerations (CAs), Alberta","","Vacant",39815,0,0,0,0
2022,"Outside of census metropolitan areas (CMAs) and census agglomerations (CAs), British Columbia","","Improved land",234965,226770,221055,8200,13895
2022,"Outside of census metropolitan areas (CMAs) and census agglomerations (CAs), British Columbia","","Total",327540,316255,309230,11285,18310
2022,"Outside of census metropolitan areas (CMAs) and census agglomerations (CAs), British Columbia","","Vacant",92585,89500,88175,3085,4410
2022,"Outside of census metropolitan areas (CMAs) and census agglomerations (CAs), Manitoba","","Improved land",130770,128360,126620,2410,4160
2022,"Outside of census metropolitan areas (CMAs) and census agglomerations (CAs), Manitoba","","Total",162850,159425,157250,3425,5595
2022,"Outside of census metropolitan areas (CMAs) and census agglomerations (CAs), Manitoba","","Vacant",32080,31065,30640,1015,1440
2022,"Outside of census metropolitan areas (CMAs) and census agglomerations (CAs), New Brunswick","","Improved land",129930,126440,122585,3490,7345
2022,"Outside of census metropolitan areas (CMAs) and census agglomerations (CAs), New Brunswick","","Total",184425,177290,171735,7135,12690
2022,"Outside of census metropolitan areas (CMAs) and census agglomerations (CAs), New Brunswick","","Vacant",54495,50855,49150,3640,5345
2022,"Outside of census metropolitan areas (CMAs) and census agglomerations (CAs), Newfoundland and Labrador","","Improved land",0,0,0,0,0
2022,"Outside of census metropolitan areas (CMAs) and census agglomerations (CAs), Newfoundland and Labrador","","Total",0,0,0,0,0
2022,"Outside of census metropolitan areas (CMAs) and census agglomerations (CAs), Newfoundland and Labrador","","Vacant",0,0,0,0,0
2022,"Outside of census metropolitan areas (CMAs) and census agglomerations (CAs), Nova Scotia","","Improved land",148320,142370,139215,5955,9100
2022,"Outside of census metropolitan areas (CMAs) and census agglomerations (CAs), Nova Scotia","","Total",189440,179620,175155,9820,14280
2022,"Outside of census metropolitan areas (CMAs) and census agglomerations (CAs), Nova Scotia","","Vacant",41120,37255,35940,3865,5180
2022,"Outside of census metropolitan areas (CMAs) and census agglomerations (CAs), Nunavut","","Improved land",0,0,0,0,0
2022,"Outside of census metropolitan areas (CMAs) and census agglomerations (CAs), Nunavut","","Total",10745,10565,10425,180,320
2022,"Outside of census metropolitan areas (CMAs) and census agglomerations (CAs), Nunavut","","Vacant",0,0,0,0,0
2022,"Outside of census metropolitan areas (CMAs) and census agglomerations (CAs), Ontario","","Improved land",684200,665265,657310,18935,26895
2022,"Outside of census metropolitan areas (CMAs) and census agglomerations (CAs), Ontario","","Total",859740,830885,819935,28850,39800
2022,"Outside of census metropolitan areas (CMAs) and census agglomerations (CAs), Ontario","","Vacant",175540,165625,162630,9915,12910
2022,"Outside of census metropolitan areas (CMAs) and census agglomerations (CAs), Prince Edward Island","","Improved land",29955,28330,27505,1495,2325
2022,"Outside of census metropolitan areas (CMAs) and census agglomerations (CAs), Prince Edward Island","","Total",33575,31685,30760,1750,2680
2022,"Outside of census metropolitan areas (CMAs) and census agglomerations (CAs), Prince Edward Island","","Vacant",3620,3355,3255,255,355
2022,"Outside of census metropolitan areas (CMAs) and census agglomerations (CAs), Saskatchewan","","Improved land",139645,0,0,0,0
2022,"Outside of census metropolitan areas (CMAs) and census agglomerations (CAs), Saskatchewan","","Total",203870,0,0,0,0
2022,"Outside of census metropolitan areas (CMAs) and census agglomerations (CAs), Saskatchewan","","Vacant",64225,0,0,0,0
2022,"Outside of census metropolitan areas (CMAs) and census agglomerations (CAs), Yukon","","Improved land",3945,0,0,0,0
2022,"Outside of census metropolitan areas (CMAs) and census agglomerations (CAs), Yukon","","Total",7225,0,0,0,0
2022,"Outside of census metropolitan areas (CMAs) and census agglomerations (CAs), Yukon","","Vacant",3280,0,0,0,0
2022,"Owen Sound, Census agglomeration (CA)","566","Improved land",12010,11920,11845,90,165
2022,"Owen Sound, Census agglomeration (CA)","566","Total",13455,13340,13250,115,205
2022,"Owen Sound, Census agglomeration (CA)","566","Vacant",1445,1420,1405,25,40
2022,"Owen Sound, City","3542059","Improved land",7015,6985,6930,40,85
2022,"Owen Sound, City","3542059","Total",7315,7275,7225,40,90
2022,"Owen Sound, City","3542059","Vacant",300,300,295,0,5
2022,"Oxbow, Town","4701014","Improved land",520,0,0,0,0
2022,"Oxbow, Town","4701014","Total",615,0,0,0,0
2022,"Oxbow, Town","4701014","Vacant",95,0,0,0,0
2022,"Oxford, Town","1211012","Improved land",540,525,520,15,20
2022,"Oxford, Town","1211012","Total",660,645,635,15,25
2022,"Oxford, Town","1211012","Vacant",120,120,115,0,5
2022,"Oyen, Town","4804014","Improved land",375,0,0,0,0
2022,"Oyen, Town","4804014","Total",415,0,0,0,0
2022,"Oyen, Town","4804014","Vacant",40,0,0,0,0
2022,"Pacquet, Town","1008078","Improved land",0,0,0,0,0
2022,"Pacquet, Town","1008078","Total",105,105,105,0,0
2022,"Pacquet, Town","1008078","Vacant",0,0,0,0,0
2022,"Paddockwood No. 520, Rural municipality","4715099","Improved land",535,0,0,0,0
2022,"Paddockwood No. 520, Rural municipality","4715099","Total",935,0,0,0,0
2022,"Paddockwood No. 520, Rural municipality","4715099","Vacant",400,0,0,0,0
2022,"Paddockwood, Village","4715098","Improved land",65,0,0,0,0
2022,"Paddockwood, Village","4715098","Total",210,0,0,0,0
2022,"Paddockwood, Village","4715098","Vacant",145,0,0,0,0
2022,"Paintearth County No. 18, Municipal district","4807011","Improved land",685,0,0,0,0
2022,"Paintearth County No. 18, Municipal district","4807011","Total",785,0,0,0,0
2022,"Paintearth County No. 18, Municipal district","4807011","Vacant",100,0,0,0,0
2022,"Pangman, Village","4702054","Improved land",110,0,0,0,0
2022,"Pangman, Village","4702054","Total",130,0,0,0,0
2022,"Pangman, Village","4702054","Vacant",20,0,0,0,0
2022,"Pangnirtung, Hamlet","6204009","Improved land",0,0,0,0,0
2022,"Pangnirtung, Hamlet","6204009","Total",490,480,470,10,20
2022,"Pangnirtung, Hamlet","6204009","Vacant",0,0,0,0,0
2022,"Papineau-Cameron, Township","3548013","Improved land",515,500,495,15,20
2022,"Papineau-Cameron, Township","3548013","Total",795,770,760,25,35
2022,"Papineau-Cameron, Township","3548013","Vacant",280,270,265,10,15
2022,"Paquetville, Parish","1315019","Improved land",1080,1070,1040,15,40
2022,"Paquetville, Parish","1315019","Total",1470,1440,1415,30,55
2022,"Paquetville, Parish","1315019","Vacant",390,375,375,15,15
2022,"Paquetville, Village","1315020","Improved land",285,275,270,10,15
2022,"Paquetville, Village","1315020","Total",370,360,355,10,15
2022,"Paquetville, Village","1315020","Vacant",85,85,85,0,0
2022,"Paradise Hill, Village","4717034","Improved land",205,0,0,0,0
2022,"Paradise Hill, Village","4717034","Total",260,0,0,0,0
2022,"Paradise Hill, Village","4717034","Vacant",55,0,0,0,0
2022,"Paradise Valley, Village","4810038","Improved land",75,0,0,0,0
2022,"Paradise Valley, Village","4810038","Total",95,0,0,0,0
2022,"Paradise Valley, Village","4810038","Vacant",20,0,0,0,0
2022,"Paradise, Town","1001517","Improved land",0,0,0,0,0
2022,"Paradise, Town","1001517","Total",8715,8510,8195,205,520
2022,"Paradise, Town","1001517","Vacant",0,0,0,0,0
2022,"Parkdale No. 498, Rural municipality","4717047","Improved land",290,0,0,0,0
2022,"Parkdale No. 498, Rural municipality","4717047","Total",535,0,0,0,0
2022,"Parkdale No. 498, Rural municipality","4717047","Vacant",245,0,0,0,0
2022,"Parkers Cove, Town","1002034","Improved land",0,0,0,0,0
2022,"Parkers Cove, Town","1002034","Total",140,135,130,5,10
2022,"Parkers Cove, Town","1002034","Vacant",0,0,0,0,0
2022,"Parkland Beach, Summer village","4808042","Improved land",185,0,0,0,0
2022,"Parkland Beach, Summer village","4808042","Total",265,0,0,0,0
2022,"Parkland Beach, Summer village","4808042","Vacant",80,0,0,0,0
2022,"Parkland County, Municipal district","4811034","Improved land",12550,0,0,0,0
2022,"Parkland County, Municipal district","4811034","Total",15115,0,0,0,0
2022,"Parkland County, Municipal district","4811034","Vacant",2565,0,0,0,0
2022,"Parkside, Village","4716044","Improved land",65,0,0,0,0
2022,"Parkside, Village","4716044","Total",100,0,0,0,0
2022,"Parkside, Village","4716044","Vacant",35,0,0,0,0
2022,"Parksville, Census agglomeration (CA)","939","Improved land",13730,13600,13440,135,290
2022,"Parksville, Census agglomeration (CA)","939","Total",14145,14005,13845,140,300
2022,"Parksville, Census agglomeration (CA)","939","Vacant",415,410,405,5,10
2022,"Parksville, City","5921018","Improved land",5765,5710,5640,55,125
2022,"Parksville, City","5921018","Total",5920,5865,5795,55,125
2022,"Parksville, City","5921018","Vacant",155,155,155,0,0
2022,"Parry Sound, Town","3549032","Improved land",2370,2335,2325,20,35
2022,"Parry Sound, Town","3549032","Total",2690,2660,2645,30,45
2022,"Parry Sound, Town","3549032","Vacant",330,320,320,10,10
2022,"Parry Sound, Unorganized, Centre Part, Unorganized","3549096","Improved land",3645,3410,3310,230,335
2022,"Parry Sound, Unorganized, Centre Part, Unorganized","3549096","Total",5155,4815,4675,340,480
2022,"Parry Sound, Unorganized, Centre Part, Unorganized","3549096","Vacant",1515,1410,1375,110,145
2022,"Parson's Pond, Town","1009017","Improved land",0,0,0,0,0
2022,"Parson's Pond, Town","1009017","Total",310,295,290,15,20
2022,"Parson's Pond, Town","1009017","Vacant",0,0,0,0,0
2022,"Pasadena, Town","1005012","Improved land",0,0,0,0,0
2022,"Pasadena, Town","1005012","Total",1725,1695,1660,30,65
2022,"Pasadena, Town","1005012","Vacant",0,0,0,0,0
2022,"Patuanak, Northern hamlet","4718069","Improved land",30,0,0,0,0
2022,"Patuanak, Northern hamlet","4718069","Total",70,0,0,0,0
2022,"Patuanak, Northern hamlet","4718069","Vacant",40,0,0,0,0
2022,"Paynton No. 470, Rural municipality","4717013","Improved land",80,0,0,0,0
2022,"Paynton No. 470, Rural municipality","4717013","Total",150,0,0,0,0
2022,"Paynton No. 470, Rural municipality","4717013","Vacant",70,0,0,0,0
2022,"Paynton, Village","4717014","Improved land",75,0,0,0,0
2022,"Paynton, Village","4717014","Total",130,0,0,0,0
2022,"Paynton, Village","4717014","Vacant",55,0,0,0,0
2022,"Peace No. 135, Municipal district","4819071","Improved land",600,0,0,0,0
2022,"Peace No. 135, Municipal district","4819071","Total",705,0,0,0,0
2022,"Peace No. 135, Municipal district","4819071","Vacant",110,0,0,0,0
2022,"Peace River B, Regional district electoral area","5955040","Improved land",1480,1445,1420,30,60
2022,"Peace River B, Regional district electoral area","5955040","Total",2370,2305,2260,65,110
2022,"Peace River B, Regional district electoral area","5955040","Vacant",890,855,840,35,50
2022,"Peace River C, Regional district electoral area","5955042","Improved land",2110,2070,2050,40,60
2022,"Peace River C, Regional district electoral area","5955042","Total",2345,2300,2280,45,65
2022,"Peace River C, Regional district electoral area","5955042","Vacant",235,230,230,5,5
2022,"Peace River D, Regional district electoral area","5955021","Improved land",2110,2050,2020,60,95
2022,"Peace River D, Regional district electoral area","5955021","Total",2650,2575,2535,75,115
2022,"Peace River D, Regional district electoral area","5955021","Vacant",540,525,520,15,20
2022,"Peace River E, Regional district electoral area","5955023","Improved land",1175,1145,1120,30,55
2022,"Peace River E, Regional district electoral area","5955023","Total",1735,1680,1640,55,95
2022,"Peace River E, Regional district electoral area","5955023","Vacant",560,535,520,25,40
2022,"Peace River, Town","4819038","Improved land",2340,0,0,0,0
2022,"Peace River, Town","4819038","Total",2480,0,0,0,0
2022,"Peace River, Town","4819038","Vacant",140,0,0,0,0
2022,"Peachland, District municipality","5935018","Improved land",2475,2430,2400,45,80
2022,"Peachland, District municipality","5935018","Total",2645,2595,2560,50,85
2022,"Peachland, District municipality","5935018","Vacant",170,165,160,5,10
2022,"Pebble Baye, Resort village","4716043","Improved land",20,0,0,0,0
2022,"Pebble Baye, Resort village","4716043","Total",45,0,0,0,0
2022,"Pebble Baye, Resort village","4716043","Vacant",25,0,0,0,0
2022,"Peel, Parish","1311024","Improved land",465,465,450,5,15
2022,"Peel, Parish","1311024","Total",630,620,610,10,20
2022,"Peel, Parish","1311024","Vacant",165,160,160,5,5
2022,"Pelee, Township","3537001","Improved land",405,265,260,135,140
2022,"Pelee, Township","3537001","Total",715,465,455,250,260
2022,"Pelee, Township","3537001","Vacant",315,200,195,115,120
2022,"Pelham, Town","3526028","Improved land",6670,6655,6620,25,50
2022,"Pelham, Town","3526028","Total",7265,7225,7195,40,70
2022,"Pelham, Town","3526028","Vacant",595,580,575,15,20
2022,"Pelican Narrows, Northern village","4718055","Improved land",125,0,0,0,0
2022,"Pelican Narrows, Northern village","4718055","Total",235,0,0,0,0
2022,"Pelican Narrows, Northern village","4718055","Vacant",110,0,0,0,0
2022,"Pelican Narrows, Summer village","4812013","Improved land",90,0,0,0,0
2022,"Pelican Narrows, Summer village","4812013","Total",120,0,0,0,0
2022,"Pelican Narrows, Summer village","4812013","Vacant",30,0,0,0,0
2022,"Pelican Pointe, Resort village","4706082","Improved land",40,0,0,0,0
2022,"Pelican Pointe, Resort village","4706082","Total",60,0,0,0,0
2022,"Pelican Pointe, Resort village","4706082","Vacant",20,0,0,0,0
2022,"Pelly Crossing, Settlement","6001041","Improved land",25,0,0,0,0
2022,"Pelly Crossing, Settlement","6001041","Total",40,0,0,0,0
2022,"Pelly Crossing, Settlement","6001041","Vacant",15,0,0,0,0
2022,"Pelly, Village","4709044","Improved land",165,0,0,0,0
2022,"Pelly, Village","4709044","Total",320,0,0,0,0
2022,"Pelly, Village","4709044","Vacant",155,0,0,0,0
2022,"Pemberton, Village","5931012","Improved land",1135,1100,1070,35,65
2022,"Pemberton, Village","5931012","Total",1265,1225,1195,40,70
2022,"Pemberton, Village","5931012","Vacant",130,125,125,5,5
2022,"Pembina, Municipality","4604034","Improved land",1000,985,975,20,30
2022,"Pembina, Municipality","4604034","Total",1155,1115,1105,40,50
2022,"Pembina, Municipality","4604034","Vacant",150,130,130,20,20
2022,"Pembroke, Census agglomeration (CA)","515","Improved land",8540,8495,8460,45,80
2022,"Pembroke, Census agglomeration (CA)","515","Total",9380,9315,9270,65,110
2022,"Pembroke, Census agglomeration (CA)","515","Vacant",840,820,810,20,30
2022,"Pembroke, City","3547064","Improved land",4760,4735,4715,25,45
2022,"Pembroke, City","3547064","Total",5005,4980,4955,25,50
2022,"Pembroke, City","3547064","Vacant",245,245,240,0,5
2022,"Penetanguishene, Town","3543072","Improved land",3370,3350,3320,20,50
2022,"Penetanguishene, Town","3543072","Total",3715,3690,3660,25,55
2022,"Penetanguishene, Town","3543072","Vacant",345,340,340,5,5
2022,"Penhold, Town","4808009","Improved land",1275,0,0,0,0
2022,"Penhold, Town","4808009","Total",1390,0,0,0,0
2022,"Penhold, Town","4808009","Vacant",125,0,0,0,0
2022,"Pennant, Village","4708034","Improved land",70,0,0,0,0
2022,"Pennant, Village","4708034","Total",110,0,0,0,0
2022,"Pennant, Village","4708034","Vacant",40,0,0,0,0
2022,"Pennfield, Parish","1302011","Improved land",1005,965,950,30,50
2022,"Pennfield, Parish","1302011","Total",1340,1280,1250,65,90
2022,"Pennfield, Parish","1302011","Vacant",345,310,300,35,45
2022,"Pense No. 160, Rural municipality","4706021","Improved land",180,0,0,0,0
2022,"Pense No. 160, Rural municipality","4706021","Total",205,0,0,0,0
2022,"Pense No. 160, Rural municipality","4706021","Vacant",25,0,0,0,0
2022,"Pense, Town","4706023","Improved land",230,0,0,0,0
2022,"Pense, Town","4706023","Total",245,0,0,0,0
2022,"Pense, Town","4706023","Vacant",15,0,0,0,0
2022,"Penticton, Census agglomeration (CA)","913","Improved land",17645,17355,17060,280,585
2022,"Penticton, Census agglomeration (CA)","913","Total",18640,18340,18030,300,610
2022,"Penticton, Census agglomeration (CA)","913","Vacant",1000,980,970,20,30
2022,"Penticton, City","5907041","Improved land",13640,13440,13230,195,415
2022,"Penticton, City","5907041","Total",14045,13840,13620,205,425
2022,"Penticton, City","5907041","Vacant",405,400,395,5,10
2022,"Perdue No. 346, Rural municipality","4712050","Improved land",155,0,0,0,0
2022,"Perdue No. 346, Rural municipality","4712050","Total",180,0,0,0,0
2022,"Perdue No. 346, Rural municipality","4712050","Vacant",25,0,0,0,0
2022,"Perdue, Village","4712051","Improved land",195,0,0,0,0
2022,"Perdue, Village","4712051","Total",225,0,0,0,0
2022,"Perdue, Village","4712051","Vacant",30,0,0,0,0
2022,"Perry, Township","3549014","Improved land",1620,1595,1575,25,45
2022,"Perry, Township","3549014","Total",2255,2200,2165,55,90
2022,"Perry, Township","3549014","Vacant",635,605,590,30,45
2022,"Perth East, Township","3531030","Improved land",3800,3780,3765,15,35
2022,"Perth East, Township","3531030","Total",3970,3950,3930,15,40
2022,"Perth East, Township","3531030","Vacant",170,165,165,5,5
2022,"Perth South, Township","3531013","Improved land",1415,1410,1410,5,5
2022,"Perth South, Township","3531013","Total",1475,1470,1470,5,5
2022,"Perth South, Township","3531013","Vacant",60,60,60,0,0
2022,"Perth, Parish","1312004","Improved land",610,580,560,35,55
2022,"Perth, Parish","1312004","Total",890,855,820,45,70
2022,"Perth, Parish","1312004","Vacant",275,265,260,10,15
2022,"Perth, Town","3509021","Improved land",2345,2320,2310,20,30
2022,"Perth, Town","3509021","Total",2450,2425,2415,25,35
2022,"Perth, Town","3509021","Vacant",110,105,105,5,5
2022,"Perth-Andover, Village","1312006","Improved land",570,560,550,10,20
2022,"Perth-Andover, Village","1312006","Total",860,845,830,15,30
2022,"Perth-Andover, Village","1312006","Vacant",290,285,280,5,10
2022,"Petawawa, Census agglomeration (CA)","516","Improved land",4955,4910,4875,45,80
2022,"Petawawa, Census agglomeration (CA)","516","Total",5340,5295,5255,45,85
2022,"Petawawa, Census agglomeration (CA)","516","Vacant",385,385,380,0,5
2022,"Petawawa, Town","3547076","Improved land",4955,4910,4875,45,80
2022,"Petawawa, Town","3547076","Total",5340,5295,5255,45,85
2022,"Petawawa, Town","3547076","Vacant",385,385,380,0,5
2022,"Peterborough, Census metropolitan area (CMA)","529","Improved land",45265,44765,44430,500,850
2022,"Peterborough, Census metropolitan area (CMA)","529","Total",48510,47945,47575,565,935
2022,"Peterborough, Census metropolitan area (CMA)","529","Vacant",3240,3175,3145,65,95
2022,"Peterborough, City","3515014","Improved land",26865,26635,26460,230,405
2022,"Peterborough, City","3515014","Total",27920,27690,27510,230,410
2022,"Peterborough, City","3515014","Vacant",1055,1055,1050,0,5
2022,"Petersville, Parish","1304001","Improved land",330,325,315,5,15
2022,"Petersville, Parish","1304001","Total",470,460,445,10,25
2022,"Petersville, Parish","1304001","Vacant",140,135,130,5,10
2022,"Peterview, Town","1006021","Improved land",0,0,0,0,0
2022,"Peterview, Town","1006021","Total",310,305,305,5,5
2022,"Peterview, Town","1006021","Vacant",0,0,0,0,0
2022,"Petit-Rocher, Village","1315014","Improved land",725,720,700,5,25
2022,"Petit-Rocher, Village","1315014","Total",850,845,820,5,30
2022,"Petit-Rocher, Village","1315014","Vacant",125,125,120,0,5
2022,"Petitcodiac, Village","1307029","Improved land",545,540,530,10,20
2022,"Petitcodiac, Village","1307029","Total",650,635,625,15,25
2022,"Petitcodiac, Village","1307029","Vacant",100,95,95,5,5
2022,"Petrolia, Town","3538019","Improved land",2200,2185,2175,15,25
2022,"Petrolia, Town","3538019","Total",2280,2265,2255,15,25
2022,"Petrolia, Town","3538019","Vacant",80,80,80,0,0
2022,"Petty Harbour-Maddox Cove, Town","1001551","Improved land",0,0,0,0,0
2022,"Petty Harbour-Maddox Cove, Town","1001551","Total",520,505,495,15,25
2022,"Petty Harbour-Maddox Cove, Town","1001551","Vacant",0,0,0,0,0
2022,"Piapot No. 110, Rural municipality","4704050","Improved land",45,0,0,0,0
2022,"Piapot No. 110, Rural municipality","4704050","Total",260,0,0,0,0
2022,"Piapot No. 110, Rural municipality","4704050","Vacant",215,0,0,0,0
2022,"Pickering, City","3518001","Improved land",31845,31555,31285,285,560
2022,"Pickering, City","3518001","Total",33405,33105,32830,300,575
2022,"Pickering, City","3518001","Vacant",1560,1550,1545,10,15
2022,"Pickle Lake, Township","3560049","Improved land",220,190,190,30,30
2022,"Pickle Lake, Township","3560049","Total",370,320,320,50,50
2022,"Pickle Lake, Township","3560049","Vacant",150,130,130,20,20
2022,"Pictou, Subd. A, Subdivision of county municipality","1212001","Improved land",3940,3840,3735,105,200
2022,"Pictou, Subd. A, Subdivision of county municipality","1212001","Total",4770,4615,4490,155,280
2022,"Pictou, Subd. A, Subdivision of county municipality","1212001","Vacant",835,785,755,50,80
2022,"Pictou, Subd. B, Subdivision of county municipality","1212006","Improved land",2550,2520,2470,35,85
2022,"Pictou, Subd. B, Subdivision of county municipality","1212006","Total",3035,2980,2925,55,110
2022,"Pictou, Subd. B, Subdivision of county municipality","1212006","Vacant",480,460,455,20,25
2022,"Pictou, Subd. C, Subdivision of county municipality","1212011","Improved land",4610,4500,4390,110,225
2022,"Pictou, Subd. C, Subdivision of county municipality","1212011","Total",5870,5705,5540,165,330
2022,"Pictou, Subd. C, Subdivision of county municipality","1212011","Vacant",1260,1205,1150,55,110
2022,"Pictou, Town","1212004","Improved land",1320,1295,1275,30,50
2022,"Pictou, Town","1212004","Total",1570,1530,1505,40,65
2022,"Pictou, Town","1212004","Vacant",245,235,230,10,15
2022,"Picture Butte, Town","4802018","Improved land",645,0,0,0,0
2022,"Picture Butte, Town","4802018","Total",750,0,0,0,0
2022,"Picture Butte, Town","4802018","Vacant",105,0,0,0,0
2022,"Pierceland, Village","4717067","Improved land",240,0,0,0,0
2022,"Pierceland, Village","4717067","Total",370,0,0,0,0
2022,"Pierceland, Village","4717067","Vacant",130,0,0,0,0
2022,"Pilger, Village","4715045","Improved land",45,0,0,0,0
2022,"Pilger, Village","4715045","Total",95,0,0,0,0
2022,"Pilger, Village","4715045","Vacant",50,0,0,0,0
2022,"Pilley's Island, Town","1008053","Improved land",0,0,0,0,0
2022,"Pilley's Island, Town","1008053","Total",215,200,200,15,15
2022,"Pilley's Island, Town","1008053","Vacant",0,0,0,0,0
2022,"Pilot Butte, Town","4706031","Improved land",1050,0,0,0,0
2022,"Pilot Butte, Town","4706031","Total",1280,0,0,0,0
2022,"Pilot Butte, Town","4706031","Vacant",230,0,0,0,0
2022,"Pinawa, Local government district","4601051","Improved land",735,725,720,10,15
2022,"Pinawa, Local government district","4601051","Total",1055,1045,1035,10,20
2022,"Pinawa, Local government district","4601051","Vacant",320,320,315,0,5
2022,"Pincher Creek No. 9, Municipal district","4803011","Improved land",1775,0,0,0,0
2022,"Pincher Creek No. 9, Municipal district","4803011","Total",1990,0,0,0,0
2022,"Pincher Creek No. 9, Municipal district","4803011","Vacant",215,0,0,0,0
2022,"Pincher Creek, Town","4803014","Improved land",1385,0,0,0,0
2022,"Pincher Creek, Town","4803014","Total",1465,0,0,0,0
2022,"Pincher Creek, Town","4803014","Vacant",80,0,0,0,0
2022,"Pinehouse, Northern village","4718065","Improved land",240,0,0,0,0
2022,"Pinehouse, Northern village","4718065","Total",325,0,0,0,0
2022,"Pinehouse, Northern village","4718065","Vacant",85,0,0,0,0
2022,"Piney, Rural municipality","4601039","Improved land",1225,1190,1170,35,55
2022,"Piney, Rural municipality","4601039","Total",1715,1650,1625,65,90
2022,"Piney, Rural municipality","4601039","Vacant",490,460,455,30,35
2022,"Pinto Creek No. 75, Rural municipality","4703048","Improved land",75,0,0,0,0
2022,"Pinto Creek No. 75, Rural municipality","4703048","Total",325,0,0,0,0
2022,"Pinto Creek No. 75, Rural municipality","4703048","Vacant",250,0,0,0,0
2022,"Pipestone, Rural municipality","4606023","Improved land",650,640,640,10,10
2022,"Pipestone, Rural municipality","4606023","Total",885,875,870,10,15
2022,"Pipestone, Rural municipality","4606023","Vacant",235,235,230,0,5
2022,"Pitt Meadows, City","5915070","Improved land",6405,6345,6290,60,115
2022,"Pitt Meadows, City","5915070","Total",6485,6425,6365,60,120
2022,"Pitt Meadows, City","5915070","Vacant",80,80,75,0,5
2022,"Pittville No. 169, Rural municipality","4708028","Improved land",25,0,0,0,0
2022,"Pittville No. 169, Rural municipality","4708028","Total",105,0,0,0,0
2022,"Pittville No. 169, Rural municipality","4708028","Vacant",80,0,0,0,0
2022,"Placentia, Town","1001240","Improved land",0,0,0,0,0
2022,"Placentia, Town","1001240","Total",2135,2070,2040,65,95
2022,"Placentia, Town","1001240","Vacant",0,0,0,0,0
2022,"Plaster Rock, Village","1312009","Improved land",440,435,425,5,15
2022,"Plaster Rock, Village","1312009","Total",590,580,570,10,20
2022,"Plaster Rock, Village","1312009","Vacant",150,145,145,5,5
2022,"Pleasant Valley No. 288, Rural municipality","4712001","Improved land",155,0,0,0,0
2022,"Pleasant Valley No. 288, Rural municipality","4712001","Total",305,0,0,0,0
2022,"Pleasant Valley No. 288, Rural municipality","4712001","Vacant",150,0,0,0,0
2022,"Pleasantdale No. 398, Rural municipality","4714035","Improved land",280,0,0,0,0
2022,"Pleasantdale No. 398, Rural municipality","4714035","Total",360,0,0,0,0
2022,"Pleasantdale No. 398, Rural municipality","4714035","Vacant",80,0,0,0,0
2022,"Pleasantdale, Village","4714030","Improved land",40,0,0,0,0
2022,"Pleasantdale, Village","4714030","Total",85,0,0,0,0
2022,"Pleasantdale, Village","4714030","Vacant",45,0,0,0,0
2022,"Plenty, Village","4713031","Improved land",85,0,0,0,0
2022,"Plenty, Village","4713031","Total",115,0,0,0,0
2022,"Plenty, Village","4713031","Vacant",30,0,0,0,0
2022,"Plummer Additional, Township","3557019","Improved land",520,470,465,45,55
2022,"Plummer Additional, Township","3557019","Total",820,720,705,100,115
2022,"Plummer Additional, Township","3557019","Vacant",300,245,240,55,60
2022,"Plunkett, Village","4711094","Improved land",50,0,0,0,0
2022,"Plunkett, Village","4711094","Total",115,0,0,0,0
2022,"Plunkett, Village","4711094","Vacant",65,0,0,0,0
2022,"Plympton-Wyoming, Town","3538035","Improved land",3385,3290,3270,95,115
2022,"Plympton-Wyoming, Town","3538035","Total",3825,3720,3690,105,135
2022,"Plympton-Wyoming, Town","3538035","Vacant",440,430,420,10,20
2022,"Point Alison, Summer village","4811041","Improved land",30,0,0,0,0
2022,"Point Alison, Summer village","4811041","Total",35,0,0,0,0
2022,"Point Alison, Summer village","4811041","Vacant",5,0,0,0,0
2022,"Point Edward, Village","3538031","Improved land",930,925,920,10,15
2022,"Point Edward, Village","3538031","Total",960,950,945,10,15
2022,"Point Edward, Village","3538031","Vacant",25,25,25,0,0
2022,"Point Leamington, Town","1008049","Improved land",0,0,0,0,0
2022,"Point Leamington, Town","1008049","Total",380,370,365,10,15
2022,"Point Leamington, Town","1008049","Vacant",0,0,0,0,0
2022,"Point May, Town","1002014","Improved land",0,0,0,0,0
2022,"Point May, Town","1002014","Total",135,135,130,0,5
2022,"Point May, Town","1002014","Vacant",0,0,0,0,0
2022,"Point of Bay, Town","1008047","Improved land",0,0,0,0,0
2022,"Point of Bay, Town","1008047","Total",130,120,120,10,10
2022,"Point of Bay, Town","1008047","Vacant",0,0,0,0,0
2022,"Pointe-Verte, Village","1315013","Improved land",440,435,420,5,15
2022,"Pointe-Verte, Village","1315013","Total",580,565,545,15,35
2022,"Pointe-Verte, Village","1315013","Vacant",140,130,125,10,15
2022,"Ponass Lake No. 367, Rural municipality","4714023","Improved land",230,0,0,0,0
2022,"Ponass Lake No. 367, Rural municipality","4714023","Total",285,0,0,0,0
2022,"Ponass Lake No. 367, Rural municipality","4714023","Vacant",55,0,0,0,0
2022,"Pond Inlet, Hamlet","6204020","Improved land",0,0,0,0,0
2022,"Pond Inlet, Hamlet","6204020","Total",645,640,635,10,15
2022,"Pond Inlet, Hamlet","6204020","Vacant",0,0,0,0,0
2022,"Ponoka County, Municipal district","4808038","Improved land",4585,0,0,0,0
2022,"Ponoka County, Municipal district","4808038","Total",5225,0,0,0,0
2022,"Ponoka County, Municipal district","4808038","Vacant",640,0,0,0,0
2022,"Ponoka, Town","4808039","Improved land",2760,0,0,0,0
2022,"Ponoka, Town","4808039","Total",2920,0,0,0,0
2022,"Ponoka, Town","4808039","Vacant",160,0,0,0,0
2022,"Ponteix, Town","4703058","Improved land",235,0,0,0,0
2022,"Ponteix, Town","4703058","Total",335,0,0,0,0
2022,"Ponteix, Town","4703058","Vacant",100,0,0,0,0
2022,"Pool's Cove, Town","1003005","Improved land",0,0,0,0,0
2022,"Pool's Cove, Town","1003005","Total",110,105,105,5,5
2022,"Pool's Cove, Town","1003005","Vacant",0,0,0,0,0
2022,"Poplar Bay, Summer village","4811005","Improved land",175,0,0,0,0
2022,"Poplar Bay, Summer village","4811005","Total",205,0,0,0,0
2022,"Poplar Bay, Summer village","4811005","Vacant",30,0,0,0,0
2022,"Poplar Valley No. 12, Rural municipality","4703006","Improved land",75,0,0,0,0
2022,"Poplar Valley No. 12, Rural municipality","4703006","Total",175,0,0,0,0
2022,"Poplar Valley No. 12, Rural municipality","4703006","Vacant",100,0,0,0,0
2022,"Porcupine No. 395, Rural municipality","4714006","Improved land",280,0,0,0,0
2022,"Porcupine No. 395, Rural municipality","4714006","Total",820,0,0,0,0
2022,"Porcupine No. 395, Rural municipality","4714006","Vacant",540,0,0,0,0
2022,"Porcupine Plain, Town","4714007","Improved land",365,0,0,0,0
2022,"Porcupine Plain, Town","4714007","Total",400,0,0,0,0
2022,"Porcupine Plain, Town","4714007","Vacant",35,0,0,0,0
2022,"Port Alberni, Census agglomeration (CA)","940","Improved land",9815,9675,9515,130,295
2022,"Port Alberni, Census agglomeration (CA)","940","Total",10520,10365,10175,155,345
2022,"Port Alberni, Census agglomeration (CA)","940","Vacant",710,685,665,25,40
2022,"Port Alberni, City","5923008","Improved land",6925,6845,6745,75,175
2022,"Port Alberni, City","5923008","Total",7210,7120,7015,90,195
2022,"Port Alberni, City","5923008","Vacant",285,275,270,10,15
2022,"Port Alice, Village","5943017","Improved land",440,415,400,25,40
2022,"Port Alice, Village","5943017","Total",480,455,440,25,40
2022,"Port Alice, Village","5943017","Vacant",40,40,40,0,0
2022,"Port Anson, Town","1008062","Improved land",0,0,0,0,0
2022,"Port Anson, Town","1008062","Total",115,110,105,5,10
2022,"Port Anson, Town","1008062","Vacant",0,0,0,0,0
2022,"Port Blandford, Town","1007036","Improved land",0,0,0,0,0
2022,"Port Blandford, Town","1007036","Total",520,510,500,10,20
2022,"Port Blandford, Town","1007036","Vacant",0,0,0,0,0
2022,"Port Clements, Village","5947030","Improved land",195,195,190,5,5
2022,"Port Clements, Village","5947030","Total",310,305,295,5,15
2022,"Port Clements, Village","5947030","Vacant",110,110,105,0,5
2022,"Port Colborne, City","3526011","Improved land",7360,7100,7040,260,320
2022,"Port Colborne, City","3526011","Total",8090,7805,7740,285,350
2022,"Port Colborne, City","3526011","Vacant",730,705,700,25,30
2022,"Port Coquitlam, City","5915039","Improved land",20415,20070,19825,340,585
2022,"Port Coquitlam, City","5915039","Total",20495,20155,19910,340,585
2022,"Port Coquitlam, City","5915039","Vacant",85,85,85,0,0
2022,"Port Edward, District municipality","5947007","Improved land",200,195,195,5,5
2022,"Port Edward, District municipality","5947007","Total",1070,1055,1055,15,15
2022,"Port Edward, District municipality","5947007","Vacant",870,860,860,10,10
2022,"Port Elgin, Village","1307002","Improved land",175,170,165,5,10
2022,"Port Elgin, Village","1307002","Total",250,240,235,10,15
2022,"Port Elgin, Village","1307002","Vacant",75,70,70,5,5
2022,"Port Hardy, District municipality","5943023","Improved land",1400,1375,1360,30,40
2022,"Port Hardy, District municipality","5943023","Total",1570,1540,1525,30,45
2022,"Port Hardy, District municipality","5943023","Vacant",170,165,165,5,5
2022,"Port Hawkesbury, Town","1215002","Improved land",995,980,960,15,35
2022,"Port Hawkesbury, Town","1215002","Total",1140,1120,1095,20,45
2022,"Port Hawkesbury, Town","1215002","Vacant",145,140,135,5,10
2022,"Port Hope Simpson, Town","1010009","Improved land",0,0,0,0,0
2022,"Port Hope Simpson, Town","1010009","Total",205,200,195,15,10
2022,"Port Hope Simpson, Town","1010009","Vacant",0,0,0,0,0
2022,"Port Hope, Census agglomeration (CA)","528","Improved land",6375,6325,6285,50,90
2022,"Port Hope, Census agglomeration (CA)","528","Total",7090,7025,6980,65,110
2022,"Port Hope, Census agglomeration (CA)","528","Vacant",715,700,695,15,20
2022,"Port Hope, Municipality","3514020","Improved land",6375,6325,6285,50,90
2022,"Port Hope, Municipality","3514020","Total",7090,7025,6980,65,110
2022,"Port Hope, Municipality","3514020","Vacant",715,700,695,15,20
2022,"Port Kirwan, Town","1001140","Improved land",0,0,0,0,0
2022,"Port Kirwan, Town","1001140","Total",80,60,60,20,20
2022,"Port Kirwan, Town","1001140","Vacant",0,0,0,0,0
2022,"Port McNeill, Town","5943012","Improved land",810,800,795,10,15
2022,"Port McNeill, Town","5943012","Total",865,855,850,10,15
2022,"Port McNeill, Town","5943012","Vacant",55,55,55,0,0
2022,"Port Moody, City","5915043","Improved land",12085,11750,11585,335,500
2022,"Port Moody, City","5915043","Total",12285,11950,11785,335,500
2022,"Port Moody, City","5915043","Vacant",200,200,200,0,0
2022,"Port Rexton, Town","1007016","Improved land",0,0,0,0,0
2022,"Port Rexton, Town","1007016","Total",405,380,375,20,30
2022,"Port Rexton, Town","1007016","Vacant",0,0,0,0,0
2022,"Port Saunders, Town","1009019","Improved land",0,0,0,0,0
2022,"Port Saunders, Town","1009019","Total",390,380,370,10,15
2022,"Port Saunders, Town","1009019","Vacant",0,0,0,0,0
2022,"Port au Choix, Town","1009022","Improved land",0,0,0,0,0
2022,"Port au Choix, Town","1009022","Total",445,435,430,10,15
2022,"Port au Choix, Town","1009022","Vacant",0,0,0,0,0
2022,"Port au Port East, Town","1004021","Improved land",0,0,0,0,0
2022,"Port au Port East, Town","1004021","Total",370,350,345,20,25
2022,"Port au Port East, Town","1004021","Vacant",0,0,0,0,0
2022,"Port au Port West-Aguathuna-Felix Cove, Town","1004042","Improved land",0,0,0,0,0
2022,"Port au Port West-Aguathuna-Felix Cove, Town","1004042","Total",350,330,325,20,25
2022,"Port au Port West-Aguathuna-Felix Cove, Town","1004042","Vacant",0,0,0,0,0
2022,"Portage la Prairie, Census agglomeration (CA)","607","Improved land",4460,4420,4380,40,80
2022,"Portage la Prairie, Census agglomeration (CA)","607","Total",4740,4700,4660,40,80
2022,"Portage la Prairie, Census agglomeration (CA)","607","Vacant",280,280,280,0,0
2022,"Portage la Prairie, City","4609029","Improved land",4460,4420,4380,40,80
2022,"Portage la Prairie, City","4609029","Total",4740,4700,4660,40,80
2022,"Portage la Prairie, City","4609029","Vacant",280,280,280,0,0
2022,"Portage la Prairie, Rural municipality","4609024","Improved land",2255,2205,2160,45,90
2022,"Portage la Prairie, Rural municipality","4609024","Total",2610,2560,2505,60,105
2022,"Portage la Prairie, Rural municipality","4609024","Vacant",360,355,345,5,15
2022,"Portugal Cove South, Town","1001105","Improved land",0,0,0,0,0
2022,"Portugal Cove South, Town","1001105","Total",155,145,145,10,10
2022,"Portugal Cove South, Town","1001105","Vacant",0,0,0,0,0
2022,"Portugal Cove-St. Philip's, Town","1001504","Improved land",0,0,0,0,0
2022,"Portugal Cove-St. Philip's, Town","1001504","Total",4130,4005,3875,125,255
2022,"Portugal Cove-St. Philip's, Town","1001504","Vacant",0,0,0,0,0
2022,"Pouce Coupe, Village","5955005","Improved land",330,315,315,10,20
2022,"Pouce Coupe, Village","5955005","Total",420,410,405,15,15
2022,"Pouce Coupe, Village","5955005","Vacant",95,90,90,5,5
2022,"Pouch Cove, Town","1001505","Improved land",0,0,0,0,0
2022,"Pouch Cove, Town","1001505","Total",1225,1185,1150,40,75
2022,"Pouch Cove, Town","1001505","Vacant",0,0,0,0,0
2022,"Powassan, Municipality","3549060","Improved land",1330,1315,1305,15,25
2022,"Powassan, Municipality","3549060","Total",1795,1765,1750,30,55
2022,"Powassan, Municipality","3549060","Vacant",465,450,445,15,20
2022,"Powell River, Census agglomeration (CA)","945","Improved land",6795,6715,6620,90,175
2022,"Powell River, Census agglomeration (CA)","945","Total",7290,7185,7100,105,190
2022,"Powell River, Census agglomeration (CA)","945","Vacant",495,480,480,15,15
2022,"Powell River, City","5927008","Improved land",5295,5240,5175,65,120
2022,"Powell River, City","5927008","Total",5625,5550,5495,75,130
2022,"Powell River, City","5927008","Vacant",330,320,320,10,10
2022,"Powerview-Pine Falls, Town","4601075","Improved land",470,460,460,10,10
2022,"Powerview-Pine Falls, Town","4601075","Total",555,540,535,15,20
2022,"Powerview-Pine Falls, Town","4601075","Vacant",85,80,75,5,10
2022,"Prairie Lakes, Rural municipality","4605071","Improved land",945,930,910,15,35
2022,"Prairie Lakes, Rural municipality","4605071","Total",1385,1365,1345,20,45
2022,"Prairie Lakes, Rural municipality","4605071","Vacant",440,435,430,5,10
2022,"Prairie Rose No. 309, Rural municipality","4710052","Improved land",105,0,0,0,0
2022,"Prairie Rose No. 309, Rural municipality","4710052","Total",140,0,0,0,0
2022,"Prairie Rose No. 309, Rural municipality","4710052","Vacant",35,0,0,0,0
2022,"Prairie View, Municipality","4615056","Improved land",925,905,895,20,30
2022,"Prairie View, Municipality","4615056","Total",1295,1260,1250,35,45
2022,"Prairie View, Municipality","4615056","Vacant",370,355,355,15,15
2022,"Prairiedale No. 321, Rural municipality","4713019","Improved land",25,0,0,0,0
2022,"Prairiedale No. 321, Rural municipality","4713019","Total",75,0,0,0,0
2022,"Prairiedale No. 321, Rural municipality","4713019","Vacant",50,0,0,0,0
2022,"Preeceville No. 334, Rural municipality","4709062","Improved land",510,0,0,0,0
2022,"Preeceville No. 334, Rural municipality","4709062","Total",615,0,0,0,0
2022,"Preeceville No. 334, Rural municipality","4709062","Vacant",105,0,0,0,0
2022,"Preeceville, Town","4709064","Improved land",545,0,0,0,0
2022,"Preeceville, Town","4709064","Total",690,0,0,0,0
2022,"Preeceville, Town","4709064","Vacant",145,0,0,0,0
2022,"Prelate, Village","4708057","Improved land",70,0,0,0,0
2022,"Prelate, Village","4708057","Total",130,0,0,0,0
2022,"Prelate, Village","4708057","Vacant",60,0,0,0,0
2022,"Prescott, Town","3507008","Improved land",1560,1545,1530,15,30
2022,"Prescott, Town","3507008","Total",1615,1600,1585,15,30
2022,"Prescott, Town","3507008","Vacant",60,60,60,0,0
2022,"Prince Albert National Park, Unorganized","4716053","Improved land",50,0,0,0,0
2022,"Prince Albert National Park, Unorganized","4716053","Total",80,0,0,0,0
2022,"Prince Albert National Park, Unorganized","4716053","Vacant",30,0,0,0,0
2022,"Prince Albert No. 461, Rural municipality","4715064","Improved land",875,0,0,0,0
2022,"Prince Albert No. 461, Rural municipality","4715064","Total",950,0,0,0,0
2022,"Prince Albert No. 461, Rural municipality","4715064","Vacant",75,0,0,0,0
2022,"Prince Albert, Census agglomeration (CA)","745","Improved land",0,0,0,0,0
2022,"Prince Albert, Census agglomeration (CA)","745","Total",0,0,0,0,0
2022,"Prince Albert, Census agglomeration (CA)","745","Vacant",0,0,0,0,0
2022,"Prince Edward County, City","3513020","Improved land",12350,12145,12015,215,335
2022,"Prince Edward County, City","3513020","Total",14410,14125,13965,285,445
2022,"Prince Edward County, City","3513020","Vacant",2060,1980,1950,80,110
2022,"Prince Edward Island","11","Improved land",62335,59700,58135,2360,3925
2022,"Prince Edward Island","11","Total",67240,64285,62585,2670,4370
2022,"Prince Edward Island","11","Vacant",4910,4585,4445,315,455
2022,"Prince George, Census agglomeration (CA)","970","Improved land",30865,30580,30305,295,560
2022,"Prince George, Census agglomeration (CA)","970","Total",36610,36235,35945,375,665
2022,"Prince George, Census agglomeration (CA)","970","Vacant",5745,5660,5640,85,105
2022,"Prince George, City","5953023","Improved land",25370,25165,24965,210,405
2022,"Prince George, City","5953023","Total",27080,26845,26645,235,435
2022,"Prince George, City","5953023","Vacant",1710,1685,1680,25,30
2022,"Prince Rupert, Census agglomeration (CA)","955","Improved land",4410,4315,4270,90,140
2022,"Prince Rupert, Census agglomeration (CA)","955","Total",7005,6870,6810,135,195
2022,"Prince Rupert, Census agglomeration (CA)","955","Vacant",2595,2555,2535,45,65
2022,"Prince Rupert, City","5947012","Improved land",4150,4070,4020,85,125
2022,"Prince Rupert, City","5947012","Total",5715,5615,5565,100,150
2022,"Prince Rupert, City","5947012","Vacant",1565,1550,1540,15,25
2022,"Prince William, Parish","1310016","Improved land",735,700,670,35,65
2022,"Prince William, Parish","1310016","Total",1050,1000,955,50,95
2022,"Prince William, Parish","1310016","Vacant",315,300,285,15,30
2022,"Prince, Township","3557066","Improved land",480,470,470,10,10
2022,"Prince, Township","3557066","Total",705,675,665,30,40
2022,"Prince, Township","3557066","Vacant",225,205,195,20,30
2022,"Princeton, Town","5907024","Improved land",1170,1125,1110,45,60
2022,"Princeton, Town","5907024","Total",1445,1395,1375,50,70
2022,"Princeton, Town","5907024","Vacant",275,270,265,5,10
2022,"Progress No. 351, Rural municipality","4713041","Improved land",65,0,0,0,0
2022,"Progress No. 351, Rural municipality","4713041","Total",120,0,0,0,0
2022,"Progress No. 351, Rural municipality","4713041","Vacant",55,0,0,0,0
2022,"Provost No. 52, Municipal district","4807001","Improved land",1005,0,0,0,0
2022,"Provost No. 52, Municipal district","4807001","Total",1165,0,0,0,0
2022,"Provost No. 52, Municipal district","4807001","Vacant",160,0,0,0,0
2022,"Provost, Town","4807002","Improved land",780,0,0,0,0
2022,"Provost, Town","4807002","Total",880,0,0,0,0
2022,"Provost, Town","4807002","Vacant",95,0,0,0,0
2022,"Prud'homme, Village","4715016","Improved land",90,0,0,0,0
2022,"Prud'homme, Village","4715016","Total",175,0,0,0,0
2022,"Prud'homme, Village","4715016","Vacant",85,0,0,0,0
2022,"Punnichy, Village","4710029","Improved land",125,0,0,0,0
2022,"Punnichy, Village","4710029","Total",210,0,0,0,0
2022,"Punnichy, Village","4710029","Vacant",85,0,0,0,0
2022,"Puslinch, Township","3523001","Improved land",2770,2750,2735,20,35
2022,"Puslinch, Township","3523001","Total",3140,3115,3095,25,45
2022,"Puslinch, Township","3523001","Vacant",370,365,360,5,10
2022,"Qikiqtarjuaq, Hamlet","6204010","Improved land",0,0,0,0,0
2022,"Qikiqtarjuaq, Hamlet","6204010","Total",445,440,440,5,5
2022,"Qikiqtarjuaq, Hamlet","6204010","Vacant",0,0,0,0,0
2022,"Qu'Appelle, Town","4706036","Improved land",300,0,0,0,0
2022,"Qu'Appelle, Town","4706036","Total",365,0,0,0,0
2022,"Qu'Appelle, Town","4706036","Vacant",65,0,0,0,0
2022,"Qualicum Beach, Town","5921023","Improved land",4380,4325,4275,55,100
2022,"Qualicum Beach, Town","5921023","Total",4530,4470,4420,60,110
2022,"Qualicum Beach, Town","5921023","Vacant",150,145,140,5,10
2022,"Queen Charlotte, Village","5947026","Improved land",395,375,370,20,25
2022,"Queen Charlotte, Village","5947026","Total",620,595,590,25,30
2022,"Queen Charlotte, Village","5947026","Vacant",225,220,220,5,5
2022,"Queens, Regional municipality","1204010","Improved land",6455,6080,5940,375,515
2022,"Queens, Regional municipality","1204010","Total",8130,7580,7405,550,725
2022,"Queens, Regional municipality","1204010","Vacant",1675,1500,1465,175,210
2022,"Queensbury, Parish","1310021","Improved land",640,615,600,25,40
2022,"Queensbury, Parish","1310021","Total",930,900,875,30,55
2022,"Queensbury, Parish","1310021","Vacant",290,285,275,5,15
2022,"Quesnel, Census agglomeration (CA)","952","Improved land",8760,8590,8480,170,275
2022,"Quesnel, Census agglomeration (CA)","952","Total",12005,11760,11615,245,390
2022,"Quesnel, Census agglomeration (CA)","952","Vacant",3245,3175,3130,70,115
2022,"Quesnel, City","5941013","Improved land",3270,3235,3200,40,70
2022,"Quesnel, City","5941013","Total",3685,3640,3605,45,80
2022,"Quesnel, City","5941013","Vacant",415,410,405,5,10
2022,"Quill Lake, Village","4710064","Improved land",195,0,0,0,0
2022,"Quill Lake, Village","4710064","Total",245,0,0,0,0
2022,"Quill Lake, Village","4710064","Vacant",50,0,0,0,0
2022,"Quinte West, City","3512015","Improved land",15315,15170,15080,145,235
2022,"Quinte West, City","3512015","Total",16710,16540,16435,170,275
2022,"Quinte West, City","3512015","Vacant",1395,1370,1355,25,40
2022,"Quinton, Village","4710028","Improved land",60,0,0,0,0
2022,"Quinton, Village","4710028","Total",110,0,0,0,0
2022,"Quinton, Village","4710028","Vacant",50,0,0,0,0
2022,"Quispamsis, Town","1305057","Improved land",6185,6145,6075,35,110
2022,"Quispamsis, Town","1305057","Total",6825,6775,6700,45,125
2022,"Quispamsis, Town","1305057","Vacant",640,630,625,10,15
2022,"Radisson, Town","4716009","Improved land",245,0,0,0,0
2022,"Radisson, Town","4716009","Total",345,0,0,0,0
2022,"Radisson, Town","4716009","Vacant",100,0,0,0,0
2022,"Radium Hot Springs, Village","5901040","Improved land",1320,1295,1200,30,120
2022,"Radium Hot Springs, Village","5901040","Total",1510,1475,1380,35,130
2022,"Radium Hot Springs, Village","5901040","Vacant",190,185,180,5,10
2022,"Radville, Town","4702031","Improved land",360,0,0,0,0
2022,"Radville, Town","4702031","Total",455,0,0,0,0
2022,"Radville, Town","4702031","Vacant",95,0,0,0,0
2022,"Rainbow Lake, Town","4817097","Improved land",305,0,0,0,0
2022,"Rainbow Lake, Town","4817097","Total",365,0,0,0,0
2022,"Rainbow Lake, Town","4817097","Vacant",55,0,0,0,0
2022,"Rainy River, Town","3559042","Improved land",380,370,365,10,15
2022,"Rainy River, Town","3559042","Total",575,560,555,15,20
2022,"Rainy River, Town","3559042","Vacant",195,190,190,5,5
2022,"Rainy River, Unorganized, Unorganized","3559090","Improved land",2555,1640,1585,910,970
2022,"Rainy River, Unorganized, Unorganized","3559090","Total",3900,2700,2625,1200,1275
2022,"Rainy River, Unorganized, Unorganized","3559090","Vacant",1345,1060,1040,285,305
2022,"Raleigh, Town","1009035","Improved land",0,0,0,0,0
2022,"Raleigh, Town","1009035","Total",155,145,145,10,10
2022,"Raleigh, Town","1009035","Vacant",0,0,0,0,0
2022,"Rama, Village","4709056","Improved land",50,0,0,0,0
2022,"Rama, Village","4709056","Total",130,0,0,0,0
2022,"Rama, Village","4709056","Vacant",80,0,0,0,0
2022,"Ramara, Township","3543019","Improved land",6180,6070,5990,110,190
2022,"Ramara, Township","3543019","Total",7350,7215,7110,135,240
2022,"Ramara, Township","3543019","Vacant",1170,1145,1120,25,50
2022,"Ramea, Town","1003026","Improved land",0,0,0,0,0
2022,"Ramea, Town","1003026","Total",320,310,310,10,10
2022,"Ramea, Town","1003026","Vacant",0,0,0,0,0
2022,"Ranchland No. 66, Municipal district","4815045","Improved land",60,0,0,0,0
2022,"Ranchland No. 66, Municipal district","4815045","Total",60,0,0,0,0
2022,"Ranchland No. 66, Municipal district","4815045","Vacant",0,0,0,0,0
2022,"Rankin Inlet, Hamlet","6205017","Improved land",0,0,0,0,0
2022,"Rankin Inlet, Hamlet","6205017","Total",795,770,745,25,50
2022,"Rankin Inlet, Hamlet","6205017","Vacant",0,0,0,0,0
2022,"Raymond, Town","4802008","Improved land",1310,0,0,0,0
2022,"Raymond, Town","4802008","Total",1540,0,0,0,0
2022,"Raymond, Town","4802008","Vacant",230,0,0,0,0
2022,"Raymore, Town","4710027","Improved land",265,0,0,0,0
2022,"Raymore, Town","4710027","Total",305,0,0,0,0
2022,"Raymore, Town","4710027","Vacant",40,0,0,0,0
2022,"Reciprocity No. 32, Rural municipality","4701039","Improved land",140,0,0,0,0
2022,"Reciprocity No. 32, Rural municipality","4701039","Total",205,0,0,0,0
2022,"Reciprocity No. 32, Rural municipality","4701039","Vacant",65,0,0,0,0
2022,"Red Bay, Town","1010003","Improved land",0,0,0,0,0
2022,"Red Bay, Town","1010003","Total",105,100,100,5,5
2022,"Red Bay, Town","1010003","Vacant",0,0,0,0,0
2022,"Red Deer County, Municipal district","4808001","Improved land",8995,0,0,0,0
2022,"Red Deer County, Municipal district","4808001","Total",9515,0,0,0,0
2022,"Red Deer County, Municipal district","4808001","Vacant",520,0,0,0,0
2022,"Red Deer, Census metropolitan area (CMA)","830","Improved land",34505,0,0,0,0
2022,"Red Deer, Census metropolitan area (CMA)","830","Total",35235,0,0,0,0
2022,"Red Deer, Census metropolitan area (CMA)","830","Vacant",730,0,0,0,0
2022,"Red Deer, City","4808011","Improved land",34505,0,0,0,0
2022,"Red Deer, City","4808011","Total",35235,0,0,0,0
2022,"Red Deer, City","4808011","Vacant",730,0,0,0,0
2022,"Red Harbour, Town","1002037","Improved land",0,0,0,0,0
2022,"Red Harbour, Town","1002037","Total",95,90,90,5,5
2022,"Red Harbour, Town","1002037","Vacant",0,0,0,0,0
2022,"Red Lake, Municipality","3560042","Improved land",1725,1665,1650,60,75
2022,"Red Lake, Municipality","3560042","Total",2245,2145,2125,100,120
2022,"Red Lake, Municipality","3560042","Vacant",520,480,475,40,45
2022,"Red Rock, Township","3558041","Improved land",415,405,395,10,20
2022,"Red Rock, Township","3558041","Total",580,565,555,15,25
2022,"Red Rock, Township","3558041","Vacant",165,160,160,5,5
2022,"Redberry No. 435, Rural municipality","4716018","Improved land",40,0,0,0,0
2022,"Redberry No. 435, Rural municipality","4716018","Total",205,0,0,0,0
2022,"Redberry No. 435, Rural municipality","4716018","Vacant",165,0,0,0,0
2022,"Redburn No. 130, Rural municipality","4706016","Improved land",115,0,0,0,0
2022,"Redburn No. 130, Rural municipality","4706016","Total",140,0,0,0,0
2022,"Redburn No. 130, Rural municipality","4706016","Vacant",25,0,0,0,0
2022,"Redcliff, Town","4801018","Improved land",2050,0,0,0,0
2022,"Redcliff, Town","4801018","Total",2185,0,0,0,0
2022,"Redcliff, Town","4801018","Vacant",135,0,0,0,0
2022,"Redvers, Town","4701049","Improved land",430,0,0,0,0
2022,"Redvers, Town","4701049","Total",495,0,0,0,0
2022,"Redvers, Town","4701049","Vacant",65,0,0,0,0
2022,"Redwater, Town","4811065","Improved land",910,0,0,0,0
2022,"Redwater, Town","4811065","Total",1150,0,0,0,0
2022,"Redwater, Town","4811065","Vacant",235,0,0,0,0
2022,"Reford No. 379, Rural municipality","4713064","Improved land",45,0,0,0,0
2022,"Reford No. 379, Rural municipality","4713064","Total",210,0,0,0,0
2022,"Reford No. 379, Rural municipality","4713064","Vacant",165,0,0,0,0
2022,"Regina Beach, Town","4706058","Improved land",620,0,0,0,0
2022,"Regina Beach, Town","4706058","Total",770,0,0,0,0
2022,"Regina Beach, Town","4706058","Vacant",150,0,0,0,0
2022,"Regina, Census metropolitan area (CMA)","705","Improved land",85405,0,0,0,0
2022,"Regina, Census metropolitan area (CMA)","705","Total",89570,0,0,0,0
2022,"Regina, Census metropolitan area (CMA)","705","Vacant",4165,0,0,0,0
2022,"Regina, City","4706027","Improved land",77135,0,0,0,0
2022,"Regina, City","4706027","Total",79770,0,0,0,0
2022,"Regina, City","4706027","Vacant",2635,0,0,0,0
2022,"Reidville, Town","1005009","Improved land",0,0,0,0,0
2022,"Reidville, Town","1005009","Total",365,355,345,10,20
2022,"Reidville, Town","1005009","Vacant",0,0,0,0,0
2022,"Renfrew, Town","3547048","Improved land",3095,3080,3060,15,35
2022,"Renfrew, Town","3547048","Total",3260,3245,3225,15,35
2022,"Renfrew, Town","3547048","Vacant",165,165,165,0,0
2022,"Reno No. 51, Rural municipality","4704019","Improved land",45,0,0,0,0
2022,"Reno No. 51, Rural municipality","4704019","Total",315,0,0,0,0
2022,"Reno No. 51, Rural municipality","4704019","Vacant",270,0,0,0,0
2022,"Resolute, Hamlet","6204022","Improved land",0,0,0,0,0
2022,"Resolute, Hamlet","6204022","Total",195,195,195,0,0
2022,"Resolute, Hamlet","6204022","Vacant",0,0,0,0,0
2022,"Revelstoke, City","5939019","Improved land",3055,2920,2855,130,200
2022,"Revelstoke, City","5939019","Total",3650,3485,3405,165,245
2022,"Revelstoke, City","5939019","Vacant",595,565,550,30,45
2022,"Rexton, Village","1308017","Improved land",365,355,350,5,15
2022,"Rexton, Village","1308017","Total",445,435,425,10,20
2022,"Rexton, Village","1308017","Vacant",80,75,75,0,5
2022,"Reynolds, Rural municipality","4601043","Improved land",810,785,760,25,50
2022,"Reynolds, Rural municipality","4601043","Total",1130,1095,1060,35,70
2022,"Reynolds, Rural municipality","4601043","Vacant",320,310,300,10,20
2022,"Rhein, Village","4709009","Improved land",105,0,0,0,0
2022,"Rhein, Village","4709009","Total",220,0,0,0,0
2022,"Rhein, Village","4709009","Vacant",115,0,0,0,0
2022,"Rhineland, Municipality","4603041","Improved land",1720,1705,1665,10,60
2022,"Rhineland, Municipality","4603041","Total",1950,1935,1890,15,60
2022,"Rhineland, Municipality","4603041","Vacant",235,230,225,5,10
2022,"Richard, Village","4716026","Improved land",15,0,0,0,0
2022,"Richard, Village","4716026","Total",40,0,0,0,0
2022,"Richard, Village","4716026","Vacant",25,0,0,0,0
2022,"Richibucto, Parish","1308016","Improved land",1205,1160,1105,40,95
2022,"Richibucto, Parish","1308016","Total",2140,2020,1930,120,210
2022,"Richibucto, Parish","1308016","Vacant",940,860,825,80,115
2022,"Richibucto, Town","1308018","Improved land",485,480,465,5,20
2022,"Richibucto, Town","1308018","Total",625,615,600,10,25
2022,"Richibucto, Town","1308018","Vacant",140,135,135,5,5
2022,"Richmond Hill, Town","3519038","Improved land",65320,63320,62505,1995,2820
2022,"Richmond Hill, Town","3519038","Total",67265,65250,64420,2015,2845
2022,"Richmond Hill, Town","3519038","Vacant",1945,1925,1920,20,25
2022,"Richmond, City","5915015","Improved land",76520,71695,69900,4825,6620
2022,"Richmond, City","5915015","Total",77140,72285,70465,4855,6675
2022,"Richmond, City","5915015","Vacant",615,585,565,30,50
2022,"Richmond, Parish","1311001","Improved land",610,590,575,10,30
2022,"Richmond, Parish","1311001","Total",850,825,800,25,50
2022,"Richmond, Parish","1311001","Vacant",240,230,225,10,15
2022,"Richmond, Subd. A, Subdivision of county municipality","1216006","Improved land",2140,1965,1910,170,230
2022,"Richmond, Subd. A, Subdivision of county municipality","1216006","Total",2755,2470,2380,290,375
2022,"Richmond, Subd. A, Subdivision of county municipality","1216006","Vacant",620,505,470,115,150
2022,"Richmond, Subd. B, Subdivision of county municipality","1216011","Improved land",1295,1130,1080,165,210
2022,"Richmond, Subd. B, Subdivision of county municipality","1216011","Total",1710,1465,1400,245,310
2022,"Richmond, Subd. B, Subdivision of county municipality","1216011","Vacant",415,335,320,80,95
2022,"Richmond, Subd. C, Subdivision of county municipality","1216001","Improved land",1650,1560,1530,90,115
2022,"Richmond, Subd. C, Subdivision of county municipality","1216001","Total",1990,1875,1840,115,150
2022,"Richmond, Subd. C, Subdivision of county municipality","1216001","Vacant",340,315,305,25,35
2022,"Richmound, Village","4708022","Improved land",60,0,0,0,0
2022,"Richmound, Village","4708022","Total",90,0,0,0,0
2022,"Richmound, Village","4708022","Vacant",30,0,0,0,0
2022,"Rideau Lakes, Township","3507040","Improved land",7170,6575,6475,590,685
2022,"Rideau Lakes, Township","3507040","Total",9160,8390,8250,770,910
2022,"Rideau Lakes, Township","3507040","Vacant",1995,1815,1775,180,220
2022,"Ridgedale, Village","4714058","Improved land",40,0,0,0,0
2022,"Ridgedale, Village","4714058","Total",115,0,0,0,0
2022,"Ridgedale, Village","4714058","Vacant",75,0,0,0,0
2022,"Riding Mountain West, Rural municipality","4616020","Improved land",915,900,885,20,30
2022,"Riding Mountain West, Rural municipality","4616020","Total",1475,1430,1420,45,55
2022,"Riding Mountain West, Rural municipality","4616020","Vacant",560,540,535,20,25
2022,"Rimbey, Town","4808044","Improved land",1030,0,0,0,0
2022,"Rimbey, Town","4808044","Total",1155,0,0,0,0
2022,"Rimbey, Town","4808044","Vacant",120,0,0,0,0
2022,"Ritchot, Rural municipality","4602075","Improved land",2590,2560,2540,30,50
2022,"Ritchot, Rural municipality","4602075","Total",3020,2985,2965,35,55
2022,"Ritchot, Rural municipality","4602075","Vacant",430,425,425,5,5
2022,"Riverdale, Municipality","4607076","Improved land",860,850,840,10,20
2022,"Riverdale, Municipality","4607076","Total",980,965,955,15,25
2022,"Riverdale, Municipality","4607076","Vacant",120,115,115,5,5
2022,"Riverhurst, Village","4707072","Improved land",110,0,0,0,0
2022,"Riverhurst, Village","4707072","Total",265,0,0,0,0
2022,"Riverhurst, Village","4707072","Vacant",150,0,0,0,0
2022,"Riverside No. 168, Rural municipality","4708031","Improved land",65,0,0,0,0
2022,"Riverside No. 168, Rural municipality","4708031","Total",200,0,0,0,0
2022,"Riverside No. 168, Rural municipality","4708031","Vacant",135,0,0,0,0
2022,"Riverside-Albert, Village","1306003","Improved land",145,140,135,5,10
2022,"Riverside-Albert, Village","1306003","Total",200,190,185,10,15
2022,"Riverside-Albert, Village","1306003","Vacant",55,50,50,5,5
2022,"Riverview, Town","1306020","Improved land",6735,6670,6570,50,155
2022,"Riverview, Town","1306020","Total",6970,6915,6815,55,155
2022,"Riverview, Town","1306020","Vacant",245,245,245,0,0
2022,"Rivière-Verte, Parish","1313015","Improved land",365,365,355,0,10
2022,"Rivière-Verte, Parish","1313015","Total",520,510,495,10,25
2022,"Rivière-Verte, Parish","1313015","Vacant",155,145,140,10,15
2022,"Rivière-Verte, Village","1313014","Improved land",300,295,290,5,10
2022,"Rivière-Verte, Village","1313014","Total",375,375,360,10,15
2022,"Rivière-Verte, Village","1313014","Vacant",75,70,70,5,5
2022,"Robert's Arm, Town","1008060","Improved land",0,0,0,0,0
2022,"Robert's Arm, Town","1008060","Total",400,385,375,15,25
2022,"Robert's Arm, Town","1008060","Vacant",0,0,0,0,0
2022,"Rocanville No. 151, Rural municipality","4705037","Improved land",165,0,0,0,0
2022,"Rocanville No. 151, Rural municipality","4705037","Total",220,0,0,0,0
2022,"Rocanville No. 151, Rural municipality","4705037","Vacant",55,0,0,0,0
2022,"Rocanville, Town","4705038","Improved land",355,0,0,0,0
2022,"Rocanville, Town","4705038","Total",425,0,0,0,0
2022,"Rocanville, Town","4705038","Vacant",70,0,0,0,0
2022,"Roche Percée, Village","4701019","Improved land",40,0,0,0,0
2022,"Roche Percée, Village","4701019","Total",125,0,0,0,0
2022,"Roche Percée, Village","4701019","Vacant",85,0,0,0,0
2022,"Rochon Sands, Summer village","4807028","Improved land",155,0,0,0,0
2022,"Rochon Sands, Summer village","4807028","Total",165,0,0,0,0
2022,"Rochon Sands, Summer village","4807028","Vacant",10,0,0,0,0
2022,"Rockglen, Town","4703009","Improved land",225,0,0,0,0
2022,"Rockglen, Town","4703009","Total",290,0,0,0,0
2022,"Rockglen, Town","4703009","Vacant",65,0,0,0,0
2022,"Rockwood, Rural municipality","4614036","Improved land",2675,2640,2605,40,65
2022,"Rockwood, Rural municipality","4614036","Total",2950,2905,2875,45,75
2022,"Rockwood, Rural municipality","4614036","Vacant",275,270,270,5,5
2022,"Rocky Harbour, Town","1009013","Improved land",0,0,0,0,0
2022,"Rocky Harbour, Town","1009013","Total",725,705,690,25,35
2022,"Rocky Harbour, Town","1009013","Vacant",0,0,0,0,0
2022,"Rocky Mountain House, Town","4809015","Improved land",2500,0,0,0,0
2022,"Rocky Mountain House, Town","4809015","Total",2595,0,0,0,0
2022,"Rocky Mountain House, Town","4809015","Vacant",90,0,0,0,0
2022,"Rocky View County, Municipal district","4806014","Improved land",14570,0,0,0,0
2022,"Rocky View County, Municipal district","4806014","Total",16280,0,0,0,0
2022,"Rocky View County, Municipal district","4806014","Vacant",1710,0,0,0,0
2022,"Rockyford, Village","4805022","Improved land",140,0,0,0,0
2022,"Rockyford, Village","4805022","Total",140,0,0,0,0
2022,"Rockyford, Village","4805022","Vacant",5,0,0,0,0
2022,"Roddickton-Bide Arm, Town","1009007","Improved land",0,0,0,0,0
2022,"Roddickton-Bide Arm, Town","1009007","Total",445,435,430,10,15
2022,"Roddickton-Bide Arm, Town","1009007","Vacant",0,0,0,0,0
2022,"Rodgers No. 133, Rural municipality","4707006","Improved land",50,0,0,0,0
2022,"Rodgers No. 133, Rural municipality","4707006","Total",100,0,0,0,0
2022,"Rodgers No. 133, Rural municipality","4707006","Vacant",50,0,0,0,0
2022,"Rogersville, Parish","1309016","Improved land",545,530,510,15,35
2022,"Rogersville, Parish","1309016","Total",770,745,720,25,50
2022,"Rogersville, Parish","1309016","Vacant",225,215,210,10,15
2022,"Rogersville, Village","1309017","Improved land",400,395,385,5,15
2022,"Rogersville, Village","1309017","Total",500,495,485,5,20
2022,"Rogersville, Village","1309017","Vacant",100,100,100,0,0
2022,"Roland, Rural municipality","4603062","Improved land",405,395,390,10,15
2022,"Roland, Rural municipality","4603062","Total",435,425,415,10,20
2022,"Roland, Rural municipality","4603062","Vacant",30,30,25,0,5
2022,"Rosalind, Village","4810003","Improved land",90,0,0,0,0
2022,"Rosalind, Village","4810003","Total",115,0,0,0,0
2022,"Rosalind, Village","4810003","Vacant",25,0,0,0,0
2022,"Rose Blanche-Harbour le Cou, Town","1003045","Improved land",0,0,0,0,0
2022,"Rose Blanche-Harbour le Cou, Town","1003045","Total",335,315,310,20,25
2022,"Rose Blanche-Harbour le Cou, Town","1003045","Vacant",0,0,0,0,0
2022,"Rose Valley, Town","4714024","Improved land",150,0,0,0,0
2022,"Rose Valley, Town","4714024","Total",315,0,0,0,0
2022,"Rose Valley, Town","4714024","Vacant",165,0,0,0,0
2022,"Rosedale No. 283, Rural municipality","4711031","Improved land",155,0,0,0,0
2022,"Rosedale No. 283, Rural municipality","4711031","Total",165,0,0,0,0
2022,"Rosedale No. 283, Rural municipality","4711031","Vacant",10,0,0,0,0
2022,"Rosedale, Rural municipality","4615078","Improved land",615,595,585,20,25
2022,"Rosedale, Rural municipality","4615078","Total",850,820,805,30,40
2022,"Rosedale, Rural municipality","4615078","Vacant",235,225,220,10,15
2022,"Rosemary, Village","4802038","Improved land",145,0,0,0,0
2022,"Rosemary, Village","4802038","Total",225,0,0,0,0
2022,"Rosemary, Village","4802038","Vacant",75,0,0,0,0
2022,"Rosemount No. 378, Rural municipality","4712072","Improved land",95,0,0,0,0
2022,"Rosemount No. 378, Rural municipality","4712072","Total",270,0,0,0,0
2022,"Rosemount No. 378, Rural municipality","4712072","Vacant",175,0,0,0,0
2022,"Rosetown, Town","4712006","Improved land",1020,0,0,0,0
2022,"Rosetown, Town","4712006","Total",1060,0,0,0,0
2022,"Rosetown, Town","4712006","Vacant",45,0,0,0,0
2022,"Ross Haven, Summer village","4813008","Improved land",210,0,0,0,0
2022,"Ross Haven, Summer village","4813008","Total",230,0,0,0,0
2022,"Ross Haven, Summer village","4813008","Vacant",20,0,0,0,0
2022,"Ross River, Settlement","6001037","Improved land",90,0,0,0,0
2022,"Ross River, Settlement","6001037","Total",170,0,0,0,0
2022,"Ross River, Settlement","6001037","Vacant",80,0,0,0,0
2022,"Rossburn, Municipality","4616005","Improved land",665,650,640,15,25
2022,"Rossburn, Municipality","4616005","Total",955,895,875,60,80
2022,"Rossburn, Municipality","4616005","Vacant",290,245,235,45,55
2022,"Rosser, Rural municipality","4614015","Improved land",445,430,415,15,30
2022,"Rosser, Rural municipality","4614015","Total",470,455,440,15,30
2022,"Rosser, Rural municipality","4614015","Vacant",25,25,25,0,0
2022,"Rossland, City","5905023","Improved land",1930,1810,1765,125,165
2022,"Rossland, City","5905023","Total",2265,2115,2065,150,200
2022,"Rossland, City","5905023","Vacant",335,310,300,25,35
2022,"Rosthern No. 403, Rural municipality","4715031","Improved land",750,0,0,0,0
2022,"Rosthern No. 403, Rural municipality","4715031","Total",905,0,0,0,0
2022,"Rosthern No. 403, Rural municipality","4715031","Vacant",155,0,0,0,0
2022,"Rosthern, Town","4715032","Improved land",685,0,0,0,0
2022,"Rosthern, Town","4715032","Total",760,0,0,0,0
2022,"Rosthern, Town","4715032","Vacant",75,0,0,0,0
2022,"Rothesay, Parish","1305008","Improved land",150,145,145,0,5
2022,"Rothesay, Parish","1305008","Total",185,180,180,5,10
2022,"Rothesay, Parish","1305008","Vacant",40,35,35,5,5
2022,"Rothesay, Town","1305045","Improved land",4255,4220,4160,35,95
2022,"Rothesay, Town","1305045","Total",4815,4770,4700,45,115
2022,"Rothesay, Town","1305045","Vacant",560,550,540,10,20
2022,"Rouleau, Town","4706017","Improved land",220,0,0,0,0
2022,"Rouleau, Town","4706017","Total",325,0,0,0,0
2022,"Rouleau, Town","4706017","Vacant",105,0,0,0,0
2022,"Round Hill No. 467, Rural municipality","4716033","Improved land",110,0,0,0,0
2022,"Round Hill No. 467, Rural municipality","4716033","Total",290,0,0,0,0
2022,"Round Hill No. 467, Rural municipality","4716033","Vacant",180,0,0,0,0
2022,"Round Valley No. 410, Rural municipality","4713072","Improved land",105,0,0,0,0
2022,"Round Valley No. 410, Rural municipality","4713072","Total",145,0,0,0,0
2022,"Round Valley No. 410, Rural municipality","4713072","Vacant",40,0,0,0,0
2022,"Ruddell, Village","4716003","Improved land",20,0,0,0,0
2022,"Ruddell, Village","4716003","Total",70,0,0,0,0
2022,"Ruddell, Village","4716003","Vacant",50,0,0,0,0
2022,"Rudy No. 284, Rural municipality","4711026","Improved land",180,0,0,0,0
2022,"Rudy No. 284, Rural municipality","4711026","Total",220,0,0,0,0
2022,"Rudy No. 284, Rural municipality","4711026","Vacant",40,0,0,0,0
2022,"Rush Lake, Village","4707023","Improved land",35,0,0,0,0
2022,"Rush Lake, Village","4707023","Total",95,0,0,0,0
2022,"Rush Lake, Village","4707023","Vacant",60,0,0,0,0
2022,"Rushoon, Town","1002033","Improved land",0,0,0,0,0
2022,"Rushoon, Town","1002033","Total",180,175,170,5,10
2022,"Rushoon, Town","1002033","Vacant",0,0,0,0,0
2022,"Russell, Township","3502048","Improved land",6625,6600,6580,25,45
2022,"Russell, Township","3502048","Total",7495,7465,7445,30,50
2022,"Russell, Township","3502048","Vacant",870,865,865,5,5
2022,"Russell-Binscarth, Municipality","4616030","Improved land",1075,1075,1060,5,15
2022,"Russell-Binscarth, Municipality","4616030","Total",1240,1235,1220,5,20
2022,"Russell-Binscarth, Municipality","4616030","Vacant",165,160,160,5,5
2022,"Rycroft, Village","4819056","Improved land",295,0,0,0,0
2022,"Rycroft, Village","4819056","Total",360,0,0,0,0
2022,"Rycroft, Village","4819056","Vacant",65,0,0,0,0
2022,"Ryerson, Township","3549024","Improved land",610,585,580,20,30
2022,"Ryerson, Township","3549024","Total",990,945,920,45,70
2022,"Ryerson, Township","3549024","Vacant",380,355,340,25,40
2022,"Ryley, Village","4810019","Improved land",210,0,0,0,0
2022,"Ryley, Village","4810019","Total",255,0,0,0,0
2022,"Ryley, Village","4810019","Vacant",45,0,0,0,0
2022,"Saanich, District municipality","5917021","Improved land",38395,37715,37185,680,1210
2022,"Saanich, District municipality","5917021","Total",38720,38030,37495,690,1225
2022,"Saanich, District municipality","5917021","Vacant",325,315,310,10,15
2022,"Sables-Spanish Rivers, Township","3552023","Improved land",1755,1695,1675,60,80
2022,"Sables-Spanish Rivers, Township","3552023","Total",2515,2400,2365,115,150
2022,"Sables-Spanish Rivers, Township","3552023","Vacant",760,705,690,55,70
2022,"Sackville, Parish","1307008","Improved land",660,640,620,25,40
2022,"Sackville, Parish","1307008","Total",1090,1005,975,85,115
2022,"Sackville, Parish","1307008","Vacant",430,370,355,60,75
2022,"Sackville, Town","1307009","Improved land",2110,2080,2035,25,75
2022,"Sackville, Town","1307009","Total",2405,2365,2305,40,100
2022,"Sackville, Town","1307009","Vacant",295,280,270,15,25
2022,"Saddle Hills County, Municipal district","4819059","Improved land",1130,0,0,0,0
2022,"Saddle Hills County, Municipal district","4819059","Total",1255,0,0,0,0
2022,"Saddle Hills County, Municipal district","4819059","Vacant",125,0,0,0,0
2022,"Saint Andrews, Parish","1302024","Improved land",335,315,305,20,30
2022,"Saint Andrews, Parish","1302024","Total",500,465,450,35,50
2022,"Saint Andrews, Parish","1302024","Vacant",165,150,145,15,20
2022,"Saint Andrews, Town","1302026","Improved land",905,840,820,65,85
2022,"Saint Andrews, Town","1302026","Total",1075,965,945,100,120
2022,"Saint Andrews, Town","1302026","Vacant",160,125,125,35,35
2022,"Saint Croix, Parish","1302028","Improved land",395,370,360,20,35
2022,"Saint Croix, Parish","1302028","Total",605,565,540,35,60
2022,"Saint Croix, Parish","1302028","Vacant",205,190,180,15,25
2022,"Saint David, Parish","1302042","Improved land",750,710,690,40,60
2022,"Saint David, Parish","1302042","Total",1045,985,960,60,85
2022,"Saint David, Parish","1302042","Vacant",295,275,270,20,25
2022,"Saint George, Parish","1302016","Improved land",1355,1300,1255,55,95
2022,"Saint George, Parish","1302016","Total",1980,1865,1795,115,185
2022,"Saint George, Parish","1302016","Vacant",625,565,535,60,90
2022,"Saint James, Parish","1302039","Improved land",635,600,580,35,55
2022,"Saint James, Parish","1302039","Total",885,815,785,70,100
2022,"Saint James, Parish","1302039","Vacant",250,215,205,35,45
2022,"Saint John, Census metropolitan area (CMA)","310","Improved land",43690,43055,42305,640,1380
2022,"Saint John, Census metropolitan area (CMA)","310","Total",53025,52035,51105,990,1920
2022,"Saint John, Census metropolitan area (CMA)","310","Vacant",9340,8990,8800,350,540
2022,"Saint John, City","1301006","Improved land",19875,19595,19265,285,625
2022,"Saint John, City","1301006","Total",22960,22600,22235,360,725
2022,"Saint John, City","1301006","Vacant",3080,3005,2970,75,110
2022,"Saint Martins, Parish","1301001","Improved land",675,645,630,30,45
2022,"Saint Martins, Parish","1301001","Total",1105,1045,1010,60,95
2022,"Saint Martins, Parish","1301001","Vacant",430,400,380,30,50
2022,"Saint Mary, Parish","1308006","Improved land",995,960,920,35,70
2022,"Saint Mary, Parish","1308006","Total",1710,1605,1525,105,185
2022,"Saint Mary, Parish","1308006","Vacant",715,645,605,70,110
2022,"Saint Marys, Parish","1310031","Improved land",2000,1960,1930,40,70
2022,"Saint Marys, Parish","1310031","Total",2565,2505,2460,55,105
2022,"Saint Marys, Parish","1310031","Vacant",565,545,530,20,35
2022,"Saint Patrick, Parish","1302021","Improved land",580,545,530,35,50
2022,"Saint Patrick, Parish","1302021","Total",865,790,765,75,100
2022,"Saint Patrick, Parish","1302021","Vacant",285,245,235,40,50
2022,"Saint Stephen, Parish","1302034","Improved land",795,785,765,20,35
2022,"Saint Stephen, Parish","1302034","Total",1045,1000,980,45,65
2022,"Saint Stephen, Parish","1302034","Vacant",250,225,220,25,30
2022,"Saint-André, Rural community","1313002","Improved land",695,690,665,5,30
2022,"Saint-André, Rural community","1313002","Total",945,925,900,10,35
2022,"Saint-André, Rural community","1313002","Vacant",240,235,235,5,5
2022,"Saint-Antoine, Village","1308007","Improved land",550,545,530,5,20
2022,"Saint-Antoine, Village","1308007","Total",685,675,655,10,30
2022,"Saint-Antoine, Village","1308007","Vacant",135,130,125,5,10
2022,"Saint-Basile, Parish","1313018","Improved land",365,360,345,5,20
2022,"Saint-Basile, Parish","1313018","Total",505,490,475,15,30
2022,"Saint-Basile, Parish","1313018","Vacant",140,130,130,10,10
2022,"Saint-Charles, Parish","1308019","Improved land",1000,990,945,10,55
2022,"Saint-Charles, Parish","1308019","Total",1600,1550,1480,50,120
2022,"Saint-Charles, Parish","1308019","Vacant",600,560,535,40,65
2022,"Saint-Isidore, Parish","1315021","Improved land",615,605,600,10,25
2022,"Saint-Isidore, Parish","1315021","Total",845,830,810,15,35
2022,"Saint-Isidore, Parish","1315021","Vacant",230,225,220,5,10
2022,"Saint-Isidore, Village","1315022","Improved land",330,325,320,5,10
2022,"Saint-Isidore, Village","1315022","Total",430,425,420,5,10
2022,"Saint-Isidore, Village","1315022","Vacant",100,100,100,0,0
2022,"Saint-Jacques, Parish","1313024","Improved land",775,765,745,10,30
2022,"Saint-Jacques, Parish","1313024","Total",985,960,935,25,50
2022,"Saint-Jacques, Parish","1313024","Vacant",210,195,190,15,20
2022,"Saint-Joseph, Parish","1313022","Improved land",725,715,685,10,40
2022,"Saint-Joseph, Parish","1313022","Total",920,905,870,15,50
2022,"Saint-Joseph, Parish","1313022","Vacant",195,190,185,5,10
2022,"Saint-Louis de Kent, Village","1308022","Improved land",305,295,285,10,20
2022,"Saint-Louis de Kent, Village","1308022","Total",370,360,350,10,20
2022,"Saint-Louis de Kent, Village","1308022","Vacant",65,65,65,0,0
2022,"Saint-Louis, Parish","1308021","Improved land",820,810,775,10,45
2022,"Saint-Louis, Parish","1308021","Total",1340,1300,1245,40,100
2022,"Saint-Louis, Parish","1308021","Vacant",525,495,470,30,55
2022,"Saint-Léolin, Village","1315017","Improved land",320,320,310,0,10
2022,"Saint-Léolin, Village","1315017","Total",450,440,430,10,20
2022,"Saint-Léolin, Village","1315017","Vacant",130,120,120,10,10
2022,"Saint-Léonard, Parish","1313004","Improved land",400,390,375,10,25
2022,"Saint-Léonard, Parish","1313004","Total",605,585,565,20,40
2022,"Saint-Léonard, Parish","1313004","Vacant",200,190,185,10,15
2022,"Saint-Léonard, Town","1313006","Improved land",445,435,425,10,20
2022,"Saint-Léonard, Town","1313006","Total",535,520,510,15,25
2022,"Saint-Léonard, Town","1313006","Vacant",90,85,85,5,5
2022,"Saint-Paul, Parish","1308008","Improved land",430,410,395,15,30
2022,"Saint-Paul, Parish","1308008","Total",785,700,665,85,120
2022,"Saint-Paul, Parish","1308008","Vacant",360,290,270,70,90
2022,"Saint-Quentin, Parish","1314021","Improved land",750,735,700,15,50
2022,"Saint-Quentin, Parish","1314021","Total",1085,1055,1015,30,70
2022,"Saint-Quentin, Parish","1314021","Vacant",335,320,315,15,20
2022,"Saint-Quentin, Town","1314022","Improved land",795,790,760,5,35
2022,"Saint-Quentin, Town","1314022","Total",885,875,845,10,40
2022,"Saint-Quentin, Town","1314022","Vacant",90,85,85,5,5
2022,"Sainte-Anne, Parish","1313011","Improved land",470,465,450,5,20
2022,"Sainte-Anne, Parish","1313011","Total",715,690,670,25,45
2022,"Sainte-Anne, Parish","1313011","Vacant",245,225,220,20,25
2022,"Sainte-Anne-de-Madawaska, Village","1313012","Improved land",385,375,365,15,25
2022,"Sainte-Anne-de-Madawaska, Village","1313012","Total",560,545,535,20,30
2022,"Sainte-Anne-de-Madawaska, Village","1313012","Vacant",175,170,170,5,5
2022,"Sainte-Marie-Saint-Raphaël, Village","1315033","Improved land",425,425,410,0,15
2022,"Sainte-Marie-Saint-Raphaël, Village","1315033","Total",630,625,610,5,20
2022,"Sainte-Marie-Saint-Raphaël, Village","1315033","Vacant",205,200,200,5,5
2022,"Salisbury, Parish","1307024","Improved land",1500,1485,1450,20,50
2022,"Salisbury, Parish","1307024","Total",2075,2030,1985,45,90
2022,"Salisbury, Parish","1307024","Vacant",570,545,530,25,40
2022,"Salisbury, Village","1307028","Improved land",795,785,765,10,30
2022,"Salisbury, Village","1307028","Total",980,970,945,10,35
2022,"Salisbury, Village","1307028","Vacant",185,185,180,0,5
2022,"Salmo, Village","5903011","Improved land",465,450,440,15,25
2022,"Salmo, Village","5903011","Total",655,640,630,15,25
2022,"Salmo, Village","5903011","Vacant",190,190,190,0,0
2022,"Salmon Arm, Census agglomeration (CA)","920","Improved land",6485,6420,6350,65,140
2022,"Salmon Arm, Census agglomeration (CA)","920","Total",6765,6695,6620,70,145
2022,"Salmon Arm, Census agglomeration (CA)","920","Vacant",280,275,265,5,15
2022,"Salmon Arm, City","5939032","Improved land",6485,6420,6350,65,140
2022,"Salmon Arm, City","5939032","Total",6765,6695,6620,70,145
2022,"Salmon Arm, City","5939032","Vacant",280,275,265,5,15
2022,"Salmon Cove, Town","1001361","Improved land",0,0,0,0,0
2022,"Salmon Cove, Town","1001361","Total",405,400,395,5,15
2022,"Salmon Cove, Town","1001361","Vacant",0,0,0,0,0
2022,"Saltcoats No. 213, Rural municipality","4705077","Improved land",180,0,0,0,0
2022,"Saltcoats No. 213, Rural municipality","4705077","Total",320,0,0,0,0
2022,"Saltcoats No. 213, Rural municipality","4705077","Vacant",140,0,0,0,0
2022,"Saltcoats, Town","4705078","Improved land",215,0,0,0,0
2022,"Saltcoats, Town","4705078","Total",245,0,0,0,0
2022,"Saltcoats, Town","4705078","Vacant",30,0,0,0,0
2022,"Saltspring Island, Regional district electoral area","5917027","Improved land",4895,4690,4575,205,320
2022,"Saltspring Island, Regional district electoral area","5917027","Total",5500,5230,5095,270,405
2022,"Saltspring Island, Regional district electoral area","5917027","Vacant",605,540,520,65,85
2022,"Salvage, Town","1007046","Improved land",0,0,0,0,0
2022,"Salvage, Town","1007046","Total",120,120,115,0,5
2022,"Salvage, Town","1007046","Vacant",0,0,0,0,0
2022,"Sandringham, Town","1007043","Improved land",0,0,0,0,0
2022,"Sandringham, Town","1007043","Total",165,160,160,0,10
2022,"Sandringham, Town","1007043","Vacant",0,0,0,0,0
2022,"Sandy Bay, Northern village","4718058","Improved land",200,0,0,0,0
2022,"Sandy Bay, Northern village","4718058","Total",285,0,0,0,0
2022,"Sandy Bay, Northern village","4718058","Vacant",85,0,0,0,0
2022,"Sandy Beach, Summer village","4813016","Improved land",265,0,0,0,0
2022,"Sandy Beach, Summer village","4813016","Total",330,0,0,0,0
2022,"Sandy Beach, Summer village","4813016","Vacant",65,0,0,0,0
2022,"Sandy Cove, Town","1007039","Improved land",0,0,0,0,0
2022,"Sandy Cove, Town","1007039","Total",140,125,120,15,20
2022,"Sandy Cove, Town","1007039","Vacant",0,0,0,0,0
2022,"Sanikiluaq, Hamlet","6204001","Improved land",0,0,0,0,0
2022,"Sanikiluaq, Hamlet","6204001","Total",250,250,245,0,5
2022,"Sanikiluaq, Hamlet","6204001","Vacant",0,0,0,0,0
2022,"Sarnia No. 221, Rural municipality","4706063","Improved land",95,0,0,0,0
2022,"Sarnia No. 221, Rural municipality","4706063","Total",215,0,0,0,0
2022,"Sarnia No. 221, Rural municipality","4706063","Vacant",120,0,0,0,0
2022,"Sarnia, Census agglomeration (CA)","562","Improved land",36800,36380,36170,435,630
2022,"Sarnia, Census agglomeration (CA)","562","Total",38370,37910,37685,460,685
2022,"Sarnia, Census agglomeration (CA)","562","Vacant",1570,1535,1515,35,55
2022,"Sarnia, City","3538030","Improved land",26455,26195,26045,255,405
2022,"Sarnia, City","3538030","Total",26800,26540,26385,260,415
2022,"Sarnia, City","3538030","Vacant",350,345,340,5,10
2022,"Saskatchewan","47","Improved land",383725,0,0,0,0
2022,"Saskatchewan","47","Total",461440,0,0,0,0
2022,"Saskatchewan","47","Vacant",77715,0,0,0,0
2022,"Saskatchewan Beach, Resort village","4706072","Improved land",185,0,0,0,0
2022,"Saskatchewan Beach, Resort village","4706072","Total",340,0,0,0,0
2022,"Saskatchewan Beach, Resort village","4706072","Vacant",155,0,0,0,0
2022,"Saskatchewan Landing No. 167, Rural municipality","4708038","Improved land",135,0,0,0,0
2022,"Saskatchewan Landing No. 167, Rural municipality","4708038","Total",210,0,0,0,0
2022,"Saskatchewan Landing No. 167, Rural municipality","4708038","Vacant",75,0,0,0,0
2022,"Saskatoon, Census metropolitan area (CMA)","725","Improved land",106375,0,0,0,0
2022,"Saskatoon, Census metropolitan area (CMA)","725","Total",111105,0,0,0,0
2022,"Saskatoon, Census metropolitan area (CMA)","725","Vacant",4730,0,0,0,0
2022,"Saskatoon, City","4711066","Improved land",88175,0,0,0,0
2022,"Saskatoon, City","4711066","Total",89915,0,0,0,0
2022,"Saskatoon, City","4711066","Vacant",1740,0,0,0,0
2022,"Sasman No. 336, Rural municipality","4710071","Improved land",280,0,0,0,0
2022,"Sasman No. 336, Rural municipality","4710071","Total",920,0,0,0,0
2022,"Sasman No. 336, Rural municipality","4710071","Vacant",640,0,0,0,0
2022,"Saugeen Shores, Town","3541045","Improved land",7490,7390,7325,95,165
2022,"Saugeen Shores, Town","3541045","Total",8385,8270,8200,115,185
2022,"Saugeen Shores, Town","3541045","Vacant",895,880,875,15,20
2022,"Sault Ste. Marie, Census agglomeration (CA)","590","Improved land",27925,27650,27475,280,460
2022,"Sault Ste. Marie, Census agglomeration (CA)","590","Total",30525,30130,29915,395,610
2022,"Sault Ste. Marie, Census agglomeration (CA)","590","Vacant",2595,2480,2445,115,150
2022,"Sault Ste. Marie, City","3557061","Improved land",26080,25845,25680,235,400
2022,"Sault Ste. Marie, City","3557061","Total",27855,27590,27410,265,445
2022,"Sault Ste. Marie, City","3557061","Vacant",1775,1745,1730,30,45
2022,"Sayward, Village","5924039","Improved land",175,175,170,0,5
2022,"Sayward, Village","5924039","Total",195,195,185,0,10
2022,"Sayward, Village","5924039","Vacant",20,20,15,0,5
2022,"Sceptre, Village","4708054","Improved land",60,0,0,0,0
2022,"Sceptre, Village","4708054","Total",85,0,0,0,0
2022,"Sceptre, Village","4708054","Vacant",25,0,0,0,0
2022,"Schreiber, Township","3558051","Improved land",560,545,540,15,20
2022,"Schreiber, Township","3558051","Total",790,775,770,15,20
2022,"Schreiber, Township","3558051","Vacant",230,230,230,0,0
2022,"Scott No. 98, Rural municipality","4702069","Improved land",30,0,0,0,0
2022,"Scott No. 98, Rural municipality","4702069","Total",130,0,0,0,0
2022,"Scott No. 98, Rural municipality","4702069","Vacant",100,0,0,0,0
2022,"Scott, Town","4713062","Improved land",45,0,0,0,0
2022,"Scott, Town","4713062","Total",165,0,0,0,0
2022,"Scott, Town","4713062","Vacant",120,0,0,0,0
2022,"Scugog, Township","3518020","Improved land",8125,8060,7990,65,135
2022,"Scugog, Township","3518020","Total",8830,8750,8675,80,155
2022,"Scugog, Township","3518020","Vacant",705,695,685,15,20
2022,"Seal Cove (Fortune Bay), Town","1003010","Improved land",0,0,0,0,0
2022,"Seal Cove (Fortune Bay), Town","1003010","Total",160,150,150,10,10
2022,"Seal Cove (Fortune Bay), Town","1003010","Vacant",0,0,0,0,0
2022,"Seal Cove (White Bay), Town","1008091","Improved land",0,0,0,0,0
2022,"Seal Cove (White Bay), Town","1008091","Total",210,200,200,5,10
2022,"Seal Cove (White Bay), Town","1008091","Vacant",0,0,0,0,0
2022,"Seba Beach, Summer village","4811038","Improved land",330,0,0,0,0
2022,"Seba Beach, Summer village","4811038","Total",360,0,0,0,0
2022,"Seba Beach, Summer village","4811038","Vacant",30,0,0,0,0
2022,"Sechelt, District municipality","5929011","Improved land",4965,4850,4750,115,210
2022,"Sechelt, District municipality","5929011","Total",5415,5280,5175,135,240
2022,"Sechelt, District municipality","5929011","Vacant",450,430,420,20,30
2022,"Sedgewick, Town","4807044","Improved land",380,0,0,0,0
2022,"Sedgewick, Town","4807044","Total",455,0,0,0,0
2022,"Sedgewick, Town","4807044","Vacant",75,0,0,0,0
2022,"Sedley, Village","4706008","Improved land",130,0,0,0,0
2022,"Sedley, Village","4706008","Total",160,0,0,0,0
2022,"Sedley, Village","4706008","Vacant",30,0,0,0,0
2022,"Seguin, Township","3549003","Improved land",4965,4780,4700,185,260
2022,"Seguin, Township","3549003","Total",6745,6465,6325,280,420
2022,"Seguin, Township","3549003","Vacant",1780,1685,1625,95,155
2022,"Selkirk, City","4613047","Improved land",3170,3150,3115,25,55
2022,"Selkirk, City","4613047","Total",3435,3410,3375,25,60
2022,"Selkirk, City","4613047","Vacant",265,260,260,5,5
2022,"Selwyn, Township","3515015","Improved land",8345,8215,8145,130,200
2022,"Selwyn, Township","3515015","Total",9075,8925,8850,155,230
2022,"Selwyn, Township","3515015","Vacant",730,710,705,20,25
2022,"Semans, Village","4710022","Improved land",135,0,0,0,0
2022,"Semans, Village","4710022","Total",225,0,0,0,0
2022,"Semans, Village","4710022","Vacant",90,0,0,0,0
2022,"Senlac No. 411, Rural municipality","4713076","Improved land",45,0,0,0,0
2022,"Senlac No. 411, Rural municipality","4713076","Total",170,0,0,0,0
2022,"Senlac No. 411, Rural municipality","4713076","Vacant",125,0,0,0,0
2022,"Senlac, Village","4713078","Improved land",35,0,0,0,0
2022,"Senlac, Village","4713078","Total",65,0,0,0,0
2022,"Senlac, Village","4713078","Vacant",30,0,0,0,0
2022,"Severn, Township","3543015","Improved land",6915,6805,6740,110,175
2022,"Severn, Township","3543015","Total",8250,8095,8020,155,230
2022,"Severn, Township","3543015","Vacant",1335,1290,1280,45,55
2022,"Sexsmith, Town","4819014","Improved land",835,0,0,0,0
2022,"Sexsmith, Town","4819014","Total",945,0,0,0,0
2022,"Sexsmith, Town","4819014","Vacant",110,0,0,0,0
2022,"Shamrock No. 134, Rural municipality","4707011","Improved land",85,0,0,0,0
2022,"Shamrock No. 134, Rural municipality","4707011","Total",90,0,0,0,0
2022,"Shamrock No. 134, Rural municipality","4707011","Vacant",5,0,0,0,0
2022,"Shamrock, Village","4707012","Improved land",20,0,0,0,0
2022,"Shamrock, Village","4707012","Total",40,0,0,0,0
2022,"Shamrock, Village","4707012","Vacant",20,0,0,0,0
2022,"Shaunavon, Town","4704036","Improved land",785,0,0,0,0
2022,"Shaunavon, Town","4704036","Total",845,0,0,0,0
2022,"Shaunavon, Town","4704036","Vacant",60,0,0,0,0
2022,"Shediac, Parish","1307016","Improved land",3040,2955,2830,85,210
2022,"Shediac, Parish","1307016","Total",3840,3710,3535,130,305
2022,"Shediac, Parish","1307016","Vacant",800,755,705,45,95
2022,"Shediac, Town","1307052","Improved land",2215,2180,2110,35,105
2022,"Shediac, Town","1307052","Total",2505,2460,2375,45,130
2022,"Shediac, Town","1307052","Vacant",285,275,260,10,25
2022,"Sheffield, Parish","1303014","Improved land",570,555,540,15,30
2022,"Sheffield, Parish","1303014","Total",845,820,790,25,50
2022,"Sheffield, Parish","1303014","Vacant",275,265,250,10,25
2022,"Sheho, Village","4709024","Improved land",105,0,0,0,0
2022,"Sheho, Village","4709024","Total",165,0,0,0,0
2022,"Sheho, Village","4709024","Vacant",60,0,0,0,0
2022,"Shelburne, Municipal district","1201006","Improved land",2920,2655,2590,265,330
2022,"Shelburne, Municipal district","1201006","Total",3915,3485,3390,430,525
2022,"Shelburne, Municipal district","1201006","Vacant",995,830,800,165,195
2022,"Shelburne, Town","1201008","Improved land",760,740,720,20,40
2022,"Shelburne, Town","1201008","Total",905,880,855,25,50
2022,"Shelburne, Town","1201008","Vacant",145,140,135,5,10
2022,"Shelburne, Town","3522021","Improved land",2725,2710,2685,15,45
2022,"Shelburne, Town","3522021","Total",2835,2820,2795,15,40
2022,"Shelburne, Town","3522021","Vacant",110,110,110,0,0
2022,"Shell Lake, Village","4716057","Improved land",125,0,0,0,0
2022,"Shell Lake, Village","4716057","Total",175,0,0,0,0
2022,"Shell Lake, Village","4716057","Vacant",50,0,0,0,0
2022,"Shellbrook No. 493, Rural municipality","4716046","Improved land",650,0,0,0,0
2022,"Shellbrook No. 493, Rural municipality","4716046","Total",740,0,0,0,0
2022,"Shellbrook No. 493, Rural municipality","4716046","Vacant",90,0,0,0,0
2022,"Shellbrook, Town","4716047","Improved land",645,0,0,0,0
2022,"Shellbrook, Town","4716047","Total",785,0,0,0,0
2022,"Shellbrook, Town","4716047","Vacant",140,0,0,0,0
2022,"Sherbrooke, Rural municipality","1103018","Improved land",95,95,90,0,5
2022,"Sherbrooke, Rural municipality","1103018","Total",95,95,90,0,5
2022,"Sherbrooke, Rural municipality","1103018","Vacant",0,0,0,0,0
2022,"Sherwood No. 159, Rural municipality","4706026","Improved land",295,0,0,0,0
2022,"Sherwood No. 159, Rural municipality","4706026","Total",305,0,0,0,0
2022,"Sherwood No. 159, Rural municipality","4706026","Vacant",10,0,0,0,0
2022,"Shields, Resort village","4711064","Improved land",205,0,0,0,0
2022,"Shields, Resort village","4711064","Total",280,0,0,0,0
2022,"Shields, Resort village","4711064","Vacant",75,0,0,0,0
2022,"Shippagan, Parish","1315029","Improved land",2825,2745,2670,75,155
2022,"Shippagan, Parish","1315029","Total",5065,4910,4780,155,285
2022,"Shippagan, Parish","1315029","Vacant",2240,2160,2110,80,130
2022,"Shippagan, Town","1315031","Improved land",930,925,890,15,40
2022,"Shippagan, Town","1315031","Total",1100,1085,1055,15,45
2022,"Shippagan, Town","1315031","Vacant",170,165,165,5,5
2022,"Shuniah, Municipality","3558028","Improved land",1740,1705,1680,35,60
2022,"Shuniah, Municipality","3558028","Total",2810,2710,2680,100,130
2022,"Shuniah, Municipality","3558028","Vacant",1070,1005,1000,65,70
2022,"Sicamous, District municipality","5939045","Improved land",1830,1780,1715,50,115
2022,"Sicamous, District municipality","5939045","Total",2145,2080,2005,65,140
2022,"Sicamous, District municipality","5939045","Vacant",315,300,290,15,25
2022,"Sidney, Town","5917010","Improved land",5675,5600,5545,70,125
2022,"Sidney, Town","5917010","Total",5695,5625,5570,70,125
2022,"Sidney, Town","5917010","Vacant",25,25,25,0,0
2022,"Sifton, Rural municipality","4606016","Improved land",795,785,775,10,25
2022,"Sifton, Rural municipality","4606016","Total",1055,1030,1020,20,35
2022,"Sifton, Rural municipality","4606016","Vacant",255,245,245,10,10
2022,"Silton, Village","4706077","Improved land",45,0,0,0,0
2022,"Silton, Village","4706077","Total",65,0,0,0,0
2022,"Silton, Village","4706077","Vacant",20,0,0,0,0
2022,"Silver Beach, Summer village","4811009","Improved land",95,0,0,0,0
2022,"Silver Beach, Summer village","4811009","Total",115,0,0,0,0
2022,"Silver Beach, Summer village","4811009","Vacant",15,0,0,0,0
2022,"Silver Sands, Summer village","4813010","Improved land",225,0,0,0,0
2022,"Silver Sands, Summer village","4813010","Total",320,0,0,0,0
2022,"Silver Sands, Summer village","4813010","Vacant",95,0,0,0,0
2022,"Silverton, Village","5903027","Improved land",130,120,115,10,15
2022,"Silverton, Village","5903027","Total",175,160,150,15,25
2022,"Silverton, Village","5903027","Vacant",45,40,35,5,10
2022,"Silverwood No. 123, Rural municipality","4705011","Improved land",110,0,0,0,0
2022,"Silverwood No. 123, Rural municipality","4705011","Total",250,0,0,0,0
2022,"Silverwood No. 123, Rural municipality","4705011","Vacant",140,0,0,0,0
2022,"Simonds, Parish","1301004","Improved land",1570,1560,1515,20,50
2022,"Simonds, Parish","1301004","Total",2075,2030,1990,45,85
2022,"Simonds, Parish","1301004","Vacant",505,480,470,25,35
2022,"Simonds, Parish","1311021","Improved land",195,190,185,5,10
2022,"Simonds, Parish","1311021","Total",270,265,260,10,15
2022,"Simonds, Parish","1311021","Vacant",80,75,75,5,5
2022,"Simpson, Village","4711041","Improved land",95,0,0,0,0
2022,"Simpson, Village","4711041","Total",115,0,0,0,0
2022,"Simpson, Village","4711041","Vacant",20,0,0,0,0
2022,"Sintaluta, Town","4706041","Improved land",80,0,0,0,0
2022,"Sintaluta, Town","4706041","Total",170,0,0,0,0
2022,"Sintaluta, Town","4706041","Vacant",90,0,0,0,0
2022,"Sioux Lookout, Municipality","3560034","Improved land",1925,1845,1815,80,110
2022,"Sioux Lookout, Municipality","3560034","Total",2400,2295,2260,105,140
2022,"Sioux Lookout, Municipality","3560034","Vacant",475,450,445,25,30
2022,"Sioux Narrows-Nestor Falls, Township","3560008","Improved land",1225,705,685,520,535
2022,"Sioux Narrows-Nestor Falls, Township","3560008","Total",1580,980,960,600,620
2022,"Sioux Narrows-Nestor Falls, Township","3560008","Vacant",355,275,270,80,85
2022,"Slave Lake, Town","4817029","Improved land",1895,0,0,0,0
2022,"Slave Lake, Town","4817029","Total",1990,0,0,0,0
2022,"Slave Lake, Town","4817029","Vacant",95,0,0,0,0
2022,"Sliding Hills No. 273, Rural municipality","4709033","Improved land",305,0,0,0,0
2022,"Sliding Hills No. 273, Rural municipality","4709033","Total",475,0,0,0,0
2022,"Sliding Hills No. 273, Rural municipality","4709033","Vacant",170,0,0,0,0
2022,"Slocan, Village","5903019","Improved land",210,195,185,15,20
2022,"Slocan, Village","5903019","Total",640,615,605,25,35
2022,"Slocan, Village","5903019","Vacant",430,420,415,10,15
2022,"Small Point-Adam's Cove-Blackhead-Broad Cove, Town","1001352","Improved land",0,0,0,0,0
2022,"Small Point-Adam's Cove-Blackhead-Broad Cove, Town","1001352","Total",445,420,410,25,40
2022,"Small Point-Adam's Cove-Blackhead-Broad Cove, Town","1001352","Vacant",0,0,0,0,0
2022,"Smeaton, Village","4714093","Improved land",90,0,0,0,0
2022,"Smeaton, Village","4714093","Total",220,0,0,0,0
2022,"Smeaton, Village","4714093","Vacant",130,0,0,0,0
2022,"Smiley, Village","4713022","Improved land",35,0,0,0,0
2022,"Smiley, Village","4713022","Total",80,0,0,0,0
2022,"Smiley, Village","4713022","Vacant",45,0,0,0,0
2022,"Smithers, Town","5951043","Improved land",1830,1815,1800,10,30
2022,"Smithers, Town","5951043","Total",2015,2000,1985,15,30
2022,"Smithers, Town","5951043","Vacant",195,190,190,5,5
2022,"Smiths Falls, Town","3509004","Improved land",3155,3130,3080,25,70
2022,"Smiths Falls, Town","3509004","Total",3310,3285,3235,25,75
2022,"Smiths Falls, Town","3509004","Vacant",155,155,155,0,0
2022,"Smoky Lake County, Municipal district","4812022","Improved land",1730,0,0,0,0
2022,"Smoky Lake County, Municipal district","4812022","Total",2140,0,0,0,0
2022,"Smoky Lake County, Municipal district","4812022","Vacant",415,0,0,0,0
2022,"Smoky Lake, Town","4812029","Improved land",450,0,0,0,0
2022,"Smoky Lake, Town","4812029","Total",495,0,0,0,0
2022,"Smoky Lake, Town","4812029","Vacant",45,0,0,0,0
2022,"Smoky River No. 130, Municipal district","4819041","Improved land",770,0,0,0,0
2022,"Smoky River No. 130, Municipal district","4819041","Total",840,0,0,0,0
2022,"Smoky River No. 130, Municipal district","4819041","Vacant",70,0,0,0,0
2022,"Smooth Rock Falls, Town","3556048","Improved land",610,605,595,5,15
2022,"Smooth Rock Falls, Town","3556048","Total",800,795,785,5,15
2022,"Smooth Rock Falls, Town","3556048","Vacant",190,190,190,0,0
2022,"Snipe Lake No. 259, Rural municipality","4708074","Improved land",225,0,0,0,0
2022,"Snipe Lake No. 259, Rural municipality","4708074","Total",395,0,0,0,0
2022,"Snipe Lake No. 259, Rural municipality","4708074","Vacant",170,0,0,0,0
2022,"Snow Lake, Town","4621071","Improved land",480,455,445,15,25
2022,"Snow Lake, Town","4621071","Total",625,605,595,20,30
2022,"Snow Lake, Town","4621071","Vacant",155,150,150,5,5
2022,"Sooke, District municipality","5917052","Improved land",5280,5215,5140,70,145
2022,"Sooke, District municipality","5917052","Total",5570,5490,5410,80,160
2022,"Sooke, District municipality","5917052","Vacant",285,275,270,10,15
2022,"Souris Valley No. 7, Rural municipality","4702006","Improved land",125,0,0,0,0
2022,"Souris Valley No. 7, Rural municipality","4702006","Total",260,0,0,0,0
2022,"Souris Valley No. 7, Rural municipality","4702006","Vacant",135,0,0,0,0
2022,"Souris West, Rural municipality","1101033","Improved land",250,230,225,20,25
2022,"Souris West, Rural municipality","1101033","Total",275,255,245,20,30
2022,"Souris West, Rural municipality","1101033","Vacant",25,25,20,0,5
2022,"Souris, Fire district","1101035","Improved land",1010,935,905,75,105
2022,"Souris, Fire district","1101035","Total",1140,1050,1020,90,120
2022,"Souris, Fire district","1101035","Vacant",130,115,115,15,15
2022,"Souris, Town","1101036","Improved land",530,505,500,20,25
2022,"Souris, Town","1101036","Total",585,555,550,25,35
2022,"Souris, Town","1101036","Vacant",55,50,50,5,5
2022,"Souris-Glenwood, Municipality","4607052","Improved land",960,955,950,5,10
2022,"Souris-Glenwood, Municipality","4607052","Total",1135,1130,1120,5,15
2022,"Souris-Glenwood, Municipality","4607052","Vacant",175,175,170,0,5
2022,"South Algonquin, Township","3548001","Improved land",1195,1120,1095,75,100
2022,"South Algonquin, Township","3548001","Total",1490,1400,1370,90,120
2022,"South Algonquin, Township","3548001","Vacant",295,280,275,15,20
2022,"South Baptiste, Summer village","4813055","Improved land",70,0,0,0,0
2022,"South Baptiste, Summer village","4813055","Total",80,0,0,0,0
2022,"South Baptiste, Summer village","4813055","Vacant",10,0,0,0,0
2022,"South Brook, Town","1008059","Improved land",0,0,0,0,0
2022,"South Brook, Town","1008059","Total",270,265,260,5,10
2022,"South Brook, Town","1008059","Vacant",0,0,0,0,0
2022,"South Bruce Peninsula, Town","3541055","Improved land",6715,6525,6430,190,285
2022,"South Bruce Peninsula, Town","3541055","Total",8435,8175,8050,260,385
2022,"South Bruce Peninsula, Town","3541055","Vacant",1720,1650,1620,70,100
2022,"South Bruce, Municipality","3541004","Improved land",2245,2240,2230,5,15
2022,"South Bruce, Municipality","3541004","Total",2465,2455,2445,10,20
2022,"South Bruce, Municipality","3541004","Vacant",220,215,215,5,5
2022,"South Dundas, Municipality","3501020","Improved land",4245,4220,4195,25,50
2022,"South Dundas, Municipality","3501020","Total",4990,4945,4915,45,75
2022,"South Dundas, Municipality","3501020","Vacant",745,725,720,20,25
2022,"South Frontenac, Township","3510020","Improved land",10215,9695,9570,520,645
2022,"South Frontenac, Township","3510020","Total",12200,11505,11340,695,860
2022,"South Frontenac, Township","3510020","Vacant",1985,1810,1770,175,215
2022,"South Glengarry, Township","3501005","Improved land",5565,5515,5480,50,85
2022,"South Glengarry, Township","3501005","Total",6690,6615,6565,75,125
2022,"South Glengarry, Township","3501005","Vacant",1125,1100,1085,25,40
2022,"South Huron, Municipality","3540005","Improved land",3270,3245,3235,25,35
2022,"South Huron, Municipality","3540005","Total",3495,3470,3455,25,40
2022,"South Huron, Municipality","3540005","Vacant",225,220,220,0,5
2022,"South Lake, Resort village","4707051","Improved land",110,0,0,0,0
2022,"South Lake, Resort village","4707051","Total",250,0,0,0,0
2022,"South Lake, Resort village","4707051","Vacant",140,0,0,0,0
2022,"South Qu'Appelle No. 157, Rural municipality","4706034","Improved land",545,0,0,0,0
2022,"South Qu'Appelle No. 157, Rural municipality","4706034","Total",705,0,0,0,0
2022,"South Qu'Appelle No. 157, Rural municipality","4706034","Vacant",160,0,0,0,0
2022,"South River, Town","1001434","Improved land",0,0,0,0,0
2022,"South River, Town","1001434","Total",510,490,480,20,30
2022,"South River, Town","1001434","Vacant",0,0,0,0,0
2022,"South River, Village","3549056","Improved land",450,440,430,10,20
2022,"South River, Village","3549056","Total",585,575,565,10,20
2022,"South River, Village","3549056","Vacant",135,135,135,0,0
2022,"South Stormont, Township","3501011","Improved land",5280,5240,5215,40,65
2022,"South Stormont, Township","3501011","Total",6800,6735,6700,65,100
2022,"South Stormont, Township","3501011","Vacant",1520,1495,1485,25,35
2022,"South View, Summer village","4813015","Improved land",90,0,0,0,0
2022,"South View, Summer village","4813015","Total",115,0,0,0,0
2022,"South View, Summer village","4813015","Vacant",25,0,0,0,0
2022,"South-West Oxford, Township","3532012","Improved land",2525,2515,2500,10,25
2022,"South-West Oxford, Township","3532012","Total",2610,2595,2580,15,30
2022,"South-West Oxford, Township","3532012","Vacant",85,80,80,5,5
2022,"Southampton, Parish","1310024","Improved land",790,770,755,20,35
2022,"Southampton, Parish","1310024","Total",1085,1055,1030,30,55
2022,"Southampton, Parish","1310024","Vacant",295,285,275,10,20
2022,"Southern Gulf Islands, Regional district electoral area","5917029","Improved land",4910,4675,4555,235,355
2022,"Southern Gulf Islands, Regional district electoral area","5917029","Total",5990,5675,5505,315,485
2022,"Southern Gulf Islands, Regional district electoral area","5917029","Vacant",1080,1000,950,80,130
2022,"Southern Harbour, Town","1001267","Improved land",0,0,0,0,0
2022,"Southern Harbour, Town","1001267","Total",235,230,225,5,10
2022,"Southern Harbour, Town","1001267","Vacant",0,0,0,0,0
2022,"Southesk, Parish","1309026","Improved land",880,835,820,40,60
2022,"Southesk, Parish","1309026","Total",1220,1155,1125,65,95
2022,"Southesk, Parish","1309026","Vacant",340,315,305,25,35
2022,"Southey, Town","4706092","Improved land",335,0,0,0,0
2022,"Southey, Town","4706092","Total",370,0,0,0,0
2022,"Southey, Town","4706092","Vacant",35,0,0,0,0
2022,"Southgate, Township","3542005","Improved land",3150,3120,3080,30,80
2022,"Southgate, Township","3542005","Total",3800,3745,3695,55,105
2022,"Southgate, Township","3542005","Vacant",650,625,615,25,35
2022,"Southwest Middlesex, Municipality","3539005","Improved land",2325,2305,2295,20,30
2022,"Southwest Middlesex, Municipality","3539005","Total",2550,2525,2515,25,35
2022,"Southwest Middlesex, Municipality","3539005","Vacant",225,220,220,5,5
2022,"Southwold, Township","3534024","Improved land",1745,1735,1725,10,20
2022,"Southwold, Township","3534024","Total",2070,2060,2050,10,20
2022,"Southwold, Township","3534024","Vacant",325,325,325,0,0
2022,"Spalding No. 368, Rural municipality","4714026","Improved land",90,0,0,0,0
2022,"Spalding No. 368, Rural municipality","4714026","Total",250,0,0,0,0
2022,"Spalding No. 368, Rural municipality","4714026","Vacant",160,0,0,0,0
2022,"Spalding, Village","4714028","Improved land",125,0,0,0,0
2022,"Spalding, Village","4714028","Total",195,0,0,0,0
2022,"Spalding, Village","4714028","Vacant",70,0,0,0,0
2022,"Spallumcheen, District municipality","5937024","Improved land",1050,1030,1015,15,25
2022,"Spallumcheen, District municipality","5937024","Total",1140,1120,1105,20,35
2022,"Spallumcheen, District municipality","5937024","Vacant",100,95,90,5,10
2022,"Spaniard's Bay, Town","1001396","Improved land",0,0,0,0,0
2022,"Spaniard's Bay, Town","1001396","Total",1620,1570,1545,50,75
2022,"Spaniard's Bay, Town","1001396","Vacant",0,0,0,0,0
2022,"Spanish, Town","3557039","Improved land",395,390,385,5,10
2022,"Spanish, Town","3557039","Total",635,620,610,15,25
2022,"Spanish, Town","3557039","Vacant",240,230,225,10,15
2022,"Sparwood, District municipality","5901006","Improved land",1530,1500,1480,30,50
2022,"Sparwood, District municipality","5901006","Total",1675,1645,1625,30,50
2022,"Sparwood, District municipality","5901006","Vacant",145,145,145,0,0
2022,"Special Area No. 2, Special area","4804004","Improved land",825,0,0,0,0
2022,"Special Area No. 2, Special area","4804004","Total",1145,0,0,0,0
2022,"Special Area No. 2, Special area","4804004","Vacant",320,0,0,0,0
2022,"Special Area No. 3, Special area","4804012","Improved land",430,0,0,0,0
2022,"Special Area No. 3, Special area","4804012","Total",590,0,0,0,0
2022,"Special Area No. 3, Special area","4804012","Vacant",160,0,0,0,0
2022,"Special Area No. 4, Special area","4804020","Improved land",465,0,0,0,0
2022,"Special Area No. 4, Special area","4804020","Total",565,0,0,0,0
2022,"Special Area No. 4, Special area","4804020","Vacant",100,0,0,0,0
2022,"Speers, Village","4716024","Improved land",45,0,0,0,0
2022,"Speers, Village","4716024","Total",95,0,0,0,0
2022,"Speers, Village","4716024","Vacant",50,0,0,0,0
2022,"Spiritwood No. 496, Rural municipality","4716056","Improved land",575,0,0,0,0
2022,"Spiritwood No. 496, Rural municipality","4716056","Total",740,0,0,0,0
2022,"Spiritwood No. 496, Rural municipality","4716056","Vacant",165,0,0,0,0
2022,"Spiritwood, Town","4716058","Improved land",380,0,0,0,0
2022,"Spiritwood, Town","4716058","Total",415,0,0,0,0
2022,"Spiritwood, Town","4716058","Vacant",35,0,0,0,0
2022,"Spring Lake, Village","4811046","Improved land",330,0,0,0,0
2022,"Spring Lake, Village","4811046","Total",365,0,0,0,0
2022,"Spring Lake, Village","4811046","Vacant",35,0,0,0,0
2022,"Springdale, Town","1008061","Improved land",0,0,0,0,0
2022,"Springdale, Town","1008061","Total",1240,1235,1215,15,25
2022,"Springdale, Town","1008061","Vacant",0,0,0,0,0
2022,"Springfield, Parish","1305034","Improved land",895,875,850,20,40
2022,"Springfield, Parish","1305034","Total",1270,1240,1205,30,65
2022,"Springfield, Parish","1305034","Vacant",375,365,355,10,20
2022,"Springfield, Rural municipality","4612047","Improved land",5800,5715,5635,85,165
2022,"Springfield, Rural municipality","4612047","Total",6230,6135,6050,95,180
2022,"Springfield, Rural municipality","4612047","Vacant",430,420,415,10,15
2022,"Springside, Town","4709016","Improved land",240,0,0,0,0
2022,"Springside, Town","4709016","Total",260,0,0,0,0
2022,"Springside, Town","4709016","Vacant",20,0,0,0,0
2022,"Springwater, Township","3543009","Improved land",7525,7470,7425,55,95
2022,"Springwater, Township","3543009","Total",8815,8745,8690,70,125
2022,"Springwater, Township","3543009","Vacant",1290,1275,1265,15,25
2022,"Spruce Grove, City","4811049","Improved land",13285,0,0,0,0
2022,"Spruce Grove, City","4811049","Total",14260,0,0,0,0
2022,"Spruce Grove, City","4811049","Vacant",975,0,0,0,0
2022,"Spy Hill No. 152, Rural municipality","4705041","Improved land",165,0,0,0,0
2022,"Spy Hill No. 152, Rural municipality","4705041","Total",195,0,0,0,0
2022,"Spy Hill No. 152, Rural municipality","4705041","Vacant",30,0,0,0,0
2022,"Spy Hill, Village","4705043","Improved land",100,0,0,0,0
2022,"Spy Hill, Village","4705043","Total",135,0,0,0,0
2022,"Spy Hill, Village","4705043","Vacant",35,0,0,0,0
2022,"Squamish, Census agglomeration (CA)","934","Improved land",8180,7935,7770,245,410
2022,"Squamish, Census agglomeration (CA)","934","Total",9075,8820,8645,255,430
2022,"Squamish, Census agglomeration (CA)","934","Vacant",895,885,875,10,20
2022,"Squamish, District municipality","5931006","Improved land",8180,7935,7770,245,410
2022,"Squamish, District municipality","5931006","Total",9075,8820,8645,255,430
2022,"Squamish, District municipality","5931006","Vacant",895,885,875,10,20
2022,"Squamish-Lillooet A, Regional district electoral area","5931032","Improved land",490,460,435,30,55
2022,"Squamish-Lillooet A, Regional district electoral area","5931032","Total",785,740,705,45,80
2022,"Squamish-Lillooet A, Regional district electoral area","5931032","Vacant",295,280,270,15,25
2022,"Squamish-Lillooet B, Regional district electoral area","5931034","Improved land",315,290,270,25,55
2022,"Squamish-Lillooet B, Regional district electoral area","5931034","Total",455,425,405,30,50
2022,"Squamish-Lillooet B, Regional district electoral area","5931034","Vacant",140,135,135,5,5
2022,"Squamish-Lillooet C, Regional district electoral area","5931017","Improved land",945,895,865,55,90
2022,"Squamish-Lillooet C, Regional district electoral area","5931017","Total",1195,1115,1065,80,130
2022,"Squamish-Lillooet C, Regional district electoral area","5931017","Vacant",245,220,205,25,40
2022,"Squamish-Lillooet D, Regional district electoral area","5931021","Improved land",640,590,575,45,65
2022,"Squamish-Lillooet D, Regional district electoral area","5931021","Total",830,770,740,60,90
2022,"Squamish-Lillooet D, Regional district electoral area","5931021","Vacant",190,175,165,15,25
2022,"St-Pierre-Jolys, Village","4602037","Improved land",395,390,390,10,10
2022,"St-Pierre-Jolys, Village","4602037","Total",445,435,435,10,10
2022,"St-Pierre-Jolys, Village","4602037","Vacant",45,45,45,0,0
2022,"St. Alban's, Town","1003019","Improved land",0,0,0,0,0
2022,"St. Alban's, Town","1003019","Total",675,660,650,15,25
2022,"St. Alban's, Town","1003019","Vacant",0,0,0,0,0
2022,"St. Albert, City","4811062","Improved land",24985,0,0,0,0
2022,"St. Albert, City","4811062","Total",25420,0,0,0,0
2022,"St. Albert, City","4811062","Vacant",435,0,0,0,0
2022,"St. Andrews No. 287, Rural municipality","4712004","Improved land",195,0,0,0,0
2022,"St. Andrews No. 287, Rural municipality","4712004","Total",240,0,0,0,0
2022,"St. Andrews No. 287, Rural municipality","4712004","Vacant",45,0,0,0,0
2022,"St. Andrews, Rural municipality","4613043","Improved land",4555,4500,4450,55,95
2022,"St. Andrews, Rural municipality","4613043","Total",5210,5130,5060,80,150
2022,"St. Andrews, Rural municipality","4613043","Vacant",655,630,605,25,50
2022,"St. Anthony, Town","1009029","Improved land",0,0,0,0,0
2022,"St. Anthony, Town","1009029","Total",1035,1010,1000,25,35
2022,"St. Anthony, Town","1009029","Vacant",0,0,0,0,0
2022,"St. Benedict, Village","4715046","Improved land",50,0,0,0,0
2022,"St. Benedict, Village","4715046","Total",100,0,0,0,0
2022,"St. Benedict, Village","4715046","Vacant",50,0,0,0,0
2022,"St. Bernard's-Jacques Fontaine, Town","1002041","Improved land",0,0,0,0,0
2022,"St. Bernard's-Jacques Fontaine, Town","1002041","Total",275,265,265,10,10
2022,"St. Bernard's-Jacques Fontaine, Town","1002041","Vacant",0,0,0,0,0
2022,"St. Brieux, Town","4715049","Improved land",215,0,0,0,0
2022,"St. Brieux, Town","4715049","Total",265,0,0,0,0
2022,"St. Brieux, Town","4715049","Vacant",50,0,0,0,0
2022,"St. Catharines - Niagara, Census metropolitan area (CMA)","539","Improved land",154885,152135,151005,2755,3875
2022,"St. Catharines - Niagara, Census metropolitan area (CMA)","539","Total",164465,161390,160200,3070,4265
2022,"St. Catharines - Niagara, Census metropolitan area (CMA)","539","Vacant",9580,9265,9190,315,390
2022,"St. Catharines, City","3526053","Improved land",47080,46615,46295,460,785
2022,"St. Catharines, City","3526053","Total",48065,47600,47270,465,795
2022,"St. Catharines, City","3526053","Vacant",985,980,975,5,10
2022,"St. Clair, Township","3538003","Improved land",6025,5960,5935,65,90
2022,"St. Clair, Township","3538003","Total",6785,6700,6665,85,120
2022,"St. Clair, Township","3538003","Vacant",755,735,730,20,25
2022,"St. Clements, Rural municipality","4613056","Improved land",5285,5170,5085,110,200
2022,"St. Clements, Rural municipality","4613056","Total",6425,6285,6170,140,255
2022,"St. Clements, Rural municipality","4613056","Vacant",1140,1110,1085,30,55
2022,"St. Felix, Rural municipality","1103053","Improved land",140,140,140,0,0
2022,"St. Felix, Rural municipality","1103053","Total",175,170,170,5,5
2022,"St. Felix, Rural municipality","1103053","Vacant",35,30,30,5,5
2022,"St. François Xavier, Rural municipality","4610052","Improved land",505,500,495,5,10
2022,"St. François Xavier, Rural municipality","4610052","Total",615,605,600,10,15
2022,"St. François Xavier, Rural municipality","4610052","Vacant",110,105,105,5,5
2022,"St. George's Hill, Northern hamlet","4718071","Improved land",30,0,0,0,0
2022,"St. George's Hill, Northern hamlet","4718071","Total",45,0,0,0,0
2022,"St. George's Hill, Northern hamlet","4718071","Vacant",15,0,0,0,0
2022,"St. George's, Town","1004013","Improved land",0,0,0,0,0
2022,"St. George's, Town","1004013","Total",750,720,710,30,40
2022,"St. George's, Town","1004013","Vacant",0,0,0,0,0
2022,"St. George, Town","1302018","Improved land",530,520,510,10,25
2022,"St. George, Town","1302018","Total",685,670,655,15,30
2022,"St. George, Town","1302018","Vacant",150,145,145,5,5
2022,"St. Gregor, Village","4715003","Improved land",50,0,0,0,0
2022,"St. Gregor, Village","4715003","Total",90,0,0,0,0
2022,"St. Gregor, Village","4715003","Vacant",40,0,0,0,0
2022,"St. Jacques-Coomb's Cove, Town","1003003","Improved land",0,0,0,0,0
2022,"St. Jacques-Coomb's Cove, Town","1003003","Total",390,380,375,10,15
2022,"St. Jacques-Coomb's Cove, Town","1003003","Vacant",0,0,0,0,0
2022,"St. John's, Census metropolitan area (CMA)","2021S05031","Improved land",0,0,0,0,0
2022,"St. John's, Census metropolitan area (CMA)","2021S05031","Total",87405,84860,82310,2545,5095
2022,"St. John's, Census metropolitan area (CMA)","2021S05031","Vacant",0,0,0,0,0
2022,"St. John's, City","1001519","Improved land",40750,39320,38030,1430,2720
2022,"St. John's, City","1001519","Total",42590,41090,39755,1500,2835
2022,"St. John's, City","1001519","Vacant",1835,1765,1725,70,110
2022,"St. Joseph, Township","3557008","Improved land",940,830,820,110,120
2022,"St. Joseph, Township","3557008","Total",1310,1155,1135,155,175
2022,"St. Joseph, Township","3557008","Vacant",370,325,315,45,55
2022,"St. Laurent, Rural municipality","4618040","Improved land",1200,1150,1120,45,65
2022,"St. Laurent, Rural municipality","4618040","Total",1955,1880,1830,75,120
2022,"St. Laurent, Rural municipality","4618040","Vacant",765,730,710,35,55
2022,"St. Lawrence, Town","1002008","Improved land",0,0,0,0,0
2022,"St. Lawrence, Town","1002008","Total",695,680,675,15,20
2022,"St. Lawrence, Town","1002008","Vacant",0,0,0,0,0
2022,"St. Lewis, Town","1010010","Improved land",0,0,0,0,0
2022,"St. Lewis, Town","1010010","Total",110,100,100,10,10
2022,"St. Lewis, Town","1010010","Vacant",0,0,0,0,0
2022,"St. Louis No. 431, Rural municipality","4715057","Improved land",470,0,0,0,0
2022,"St. Louis No. 431, Rural municipality","4715057","Total",560,0,0,0,0
2022,"St. Louis No. 431, Rural municipality","4715057","Vacant",90,0,0,0,0
2022,"St. Louis, Rural municipality","1103057","Improved land",35,35,30,0,0
2022,"St. Louis, Rural municipality","1103057","Total",35,35,35,0,0
2022,"St. Louis, Rural municipality","1103057","Vacant",0,0,0,0,0
2022,"St. Louis, Village","4715059","Improved land",155,0,0,0,0
2022,"St. Louis, Village","4715059","Total",325,0,0,0,0
2022,"St. Louis, Village","4715059","Vacant",170,0,0,0,0
2022,"St. Lunaire-Griquet, Town","1009032","Improved land",0,0,0,0,0
2022,"St. Lunaire-Griquet, Town","1009032","Total",345,340,335,5,10
2022,"St. Lunaire-Griquet, Town","1009032","Vacant",0,0,0,0,0
2022,"St. Martins, Village","1301002","Improved land",175,165,160,10,15
2022,"St. Martins, Village","1301002","Total",220,210,205,10,15
2022,"St. Martins, Village","1301002","Vacant",45,45,45,0,0
2022,"St. Mary's, Municipal district","1213001","Improved land",1730,1610,1550,120,180
2022,"St. Mary's, Municipal district","1213001","Total",2745,2470,2370,275,375
2022,"St. Mary's, Municipal district","1213001","Vacant",1015,860,820,155,195
2022,"St. Mary's, Town","1001178","Improved land",0,0,0,0,0
2022,"St. Mary's, Town","1001178","Total",405,390,385,15,20
2022,"St. Mary's, Town","1001178","Vacant",0,0,0,0,0
2022,"St. Marys, Town","3531016","Improved land",2710,2690,2675,20,35
2022,"St. Marys, Town","3531016","Total",2880,2860,2845,20,35
2022,"St. Marys, Town","3531016","Vacant",170,170,170,0,0
2022,"St. Nicholas, Rural municipality","1103022","Improved land",110,105,105,5,5
2022,"St. Nicholas, Rural municipality","1103022","Total",140,130,130,10,10
2022,"St. Nicholas, Rural municipality","1103022","Vacant",30,25,25,5,5
2022,"St. Paul County No. 19, Municipal district","4812014","Improved land",3690,0,0,0,0
2022,"St. Paul County No. 19, Municipal district","4812014","Total",4945,0,0,0,0
2022,"St. Paul County No. 19, Municipal district","4812014","Vacant",1260,0,0,0,0
2022,"St. Paul, Town","4812018","Improved land",1935,0,0,0,0
2022,"St. Paul, Town","4812018","Total",2035,0,0,0,0
2022,"St. Paul, Town","4812018","Vacant",100,0,0,0,0
2022,"St. Pauls, Town","1009020","Improved land",0,0,0,0,0
2022,"St. Pauls, Town","1009020","Total",195,190,190,5,5
2022,"St. Pauls, Town","1009020","Vacant",0,0,0,0,0
2022,"St. Peter No. 369, Rural municipality","4715001","Improved land",275,0,0,0,0
2022,"St. Peter No. 369, Rural municipality","4715001","Total",295,0,0,0,0
2022,"St. Peter No. 369, Rural municipality","4715001","Vacant",15,0,0,0,0
2022,"St. Peters Bay, Rural municipality","1101044","Improved land",130,120,115,5,10
2022,"St. Peters Bay, Rural municipality","1101044","Total",135,130,125,5,10
2022,"St. Peters Bay, Rural municipality","1101044","Vacant",10,10,10,0,0
2022,"St. Peters, Fire district","1101037","Improved land",465,435,420,30,45
2022,"St. Peters, Fire district","1101037","Total",560,515,495,45,65
2022,"St. Peters, Fire district","1101037","Vacant",95,80,75,15,20
2022,"St. Philips No. 301, Rural municipality","4709042","Improved land",25,0,0,0,0
2022,"St. Philips No. 301, Rural municipality","4709042","Total",140,0,0,0,0
2022,"St. Philips No. 301, Rural municipality","4709042","Vacant",115,0,0,0,0
2022,"St. Stephen, Town","1302037","Improved land",1595,1565,1530,30,60
2022,"St. Stephen, Town","1302037","Total",1800,1755,1720,45,80
2022,"St. Stephen, Town","1302037","Vacant",205,190,185,15,20
2022,"St. Thomas, City","3534021","Improved land",14390,14305,14250,85,140
2022,"St. Thomas, City","3534021","Total",15005,14915,14860,90,145
2022,"St. Thomas, City","3534021","Vacant",615,610,610,5,5
2022,"St. Walburg, Town","4717036","Improved land",315,0,0,0,0
2022,"St. Walburg, Town","4717036","Total",415,0,0,0,0
2022,"St. Walburg, Town","4717036","Vacant",100,0,0,0,0
2022,"St.-Charles, Municipality","3552004","Improved land",840,820,815,20,25
2022,"St.-Charles, Municipality","3552004","Total",1120,1090,1085,30,35
2022,"St.-Charles, Municipality","3552004","Vacant",280,270,270,10,10
2022,"Standard, Village","4805021","Improved land",155,0,0,0,0
2022,"Standard, Village","4805021","Total",180,0,0,0,0
2022,"Standard, Village","4805021","Vacant",25,0,0,0,0
2022,"Stanley Bridge, Hope River, Bayview, Cavendish and North Rustico, Resort municipality","1102045","Improved land",370,355,330,20,35
2022,"Stanley Bridge, Hope River, Bayview, Cavendish and North Rustico, Resort municipality","1102045","Total",415,390,370,25,40
2022,"Stanley Bridge, Hope River, Bayview, Cavendish and North Rustico, Resort municipality","1102045","Vacant",45,40,40,5,5
2022,"Stanley No. 215, Rural municipality","4705067","Improved land",145,0,0,0,0
2022,"Stanley No. 215, Rural municipality","4705067","Total",280,0,0,0,0
2022,"Stanley No. 215, Rural municipality","4705067","Vacant",135,0,0,0,0
2022,"Stanley, Parish","1310036","Improved land",475,465,445,10,30
2022,"Stanley, Parish","1310036","Total",655,625,600,30,55
2022,"Stanley, Parish","1310036","Vacant",180,160,155,20,25
2022,"Stanley, Rural municipality","4603047","Improved land",2290,2270,2220,20,70
2022,"Stanley, Rural municipality","4603047","Total",2400,2380,2330,20,70
2022,"Stanley, Rural municipality","4603047","Vacant",110,110,110,0,0
2022,"Stanley, Village","1310037","Improved land",180,175,175,5,5
2022,"Stanley, Village","1310037","Total",250,240,235,10,15
2022,"Stanley, Village","1310037","Vacant",70,65,60,5,10
2022,"Star City No. 428, Rural municipality","4714047","Improved land",330,0,0,0,0
2022,"Star City No. 428, Rural municipality","4714047","Total",365,0,0,0,0
2022,"Star City No. 428, Rural municipality","4714047","Vacant",35,0,0,0,0
2022,"Star City, Town","4714049","Improved land",190,0,0,0,0
2022,"Star City, Town","4714049","Total",270,0,0,0,0
2022,"Star City, Town","4714049","Vacant",80,0,0,0,0
2022,"Starland County, Municipal district","4805031","Improved land",660,0,0,0,0
2022,"Starland County, Municipal district","4805031","Total",810,0,0,0,0
2022,"Starland County, Municipal district","4805031","Vacant",145,0,0,0,0
2022,"Stavely, Town","4803024","Improved land",285,0,0,0,0
2022,"Stavely, Town","4803024","Total",345,0,0,0,0
2022,"Stavely, Town","4803024","Vacant",60,0,0,0,0
2022,"Ste. Anne, Rural municipality","4602057","Improved land",1790,1755,1715,35,75
2022,"Ste. Anne, Rural municipality","4602057","Total",2075,2035,1990,40,85
2022,"Ste. Anne, Rural municipality","4602057","Vacant",285,280,275,5,10
2022,"Ste. Anne, Town","4602061","Improved land",710,705,695,5,15
2022,"Ste. Anne, Town","4602061","Total",790,775,765,5,15
2022,"Ste. Anne, Town","4602061","Vacant",80,80,80,0,0
2022,"Ste. Rose, Municipality","4617041","Improved land",670,655,655,15,25
2022,"Ste. Rose, Municipality","4617041","Total",785,765,765,20,25
2022,"Ste. Rose, Municipality","4617041","Vacant",115,110,110,5,5
2022,"Steady Brook, Town","1005011","Improved land",0,0,0,0,0
2022,"Steady Brook, Town","1005011","Total",235,230,230,5,10
2022,"Steady Brook, Town","1005011","Vacant",0,0,0,0,0
2022,"Steinbach, Census agglomeration (CA)","605","Improved land",5195,5155,5130,40,65
2022,"Steinbach, Census agglomeration (CA)","605","Total",5425,5390,5355,35,70
2022,"Steinbach, Census agglomeration (CA)","605","Vacant",230,230,225,0,5
2022,"Steinbach, City","4602044","Improved land",5195,5155,5130,40,65
2022,"Steinbach, City","4602044","Total",5425,5390,5355,35,70
2022,"Steinbach, City","4602044","Vacant",230,230,225,0,5
2022,"Stellarton, Town","1212009","Improved land",1535,1510,1485,20,45
2022,"Stellarton, Town","1212009","Total",1700,1670,1645,30,55
2022,"Stellarton, Town","1212009","Vacant",165,160,160,5,5
2022,"Stenen, Village","4709069","Improved land",60,0,0,0,0
2022,"Stenen, Village","4709069","Total",130,0,0,0,0
2022,"Stenen, Village","4709069","Vacant",70,0,0,0,0
2022,"Stephenville Crossing, Town","1004018","Improved land",0,0,0,0,0
2022,"Stephenville Crossing, Town","1004018","Total",840,815,810,25,30
2022,"Stephenville Crossing, Town","1004018","Vacant",0,0,0,0,0
2022,"Stephenville, Town","1004019","Improved land",0,0,0,0,0
2022,"Stephenville, Town","1004019","Total",2485,2415,2365,70,120
2022,"Stephenville, Town","1004019","Vacant",0,0,0,0,0
2022,"Stettler County No. 6, Municipal district","4807019","Improved land",2285,0,0,0,0
2022,"Stettler County No. 6, Municipal district","4807019","Total",2785,0,0,0,0
2022,"Stettler County No. 6, Municipal district","4807019","Vacant",500,0,0,0,0
2022,"Stettler, Town","4807026","Improved land",2240,0,0,0,0
2022,"Stettler, Town","4807026","Total",2355,0,0,0,0
2022,"Stettler, Town","4807026","Vacant",115,0,0,0,0
2022,"Stewart Crossing, Settlement","6001050","Improved land",10,0,0,0,0
2022,"Stewart Crossing, Settlement","6001050","Total",10,0,0,0,0
2022,"Stewart Crossing, Settlement","6001050","Vacant",0,0,0,0,0
2022,"Stewart Valley, Village","4708039","Improved land",55,0,0,0,0
2022,"Stewart Valley, Village","4708039","Total",70,0,0,0,0
2022,"Stewart Valley, Village","4708039","Vacant",15,0,0,0,0
2022,"Stewart, District municipality","5949032","Improved land",310,300,290,10,20
2022,"Stewart, District municipality","5949032","Total",685,660,640,25,45
2022,"Stewart, District municipality","5949032","Vacant",375,360,350,15,25
2022,"Stewiacke, Town","1210002","Improved land",600,590,580,10,20
2022,"Stewiacke, Town","1210002","Total",735,725,715,10,20
2022,"Stewiacke, Town","1210002","Vacant",135,135,135,0,0
2022,"Stikine Region, Regional district electoral area","5957022","Improved land",450,395,380,55,70
2022,"Stikine Region, Regional district electoral area","5957022","Total",935,835,815,100,120
2022,"Stikine Region, Regional district electoral area","5957022","Vacant",485,440,435,45,50
2022,"Stirling, Village","4802009","Improved land",380,0,0,0,0
2022,"Stirling, Village","4802009","Total",425,0,0,0,0
2022,"Stirling, Village","4802009","Vacant",50,0,0,0,0
2022,"Stirling-Rawdon, Township","3512020","Improved land",1935,1915,1905,20,30
2022,"Stirling-Rawdon, Township","3512020","Total",2335,2310,2295,25,40
2022,"Stirling-Rawdon, Township","3512020","Vacant",400,395,390,5,10
2022,"Stockholm, Village","4705056","Improved land",175,0,0,0,0
2022,"Stockholm, Village","4705056","Total",220,0,0,0,0
2022,"Stockholm, Village","4705056","Vacant",45,0,0,0,0
2022,"Stone Mills, Township","3511030","Improved land",3565,3520,3480,45,85
2022,"Stone Mills, Township","3511030","Total",4345,4270,4205,75,140
2022,"Stone Mills, Township","3511030","Vacant",780,750,725,30,55
2022,"Stonehenge No. 73, Rural municipality","4703038","Improved land",110,0,0,0,0
2022,"Stonehenge No. 73, Rural municipality","4703038","Total",255,0,0,0,0
2022,"Stonehenge No. 73, Rural municipality","4703038","Vacant",145,0,0,0,0
2022,"Stonewall, Town","4614039","Improved land",1775,1770,1760,5,15
2022,"Stonewall, Town","4614039","Total",1970,1960,1955,5,15
2022,"Stonewall, Town","4614039","Vacant",195,195,195,0,0
2022,"Stony Plain, Town","4811048","Improved land",6550,0,0,0,0
2022,"Stony Plain, Town","4811048","Total",6920,0,0,0,0
2022,"Stony Plain, Town","4811048","Vacant",365,0,0,0,0
2022,"Stony Rapids, Northern hamlet","4718100","Improved land",90,0,0,0,0
2022,"Stony Rapids, Northern hamlet","4718100","Total",190,0,0,0,0
2022,"Stony Rapids, Northern hamlet","4718100","Vacant",100,0,0,0,0
2022,"Storthoaks No. 31, Rural municipality","4701043","Improved land",120,0,0,0,0
2022,"Storthoaks No. 31, Rural municipality","4701043","Total",155,0,0,0,0
2022,"Storthoaks No. 31, Rural municipality","4701043","Vacant",35,0,0,0,0
2022,"Storthoaks, Village","4701044","Improved land",50,0,0,0,0
2022,"Storthoaks, Village","4701044","Total",90,0,0,0,0
2022,"Storthoaks, Village","4701044","Vacant",40,0,0,0,0
2022,"Stoughton, Town","4701066","Improved land",315,0,0,0,0
2022,"Stoughton, Town","4701066","Total",355,0,0,0,0
2022,"Stoughton, Town","4701066","Vacant",40,0,0,0,0
2022,"Strasbourg, Town","4706074","Improved land",365,0,0,0,0
2022,"Strasbourg, Town","4706074","Total",395,0,0,0,0
2022,"Strasbourg, Town","4706074","Vacant",30,0,0,0,0
2022,"Stratford, Census agglomeration (CA)","553","Improved land",11550,11415,11335,135,215
2022,"Stratford, Census agglomeration (CA)","553","Total",11780,11645,11565,135,215
2022,"Stratford, Census agglomeration (CA)","553","Vacant",230,230,230,0,0
2022,"Stratford, City","3531011","Improved land",11550,11415,11335,135,215
2022,"Stratford, City","3531011","Total",11780,11645,11565,135,215
2022,"Stratford, City","3531011","Vacant",230,230,230,0,0
2022,"Stratford, Town","1102080","Improved land",3765,3640,3540,110,210
2022,"Stratford, Town","1102080","Total",3855,3725,3625,115,215
2022,"Stratford, Town","1102080","Vacant",90,85,80,5,10
2022,"Strathcona A, Regional district electoral area","5924048","Improved land",400,385,375,15,25
2022,"Strathcona A, Regional district electoral area","5924048","Total",660,635,620,25,40
2022,"Strathcona A, Regional district electoral area","5924048","Vacant",260,250,245,10,15
2022,"Strathcona B, Regional district electoral area","5924052","Improved land",650,575,550,75,100
2022,"Strathcona B, Regional district electoral area","5924052","Total",785,685,655,100,130
2022,"Strathcona B, Regional district electoral area","5924052","Vacant",135,110,105,25,30
2022,"Strathcona C, Regional district electoral area","5924054","Improved land",1430,1335,1295,95,145
2022,"Strathcona C, Regional district electoral area","5924054","Total",1870,1740,1685,130,185
2022,"Strathcona C, Regional district electoral area","5924054","Vacant",440,405,400,35,40
2022,"Strathcona County, Specialized municipality","4811052","Improved land",35435,0,0,0,0
2022,"Strathcona County, Specialized municipality","4811052","Total",36230,0,0,0,0
2022,"Strathcona County, Specialized municipality","4811052","Vacant",805,0,0,0,0
2022,"Strathcona D (Oyster Bay - Buttle Lake), Regional district electoral area","5924042","Improved land",1690,1660,1645,30,45
2022,"Strathcona D (Oyster Bay - Buttle Lake), Regional district electoral area","5924042","Total",1840,1805,1785,35,55
2022,"Strathcona D (Oyster Bay - Buttle Lake), Regional district electoral area","5924042","Vacant",150,145,140,5,10
2022,"Strathmore, Census agglomeration (CA)","826","Improved land",5175,0,0,0,0
2022,"Strathmore, Census agglomeration (CA)","826","Total",5365,0,0,0,0
2022,"Strathmore, Census agglomeration (CA)","826","Vacant",190,0,0,0,0
2022,"Strathmore, Town","4805018","Improved land",5175,0,0,0,0
2022,"Strathmore, Town","4805018","Total",5365,0,0,0,0
2022,"Strathmore, Town","4805018","Vacant",190,0,0,0,0
2022,"Strathroy-Caradoc, Municipality","3539015","Improved land",8115,8075,8040,35,75
2022,"Strathroy-Caradoc, Municipality","3539015","Total",8750,8710,8670,40,80
2022,"Strathroy-Caradoc, Municipality","3539015","Vacant",640,635,630,5,10
2022,"Strong, Township","3549046","Improved land",955,940,925,15,30
2022,"Strong, Township","3549046","Total",1535,1500,1460,35,75
2022,"Strong, Township","3549046","Vacant",580,560,535,20,45
2022,"Strongfield, Village","4711022","Improved land",30,0,0,0,0
2022,"Strongfield, Village","4711022","Total",80,0,0,0,0
2022,"Strongfield, Village","4711022","Vacant",50,0,0,0,0
2022,"Stuartburn, Rural municipality","4601035","Improved land",805,775,760,30,45
2022,"Stuartburn, Rural municipality","4601035","Total",995,955,935,40,55
2022,"Stuartburn, Rural municipality","4601035","Vacant",190,180,175,10,15
2022,"Studholm, Parish","1305031","Improved land",1505,1480,1455,25,55
2022,"Studholm, Parish","1305031","Total",1955,1910,1865,45,90
2022,"Studholm, Parish","1305031","Vacant",445,425,410,20,35
2022,"Sturgeon County, Municipal district","4811059","Improved land",6990,0,0,0,0
2022,"Sturgeon County, Municipal district","4811059","Total",7560,0,0,0,0
2022,"Sturgeon County, Municipal district","4811059","Vacant",570,0,0,0,0
2022,"Sturgis, Town","4709066","Improved land",315,0,0,0,0
2022,"Sturgis, Town","4709066","Total",395,0,0,0,0
2022,"Sturgis, Town","4709066","Vacant",80,0,0,0,0
2022,"Success, Village","4708036","Improved land",25,0,0,0,0
2022,"Success, Village","4708036","Total",45,0,0,0,0
2022,"Success, Village","4708036","Vacant",20,0,0,0,0
2022,"Sudbury, Unorganized, North Part, Unorganized","3552093","Improved land",4705,4390,4270,320,430
2022,"Sudbury, Unorganized, North Part, Unorganized","3552093","Total",6615,6210,6070,415,545
2022,"Sudbury, Unorganized, North Part, Unorganized","3552093","Vacant",1915,1820,1800,95,115
2022,"Summerford, Town","1008033","Improved land",0,0,0,0,0
2022,"Summerford, Town","1008033","Total",485,480,470,5,15
2022,"Summerford, Town","1008033","Vacant",0,0,0,0,0
2022,"Summerland, District municipality","5907035","Improved land",4560,4520,4430,50,130
2022,"Summerland, District municipality","5907035","Total",4790,4735,4650,55,140
2022,"Summerland, District municipality","5907035","Vacant",230,225,220,5,10
2022,"Summerside, Census agglomeration (CA)","110","Improved land",5325,5210,5115,90,180
2022,"Summerside, Census agglomeration (CA)","110","Total",5435,5320,5220,90,190
2022,"Summerside, Census agglomeration (CA)","110","Vacant",115,110,105,5,10
2022,"Summerside, City","1103025","Improved land",4415,4325,4250,65,140
2022,"Summerside, City","1103025","Total",4465,4375,4300,65,140
2022,"Summerside, City","1103025","Vacant",50,50,50,0,0
2022,"Sun Peaks Mountain, Village","5933045","Improved land",1175,1035,1015,140,160
2022,"Sun Peaks Mountain, Village","5933045","Total",1240,1085,1065,155,175
2022,"Sun Peaks Mountain, Village","5933045","Vacant",65,50,50,15,15
2022,"Sun Valley, Resort village","4707045","Improved land",80,0,0,0,0
2022,"Sun Valley, Resort village","4707045","Total",140,0,0,0,0
2022,"Sun Valley, Resort village","4707045","Vacant",60,0,0,0,0
2022,"Sunbreaker Cove, Summer village","4808027","Improved land",245,0,0,0,0
2022,"Sunbreaker Cove, Summer village","4808027","Total",265,0,0,0,0
2022,"Sunbreaker Cove, Summer village","4808027","Vacant",20,0,0,0,0
2022,"Sundance Beach, Summer village","4811020","Improved land",125,0,0,0,0
2022,"Sundance Beach, Summer village","4811020","Total",135,0,0,0,0
2022,"Sundance Beach, Summer village","4811020","Vacant",10,0,0,0,0
2022,"Sundre, Town","4806036","Improved land",1300,0,0,0,0
2022,"Sundre, Town","4806036","Total",1410,0,0,0,0
2022,"Sundre, Town","4806036","Vacant",110,0,0,0,0
2022,"Sundridge, Village","3549048","Improved land",470,460,455,10,15
2022,"Sundridge, Village","3549048","Total",605,585,580,20,25
2022,"Sundridge, Village","3549048","Vacant",135,125,125,10,10
2022,"Sunnyside, Town","1001277","Improved land",0,0,0,0,0
2022,"Sunnyside, Town","1001277","Total",385,370,360,15,25
2022,"Sunnyside, Town","1001277","Vacant",0,0,0,0,0
2022,"Sunrise Beach, Summer village","4813017","Improved land",135,0,0,0,0
2022,"Sunrise Beach, Summer village","4813017","Total",170,0,0,0,0
2022,"Sunrise Beach, Summer village","4813017","Vacant",35,0,0,0,0
2022,"Sunset Beach, Summer village","4813047","Improved land",105,0,0,0,0
2022,"Sunset Beach, Summer village","4813047","Total",130,0,0,0,0
2022,"Sunset Beach, Summer village","4813047","Vacant",25,0,0,0,0
2022,"Sunset Cove, Resort village","4706076","Improved land",15,0,0,0,0
2022,"Sunset Cove, Resort village","4706076","Total",25,0,0,0,0
2022,"Sunset Cove, Resort village","4706076","Vacant",10,0,0,0,0
2022,"Sunset Point, Summer village","4813011","Improved land",165,0,0,0,0
2022,"Sunset Point, Summer village","4813011","Total",190,0,0,0,0
2022,"Sunset Point, Summer village","4813011","Vacant",25,0,0,0,0
2022,"Sunshine Coast A, Regional district electoral area","5929018","Improved land",2500,2380,2285,120,215
2022,"Sunshine Coast A, Regional district electoral area","5929018","Total",3210,3040,2925,170,285
2022,"Sunshine Coast A, Regional district electoral area","5929018","Vacant",710,660,640,50,70
2022,"Sunshine Coast B, Regional district electoral area","5929022","Improved land",1710,1645,1575,65,135
2022,"Sunshine Coast B, Regional district electoral area","5929022","Total",1975,1885,1810,90,175
2022,"Sunshine Coast B, Regional district electoral area","5929022","Vacant",265,240,225,25,40
2022,"Sunshine Coast D, Regional district electoral area","5929024","Improved land",1430,1395,1360,35,70
2022,"Sunshine Coast D, Regional district electoral area","5929024","Total",1515,1475,1435,40,80
2022,"Sunshine Coast D, Regional district electoral area","5929024","Vacant",85,80,75,5,10
2022,"Sunshine Coast E, Regional district electoral area","5929026","Improved land",1410,1385,1355,30,55
2022,"Sunshine Coast E, Regional district electoral area","5929026","Total",1525,1480,1450,45,75
2022,"Sunshine Coast E, Regional district electoral area","5929026","Vacant",115,100,95,15,20
2022,"Sunshine Coast F, Regional district electoral area","5929028","Improved land",1835,1750,1670,85,165
2022,"Sunshine Coast F, Regional district electoral area","5929028","Total",2350,2210,2105,140,245
2022,"Sunshine Coast F, Regional district electoral area","5929028","Vacant",515,460,435,55,80
2022,"Surprise Valley No. 9, Rural municipality","4702014","Improved land",110,0,0,0,0
2022,"Surprise Valley No. 9, Rural municipality","4702014","Total",140,0,0,0,0
2022,"Surprise Valley No. 9, Rural municipality","4702014","Vacant",30,0,0,0,0
2022,"Surrey, City","5915004","Improved land",151915,148845,146620,3065,5290
2022,"Surrey, City","5915004","Total",154440,151350,149095,3090,5345
2022,"Surrey, City","5915004","Vacant",2530,2505,2475,25,55
2022,"Sussex Corner, Village","1305023","Improved land",445,440,430,5,15
2022,"Sussex Corner, Village","1305023","Total",500,495,485,5,15
2022,"Sussex Corner, Village","1305023","Vacant",55,55,55,0,0
2022,"Sussex, Parish","1305021","Improved land",985,970,955,15,30
2022,"Sussex, Parish","1305021","Total",1385,1360,1335,25,50
2022,"Sussex, Parish","1305021","Vacant",400,390,380,10,20
2022,"Sussex, Town","1305022","Improved land",1565,1530,1515,25,45
2022,"Sussex, Town","1305022","Total",1720,1685,1660,35,60
2022,"Sussex, Town","1305022","Vacant",165,155,150,10,10
2022,"Sutton No. 103, Rural municipality","4703074","Improved land",125,0,0,0,0
2022,"Sutton No. 103, Rural municipality","4703074","Total",335,0,0,0,0
2022,"Sutton No. 103, Rural municipality","4703074","Vacant",210,0,0,0,0
2022,"Swan Hills, Town","4817024","Improved land",575,0,0,0,0
2022,"Swan Hills, Town","4817024","Total",625,0,0,0,0
2022,"Swan Hills, Town","4817024","Vacant",50,0,0,0,0
2022,"Swan River, Town","4620048","Improved land",1460,1450,1440,15,25
2022,"Swan River, Town","4620048","Total",1750,1725,1715,25,35
2022,"Swan River, Town","4620048","Vacant",285,275,275,10,10
2022,"Swan Valley West, Municipality","4620042","Improved land",1280,1260,1245,20,35
2022,"Swan Valley West, Municipality","4620042","Total",1560,1530,1510,30,50
2022,"Swan Valley West, Municipality","4620042","Vacant",280,270,265,10,15
2022,"Swift Current No. 137, Rural municipality","4708001","Improved land",645,0,0,0,0
2022,"Swift Current No. 137, Rural municipality","4708001","Total",775,0,0,0,0
2022,"Swift Current No. 137, Rural municipality","4708001","Vacant",130,0,0,0,0
2022,"Swift Current, Census agglomeration (CA)","720","Improved land",6785,0,0,0,0
2022,"Swift Current, Census agglomeration (CA)","720","Total",7325,0,0,0,0
2022,"Swift Current, Census agglomeration (CA)","720","Vacant",540,0,0,0,0
2022,"Swift Current, City","4708004","Improved land",6140,0,0,0,0
2022,"Swift Current, City","4708004","Total",6550,0,0,0,0
2022,"Swift Current, City","4708004","Vacant",410,0,0,0,0
2022,"Sylvan Lake, Census agglomeration (CA)","831","Improved land",7005,0,0,0,0
2022,"Sylvan Lake, Census agglomeration (CA)","831","Total",7490,0,0,0,0
2022,"Sylvan Lake, Census agglomeration (CA)","831","Vacant",490,0,0,0,0
2022,"Sylvan Lake, Town","4808012","Improved land",6645,0,0,0,0
2022,"Sylvan Lake, Town","4808012","Total",7100,0,0,0,0
2022,"Sylvan Lake, Town","4808012","Vacant",455,0,0,0,0
2022,"Taber, Municipal district","4802021","Improved land",2030,0,0,0,0
2022,"Taber, Municipal district","4802021","Total",2220,0,0,0,0
2022,"Taber, Municipal district","4802021","Vacant",190,0,0,0,0
2022,"Taber, Town","4802022","Improved land",3060,0,0,0,0
2022,"Taber, Town","4802022","Total",3240,0,0,0,0
2022,"Taber, Town","4802022","Vacant",175,0,0,0,0
2022,"Taché, Rural municipality","4602069","Improved land",3830,3785,3745,40,80
2022,"Taché, Rural municipality","4602069","Total",4235,4190,4135,45,100
2022,"Taché, Rural municipality","4602069","Vacant",415,410,400,5,15
2022,"Tagish, Settlement","6001036","Improved land",390,0,0,0,0
2022,"Tagish, Settlement","6001036","Total",450,0,0,0,0
2022,"Tagish, Settlement","6001036","Vacant",60,0,0,0,0
2022,"Tahsis, Village","5924030","Improved land",345,290,280,55,65
2022,"Tahsis, Village","5924030","Total",395,340,330,55,65
2022,"Tahsis, Village","5924030","Vacant",50,50,50,0,0
2022,"Taloyoak, Hamlet","6208087","Improved land",0,0,0,0,0
2022,"Taloyoak, Hamlet","6208087","Total",285,280,280,5,5
2022,"Taloyoak, Hamlet","6208087","Vacant",0,0,0,0,0
2022,"Tantallon, Village","4705042","Improved land",50,0,0,0,0
2022,"Tantallon, Village","4705042","Total",165,0,0,0,0
2022,"Tantallon, Village","4705042","Vacant",115,0,0,0,0
2022,"Tarbutt and Tarbutt Additional, Township","3557014","Improved land",400,365,360,35,40
2022,"Tarbutt and Tarbutt Additional, Township","3557014","Total",520,470,465,50,55
2022,"Tarbutt and Tarbutt Additional, Township","3557014","Vacant",120,105,105,15,15
2022,"Tay Valley, Township","3509015","Improved land",3795,3670,3600,125,195
2022,"Tay Valley, Township","3509015","Total",4930,4740,4645,190,285
2022,"Tay Valley, Township","3509015","Vacant",1135,1070,1045,65,90
2022,"Tay, Township","3543071","Improved land",5040,4980,4935,60,105
2022,"Tay, Township","3543071","Total",6195,6105,6040,90,160
2022,"Tay, Township","3543071","Vacant",1155,1125,1105,30,50
2022,"Taylor, District municipality","5955030","Improved land",560,540,535,20,25
2022,"Taylor, District municipality","5955030","Total",690,665,660,25,30
2022,"Taylor, District municipality","5955030","Vacant",130,125,125,5,5
2022,"Tecumseh No. 65, Rural municipality","4701063","Improved land",135,0,0,0,0
2022,"Tecumseh No. 65, Rural municipality","4701063","Total",140,0,0,0,0
2022,"Tecumseh No. 65, Rural municipality","4701063","Vacant",5,0,0,0,0
2022,"Tecumseh, Town","3537048","Improved land",8585,8510,8455,70,125
2022,"Tecumseh, Town","3537048","Total",8735,8665,8605,70,130
2022,"Tecumseh, Town","3537048","Vacant",150,150,150,0,0
2022,"Tehkummah, Township","3551001","Improved land",370,340,335,30,35
2022,"Tehkummah, Township","3551001","Total",700,655,650,45,50
2022,"Tehkummah, Township","3551001","Vacant",330,315,315,15,15
2022,"Telkwa, Village","5951038","Improved land",530,520,510,10,20
2022,"Telkwa, Village","5951038","Total",600,590,580,10,20
2022,"Telkwa, Village","5951038","Vacant",70,70,70,0,0
2022,"Temagami, Municipality","3548069","Improved land",1310,1085,1045,225,265
2022,"Temagami, Municipality","3548069","Total",1675,1440,1395,235,280
2022,"Temagami, Municipality","3548069","Vacant",365,355,350,10,15
2022,"Temiskaming Shores, City","3554020","Improved land",3915,3865,3845,45,70
2022,"Temiskaming Shores, City","3554020","Total",4985,4905,4875,80,110
2022,"Temiskaming Shores, City","3554020","Vacant",1075,1040,1030,30,40
2022,"Terra Nova, Town","1007040","Improved land",0,0,0,0,0
2022,"Terra Nova, Town","1007040","Total",240,225,220,5,15
2022,"Terra Nova, Town","1007040","Vacant",0,0,0,0,0
2022,"Terrace Bay, Township","3558054","Improved land",725,710,705,15,20
2022,"Terrace Bay, Township","3558054","Total",900,885,880,15,20
2022,"Terrace Bay, Township","3558054","Vacant",175,175,175,0,0
2022,"Terrace, Census agglomeration (CA)","965","Improved land",6550,6440,6335,110,215
2022,"Terrace, Census agglomeration (CA)","965","Total",7730,7575,7390,155,340
2022,"Terrace, Census agglomeration (CA)","965","Vacant",1180,1135,1050,45,130
2022,"Terrace, City","5949011","Improved land",3995,3950,3900,50,105
2022,"Terrace, City","5949011","Total",4280,4220,4170,60,110
2022,"Terrace, City","5949011","Vacant",280,270,270,10,10
2022,"Terrell No. 101, Rural municipality","4703096","Improved land",45,0,0,0,0
2022,"Terrell No. 101, Rural municipality","4703096","Total",220,0,0,0,0
2022,"Terrell No. 101, Rural municipality","4703096","Vacant",175,0,0,0,0
2022,"Terrenceville, Town","1002036","Improved land",0,0,0,0,0
2022,"Terrenceville, Town","1002036","Total",265,260,260,5,5
2022,"Terrenceville, Town","1002036","Vacant",0,0,0,0,0
2022,"Teslin Post 13, Self-government","6001007","Improved land",30,0,0,0,0
2022,"Teslin Post 13, Self-government","6001007","Total",90,0,0,0,0
2022,"Teslin Post 13, Self-government","6001007","Vacant",60,0,0,0,0
2022,"Teslin, Village","6001006","Improved land",100,0,0,0,0
2022,"Teslin, Village","6001006","Total",185,0,0,0,0
2022,"Teslin, Village","6001006","Vacant",85,0,0,0,0
2022,"Tessier, Village","4712031","Improved land",30,0,0,0,0
2022,"Tessier, Village","4712031","Total",75,0,0,0,0
2022,"Tessier, Village","4712031","Vacant",45,0,0,0,0
2022,"Teulon, Town","4614042","Improved land",445,440,440,5,5
2022,"Teulon, Town","4614042","Total",530,525,525,5,5
2022,"Teulon, Town","4614042","Vacant",85,85,85,0,0
2022,"Thames Centre, Municipality","3539027","Improved land",4915,4895,4870,20,45
2022,"Thames Centre, Municipality","3539027","Total",5245,5220,5195,25,50
2022,"Thames Centre, Municipality","3539027","Vacant",330,325,325,5,5
2022,"The Archipelago, Township","3549005","Improved land",3295,2855,2750,440,545
2022,"The Archipelago, Township","3549005","Total",3745,3260,3140,485,605
2022,"The Archipelago, Township","3549005","Vacant",450,405,390,45,60
2022,"The Blue Mountains, Town","3542045","Improved land",7255,7135,7065,120,190
2022,"The Blue Mountains, Town","3542045","Total",8670,8525,8445,145,225
2022,"The Blue Mountains, Town","3542045","Vacant",1415,1390,1380,25,35
2022,"The Gap No. 39, Rural municipality","4702026","Improved land",30,0,0,0,0
2022,"The Gap No. 39, Rural municipality","4702026","Total",125,0,0,0,0
2022,"The Gap No. 39, Rural municipality","4702026","Vacant",95,0,0,0,0
2022,"The Nation, Municipality","3502025","Improved land",4795,4775,4760,20,35
2022,"The Nation, Municipality","3502025","Total",5505,5475,5455,30,50
2022,"The Nation, Municipality","3502025","Vacant",710,700,695,10,15
2022,"The North Shore, Township","3557040","Improved land",365,355,345,10,15
2022,"The North Shore, Township","3557040","Total",610,590,580,20,30
2022,"The North Shore, Township","3557040","Vacant",245,235,235,10,10
2022,"The Pas, Town","4621045","Improved land",1690,1650,1625,40,65
2022,"The Pas, Town","4621045","Total",1920,1875,1850,45,75
2022,"The Pas, Town","4621045","Vacant",230,225,225,5,5
2022,"Theodore, Village","4709028","Improved land",205,0,0,0,0
2022,"Theodore, Village","4709028","Total",300,0,0,0,0
2022,"Theodore, Village","4709028","Vacant",95,0,0,0,0
2022,"Thessalon, Town","3557028","Improved land",535,525,520,10,15
2022,"Thessalon, Town","3557028","Total",755,735,730,20,25
2022,"Thessalon, Town","3557028","Vacant",220,210,210,10,10
2022,"Thode, Resort village","4711060","Improved land",85,0,0,0,0
2022,"Thode, Resort village","4711060","Total",115,0,0,0,0
2022,"Thode, Resort village","4711060","Vacant",30,0,0,0,0
2022,"Thompson, Census agglomeration (CA)","640","Improved land",3290,3215,3175,70,110
2022,"Thompson, Census agglomeration (CA)","640","Total",3460,3390,3350,70,110
2022,"Thompson, Census agglomeration (CA)","640","Vacant",175,175,175,0,0
2022,"Thompson, City","4622026","Improved land",3290,3215,3175,70,110
2022,"Thompson, City","4622026","Total",3460,3390,3350,70,110
2022,"Thompson, City","4622026","Vacant",175,175,175,0,0
2022,"Thompson, Rural municipality","4603058","Improved land",455,450,440,5,15
2022,"Thompson, Rural municipality","4603058","Total",540,535,525,5,15
2022,"Thompson, Rural municipality","4603058","Vacant",85,85,85,0,0
2022,"Thompson-Nicola A (Wells Gray Country), Regional district electoral area","5933068","Improved land",635,620,610,15,25
2022,"Thompson-Nicola A (Wells Gray Country), Regional district electoral area","5933068","Total",770,745,730,25,40
2022,"Thompson-Nicola A (Wells Gray Country), Regional district electoral area","5933068","Vacant",135,125,120,10,15
2022,"Thompson-Nicola B (Thompson Headwaters), Regional district electoral area","5933070","Improved land",165,160,155,5,10
2022,"Thompson-Nicola B (Thompson Headwaters), Regional district electoral area","5933070","Total",320,310,300,10,20
2022,"Thompson-Nicola B (Thompson Headwaters), Regional district electoral area","5933070","Vacant",155,150,145,5,10
2022,"Thompson-Nicola E (Bonaparte Plateau), Regional district electoral area","5933032","Improved land",1460,1405,1330,55,130
2022,"Thompson-Nicola E (Bonaparte Plateau), Regional district electoral area","5933032","Total",2155,2075,1995,80,160
2022,"Thompson-Nicola E (Bonaparte Plateau), Regional district electoral area","5933032","Vacant",695,670,665,25,30
2022,"Thompson-Nicola I (Blue Sky Country), Regional district electoral area","5933037","Improved land",555,530,515,25,40
2022,"Thompson-Nicola I (Blue Sky Country), Regional district electoral area","5933037","Total",830,780,755,50,70
2022,"Thompson-Nicola I (Blue Sky Country), Regional district electoral area","5933037","Vacant",275,250,245,25,30
2022,"Thompson-Nicola J (Copper Desert Country), Regional district electoral area","5933039","Improved land",1195,1165,1135,30,60
2022,"Thompson-Nicola J (Copper Desert Country), Regional district electoral area","5933039","Total",1575,1540,1505,35,70
2022,"Thompson-Nicola J (Copper Desert Country), Regional district electoral area","5933039","Vacant",380,375,370,5,10
2022,"Thompson-Nicola L (Grasslands), Regional district electoral area","5933060","Improved land",1160,1140,1130,20,30
2022,"Thompson-Nicola L (Grasslands), Regional district electoral area","5933060","Total",1400,1380,1370,20,30
2022,"Thompson-Nicola L (Grasslands), Regional district electoral area","5933060","Vacant",240,240,240,0,0
2022,"Thompson-Nicola M (Beautiful Nicola Valley - North), Regional district electoral area","5933008","Improved land",955,945,920,20,35
2022,"Thompson-Nicola M (Beautiful Nicola Valley - North), Regional district electoral area","5933008","Total",1315,1290,1270,25,45
2022,"Thompson-Nicola M (Beautiful Nicola Valley - North), Regional district electoral area","5933008","Vacant",360,355,350,5,10
2022,"Thompson-Nicola N (Beautiful Nicola Valley - South), Regional district electoral area","5933012","Improved land",405,390,385,15,20
2022,"Thompson-Nicola N (Beautiful Nicola Valley - South), Regional district electoral area","5933012","Total",570,555,545,15,25
2022,"Thompson-Nicola N (Beautiful Nicola Valley - South), Regional district electoral area","5933012","Vacant",165,165,160,0,5
2022,"Thompson-Nicola O (Lower North Thompson), Regional district electoral area","5933072","Improved land",950,920,875,30,75
2022,"Thompson-Nicola O (Lower North Thompson), Regional district electoral area","5933072","Total",1165,1120,1070,45,95
2022,"Thompson-Nicola O (Lower North Thompson), Regional district electoral area","5933072","Vacant",215,200,195,15,20
2022,"Thompson-Nicola P (Rivers and the Peaks), Regional district electoral area","5933044","Improved land",1880,1855,1835,25,45
2022,"Thompson-Nicola P (Rivers and the Peaks), Regional district electoral area","5933044","Total",2165,2130,2105,35,60
2022,"Thompson-Nicola P (Rivers and the Peaks), Regional district electoral area","5933044","Vacant",285,275,270,10,15
2022,"Thorhild County, Municipal district","4813036","Improved land",1870,0,0,0,0
2022,"Thorhild County, Municipal district","4813036","Total",2275,0,0,0,0
2022,"Thorhild County, Municipal district","4813036","Vacant",405,0,0,0,0
2022,"Thornloe, Village","3554038","Improved land",45,45,45,0,0
2022,"Thornloe, Village","3554038","Total",75,75,75,0,0
2022,"Thornloe, Village","3554038","Vacant",30,30,30,0,0
2022,"Thorold, City","3526037","Improved land",8215,8115,8055,100,160
2022,"Thorold, City","3526037","Total",9420,9305,9235,115,185
2022,"Thorold, City","3526037","Vacant",1210,1195,1185,15,25
2022,"Thorsby, Town","4811021","Improved land",405,0,0,0,0
2022,"Thorsby, Town","4811021","Total",430,0,0,0,0
2022,"Thorsby, Town","4811021","Vacant",25,0,0,0,0
2022,"Three Hills, Town","4805048","Improved land",1085,0,0,0,0
2022,"Three Hills, Town","4805048","Total",1175,0,0,0,0
2022,"Three Hills, Town","4805048","Vacant",90,0,0,0,0
2022,"Three Lakes No. 400, Rural municipality","4715044","Improved land",150,0,0,0,0
2022,"Three Lakes No. 400, Rural municipality","4715044","Total",500,0,0,0,0
2022,"Three Lakes No. 400, Rural municipality","4715044","Vacant",350,0,0,0,0
2022,"Three Rivers, Town","1101045","Improved land",3455,3260,3145,190,290
2022,"Three Rivers, Town","1101045","Total",3765,3540,3405,210,345
2022,"Three Rivers, Town","1101045","Vacant",315,285,260,30,55
2022,"Thunder Bay, Census metropolitan area (CMA)","595","Improved land",45315,44885,44590,430,725
2022,"Thunder Bay, Census metropolitan area (CMA)","595","Total",50390,49725,49390,665,1000
2022,"Thunder Bay, Census metropolitan area (CMA)","595","Vacant",5075,4840,4800,235,275
2022,"Thunder Bay, City","3558004","Improved land",39265,38940,38690,325,575
2022,"Thunder Bay, City","3558004","Total",41340,40975,40710,365,630
2022,"Thunder Bay, City","3558004","Vacant",2075,2035,2020,40,55
2022,"Thunder Bay, Unorganized, Unorganized","3558090","Improved land",6365,5985,5830,385,540
2022,"Thunder Bay, Unorganized, Unorganized","3558090","Total",8975,8360,8155,615,820
2022,"Thunder Bay, Unorganized, Unorganized","3558090","Vacant",2610,2380,2330,230,280
2022,"Tide Head, Village","1314015","Improved land",405,400,395,5,10
2022,"Tide Head, Village","1314015","Total",475,465,455,10,20
2022,"Tide Head, Village","1314015","Vacant",70,65,60,5,10
2022,"Tignish Shore, Rural municipality","1103060","Improved land",45,45,40,0,5
2022,"Tignish Shore, Rural municipality","1103060","Total",50,50,45,0,5
2022,"Tignish Shore, Rural municipality","1103060","Vacant",5,5,5,0,0
2022,"Tignish, Fire district","1103061","Improved land",835,800,775,30,60
2022,"Tignish, Fire district","1103061","Total",930,890,865,35,60
2022,"Tignish, Fire district","1103061","Vacant",95,90,85,5,10
2022,"Tignish, Town","1103059","Improved land",350,330,325,10,20
2022,"Tignish, Town","1103059","Total",375,365,355,10,20
2022,"Tignish, Town","1103059","Vacant",30,30,30,0,0
2022,"Tillsonburg, Census agglomeration (CA)","546","Improved land",6600,6565,6540,35,65
2022,"Tillsonburg, Census agglomeration (CA)","546","Total",7180,7140,7115,40,65
2022,"Tillsonburg, Census agglomeration (CA)","546","Vacant",580,575,575,5,5
2022,"Tillsonburg, Town","3532004","Improved land",6600,6565,6540,35,65
2022,"Tillsonburg, Town","3532004","Total",7180,7140,7115,40,65
2022,"Tillsonburg, Town","3532004","Vacant",580,575,575,5,5
2022,"Timber Bay, Northern hamlet","4718012","Improved land",30,0,0,0,0
2022,"Timber Bay, Northern hamlet","4718012","Total",65,0,0,0,0
2022,"Timber Bay, Northern hamlet","4718012","Vacant",35,0,0,0,0
2022,"Timiskaming, Unorganized, West Part, Unorganized","3554094","Improved land",3005,2845,2785,160,220
2022,"Timiskaming, Unorganized, West Part, Unorganized","3554094","Total",5495,5060,4935,435,560
2022,"Timiskaming, Unorganized, West Part, Unorganized","3554094","Vacant",2490,2210,2150,280,340
2022,"Timmins, Census agglomeration (CA)","586","Improved land",14325,14230,14135,95,190
2022,"Timmins, Census agglomeration (CA)","586","Total",17955,17650,17465,305,490
2022,"Timmins, Census agglomeration (CA)","586","Vacant",3630,3420,3330,210,300
2022,"Timmins, City","3556027","Improved land",14325,14230,14135,95,190
2022,"Timmins, City","3556027","Total",17955,17650,17465,305,490
2022,"Timmins, City","3556027","Vacant",3630,3420,3330,210,300
2022,"Tiny, Township","3543068","Improved land",9785,9610,9460,170,325
2022,"Tiny, Township","3543068","Total",12175,11945,11760,235,415
2022,"Tiny, Township","3543068","Vacant",2395,2335,2300,60,95
2022,"Tisdale No. 427, Rural municipality","4714043","Improved land",380,0,0,0,0
2022,"Tisdale No. 427, Rural municipality","4714043","Total",455,0,0,0,0
2022,"Tisdale No. 427, Rural municipality","4714043","Vacant",75,0,0,0,0
2022,"Tisdale, Town","4714044","Improved land",1465,0,0,0,0
2022,"Tisdale, Town","4714044","Total",1565,0,0,0,0
2022,"Tisdale, Town","4714044","Vacant",100,0,0,0,0
2022,"Tobin Lake, Resort village","4714068","Improved land",70,0,0,0,0
2022,"Tobin Lake, Resort village","4714068","Total",125,0,0,0,0
2022,"Tobin Lake, Resort village","4714068","Vacant",55,0,0,0,0
2022,"Tofield, Town","4810018","Improved land",765,0,0,0,0
2022,"Tofield, Town","4810018","Total",850,0,0,0,0
2022,"Tofield, Town","4810018","Vacant",85,0,0,0,0
2022,"Tofino, District municipality","5923025","Improved land",925,875,845,55,80
2022,"Tofino, District municipality","5923025","Total",1020,955,930,65,90
2022,"Tofino, District municipality","5923025","Vacant",95,90,85,5,10
2022,"Togo, Village","4709038","Improved land",60,0,0,0,0
2022,"Togo, Village","4709038","Total",140,0,0,0,0
2022,"Togo, Village","4709038","Vacant",80,0,0,0,0
2022,"Tompkins, Village","4708012","Improved land",105,0,0,0,0
2022,"Tompkins, Village","4708012","Total",195,0,0,0,0
2022,"Tompkins, Village","4708012","Vacant",90,0,0,0,0
2022,"Torbay, Town","1001509","Improved land",0,0,0,0,0
2022,"Torbay, Town","1001509","Total",3645,3550,3470,95,175
2022,"Torbay, Town","1001509","Vacant",0,0,0,0,0
2022,"Torch River No. 488, Rural municipality","4714077","Improved land",770,0,0,0,0
2022,"Torch River No. 488, Rural municipality","4714077","Total",965,0,0,0,0
2022,"Torch River No. 488, Rural municipality","4714077","Vacant",195,0,0,0,0
2022,"Toronto, Census metropolitan area (CMA)","535","Improved land",1830950,1781600,1760450,49360,70510
2022,"Toronto, Census metropolitan area (CMA)","535","Total",1862455,1812740,1791395,49715,71060
2022,"Toronto, Census metropolitan area (CMA)","535","Vacant",31495,31140,30945,355,550
2022,"Toronto, City","3520005","Improved land",816820,784515,773495,32305,43325
2022,"Toronto, City","3520005","Total",821120,788705,777625,32415,43495
2022,"Toronto, City","3520005","Vacant",4300,4190,4130,110,170
2022,"Torquay, Village","4702002","Improved land",115,0,0,0,0
2022,"Torquay, Village","4702002","Total",135,0,0,0,0
2022,"Torquay, Village","4702002","Vacant",20,0,0,0,0
2022,"Touchwood No. 248, Rural municipality","4710014","Improved land",130,0,0,0,0
2022,"Touchwood No. 248, Rural municipality","4710014","Total",130,0,0,0,0
2022,"Touchwood No. 248, Rural municipality","4710014","Vacant",0,0,0,0,0
2022,"Tracadie, Regional municipality","1315002","Improved land",6655,6595,6440,50,215
2022,"Tracadie, Regional municipality","1315002","Total",9270,9155,8930,115,340
2022,"Tracadie, Regional municipality","1315002","Vacant",2620,2560,2490,60,130
2022,"Tracy, Village","1303005","Improved land",255,255,250,0,5
2022,"Tracy, Village","1303005","Total",320,320,315,0,5
2022,"Tracy, Village","1303005","Vacant",65,65,65,0,0
2022,"Trail, Census agglomeration (CA)","910","Improved land",5865,5755,5650,115,220
2022,"Trail, Census agglomeration (CA)","910","Total",6305,6175,6070,130,235
2022,"Trail, Census agglomeration (CA)","910","Vacant",435,420,420,15,15
2022,"Trail, City","5905014","Improved land",3260,3175,3095,85,160
2022,"Trail, City","5905014","Total",3420,3330,3255,90,165
2022,"Trail, City","5905014","Vacant",160,155,155,5,5
2022,"Tramping Lake No. 380, Rural municipality","4713059","Improved land",45,0,0,0,0
2022,"Tramping Lake No. 380, Rural municipality","4713059","Total",115,0,0,0,0
2022,"Tramping Lake No. 380, Rural municipality","4713059","Vacant",70,0,0,0,0
2022,"Tramping Lake, Village","4713039","Improved land",45,0,0,0,0
2022,"Tramping Lake, Village","4713039","Total",135,0,0,0,0
2022,"Tramping Lake, Village","4713039","Vacant",90,0,0,0,0
2022,"Traytown, Town","1007037","Improved land",0,0,0,0,0
2022,"Traytown, Town","1007037","Total",205,200,190,5,15
2022,"Traytown, Town","1007037","Vacant",0,0,0,0,0
2022,"Trent Hills, Municipality","3514045","Improved land",6550,6440,6390,110,160
2022,"Trent Hills, Municipality","3514045","Total",8745,8575,8495,170,250
2022,"Trent Hills, Municipality","3514045","Vacant",2195,2135,2105,60,90
2022,"Trent Lakes, Municipality","3515044","Improved land",6155,6005,5890,155,265
2022,"Trent Lakes, Municipality","3515044","Total",7555,7365,7215,190,340
2022,"Trent Lakes, Municipality","3515044","Vacant",1400,1360,1325,40,75
2022,"Trenton, Town","1212016","Improved land",995,975,965,20,30
2022,"Trenton, Town","1212016","Total",1135,1110,1100,25,35
2022,"Trenton, Town","1212016","Vacant",140,135,135,5,5
2022,"Trepassey, Town","1001113","Improved land",0,0,0,0,0
2022,"Trepassey, Town","1001113","Total",540,505,495,25,35
2022,"Trepassey, Town","1001113","Vacant",0,0,0,0,0
2022,"Tribune, Village","4702008","Improved land",5,0,0,0,0
2022,"Tribune, Village","4702008","Total",5,0,0,0,0
2022,"Tribune, Village","4702008","Vacant",0,0,0,0,0
2022,"Trinity (Trinity Bay), Town","1007015","Improved land",0,0,0,0,0
2022,"Trinity (Trinity Bay), Town","1007015","Total",290,240,230,50,55
2022,"Trinity (Trinity Bay), Town","1007015","Vacant",0,0,0,0,0
2022,"Trinity Bay North, Town","1007022","Improved land",0,0,0,0,0
2022,"Trinity Bay North, Town","1007022","Total",1150,1120,1115,30,35
2022,"Trinity Bay North, Town","1007022","Vacant",0,0,0,0,0
2022,"Triton, Town","1008054","Improved land",0,0,0,0,0
2022,"Triton, Town","1008054","Total",510,500,500,10,10
2022,"Triton, Town","1008054","Vacant",0,0,0,0,0
2022,"Trochu, Town","4805049","Improved land",445,0,0,0,0
2022,"Trochu, Town","4805049","Total",495,0,0,0,0
2022,"Trochu, Town","4805049","Vacant",55,0,0,0,0
2022,"Trout River, Town","1009010","Improved land",0,0,0,0,0
2022,"Trout River, Town","1009010","Total",470,455,435,15,35
2022,"Trout River, Town","1009010","Vacant",0,0,0,0,0
2022,"Truro, Census agglomeration (CA)","215","Improved land",17460,17205,16910,255,550
2022,"Truro, Census agglomeration (CA)","215","Total",21205,20825,20440,380,765
2022,"Truro, Census agglomeration (CA)","215","Vacant",3745,3620,3530,125,215
2022,"Truro, Town","1210006","Improved land",3645,3585,3530,55,115
2022,"Truro, Town","1210006","Total",4025,3955,3890,70,135
2022,"Truro, Town","1210006","Vacant",380,370,360,10,20
2022,"Tudor and Cashel, Township","3512048","Improved land",835,825,810,15,30
2022,"Tudor and Cashel, Township","3512048","Total",1350,1310,1285,40,65
2022,"Tudor and Cashel, Township","3512048","Vacant",510,485,475,25,35
2022,"Tugaske, Village","4707077","Improved land",70,0,0,0,0
2022,"Tugaske, Village","4707077","Total",125,0,0,0,0
2022,"Tugaske, Village","4707077","Vacant",55,0,0,0,0
2022,"Tullymet No. 216, Rural municipality","4706099","Improved land",25,0,0,0,0
2022,"Tullymet No. 216, Rural municipality","4706099","Total",105,0,0,0,0
2022,"Tullymet No. 216, Rural municipality","4706099","Vacant",80,0,0,0,0
2022,"Tumbler Ridge, District municipality","5955003","Improved land",1500,1445,1420,55,80
2022,"Tumbler Ridge, District municipality","5955003","Total",1855,1785,1760,70,95
2022,"Tumbler Ridge, District municipality","5955003","Vacant",355,340,340,15,15
2022,"Turner Valley, Town","4806009","Improved land",1105,0,0,0,0
2022,"Turner Valley, Town","4806009","Total",1150,0,0,0,0
2022,"Turner Valley, Town","4806009","Vacant",45,0,0,0,0
2022,"Turnor Lake, Northern hamlet","4718075","Improved land",50,0,0,0,0
2022,"Turnor Lake, Northern hamlet","4718075","Total",85,0,0,0,0
2022,"Turnor Lake, Northern hamlet","4718075","Vacant",35,0,0,0,0
2022,"Turtle River No. 469, Rural municipality","4717008","Improved land",145,0,0,0,0
2022,"Turtle River No. 469, Rural municipality","4717008","Total",195,0,0,0,0
2022,"Turtle River No. 469, Rural municipality","4717008","Vacant",50,0,0,0,0
2022,"Turtleford, Town","4717041","Improved land",215,0,0,0,0
2022,"Turtleford, Town","4717041","Total",245,0,0,0,0
2022,"Turtleford, Town","4717041","Vacant",30,0,0,0,0
2022,"Tuxford, Village","4707043","Improved land",50,0,0,0,0
2022,"Tuxford, Village","4707043","Total",120,0,0,0,0
2022,"Tuxford, Village","4707043","Vacant",70,0,0,0,0
2022,"Tweed, Municipality","3512030","Improved land",2910,2880,2840,35,75
2022,"Tweed, Municipality","3512030","Total",4270,4170,4090,100,180
2022,"Tweed, Municipality","3512030","Vacant",1355,1290,1250,65,105
2022,"Twillingate, Town","1008035","Improved land",0,0,0,0,0
2022,"Twillingate, Town","1008035","Total",1550,1520,1500,30,50
2022,"Twillingate, Town","1008035","Vacant",0,0,0,0,0
2022,"Two Borders, Municipality","4605056","Improved land",595,585,580,10,15
2022,"Two Borders, Municipality","4605056","Total",820,800,790,20,30
2022,"Two Borders, Municipality","4605056","Vacant",225,215,210,10,15
2022,"Two Hills County No. 21, Municipal district","4810048","Improved land",1635,0,0,0,0
2022,"Two Hills County No. 21, Municipal district","4810048","Total",2090,0,0,0,0
2022,"Two Hills County No. 21, Municipal district","4810048","Vacant",455,0,0,0,0
2022,"Two Hills, Town","4810052","Improved land",480,0,0,0,0
2022,"Two Hills, Town","4810052","Total",565,0,0,0,0
2022,"Two Hills, Town","4810052","Vacant",85,0,0,0,0
2022,"Tyendinaga, Township","3512001","Improved land",1660,1645,1625,15,35
2022,"Tyendinaga, Township","3512001","Total",2030,1995,1970,35,60
2022,"Tyendinaga, Township","3512001","Vacant",370,350,345,20,25
2022,"Tyne Valley, Fire district","1103021","Improved land",330,320,310,15,20
2022,"Tyne Valley, Fire district","1103021","Total",360,345,335,15,25
2022,"Tyne Valley, Fire district","1103021","Vacant",25,25,25,0,0
2022,"Tyne Valley, Rural municipality","1103033","Improved land",100,95,95,5,5
2022,"Tyne Valley, Rural municipality","1103033","Total",120,115,115,5,5
2022,"Tyne Valley, Rural municipality","1103033","Vacant",20,20,20,0,0
2022,"Ucluelet, District municipality","5923019","Improved land",835,815,795,20,40
2022,"Ucluelet, District municipality","5923019","Total",1030,1005,985,25,50
2022,"Ucluelet, District municipality","5923019","Vacant",200,195,190,5,10
2022,"Union Road, Rural municipality","1102050","Improved land",85,85,85,0,0
2022,"Union Road, Rural municipality","1102050","Total",90,90,90,0,0
2022,"Union Road, Rural municipality","1102050","Vacant",5,5,5,0,0
2022,"Unity, Town","4713074","Improved land",965,0,0,0,0
2022,"Unity, Town","4713074","Total",1075,0,0,0,0
2022,"Unity, Town","4713074","Vacant",110,0,0,0,0
2022,"Upham, Parish","1305004","Improved land",595,585,575,10,20
2022,"Upham, Parish","1305004","Total",830,805,790,25,40
2022,"Upham, Parish","1305004","Vacant",235,220,215,15,20
2022,"Upper Island Cove, Town","1001385","Improved land",0,0,0,0,0
2022,"Upper Island Cove, Town","1001385","Total",985,965,955,20,30
2022,"Upper Island Cove, Town","1001385","Vacant",0,0,0,0,0
2022,"Upper Liard, Settlement","6001032","Improved land",20,0,0,0,0
2022,"Upper Liard, Settlement","6001032","Total",40,0,0,0,0
2022,"Upper Liard, Settlement","6001032","Vacant",15,0,0,0,0
2022,"Upper Miramichi, Rural community","1309027","Improved land",1310,1250,1215,50,90
2022,"Upper Miramichi, Rural community","1309027","Total",2280,2155,2080,125,200
2022,"Upper Miramichi, Rural community","1309027","Vacant",980,905,870,75,110
2022,"Usborne No. 310, Rural municipality","4711046","Improved land",210,0,0,0,0
2022,"Usborne No. 310, Rural municipality","4711046","Total",320,0,0,0,0
2022,"Usborne No. 310, Rural municipality","4711046","Vacant",110,0,0,0,0
2022,"Uxbridge, Township","3518029","Improved land",7385,7335,7290,50,95
2022,"Uxbridge, Township","3518029","Total",7840,7780,7730,60,110
2022,"Uxbridge, Township","3518029","Vacant",455,445,440,10,15
2022,"Val Marie No. 17, Rural municipality","4704003","Improved land",35,0,0,0,0
2022,"Val Marie No. 17, Rural municipality","4704003","Total",215,0,0,0,0
2022,"Val Marie No. 17, Rural municipality","4704003","Vacant",180,0,0,0,0
2022,"Val Marie, Village","4704002","Improved land",75,0,0,0,0
2022,"Val Marie, Village","4704002","Total",125,0,0,0,0
2022,"Val Marie, Village","4704002","Vacant",50,0,0,0,0
2022,"Val Quentin, Summer village","4813005","Improved land",175,0,0,0,0
2022,"Val Quentin, Summer village","4813005","Total",190,0,0,0,0
2022,"Val Quentin, Summer village","4813005","Vacant",15,0,0,0,0
2022,"Val Rita-Harty, Township","3556070","Improved land",350,345,340,5,10
2022,"Val Rita-Harty, Township","3556070","Total",540,525,515,15,25
2022,"Val Rita-Harty, Township","3556070","Vacant",190,180,175,10,15
2022,"Valemount, Village","5953007","Improved land",510,490,480,20,30
2022,"Valemount, Village","5953007","Total",695,660,645,35,50
2022,"Valemount, Village","5953007","Vacant",185,170,165,15,20
2022,"Valleyview, Town","4818018","Improved land",665,0,0,0,0
2022,"Valleyview, Town","4818018","Total",745,0,0,0,0
2022,"Valleyview, Town","4818018","Vacant",75,0,0,0,0
2022,"Valparaiso, Village","4714048","Improved land",10,0,0,0,0
2022,"Valparaiso, Village","4714048","Total",65,0,0,0,0
2022,"Valparaiso, Village","4714048","Vacant",55,0,0,0,0
2022,"Vancouver, Census metropolitan area (CMA)","933","Improved land",817900,785115,769900,32775,48015
2022,"Vancouver, Census metropolitan area (CMA)","933","Total",829075,796115,780750,32960,48325
2022,"Vancouver, Census metropolitan area (CMA)","933","Vacant",11180,10995,10860,185,320
2022,"Vancouver, City","5915022","Improved land",200320,187920,183275,12400,17045
2022,"Vancouver, City","5915022","Total",200635,188230,183580,12410,17055
2022,"Vancouver, City","5915022","Vacant",320,310,310,10,10
2022,"Vanderhoof, District municipality","5951007","Improved land",1435,1420,1410,15,25
2022,"Vanderhoof, District municipality","5951007","Total",1850,1830,1820,20,30
2022,"Vanderhoof, District municipality","5951007","Vacant",415,410,410,5,5
2022,"Vanguard, Village","4703062","Improved land",80,0,0,0,0
2022,"Vanguard, Village","4703062","Total",150,0,0,0,0
2022,"Vanguard, Village","4703062","Vacant",70,0,0,0,0
2022,"Vanscoy No. 345, Rural municipality","4712054","Improved land",1135,0,0,0,0
2022,"Vanscoy No. 345, Rural municipality","4712054","Total",1275,0,0,0,0
2022,"Vanscoy No. 345, Rural municipality","4712054","Vacant",140,0,0,0,0
2022,"Vanscoy, Village","4712058","Improved land",180,0,0,0,0
2022,"Vanscoy, Village","4712058","Total",195,0,0,0,0
2022,"Vanscoy, Village","4712058","Vacant",15,0,0,0,0
2022,"Vaughan, City","3519028","Improved land",103940,102400,101470,1535,2475
2022,"Vaughan, City","3519028","Total",106235,104690,103745,1545,2490
2022,"Vaughan, City","3519028","Vacant",2295,2285,2280,10,15
2022,"Vauxhall, Town","4802029","Improved land",430,0,0,0,0
2022,"Vauxhall, Town","4802029","Total",440,0,0,0,0
2022,"Vauxhall, Town","4802029","Vacant",10,0,0,0,0
2022,"Vegreville, Town","4810028","Improved land",2230,0,0,0,0
2022,"Vegreville, Town","4810028","Total",2465,0,0,0,0
2022,"Vegreville, Town","4810028","Vacant",245,0,0,0,0
2022,"Vermilion River County, Municipal district","4810036","Improved land",3195,0,0,0,0
2022,"Vermilion River County, Municipal district","4810036","Total",3480,0,0,0,0
2022,"Vermilion River County, Municipal district","4810036","Vacant",285,0,0,0,0
2022,"Vermilion, Town","4810042","Improved land",1625,0,0,0,0
2022,"Vermilion, Town","4810042","Total",1665,0,0,0,0
2022,"Vermilion, Town","4810042","Vacant",50,0,0,0,0
2022,"Vernon River, Fire district","1102016","Improved land",990,955,930,25,50
2022,"Vernon River, Fire district","1102016","Total",1115,1075,1050,35,60
2022,"Vernon River, Fire district","1102016","Vacant",130,120,120,10,10
2022,"Vernon, Census agglomeration (CA)","918","Improved land",23440,22960,22625,490,815
2022,"Vernon, Census agglomeration (CA)","918","Total",24575,24015,23665,560,910
2022,"Vernon, Census agglomeration (CA)","918","Vacant",1135,1065,1040,70,95
2022,"Vernon, City","5937014","Improved land",16605,16330,16100,280,510
2022,"Vernon, City","5937014","Total",17310,16990,16745,320,565
2022,"Vernon, City","5937014","Vacant",700,660,645,40,55
2022,"Veteran, Village","4804021","Improved land",125,0,0,0,0
2022,"Veteran, Village","4804021","Total",155,0,0,0,0
2022,"Veteran, Village","4804021","Vacant",30,0,0,0,0
2022,"Vibank, Village","4706007","Improved land",180,0,0,0,0
2022,"Vibank, Village","4706007","Total",195,0,0,0,0
2022,"Vibank, Village","4706007","Vacant",15,0,0,0,0
2022,"Victoria Beach, Rural municipality","4601078","Improved land",1515,1440,1385,75,130
2022,"Victoria Beach, Rural municipality","4601078","Total",1845,1755,1695,90,150
2022,"Victoria Beach, Rural municipality","4601078","Vacant",330,315,310,15,20
2022,"Victoria, Census metropolitan area (CMA)","935","Improved land",128130,125770,124010,2360,4120
2022,"Victoria, Census metropolitan area (CMA)","935","Total",130360,127945,126150,2415,4210
2022,"Victoria, Census metropolitan area (CMA)","935","Vacant",2235,2170,2140,65,95
2022,"Victoria, City","5917034","Improved land",28430,27560,27130,865,1300
2022,"Victoria, City","5917034","Total",28630,27765,27320,865,1310
2022,"Victoria, City","5917034","Vacant",200,195,190,5,10
2022,"Victoria, Fire district","1103068","Improved land",50,50,45,0,5
2022,"Victoria, Fire district","1103068","Total",60,60,55,0,5
2022,"Victoria, Fire district","1103068","Vacant",10,10,10,0,0
2022,"Victoria, Rural municipality","1102032","Improved land",85,75,75,10,10
2022,"Victoria, Rural municipality","1102032","Total",95,85,85,10,10
2022,"Victoria, Rural municipality","1102032","Vacant",10,10,10,0,0
2022,"Victoria, Rural municipality","4608042","Improved land",490,475,475,15,20
2022,"Victoria, Rural municipality","4608042","Total",555,540,535,15,20
2022,"Victoria, Rural municipality","4608042","Vacant",60,60,60,0,0
2022,"Victoria, Subd. A, Subdivision of county municipality","1218006","Improved land",1745,1610,1545,135,200
2022,"Victoria, Subd. A, Subdivision of county municipality","1218006","Total",2225,2035,1940,190,285
2022,"Victoria, Subd. A, Subdivision of county municipality","1218006","Vacant",480,425,395,55,85
2022,"Victoria, Subd. B, Subdivision of county municipality","1218001","Improved land",2735,2540,2440,190,295
2022,"Victoria, Subd. B, Subdivision of county municipality","1218001","Total",3635,3285,3140,350,495
2022,"Victoria, Subd. B, Subdivision of county municipality","1218001","Vacant",900,740,700,160,200
2022,"Victoria, Town","1001365","Improved land",0,0,0,0,0
2022,"Victoria, Town","1001365","Total",1000,980,970,20,30
2022,"Victoria, Town","1001365","Vacant",0,0,0,0,0
2022,"Victory No. 226, Rural municipality","4707063","Improved land",105,0,0,0,0
2022,"Victory No. 226, Rural municipality","4707063","Total",285,0,0,0,0
2022,"Victory No. 226, Rural municipality","4707063","Vacant",180,0,0,0,0
2022,"View Royal, Town","5917047","Improved land",3725,3690,3635,35,100
2022,"View Royal, Town","5917047","Total",3775,3740,3680,45,95
2022,"View Royal, Town","5917047","Vacant",45,45,45,0,0
2022,"Viking, Town","4810022","Improved land",480,0,0,0,0
2022,"Viking, Town","4810022","Total",550,0,0,0,0
2022,"Viking, Town","4810022","Vacant",70,0,0,0,0
2022,"Vilna, Village","4812024","Improved land",145,0,0,0,0
2022,"Vilna, Village","4812024","Total",185,0,0,0,0
2022,"Vilna, Village","4812024","Vacant",40,0,0,0,0
2022,"Virden, Town","4606034","Improved land",1300,1290,1280,25,25
2022,"Virden, Town","4606034","Total",1420,1405,1395,15,25
2022,"Virden, Town","4606034","Vacant",115,115,115,0,0
2022,"Viscount No. 341, Rural municipality","4711091","Improved land",165,0,0,0,0
2022,"Viscount No. 341, Rural municipality","4711091","Total",170,0,0,0,0
2022,"Viscount No. 341, Rural municipality","4711091","Vacant",5,0,0,0,0
2022,"Viscount, Village","4711092","Improved land",125,0,0,0,0
2022,"Viscount, Village","4711092","Total",155,0,0,0,0
2022,"Viscount, Village","4711092","Vacant",30,0,0,0,0
2022,"Vonda, Town","4715017","Improved land",140,0,0,0,0
2022,"Vonda, Town","4715017","Total",165,0,0,0,0
2022,"Vonda, Town","4715017","Vacant",25,0,0,0,0
2022,"Vulcan County, Municipal district","4805001","Improved land",565,0,0,0,0
2022,"Vulcan County, Municipal district","4805001","Total",690,0,0,0,0
2022,"Vulcan County, Municipal district","4805001","Vacant",125,0,0,0,0
2022,"Vulcan, Town","4805006","Improved land",1985,0,0,0,0
2022,"Vulcan, Town","4805006","Total",2470,0,0,0,0
2022,"Vulcan, Town","4805006","Vacant",480,0,0,0,0
2022,"Wabana, Town","1001494","Improved land",0,0,0,0,0
2022,"Wabana, Town","1001494","Total",1405,1330,1315,75,90
2022,"Wabana, Town","1001494","Vacant",0,0,0,0,0
2022,"Wabush, Town","1010034","Improved land",0,0,0,0,0
2022,"Wabush, Town","1010034","Total",985,960,945,30,40
2022,"Wabush, Town","1010034","Vacant",0,0,0,0,0
2022,"Wadena, Town","4710068","Improved land",600,0,0,0,0
2022,"Wadena, Town","4710068","Total",720,0,0,0,0
2022,"Wadena, Town","4710068","Vacant",120,0,0,0,0
2022,"Wainfleet, Township","3526014","Improved land",2995,2800,2750,195,245
2022,"Wainfleet, Township","3526014","Total",3305,3080,3025,225,280
2022,"Wainfleet, Township","3526014","Vacant",310,280,275,30,35
2022,"Wainwright No. 61, Municipal district","4807049","Improved land",1525,0,0,0,0
2022,"Wainwright No. 61, Municipal district","4807049","Total",1790,0,0,0,0
2022,"Wainwright No. 61, Municipal district","4807049","Vacant",265,0,0,0,0
2022,"Wainwright, Town","4807054","Improved land",2470,0,0,0,0
2022,"Wainwright, Town","4807054","Total",2610,0,0,0,0
2022,"Wainwright, Town","4807054","Vacant",140,0,0,0,0
2022,"Waiparous, Summer village","4815030","Improved land",70,0,0,0,0
2022,"Waiparous, Summer village","4815030","Total",75,0,0,0,0
2022,"Waiparous, Summer village","4815030","Vacant",5,0,0,0,0
2022,"Wakaw Lake, Resort village","4715043","Improved land",60,0,0,0,0
2022,"Wakaw Lake, Resort village","4715043","Total",80,0,0,0,0
2022,"Wakaw Lake, Resort village","4715043","Vacant",20,0,0,0,0
2022,"Wakaw, Town","4715042","Improved land",430,0,0,0,0
2022,"Wakaw, Town","4715042","Total",630,0,0,0,0
2022,"Wakaw, Town","4715042","Vacant",200,0,0,0,0
2022,"Wakefield, Parish","1311014","Improved land",975,970,955,5,20
2022,"Wakefield, Parish","1311014","Total",1260,1245,1225,15,35
2022,"Wakefield, Parish","1311014","Vacant",285,275,270,10,15
2022,"Waldeck, Village","4707022","Improved land",115,0,0,0,0
2022,"Waldeck, Village","4707022","Total",125,0,0,0,0
2022,"Waldeck, Village","4707022","Vacant",10,0,0,0,0
2022,"Waldheim, Town","4715028","Improved land",405,0,0,0,0
2022,"Waldheim, Town","4715028","Total",475,0,0,0,0
2022,"Waldheim, Town","4715028","Vacant",70,0,0,0,0
2022,"Waldron, Village","4705061","Improved land",10,0,0,0,0
2022,"Waldron, Village","4705061","Total",75,0,0,0,0
2022,"Waldron, Village","4705061","Vacant",65,0,0,0,0
2022,"Wallace No. 243, Rural municipality","4709006","Improved land",400,0,0,0,0
2022,"Wallace No. 243, Rural municipality","4709006","Total",495,0,0,0,0
2022,"Wallace No. 243, Rural municipality","4709006","Vacant",95,0,0,0,0
2022,"Wallace-Woodworth, Rural municipality","4606031","Improved land",1140,1125,1125,15,15
2022,"Wallace-Woodworth, Rural municipality","4606031","Total",1400,1380,1380,20,20
2022,"Wallace-Woodworth, Rural municipality","4606031","Vacant",260,255,255,5,5
2022,"Walpole No. 92, Rural municipality","4701091","Improved land",145,0,0,0,0
2022,"Walpole No. 92, Rural municipality","4701091","Total",195,0,0,0,0
2022,"Walpole No. 92, Rural municipality","4701091","Vacant",50,0,0,0,0
2022,"Wapella, Town","4705009","Improved land",160,0,0,0,0
2022,"Wapella, Town","4705009","Total",280,0,0,0,0
2022,"Wapella, Town","4705009","Vacant",120,0,0,0,0
2022,"Warburg, Village","4811024","Improved land",280,0,0,0,0
2022,"Warburg, Village","4811024","Total",355,0,0,0,0
2022,"Warburg, Village","4811024","Vacant",75,0,0,0,0
2022,"Warfield, Village","5905018","Improved land",730,715,700,15,30
2022,"Warfield, Village","5905018","Total",770,750,735,20,35
2022,"Warfield, Village","5905018","Vacant",40,35,35,5,5
2022,"Warman, City","4711068","Improved land",4205,0,0,0,0
2022,"Warman, City","4711068","Total",4700,0,0,0,0
2022,"Warman, City","4711068","Vacant",495,0,0,0,0
2022,"Warner County No. 5, Municipal district","4802001","Improved land",995,0,0,0,0
2022,"Warner County No. 5, Municipal district","4802001","Total",1170,0,0,0,0
2022,"Warner County No. 5, Municipal district","4802001","Vacant",175,0,0,0,0
2022,"Warner, Village","4802006","Improved land",195,0,0,0,0
2022,"Warner, Village","4802006","Total",230,0,0,0,0
2022,"Warner, Village","4802006","Vacant",35,0,0,0,0
2022,"Warren Grove, Rural municipality","1102070","Improved land",135,135,135,0,0
2022,"Warren Grove, Rural municipality","1102070","Total",140,140,140,0,0
2022,"Warren Grove, Rural municipality","1102070","Vacant",5,5,5,0,0
2022,"Warwick, Township","3538043","Improved land",1340,1335,1325,5,15
2022,"Warwick, Township","3538043","Total",1450,1445,1435,5,15
2022,"Warwick, Township","3538043","Vacant",110,110,110,0,0
2022,"Wasaga Beach, Census agglomeration (CA)","565","Improved land",11740,11610,11500,130,240
2022,"Wasaga Beach, Census agglomeration (CA)","565","Total",13220,13065,12945,155,275
2022,"Wasaga Beach, Census agglomeration (CA)","565","Vacant",1480,1455,1445,25,35
2022,"Wasaga Beach, Town","3543064","Improved land",11740,11610,11500,130,240
2022,"Wasaga Beach, Town","3543064","Total",13220,13065,12945,155,275
2022,"Wasaga Beach, Town","3543064","Vacant",1480,1455,1445,25,35
2022,"Waseca, Village","4717019","Improved land",75,0,0,0,0
2022,"Waseca, Village","4717019","Total",115,0,0,0,0
2022,"Waseca, Village","4717019","Vacant",40,0,0,0,0
2022,"Waskatenau, Village","4812026","Improved land",135,0,0,0,0
2022,"Waskatenau, Village","4812026","Total",165,0,0,0,0
2022,"Waskatenau, Village","4812026","Vacant",30,0,0,0,0
2022,"Waterborough, Parish","1304018","Improved land",795,780,755,20,45
2022,"Waterborough, Parish","1304018","Total",1345,1305,1265,40,80
2022,"Waterborough, Parish","1304018","Vacant",545,525,510,20,35
2022,"Waterford, Parish","1305024","Improved land",280,275,270,5,10
2022,"Waterford, Parish","1305024","Total",465,440,430,25,35
2022,"Waterford, Parish","1305024","Vacant",185,165,160,20,25
2022,"Waterloo, City","3530016","Improved land",38320,37545,37200,780,1115
2022,"Waterloo, City","3530016","Total",38750,37970,37630,780,1115
2022,"Waterloo, City","3530016","Vacant",430,430,430,0,0
2022,"Watrous, Town","4711053","Improved land",795,0,0,0,0
2022,"Watrous, Town","4711053","Total",960,0,0,0,0
2022,"Watrous, Town","4711053","Vacant",165,0,0,0,0
2022,"Watson Lake, Town","6001003","Improved land",430,0,0,0,0
2022,"Watson Lake, Town","6001003","Total",580,0,0,0,0
2022,"Watson Lake, Town","6001003","Vacant",155,0,0,0,0
2022,"Watson, Town","4710062","Improved land",340,0,0,0,0
2022,"Watson, Town","4710062","Total",410,0,0,0,0
2022,"Watson, Town","4710062","Vacant",70,0,0,0,0
2022,"Waverley No. 44, Rural municipality","4703022","Improved land",80,0,0,0,0
2022,"Waverley No. 44, Rural municipality","4703022","Total",245,0,0,0,0
2022,"Waverley No. 44, Rural municipality","4703022","Vacant",165,0,0,0,0
2022,"Wawa, Municipality","3557076","Improved land",1225,1190,1180,35,40
2022,"Wawa, Municipality","3557076","Total",1565,1530,1525,35,40
2022,"Wawa, Municipality","3557076","Vacant",340,340,340,0,0
2022,"Wawken No. 93, Rural municipality","4701076","Improved land",135,0,0,0,0
2022,"Wawken No. 93, Rural municipality","4701076","Total",235,0,0,0,0
2022,"Wawken No. 93, Rural municipality","4701076","Vacant",100,0,0,0,0
2022,"Wawota, Town","4701078","Improved land",265,0,0,0,0
2022,"Wawota, Town","4701078","Total",310,0,0,0,0
2022,"Wawota, Town","4701078","Vacant",45,0,0,0,0
2022,"Webb No. 138, Rural municipality","4708006","Improved land",215,0,0,0,0
2022,"Webb No. 138, Rural municipality","4708006","Total",365,0,0,0,0
2022,"Webb No. 138, Rural municipality","4708006","Vacant",150,0,0,0,0
2022,"Webb, Village","4708008","Improved land",45,0,0,0,0
2022,"Webb, Village","4708008","Total",85,0,0,0,0
2022,"Webb, Village","4708008","Vacant",40,0,0,0,0
2022,"Wee Too Beach, Resort village","4706060","Improved land",20,0,0,0,0
2022,"Wee Too Beach, Resort village","4706060","Total",40,0,0,0,0
2022,"Wee Too Beach, Resort village","4706060","Vacant",20,0,0,0,0
2022,"Weekes, Village","4714009","Improved land",60,0,0,0,0
2022,"Weekes, Village","4714009","Total",125,0,0,0,0
2022,"Weekes, Village","4714009","Vacant",65,0,0,0,0
2022,"Weirdale, Village","4715091","Improved land",40,0,0,0,0
2022,"Weirdale, Village","4715091","Total",65,0,0,0,0
2022,"Weirdale, Village","4715091","Vacant",25,0,0,0,0
2022,"Weldford, Parish","1308014","Improved land",1025,980,945,35,70
2022,"Weldford, Parish","1308014","Total",1930,1820,1750,110,180
2022,"Weldford, Parish","1308014","Vacant",910,840,805,75,110
2022,"Weldon, Village","4715072","Improved land",70,0,0,0,0
2022,"Weldon, Village","4715072","Total",140,0,0,0,0
2022,"Weldon, Village","4715072","Vacant",70,0,0,0,0
2022,"Welland, City","3526032","Improved land",19180,19035,18925,145,255
2022,"Welland, City","3526032","Total",20390,20235,20120,155,270
2022,"Welland, City","3526032","Vacant",1210,1200,1195,10,15
2022,"Wellesley, Township","3530027","Improved land",3165,3160,3150,5,15
2022,"Wellesley, Township","3530027","Total",3265,3255,3245,10,20
2022,"Wellesley, Township","3530027","Vacant",100,95,95,5,5
2022,"Wellington No. 97, Rural municipality","4702073","Improved land",160,0,0,0,0
2022,"Wellington No. 97, Rural municipality","4702073","Total",245,0,0,0,0
2022,"Wellington No. 97, Rural municipality","4702073","Vacant",85,0,0,0,0
2022,"Wellington North, Township","3523050","Improved land",4140,4125,4090,20,45
2022,"Wellington North, Township","3523050","Total",4505,4485,4445,20,60
2022,"Wellington North, Township","3523050","Vacant",365,360,355,5,10
2022,"Wellington, Fire district","1103020","Improved land",1100,1050,1015,50,80
2022,"Wellington, Fire district","1103020","Total",1265,1215,1175,50,90
2022,"Wellington, Fire district","1103020","Vacant",165,160,155,5,10
2022,"Wellington, Parish","1308004","Improved land",1760,1685,1615,75,145
2022,"Wellington, Parish","1308004","Total",2725,2580,2475,145,250
2022,"Wellington, Parish","1308004","Vacant",965,895,860,70,105
2022,"Wellington, Rural municipality","1103029","Improved land",145,140,140,5,5
2022,"Wellington, Rural municipality","1103029","Total",155,150,150,5,5
2022,"Wellington, Rural municipality","1103029","Vacant",10,10,10,0,0
2022,"Wells, District municipality","5941025","Improved land",140,130,125,10,15
2022,"Wells, District municipality","5941025","Total",380,370,365,10,15
2022,"Wells, District municipality","5941025","Vacant",240,240,240,0,0
2022,"Wembley, Town","4819011","Improved land",590,0,0,0,0
2022,"Wembley, Town","4819011","Total",695,0,0,0,0
2022,"Wembley, Town","4819011","Vacant",105,0,0,0,0
2022,"West Baptiste, Summer village","4813057","Improved land",85,0,0,0,0
2022,"West Baptiste, Summer village","4813057","Total",110,0,0,0,0
2022,"West Baptiste, Summer village","4813057","Vacant",25,0,0,0,0
2022,"West Cove, Summer village","4813006","Improved land",230,0,0,0,0
2022,"West Cove, Summer village","4813006","Total",285,0,0,0,0
2022,"West Cove, Summer village","4813006","Vacant",50,0,0,0,0
2022,"West Elgin, Municipality","3534042","Improved land",2110,2075,2060,30,50
2022,"West Elgin, Municipality","3534042","Total",2315,2275,2260,40,55
2022,"West Elgin, Municipality","3534042","Vacant",205,200,200,5,5
2022,"West End, Resort village","4705050","Improved land",40,0,0,0,0
2022,"West End, Resort village","4705050","Total",85,0,0,0,0
2022,"West End, Resort village","4705050","Vacant",45,0,0,0,0
2022,"West Grey, Municipality","3542004","Improved land",5460,5395,5325,65,135
2022,"West Grey, Municipality","3542004","Total",6350,6260,6175,90,175
2022,"West Grey, Municipality","3542004","Vacant",890,865,850,25,40
2022,"West Hants, Rural municipality","1208003","Improved land",8150,8040,7915,115,240
2022,"West Hants, Rural municipality","1208003","Total",10040,9835,9665,205,375
2022,"West Hants, Rural municipality","1208003","Vacant",1885,1795,1750,90,135
2022,"West Interlake, Municipality","4618056","Improved land",1145,1115,1105,30,35
2022,"West Interlake, Municipality","4618056","Total",1580,1545,1525,35,55
2022,"West Interlake, Municipality","4618056","Vacant",435,430,420,5,15
2022,"West Isles, Parish","1302006","Improved land",535,440,430,95,100
2022,"West Isles, Parish","1302006","Total",1010,810,765,200,245
2022,"West Isles, Parish","1302006","Vacant",475,370,335,105,140
2022,"West Kelowna, City","5935029","Improved land",12990,12840,12685,160,315
2022,"West Kelowna, City","5935029","Total",13485,13320,13165,165,320
2022,"West Kelowna, City","5935029","Vacant",485,480,480,5,5
2022,"West Lincoln, Township","3526021","Improved land",5270,5245,5220,25,50
2022,"West Lincoln, Township","3526021","Total",5500,5475,5450,25,55
2022,"West Lincoln, Township","3526021","Vacant",230,230,230,0,0
2022,"West Nipissing, Municipality","3548055","Improved land",6380,6215,6145,165,235
2022,"West Nipissing, Municipality","3548055","Total",8455,8225,8125,230,330
2022,"West Nipissing, Municipality","3548055","Vacant",2075,2010,1980,65,95
2022,"West Perth, Municipality","3531025","Improved land",3330,3320,3305,10,25
2022,"West Perth, Municipality","3531025","Total",3535,3525,3510,10,25
2022,"West Perth, Municipality","3531025","Vacant",205,205,205,0,0
2022,"West Point, Fire district","1103066","Improved land",155,140,135,10,15
2022,"West Point, Fire district","1103066","Total",180,165,160,10,15
2022,"West Point, Fire district","1103066","Vacant",25,25,25,0,0
2022,"West River, Rural municipality","1102068","Improved land",1935,1855,1800,70,125
2022,"West River, Rural municipality","1102068","Total",2105,2020,1960,75,135
2022,"West River, Rural municipality","1102068","Vacant",170,165,160,5,10
2022,"West St. Paul, Rural municipality","4613037","Improved land",2125,2110,2090,15,35
2022,"West St. Paul, Rural municipality","4613037","Total",2850,2825,2800,25,50
2022,"West St. Paul, Rural municipality","4613037","Vacant",725,715,710,10,15
2022,"West Vancouver, District municipality","5915055","Improved land",15595,14760,14465,835,1130
2022,"West Vancouver, District municipality","5915055","Total",16190,15330,15020,860,1170
2022,"West Vancouver, District municipality","5915055","Vacant",595,570,555,25,40
2022,"WestLake-Gladstone, Municipality","4608060","Improved land",1145,1130,1115,15,30
2022,"WestLake-Gladstone, Municipality","4608060","Total",1455,1425,1410,30,45
2022,"WestLake-Gladstone, Municipality","4608060","Vacant",310,295,295,15,15
2022,"Westfield, Parish","1305011","Improved land",1180,1145,1115,35,65
2022,"Westfield, Parish","1305011","Total",1740,1685,1640,55,100
2022,"Westfield, Parish","1305011","Vacant",560,540,525,20,35
2022,"Westlock, Town","4813031","Improved land",1865,0,0,0,0
2022,"Westlock, Town","4813031","Total",1980,0,0,0,0
2022,"Westlock, Town","4813031","Vacant",110,0,0,0,0
2022,"Westmorland, Parish","1307001","Improved land",585,575,555,15,35
2022,"Westmorland, Parish","1307001","Total",855,820,790,35,65
2022,"Westmorland, Parish","1307001","Vacant",265,245,235,20,30
2022,"Westport, Town","1008093","Improved land",0,0,0,0,0
2022,"Westport, Town","1008093","Total",145,135,135,10,10
2022,"Westport, Town","1008093","Vacant",0,0,0,0,0
2022,"Westport, Village","3507033","Improved land",320,310,310,10,10
2022,"Westport, Village","3507033","Total",370,360,360,10,10
2022,"Westport, Village","3507033","Vacant",50,50,50,0,0
2022,"Westville, Town","1212008","Improved land",1360,1345,1330,15,30
2022,"Westville, Town","1212008","Total",1560,1535,1515,25,40
2022,"Westville, Town","1212008","Vacant",200,190,190,10,10
2022,"Wetaskiwin County No. 10, Municipal district","4811001","Improved land",5435,0,0,0,0
2022,"Wetaskiwin County No. 10, Municipal district","4811001","Total",7090,0,0,0,0
2022,"Wetaskiwin County No. 10, Municipal district","4811001","Vacant",1655,0,0,0,0
2022,"Wetaskiwin, Census agglomeration (CA)","865","Improved land",4170,0,0,0,0
2022,"Wetaskiwin, Census agglomeration (CA)","865","Total",4310,0,0,0,0
2022,"Wetaskiwin, Census agglomeration (CA)","865","Vacant",140,0,0,0,0
2022,"Wetaskiwin, City","4811002","Improved land",4170,0,0,0,0
2022,"Wetaskiwin, City","4811002","Total",4310,0,0,0,0
2022,"Wetaskiwin, City","4811002","Vacant",140,0,0,0,0
2022,"Weyakwin, Northern hamlet","4718015","Improved land",35,0,0,0,0
2022,"Weyakwin, Northern hamlet","4718015","Total",80,0,0,0,0
2022,"Weyakwin, Northern hamlet","4718015","Vacant",45,0,0,0,0
2022,"Weyburn No. 67, Rural municipality","4702044","Improved land",425,0,0,0,0
2022,"Weyburn No. 67, Rural municipality","4702044","Total",475,0,0,0,0
2022,"Weyburn No. 67, Rural municipality","4702044","Vacant",50,0,0,0,0
2022,"Weyburn, Census agglomeration (CA)","755","Improved land",4570,0,0,0,0
2022,"Weyburn, Census agglomeration (CA)","755","Total",4990,0,0,0,0
2022,"Weyburn, Census agglomeration (CA)","755","Vacant",420,0,0,0,0
2022,"Weyburn, City","4702047","Improved land",4105,0,0,0,0
2022,"Weyburn, City","4702047","Total",4465,0,0,0,0
2022,"Weyburn, City","4702047","Vacant",360,0,0,0,0
2022,"Whale Cove, Hamlet","6205016","Improved land",0,0,0,0,0
2022,"Whale Cove, Hamlet","6205016","Total",185,180,180,5,5
2022,"Whale Cove, Hamlet","6205016","Vacant",0,0,0,0,0
2022,"Wheatland County, Municipal district","4805012","Improved land",3055,0,0,0,0
2022,"Wheatland County, Municipal district","4805012","Total",3540,0,0,0,0
2022,"Wheatland County, Municipal district","4805012","Vacant",490,0,0,0,0
2022,"Wheatlands No. 163, Rural municipality","4707032","Improved land",60,0,0,0,0
2022,"Wheatlands No. 163, Rural municipality","4707032","Total",130,0,0,0,0
2022,"Wheatlands No. 163, Rural municipality","4707032","Vacant",70,0,0,0,0
2022,"Whiska Creek No. 106, Rural municipality","4703059","Improved land",140,0,0,0,0
2022,"Whiska Creek No. 106, Rural municipality","4703059","Total",205,0,0,0,0
2022,"Whiska Creek No. 106, Rural municipality","4703059","Vacant",65,0,0,0,0
2022,"Whispering Hills, Summer village","4813061","Improved land",175,0,0,0,0
2022,"Whispering Hills, Summer village","4813061","Total",220,0,0,0,0
2022,"Whispering Hills, Summer village","4813061","Vacant",45,0,0,0,0
2022,"Whistler, District municipality","5931020","Improved land",10095,8850,8595,1245,1510
2022,"Whistler, District municipality","5931020","Total",10370,9105,8840,1265,1530
2022,"Whistler, District municipality","5931020","Vacant",275,255,255,20,20
2022,"Whitbourne, Town","1001298","Improved land",0,0,0,0,0
2022,"Whitbourne, Town","1001298","Total",795,785,770,10,25
2022,"Whitbourne, Town","1001298","Vacant",0,0,0,0,0
2022,"Whitby, Town","3518009","Improved land",42465,42105,41800,350,665
2022,"Whitby, Town","3518009","Total",44950,44590,44275,360,675
2022,"Whitby, Town","3518009","Vacant",2495,2485,2475,10,20
2022,"Whitchurch-Stouffville, Town","3519044","Improved land",16255,16060,15935,195,320
2022,"Whitchurch-Stouffville, Town","3519044","Total",17085,16885,16750,200,335
2022,"Whitchurch-Stouffville, Town","3519044","Vacant",830,825,815,5,15
2022,"White City, Town","4706030","Improved land",1250,0,0,0,0
2022,"White City, Town","4706030","Total",1280,0,0,0,0
2022,"White City, Town","4706030","Vacant",30,0,0,0,0
2022,"White Fox, Village","4714079","Improved land",180,0,0,0,0
2022,"White Fox, Village","4714079","Total",225,0,0,0,0
2022,"White Fox, Village","4714079","Vacant",45,0,0,0,0
2022,"White River, Township","3557091","Improved land",330,320,310,10,20
2022,"White River, Township","3557091","Total",510,500,485,10,25
2022,"White River, Township","3557091","Vacant",180,180,175,0,5
2022,"White Rock, City","5915007","Improved land",8810,8555,8400,250,405
2022,"White Rock, City","5915007","Total",8885,8635,8475,250,410
2022,"White Rock, City","5915007","Vacant",80,80,75,0,5
2022,"White Sands, Summer village","4807027","Improved land",280,0,0,0,0
2022,"White Sands, Summer village","4807027","Total",410,0,0,0,0
2022,"White Sands, Summer village","4807027","Vacant",130,0,0,0,0
2022,"White Valley No. 49, Rural municipality","4704024","Improved land",60,0,0,0,0
2022,"White Valley No. 49, Rural municipality","4704024","Total",205,0,0,0,0
2022,"White Valley No. 49, Rural municipality","4704024","Vacant",145,0,0,0,0
2022,"Whitecourt, Town","4813030","Improved land",2795,0,0,0,0
2022,"Whitecourt, Town","4813030","Total",2915,0,0,0,0
2022,"Whitecourt, Town","4813030","Vacant",115,0,0,0,0
2022,"Whitehead, Rural municipality","4607057","Improved land",655,650,640,5,15
2022,"Whitehead, Rural municipality","4607057","Total",740,735,725,5,25
2022,"Whitehead, Rural municipality","4607057","Vacant",85,85,85,0,0
2022,"Whitehorse, Census agglomeration (CA)","990","Improved land",10405,0,0,0,0
2022,"Whitehorse, Census agglomeration (CA)","990","Total",11355,0,0,0,0
2022,"Whitehorse, Census agglomeration (CA)","990","Vacant",960,0,0,0,0
2022,"Whitehorse, City","6001009","Improved land",8860,8620,8375,240,485
2022,"Whitehorse, City","6001009","Total",9495,9250,8995,245,500
2022,"Whitehorse, City","6001009","Vacant",635,630,620,5,15
2022,"Whitehorse, Unorganized, Unorganized","6001060","Improved land",170,0,0,0,0
2022,"Whitehorse, Unorganized, Unorganized","6001060","Total",205,0,0,0,0
2022,"Whitehorse, Unorganized, Unorganized","6001060","Vacant",35,0,0,0,0
2022,"Whitemouth, Rural municipality","4601046","Improved land",755,735,720,20,35
2022,"Whitemouth, Rural municipality","4601046","Total",980,950,930,30,50
2022,"Whitemouth, Rural municipality","4601046","Vacant",225,215,210,10,15
2022,"Whitestone, Municipality","3549039","Improved land",1910,1835,1795,75,115
2022,"Whitestone, Municipality","3549039","Total",2730,2610,2540,120,190
2022,"Whitestone, Municipality","3549039","Vacant",820,775,745,45,75
2022,"Whitewater Region, Township","3547056","Improved land",3315,3265,3250,50,65
2022,"Whitewater Region, Township","3547056","Total",4405,4335,4300,70,105
2022,"Whitewater Region, Township","3547056","Vacant",1090,1070,1050,20,40
2022,"Whiteway, Town","1001308","Improved land",0,0,0,0,0
2022,"Whiteway, Town","1001308","Total",225,220,215,5,10
2022,"Whiteway, Town","1001308","Vacant",0,0,0,0,0
2022,"Whitewood, Town","4705034","Improved land",420,0,0,0,0
2022,"Whitewood, Town","4705034","Total",520,0,0,0,0
2022,"Whitewood, Town","4705034","Vacant",100,0,0,0,0
2022,"Wickham, Parish","1304008","Improved land",480,465,445,15,35
2022,"Wickham, Parish","1304008","Total",725,695,660,30,65
2022,"Wickham, Parish","1304008","Vacant",245,230,215,15,30
2022,"Wicklow, Parish","1311031","Improved land",680,665,650,15,30
2022,"Wicklow, Parish","1311031","Total",930,900,880,35,55
2022,"Wicklow, Parish","1311031","Vacant",255,235,230,20,25
2022,"Wilcox, Village","4706014","Improved land",95,0,0,0,0
2022,"Wilcox, Village","4706014","Total",110,0,0,0,0
2022,"Wilcox, Village","4706014","Vacant",15,0,0,0,0
2022,"Wilkie, Town","4713069","Improved land",560,0,0,0,0
2022,"Wilkie, Town","4713069","Total",685,0,0,0,0
2022,"Wilkie, Town","4713069","Vacant",125,0,0,0,0
2022,"Williams Lake, Census agglomeration (CA)","950","Improved land",8405,8245,8130,155,265
2022,"Williams Lake, Census agglomeration (CA)","950","Total",10575,10375,10240,200,335
2022,"Williams Lake, Census agglomeration (CA)","950","Vacant",2175,2130,2105,45,70
2022,"Williams Lake, City","5941009","Improved land",3330,3295,3265,35,65
2022,"Williams Lake, City","5941009","Total",3455,3420,3390,35,65
2022,"Williams Lake, City","5941009","Vacant",125,125,125,0,0
2022,"Willner No. 253, Rural municipality","4711016","Improved land",100,0,0,0,0
2022,"Willner No. 253, Rural municipality","4711016","Total",105,0,0,0,0
2022,"Willner No. 253, Rural municipality","4711016","Vacant",5,0,0,0,0
2022,"Willow Bunch No. 42, Rural municipality","4703026","Improved land",80,0,0,0,0
2022,"Willow Bunch No. 42, Rural municipality","4703026","Total",320,0,0,0,0
2022,"Willow Bunch No. 42, Rural municipality","4703026","Vacant",240,0,0,0,0
2022,"Willow Bunch, Town","4703028","Improved land",185,0,0,0,0
2022,"Willow Bunch, Town","4703028","Total",235,0,0,0,0
2022,"Willow Bunch, Town","4703028","Vacant",50,0,0,0,0
2022,"Willow Creek No. 26, Municipal district","4803018","Improved land",1945,0,0,0,0
2022,"Willow Creek No. 26, Municipal district","4803018","Total",2090,0,0,0,0
2022,"Willow Creek No. 26, Municipal district","4803018","Vacant",145,0,0,0,0
2022,"Willow Creek No. 458, Rural municipality","4714053","Improved land",350,0,0,0,0
2022,"Willow Creek No. 458, Rural municipality","4714053","Total",460,0,0,0,0
2022,"Willow Creek No. 458, Rural municipality","4714053","Vacant",110,0,0,0,0
2022,"Willowdale No. 153, Rural municipality","4705033","Improved land",160,0,0,0,0
2022,"Willowdale No. 153, Rural municipality","4705033","Total",195,0,0,0,0
2022,"Willowdale No. 153, Rural municipality","4705033","Vacant",35,0,0,0,0
2022,"Wilmot, Parish","1311018","Improved land",430,420,405,10,25
2022,"Wilmot, Parish","1311018","Total",595,575,550,20,45
2022,"Wilmot, Parish","1311018","Vacant",165,155,145,10,20
2022,"Wilmot, Township","3530020","Improved land",6970,6945,6925,25,45
2022,"Wilmot, Township","3530020","Total",7230,7205,7180,25,50
2022,"Wilmot, Township","3530020","Vacant",265,265,265,0,0
2022,"Wilton No. 472, Rural municipality","4717022","Improved land",585,0,0,0,0
2022,"Wilton No. 472, Rural municipality","4717022","Total",695,0,0,0,0
2022,"Wilton No. 472, Rural municipality","4717022","Vacant",110,0,0,0,0
2022,"Windsor, Census metropolitan area (CMA)","559","Improved land",145735,143370,142130,2360,3610
2022,"Windsor, Census metropolitan area (CMA)","559","Total",152565,149995,148690,2570,3875
2022,"Windsor, Census metropolitan area (CMA)","559","Vacant",6830,6620,6570,210,260
2022,"Windsor, City","3537039","Improved land",77580,76250,75490,1345,2105
2022,"Windsor, City","3537039","Total",79250,77875,77100,1375,2150
2022,"Windsor, City","3537039","Vacant",1670,1635,1615,35,55
2022,"Windthorst, Village","4705019","Improved land",110,0,0,0,0
2022,"Windthorst, Village","4705019","Total",135,0,0,0,0
2022,"Windthorst, Village","4705019","Vacant",25,0,0,0,0
2022,"Winkler, Census agglomeration (CA)","603","Improved land",10000,9920,9785,70,215
2022,"Winkler, Census agglomeration (CA)","603","Total",10885,10810,10665,75,220
2022,"Winkler, Census agglomeration (CA)","603","Vacant",890,885,880,5,10
2022,"Winkler, City","4603050","Improved land",4455,4430,4365,25,90
2022,"Winkler, City","4603050","Total",4935,4905,4845,30,90
2022,"Winkler, City","4603050","Vacant",485,480,480,5,10
2022,"Winnipeg Beach, Town","4618034","Improved land",1515,1470,1445,40,65
2022,"Winnipeg Beach, Town","4618034","Total",1710,1660,1630,50,80
2022,"Winnipeg Beach, Town","4618034","Vacant",200,190,185,10,15
2022,"Winnipeg, Census metropolitan area (CMA)","602","Improved land",248965,245180,242500,3785,6475
2022,"Winnipeg, Census metropolitan area (CMA)","602","Total",259565,255610,252835,3955,6735
2022,"Winnipeg, Census metropolitan area (CMA)","602","Vacant",10600,10430,10335,170,265
2022,"Winnipeg, City","4611040","Improved land",219060,215640,213305,3420,5755
2022,"Winnipeg, City","4611040","Total",225100,221600,219225,3500,5875
2022,"Winnipeg, City","4611040","Vacant",6040,5960,5920,80,120
2022,"Winsloe North, Fire district","1102069","Improved land",125,120,120,5,5
2022,"Winsloe North, Fire district","1102069","Total",140,135,135,5,5
2022,"Winsloe North, Fire district","1102069","Vacant",15,15,15,0,0
2022,"Winslow No. 319, Rural municipality","4713028","Improved land",150,0,0,0,0
2022,"Winslow No. 319, Rural municipality","4713028","Total",180,0,0,0,0
2022,"Winslow No. 319, Rural municipality","4713028","Vacant",30,0,0,0,0
2022,"Winterland, Town","1002023","Improved land",0,0,0,0,0
2022,"Winterland, Town","1002023","Total",220,215,215,5,5
2022,"Winterland, Town","1002023","Vacant",0,0,0,0,0
2022,"Winterton, Town","1001332","Improved land",0,0,0,0,0
2022,"Winterton, Town","1001332","Total",440,420,420,15,20
2022,"Winterton, Town","1001332","Vacant",0,0,0,0,0
2022,"Wise Creek No. 77, Rural municipality","4704028","Improved land",30,0,0,0,0
2022,"Wise Creek No. 77, Rural municipality","4704028","Total",140,0,0,0,0
2022,"Wise Creek No. 77, Rural municipality","4704028","Vacant",110,0,0,0,0
2022,"Wiseton, Village","4712014","Improved land",65,0,0,0,0
2022,"Wiseton, Village","4712014","Total",110,0,0,0,0
2022,"Wiseton, Village","4712014","Vacant",45,0,0,0,0
2022,"Witless Bay, Town","1001559","Improved land",0,0,0,0,0
2022,"Witless Bay, Town","1001559","Total",880,850,830,30,50
2022,"Witless Bay, Town","1001559","Vacant",0,0,0,0,0
2022,"Wolfville, Town","1207024","Improved land",1415,1385,1365,30,45
2022,"Wolfville, Town","1207024","Total",1575,1540,1520,35,55
2022,"Wolfville, Town","1207024","Vacant",160,155,155,5,5
2022,"Wollaston, Township","3512054","Improved land",855,815,800,40,55
2022,"Wollaston, Township","3512054","Total",1445,1355,1330,90,115
2022,"Wollaston, Township","3512054","Vacant",590,540,530,50,60
2022,"Wolseley No. 155, Rural municipality","4705027","Improved land",175,0,0,0,0
2022,"Wolseley No. 155, Rural municipality","4705027","Total",215,0,0,0,0
2022,"Wolseley No. 155, Rural municipality","4705027","Vacant",40,0,0,0,0
2022,"Wolseley, Town","4705024","Improved land",375,0,0,0,0
2022,"Wolseley, Town","4705024","Total",475,0,0,0,0
2022,"Wolseley, Town","4705024","Vacant",100,0,0,0,0
2022,"Wolverine No. 340, Rural municipality","4711096","Improved land",270,0,0,0,0
2022,"Wolverine No. 340, Rural municipality","4711096","Total",280,0,0,0,0
2022,"Wolverine No. 340, Rural municipality","4711096","Vacant",10,0,0,0,0
2022,"Wood Buffalo, Census agglomeration (CA)","860","Improved land",24820,0,0,0,0
2022,"Wood Buffalo, Census agglomeration (CA)","860","Total",26275,0,0,0,0
2022,"Wood Buffalo, Census agglomeration (CA)","860","Vacant",1455,0,0,0,0
2022,"Wood Buffalo, Specialized municipality","4816037","Improved land",24820,0,0,0,0
2022,"Wood Buffalo, Specialized municipality","4816037","Total",26275,0,0,0,0
2022,"Wood Buffalo, Specialized municipality","4816037","Vacant",1455,0,0,0,0
2022,"Wood Creek No. 281, Rural municipality","4711039","Improved land",55,0,0,0,0
2022,"Wood Creek No. 281, Rural municipality","4711039","Total",125,0,0,0,0
2022,"Wood Creek No. 281, Rural municipality","4711039","Vacant",70,0,0,0,0
2022,"Wood Mountain, Village","4703012","Improved land",25,0,0,0,0
2022,"Wood Mountain, Village","4703012","Total",65,0,0,0,0
2022,"Wood Mountain, Village","4703012","Vacant",40,0,0,0,0
2022,"Wood River No. 74, Rural municipality","4703042","Improved land",180,0,0,0,0
2022,"Wood River No. 74, Rural municipality","4703042","Total",290,0,0,0,0
2022,"Wood River No. 74, Rural municipality","4703042","Vacant",110,0,0,0,0
2022,"Woodlands County, Municipal district","4813029","Improved land",1940,0,0,0,0
2022,"Woodlands County, Municipal district","4813029","Total",2425,0,0,0,0
2022,"Woodlands County, Municipal district","4813029","Vacant",485,0,0,0,0
2022,"Woodlands, Rural municipality","4614031","Improved land",1375,1345,1330,20,35
2022,"Woodlands, Rural municipality","4614031","Total",1655,1630,1615,25,40
2022,"Woodlands, Rural municipality","4614031","Vacant",290,285,285,5,5
2022,"Woodstock, Census agglomeration (CA)","544","Improved land",16765,16650,16570,115,200
2022,"Woodstock, Census agglomeration (CA)","544","Total",17565,17445,17355,120,210
2022,"Woodstock, Census agglomeration (CA)","544","Vacant",800,795,795,5,5
2022,"Woodstock, City","3532042","Improved land",16765,16650,16570,115,200
2022,"Woodstock, City","3532042","Total",17565,17445,17355,120,210
2022,"Woodstock, City","3532042","Vacant",800,795,795,5,5
2022,"Woodstock, Parish","1311004","Improved land",855,845,825,10,30
2022,"Woodstock, Parish","1311004","Total",1140,1120,1095,20,45
2022,"Woodstock, Parish","1311004","Vacant",285,275,270,10,15
2022,"Woodstock, Town","1008096","Improved land",0,0,0,0,0
2022,"Woodstock, Town","1008096","Total",135,130,130,5,5
2022,"Woodstock, Town","1008096","Vacant",0,0,0,0,0
2022,"Woodstock, Town","1311006","Improved land",1650,1630,1605,20,45
2022,"Woodstock, Town","1311006","Total",1830,1810,1785,25,50
2022,"Woodstock, Town","1311006","Vacant",185,180,180,5,5
2022,"Woody Point, Bonne Bay, Town","1009011","Improved land",0,0,0,0,0
2022,"Woody Point, Bonne Bay, Town","1009011","Total",320,295,290,25,30
2022,"Woody Point, Bonne Bay, Town","1009011","Vacant",0,0,0,0,0
2022,"Woolwich, Township","3530035","Improved land",8430,8405,8365,25,65
2022,"Woolwich, Township","3530035","Total",9085,9055,9015,25,70
2022,"Woolwich, Township","3530035","Vacant",655,655,650,0,5
2022,"Wreford No. 280, Rural municipality","4711042","Improved land",25,0,0,0,0
2022,"Wreford No. 280, Rural municipality","4711042","Total",60,0,0,0,0
2022,"Wreford No. 280, Rural municipality","4711042","Vacant",35,0,0,0,0
2022,"Wynyard, Town","4710047","Improved land",815,0,0,0,0
2022,"Wynyard, Town","4710047","Total",970,0,0,0,0
2022,"Wynyard, Town","4710047","Vacant",155,0,0,0,0
2022,"Yarbo, Village","4705049","Improved land",45,0,0,0,0
2022,"Yarbo, Village","4705049","Total",60,0,0,0,0
2022,"Yarbo, Village","4705049","Vacant",15,0,0,0,0
2022,"Yarmouth, Municipal district","1202004","Improved land",5175,4970,4880,205,295
2022,"Yarmouth, Municipal district","1202004","Total",6225,5815,5700,410,525
2022,"Yarmouth, Municipal district","1202004","Vacant",1050,845,820,205,230
2022,"Yarmouth, Town","1202006","Improved land",2125,2085,2050,40,75
2022,"Yarmouth, Town","1202006","Total",2430,2385,2345,45,85
2022,"Yarmouth, Town","1202006","Vacant",305,300,295,5,10
2022,"Yellow Grass, Town","4702072","Improved land",205,0,0,0,0
2022,"Yellow Grass, Town","4702072","Total",250,0,0,0,0
2022,"Yellow Grass, Town","4702072","Vacant",45,0,0,0,0
2022,"Yellowhead County, Municipal district","4814003","Improved land",4785,0,0,0,0
2022,"Yellowhead County, Municipal district","4814003","Total",5565,0,0,0,0
2022,"Yellowhead County, Municipal district","4814003","Vacant",775,0,0,0,0
2022,"Yellowhead, Rural municipality","4615063","Improved land",1105,1075,1065,30,40
2022,"Yellowhead, Rural municipality","4615063","Total",1560,1495,1480,65,80
2022,"Yellowhead, Rural municipality","4615063","Vacant",455,420,415,35,40
2022,"Yellowknife, Census agglomeration (CA)","995","Improved land",0,0,0,0,0
2022,"Yellowknife, Census agglomeration (CA)","995","Total",5610,5525,5470,85,140
2022,"Yellowknife, Census agglomeration (CA)","995","Vacant",0,0,0,0,0
2022,"Yellowknife, City","6106023","Improved land",0,0,0,0,0
2022,"Yellowknife, City","6106023","Total",5610,5525,5470,85,140
2022,"Yellowknife, City","6106023","Vacant",0,0,0,0,0
2022,"Yellowstone, Summer village","4813007","Improved land",145,0,0,0,0
2022,"Yellowstone, Summer village","4813007","Total",165,0,0,0,0
2022,"Yellowstone, Summer village","4813007","Vacant",20,0,0,0,0
2022,"York Harbour, Town","1005035","Improved land",0,0,0,0,0
2022,"York Harbour, Town","1005035","Total",335,320,305,15,30
2022,"York Harbour, Town","1005035","Vacant",0,0,0,0,0
2022,"York, Rural municipality","1102061","Improved land",160,155,160,5,10
2022,"York, Rural municipality","1102061","Total",170,165,170,5,10
2022,"York, Rural municipality","1102061","Vacant",10,10,10,0,0
2022,"Yorkton, Census agglomeration (CA)","710","Improved land",7530,0,0,0,0
2022,"Yorkton, Census agglomeration (CA)","710","Total",8295,0,0,0,0
2022,"Yorkton, Census agglomeration (CA)","710","Vacant",765,0,0,0,0
2022,"Yorkton, City","4709012","Improved land",5920,0,0,0,0
2022,"Yorkton, City","4709012","Total",6275,0,0,0,0
2022,"Yorkton, City","4709012","Vacant",355,0,0,0,0
2022,"Young, Village","4711056","Improved land",135,0,0,0,0
2022,"Young, Village","4711056","Total",165,0,0,0,0
2022,"Young, Village","4711056","Vacant",30,0,0,0,0
2022,"Yukon","60","Improved land",14340,0,0,0,0
2022,"Yukon","60","Total",18580,0,0,0,0
2022,"Yukon","60","Vacant",4240,0,0,0,0
2022,"Yukon, Unorganized, Unorganized","6001045","Improved land",1100,0,0,0,0
2022,"Yukon, Unorganized, Unorganized","6001045","Total",3045,0,0,0,0
2022,"Yukon, Unorganized, Unorganized","6001045","Vacant",1945,0,0,0,0
2022,"Zealandia, Town","4712008","Improved land",50,0,0,0,0
2022,"Zealandia, Town","4712008","Total",100,0,0,0,0
2022,"Zealandia, Town","4712008","Vacant",45,0,0,0,0
2022,"Zeballos, Village","5924029","Improved land",95,85,80,10,15
2022,"Zeballos, Village","5924029","Total",120,115,105,10,20
2022,"Zeballos, Village","5924029","Vacant",30,30,25,0,5
2022,"Zelma, Village","4711058","Improved land",20,0,0,0,0
2022,"Zelma, Village","4711058","Total",50,0,0,0,0
2022,"Zelma, Village","4711058","Vacant",30,0,0,0,0
2022,"Zenon Park, Village","4714061","Improved land",80,0,0,0,0
2022,"Zenon Park, Village","4714061","Total",145,0,0,0,0
2022,"Zenon Park, Village","4714061","Vacant",65,0,0,0,0
2022,"Zorra, Township","3532027","Improved land",3100,3090,3075,10,25
2022,"Zorra, Township","3532027","Total",3280,3265,3250,15,30
2022,"Zorra, Township","3532027","Vacant",180,175,175,5,5
2022,"qathet A, Regional district electoral area","5927010","Improved land",1405,1340,1285,65,120
2022,"qathet A, Regional district electoral area","5927010","Total",2180,2070,1985,110,195
2022,"qathet A, Regional district electoral area","5927010","Vacant",775,730,700,45,75
2022,"qathet B, Regional district electoral area","5927012","Improved land",585,575,565,10,15
2022,"qathet B, Regional district electoral area","5927012","Total",645,635,630,10,15
2022,"qathet B, Regional district electoral area","5927012","Vacant",60,60,60,0,0
2022,"qathet C, Regional district electoral area","5927016","Improved land",915,900,875,15,40
2022,"qathet C, Regional district electoral area","5927016","Total",1020,1000,975,20,45
2022,"qathet C, Regional district electoral area","5927016","Vacant",105,100,100,5,5
2022,"qathet D, Regional district electoral area","5927018","Improved land",645,625,610,20,35
2022,"qathet D, Regional district electoral area","5927018","Total",875,845,825,30,50
2022,"qathet D, Regional district electoral area","5927018","Vacant",230,220,215,10,15
2022,"qathet E, Regional district electoral area","5927020","Improved land",315,290,270,25,45
2022,"qathet E, Regional district electoral area","5927020","Total",425,395,370,30,55
2022,"qathet E, Regional district electoral area","5927020","Vacant",110,105,100,5,10
2022,"Île-à-la-Crosse, Northern village","4718067","Improved land",450,0,0,0,0
2022,"Île-à-la-Crosse, Northern village","4718067","Total",635,0,0,0,0
2022,"Île-à-la-Crosse, Northern village","4718067","Vacant",185,0,0,0,0
2023,"Abbotsford - Mission, Census metropolitan area (CMA)","932","Improved land",54945,54350,53600,595,1350
2023,"Abbotsford - Mission, Census metropolitan area (CMA)","932","Total",56220,55585,54820,635,1400
2023,"Abbotsford - Mission, Census metropolitan area (CMA)","932","Vacant",1270,1235,1220,35,50
2023,"Abbotsford, City","5909052","Improved land",42690,42235,41685,450,1005
2023,"Abbotsford, City","5909052","Total",43370,42885,42330,485,1040
2023,"Abbotsford, City","5909052","Vacant",680,650,640,30,40
2023,"Aberdeen, Parish","1311026","Improved land",580,545,520,25,55
2023,"Aberdeen, Parish","1311026","Total",825,780,755,45,70
2023,"Aberdeen, Parish","1311026","Vacant",255,235,230,20,25
2023,"Abram-Village, Rural municipality","1103027","Improved land",140,140,135,0,5
2023,"Abram-Village, Rural municipality","1103027","Total",145,145,140,0,5
2023,"Abram-Village, Rural municipality","1103027","Vacant",5,5,5,0,0
2023,"Acadieville, Parish","1308024","Improved land",430,410,395,20,35
2023,"Acadieville, Parish","1308024","Total",705,670,650,35,55
2023,"Acadieville, Parish","1308024","Vacant",275,260,255,15,20
2023,"Addington Highlands, Township","3511035","Improved land",2550,2440,2380,110,170
2023,"Addington Highlands, Township","3511035","Total",3715,3530,3430,185,285
2023,"Addington Highlands, Township","3511035","Vacant",1165,1090,1050,75,115
2023,"Addington, Parish","1314012","Improved land",350,345,335,5,15
2023,"Addington, Parish","1314012","Total",480,475,460,5,20
2023,"Addington, Parish","1314012","Vacant",130,130,125,0,5
2023,"Adelaide-Metcalfe, Township","3539047","Improved land",1040,1030,1030,10,10
2023,"Adelaide-Metcalfe, Township","3539047","Total",1110,1095,1095,15,15
2023,"Adelaide-Metcalfe, Township","3539047","Vacant",70,65,65,5,5
2023,"Adjala-Tosorontio, Township","3543003","Improved land",3920,3890,3860,30,60
2023,"Adjala-Tosorontio, Township","3543003","Total",4175,4135,4100,45,75
2023,"Adjala-Tosorontio, Township","3543003","Vacant",260,245,240,15,15
2023,"Admaston/Bromley, Township","3547043","Improved land",1340,1330,1315,10,25
2023,"Admaston/Bromley, Township","3547043","Total",1775,1755,1730,20,45
2023,"Admaston/Bromley, Township","3547043","Vacant",435,425,415,10,20
2023,"Admirals Beach, Town","1001186","Improved land",0,0,0,0,0
2023,"Admirals Beach, Town","1001186","Total",110,105,105,5,5
2023,"Admirals Beach, Town","1001186","Vacant",0,0,0,0,0
2023,"Ajax, Town","3518005","Improved land",36040,35700,35385,345,655
2023,"Ajax, Town","3518005","Total",36670,36330,36005,340,665
2023,"Ajax, Town","3518005","Vacant",630,625,620,5,10
2023,"Alberni-Clayoquot A, Regional district electoral area","5923047","Improved land",325,290,275,35,60
2023,"Alberni-Clayoquot A, Regional district electoral area","5923047","Total",480,435,405,45,75
2023,"Alberni-Clayoquot A, Regional district electoral area","5923047","Vacant",155,145,140,10,15
2023,"Alberni-Clayoquot B, Regional district electoral area","5923033","Improved land",200,195,190,5,10
2023,"Alberni-Clayoquot B, Regional district electoral area","5923033","Total",245,240,235,5,10
2023,"Alberni-Clayoquot B, Regional district electoral area","5923033","Vacant",45,45,45,0,0
2023,"Alberni-Clayoquot C, Regional district electoral area","5923049","Improved land",390,370,360,20,30
2023,"Alberni-Clayoquot C, Regional district electoral area","5923049","Total",850,805,785,45,65
2023,"Alberni-Clayoquot C, Regional district electoral area","5923049","Vacant",460,435,425,25,35
2023,"Alberni-Clayoquot D, Regional district electoral area","5923035","Improved land",1110,1085,1040,25,70
2023,"Alberni-Clayoquot D, Regional district electoral area","5923035","Total",1375,1345,1295,30,80
2023,"Alberni-Clayoquot D, Regional district electoral area","5923035","Vacant",265,260,255,5,10
2023,"Alberni-Clayoquot E, Regional district electoral area","5923037","Improved land",1070,1060,1045,10,25
2023,"Alberni-Clayoquot E, Regional district electoral area","5923037","Total",1155,1140,1120,15,35
2023,"Alberni-Clayoquot E, Regional district electoral area","5923037","Vacant",85,80,75,5,10
2023,"Alberni-Clayoquot F, Regional district electoral area","5923039","Improved land",715,705,695,10,20
2023,"Alberni-Clayoquot F, Regional district electoral area","5923039","Total",795,785,775,10,20
2023,"Alberni-Clayoquot F, Regional district electoral area","5923039","Vacant",80,80,80,0,0
2023,"Alberton, Fire district","1103064","Improved land",1345,1290,1265,55,80
2023,"Alberton, Fire district","1103064","Total",1495,1440,1410,55,85
2023,"Alberton, Fire district","1103064","Vacant",150,150,145,0,5
2023,"Alberton, Town","1103052","Improved land",350,345,345,5,5
2023,"Alberton, Town","1103052","Total",380,375,375,5,5
2023,"Alberton, Town","1103052","Vacant",30,30,30,0,0
2023,"Alberton, Township","3559011","Improved land",365,360,360,5,5
2023,"Alberton, Township","3559011","Total",480,465,460,10,15
2023,"Alberton, Township","3559011","Vacant",110,105,100,5,10
2023,"Alert Bay, Village","5943008","Improved land",230,215,205,15,25
2023,"Alert Bay, Village","5943008","Total",300,270,255,30,45
2023,"Alert Bay, Village","5943008","Vacant",70,55,50,15,20
2023,"Alexander, Rural municipality","4601071","Improved land",4265,0,0,0,0
2023,"Alexander, Rural municipality","4601071","Total",5440,0,0,0,0
2023,"Alexander, Rural municipality","4601071","Vacant",1175,0,0,0,0
2023,"Alexandra, Rural municipality","1102013","Improved land",100,100,100,0,0
2023,"Alexandra, Rural municipality","1102013","Total",105,105,105,0,0
2023,"Alexandra, Rural municipality","1102013","Vacant",5,5,5,0,0
2023,"Alfred and Plantagenet, Township","3502023","Improved land",3910,3885,3865,30,50
2023,"Alfred and Plantagenet, Township","3502023","Total",4555,4515,4485,45,70
2023,"Alfred and Plantagenet, Township","3502023","Vacant",640,625,620,15,20
2023,"Algoma, Unorganized, North Part, Unorganized","3557095","Improved land",7115,6405,6295,710,820
2023,"Algoma, Unorganized, North Part, Unorganized","3557095","Total",10205,9060,8885,1145,1320
2023,"Algoma, Unorganized, North Part, Unorganized","3557095","Vacant",3090,2655,2590,435,500
2023,"Algonquin Highlands, Township","3546018","Improved land",4500,4335,4220,175,280
2023,"Algonquin Highlands, Township","3546018","Total",5655,5450,5320,210,340
2023,"Algonquin Highlands, Township","3546018","Vacant",1160,1125,1100,35,60
2023,"Allardville, Parish","1315006","Improved land",885,870,855,15,30
2023,"Allardville, Parish","1315006","Total",1285,1260,1240,25,45
2023,"Allardville, Parish","1315006","Vacant",400,390,385,10,15
2023,"Alma, Parish","1306007","Improved land",25,25,25,0,0
2023,"Alma, Parish","1306007","Total",70,65,60,5,10
2023,"Alma, Parish","1306007","Vacant",45,40,35,5,10
2023,"Alma, Village","1306006","Improved land",210,195,190,15,20
2023,"Alma, Village","1306006","Total",280,260,250,20,30
2023,"Alma, Village","1306006","Vacant",70,65,60,5,10
2023,"Alnwick, Parish","1309036","Improved land",1915,1865,1810,50,100
2023,"Alnwick, Parish","1309036","Total",2835,2725,2635,110,200
2023,"Alnwick, Parish","1309036","Vacant",920,860,820,60,100
2023,"Alnwick/Haldimand, Township","3514024","Improved land",3320,3280,3250,45,85
2023,"Alnwick/Haldimand, Township","3514024","Total",4135,4065,4020,70,115
2023,"Alnwick/Haldimand, Township","3514024","Vacant",815,790,775,25,40
2023,"Alonsa, Rural municipality","4617026","Improved land",645,0,0,0,0
2023,"Alonsa, Rural municipality","4617026","Total",1495,0,0,0,0
2023,"Alonsa, Rural municipality","4617026","Vacant",850,0,0,0,0
2023,"Altona, Town","4603040","Improved land",1465,0,0,0,0
2023,"Altona, Town","4603040","Total",1615,0,0,0,0
2023,"Altona, Town","4603040","Vacant",150,0,0,0,0
2023,"Amaranth, Township","3522008","Improved land",1420,1405,1385,15,35
2023,"Amaranth, Township","3522008","Total",1615,1590,1570,25,45
2023,"Amaranth, Township","3522008","Vacant",195,185,185,10,10
2023,"Amherst, Town","1211011","Improved land",2865,2820,2765,45,105
2023,"Amherst, Town","1211011","Total",3320,3265,3200,55,120
2023,"Amherst, Town","1211011","Vacant",455,445,435,10,20
2023,"Amherstburg, Town","3537028","Improved land",8940,8810,8745,130,195
2023,"Amherstburg, Town","3537028","Total",9860,9695,9625,165,235
2023,"Amherstburg, Town","3537028","Vacant",920,885,880,35,40
2023,"Anchor Point, Town","1009023","Improved land",0,0,0,0,0
2023,"Anchor Point, Town","1009023","Total",185,180,180,5,5
2023,"Anchor Point, Town","1009023","Vacant",0,0,0,0,0
2023,"Andover, Parish","1312001","Improved land",380,375,355,5,25
2023,"Andover, Parish","1312001","Total",550,535,515,15,35
2023,"Andover, Parish","1312001","Vacant",170,160,160,10,10
2023,"Anmore, Village","5915038","Improved land",705,675,660,25,45
2023,"Anmore, Village","5915038","Total",800,770,750,30,50
2023,"Anmore, Village","5915038","Vacant",95,90,90,5,5
2023,"Annandale - Little Pond - Howe Bay, Rural municipality","1101030","Improved land",195,180,170,15,25
2023,"Annandale - Little Pond - Howe Bay, Rural municipality","1101030","Total",220,200,190,20,30
2023,"Annandale - Little Pond - Howe Bay, Rural municipality","1101030","Vacant",25,20,20,5,5
2023,"Annapolis Royal, Town","1205008","Improved land",275,260,250,15,25
2023,"Annapolis Royal, Town","1205008","Total",300,280,270,20,30
2023,"Annapolis Royal, Town","1205008","Vacant",25,20,20,5,5
2023,"Annapolis, Subd. A, Subdivision of county municipality","1205004","Improved land",3425,3260,3195,160,230
2023,"Annapolis, Subd. A, Subdivision of county municipality","1205004","Total",4195,3965,3860,230,335
2023,"Annapolis, Subd. A, Subdivision of county municipality","1205004","Vacant",770,700,665,70,105
2023,"Annapolis, Subd. B, Subdivision of county municipality","1205009","Improved land",2140,2075,2030,65,110
2023,"Annapolis, Subd. B, Subdivision of county municipality","1205009","Total",2525,2430,2375,95,150
2023,"Annapolis, Subd. B, Subdivision of county municipality","1205009","Vacant",385,355,345,30,40
2023,"Annapolis, Subd. C, Subdivision of county municipality","1205014","Improved land",2335,2285,2245,50,90
2023,"Annapolis, Subd. C, Subdivision of county municipality","1205014","Total",2620,2560,2515,60,105
2023,"Annapolis, Subd. C, Subdivision of county municipality","1205014","Vacant",285,275,270,10,15
2023,"Annapolis, Subd. D, Subdivision of county municipality","1205001","Improved land",2015,1945,1900,70,115
2023,"Annapolis, Subd. D, Subdivision of county municipality","1205001","Total",2730,2590,2515,140,215
2023,"Annapolis, Subd. D, Subdivision of county municipality","1205001","Vacant",715,645,615,70,100
2023,"Antigonish, Subd. A, Subdivision of county municipality","1214001","Improved land",3940,3820,3725,120,215
2023,"Antigonish, Subd. A, Subdivision of county municipality","1214001","Total",4940,4755,4620,185,320
2023,"Antigonish, Subd. A, Subdivision of county municipality","1214001","Vacant",1000,935,895,65,105
2023,"Antigonish, Subd. B, Subdivision of county municipality","1214006","Improved land",2700,2620,2580,80,120
2023,"Antigonish, Subd. B, Subdivision of county municipality","1214006","Total",3355,3225,3165,130,190
2023,"Antigonish, Subd. B, Subdivision of county municipality","1214006","Vacant",655,605,585,50,70
2023,"Antigonish, Town","1214002","Improved land",1415,1385,1355,30,60
2023,"Antigonish, Town","1214002","Total",1570,1535,1500,35,70
2023,"Antigonish, Town","1214002","Vacant",155,150,145,5,10
2023,"Appleton, Town","1006011","Improved land",0,0,0,0,0
2023,"Appleton, Town","1006011","Total",330,320,315,10,15
2023,"Appleton, Town","1006011","Vacant",0,0,0,0,0
2023,"Arborg, Town","4618074","Improved land",430,0,0,0,0
2023,"Arborg, Town","4618074","Total",535,0,0,0,0
2023,"Arborg, Town","4618074","Vacant",105,0,0,0,0
2023,"Arctic Bay, Hamlet","6204018","Improved land",0,0,0,0,0
2023,"Arctic Bay, Hamlet","6204018","Total",385,385,380,0,5
2023,"Arctic Bay, Hamlet","6204018","Vacant",0,0,0,0,0
2023,"Argyle, Municipal district","1202001","Improved land",4100,3940,3890,160,210
2023,"Argyle, Municipal district","1202001","Total",4960,4680,4610,280,350
2023,"Argyle, Municipal district","1202001","Vacant",860,740,720,120,140
2023,"Argyle, Rural municipality","4604057","Improved land",505,0,0,0,0
2023,"Argyle, Rural municipality","4604057","Total",655,0,0,0,0
2023,"Argyle, Rural municipality","4604057","Vacant",150,0,0,0,0
2023,"Armour, Township","3549019","Improved land",1180,1150,1135,30,50
2023,"Armour, Township","3549019","Total",1740,1695,1665,45,75
2023,"Armour, Township","3549019","Vacant",555,540,530,15,25
2023,"Armstrong, City","5937028","Improved land",2050,2035,2005,15,45
2023,"Armstrong, City","5937028","Total",2085,2070,2040,15,45
2023,"Armstrong, City","5937028","Vacant",35,35,35,0,0
2023,"Armstrong, Rural municipality","4618037","Improved land",1030,0,0,0,0
2023,"Armstrong, Rural municipality","4618037","Total",1270,0,0,0,0
2023,"Armstrong, Rural municipality","4618037","Vacant",240,0,0,0,0
2023,"Armstrong, Township","3554036","Improved land",445,445,445,0,0
2023,"Armstrong, Township","3554036","Total",555,550,550,5,5
2023,"Armstrong, Township","3554036","Vacant",110,105,105,5,5
2023,"Arnold's Cove, Town","1001270","Improved land",0,0,0,0,0
2023,"Arnold's Cove, Town","1001270","Total",505,495,485,10,20
2023,"Arnold's Cove, Town","1001270","Vacant",0,0,0,0,0
2023,"Arnprior, Town","3547002","Improved land",3770,3735,3710,35,65
2023,"Arnprior, Town","3547002","Total",4095,4060,4030,35,65
2023,"Arnprior, Town","3547002","Vacant",325,325,325,0,0
2023,"Aroostook, Village","1312002","Improved land",150,145,145,5,15
2023,"Aroostook, Village","1312002","Total",175,170,160,5,15
2023,"Aroostook, Village","1312002","Vacant",25,25,25,0,0
2023,"Arran-Elderslie, Municipality","3541043","Improved land",2745,2715,2700,30,45
2023,"Arran-Elderslie, Municipality","3541043","Total",3165,3135,3115,30,50
2023,"Arran-Elderslie, Municipality","3541043","Vacant",420,420,415,0,5
2023,"Arviat, Hamlet","6205015","Improved land",0,0,0,0,0
2023,"Arviat, Hamlet","6205015","Total",590,585,580,5,10
2023,"Arviat, Hamlet","6205015","Vacant",0,0,0,0,0
2023,"Ashcroft, Village","5933019","Improved land",720,705,700,15,20
2023,"Ashcroft, Village","5933019","Total",775,760,755,15,20
2023,"Ashcroft, Village","5933019","Vacant",55,55,55,0,0
2023,"Ashfield-Colborne-Wawanosh, Township","3540063","Improved land",2675,2605,2575,75,105
2023,"Ashfield-Colborne-Wawanosh, Township","3540063","Total",3165,3070,3030,95,135
2023,"Ashfield-Colborne-Wawanosh, Township","3540063","Vacant",490,470,460,20,30
2023,"Asphodel-Norwood, Township","3515003","Improved land",1930,1910,1890,20,40
2023,"Asphodel-Norwood, Township","3515003","Total",2195,2175,2150,20,45
2023,"Asphodel-Norwood, Township","3515003","Vacant",265,265,260,0,5
2023,"Assiginack, Township","3551011","Improved land",820,770,755,55,65
2023,"Assiginack, Township","3551011","Total",1335,1235,1215,100,120
2023,"Assiginack, Township","3551011","Vacant",510,465,460,45,50
2023,"Athens, Township","3507042","Improved land",1340,1300,1285,40,55
2023,"Athens, Township","3507042","Total",1585,1520,1505,60,80
2023,"Athens, Township","3507042","Vacant",245,220,220,25,25
2023,"Atholville, Village","1314013","Improved land",1440,1430,1390,10,50
2023,"Atholville, Village","1314013","Total",1730,1715,1670,15,70
2023,"Atholville, Village","1314013","Vacant",290,285,280,5,10
2023,"Atikokan, Town","3559001","Improved land",1365,1340,1330,35,35
2023,"Atikokan, Town","3559001","Total",1675,1640,1625,35,50
2023,"Atikokan, Town","3559001","Vacant",310,300,295,10,15
2023,"Augusta, Township","3507006","Improved land",2955,2930,2905,25,45
2023,"Augusta, Township","3507006","Total",3470,3435,3410,35,60
2023,"Augusta, Township","3507006","Vacant",515,505,500,10,15
2023,"Aurora, Town","3519046","Improved land",20130,19780,19575,355,555
2023,"Aurora, Town","3519046","Total",20640,20285,20080,355,560
2023,"Aurora, Town","3519046","Vacant",510,505,505,5,5
2023,"Avondale, Town","1001464","Improved land",0,0,0,0,0
2023,"Avondale, Town","1001464","Total",545,525,515,20,30
2023,"Avondale, Town","1001464","Vacant",0,0,0,0,0
2023,"Aylmer, Town","3534011","Improved land",2440,2420,2405,20,35
2023,"Aylmer, Town","3534011","Total",2580,2560,2545,20,35
2023,"Aylmer, Town","3534011","Vacant",140,140,140,0,0
2023,"Badger, Town","1006026","Improved land",0,0,0,0,0
2023,"Badger, Town","1006026","Total",385,370,370,10,15
2023,"Badger, Town","1006026","Vacant",0,0,0,0,0
2023,"Baie Verte, Town","1008079","Improved land",0,0,0,0,0
2023,"Baie Verte, Town","1008079","Total",605,600,590,5,15
2023,"Baie Verte, Town","1008079","Vacant",0,0,0,0,0
2023,"Baine Harbour, Town","1002040","Improved land",0,0,0,0,0
2023,"Baine Harbour, Town","1002040","Total",100,95,95,5,5
2023,"Baine Harbour, Town","1002040","Vacant",0,0,0,0,0
2023,"Baker Lake, Hamlet","6205023","Improved land",0,0,0,0,0
2023,"Baker Lake, Hamlet","6205023","Total",615,615,615,0,0
2023,"Baker Lake, Hamlet","6205023","Vacant",0,0,0,0,0
2023,"Baldwin, Township","3552028","Improved land",325,320,315,5,10
2023,"Baldwin, Township","3552028","Total",425,415,410,10,15
2023,"Baldwin, Township","3552028","Vacant",100,95,95,5,5
2023,"Balmoral, Parish","1314005","Improved land",145,140,140,5,5
2023,"Balmoral, Parish","1314005","Total",210,215,205,5,5
2023,"Balmoral, Parish","1314005","Vacant",65,65,65,0,0
2023,"Balmoral, Village","1314006","Improved land",645,635,610,10,35
2023,"Balmoral, Village","1314006","Total",785,770,745,15,40
2023,"Balmoral, Village","1314006","Vacant",140,135,135,5,5
2023,"Bancroft, Town","3512061","Improved land",1665,1640,1620,25,45
2023,"Bancroft, Town","3512061","Total",2375,2315,2285,60,90
2023,"Bancroft, Town","3512061","Vacant",710,675,665,35,45
2023,"Barrie, Census metropolitan area (CMA)","568","Improved land",71630,70890,70290,750,1335
2023,"Barrie, Census metropolitan area (CMA)","568","Total",76890,76090,75465,800,1425
2023,"Barrie, Census metropolitan area (CMA)","568","Vacant",5260,5210,5175,50,85
2023,"Barrie, City","3543042","Improved land",47890,47425,47045,465,835
2023,"Barrie, City","3543042","Total",49870,49400,49015,470,855
2023,"Barrie, City","3543042","Vacant",1980,1975,1970,5,10
2023,"Barriere, District municipality","5933074","Improved land",645,635,630,10,15
2023,"Barriere, District municipality","5933074","Total",715,705,700,10,15
2023,"Barriere, District municipality","5933074","Vacant",70,70,70,0,0
2023,"Barrington, Municipal district","1201001","Improved land",3415,3310,3250,105,165
2023,"Barrington, Municipal district","1201001","Total",4220,4035,3955,185,265
2023,"Barrington, Municipal district","1201001","Vacant",805,725,705,80,100
2023,"Bas-Caraquet, Village","1315027","Improved land",665,655,630,10,35
2023,"Bas-Caraquet, Village","1315027","Total",1000,975,950,25,50
2023,"Bas-Caraquet, Village","1315027","Vacant",335,320,320,15,15
2023,"Bath, Village","1311030","Improved land",175,165,165,10,10
2023,"Bath, Village","1311030","Total",240,230,225,10,15
2023,"Bath, Village","1311030","Vacant",65,65,60,0,5
2023,"Bathurst, Census agglomeration (CA)","328","Improved land",12680,12510,12200,165,480
2023,"Bathurst, Census agglomeration (CA)","328","Total",16045,15780,15395,265,650
2023,"Bathurst, Census agglomeration (CA)","328","Vacant",3365,3265,3200,100,170
2023,"Bathurst, City","1315011","Improved land",4270,4200,4090,75,185
2023,"Bathurst, City","1315011","Total",5060,4960,4835,100,230
2023,"Bathurst, City","1315011","Vacant",785,760,745,25,40
2023,"Bathurst, Parish","1315008","Improved land",2420,2385,2330,35,90
2023,"Bathurst, Parish","1315008","Total",3565,3495,3420,70,145
2023,"Bathurst, Parish","1315008","Vacant",1145,1110,1090,35,55
2023,"Bauline, Town","1001512","Improved land",0,0,0,0,0
2023,"Bauline, Town","1001512","Total",265,250,245,15,20
2023,"Bauline, Town","1001512","Vacant",0,0,0,0,0
2023,"Bay Bulls, Town","1001557","Improved land",0,0,0,0,0
2023,"Bay Bulls, Town","1001557","Total",905,870,850,35,55
2023,"Bay Bulls, Town","1001557","Vacant",0,0,0,0,0
2023,"Bay L'Argent, Town","1002027","Improved land",0,0,0,0,0
2023,"Bay L'Argent, Town","1002027","Total",160,160,155,0,5
2023,"Bay L'Argent, Town","1002027","Vacant",0,0,0,0,0
2023,"Bay Roberts, Town","1001409","Improved land",0,0,0,0,0
2023,"Bay Roberts, Town","1001409","Total",3295,3210,3155,85,140
2023,"Bay Roberts, Town","1001409","Vacant",0,0,0,0,0
2023,"Bay de Verde, Town","1001347","Improved land",0,0,0,0,0
2023,"Bay de Verde, Town","1001347","Total",350,345,335,5,15
2023,"Bay de Verde, Town","1001347","Vacant",0,0,0,0,0
2023,"Bayham, Municipality","3534005","Improved land",2335,2315,2300,20,35
2023,"Bayham, Municipality","3534005","Total",2575,2545,2530,30,50
2023,"Bayham, Municipality","3534005","Vacant",240,230,230,10,10
2023,"Beachside, Town","1008066","Improved land",0,0,0,0,0
2023,"Beachside, Town","1008066","Total",115,115,115,0,0
2023,"Beachside, Town","1008066","Vacant",0,0,0,0,0
2023,"Beaubassin East, Rural community","1307005","Improved land",3460,3375,3245,85,215
2023,"Beaubassin East, Rural community","1307005","Total",4910,4740,4550,170,360
2023,"Beaubassin East, Rural community","1307005","Vacant",1445,1360,1300,85,145
2023,"Beausejour, Town","4612056","Improved land",1370,0,0,0,0
2023,"Beausejour, Town","4612056","Total",1475,0,0,0,0
2023,"Beausejour, Town","4612056","Vacant",105,0,0,0,0
2023,"Beaver Creek, Settlement","6001042","Improved land",40,0,0,0,0
2023,"Beaver Creek, Settlement","6001042","Total",70,0,0,0,0
2023,"Beaver Creek, Settlement","6001042","Vacant",30,0,0,0,0
2023,"Beckwith, Township","3509024","Improved land",3460,3435,3405,25,55
2023,"Beckwith, Township","3509024","Total",3910,3870,3830,40,80
2023,"Beckwith, Township","3509024","Vacant",450,435,425,15,25
2023,"Bedeque and Area, Rural municipality","1103015","Improved land",125,125,125,0,0
2023,"Bedeque and Area, Rural municipality","1103015","Total",130,130,130,0,0
2023,"Bedeque and Area, Rural municipality","1103015","Vacant",5,5,5,0,0
2023,"Belcarra, Village","5915036","Improved land",300,275,270,15,20
2023,"Belcarra, Village","5915036","Total",320,300,290,20,30
2023,"Belcarra, Village","5915036","Vacant",25,25,20,0,5
2023,"Belfast, Rural municipality","1102002","Improved land",1070,985,955,85,115
2023,"Belfast, Rural municipality","1102002","Total",1165,1075,1040,90,135
2023,"Belfast, Rural municipality","1102002","Vacant",95,90,85,5,10
2023,"Belledune, Village","1314025","Improved land",765,745,710,20,55
2023,"Belledune, Village","1314025","Total",1135,1090,1045,45,90
2023,"Belledune, Village","1314025","Vacant",370,345,335,25,35
2023,"Belleoram, Town","1003004","Improved land",0,0,0,0,0
2023,"Belleoram, Town","1003004","Total",185,185,180,0,5
2023,"Belleoram, Town","1003004","Vacant",0,0,0,0,0
2023,"Belleville - Quinte West, Census metropolitan area (CMA)","522","Improved land",37880,37540,37290,340,590
2023,"Belleville - Quinte West, Census metropolitan area (CMA)","522","Total",40695,40300,40015,395,680
2023,"Belleville - Quinte West, Census metropolitan area (CMA)","522","Vacant",2815,2760,2725,55,90
2023,"Belleville, City","3512005","Improved land",18740,18570,18460,170,280
2023,"Belleville, City","3512005","Total",19400,19220,19100,180,300
2023,"Belleville, City","3512005","Vacant",660,650,640,10,20
2023,"Beresford, Parish","1315012","Improved land",2815,2785,2725,30,90
2023,"Beresford, Parish","1315012","Total",3635,3585,3510,50,125
2023,"Beresford, Parish","1315012","Vacant",820,800,785,20,35
2023,"Beresford, Town","1315015","Improved land",1605,1590,1545,15,60
2023,"Beresford, Town","1315015","Total",1850,1830,1780,20,70
2023,"Beresford, Town","1315015","Vacant",245,240,235,5,10
2023,"Bertrand, Village","1315036","Improved land",605,595,575,10,30
2023,"Bertrand, Village","1315036","Total",1055,1030,1000,25,55
2023,"Bertrand, Village","1315036","Vacant",450,435,425,15,25
2023,"Berwick, Town","1207004","Improved land",825,820,805,5,20
2023,"Berwick, Town","1207004","Total",930,925,905,5,25
2023,"Berwick, Town","1207004","Vacant",105,105,100,0,5
2023,"Bifrost-Riverton, Municipality","4618076","Improved land",1530,0,0,0,0
2023,"Bifrost-Riverton, Municipality","4618076","Total",2035,0,0,0,0
2023,"Bifrost-Riverton, Municipality","4618076","Vacant",505,0,0,0,0
2023,"Billings, Township","3551021","Improved land",750,700,675,50,75
2023,"Billings, Township","3551021","Total",1205,1115,1075,90,130
2023,"Billings, Township","3551021","Vacant",455,415,400,40,55
2023,"Birchy Bay, Town","1008038","Improved land",0,0,0,0,0
2023,"Birchy Bay, Town","1008038","Total",295,290,290,5,5
2023,"Birchy Bay, Town","1008038","Vacant",0,0,0,0,0
2023,"Bird Cove, Town","1009026","Improved land",0,0,0,0,0
2023,"Bird Cove, Town","1009026","Total",115,110,110,5,5
2023,"Bird Cove, Town","1009026","Vacant",0,0,0,0,0
2023,"Bishop's Falls, Town","1006019","Improved land",0,0,0,0,0
2023,"Bishop's Falls, Town","1006019","Total",1445,1420,1395,25,50
2023,"Bishop's Falls, Town","1006019","Vacant",0,0,0,0,0
2023,"Black River-Matheson, Township","3556014","Improved land",1280,1240,1225,40,55
2023,"Black River-Matheson, Township","3556014","Total",2695,2490,2430,205,265
2023,"Black River-Matheson, Township","3556014","Vacant",1415,1250,1205,165,210
2023,"Blacks Harbour, Village","1302012","Improved land",380,365,355,15,25
2023,"Blacks Harbour, Village","1302012","Total",450,435,420,15,30
2023,"Blacks Harbour, Village","1302012","Vacant",70,70,65,0,5
2023,"Blackville, Parish","1309018","Improved land",1230,1150,1115,80,115
2023,"Blackville, Parish","1309018","Total",2110,1870,1805,240,305
2023,"Blackville, Parish","1309018","Vacant",880,720,690,160,190
2023,"Blackville, Village","1309019","Improved land",420,405,390,15,30
2023,"Blackville, Village","1309019","Total",585,560,545,25,40
2023,"Blackville, Village","1309019","Vacant",165,155,150,10,15
2023,"Blandford-Blenheim, Township","3532045","Improved land",2595,2580,2570,15,25
2023,"Blandford-Blenheim, Township","3532045","Total",2755,2740,2730,15,25
2023,"Blandford-Blenheim, Township","3532045","Vacant",160,160,160,0,0
2023,"Blind River, Town","3557038","Improved land",1930,1695,1675,235,255
2023,"Blind River, Town","3557038","Total",2655,2360,2330,295,325
2023,"Blind River, Town","3557038","Vacant",725,665,655,60,70
2023,"Blissfield, Parish","1309021","Improved land",305,290,280,15,25
2023,"Blissfield, Parish","1309021","Total",605,565,545,40,60
2023,"Blissfield, Parish","1309021","Vacant",300,275,265,25,35
2023,"Blissville, Parish","1303001","Improved land",390,380,370,10,20
2023,"Blissville, Parish","1303001","Total",530,515,500,15,30
2023,"Blissville, Parish","1303001","Vacant",140,135,130,5,10
2023,"Bluewater, Municipality","3540010","Improved land",4280,4125,4080,150,190
2023,"Bluewater, Municipality","3540010","Total",4770,4595,4545,175,225
2023,"Bluewater, Municipality","3540010","Vacant",500,475,465,25,35
2023,"Boissevain-Morton, Municipality","4605032","Improved land",950,0,0,0,0
2023,"Boissevain-Morton, Municipality","4605032","Total",1055,0,0,0,0
2023,"Boissevain-Morton, Municipality","4605032","Vacant",105,0,0,0,0
2023,"Bonavista, Town","1007023","Improved land",0,0,0,0,0
2023,"Bonavista, Town","1007023","Total",2250,2180,2150,70,100
2023,"Bonavista, Town","1007023","Vacant",0,0,0,0,0
2023,"Bonfield, Township","3548027","Improved land",1050,1030,1010,20,40
2023,"Bonfield, Township","3548027","Total",1540,1490,1460,50,80
2023,"Bonfield, Township","3548027","Vacant",490,460,450,30,40
2023,"Bonnechere Valley, Township","3547035","Improved land",2260,2220,2180,40,80
2023,"Bonnechere Valley, Township","3547035","Total",2980,2905,2840,75,140
2023,"Bonnechere Valley, Township","3547035","Vacant",720,685,660,35,60
2023,"Borden, Fire district","1103002","Improved land",435,425,410,10,25
2023,"Borden, Fire district","1103002","Total",470,460,445,10,25
2023,"Borden, Fire district","1103002","Vacant",35,35,35,0,0
2023,"Borden-Carleton, Town","1103005","Improved land",345,340,335,5,15
2023,"Borden-Carleton, Town","1103005","Total",385,380,370,5,15
2023,"Borden-Carleton, Town","1103005","Vacant",40,40,40,0,0
2023,"Botsford, Parish","1307004","Improved land",1150,1110,1045,40,100
2023,"Botsford, Parish","1307004","Total",1775,1665,1575,110,200
2023,"Botsford, Parish","1307004","Vacant",625,555,530,70,95
2023,"Botwood, Town","1006022","Improved land",0,0,0,0,0
2023,"Botwood, Town","1006022","Total",1430,1410,1385,20,45
2023,"Botwood, Town","1006022","Vacant",0,0,0,0,0
2023,"Bouctouche, Town","1308005","Improved land",860,845,810,15,50
2023,"Bouctouche, Town","1308005","Total",1095,1070,1030,25,65
2023,"Bouctouche, Town","1308005","Vacant",235,225,220,10,15
2023,"Bowen Island, Island municipality","5915062","Improved land",1905,1830,1765,75,140
2023,"Bowen Island, Island municipality","5915062","Total",2240,2145,2075,95,165
2023,"Bowen Island, Island municipality","5915062","Vacant",335,315,310,20,25
2023,"Bracebridge, Town","3544018","Improved land",8550,8400,8310,145,240
2023,"Bracebridge, Town","3544018","Total",10985,10755,10625,230,360
2023,"Bracebridge, Town","3544018","Vacant",2435,2350,2315,85,120
2023,"Brackley, Rural municipality","1102055","Improved land",230,225,225,5,5
2023,"Brackley, Rural municipality","1102055","Total",240,235,235,5,5
2023,"Brackley, Rural municipality","1102055","Vacant",10,10,10,0,0
2023,"Bradford West Gwillimbury, Town","3543014","Improved land",13085,12980,12840,115,245
2023,"Bradford West Gwillimbury, Town","3543014","Total",14140,14020,13880,120,260
2023,"Bradford West Gwillimbury, Town","3543014","Vacant",1055,1050,1040,5,15
2023,"Brampton, City","3521010","Improved land",163375,161940,160220,1435,3165
2023,"Brampton, City","3521010","Total",166015,164575,162840,1440,3175
2023,"Brampton, City","3521010","Vacant",2640,2635,2630,5,10
2023,"Brandon, Census agglomeration (CA)","610","Improved land",15835,0,0,0,0
2023,"Brandon, Census agglomeration (CA)","610","Total",16490,0,0,0,0
2023,"Brandon, Census agglomeration (CA)","610","Vacant",655,0,0,0,0
2023,"Brandon, City","4607062","Improved land",14665,0,0,0,0
2023,"Brandon, City","4607062","Total",15180,0,0,0,0
2023,"Brandon, City","4607062","Vacant",510,0,0,0,0
2023,"Brant, City","3529005","Improved land",14030,13930,13830,100,200
2023,"Brant, City","3529005","Total",15115,15000,14895,115,220
2023,"Brant, City","3529005","Vacant",1085,1070,1065,15,20
2023,"Brantford, Census metropolitan area (CMA)","543","Improved land",47655,47275,46950,375,715
2023,"Brantford, Census metropolitan area (CMA)","543","Total",50115,49725,49365,390,750
2023,"Brantford, Census metropolitan area (CMA)","543","Vacant",2470,2445,2425,25,45
2023,"Brantford, City","3529006","Improved land",33610,33350,33110,265,505
2023,"Brantford, City","3529006","Total",35000,34725,34470,275,530
2023,"Brantford, City","3529006","Vacant",1385,1375,1360,10,25
2023,"Breadalbane, Rural municipality","1102051","Improved land",75,75,70,0,5
2023,"Breadalbane, Rural municipality","1102051","Total",85,85,80,0,5
2023,"Breadalbane, Rural municipality","1102051","Vacant",10,10,10,0,0
2023,"Brenda-Waskada, Municipality","4605044","Improved land",330,0,0,0,0
2023,"Brenda-Waskada, Municipality","4605044","Total",545,0,0,0,0
2023,"Brenda-Waskada, Municipality","4605044","Vacant",215,0,0,0,0
2023,"Brent's Cove, Town","1008077","Improved land",0,0,0,0,0
2023,"Brent's Cove, Town","1008077","Total",100,95,90,5,10
2023,"Brent's Cove, Town","1008077","Vacant",0,0,0,0,0
2023,"Brethour, Township","3554032","Improved land",55,55,55,0,0
2023,"Brethour, Township","3554032","Total",85,80,75,5,10
2023,"Brethour, Township","3554032","Vacant",30,25,20,5,10
2023,"Bridgewater, Town","1206004","Improved land",2505,2455,2425,50,75
2023,"Bridgewater, Town","1206004","Total",2800,2740,2715,60,85
2023,"Bridgewater, Town","1206004","Vacant",295,285,285,10,10
2023,"Bright, Parish","1310026","Improved land",1580,1560,1525,20,55
2023,"Bright, Parish","1310026","Total",2095,2060,2020,35,70
2023,"Bright, Parish","1310026","Vacant",515,500,495,15,20
2023,"Brighton, Municipality","3514004","Improved land",5255,5215,5185,40,70
2023,"Brighton, Municipality","3514004","Total",5730,5670,5635,60,95
2023,"Brighton, Municipality","3514004","Vacant",475,455,450,20,25
2023,"Brighton, Parish","1311011","Improved land",830,810,790,15,40
2023,"Brighton, Parish","1311011","Total",1155,1115,1090,35,65
2023,"Brighton, Parish","1311011","Vacant",325,305,300,20,25
2023,"Brighton, Town","1008055","Improved land",0,0,0,0,0
2023,"Brighton, Town","1008055","Total",120,115,115,5,5
2023,"Brighton, Town","1008055","Vacant",0,0,0,0,0
2023,"Brigus, Town","1001446","Improved land",0,0,0,0,0
2023,"Brigus, Town","1001446","Total",815,785,775,30,40
2023,"Brigus, Town","1001446","Vacant",0,0,0,0,0
2023,"British Columbia","59","Improved land",1697380,1645515,1614535,51870,82850
2023,"British Columbia","59","Total",1839085,1783085,1750135,56000,88950
2023,"British Columbia","59","Vacant",141705,137575,135600,4130,6105
2023,"Brock, Township","3518039","Improved land",5135,5065,5015,70,120
2023,"Brock, Township","3518039","Total",5640,5555,5495,85,145
2023,"Brock, Township","3518039","Vacant",505,490,480,15,25
2023,"Brockton, Municipality","3541032","Improved land",3795,3770,3750,25,45
2023,"Brockton, Municipality","3541032","Total",4215,4185,4160,30,55
2023,"Brockton, Municipality","3541032","Vacant",420,415,410,5,10
2023,"Brockville, Census agglomeration (CA)","512","Improved land",11665,11545,11460,115,205
2023,"Brockville, Census agglomeration (CA)","512","Total",12680,12535,12435,150,245
2023,"Brockville, Census agglomeration (CA)","512","Vacant",1015,990,975,25,40
2023,"Brockville, City","3507015","Improved land",7815,7740,7690,75,125
2023,"Brockville, City","3507015","Total",8165,8085,8035,80,130
2023,"Brockville, City","3507015","Vacant",350,345,345,5,5
2023,"Brokenhead, Rural municipality","4612054","Improved land",2235,0,0,0,0
2023,"Brokenhead, Rural municipality","4612054","Total",2530,0,0,0,0
2023,"Brokenhead, Rural municipality","4612054","Vacant",295,0,0,0,0
2023,"Brooke-Alvinston, Municipality","3538015","Improved land",955,945,935,10,20
2023,"Brooke-Alvinston, Municipality","3538015","Total",1070,1050,1050,10,20
2023,"Brooke-Alvinston, Municipality","3538015","Vacant",105,105,105,0,0
2023,"Bruce Mines, Town","3557021","Improved land",285,280,275,10,10
2023,"Bruce Mines, Town","3557021","Total",520,495,490,25,30
2023,"Bruce Mines, Town","3557021","Vacant",235,220,215,15,20
2023,"Brudenell, Lyndoch and Raglan, Township","3547020","Improved land",1110,1085,1065,25,45
2023,"Brudenell, Lyndoch and Raglan, Township","3547020","Total",1745,1700,1660,45,85
2023,"Brudenell, Lyndoch and Raglan, Township","3547020","Vacant",635,615,595,20,40
2023,"Brunswick, Parish","1304016","Improved land",295,285,270,10,25
2023,"Brunswick, Parish","1304016","Total",510,485,465,25,45
2023,"Brunswick, Parish","1304016","Vacant",215,200,195,15,20
2023,"Bryant's Cove, Town","1001375","Improved land",0,0,0,0,0
2023,"Bryant's Cove, Town","1001375","Total",250,245,235,5,15
2023,"Bryant's Cove, Town","1001375","Vacant",0,0,0,0,0
2023,"Buchans, Town","1006031","Improved land",0,0,0,0,0
2023,"Buchans, Town","1006031","Total",435,430,430,5,5
2023,"Buchans, Town","1006031","Vacant",0,0,0,0,0
2023,"Bulkley-Nechako A, Regional district electoral area","5951051","Improved land",1960,1930,1895,35,65
2023,"Bulkley-Nechako A, Regional district electoral area","5951051","Total",2340,2295,2260,45,80
2023,"Bulkley-Nechako A, Regional district electoral area","5951051","Vacant",380,370,365,10,15
2023,"Bulkley-Nechako B, Regional district electoral area","5951028","Improved land",820,795,785,25,40
2023,"Bulkley-Nechako B, Regional district electoral area","5951028","Total",1145,1100,1080,45,60
2023,"Bulkley-Nechako B, Regional district electoral area","5951028","Vacant",325,305,300,20,25
2023,"Bulkley-Nechako C, Regional district electoral area","5951015","Improved land",830,785,760,45,70
2023,"Bulkley-Nechako C, Regional district electoral area","5951015","Total",2205,2090,2045,115,160
2023,"Bulkley-Nechako C, Regional district electoral area","5951015","Vacant",1375,1305,1285,70,90
2023,"Bulkley-Nechako D, Regional district electoral area","5951017","Improved land",930,885,860,45,70
2023,"Bulkley-Nechako D, Regional district electoral area","5951017","Total",3405,3310,3270,95,130
2023,"Bulkley-Nechako D, Regional district electoral area","5951017","Vacant",2475,2425,2410,50,65
2023,"Bulkley-Nechako E, Regional district electoral area","5951031","Improved land",785,730,690,55,95
2023,"Bulkley-Nechako E, Regional district electoral area","5951031","Total",1380,1270,1230,105,150
2023,"Bulkley-Nechako E, Regional district electoral area","5951031","Vacant",595,545,540,50,55
2023,"Bulkley-Nechako F, Regional district electoral area","5951019","Improved land",1610,1590,1550,20,60
2023,"Bulkley-Nechako F, Regional district electoral area","5951019","Total",6295,6225,6175,70,120
2023,"Bulkley-Nechako F, Regional district electoral area","5951019","Vacant",4685,4635,4625,50,60
2023,"Bulkley-Nechako G, Regional district electoral area","5951053","Improved land",540,520,510,20,30
2023,"Bulkley-Nechako G, Regional district electoral area","5951053","Total",810,775,760,35,50
2023,"Bulkley-Nechako G, Regional district electoral area","5951053","Vacant",270,255,250,15,20
2023,"Burgeo, Town","1003028","Improved land",0,0,0,0,0
2023,"Burgeo, Town","1003028","Total",720,700,700,20,20
2023,"Burgeo, Town","1003028","Vacant",0,0,0,0,0
2023,"Burin, Town","1002005","Improved land",0,0,0,0,0
2023,"Burin, Town","1002005","Total",1315,1285,1275,30,40
2023,"Burin, Town","1002005","Vacant",0,0,0,0,0
2023,"Burk's Falls, Village","3549022","Improved land",380,375,375,5,5
2023,"Burk's Falls, Village","3549022","Total",525,520,520,5,5
2023,"Burk's Falls, Village","3549022","Vacant",145,145,145,0,0
2023,"Burlington, City","3524002","Improved land",63675,63040,62595,640,1095
2023,"Burlington, City","3524002","Total",64335,63690,63240,645,1095
2023,"Burlington, City","3524002","Vacant",655,650,645,5,10
2023,"Burlington, Town","1008071","Improved land",0,0,0,0,0
2023,"Burlington, Town","1008071","Total",170,160,160,10,10
2023,"Burlington, Town","1008071","Vacant",0,0,0,0,0
2023,"Burnaby, City","5915025","Improved land",84510,79990,77965,4525,6545
2023,"Burnaby, City","5915025","Total",84910,80385,78355,4525,6555
2023,"Burnaby, City","5915025","Vacant",400,395,390,5,10
2023,"Burns Lake, Village","5951022","Improved land",500,485,475,15,30
2023,"Burns Lake, Village","5951022","Total",570,550,535,20,35
2023,"Burns Lake, Village","5951022","Vacant",70,65,65,5,5
2023,"Burnt Islands, Town","1003033","Improved land",0,0,0,0,0
2023,"Burnt Islands, Town","1003033","Total",275,275,270,0,5
2023,"Burnt Islands, Town","1003033","Vacant",0,0,0,0,0
2023,"Burpee and Mills, Township","3551028","Improved land",355,330,315,25,40
2023,"Burpee and Mills, Township","3551028","Total",665,595,570,70,95
2023,"Burpee and Mills, Township","3551028","Vacant",310,265,255,45,55
2023,"Burton, Parish","1303011","Improved land",1985,1950,1915,35,70
2023,"Burton, Parish","1303011","Total",2245,2200,2160,45,85
2023,"Burton, Parish","1303011","Vacant",260,250,245,10,15
2023,"Burwash Landing, Settlement","6001039","Improved land",20,0,0,0,0
2023,"Burwash Landing, Settlement","6001039","Total",35,0,0,0,0
2023,"Burwash Landing, Settlement","6001039","Vacant",15,0,0,0,0
2023,"Cache Creek, Village","5933024","Improved land",310,310,300,5,5
2023,"Cache Creek, Village","5933024","Total",375,365,365,10,10
2023,"Cache Creek, Village","5933024","Vacant",70,65,65,5,5
2023,"Caledon, Town","3521024","Improved land",23695,23520,23355,175,345
2023,"Caledon, Town","3521024","Total",25505,25305,25125,200,380
2023,"Caledon, Town","3521024","Vacant",1810,1785,1770,25,40
2023,"Callander, Municipality","3549066","Improved land",1610,1595,1585,15,25
2023,"Callander, Municipality","3549066","Total",2060,2035,2020,25,35
2023,"Callander, Municipality","3549066","Vacant",450,440,435,10,15
2023,"Calvin, Municipality","3548022","Improved land",265,260,260,5,10
2023,"Calvin, Municipality","3548022","Total",435,420,415,15,20
2023,"Calvin, Municipality","3548022","Vacant",165,155,155,10,10
2023,"Cambridge Bay, Hamlet","6208073","Improved land",0,0,0,0,0
2023,"Cambridge Bay, Hamlet","6208073","Total",590,580,575,10,15
2023,"Cambridge Bay, Hamlet","6208073","Vacant",0,0,0,0,0
2023,"Cambridge, City","3530010","Improved land",41505,41175,40910,335,600
2023,"Cambridge, City","3530010","Total",43115,42770,42500,345,615
2023,"Cambridge, City","3530010","Vacant",1605,1595,1590,10,15
2023,"Cambridge, Parish","1304011","Improved land",530,515,495,15,35
2023,"Cambridge, Parish","1304011","Total",810,775,740,35,70
2023,"Cambridge, Parish","1304011","Vacant",280,260,245,20,35
2023,"Cambridge-Narrows, Village","1304013","Improved land",635,615,595,20,40
2023,"Cambridge-Narrows, Village","1304013","Total",930,900,865,30,65
2023,"Cambridge-Narrows, Village","1304013","Vacant",295,285,270,10,25
2023,"Campbell River, Census agglomeration (CA)","944","Improved land",14745,14545,14385,205,365
2023,"Campbell River, Census agglomeration (CA)","944","Total",15210,15005,14830,205,380
2023,"Campbell River, Census agglomeration (CA)","944","Vacant",465,460,450,5,15
2023,"Campbell River, City","5924034","Improved land",13045,12870,12730,175,315
2023,"Campbell River, City","5924034","Total",13360,13185,13040,175,320
2023,"Campbell River, City","5924034","Vacant",315,315,310,0,5
2023,"Campbellton (New Brunswick part), Census agglomeration (CA)","2021S050613330","Improved land",4310,4250,4100,55,220
2023,"Campbellton (New Brunswick part), Census agglomeration (CA)","2021S050613330","Total",5060,4985,4805,75,255
2023,"Campbellton (New Brunswick part), Census agglomeration (CA)","2021S050613330","Vacant",750,730,705,20,45
2023,"Campbellton, City","1314014","Improved land",2115,2080,1985,35,130
2023,"Campbellton, City","1314014","Total",2375,2335,2225,40,150
2023,"Campbellton, City","1314014","Vacant",260,255,240,5,20
2023,"Campbellton, Town","1008037","Improved land",0,0,0,0,0
2023,"Campbellton, Town","1008037","Total",375,370,365,5,10
2023,"Campbellton, Town","1008037","Vacant",0,0,0,0,0
2023,"Campobello Island, Rural community","1302004","Improved land",675,475,445,195,225
2023,"Campobello Island, Rural community","1302004","Total",1350,840,775,510,575
2023,"Campobello Island, Rural community","1302004","Vacant",680,365,330,315,350
2023,"Canal Flats, Village","5901043","Improved land",435,430,415,5,20
2023,"Canal Flats, Village","5901043","Total",550,540,525,10,25
2023,"Canal Flats, Village","5901043","Vacant",115,110,110,5,5
2023,"Canning, Parish","1304021","Improved land",800,780,750,20,45
2023,"Canning, Parish","1304021","Total",1335,1295,1250,40,85
2023,"Canning, Parish","1304021","Vacant",535,515,495,20,40
2023,"Canterbury, Parish","1310011","Improved land",500,480,450,20,50
2023,"Canterbury, Parish","1310011","Total",735,695,665,35,70
2023,"Canterbury, Parish","1310011","Vacant",235,220,215,15,20
2023,"Canterbury, Village","1310012","Improved land",145,140,135,5,5
2023,"Canterbury, Village","1310012","Total",220,215,210,5,10
2023,"Canterbury, Village","1310012","Vacant",75,75,75,0,0
2023,"Cap-Pelé, Village","1307007","Improved land",1035,1010,970,20,60
2023,"Cap-Pelé, Village","1307007","Total",1355,1330,1275,25,80
2023,"Cap-Pelé, Village","1307007","Vacant",325,320,305,5,20
2023,"Cape Breton, Census agglomeration (CA)","225","Improved land",38975,38070,37090,905,1885
2023,"Cape Breton, Census agglomeration (CA)","225","Total",53075,51395,49980,1680,3095
2023,"Cape Breton, Census agglomeration (CA)","225","Vacant",14100,13325,12890,775,1210
2023,"Cape Breton, Regional municipality","1217030","Improved land",38975,38070,37090,905,1885
2023,"Cape Breton, Regional municipality","1217030","Total",53075,51395,49980,1680,3095
2023,"Cape Breton, Regional municipality","1217030","Vacant",14100,13325,12890,775,1210
2023,"Cape Dorset, Hamlet","6204007","Improved land",0,0,0,0,0
2023,"Cape Dorset, Hamlet","6204007","Total",430,425,415,5,15
2023,"Cape Dorset, Hamlet","6204007","Vacant",0,0,0,0,0
2023,"Caraquet, Parish","1315026","Improved land",655,645,630,10,25
2023,"Caraquet, Parish","1315026","Total",1255,1215,1185,40,70
2023,"Caraquet, Parish","1315026","Vacant",600,570,555,30,45
2023,"Caraquet, Town","1315028","Improved land",1740,1720,1670,20,70
2023,"Caraquet, Town","1315028","Total",2390,2350,2295,35,95
2023,"Caraquet, Town","1315028","Vacant",650,635,625,15,25
2023,"Carberry, Town","4607068","Improved land",680,0,0,0,0
2023,"Carberry, Town","4607068","Total",745,0,0,0,0
2023,"Carberry, Town","4607068","Vacant",65,0,0,0,0
2023,"Carbonear, Town","1001370","Improved land",0,0,0,0,0
2023,"Carbonear, Town","1001370","Total",2305,2245,2205,60,100
2023,"Carbonear, Town","1001370","Vacant",0,0,0,0,0
2023,"Carcross, Settlement","6001048","Improved land",175,0,0,0,0
2023,"Carcross, Settlement","6001048","Total",250,0,0,0,0
2023,"Carcross, Settlement","6001048","Vacant",75,0,0,0,0
2023,"Cardigan, Fire district","1101020","Improved land",85,80,80,5,5
2023,"Cardigan, Fire district","1101020","Total",100,95,95,5,5
2023,"Cardigan, Fire district","1101020","Vacant",15,15,15,0,0
2023,"Cardwell, Parish","1305026","Improved land",870,855,820,15,55
2023,"Cardwell, Parish","1305026","Total",1365,1330,1280,35,85
2023,"Cardwell, Parish","1305026","Vacant",495,475,460,20,35
2023,"Cariboo A, Regional district electoral area","5941019","Improved land",2315,2300,2280,15,35
2023,"Cariboo A, Regional district electoral area","5941019","Total",2615,2585,2565,30,50
2023,"Cariboo A, Regional district electoral area","5941019","Vacant",300,285,285,15,15
2023,"Cariboo B, Regional district electoral area","5941021","Improved land",1675,1630,1605,45,70
2023,"Cariboo B, Regional district electoral area","5941021","Total",2265,2205,2165,60,100
2023,"Cariboo B, Regional district electoral area","5941021","Vacant",590,575,560,15,30
2023,"Cariboo C, Regional district electoral area","5941026","Improved land",590,570,555,20,30
2023,"Cariboo C, Regional district electoral area","5941026","Total",1100,1070,1055,30,45
2023,"Cariboo C, Regional district electoral area","5941026","Vacant",510,500,495,10,15
2023,"Cariboo D, Regional district electoral area","5941010","Improved land",1185,1170,1145,25,40
2023,"Cariboo D, Regional district electoral area","5941010","Total",1625,1600,1580,30,45
2023,"Cariboo D, Regional district electoral area","5941010","Vacant",440,435,435,5,5
2023,"Cariboo E, Regional district electoral area","5941012","Improved land",1475,1460,1450,20,30
2023,"Cariboo E, Regional district electoral area","5941012","Total",1895,1870,1855,25,40
2023,"Cariboo E, Regional district electoral area","5941012","Vacant",425,420,415,5,10
2023,"Cariboo F, Regional district electoral area","5941014","Improved land",2420,2340,2285,85,135
2023,"Cariboo F, Regional district electoral area","5941014","Total",3605,3490,3420,115,185
2023,"Cariboo F, Regional district electoral area","5941014","Vacant",1180,1150,1135,30,45
2023,"Cariboo G, Regional district electoral area","5941015","Improved land",2815,2765,2725,50,90
2023,"Cariboo G, Regional district electoral area","5941015","Total",3625,3545,3495,80,130
2023,"Cariboo G, Regional district electoral area","5941015","Vacant",810,780,770,30,40
2023,"Cariboo H, Regional district electoral area","5941016","Improved land",1425,1375,1335,50,90
2023,"Cariboo H, Regional district electoral area","5941016","Total",2010,1940,1885,70,125
2023,"Cariboo H, Regional district electoral area","5941016","Vacant",585,565,550,20,35
2023,"Cariboo I, Regional district electoral area","5941027","Improved land",760,735,715,25,45
2023,"Cariboo I, Regional district electoral area","5941027","Total",1950,1900,1870,50,80
2023,"Cariboo I, Regional district electoral area","5941027","Vacant",1190,1165,1155,25,35
2023,"Cariboo J, Regional district electoral area","5941039","Improved land",700,625,600,75,100
2023,"Cariboo J, Regional district electoral area","5941039","Total",1090,980,955,110,145
2023,"Cariboo J, Regional district electoral area","5941039","Vacant",390,355,355,35,35
2023,"Cariboo K, Regional district electoral area","5941041","Improved land",325,310,295,15,30
2023,"Cariboo K, Regional district electoral area","5941041","Total",930,910,895,20,35
2023,"Cariboo K, Regional district electoral area","5941041","Vacant",605,600,600,5,5
2023,"Cariboo L, Regional district electoral area","5941017","Improved land",3765,3680,3605,85,160
2023,"Cariboo L, Regional district electoral area","5941017","Total",5465,5300,5185,165,280
2023,"Cariboo L, Regional district electoral area","5941017","Vacant",1700,1620,1580,80,120
2023,"Carleton Place, Town","3509028","Improved land",4490,4455,4420,30,70
2023,"Carleton Place, Town","3509028","Total",5220,5175,5135,45,85
2023,"Carleton Place, Town","3509028","Vacant",730,720,715,10,15
2023,"Carleton, Parish","1308026","Improved land",400,395,380,5,20
2023,"Carleton, Parish","1308026","Total",680,660,630,20,50
2023,"Carleton, Parish","1308026","Vacant",280,265,250,15,30
2023,"Carling, Township","3549036","Improved land",1780,1665,1630,115,150
2023,"Carling, Township","3549036","Total",2380,2230,2180,150,200
2023,"Carling, Township","3549036","Vacant",600,565,550,35,50
2023,"Carlow/Mayo, Township","3512065","Improved land",690,660,650,30,40
2023,"Carlow/Mayo, Township","3512065","Total",1155,1100,1075,55,80
2023,"Carlow/Mayo, Township","3512065","Vacant",465,440,425,25,40
2023,"Carmacks, Village","6001012","Improved land",140,0,0,0,0
2023,"Carmacks, Village","6001012","Total",210,0,0,0,0
2023,"Carmacks, Village","6001012","Vacant",70,0,0,0,0
2023,"Carman, Town","4603074","Improved land",1155,0,0,0,0
2023,"Carman, Town","4603074","Total",1200,0,0,0,0
2023,"Carman, Town","4603074","Vacant",50,0,0,0,0
2023,"Carmanville, Town","1008011","Improved land",0,0,0,0,0
2023,"Carmanville, Town","1008011","Total",430,425,420,5,10
2023,"Carmanville, Town","1008011","Vacant",0,0,0,0,0
2023,"Cartier, Rural municipality","4610043","Improved land",850,0,0,0,0
2023,"Cartier, Rural municipality","4610043","Total",1020,0,0,0,0
2023,"Cartier, Rural municipality","4610043","Vacant",170,0,0,0,0
2023,"Cartwright, Labrador, Town","1010012","Improved land",0,0,0,0,0
2023,"Cartwright, Labrador, Town","1010012","Total",275,270,270,5,5
2023,"Cartwright, Labrador, Town","1010012","Vacant",0,0,0,0,0
2023,"Cartwright-Roblin, Municipality","4604052","Improved land",495,0,0,0,0
2023,"Cartwright-Roblin, Municipality","4604052","Total",595,0,0,0,0
2023,"Cartwright-Roblin, Municipality","4604052","Vacant",100,0,0,0,0
2023,"Casey, Township","3554029","Improved land",155,150,150,5,5
2023,"Casey, Township","3554029","Total",195,190,190,5,5
2023,"Casey, Township","3554029","Vacant",40,40,40,0,0
2023,"Casselman, Village","3502044","Improved land",1480,1475,1465,5,15
2023,"Casselman, Village","3502044","Total",1565,1560,1550,5,15
2023,"Casselman, Village","3502044","Vacant",85,85,85,0,0
2023,"Castlegar, City","5903045","Improved land",3010,2980,2935,35,75
2023,"Castlegar, City","5903045","Total",3145,3105,3055,40,90
2023,"Castlegar, City","5903045","Vacant",130,125,120,5,10
2023,"Cavan Monaghan, Township","3515013","Improved land",3620,3595,3570,30,50
2023,"Cavan Monaghan, Township","3515013","Total",4100,4060,4035,40,65
2023,"Cavan Monaghan, Township","3515013","Vacant",480,470,465,10,15
2023,"Central Coast A, Regional district electoral area","5945006","Improved land",155,135,125,20,30
2023,"Central Coast A, Regional district electoral area","5945006","Total",415,380,365,35,50
2023,"Central Coast A, Regional district electoral area","5945006","Vacant",260,245,240,15,20
2023,"Central Coast C, Regional district electoral area","5945010","Improved land",320,305,295,15,25
2023,"Central Coast C, Regional district electoral area","5945010","Total",460,435,415,25,45
2023,"Central Coast C, Regional district electoral area","5945010","Vacant",140,130,120,10,20
2023,"Central Coast D, Regional district electoral area","5945012","Improved land",180,175,165,5,15
2023,"Central Coast D, Regional district electoral area","5945012","Total",360,340,325,20,35
2023,"Central Coast D, Regional district electoral area","5945012","Vacant",180,165,160,15,20
2023,"Central Coast E, Regional district electoral area","5945014","Improved land",60,60,60,0,0
2023,"Central Coast E, Regional district electoral area","5945014","Total",205,200,200,5,5
2023,"Central Coast E, Regional district electoral area","5945014","Vacant",145,140,140,5,5
2023,"Central Elgin, Municipality","3534020","Improved land",5785,5735,5705,50,80
2023,"Central Elgin, Municipality","3534020","Total",6275,6215,6180,60,95
2023,"Central Elgin, Municipality","3534020","Vacant",490,480,475,10,15
2023,"Central Frontenac, Township","3510035","Improved land",4050,3870,3790,185,260
2023,"Central Frontenac, Township","3510035","Total",5800,5520,5400,280,400
2023,"Central Frontenac, Township","3510035","Vacant",1750,1650,1610,100,140
2023,"Central Huron, Municipality","3540025","Improved land",3085,3035,3020,45,65
2023,"Central Huron, Municipality","3540025","Total",3380,3330,3305,50,75
2023,"Central Huron, Municipality","3540025","Vacant",290,285,280,5,10
2023,"Central Kings, Fire district","1101025","Improved land",60,50,50,5,10
2023,"Central Kings, Fire district","1101025","Total",65,60,55,5,10
2023,"Central Kings, Fire district","1101025","Vacant",5,5,5,0,0
2023,"Central Kings, Rural municipality","1101027","Improved land",180,175,175,5,10
2023,"Central Kings, Rural municipality","1101027","Total",210,205,200,5,10
2023,"Central Kings, Rural municipality","1101027","Vacant",25,25,25,0,0
2023,"Central Kootenay A, Regional district electoral area","5903010","Improved land",1545,1440,1370,90,165
2023,"Central Kootenay A, Regional district electoral area","5903010","Total",2265,2120,2020,145,245
2023,"Central Kootenay A, Regional district electoral area","5903010","Vacant",730,675,650,55,80
2023,"Central Kootenay B, Regional district electoral area","5903013","Improved land",1690,1640,1595,50,95
2023,"Central Kootenay B, Regional district electoral area","5903013","Total",2120,2050,1990,70,125
2023,"Central Kootenay B, Regional district electoral area","5903013","Vacant",430,410,395,20,35
2023,"Central Kootenay C, Regional district electoral area","5903017","Improved land",575,565,555,10,20
2023,"Central Kootenay C, Regional district electoral area","5903017","Total",770,750,740,15,35
2023,"Central Kootenay C, Regional district electoral area","5903017","Vacant",190,185,185,5,5
2023,"Central Kootenay D, Regional district electoral area","5903039","Improved land",955,900,860,55,90
2023,"Central Kootenay D, Regional district electoral area","5903039","Total",3800,3620,3550,180,250
2023,"Central Kootenay D, Regional district electoral area","5903039","Vacant",2845,2720,2690,125,155
2023,"Central Kootenay E, Regional district electoral area","5903041","Improved land",1815,1745,1700,70,115
2023,"Central Kootenay E, Regional district electoral area","5903041","Total",2590,2495,2435,95,155
2023,"Central Kootenay E, Regional district electoral area","5903041","Vacant",775,750,735,25,40
2023,"Central Kootenay F, Regional district electoral area","5903043","Improved land",1660,1625,1595,35,65
2023,"Central Kootenay F, Regional district electoral area","5903043","Total",1980,1930,1895,50,85
2023,"Central Kootenay F, Regional district electoral area","5903043","Vacant",320,305,300,15,20
2023,"Central Kootenay G, Regional district electoral area","5903047","Improved land",680,655,635,25,45
2023,"Central Kootenay G, Regional district electoral area","5903047","Total",1845,1790,1765,55,80
2023,"Central Kootenay G, Regional district electoral area","5903047","Vacant",1165,1135,1130,30,35
2023,"Central Kootenay H, Regional district electoral area","5903052","Improved land",2225,2155,2105,70,120
2023,"Central Kootenay H, Regional district electoral area","5903052","Total",5065,4945,4870,120,195
2023,"Central Kootenay H, Regional district electoral area","5903052","Vacant",2840,2790,2765,50,75
2023,"Central Kootenay I, Regional district electoral area","5903056","Improved land",1055,1035,1015,20,35
2023,"Central Kootenay I, Regional district electoral area","5903056","Total",1230,1205,1180,25,50
2023,"Central Kootenay I, Regional district electoral area","5903056","Vacant",175,170,165,5,10
2023,"Central Kootenay J, Regional district electoral area","5903058","Improved land",1515,1490,1470,20,40
2023,"Central Kootenay J, Regional district electoral area","5903058","Total",2465,2440,2410,25,55
2023,"Central Kootenay J, Regional district electoral area","5903058","Vacant",955,950,940,5,15
2023,"Central Kootenay K, Regional district electoral area","5903060","Improved land",1070,1020,985,50,85
2023,"Central Kootenay K, Regional district electoral area","5903060","Total",3955,3865,3810,90,145
2023,"Central Kootenay K, Regional district electoral area","5903060","Vacant",2885,2845,2825,40,60
2023,"Central Manitoulin, Municipality","3551006","Improved land",1565,1510,1475,55,90
2023,"Central Manitoulin, Municipality","3551006","Total",4335,4160,4095,175,240
2023,"Central Manitoulin, Municipality","3551006","Vacant",2770,2650,2620,120,150
2023,"Central Okanagan West, Regional district electoral area","5935020","Improved land",2010,1965,1920,50,95
2023,"Central Okanagan West, Regional district electoral area","5935020","Total",3090,3000,2935,90,165
2023,"Central Okanagan West, Regional district electoral area","5935020","Vacant",1080,1040,1020,40,60
2023,"Central Okanagan, Regional district electoral area","5935012","Improved land",1650,1625,1595,25,55
2023,"Central Okanagan, Regional district electoral area","5935012","Total",1750,1720,1685,30,65
2023,"Central Okanagan, Regional district electoral area","5935012","Vacant",100,95,90,5,10
2023,"Central Prince, Rural municipality","1103043","Improved land",530,515,500,15,30
2023,"Central Prince, Rural municipality","1103043","Total",600,585,565,20,35
2023,"Central Prince, Rural municipality","1103043","Vacant",70,65,65,5,5
2023,"Central Saanich, District municipality","5917015","Improved land",5645,5595,5535,50,95
2023,"Central Saanich, District municipality","5917015","Total",5695,5640,5585,55,110
2023,"Central Saanich, District municipality","5917015","Vacant",50,45,45,5,5
2023,"Centre Hastings, Municipality","3512026","Improved land",2055,2030,2010,25,45
2023,"Centre Hastings, Municipality","3512026","Total",2520,2480,2455,40,65
2023,"Centre Hastings, Municipality","3512026","Vacant",465,450,445,15,20
2023,"Centre Wellington, Census agglomeration (CA)","531","Improved land",10455,10415,10365,40,90
2023,"Centre Wellington, Census agglomeration (CA)","531","Total",11215,11170,11115,45,100
2023,"Centre Wellington, Census agglomeration (CA)","531","Vacant",760,755,750,5,5
2023,"Centre Wellington, Township","3523025","Improved land",10455,10415,10365,40,90
2023,"Centre Wellington, Township","3523025","Total",11215,11170,11115,45,100
2023,"Centre Wellington, Township","3523025","Vacant",760,755,750,5,5
2023,"Centreville, Village","1311019","Improved land",180,180,175,0,5
2023,"Centreville, Village","1311019","Total",225,220,220,0,5
2023,"Centreville, Village","1311019","Vacant",45,45,45,0,0
2023,"Centreville-Wareham-Trinity, Town","1007050","Improved land",0,0,0,0,0
2023,"Centreville-Wareham-Trinity, Town","1007050","Total",635,630,620,5,15
2023,"Centreville-Wareham-Trinity, Town","1007050","Vacant",0,0,0,0,0
2023,"Chamberlain, Township","3554054","Improved land",160,160,155,0,5
2023,"Chamberlain, Township","3554054","Total",250,245,235,5,15
2023,"Chamberlain, Township","3554054","Vacant",90,85,80,5,10
2023,"Champlain, Township","3502010","Improved land",3495,3465,3445,30,50
2023,"Champlain, Township","3502010","Total",4000,3960,3935,40,65
2023,"Champlain, Township","3502010","Vacant",505,495,490,10,15
2023,"Change Islands, Town","1008024","Improved land",0,0,0,0,0
2023,"Change Islands, Town","1008024","Total",250,230,225,20,25
2023,"Change Islands, Town","1008024","Vacant",0,0,0,0,0
2023,"Channel-Port aux Basques, Town","1003034","Improved land",0,0,0,0,0
2023,"Channel-Port aux Basques, Town","1003034","Total",1805,1780,1760,25,45
2023,"Channel-Port aux Basques, Town","1003034","Vacant",0,0,0,0,0
2023,"Chapel Arm, Town","1001289","Improved land",0,0,0,0,0
2023,"Chapel Arm, Town","1001289","Total",330,315,310,15,20
2023,"Chapel Arm, Town","1001289","Vacant",0,0,0,0,0
2023,"Chapleau, Township","3552092","Improved land",810,800,800,10,10
2023,"Chapleau, Township","3552092","Total",975,965,955,10,20
2023,"Chapleau, Township","3552092","Vacant",165,160,155,5,10
2023,"Chapple, Township","3559024","Improved land",355,335,325,20,30
2023,"Chapple, Township","3559024","Total",780,655,630,125,150
2023,"Chapple, Township","3559024","Vacant",425,320,305,105,120
2023,"Charlo, Village","1314004","Improved land",725,720,670,5,55
2023,"Charlo, Village","1314004","Total",960,940,880,20,80
2023,"Charlo, Village","1314004","Vacant",235,220,210,15,25
2023,"Charlottetown (Labrador), Town","1010013","Improved land",0,0,0,0,0
2023,"Charlottetown (Labrador), Town","1010013","Total",150,140,135,10,15
2023,"Charlottetown (Labrador), Town","1010013","Vacant",0,0,0,0,0
2023,"Charlottetown, Census agglomeration (CA)","105","Improved land",27645,26790,26045,855,1600
2023,"Charlottetown, Census agglomeration (CA)","105","Total",28820,27920,27140,900,1680
2023,"Charlottetown, Census agglomeration (CA)","105","Vacant",1175,1130,1095,45,80
2023,"Charlottetown, City","1102075","Improved land",10795,10500,10195,305,600
2023,"Charlottetown, City","1102075","Total",10930,10625,10320,305,610
2023,"Charlottetown, City","1102075","Vacant",135,135,125,0,10
2023,"Charlton and Dack, Municipality","3554044","Improved land",270,260,260,10,10
2023,"Charlton and Dack, Municipality","3554044","Total",485,465,460,20,25
2023,"Charlton and Dack, Municipality","3554044","Vacant",215,205,200,10,15
2023,"Chase, Village","5933054","Improved land",945,935,920,10,20
2023,"Chase, Village","5933054","Total",1010,1000,985,10,25
2023,"Chase, Village","5933054","Vacant",65,65,65,0,0
2023,"Chatham, Parish","1309006","Improved land",275,270,265,5,10
2023,"Chatham, Parish","1309006","Total",370,350,340,20,30
2023,"Chatham, Parish","1309006","Vacant",95,80,75,15,20
2023,"Chatham-Kent, Census agglomeration (CA)","556","Improved land",40150,39725,39490,425,660
2023,"Chatham-Kent, Census agglomeration (CA)","556","Total",42565,42035,41790,530,775
2023,"Chatham-Kent, Census agglomeration (CA)","556","Vacant",2415,2310,2300,105,115
2023,"Chatham-Kent, Municipality","3536020","Improved land",40150,39725,39490,425,660
2023,"Chatham-Kent, Municipality","3536020","Total",42565,42035,41790,530,775
2023,"Chatham-Kent, Municipality","3536020","Vacant",2415,2310,2300,105,115
2023,"Chatsworth, Township","3542037","Improved land",3045,3010,2975,35,70
2023,"Chatsworth, Township","3542037","Total",3710,3655,3615,55,95
2023,"Chatsworth, Township","3542037","Vacant",665,645,640,20,25
2023,"Chester, Municipal district","1206009","Improved land",6615,6325,6170,290,445
2023,"Chester, Municipal district","1206009","Total",9470,9005,8765,465,705
2023,"Chester, Municipal district","1206009","Vacant",2855,2680,2595,175,260
2023,"Chesterfield Inlet, Hamlet","6205019","Improved land",0,0,0,0,0
2023,"Chesterfield Inlet, Hamlet","6205019","Total",160,160,155,0,5
2023,"Chesterfield Inlet, Hamlet","6205019","Vacant",0,0,0,0,0
2023,"Chetwynd, District municipality","5955010","Improved land",805,785,775,20,30
2023,"Chetwynd, District municipality","5955010","Total",1010,990,980,20,30
2023,"Chetwynd, District municipality","5955010","Vacant",205,205,205,0,0
2023,"Chilliwack, Census metropolitan area (CMA)","930","Improved land",35750,35245,34715,515,1030
2023,"Chilliwack, Census metropolitan area (CMA)","930","Total",36785,36255,35720,530,1060
2023,"Chilliwack, Census metropolitan area (CMA)","930","Vacant",1035,1020,1005,15,30
2023,"Chilliwack, City","5909020","Improved land",29980,29565,29160,415,825
2023,"Chilliwack, City","5909020","Total",30585,30165,29745,420,835
2023,"Chilliwack, City","5909020","Vacant",600,590,590,10,10
2023,"Chipman, Parish","1304024","Improved land",585,575,560,10,25
2023,"Chipman, Parish","1304024","Total",980,940,910,40,70
2023,"Chipman, Parish","1304024","Vacant",395,365,350,30,45
2023,"Chipman, Village","1304025","Improved land",580,575,565,5,15
2023,"Chipman, Village","1304025","Total",755,745,735,10,20
2023,"Chipman, Village","1304025","Vacant",175,170,170,5,5
2023,"Chisholm, Township","3548031","Improved land",650,635,625,15,30
2023,"Chisholm, Township","3548031","Total",880,850,830,30,50
2023,"Chisholm, Township","3548031","Vacant",230,215,210,15,20
2023,"Churchill, Town","4623056","Improved land",225,0,0,0,0
2023,"Churchill, Town","4623056","Total",320,0,0,0,0
2023,"Churchill, Town","4623056","Vacant",95,0,0,0,0
2023,"Clanwilliam-Erickson, Municipality","4615092","Improved land",735,0,0,0,0
2023,"Clanwilliam-Erickson, Municipality","4615092","Total",825,0,0,0,0
2023,"Clanwilliam-Erickson, Municipality","4615092","Vacant",90,0,0,0,0
2023,"Clare, Municipal district","1203001","Improved land",4625,4450,4365,175,260
2023,"Clare, Municipal district","1203001","Total",5710,5415,5305,295,405
2023,"Clare, Municipal district","1203001","Vacant",1085,965,940,120,145
2023,"Clarence-Rockland, City","3502036","Improved land",9695,9640,9590,55,105
2023,"Clarence-Rockland, City","3502036","Total",10740,10675,10615,65,125
2023,"Clarence-Rockland, City","3502036","Vacant",1045,1035,1025,10,20
2023,"Clarendon, Parish","1302014","Improved land",95,95,90,0,5
2023,"Clarendon, Parish","1302014","Total",160,160,150,0,10
2023,"Clarendon, Parish","1302014","Vacant",65,65,60,0,5
2023,"Clarenville, Town","1007013","Improved land",0,0,0,0,0
2023,"Clarenville, Town","1007013","Total",2695,2655,2605,40,90
2023,"Clarenville, Town","1007013","Vacant",0,0,0,0,0
2023,"Clarington, Municipality","3518017","Improved land",34280,34055,33790,220,490
2023,"Clarington, Municipality","3518017","Total",35970,35735,35450,235,520
2023,"Clarington, Municipality","3518017","Vacant",1690,1680,1660,10,30
2023,"Clark's Harbour, Town","1201004","Improved land",375,355,350,20,25
2023,"Clark's Harbour, Town","1201004","Total",430,410,405,20,25
2023,"Clark's Harbour, Town","1201004","Vacant",55,55,55,0,0
2023,"Clarke's Beach, Town","1001429","Improved land",0,0,0,0,0
2023,"Clarke's Beach, Town","1001429","Total",790,765,750,25,40
2023,"Clarke's Beach, Town","1001429","Vacant",0,0,0,0,0
2023,"Clearview, Township","3543005","Improved land",5970,5915,5865,55,105
2023,"Clearview, Township","3543005","Total",7420,7345,7270,75,150
2023,"Clearview, Township","3543005","Vacant",1450,1430,1405,20,45
2023,"Clearwater, District municipality","5933067","Improved land",970,965,955,5,15
2023,"Clearwater, District municipality","5933067","Total",1135,1120,1110,15,25
2023,"Clearwater, District municipality","5933067","Vacant",165,155,155,10,10
2023,"Clinton, Village","5933028","Improved land",305,295,290,10,15
2023,"Clinton, Village","5933028","Total",355,345,340,10,15
2023,"Clinton, Village","5933028","Vacant",50,50,50,0,0
2023,"Clyde River, Hamlet","6204015","Improved land",0,0,0,0,0
2023,"Clyde River, Hamlet","6204015","Total",395,385,380,10,15
2023,"Clyde River, Hamlet","6204015","Vacant",0,0,0,0,0
2023,"Clyde River, Rural municipality","1102037","Improved land",255,250,245,5,5
2023,"Clyde River, Rural municipality","1102037","Total",280,280,270,5,5
2023,"Clyde River, Rural municipality","1102037","Vacant",20,20,20,0,0
2023,"Coachman's Cove, Town","1008092","Improved land",0,0,0,0,0
2023,"Coachman's Cove, Town","1008092","Total",110,110,110,0,0
2023,"Coachman's Cove, Town","1008092","Vacant",0,0,0,0,0
2023,"Cobalt, Town","3554008","Improved land",460,450,445,10,15
2023,"Cobalt, Town","3554008","Total",685,670,665,15,20
2023,"Cobalt, Town","3554008","Vacant",225,220,220,5,5
2023,"Cobourg, Census agglomeration (CA)","527","Improved land",7785,7725,7675,55,105
2023,"Cobourg, Census agglomeration (CA)","527","Total",8205,8145,8095,60,110
2023,"Cobourg, Census agglomeration (CA)","527","Vacant",430,425,420,5,10
2023,"Cobourg, Town","3514021","Improved land",7785,7725,7675,55,105
2023,"Cobourg, Town","3514021","Total",8205,8145,8095,60,110
2023,"Cobourg, Town","3514021","Vacant",430,425,420,5,10
2023,"Cocagne, Rural community","1308002","Improved land",1360,1330,1265,35,100
2023,"Cocagne, Rural community","1308002","Total",2030,1960,1850,70,180
2023,"Cocagne, Rural community","1308002","Vacant",665,630,585,35,80
2023,"Cochrane, Town","3556042","Improved land",1970,1945,1930,30,40
2023,"Cochrane, Town","3556042","Total",2490,2415,2400,75,90
2023,"Cochrane, Town","3556042","Vacant",520,475,470,45,50
2023,"Cochrane, Unorganized, North Part, Unorganized","3556092","Improved land",2355,2295,2250,60,105
2023,"Cochrane, Unorganized, North Part, Unorganized","3556092","Total",4900,4520,4395,385,505
2023,"Cochrane, Unorganized, North Part, Unorganized","3556092","Vacant",2550,2225,2145,325,405
2023,"Cockburn Island, Township","3551034","Improved land",90,80,75,10,15
2023,"Cockburn Island, Township","3551034","Total",455,410,400,45,55
2023,"Cockburn Island, Township","3551034","Vacant",365,330,325,35,40
2023,"Colborne, Parish","1314003","Improved land",185,180,170,5,15
2023,"Colborne, Parish","1314003","Total",295,285,270,10,25
2023,"Colborne, Parish","1314003","Vacant",110,105,100,5,10
2023,"Colchester, Subd. A, Subdivision of county municipality","1210012","Improved land",2175,2115,2045,60,130
2023,"Colchester, Subd. A, Subdivision of county municipality","1210012","Total",3060,2950,2850,110,210
2023,"Colchester, Subd. A, Subdivision of county municipality","1210012","Vacant",885,835,805,50,80
2023,"Colchester, Subd. B, Subdivision of county municipality","1210008","Improved land",8315,8205,8040,110,275
2023,"Colchester, Subd. B, Subdivision of county municipality","1210008","Total",10345,10170,9950,175,395
2023,"Colchester, Subd. B, Subdivision of county municipality","1210008","Vacant",2030,1965,1910,65,120
2023,"Colchester, Subd. C, Subdivision of county municipality","1210001","Improved land",5645,5555,5460,90,185
2023,"Colchester, Subd. C, Subdivision of county municipality","1210001","Total",7015,6900,6775,115,240
2023,"Colchester, Subd. C, Subdivision of county municipality","1210001","Vacant",1370,1345,1315,25,55
2023,"Coldstream, District municipality","5937010","Improved land",3635,3585,3540,45,100
2023,"Coldstream, District municipality","5937010","Total",3805,3755,3690,50,110
2023,"Coldstream, District municipality","5937010","Vacant",170,165,160,5,10
2023,"Coldwell, Rural municipality","4618044","Improved land",705,0,0,0,0
2023,"Coldwell, Rural municipality","4618044","Total",875,0,0,0,0
2023,"Coldwell, Rural municipality","4618044","Vacant",170,0,0,0,0
2023,"Coleman, Township","3554001","Improved land",360,355,345,5,15
2023,"Coleman, Township","3554001","Total",1065,1035,1010,30,55
2023,"Coleman, Township","3554001","Vacant",705,680,665,25,40
2023,"Collingwood, Census agglomeration (CA)","567","Improved land",11920,11745,11670,175,255
2023,"Collingwood, Census agglomeration (CA)","567","Total",12705,12525,12445,180,260
2023,"Collingwood, Census agglomeration (CA)","567","Vacant",785,780,775,5,10
2023,"Collingwood, Town","3543031","Improved land",11920,11745,11670,175,255
2023,"Collingwood, Town","3543031","Total",12705,12525,12445,180,260
2023,"Collingwood, Town","3543031","Vacant",785,780,775,5,10
2023,"Columbia-Shuswap A, Regional district electoral area","5939011","Improved land",1830,1720,1660,110,165
2023,"Columbia-Shuswap A, Regional district electoral area","5939011","Total",2365,2215,2145,150,220
2023,"Columbia-Shuswap A, Regional district electoral area","5939011","Vacant",535,495,485,40,50
2023,"Columbia-Shuswap B, Regional district electoral area","5939023","Improved land",420,395,375,25,45
2023,"Columbia-Shuswap B, Regional district electoral area","5939023","Total",3875,3800,3765,75,110
2023,"Columbia-Shuswap B, Regional district electoral area","5939023","Vacant",3455,3405,3390,50,65
2023,"Columbia-Shuswap C, Regional district electoral area","5939037","Improved land",4770,4630,4485,140,285
2023,"Columbia-Shuswap C, Regional district electoral area","5939037","Total",5750,5545,5355,205,395
2023,"Columbia-Shuswap C, Regional district electoral area","5939037","Vacant",980,915,870,65,110
2023,"Columbia-Shuswap D, Regional district electoral area","5939039","Improved land",1415,1390,1355,25,60
2023,"Columbia-Shuswap D, Regional district electoral area","5939039","Total",1505,1475,1435,30,70
2023,"Columbia-Shuswap D, Regional district electoral area","5939039","Vacant",90,85,80,5,10
2023,"Columbia-Shuswap E, Regional district electoral area","5939043","Improved land",1025,970,915,55,110
2023,"Columbia-Shuswap E, Regional district electoral area","5939043","Total",1255,1190,1125,65,130
2023,"Columbia-Shuswap E, Regional district electoral area","5939043","Vacant",230,220,210,10,20
2023,"Columbia-Shuswap F, Regional district electoral area","5939044","Improved land",2775,2635,2485,140,290
2023,"Columbia-Shuswap F, Regional district electoral area","5939044","Total",4385,4095,3850,295,535
2023,"Columbia-Shuswap F, Regional district electoral area","5939044","Vacant",1610,1455,1365,155,245
2023,"Colwood, City","5917041","Improved land",6685,6610,6525,75,160
2023,"Colwood, City","5917041","Total",6945,6870,6785,75,160
2023,"Colwood, City","5917041","Vacant",260,260,260,0,0
2023,"Come By Chance, Town","1001274","Improved land",0,0,0,0,0
2023,"Come By Chance, Town","1001274","Total",155,150,150,5,5
2023,"Come By Chance, Town","1001274","Vacant",0,0,0,0,0
2023,"Comfort Cove-Newstead, Town","1008039","Improved land",0,0,0,0,0
2023,"Comfort Cove-Newstead, Town","1008039","Total",350,330,320,20,30
2023,"Comfort Cove-Newstead, Town","1008039","Vacant",0,0,0,0,0
2023,"Comox Valley A, Regional district electoral area","5926021","Improved land",4020,3885,3770,135,250
2023,"Comox Valley A, Regional district electoral area","5926021","Total",4515,4350,4220,165,295
2023,"Comox Valley A, Regional district electoral area","5926021","Vacant",495,465,450,30,45
2023,"Comox Valley B (Lazo North), Regional district electoral area","5926022","Improved land",2890,2840,2805,50,85
2023,"Comox Valley B (Lazo North), Regional district electoral area","5926022","Total",3045,2990,2945,60,105
2023,"Comox Valley B (Lazo North), Regional district electoral area","5926022","Vacant",160,150,140,10,15
2023,"Comox Valley C (Puntledge - Black Creek), Regional district electoral area","5926024","Improved land",3590,3535,3485,55,105
2023,"Comox Valley C (Puntledge - Black Creek), Regional district electoral area","5926024","Total",3925,3865,3810,60,115
2023,"Comox Valley C (Puntledge - Black Creek), Regional district electoral area","5926024","Vacant",335,330,325,5,10
2023,"Comox, Town","5926005","Improved land",5810,5735,5685,70,120
2023,"Comox, Town","5926005","Total",5910,5835,5780,75,130
2023,"Comox, Town","5926005","Vacant",100,95,95,5,5
2023,"Conception Bay South, Town","1001485","Improved land",0,0,0,0,0
2023,"Conception Bay South, Town","1001485","Total",12005,11785,11500,220,505
2023,"Conception Bay South, Town","1001485","Vacant",0,0,0,0,0
2023,"Conche, Town","1009008","Improved land",0,0,0,0,0
2023,"Conche, Town","1009008","Total",175,165,165,10,10
2023,"Conche, Town","1009008","Vacant",0,0,0,0,0
2023,"Conmee, Township","3558019","Improved land",300,295,295,0,5
2023,"Conmee, Township","3558019","Total",515,490,485,25,30
2023,"Conmee, Township","3558019","Vacant",215,190,190,25,25
2023,"Cook's Harbour, Town","1009034","Improved land",0,0,0,0,0
2023,"Cook's Harbour, Town","1009034","Total",135,130,130,5,5
2023,"Cook's Harbour, Town","1009034","Vacant",0,0,0,0,0
2023,"Coquitlam, City","5915034","Improved land",49705,47835,46820,1870,2885
2023,"Coquitlam, City","5915034","Total",50175,48300,47280,1875,2895
2023,"Coquitlam, City","5915034","Vacant",470,465,460,5,10
2023,"Coral Harbour, Hamlet","6205014","Improved land",0,0,0,0,0
2023,"Coral Harbour, Hamlet","6205014","Total",270,265,265,5,5
2023,"Coral Harbour, Hamlet","6205014","Vacant",0,0,0,0,0
2023,"Cormack, Town","1005014","Improved land",0,0,0,0,0
2023,"Cormack, Town","1005014","Total",390,375,370,15,20
2023,"Cormack, Town","1005014","Vacant",0,0,0,0,0
2023,"Corner Brook, Census agglomeration (CA)","15","Improved land",0,0,0,0,0
2023,"Corner Brook, Census agglomeration (CA)","15","Total",12465,12190,11900,275,565
2023,"Corner Brook, Census agglomeration (CA)","15","Vacant",0,0,0,0,0
2023,"Corner Brook, City","1005018","Improved land",0,0,0,0,0
2023,"Corner Brook, City","1005018","Total",7340,7190,7000,150,340
2023,"Corner Brook, City","1005018","Vacant",0,0,0,0,0
2023,"Cornwall, Census agglomeration (CA)","501","Improved land",21130,20960,20850,170,275
2023,"Cornwall, Census agglomeration (CA)","501","Total",23245,23045,22930,200,315
2023,"Cornwall, Census agglomeration (CA)","501","Vacant",2115,2085,2075,30,40
2023,"Cornwall, City","3501012","Improved land",15755,15630,15545,120,205
2023,"Cornwall, City","3501012","Total",16355,16225,16140,130,215
2023,"Cornwall, City","3501012","Vacant",600,595,590,5,10
2023,"Cornwall, Town","1102085","Improved land",2000,1980,1945,20,55
2023,"Cornwall, Town","1102085","Total",2035,2015,1980,20,55
2023,"Cornwall, Town","1102085","Vacant",35,35,35,0,0
2023,"Cornwallis, Rural municipality","4607060","Improved land",1025,0,0,0,0
2023,"Cornwallis, Rural municipality","4607060","Total",1130,0,0,0,0
2023,"Cornwallis, Rural municipality","4607060","Vacant",105,0,0,0,0
2023,"Cottlesville, Town","1008032","Improved land",0,0,0,0,0
2023,"Cottlesville, Town","1008032","Total",160,155,155,5,5
2023,"Cottlesville, Town","1008032","Vacant",0,0,0,0,0
2023,"Courtenay, Census agglomeration (CA)","943","Improved land",25700,25250,24855,455,845
2023,"Courtenay, Census agglomeration (CA)","943","Total",26695,26200,25785,500,915
2023,"Courtenay, Census agglomeration (CA)","943","Vacant",1000,955,930,45,70
2023,"Courtenay, City","5926010","Improved land",11320,11150,10985,175,330
2023,"Courtenay, City","5926010","Total",11500,11325,11165,175,335
2023,"Courtenay, City","5926010","Vacant",180,180,180,0,0
2023,"Coverdale, Parish","1306014","Improved land",1870,1845,1805,25,65
2023,"Coverdale, Parish","1306014","Total",2270,2230,2185,40,85
2023,"Coverdale, Parish","1306014","Vacant",400,385,380,15,20
2023,"Cow Head, Town","1009016","Improved land",0,0,0,0,0
2023,"Cow Head, Town","1009016","Total",430,415,415,15,15
2023,"Cow Head, Town","1009016","Vacant",0,0,0,0,0
2023,"Cowichan Valley A, Regional district electoral area","5919043","Improved land",1800,1770,1740,30,60
2023,"Cowichan Valley A, Regional district electoral area","5919043","Total",1980,1945,1915,35,65
2023,"Cowichan Valley A, Regional district electoral area","5919043","Vacant",180,175,175,5,5
2023,"Cowichan Valley B, Regional district electoral area","5919046","Improved land",3400,3360,3300,50,100
2023,"Cowichan Valley B, Regional district electoral area","5919046","Total",3735,3675,3620,60,115
2023,"Cowichan Valley B, Regional district electoral area","5919046","Vacant",335,325,320,10,15
2023,"Cowichan Valley C, Regional district electoral area","5919049","Improved land",2005,1985,1955,20,50
2023,"Cowichan Valley C, Regional district electoral area","5919049","Total",2055,2035,2000,20,55
2023,"Cowichan Valley C, Regional district electoral area","5919049","Vacant",50,50,45,0,5
2023,"Cowichan Valley D, Regional district electoral area","5919013","Improved land",1320,1290,1275,25,45
2023,"Cowichan Valley D, Regional district electoral area","5919013","Total",1445,1415,1395,30,50
2023,"Cowichan Valley D, Regional district electoral area","5919013","Vacant",125,120,120,5,5
2023,"Cowichan Valley E, Regional district electoral area","5919051","Improved land",1390,1375,1355,15,35
2023,"Cowichan Valley E, Regional district electoral area","5919051","Total",1770,1730,1710,40,60
2023,"Cowichan Valley E, Regional district electoral area","5919051","Vacant",380,355,355,25,25
2023,"Cowichan Valley F, Regional district electoral area","5919033","Improved land",800,780,760,20,40
2023,"Cowichan Valley F, Regional district electoral area","5919033","Total",1000,975,950,25,50
2023,"Cowichan Valley F, Regional district electoral area","5919033","Vacant",200,195,190,5,10
2023,"Cowichan Valley G, Regional district electoral area","5919015","Improved land",1380,1350,1320,30,60
2023,"Cowichan Valley G, Regional district electoral area","5919015","Total",1610,1565,1535,45,75
2023,"Cowichan Valley G, Regional district electoral area","5919015","Vacant",230,215,210,15,20
2023,"Cowichan Valley H, Regional district electoral area","5919017","Improved land",995,980,960,15,30
2023,"Cowichan Valley H, Regional district electoral area","5919017","Total",1080,1060,1040,20,40
2023,"Cowichan Valley H, Regional district electoral area","5919017","Vacant",85,80,75,5,10
2023,"Cowichan Valley I, Regional district electoral area","5919035","Improved land",1105,1080,1050,25,55
2023,"Cowichan Valley I, Regional district electoral area","5919035","Total",1295,1265,1230,30,65
2023,"Cowichan Valley I, Regional district electoral area","5919035","Vacant",190,185,180,5,10
2023,"Cox's Cove, Town","1005023","Improved land",0,0,0,0,0
2023,"Cox's Cove, Town","1005023","Total",395,385,375,10,20
2023,"Cox's Cove, Town","1005023","Vacant",0,0,0,0,0
2023,"Cramahe, Township","3514014","Improved land",2750,2715,2700,30,50
2023,"Cramahe, Township","3514014","Total",3295,3240,3210,55,85
2023,"Cramahe, Township","3514014","Vacant",545,520,510,25,35
2023,"Cranbrook, Census agglomeration (CA)","905","Improved land",10185,10035,9895,150,285
2023,"Cranbrook, Census agglomeration (CA)","905","Total",12180,11900,11740,280,440
2023,"Cranbrook, Census agglomeration (CA)","905","Vacant",1995,1865,1840,130,155
2023,"Cranbrook, City","5901022","Improved land",7525,7425,7330,100,190
2023,"Cranbrook, City","5901022","Total",7915,7810,7705,105,210
2023,"Cranbrook, City","5901022","Vacant",390,385,375,5,15
2023,"Crapaud, Part 1, Fire district","1102018","Improved land",1000,965,920,45,80
2023,"Crapaud, Part 1, Fire district","1102018","Total",1135,1085,1050,50,85
2023,"Crapaud, Part 1, Fire district","1102018","Vacant",135,130,130,5,5
2023,"Crapaud, Part 2, Fire district","1103004","Improved land",375,355,345,20,30
2023,"Crapaud, Part 2, Fire district","1103004","Total",440,420,410,20,30
2023,"Crapaud, Part 2, Fire district","1103004","Vacant",65,65,65,0,0
2023,"Crapaud, Rural municipality","1102034","Improved land",120,115,115,5,5
2023,"Crapaud, Rural municipality","1102034","Total",125,120,120,5,5
2023,"Crapaud, Rural municipality","1102034","Vacant",5,5,5,0,0
2023,"Creston, Town","5903004","Improved land",2260,2245,2215,25,45
2023,"Creston, Town","5903004","Total",2430,2400,2380,30,50
2023,"Creston, Town","5903004","Vacant",170,165,165,5,5
2023,"Crossroads, Fire district","1102010","Improved land",790,760,745,30,45
2023,"Crossroads, Fire district","1102010","Total",845,810,795,35,50
2023,"Crossroads, Fire district","1102010","Vacant",55,50,50,5,5
2023,"Crow Head, Town","1008029","Improved land",0,0,0,0,0
2023,"Crow Head, Town","1008029","Total",150,140,135,15,15
2023,"Crow Head, Town","1008029","Vacant",0,0,0,0,0
2023,"Cumberland, Subd. A, Subdivision of county municipality","1211001","Improved land",1995,1905,1845,90,150
2023,"Cumberland, Subd. A, Subdivision of county municipality","1211001","Total",2925,2765,2675,160,245
2023,"Cumberland, Subd. A, Subdivision of county municipality","1211001","Vacant",930,860,830,70,100
2023,"Cumberland, Subd. B, Subdivision of county municipality","1211006","Improved land",3210,3130,3065,85,145
2023,"Cumberland, Subd. B, Subdivision of county municipality","1211006","Total",4505,4335,4225,170,280
2023,"Cumberland, Subd. B, Subdivision of county municipality","1211006","Vacant",1295,1200,1160,95,135
2023,"Cumberland, Subd. C, Subdivision of county municipality","1211009","Improved land",3870,3745,3605,130,265
2023,"Cumberland, Subd. C, Subdivision of county municipality","1211009","Total",5315,5105,4910,210,405
2023,"Cumberland, Subd. C, Subdivision of county municipality","1211009","Vacant",1440,1360,1300,80,140
2023,"Cumberland, Subd. D, Subdivision of county municipality","1211014","Improved land",3470,3390,3275,80,195
2023,"Cumberland, Subd. D, Subdivision of county municipality","1211014","Total",5240,5055,4860,185,380
2023,"Cumberland, Subd. D, Subdivision of county municipality","1211014","Vacant",1770,1665,1585,105,185
2023,"Cumberland, Village","5926014","Improved land",1670,1645,1610,25,50
2023,"Cumberland, Village","5926014","Total",1725,1700,1675,25,50
2023,"Cumberland, Village","5926014","Vacant",65,65,65,0,0
2023,"Cupids, Town","1001437","Improved land",0,0,0,0,0
2023,"Cupids, Town","1001437","Total",625,610,600,15,25
2023,"Cupids, Town","1001437","Vacant",0,0,0,0,0
2023,"Dalhousie, Parish","1314008","Improved land",515,505,470,10,45
2023,"Dalhousie, Parish","1314008","Total",680,660,620,20,60
2023,"Dalhousie, Parish","1314008","Vacant",165,155,150,10,15
2023,"Dalhousie, Town","1314017","Improved land",1335,1295,1260,40,75
2023,"Dalhousie, Town","1314017","Total",1645,1585,1540,60,105
2023,"Dalhousie, Town","1314017","Vacant",310,290,280,20,30
2023,"Daniel's Harbour, Town","1009015","Improved land",0,0,0,0,0
2023,"Daniel's Harbour, Town","1009015","Total",260,255,255,5,5
2023,"Daniel's Harbour, Town","1009015","Vacant",0,0,0,0,0
2023,"Darlington, Rural municipality","1102035","Improved land",45,45,40,0,0
2023,"Darlington, Rural municipality","1102035","Total",45,45,45,0,0
2023,"Darlington, Rural municipality","1102035","Vacant",0,0,0,0,0
2023,"Dauphin, City","4617050","Improved land",3045,0,0,0,0
2023,"Dauphin, City","4617050","Total",3225,0,0,0,0
2023,"Dauphin, City","4617050","Vacant",190,0,0,0,0
2023,"Dauphin, Rural municipality","4617048","Improved land",1045,0,0,0,0
2023,"Dauphin, Rural municipality","4617048","Total",1315,0,0,0,0
2023,"Dauphin, Rural municipality","4617048","Vacant",270,0,0,0,0
2023,"Dawn-Euphemia, Township","3538007","Improved land",835,825,815,10,20
2023,"Dawn-Euphemia, Township","3538007","Total",985,950,940,35,45
2023,"Dawn-Euphemia, Township","3538007","Vacant",150,125,125,25,25
2023,"Dawson Creek, Census agglomeration (CA)","975","Improved land",10955,10785,10665,175,290
2023,"Dawson Creek, Census agglomeration (CA)","975","Total",12085,11890,11750,195,335
2023,"Dawson Creek, Census agglomeration (CA)","975","Vacant",1130,1100,1090,30,40
2023,"Dawson Creek, City","5955014","Improved land",8515,8425,8325,95,180
2023,"Dawson Creek, City","5955014","Total",9020,8930,8825,90,195
2023,"Dawson Creek, City","5955014","Vacant",510,505,500,5,10
2023,"Dawson, Town","6001029","Improved land",635,0,0,0,0
2023,"Dawson, Town","6001029","Total",860,0,0,0,0
2023,"Dawson, Town","6001029","Vacant",230,0,0,0,0
2023,"Dawson, Township","3559040","Improved land",305,275,270,30,35
2023,"Dawson, Township","3559040","Total",700,565,555,135,145
2023,"Dawson, Township","3559040","Vacant",395,290,285,105,110
2023,"De Salaberry, Rural municipality","4602032","Improved land",1445,0,0,0,0
2023,"De Salaberry, Rural municipality","4602032","Total",1785,0,0,0,0
2023,"De Salaberry, Rural municipality","4602032","Vacant",345,0,0,0,0
2023,"Deep River, Town","3547096","Improved land",1790,1770,1760,25,30
2023,"Deep River, Town","3547096","Total",1920,1895,1895,25,35
2023,"Deep River, Town","3547096","Vacant",130,125,125,5,5
2023,"Deer Lake, Town","1005004","Improved land",0,0,0,0,0
2023,"Deer Lake, Town","1005004","Total",2255,2200,2145,55,110
2023,"Deer Lake, Town","1005004","Vacant",0,0,0,0,0
2023,"Deloraine-Winchester, Municipality","4605038","Improved land",865,0,0,0,0
2023,"Deloraine-Winchester, Municipality","4605038","Total",990,0,0,0,0
2023,"Deloraine-Winchester, Municipality","4605038","Vacant",125,0,0,0,0
2023,"Delta, City","5915011","Improved land",32665,32195,31735,475,930
2023,"Delta, City","5915011","Total",32970,32490,32030,480,940
2023,"Delta, City","5915011","Vacant",305,300,295,5,5
2023,"Denmark, Parish","1312014","Improved land",730,700,680,30,50
2023,"Denmark, Parish","1312014","Total",1055,1005,975,45,80
2023,"Denmark, Parish","1312014","Vacant",325,305,295,20,30
2023,"Derby, Parish","1309011","Improved land",475,470,455,5,20
2023,"Derby, Parish","1309011","Total",715,700,675,15,40
2023,"Derby, Parish","1309011","Vacant",240,230,220,10,20
2023,"Deseronto, Town","3512002","Improved land",660,640,640,15,15
2023,"Deseronto, Town","3512002","Total",720,700,700,20,20
2023,"Deseronto, Town","3512002","Vacant",65,60,60,5,5
2023,"Destruction Bay, Settlement","6001049","Improved land",30,0,0,0,0
2023,"Destruction Bay, Settlement","6001049","Total",110,0,0,0,0
2023,"Destruction Bay, Settlement","6001049","Vacant",80,0,0,0,0
2023,"Dieppe, City","1307045","Improved land",8560,8480,8265,85,295
2023,"Dieppe, City","1307045","Total",9055,8965,8750,90,305
2023,"Dieppe, City","1307045","Vacant",495,490,485,5,10
2023,"Digby, Municipal district","1203004","Improved land",4265,4010,3890,265,380
2023,"Digby, Municipal district","1203004","Total",5495,5070,4905,425,590
2023,"Digby, Municipal district","1203004","Vacant",1220,1065,1015,160,205
2023,"Digby, Town","1203006","Improved land",740,715,700,25,40
2023,"Digby, Town","1203006","Total",845,810,785,35,55
2023,"Digby, Town","1203006","Vacant",95,85,85,10,10
2023,"Division No. 1, Subd. D, Subdivision of unorganized","1001565","Improved land",0,0,0,0,0
2023,"Division No. 1, Subd. D, Subdivision of unorganized","1001565","Total",5,5,5,0,0
2023,"Division No. 1, Subd. D, Subdivision of unorganized","1001565","Vacant",0,0,0,0,0
2023,"Division No. 1, Subd. U, Subdivision of unorganized","1001124","Improved land",0,0,0,0,0
2023,"Division No. 1, Subd. U, Subdivision of unorganized","1001124","Total",5,5,5,0,0
2023,"Division No. 1, Subd. U, Subdivision of unorganized","1001124","Vacant",0,0,0,0,0
2023,"Division No. 17, Unorganized, Unorganized","4617092","Improved land",5,0,0,0,0
2023,"Division No. 17, Unorganized, Unorganized","4617092","Total",5,0,0,0,0
2023,"Division No. 17, Unorganized, Unorganized","4617092","Vacant",0,0,0,0,0
2023,"Division No. 18, Unorganized, East Part, Unorganized","4618091","Improved land",0,0,0,0,0
2023,"Division No. 18, Unorganized, East Part, Unorganized","4618091","Total",0,0,0,0,0
2023,"Division No. 18, Unorganized, East Part, Unorganized","4618091","Vacant",0,0,0,0,0
2023,"Division No. 18, Unorganized, West Part, Unorganized","4618093","Improved land",0,0,0,0,0
2023,"Division No. 18, Unorganized, West Part, Unorganized","4618093","Total",5,0,0,0,0
2023,"Division No. 18, Unorganized, West Part, Unorganized","4618093","Vacant",5,0,0,0,0
2023,"Division No. 19, Unorganized, Unorganized","4619045","Improved land",1775,0,0,0,0
2023,"Division No. 19, Unorganized, Unorganized","4619045","Total",3155,0,0,0,0
2023,"Division No. 19, Unorganized, Unorganized","4619045","Vacant",1380,0,0,0,0
2023,"Division No. 20, Unorganized, North Part, Unorganized","4620069","Improved land",5,0,0,0,0
2023,"Division No. 20, Unorganized, North Part, Unorganized","4620069","Total",5,0,0,0,0
2023,"Division No. 20, Unorganized, North Part, Unorganized","4620069","Vacant",0,0,0,0,0
2023,"Division No. 21, Unorganized, Unorganized","4621078","Improved land",275,0,0,0,0
2023,"Division No. 21, Unorganized, Unorganized","4621078","Total",840,0,0,0,0
2023,"Division No. 21, Unorganized, Unorganized","4621078","Vacant",565,0,0,0,0
2023,"Division No. 22, Unorganized, Unorganized","4622046","Improved land",615,0,0,0,0
2023,"Division No. 22, Unorganized, Unorganized","4622046","Total",1125,0,0,0,0
2023,"Division No. 22, Unorganized, Unorganized","4622046","Vacant",505,0,0,0,0
2023,"Division No. 23, Unorganized, Unorganized","4623062","Improved land",45,0,0,0,0
2023,"Division No. 23, Unorganized, Unorganized","4623062","Total",80,0,0,0,0
2023,"Division No. 23, Unorganized, Unorganized","4623062","Vacant",35,0,0,0,0
2023,"Doaktown, Village","1309022","Improved land",395,385,375,10,20
2023,"Doaktown, Village","1309022","Total",660,635,620,25,40
2023,"Doaktown, Village","1309022","Vacant",265,250,245,15,20
2023,"Dorchester, Parish","1307011","Improved land",195,195,190,0,5
2023,"Dorchester, Parish","1307011","Total",300,295,290,5,10
2023,"Dorchester, Parish","1307011","Vacant",105,100,100,5,5
2023,"Dorchester, Village","1307012","Improved land",200,195,185,5,15
2023,"Dorchester, Village","1307012","Total",245,235,225,10,20
2023,"Dorchester, Village","1307012","Vacant",45,40,40,5,5
2023,"Dorion, Township","3558034","Improved land",155,155,155,0,0
2023,"Dorion, Township","3558034","Total",315,295,290,20,25
2023,"Dorion, Township","3558034","Vacant",160,140,135,20,25
2023,"Douglas, Parish","1310028","Improved land",2430,2405,2350,25,70
2023,"Douglas, Parish","1310028","Total",3015,2945,2885,70,130
2023,"Douglas, Parish","1310028","Vacant",595,550,535,45,60
2023,"Douro-Dummer, Township","3515023","Improved land",3635,3545,3510,95,130
2023,"Douro-Dummer, Township","3515023","Total",4180,4070,4025,110,155
2023,"Douro-Dummer, Township","3515023","Vacant",540,525,515,15,25
2023,"Dover, Town","1007057","Improved land",0,0,0,0,0
2023,"Dover, Town","1007057","Total",295,285,285,10,10
2023,"Dover, Town","1007057","Vacant",0,0,0,0,0
2023,"Drummond, Parish","1312021","Improved land",930,920,890,10,40
2023,"Drummond, Parish","1312021","Total",1215,1195,1160,20,55
2023,"Drummond, Parish","1312021","Vacant",285,275,270,10,15
2023,"Drummond, Village","1312023","Improved land",290,290,275,0,15
2023,"Drummond, Village","1312023","Total",330,330,310,10,20
2023,"Drummond, Village","1312023","Vacant",40,40,35,0,5
2023,"Drummond/North Elmsley, Township","3509010","Improved land",3585,3535,3510,45,70
2023,"Drummond/North Elmsley, Township","3509010","Total",4335,4275,4235,60,100
2023,"Drummond/North Elmsley, Township","3509010","Vacant",755,740,725,15,30
2023,"Dryden, City","3560027","Improved land",2815,2800,2785,15,30
2023,"Dryden, City","3560027","Total",3275,3255,3230,20,45
2023,"Dryden, City","3560027","Vacant",460,455,445,5,15
2023,"Dubreuilville, Township","3557079","Improved land",280,275,275,5,5
2023,"Dubreuilville, Township","3557079","Total",365,360,360,5,5
2023,"Dubreuilville, Township","3557079","Vacant",85,85,85,0,0
2023,"Dufferin, Parish","1302031","Improved land",305,290,285,15,20
2023,"Dufferin, Parish","1302031","Total",385,360,350,25,35
2023,"Dufferin, Parish","1302031","Vacant",80,70,65,10,15
2023,"Dufferin, Rural municipality","4603072","Improved land",830,0,0,0,0
2023,"Dufferin, Rural municipality","4603072","Total",945,0,0,0,0
2023,"Dufferin, Rural municipality","4603072","Vacant",115,0,0,0,0
2023,"Dumbarton, Parish","1302044","Improved land",255,240,235,15,20
2023,"Dumbarton, Parish","1302044","Total",375,350,335,30,40
2023,"Dumbarton, Parish","1302044","Vacant",120,105,100,15,20
2023,"Dumfries, Parish","1310014","Improved land",355,345,335,10,20
2023,"Dumfries, Parish","1310014","Total",515,495,475,20,40
2023,"Dumfries, Parish","1310014","Vacant",160,150,140,10,20
2023,"Duncan, Census agglomeration (CA)","937","Improved land",16345,16125,15910,215,430
2023,"Duncan, Census agglomeration (CA)","937","Total",17700,17445,17230,255,470
2023,"Duncan, Census agglomeration (CA)","937","Vacant",1365,1320,1315,40,50
2023,"Duncan, City","5919012","Improved land",1900,1885,1860,15,40
2023,"Duncan, City","5919012","Total",1915,1900,1875,15,40
2023,"Duncan, City","5919012","Vacant",15,15,15,0,0
2023,"Dundas, Parish","1308001","Improved land",2565,2490,2405,80,165
2023,"Dundas, Parish","1308001","Total",3970,3815,3675,155,295
2023,"Dundas, Parish","1308001","Vacant",1400,1325,1270,75,130
2023,"Dunnottar, Village","4613049","Improved land",1180,0,0,0,0
2023,"Dunnottar, Village","4613049","Total",1365,0,0,0,0
2023,"Dunnottar, Village","4613049","Vacant",185,0,0,0,0
2023,"Durham, Parish","1314001","Improved land",585,570,550,15,35
2023,"Durham, Parish","1314001","Total",855,825,800,30,55
2023,"Durham, Parish","1314001","Vacant",270,255,250,15,20
2023,"Dutton/Dunwich, Municipality","3534030","Improved land",1560,1550,1535,10,25
2023,"Dutton/Dunwich, Municipality","3534030","Total",1770,1760,1745,10,25
2023,"Dutton/Dunwich, Municipality","3534030","Vacant",210,210,210,0,0
2023,"Dysart et al, Municipality","3546024","Improved land",7070,6870,6755,200,325
2023,"Dysart et al, Municipality","3546024","Total",9710,9420,9245,290,465
2023,"Dysart et al, Municipality","3546024","Vacant",2640,2550,2490,90,150
2023,"Ear Falls, Township","3560032","Improved land",420,395,390,25,30
2023,"Ear Falls, Township","3560032","Total",630,595,590,35,40
2023,"Ear Falls, Township","3560032","Vacant",210,200,200,10,10
2023,"East Ferris, Municipality","3548034","Improved land",2105,2080,2060,30,50
2023,"East Ferris, Municipality","3548034","Total",2685,2645,2620,40,65
2023,"East Ferris, Municipality","3548034","Vacant",575,565,560,10,15
2023,"East Garafraxa, Township","3522001","Improved land",950,945,935,5,15
2023,"East Garafraxa, Township","3522001","Total",1070,1060,1050,10,20
2023,"East Garafraxa, Township","3522001","Vacant",120,115,115,5,5
2023,"East Gwillimbury, Town","3519054","Improved land",12045,11895,11770,155,275
2023,"East Gwillimbury, Town","3519054","Total",13435,13265,13140,170,295
2023,"East Gwillimbury, Town","3519054","Vacant",1390,1375,1370,15,20
2023,"East Hants, Municipal district","1208008","Improved land",9710,9560,9385,150,325
2023,"East Hants, Municipal district","1208008","Total",11815,11585,11360,230,455
2023,"East Hants, Municipal district","1208008","Vacant",2105,2025,1975,80,130
2023,"East Hawkesbury, Township","3502001","Improved land",1415,1395,1370,20,45
2023,"East Hawkesbury, Township","3502001","Total",1710,1685,1655,25,55
2023,"East Hawkesbury, Township","3502001","Vacant",295,290,285,5,10
2023,"East Kootenay A, Regional district electoral area","5901017","Improved land",1180,1110,1065,75,120
2023,"East Kootenay A, Regional district electoral area","5901017","Total",1980,1900,1850,80,130
2023,"East Kootenay A, Regional district electoral area","5901017","Vacant",795,790,785,5,10
2023,"East Kootenay B, Regional district electoral area","5901019","Improved land",1230,1215,1190,15,40
2023,"East Kootenay B, Regional district electoral area","5901019","Total",4000,3980,3940,20,55
2023,"East Kootenay B, Regional district electoral area","5901019","Vacant",2770,2765,2750,5,20
2023,"East Kootenay C, Regional district electoral area","5901035","Improved land",2660,2610,2570,50,90
2023,"East Kootenay C, Regional district electoral area","5901035","Total",4265,4090,4035,175,230
2023,"East Kootenay C, Regional district electoral area","5901035","Vacant",1605,1480,1465,125,140
2023,"East Kootenay E, Regional district electoral area","5901037","Improved land",1055,1025,985,30,70
2023,"East Kootenay E, Regional district electoral area","5901037","Total",2045,2005,1955,40,90
2023,"East Kootenay E, Regional district electoral area","5901037","Vacant",990,980,970,10,20
2023,"East Kootenay F, Regional district electoral area","5901046","Improved land",4765,4620,4445,145,320
2023,"East Kootenay F, Regional district electoral area","5901046","Total",6055,5870,5680,185,375
2023,"East Kootenay F, Regional district electoral area","5901046","Vacant",1290,1250,1235,40,55
2023,"East Kootenay G, Regional district electoral area","5901048","Improved land",940,900,865,40,75
2023,"East Kootenay G, Regional district electoral area","5901048","Total",2030,1980,1935,50,95
2023,"East Kootenay G, Regional district electoral area","5901048","Vacant",1090,1080,1070,10,20
2023,"East River, Part 1, Fire district","1102064","Improved land",1250,1195,1155,65,105
2023,"East River, Part 1, Fire district","1102064","Total",1365,1310,1265,55,100
2023,"East River, Part 1, Fire district","1102064","Vacant",115,115,110,0,5
2023,"East River, Part 2, Fire district","1101052","Improved land",375,350,340,25,35
2023,"East River, Part 2, Fire district","1101052","Total",405,380,370,25,35
2023,"East River, Part 2, Fire district","1101052","Vacant",30,30,30,0,0
2023,"East St. Paul, Rural municipality","4613032","Improved land",3605,0,0,0,0
2023,"East St. Paul, Rural municipality","4613032","Total",3915,0,0,0,0
2023,"East St. Paul, Rural municipality","4613032","Vacant",310,0,0,0,0
2023,"East Zorra-Tavistock, Township","3532038","Improved land",2720,2710,2700,10,20
2023,"East Zorra-Tavistock, Township","3532038","Total",2840,2830,2820,10,20
2023,"East Zorra-Tavistock, Township","3532038","Vacant",120,120,120,0,0
2023,"Eastern Kings, Rural municipality","1101040","Improved land",610,540,515,70,95
2023,"Eastern Kings, Rural municipality","1101040","Total",685,605,575,80,110
2023,"Eastern Kings, Rural municipality","1101040","Vacant",75,65,60,10,15
2023,"Eastport, Town","1007042","Improved land",0,0,0,0,0
2023,"Eastport, Town","1007042","Total",465,455,445,10,20
2023,"Eastport, Town","1007042","Vacant",0,0,0,0,0
2023,"Edmundston, Census agglomeration (CA)","335","Improved land",8380,8285,8005,95,380
2023,"Edmundston, Census agglomeration (CA)","335","Total",9875,9725,9400,150,475
2023,"Edmundston, Census agglomeration (CA)","335","Vacant",1495,1440,1400,55,95
2023,"Edmundston, City","1313027","Improved land",5830,5770,5570,60,260
2023,"Edmundston, City","1313027","Total",6560,6480,6260,80,300
2023,"Edmundston, City","1313027","Vacant",730,710,690,20,40
2023,"Edwardsburgh/Cardinal, Township","3507004","Improved land",2920,2895,2875,30,50
2023,"Edwardsburgh/Cardinal, Township","3507004","Total",3615,3570,3535,45,80
2023,"Edwardsburgh/Cardinal, Township","3507004","Vacant",690,675,660,15,30
2023,"Eel River Crossing, Village","1314011","Improved land",855,840,820,15,35
2023,"Eel River Crossing, Village","1314011","Total",1090,1070,1040,20,50
2023,"Eel River Crossing, Village","1314011","Vacant",235,230,220,5,15
2023,"Eldon, Parish","1314016","Improved land",410,395,375,15,35
2023,"Eldon, Parish","1314016","Total",625,600,565,25,60
2023,"Eldon, Parish","1314016","Vacant",215,205,190,10,25
2023,"Elgin, Parish","1306008","Improved land",820,790,765,30,55
2023,"Elgin, Parish","1306008","Total",1385,1325,1275,65,110
2023,"Elgin, Parish","1306008","Vacant",570,535,510,35,60
2023,"Elizabethtown-Kitley, Township","3507014","Improved land",3845,3805,3770,40,80
2023,"Elizabethtown-Kitley, Township","3507014","Total",4515,4450,4400,60,115
2023,"Elizabethtown-Kitley, Township","3507014","Vacant",665,645,630,20,35
2023,"Elkford, District municipality","5901003","Improved land",1425,1390,1370,30,50
2023,"Elkford, District municipality","5901003","Total",1700,1660,1635,40,70
2023,"Elkford, District municipality","5901003","Vacant",280,270,265,10,15
2023,"Ellice-Archie, Rural municipality","4615047","Improved land",400,0,0,0,0
2023,"Ellice-Archie, Rural municipality","4615047","Total",480,0,0,0,0
2023,"Ellice-Archie, Rural municipality","4615047","Vacant",80,0,0,0,0
2023,"Elliot Lake, Census agglomeration (CA)","582","Improved land",4435,4375,4350,60,85
2023,"Elliot Lake, Census agglomeration (CA)","582","Total",4795,4735,4710,60,85
2023,"Elliot Lake, Census agglomeration (CA)","582","Vacant",360,360,360,0,0
2023,"Elliot Lake, City","3557041","Improved land",4435,4375,4350,60,85
2023,"Elliot Lake, City","3557041","Total",4795,4735,4710,60,85
2023,"Elliot Lake, City","3557041","Vacant",360,360,360,0,0
2023,"Elliston, Town","1007020","Improved land",0,0,0,0,0
2023,"Elliston, Town","1007020","Total",370,345,345,25,25
2023,"Elliston, Town","1007020","Vacant",0,0,0,0,0
2023,"Elton, Rural municipality","4607071","Improved land",505,0,0,0,0
2023,"Elton, Rural municipality","4607071","Total",565,0,0,0,0
2023,"Elton, Rural municipality","4607071","Vacant",60,0,0,0,0
2023,"Embree, Town","1008043","Improved land",0,0,0,0,0
2023,"Embree, Town","1008043","Total",380,360,355,20,25
2023,"Embree, Town","1008043","Vacant",0,0,0,0,0
2023,"Emerson-Franklin, Municipality","4602024","Improved land",1105,0,0,0,0
2023,"Emerson-Franklin, Municipality","4602024","Total",1480,0,0,0,0
2023,"Emerson-Franklin, Municipality","4602024","Vacant",375,0,0,0,0
2023,"Emo, Township","3559019","Improved land",495,495,485,0,10
2023,"Emo, Township","3559019","Total",760,730,720,30,40
2023,"Emo, Township","3559019","Vacant",265,235,235,30,30
2023,"Enderby, City","5937033","Improved land",1205,1195,1185,10,20
2023,"Enderby, City","5937033","Total",1240,1230,1220,10,20
2023,"Enderby, City","5937033","Vacant",35,35,35,0,0
2023,"Englee, Town","1009004","Improved land",0,0,0,0,0
2023,"Englee, Town","1009004","Total",335,335,330,0,5
2023,"Englee, Town","1009004","Vacant",0,0,0,0,0
2023,"Englehart, Town","3554052","Improved land",590,570,565,10,15
2023,"Englehart, Town","3554052","Total",655,645,640,10,15
2023,"Englehart, Town","3554052","Vacant",75,75,75,0,0
2023,"Enniskillen, Township","3538016","Improved land",1045,1040,1040,5,5
2023,"Enniskillen, Township","3538016","Total",1095,1090,1085,5,10
2023,"Enniskillen, Township","3538016","Vacant",50,50,45,0,5
2023,"Erin, Town","3523017","Improved land",4090,4065,4030,25,60
2023,"Erin, Town","3523017","Total",4425,4395,4360,30,65
2023,"Erin, Town","3523017","Vacant",335,330,330,5,5
2023,"Espanola, Town","3552026","Improved land",2010,2000,1985,10,25
2023,"Espanola, Town","3552026","Total",2345,2330,2310,15,35
2023,"Espanola, Town","3552026","Vacant",335,330,325,5,10
2023,"Esquimalt, District municipality","5917040","Improved land",5085,5015,4935,70,150
2023,"Esquimalt, District municipality","5917040","Total",5115,5045,4965,70,150
2023,"Esquimalt, District municipality","5917040","Vacant",30,30,30,0,0
2023,"Essa, Census agglomeration (CA)","563","Improved land",6930,6895,6835,35,95
2023,"Essa, Census agglomeration (CA)","563","Total",7470,7430,7360,40,110
2023,"Essa, Census agglomeration (CA)","563","Vacant",540,535,525,5,15
2023,"Essa, Township","3543021","Improved land",6930,6895,6835,35,95
2023,"Essa, Township","3543021","Total",7470,7430,7360,40,110
2023,"Essa, Township","3543021","Vacant",540,535,525,5,15
2023,"Essex, Town","3537016","Improved land",7730,7580,7525,150,205
2023,"Essex, Town","3537016","Total",8280,8105,8045,175,235
2023,"Essex, Town","3537016","Vacant",550,525,520,25,30
2023,"Ethelbert, Municipality","4617064","Improved land",395,0,0,0,0
2023,"Ethelbert, Municipality","4617064","Total",555,0,0,0,0
2023,"Ethelbert, Municipality","4617064","Vacant",160,0,0,0,0
2023,"Evanturel, Township","3554049","Improved land",185,185,185,0,0
2023,"Evanturel, Township","3554049","Total",250,245,245,5,5
2023,"Evanturel, Township","3554049","Vacant",65,60,60,5,5
2023,"Faraday, Township","3512058","Improved land",1360,1325,1305,35,55
2023,"Faraday, Township","3512058","Total",1845,1795,1770,50,75
2023,"Faraday, Township","3512058","Vacant",485,470,465,15,20
2023,"Faro, Town","6001004","Improved land",275,0,0,0,0
2023,"Faro, Town","6001004","Total",385,0,0,0,0
2023,"Faro, Town","6001004","Vacant",115,0,0,0,0
2023,"Fauquier-Strickland, Township","3556052","Improved land",255,245,240,15,20
2023,"Fauquier-Strickland, Township","3556052","Total",425,395,385,30,40
2023,"Fauquier-Strickland, Township","3556052","Vacant",165,150,145,15,20
2023,"Fermeuse, Town","1001136","Improved land",0,0,0,0,0
2023,"Fermeuse, Town","1001136","Total",275,260,255,15,20
2023,"Fermeuse, Town","1001136","Vacant",0,0,0,0,0
2023,"Fernie, City","5901012","Improved land",2895,2765,2675,130,220
2023,"Fernie, City","5901012","Total",3105,2965,2870,140,230
2023,"Fernie, City","5901012","Vacant",210,200,195,10,15
2023,"Ferryland, Town","1001149","Improved land",0,0,0,0,0
2023,"Ferryland, Town","1001149","Total",415,395,390,20,25
2023,"Ferryland, Town","1001149","Vacant",0,0,0,0,0
2023,"Fisher, Rural municipality","4618068","Improved land",745,0,0,0,0
2023,"Fisher, Rural municipality","4618068","Total",995,0,0,0,0
2023,"Fisher, Rural municipality","4618068","Vacant",245,0,0,0,0
2023,"Flatrock, Town","1001507","Improved land",0,0,0,0,0
2023,"Flatrock, Town","1001507","Total",1000,965,955,35,45
2023,"Flatrock, Town","1001507","Vacant",0,0,0,0,0
2023,"Fleur de Lys, Town","1008075","Improved land",0,0,0,0,0
2023,"Fleur de Lys, Town","1008075","Total",195,190,190,5,5
2023,"Fleur de Lys, Town","1008075","Vacant",0,0,0,0,0
2023,"Flin Flon (Part), City","4621064","Improved land",1960,0,0,0,0
2023,"Flin Flon (Part), City","4621064","Total",2350,0,0,0,0
2023,"Flin Flon (Part), City","4621064","Vacant",385,0,0,0,0
2023,"Florenceville-Bristol, Town","1311027","Improved land",565,560,550,5,15
2023,"Florenceville-Bristol, Town","1311027","Total",745,735,720,10,25
2023,"Florenceville-Bristol, Town","1311027","Vacant",180,175,170,5,10
2023,"Flower's Cove, Town","1009024","Improved land",0,0,0,0,0
2023,"Flower's Cove, Town","1009024","Total",180,180,175,0,5
2023,"Flower's Cove, Town","1009024","Vacant",0,0,0,0,0
2023,"Fogo Island, Town","1008099","Improved land",0,0,0,0,0
2023,"Fogo Island, Town","1008099","Total",1525,1465,1450,60,80
2023,"Fogo Island, Town","1008099","Vacant",0,0,0,0,0
2023,"Fort Erie, Town","3526003","Improved land",14090,13225,13105,860,975
2023,"Fort Erie, Town","3526003","Total",16060,15020,14885,1030,1165
2023,"Fort Erie, Town","3526003","Vacant",1970,1800,1780,170,190
2023,"Fort Frances, Town","3559012","Improved land",2945,2915,2895,35,50
2023,"Fort Frances, Town","3559012","Total",3215,3175,3145,40,70
2023,"Fort Frances, Town","3559012","Vacant",265,260,250,5,15
2023,"Fort St. James, District municipality","5951013","Improved land",595,585,575,10,20
2023,"Fort St. James, District municipality","5951013","Total",720,710,700,10,20
2023,"Fort St. James, District municipality","5951013","Vacant",125,125,125,0,0
2023,"Fort St. John, Census agglomeration (CA)","977","Improved land",9760,9550,9440,210,320
2023,"Fort St. John, Census agglomeration (CA)","977","Total",10540,10325,10210,215,330
2023,"Fort St. John, Census agglomeration (CA)","977","Vacant",780,775,770,5,10
2023,"Fort St. John, City","5955034","Improved land",7080,6940,6855,140,225
2023,"Fort St. John, City","5955034","Total",7510,7365,7280,145,230
2023,"Fort St. John, City","5955034","Vacant",430,425,425,5,5
2023,"Forteau, Town","1010005","Improved land",0,0,0,0,0
2023,"Forteau, Town","1010005","Total",195,185,185,10,10
2023,"Forteau, Town","1010005","Vacant",0,0,0,0,0
2023,"Fortune, Town","1002018","Improved land",0,0,0,0,0
2023,"Fortune, Town","1002018","Total",785,755,745,30,40
2023,"Fortune, Town","1002018","Vacant",0,0,0,0,0
2023,"Fraser Lake, Village","5951009","Improved land",330,320,315,10,15
2023,"Fraser Lake, Village","5951009","Total",385,375,370,10,15
2023,"Fraser Lake, Village","5951009","Vacant",55,55,55,0,0
2023,"Fraser Valley A, Regional district electoral area","5909014","Improved land",230,230,220,10,15
2023,"Fraser Valley A, Regional district electoral area","5909014","Total",345,325,315,20,30
2023,"Fraser Valley A, Regional district electoral area","5909014","Vacant",115,105,100,10,15
2023,"Fraser Valley B, Regional district electoral area","5909016","Improved land",535,525,500,10,35
2023,"Fraser Valley B, Regional district electoral area","5909016","Total",785,765,740,20,45
2023,"Fraser Valley B, Regional district electoral area","5909016","Vacant",250,240,240,10,10
2023,"Fraser Valley C, Regional district electoral area","5909048","Improved land",1095,1080,1040,25,65
2023,"Fraser Valley C, Regional district electoral area","5909048","Total",1480,1445,1390,35,90
2023,"Fraser Valley C, Regional district electoral area","5909048","Vacant",380,370,355,10,25
2023,"Fraser Valley D, Regional district electoral area","5909034","Improved land",645,640,625,5,20
2023,"Fraser Valley D, Regional district electoral area","5909034","Total",740,735,715,5,25
2023,"Fraser Valley D, Regional district electoral area","5909034","Vacant",95,95,90,0,5
2023,"Fraser Valley E, Regional district electoral area","5909036","Improved land",630,620,615,10,15
2023,"Fraser Valley E, Regional district electoral area","5909036","Total",675,665,660,10,15
2023,"Fraser Valley E, Regional district electoral area","5909036","Vacant",45,45,45,0,0
2023,"Fraser Valley F, Regional district electoral area","5909060","Improved land",740,715,690,25,50
2023,"Fraser Valley F, Regional district electoral area","5909060","Total",885,855,825,30,60
2023,"Fraser Valley F, Regional district electoral area","5909060","Vacant",145,140,135,5,10
2023,"Fraser Valley G, Regional district electoral area","5909062","Improved land",510,500,485,15,25
2023,"Fraser Valley G, Regional district electoral area","5909062","Total",550,535,520,15,30
2023,"Fraser Valley G, Regional district electoral area","5909062","Vacant",40,40,35,0,5
2023,"Fraser Valley H, Regional district electoral area","5909035","Improved land",1370,1335,1295,35,75
2023,"Fraser Valley H, Regional district electoral area","5909035","Total",1455,1420,1375,35,80
2023,"Fraser Valley H, Regional district electoral area","5909035","Vacant",85,85,80,0,5
2023,"Fraser-Fort George A, Regional district electoral area","5953038","Improved land",1530,1510,1490,20,40
2023,"Fraser-Fort George A, Regional district electoral area","5953038","Total",2395,2355,2330,40,65
2023,"Fraser-Fort George A, Regional district electoral area","5953038","Vacant",865,845,840,20,25
2023,"Fraser-Fort George C, Regional district electoral area","5953042","Improved land",1605,1590,1575,15,30
2023,"Fraser-Fort George C, Regional district electoral area","5953042","Total",2550,2530,2510,20,40
2023,"Fraser-Fort George C, Regional district electoral area","5953042","Vacant",945,940,935,5,10
2023,"Fraser-Fort George D, Regional district electoral area","5953044","Improved land",1675,1655,1630,20,40
2023,"Fraser-Fort George D, Regional district electoral area","5953044","Total",1900,1875,1850,25,50
2023,"Fraser-Fort George D, Regional district electoral area","5953044","Vacant",225,220,220,5,5
2023,"Fraser-Fort George E, Regional district electoral area","5953046","Improved land",230,220,215,10,15
2023,"Fraser-Fort George E, Regional district electoral area","5953046","Total",315,305,300,10,15
2023,"Fraser-Fort George E, Regional district electoral area","5953046","Vacant",85,85,85,0,0
2023,"Fraser-Fort George F, Regional district electoral area","5953048","Improved land",720,710,685,10,30
2023,"Fraser-Fort George F, Regional district electoral area","5953048","Total",2700,2665,2635,35,65
2023,"Fraser-Fort George F, Regional district electoral area","5953048","Vacant",1985,1960,1950,25,35
2023,"Fraser-Fort George G, Regional district electoral area","5953050","Improved land",390,380,375,10,15
2023,"Fraser-Fort George G, Regional district electoral area","5953050","Total",5610,5565,5555,45,55
2023,"Fraser-Fort George G, Regional district electoral area","5953050","Vacant",5220,5185,5180,35,40
2023,"Fraser-Fort George H, Regional district electoral area","5953019","Improved land",785,755,720,30,65
2023,"Fraser-Fort George H, Regional district electoral area","5953019","Total",1330,1285,1245,45,85
2023,"Fraser-Fort George H, Regional district electoral area","5953019","Vacant",545,530,525,15,20
2023,"Fredericton Junction, Village","1303006","Improved land",300,295,290,5,10
2023,"Fredericton Junction, Village","1303006","Total",380,375,370,5,10
2023,"Fredericton Junction, Village","1303006","Vacant",80,80,80,0,0
2023,"Fredericton, Census metropolitan area (CMA)","320","Improved land",35370,34910,34245,460,1120
2023,"Fredericton, Census metropolitan area (CMA)","320","Total",40650,40005,39245,645,1405
2023,"Fredericton, Census metropolitan area (CMA)","320","Vacant",5285,5100,5000,185,285
2023,"Fredericton, City","1310032","Improved land",17510,17280,16980,230,530
2023,"Fredericton, City","1310032","Total",18510,18270,17960,240,550
2023,"Fredericton, City","1310032","Vacant",1000,990,980,10,20
2023,"French River, Municipality","3552001","Improved land",2265,2185,2155,80,120
2023,"French River, Municipality","3552001","Total",2960,2860,2810,100,150
2023,"French River, Municipality","3552001","Vacant",695,675,665,20,30
2023,"Frenchman's Cove, Town","1002017","Improved land",0,0,0,0,0
2023,"Frenchman's Cove, Town","1002017","Total",165,150,145,15,20
2023,"Frenchman's Cove, Town","1002017","Vacant",0,0,0,0,0
2023,"Front of Yonge, Township","3507017","Improved land",1205,1180,1170,25,35
2023,"Front of Yonge, Township","3507017","Total",1485,1445,1430,40,65
2023,"Front of Yonge, Township","3507017","Vacant",280,265,260,15,20
2023,"Frontenac Islands, Township","3510005","Improved land",1345,1225,1200,120,145
2023,"Frontenac Islands, Township","3510005","Total",1810,1635,1600,175,210
2023,"Frontenac Islands, Township","3510005","Vacant",465,410,400,55,65
2023,"Fruitvale, Village","5905005","Improved land",750,740,740,10,15
2023,"Fruitvale, Village","5905005","Total",790,780,775,10,15
2023,"Fruitvale, Village","5905005","Vacant",35,35,35,0,0
2023,"Gagetown, Parish","1304004","Improved land",160,150,150,10,10
2023,"Gagetown, Parish","1304004","Total",235,220,220,15,15
2023,"Gagetown, Parish","1304004","Vacant",75,70,70,5,5
2023,"Gagetown, Village","1304005","Improved land",365,355,350,10,15
2023,"Gagetown, Village","1304005","Total",505,490,480,15,25
2023,"Gagetown, Village","1304005","Vacant",140,135,130,5,10
2023,"Gambo, Town","1007047","Improved land",0,0,0,0,0
2023,"Gambo, Town","1007047","Total",1020,1000,990,20,30
2023,"Gambo, Town","1007047","Vacant",0,0,0,0,0
2023,"Gananoque, Town","3507024","Improved land",2105,2070,2055,35,45
2023,"Gananoque, Town","3507024","Total",2195,2160,2150,35,45
2023,"Gananoque, Town","3507024","Vacant",90,90,90,0,0
2023,"Gander, Census agglomeration (CA)","11","Improved land",0,0,0,0,0
2023,"Gander, Census agglomeration (CA)","11","Total",5020,4945,4840,75,180
2023,"Gander, Census agglomeration (CA)","11","Vacant",0,0,0,0,0
2023,"Gander, Town","1006009","Improved land",0,0,0,0,0
2023,"Gander, Town","1006009","Total",4275,4215,4120,60,155
2023,"Gander, Town","1006009","Vacant",0,0,0,0,0
2023,"Garnish, Town","1002021","Improved land",0,0,0,0,0
2023,"Garnish, Town","1002021","Total",360,340,335,20,25
2023,"Garnish, Town","1002021","Vacant",0,0,0,0,0
2023,"Gaskiers-Point La Haye, Town","1001174","Improved land",0,0,0,0,0
2023,"Gaskiers-Point La Haye, Town","1001174","Total",260,250,250,10,10
2023,"Gaskiers-Point La Haye, Town","1001174","Vacant",0,0,0,0,0
2023,"Gauthier, Township","3554066","Improved land",70,70,70,0,0
2023,"Gauthier, Township","3554066","Total",490,485,485,5,5
2023,"Gauthier, Township","3554066","Vacant",420,415,415,5,5
2023,"Georgian Bay, Township","3544065","Improved land",5415,5160,5035,255,380
2023,"Georgian Bay, Township","3544065","Total",7180,6885,6745,295,435
2023,"Georgian Bay, Township","3544065","Vacant",1765,1725,1710,40,55
2023,"Georgian Bluffs, Township","3542053","Improved land",5050,4995,4960,55,90
2023,"Georgian Bluffs, Township","3542053","Total",6155,6080,6030,75,125
2023,"Georgian Bluffs, Township","3542053","Vacant",1105,1085,1070,20,35
2023,"Georgina, Town","3519070","Improved land",17735,17485,17320,250,405
2023,"Georgina, Town","3519070","Total",20030,19730,19550,300,480
2023,"Georgina, Town","3519070","Vacant",2305,2255,2230,50,75
2023,"Gibsons, Town","5929005","Improved land",2170,2110,2060,60,110
2023,"Gibsons, Town","5929005","Total",2270,2205,2150,65,120
2023,"Gibsons, Town","5929005","Vacant",100,95,90,5,10
2023,"Gilbert Plains, Municipality","4617054","Improved land",710,0,0,0,0
2023,"Gilbert Plains, Municipality","4617054","Total",785,0,0,0,0
2023,"Gilbert Plains, Municipality","4617054","Vacant",75,0,0,0,0
2023,"Gillam, Town","4623022","Improved land",310,0,0,0,0
2023,"Gillam, Town","4623022","Total",385,0,0,0,0
2023,"Gillam, Town","4623022","Vacant",75,0,0,0,0
2023,"Gillams, Town","1005015","Improved land",0,0,0,0,0
2023,"Gillams, Town","1005015","Total",260,255,250,5,10
2023,"Gillams, Town","1005015","Vacant",0,0,0,0,0
2023,"Gillies, Township","3558012","Improved land",205,200,200,5,5
2023,"Gillies, Township","3558012","Total",320,310,310,10,10
2023,"Gillies, Township","3558012","Vacant",115,110,110,5,5
2023,"Gimli, Rural municipality","4618031","Improved land",4615,0,0,0,0
2023,"Gimli, Rural municipality","4618031","Total",6030,0,0,0,0
2023,"Gimli, Rural municipality","4618031","Vacant",1415,0,0,0,0
2023,"Gjoa Haven, Hamlet","6208081","Improved land",0,0,0,0,0
2023,"Gjoa Haven, Hamlet","6208081","Total",390,390,390,0,0
2023,"Gjoa Haven, Hamlet","6208081","Vacant",0,0,0,0,0
2023,"Gladstone, Parish","1303004","Improved land",260,245,240,10,15
2023,"Gladstone, Parish","1303004","Total",380,365,355,15,25
2023,"Gladstone, Parish","1303004","Vacant",120,115,110,5,10
2023,"Glenboro-South Cypress, Municipality","4607039","Improved land",535,0,0,0,0
2023,"Glenboro-South Cypress, Municipality","4607039","Total",605,0,0,0,0
2023,"Glenboro-South Cypress, Municipality","4607039","Vacant",70,0,0,0,0
2023,"Glenelg, Parish","1309004","Improved land",725,710,690,20,35
2023,"Glenelg, Parish","1309004","Total",1030,990,955,40,75
2023,"Glenelg, Parish","1309004","Vacant",305,280,265,25,40
2023,"Glenella-Lansdowne, Municipality","4608055","Improved land",455,0,0,0,0
2023,"Glenella-Lansdowne, Municipality","4608055","Total",595,0,0,0,0
2023,"Glenella-Lansdowne, Municipality","4608055","Vacant",140,0,0,0,0
2023,"Glenwood, Town","1006012","Improved land",0,0,0,0,0
2023,"Glenwood, Town","1006012","Total",415,410,405,5,10
2023,"Glenwood, Town","1006012","Vacant",0,0,0,0,0
2023,"Glovertown, Town","1007044","Improved land",0,0,0,0,0
2023,"Glovertown, Town","1007044","Total",1185,1165,1150,20,35
2023,"Glovertown, Town","1007044","Vacant",0,0,0,0,0
2023,"Goderich, Town","3540028","Improved land",3005,2985,2970,20,35
2023,"Goderich, Town","3540028","Total",3190,3165,3155,20,35
2023,"Goderich, Town","3540028","Vacant",185,185,185,0,0
2023,"Gold River, Village","5924025","Improved land",585,575,565,10,20
2023,"Gold River, Village","5924025","Total",665,655,645,10,20
2023,"Gold River, Village","5924025","Vacant",80,80,80,0,0
2023,"Golden, Town","5939007","Improved land",1425,1395,1370,30,60
2023,"Golden, Town","5939007","Total",1555,1520,1485,35,70
2023,"Golden, Town","5939007","Vacant",130,125,125,5,5
2023,"Goose Cove East, Town","1009039","Improved land",0,0,0,0,0
2023,"Goose Cove East, Town","1009039","Total",110,110,110,0,0
2023,"Goose Cove East, Town","1009039","Vacant",0,0,0,0,0
2023,"Gordon, Parish","1312008","Improved land",790,770,755,20,35
2023,"Gordon, Parish","1312008","Total",1120,1085,1060,35,60
2023,"Gordon, Parish","1312008","Vacant",330,315,305,15,25
2023,"Gordon/Barrie Island, Municipality","3551027","Improved land",715,670,655,45,60
2023,"Gordon/Barrie Island, Municipality","3551027","Total",1265,1105,1070,160,195
2023,"Gordon/Barrie Island, Municipality","3551027","Vacant",550,435,415,115,135
2023,"Gore Bay, Town","3551026","Improved land",330,330,325,0,5
2023,"Gore Bay, Town","3551026","Total",430,425,420,5,10
2023,"Gore Bay, Town","3551026","Vacant",100,95,95,5,5
2023,"Grahamdale, Rural municipality","4618060","Improved land",870,0,0,0,0
2023,"Grahamdale, Rural municipality","4618060","Total",1340,0,0,0,0
2023,"Grahamdale, Rural municipality","4618060","Vacant",470,0,0,0,0
2023,"Grand Bank, Town","1002019","Improved land",0,0,0,0,0
2023,"Grand Bank, Town","1002019","Total",1305,1285,1270,20,35
2023,"Grand Bank, Town","1002019","Vacant",0,0,0,0,0
2023,"Grand Bay-Westfield, Town","1305015","Improved land",1930,1905,1880,20,50
2023,"Grand Bay-Westfield, Town","1305015","Total",2410,2370,2335,35,80
2023,"Grand Bay-Westfield, Town","1305015","Vacant",480,465,460,15,20
2023,"Grand Falls, Parish","1312016","Improved land",480,470,465,10,20
2023,"Grand Falls, Parish","1312016","Total",705,685,670,20,35
2023,"Grand Falls, Parish","1312016","Vacant",230,215,215,15,15
2023,"Grand Falls, Town","1312019","Improved land",1895,1865,1810,30,85
2023,"Grand Falls, Town","1312019","Total",2190,2150,2090,40,100
2023,"Grand Falls, Town","1312019","Vacant",295,285,280,10,15
2023,"Grand Falls-Windsor, Census agglomeration (CA)","10","Improved land",0,0,0,0,0
2023,"Grand Falls-Windsor, Census agglomeration (CA)","10","Total",5400,5285,5125,115,275
2023,"Grand Falls-Windsor, Census agglomeration (CA)","10","Vacant",0,0,0,0,0
2023,"Grand Falls-Windsor, Town","1006017","Improved land",0,0,0,0,0
2023,"Grand Falls-Windsor, Town","1006017","Total",5400,5285,5125,115,275
2023,"Grand Falls-Windsor, Town","1006017","Vacant",0,0,0,0,0
2023,"Grand Forks, City","5905032","Improved land",1750,1725,1705,25,45
2023,"Grand Forks, City","5905032","Total",2245,2205,2180,40,65
2023,"Grand Forks, City","5905032","Vacant",495,480,480,15,15
2023,"Grand Manan, Parish","1302001","Improved land",105,85,80,20,25
2023,"Grand Manan, Parish","1302001","Total",175,140,135,35,40
2023,"Grand Manan, Parish","1302001","Vacant",70,55,55,15,15
2023,"Grand Manan, Village","1302052","Improved land",1375,1245,1210,125,160
2023,"Grand Manan, Village","1302052","Total",2090,1835,1780,255,310
2023,"Grand Manan, Village","1302052","Vacant",720,590,570,130,150
2023,"Grand Rapids, Town","4621025","Improved land",140,0,0,0,0
2023,"Grand Rapids, Town","4621025","Total",245,0,0,0,0
2023,"Grand Rapids, Town","4621025","Vacant",105,0,0,0,0
2023,"Grand Valley, Town","3522010","Improved land",1470,1450,1430,20,40
2023,"Grand Valley, Town","3522010","Total",1620,1595,1570,25,50
2023,"Grand Valley, Town","3522010","Vacant",150,145,140,5,10
2023,"Grande-Anse, Village","1315038","Improved land",380,365,350,10,30
2023,"Grande-Anse, Village","1315038","Total",635,625,595,10,40
2023,"Grande-Anse, Village","1315038","Vacant",255,255,245,0,10
2023,"Grandview, Municipality","4617058","Improved land",710,0,0,0,0
2023,"Grandview, Municipality","4617058","Total",860,0,0,0,0
2023,"Grandview, Municipality","4617058","Vacant",150,0,0,0,0
2023,"Granisle, Village","5951032","Improved land",280,270,260,10,20
2023,"Granisle, Village","5951032","Total",390,370,350,30,40
2023,"Granisle, Village","5951032","Vacant",110,100,90,10,20
2023,"Grassland, Municipality","4605062","Improved land",630,0,0,0,0
2023,"Grassland, Municipality","4605062","Total",860,0,0,0,0
2023,"Grassland, Municipality","4605062","Vacant",230,0,0,0,0
2023,"Gravenhurst, Town","3544002","Improved land",7805,7610,7500,200,305
2023,"Gravenhurst, Town","3544002","Total",10165,9885,9745,280,420
2023,"Gravenhurst, Town","3544002","Vacant",2360,2285,2245,75,115
2023,"Greater Madawaska, Township","3547008","Improved land",2750,2675,2615,75,135
2023,"Greater Madawaska, Township","3547008","Total",3935,3810,3720,125,215
2023,"Greater Madawaska, Township","3547008","Vacant",1185,1135,1105,50,80
2023,"Greater Napanee, Town","3511015","Improved land",6190,6135,6105,55,85
2023,"Greater Napanee, Town","3511015","Total",7085,7005,6965,80,120
2023,"Greater Napanee, Town","3511015","Vacant",895,870,860,25,35
2023,"Greater Sudbury, Census metropolitan area (CMA)","580","Improved land",56060,55530,55145,535,930
2023,"Greater Sudbury, Census metropolitan area (CMA)","580","Total",62315,61680,61240,635,1075
2023,"Greater Sudbury, Census metropolitan area (CMA)","580","Vacant",6250,6150,6105,100,145
2023,"Greater Sudbury, City","3553005","Improved land",53990,53520,53145,475,855
2023,"Greater Sudbury, City","3553005","Total",59550,59010,58595,540,955
2023,"Greater Sudbury, City","3553005","Vacant",5555,5490,5455,65,100
2023,"Greenmount-Montrose, Rural municipality","1103055","Improved land",140,135,130,5,10
2023,"Greenmount-Montrose, Rural municipality","1103055","Total",160,155,150,5,10
2023,"Greenmount-Montrose, Rural municipality","1103055","Vacant",20,20,20,0,0
2023,"Greenspond, Town","1007054","Improved land",0,0,0,0,0
2023,"Greenspond, Town","1007054","Total",205,200,200,5,5
2023,"Greenspond, Town","1007054","Vacant",0,0,0,0,0
2023,"Greenstone, Municipality","3558075","Improved land",2310,2235,2220,75,90
2023,"Greenstone, Municipality","3558075","Total",3730,3620,3595,110,135
2023,"Greenstone, Municipality","3558075","Vacant",1420,1385,1375,35,45
2023,"Greenwich, Parish","1305038","Improved land",600,590,565,10,30
2023,"Greenwich, Parish","1305038","Total",905,885,845,20,60
2023,"Greenwich, Parish","1305038","Vacant",305,295,280,10,25
2023,"Greenwood, City","5905042","Improved land",375,360,350,15,25
2023,"Greenwood, City","5905042","Total",905,880,860,25,45
2023,"Greenwood, City","5905042","Vacant",530,520,510,10,20
2023,"Grey Highlands, Municipality","3542015","Improved land",5400,5340,5270,60,130
2023,"Grey Highlands, Municipality","3542015","Total",6410,6325,6240,85,170
2023,"Grey Highlands, Municipality","3542015","Vacant",1010,985,970,25,40
2023,"Grey, Rural municipality","4609018","Improved land",1000,0,0,0,0
2023,"Grey, Rural municipality","4609018","Total",1130,0,0,0,0
2023,"Grey, Rural municipality","4609018","Vacant",130,0,0,0,0
2023,"Grimsby, Town","3526065","Improved land",11175,11085,11010,90,165
2023,"Grimsby, Town","3526065","Total",11475,11385,11310,90,165
2023,"Grimsby, Town","3526065","Vacant",300,300,300,0,0
2023,"Grise Fiord, Hamlet","6204025","Improved land",0,0,0,0,0
2023,"Grise Fiord, Hamlet","6204025","Total",20,20,20,0,0
2023,"Grise Fiord, Hamlet","6204025","Vacant",0,0,0,0,0
2023,"Guelph, Census metropolitan area (CMA)","550","Improved land",52995,52525,52085,470,910
2023,"Guelph, Census metropolitan area (CMA)","550","Total",54230,53745,53295,485,930
2023,"Guelph, Census metropolitan area (CMA)","550","Vacant",1230,1220,1210,10,20
2023,"Guelph, City","3523008","Improved land",45490,45055,44670,435,820
2023,"Guelph, City","3523008","Total",46185,45750,45360,435,825
2023,"Guelph, City","3523008","Vacant",695,695,690,0,5
2023,"Guelph/Eramosa, Township","3523009","Improved land",4680,4660,4630,20,50
2023,"Guelph/Eramosa, Township","3523009","Total",4890,4870,4835,20,55
2023,"Guelph/Eramosa, Township","3523009","Vacant",210,210,205,0,5
2023,"Guysborough, Municipal district","1213004","Improved land",3215,2990,2915,225,300
2023,"Guysborough, Municipal district","1213004","Total",4720,4315,4185,405,535
2023,"Guysborough, Municipal district","1213004","Vacant",1505,1325,1270,180,235
2023,"Haines Junction, Village","6001018","Improved land",285,0,0,0,0
2023,"Haines Junction, Village","6001018","Total",405,0,0,0,0
2023,"Haines Junction, Village","6001018","Vacant",120,0,0,0,0
2023,"Haldimand County, City","3528018","Improved land",19210,18995,18835,220,380
2023,"Haldimand County, City","3528018","Total",21030,20765,20585,265,445
2023,"Haldimand County, City","3528018","Vacant",1815,1770,1750,45,65
2023,"Halifax, Census metropolitan area (CMA)","205","Improved land",140555,137890,135305,2660,5250
2023,"Halifax, Census metropolitan area (CMA)","205","Total",158950,155410,152430,3540,6520
2023,"Halifax, Census metropolitan area (CMA)","205","Vacant",18400,17520,17120,880,1280
2023,"Halifax, Regional municipality","1209034","Improved land",130840,128330,125925,2515,4915
2023,"Halifax, Regional municipality","1209034","Total",147135,143825,141070,3310,6065
2023,"Halifax, Regional municipality","1209034","Vacant",16295,15495,15145,800,1150
2023,"Hall Beach, Hamlet","6204011","Improved land",0,0,0,0,0
2023,"Hall Beach, Hamlet","6204011","Total",225,220,220,5,5
2023,"Hall Beach, Hamlet","6204011","Vacant",0,0,0,0,0
2023,"Halton Hills, Town","3524015","Improved land",20210,20105,19985,115,225
2023,"Halton Hills, Town","3524015","Total",20670,20555,20440,115,230
2023,"Halton Hills, Town","3524015","Vacant",460,460,455,0,5
2023,"Hamilton, Census metropolitan area (CMA)","537","Improved land",250915,248350,246335,2565,4590
2023,"Hamilton, Census metropolitan area (CMA)","537","Total",255145,252560,250530,2585,4615
2023,"Hamilton, Census metropolitan area (CMA)","537","Vacant",4230,4210,4195,20,35
2023,"Hamilton, City","3525005","Improved land",176060,174225,172730,1835,3330
2023,"Hamilton, City","3525005","Total",179335,177485,175980,1850,3355
2023,"Hamilton, City","3525005","Vacant",3275,3260,3250,15,25
2023,"Hamilton, Township","3514019","Improved land",4520,4480,4440,35,80
2023,"Hamilton, Township","3514019","Total",4975,4930,4880,45,95
2023,"Hamilton, Township","3514019","Vacant",455,445,440,10,15
2023,"Hamiota, Municipality","4615037","Improved land",530,0,0,0,0
2023,"Hamiota, Municipality","4615037","Total",670,0,0,0,0
2023,"Hamiota, Municipality","4615037","Vacant",140,0,0,0,0
2023,"Hammond, Parish","1305001","Improved land",195,195,180,0,15
2023,"Hammond, Parish","1305001","Total",320,310,290,10,30
2023,"Hammond, Parish","1305001","Vacant",125,115,110,10,15
2023,"Hampden, Town","1005008","Improved land",0,0,0,0,0
2023,"Hampden, Town","1005008","Total",245,235,235,10,10
2023,"Hampden, Town","1005008","Vacant",0,0,0,0,0
2023,"Hampshire, Rural municipality","1102021","Improved land",150,150,145,0,5
2023,"Hampshire, Rural municipality","1102021","Total",150,150,145,0,5
2023,"Hampshire, Rural municipality","1102021","Vacant",0,0,0,0,0
2023,"Hampstead, Parish","1304006","Improved land",170,160,155,10,15
2023,"Hampstead, Parish","1304006","Total",285,265,255,15,25
2023,"Hampstead, Parish","1304006","Vacant",110,105,100,5,10
2023,"Hampton, Parish","1305006","Improved land",1255,1240,1215,15,40
2023,"Hampton, Parish","1305006","Total",1595,1575,1545,20,50
2023,"Hampton, Parish","1305006","Vacant",340,335,325,5,15
2023,"Hampton, Town","1305007","Improved land",1595,1585,1565,10,30
2023,"Hampton, Town","1305007","Total",1895,1880,1855,15,40
2023,"Hampton, Town","1305007","Vacant",300,295,290,5,10
2023,"Hanover, Rural municipality","4602041","Improved land",5020,0,0,0,0
2023,"Hanover, Rural municipality","4602041","Total",5540,0,0,0,0
2023,"Hanover, Rural municipality","4602041","Vacant",520,0,0,0,0
2023,"Hanover, Town","3542029","Improved land",2765,2755,2735,10,30
2023,"Hanover, Town","3542029","Total",2955,2940,2920,15,35
2023,"Hanover, Town","3542029","Vacant",190,185,185,5,5
2023,"Hant's Harbour, Town","1001335","Improved land",0,0,0,0,0
2023,"Hant's Harbour, Town","1001335","Total",340,335,330,5,10
2023,"Hant's Harbour, Town","1001335","Vacant",0,0,0,0,0
2023,"Hanwell, Rural community","1310017","Improved land",1675,1665,1630,10,45
2023,"Hanwell, Rural community","1310017","Total",1895,1875,1840,20,55
2023,"Hanwell, Rural community","1310017","Vacant",215,205,205,10,10
2023,"Happy Adventure, Town","1007041","Improved land",0,0,0,0,0
2023,"Happy Adventure, Town","1007041","Total",220,210,205,10,15
2023,"Happy Adventure, Town","1007041","Vacant",0,0,0,0,0
2023,"Happy Valley-Goose Bay, Town","1010025","Improved land",0,0,0,0,0
2023,"Happy Valley-Goose Bay, Town","1010025","Total",3230,3185,3115,45,115
2023,"Happy Valley-Goose Bay, Town","1010025","Vacant",0,0,0,0,0
2023,"Harbour Breton, Town","1003008","Improved land",0,0,0,0,0
2023,"Harbour Breton, Town","1003008","Total",730,720,720,10,10
2023,"Harbour Breton, Town","1003008","Vacant",0,0,0,0,0
2023,"Harbour Grace, Town","1001379","Improved land",0,0,0,0,0
2023,"Harbour Grace, Town","1001379","Total",1815,1775,1745,40,70
2023,"Harbour Grace, Town","1001379","Vacant",0,0,0,0,0
2023,"Harbour Main-Chapel's Cove-Lakeview, Town","1001469","Improved land",0,0,0,0,0
2023,"Harbour Main-Chapel's Cove-Lakeview, Town","1001469","Total",895,850,830,45,65
2023,"Harbour Main-Chapel's Cove-Lakeview, Town","1001469","Vacant",0,0,0,0,0
2023,"Harcourt, Parish","1308010","Improved land",325,315,300,15,25
2023,"Harcourt, Parish","1308010","Total",580,520,500,60,80
2023,"Harcourt, Parish","1308010","Vacant",255,210,200,45,55
2023,"Hardwicke, Parish","1309001","Improved land",1195,1160,1115,35,80
2023,"Hardwicke, Parish","1309001","Total",1905,1825,1765,80,140
2023,"Hardwicke, Parish","1309001","Vacant",710,665,650,45,60
2023,"Hare Bay, Town","1007049","Improved land",0,0,0,0,0
2023,"Hare Bay, Town","1007049","Total",530,510,510,25,25
2023,"Hare Bay, Town","1007049","Vacant",0,0,0,0,0
2023,"Harley, Township","3554026","Improved land",215,210,210,5,5
2023,"Harley, Township","3554026","Total",265,260,260,5,5
2023,"Harley, Township","3554026","Vacant",50,50,50,0,0
2023,"Harris, Township","3554014","Improved land",205,205,200,0,5
2023,"Harris, Township","3554014","Total",255,255,250,0,5
2023,"Harris, Township","3554014","Vacant",50,50,50,0,0
2023,"Harrison Hot Springs, Village","5909027","Improved land",1095,1070,1055,25,40
2023,"Harrison Hot Springs, Village","5909027","Total",1200,1170,1155,30,45
2023,"Harrison Hot Springs, Village","5909027","Vacant",105,100,100,5,5
2023,"Harrison Park, Municipality","4615070","Improved land",1875,0,0,0,0
2023,"Harrison Park, Municipality","4615070","Total",2575,0,0,0,0
2023,"Harrison Park, Municipality","4615070","Vacant",700,0,0,0,0
2023,"Hartland, Town","1311012","Improved land",315,310,310,5,5
2023,"Hartland, Town","1311012","Total",365,360,360,5,5
2023,"Hartland, Town","1311012","Vacant",50,50,50,0,0
2023,"Harvey, Parish","1306004","Improved land",290,275,265,15,25
2023,"Harvey, Parish","1306004","Total",515,480,465,35,50
2023,"Harvey, Parish","1306004","Vacant",225,205,200,20,25
2023,"Harvey, Village","1310005","Improved land",135,135,130,0,5
2023,"Harvey, Village","1310005","Total",200,195,190,0,5
2023,"Harvey, Village","1310005","Vacant",60,60,60,0,0
2023,"Hastings Highlands, Municipality","3512076","Improved land",3900,3755,3675,135,210
2023,"Hastings Highlands, Municipality","3512076","Total",5625,5415,5315,210,310
2023,"Hastings Highlands, Municipality","3512076","Vacant",1735,1660,1640,75,95
2023,"Haut-Madawaska, Rural community","1313031","Improved land",1650,1600,1530,50,120
2023,"Haut-Madawaska, Rural community","1313031","Total",2340,2225,2135,115,205
2023,"Haut-Madawaska, Rural community","1313031","Vacant",690,625,605,65,85
2023,"Havelock, Parish","1305028","Improved land",575,555,525,15,45
2023,"Havelock, Parish","1305028","Total",860,830,790,30,70
2023,"Havelock, Parish","1305028","Vacant",290,275,265,15,25
2023,"Havelock-Belmont-Methuen, Township","3515030","Improved land",4100,3970,3880,135,225
2023,"Havelock-Belmont-Methuen, Township","3515030","Total",5250,5070,4950,180,300
2023,"Havelock-Belmont-Methuen, Township","3515030","Vacant",1145,1100,1070,45,75
2023,"Hawkesbury (Ontario part), Census agglomeration (CA)","2021S050635502","Improved land",3655,3640,3630,15,25
2023,"Hawkesbury (Ontario part), Census agglomeration (CA)","2021S050635502","Total",3880,3865,3850,15,35
2023,"Hawkesbury (Ontario part), Census agglomeration (CA)","2021S050635502","Vacant",225,225,220,0,5
2023,"Hawkesbury, Town","3502008","Improved land",3655,3640,3630,15,25
2023,"Hawkesbury, Town","3502008","Total",3880,3865,3850,15,35
2023,"Hawkesbury, Town","3502008","Vacant",225,225,220,0,5
2023,"Hazelbrook, Rural municipality","1102011","Improved land",90,80,75,5,10
2023,"Hazelbrook, Rural municipality","1102011","Total",90,85,80,5,10
2023,"Hazelbrook, Rural municipality","1102011","Vacant",5,5,5,0,0
2023,"Hazelton, Village","5949022","Improved land",125,120,120,5,10
2023,"Hazelton, Village","5949022","Total",255,250,245,5,10
2023,"Hazelton, Village","5949022","Vacant",130,130,130,0,0
2023,"Head, Clara and Maria, Township","3547098","Improved land",340,330,330,10,10
2023,"Head, Clara and Maria, Township","3547098","Total",535,520,515,15,20
2023,"Head, Clara and Maria, Township","3547098","Vacant",195,190,185,5,10
2023,"Headingley, Rural municipality","4611042","Improved land",1255,0,0,0,0
2023,"Headingley, Rural municipality","4611042","Total",1475,0,0,0,0
2023,"Headingley, Rural municipality","4611042","Vacant",220,0,0,0,0
2023,"Hearst, Town","3556076","Improved land",1555,1555,1550,0,5
2023,"Hearst, Town","3556076","Total",1820,1815,1810,5,10
2023,"Hearst, Town","3556076","Vacant",265,260,260,5,5
2023,"Heart's Content, Town","1001325","Improved land",0,0,0,0,0
2023,"Heart's Content, Town","1001325","Total",330,315,310,10,15
2023,"Heart's Content, Town","1001325","Vacant",0,0,0,0,0
2023,"Heart's Delight-Islington, Town","1001312","Improved land",0,0,0,0,0
2023,"Heart's Delight-Islington, Town","1001312","Total",625,610,600,15,25
2023,"Heart's Delight-Islington, Town","1001312","Vacant",0,0,0,0,0
2023,"Heart's Desire, Town","1001316","Improved land",0,0,0,0,0
2023,"Heart's Desire, Town","1001316","Total",205,195,195,10,10
2023,"Heart's Desire, Town","1001316","Vacant",0,0,0,0,0
2023,"Hermitage-Sandyville, Town","1003011","Improved land",0,0,0,0,0
2023,"Hermitage-Sandyville, Town","1003011","Total",280,275,270,5,10
2023,"Hermitage-Sandyville, Town","1003011","Vacant",0,0,0,0,0
2023,"Highlands East, Municipality","3546005","Improved land",4605,4510,4415,95,190
2023,"Highlands East, Municipality","3546005","Total",6600,6430,6295,170,305
2023,"Highlands East, Municipality","3546005","Vacant",1995,1920,1880,75,115
2023,"Highlands, District municipality","5917049","Improved land",810,805,800,10,15
2023,"Highlands, District municipality","5917049","Total",870,860,855,10,15
2023,"Highlands, District municipality","5917049","Vacant",55,55,55,0,0
2023,"Hilliard, Township","3554034","Improved land",90,90,90,0,0
2023,"Hilliard, Township","3554034","Total",130,130,130,0,0
2023,"Hilliard, Township","3554034","Vacant",40,40,40,0,0
2023,"Hillsborough, Parish","1306011","Improved land",720,710,690,10,30
2023,"Hillsborough, Parish","1306011","Total",1040,1010,985,30,55
2023,"Hillsborough, Parish","1306011","Vacant",320,300,295,20,25
2023,"Hillsborough, Village","1306025","Improved land",475,470,460,5,15
2023,"Hillsborough, Village","1306025","Total",590,585,575,5,15
2023,"Hillsborough, Village","1306025","Vacant",115,115,115,0,0
2023,"Hillsburg-Roblin-Shell River, Municipality","4616048","Improved land",1505,0,0,0,0
2023,"Hillsburg-Roblin-Shell River, Municipality","4616048","Total",1805,0,0,0,0
2023,"Hillsburg-Roblin-Shell River, Municipality","4616048","Vacant",300,0,0,0,0
2023,"Hilton Beach, Village","3557006","Improved land",130,115,115,15,15
2023,"Hilton Beach, Village","3557006","Total",265,215,210,50,55
2023,"Hilton Beach, Village","3557006","Vacant",135,100,95,35,40
2023,"Hilton, Township","3557004","Improved land",385,340,335,45,50
2023,"Hilton, Township","3557004","Total",720,595,590,130,135
2023,"Hilton, Township","3557004","Vacant",340,255,255,85,85
2023,"Holyrood, Town","1001472","Improved land",0,0,0,0,0
2023,"Holyrood, Town","1001472","Total",1645,1605,1555,40,90
2023,"Holyrood, Town","1001472","Vacant",0,0,0,0,0
2023,"Hope, District municipality","5909009","Improved land",2630,2600,2560,30,70
2023,"Hope, District municipality","5909009","Total",2865,2830,2785,35,80
2023,"Hope, District municipality","5909009","Vacant",235,230,225,5,10
2023,"Hopewell, Parish","1306001","Improved land",320,300,295,20,25
2023,"Hopewell, Parish","1306001","Total",510,480,460,35,50
2023,"Hopewell, Parish","1306001","Vacant",190,175,165,15,25
2023,"Hornepayne, Township","3557096","Improved land",450,440,440,10,10
2023,"Hornepayne, Township","3557096","Total",610,595,595,15,15
2023,"Hornepayne, Township","3557096","Vacant",160,155,155,5,5
2023,"Horton, Township","3547046","Improved land",1380,1365,1360,15,20
2023,"Horton, Township","3547046","Total",1690,1670,1660,20,30
2023,"Horton, Township","3547046","Vacant",310,305,300,5,10
2023,"Houston, District municipality","5951034","Improved land",910,900,900,10,10
2023,"Houston, District municipality","5951034","Total",1065,1050,1050,15,15
2023,"Houston, District municipality","5951034","Vacant",155,150,150,5,5
2023,"Howick, Township","3540046","Improved land",1320,1315,1300,5,20
2023,"Howick, Township","3540046","Total",1440,1435,1420,5,20
2023,"Howick, Township","3540046","Vacant",120,120,120,0,0
2023,"Howley, Town","1005006","Improved land",0,0,0,0,0
2023,"Howley, Town","1005006","Total",185,180,180,5,5
2023,"Howley, Town","1005006","Vacant",0,0,0,0,0
2023,"Hudson's Hope, District municipality","5955025","Improved land",425,415,415,10,10
2023,"Hudson's Hope, District municipality","5955025","Total",1115,1110,1090,15,25
2023,"Hudson's Hope, District municipality","5955025","Vacant",690,685,675,5,15
2023,"Hudson, Township","3554021","Improved land",315,300,295,15,20
2023,"Hudson, Township","3554021","Total",415,385,380,30,35
2023,"Hudson, Township","3554021","Vacant",100,85,85,15,15
2023,"Hughes Brook, Town","1005028","Improved land",0,0,0,0,0
2023,"Hughes Brook, Town","1005028","Total",125,125,120,0,5
2023,"Hughes Brook, Town","1005028","Vacant",0,0,0,0,0
2023,"Humber Arm South, Town","1005020","Improved land",0,0,0,0,0
2023,"Humber Arm South, Town","1005020","Total",890,850,835,40,55
2023,"Humber Arm South, Town","1005020","Vacant",0,0,0,0,0
2023,"Hunter River, Rural municipality","1102043","Improved land",150,145,140,5,10
2023,"Hunter River, Rural municipality","1102043","Total",165,165,160,5,10
2023,"Hunter River, Rural municipality","1102043","Vacant",20,20,20,0,0
2023,"Huntsville, Town","3544042","Improved land",10390,10210,10130,180,275
2023,"Huntsville, Town","3544042","Total",13060,12775,12635,285,425
2023,"Huntsville, Town","3544042","Vacant",2670,2565,2515,105,155
2023,"Huron East, Municipality","3540040","Improved land",3495,3480,3465,15,30
2023,"Huron East, Municipality","3540040","Total",3775,3755,3740,20,35
2023,"Huron East, Municipality","3540040","Vacant",280,275,275,5,5
2023,"Huron Shores, Municipality","3557035","Improved land",1295,1175,1140,120,155
2023,"Huron Shores, Municipality","3557035","Total",2140,1875,1830,265,320
2023,"Huron Shores, Municipality","3557035","Vacant",845,700,690,145,155
2023,"Huron-Kinloss, Township","3541015","Improved land",4000,3910,3870,90,130
2023,"Huron-Kinloss, Township","3541015","Total",4665,4560,4510,105,155
2023,"Huron-Kinloss, Township","3541015","Vacant",665,650,640,15,25
2023,"Huskisson, Parish","1308012","Improved land",20,20,20,0,0
2023,"Huskisson, Parish","1308012","Total",25,25,20,0,5
2023,"Huskisson, Parish","1308012","Vacant",5,5,0,0,5
2023,"Ibex Valley, Hamlet","6001055","Improved land",160,0,0,0,0
2023,"Ibex Valley, Hamlet","6001055","Total",205,0,0,0,0
2023,"Ibex Valley, Hamlet","6001055","Vacant",45,0,0,0,0
2023,"Igloolik, Hamlet","6204012","Improved land",0,0,0,0,0
2023,"Igloolik, Hamlet","6204012","Total",520,510,505,10,15
2023,"Igloolik, Hamlet","6204012","Vacant",0,0,0,0,0
2023,"Ignace, Township","3560001","Improved land",690,665,660,25,35
2023,"Ignace, Township","3560001","Total",1160,1125,1120,35,40
2023,"Ignace, Township","3560001","Vacant",470,460,460,10,10
2023,"Indian Bay, Town","1007067","Improved land",0,0,0,0,0
2023,"Indian Bay, Town","1007067","Total",140,135,135,5,5
2023,"Indian Bay, Town","1007067","Vacant",0,0,0,0,0
2023,"Ingersoll, Census agglomeration (CA)","533","Improved land",4960,4920,4890,40,65
2023,"Ingersoll, Census agglomeration (CA)","533","Total",5100,5060,5030,40,70
2023,"Ingersoll, Census agglomeration (CA)","533","Vacant",140,140,140,0,0
2023,"Ingersoll, Town","3532018","Improved land",4960,4920,4890,40,65
2023,"Ingersoll, Town","3532018","Total",5100,5060,5030,40,70
2023,"Ingersoll, Town","3532018","Vacant",140,140,140,0,0
2023,"Inkerman, Parish","1315024","Improved land",1140,1130,1100,10,40
2023,"Inkerman, Parish","1315024","Total",1915,1880,1840,35,75
2023,"Inkerman, Parish","1315024","Vacant",775,750,740,25,35
2023,"Innisfil, Town","3543017","Improved land",16110,15885,15720,230,395
2023,"Innisfil, Town","3543017","Total",18125,17875,17695,250,430
2023,"Innisfil, Town","3543017","Vacant",2010,1995,1975,15,35
2023,"Invermere, District municipality","5901039","Improved land",2110,2070,2010,40,100
2023,"Invermere, District municipality","5901039","Total",2445,2400,2330,45,120
2023,"Invermere, District municipality","5901039","Vacant",335,330,320,5,15
2023,"Inverness, Subd. A, Subdivision of county municipality","1215011","Improved land",3210,2990,2880,220,330
2023,"Inverness, Subd. A, Subdivision of county municipality","1215011","Total",4500,4160,4010,340,490
2023,"Inverness, Subd. A, Subdivision of county municipality","1215011","Vacant",1290,1170,1130,120,160
2023,"Inverness, Subd. B, Subdivision of county municipality","1215006","Improved land",2735,2565,2490,170,240
2023,"Inverness, Subd. B, Subdivision of county municipality","1215006","Total",3630,3330,3235,300,395
2023,"Inverness, Subd. B, Subdivision of county municipality","1215006","Vacant",895,765,745,130,150
2023,"Inverness, Subd. C, Subdivision of county municipality","1215001","Improved land",1925,1755,1690,170,230
2023,"Inverness, Subd. C, Subdivision of county municipality","1215001","Total",2565,2285,2190,280,375
2023,"Inverness, Subd. C, Subdivision of county municipality","1215001","Vacant",640,530,495,110,145
2023,"Iqaluit, City","6204003","Improved land",0,0,0,0,0
2023,"Iqaluit, City","6204003","Total",1500,1430,1385,70,110
2023,"Iqaluit, City","6204003","Vacant",0,0,0,0,0
2023,"Irishtown-Summerside, Town","1005030","Improved land",0,0,0,0,0
2023,"Irishtown-Summerside, Town","1005030","Total",785,770,750,15,35
2023,"Irishtown-Summerside, Town","1005030","Vacant",0,0,0,0,0
2023,"Iroquois Falls, Town","3556031","Improved land",1940,1915,1900,25,35
2023,"Iroquois Falls, Town","3556031","Total",2920,2830,2790,90,130
2023,"Iroquois Falls, Town","3556031","Vacant",980,915,890,65,90
2023,"Isle aux Morts, Town","1003032","Improved land",0,0,0,0,0
2023,"Isle aux Morts, Town","1003032","Total",325,320,320,5,5
2023,"Isle aux Morts, Town","1003032","Vacant",0,0,0,0,0
2023,"Jackson's Arm, Town","1005005","Improved land",0,0,0,0,0
2023,"Jackson's Arm, Town","1005005","Total",195,190,190,5,5
2023,"Jackson's Arm, Town","1005005","Vacant",0,0,0,0,0
2023,"James, Township","3554042","Improved land",235,230,225,5,10
2023,"James, Township","3554042","Total",515,490,485,25,30
2023,"James, Township","3554042","Vacant",280,260,260,20,20
2023,"Jocelyn, Township","3557001","Improved land",390,360,350,30,40
2023,"Jocelyn, Township","3557001","Total",645,590,575,55,70
2023,"Jocelyn, Township","3557001","Vacant",255,230,225,25,30
2023,"Johnson, Township","3557016","Improved land",515,445,435,70,80
2023,"Johnson, Township","3557016","Total",780,655,640,125,140
2023,"Johnson, Township","3557016","Vacant",265,210,205,55,60
2023,"Johnsons Crossing, Settlement","6001047","Improved land",5,0,0,0,0
2023,"Johnsons Crossing, Settlement","6001047","Total",5,0,0,0,0
2023,"Johnsons Crossing, Settlement","6001047","Vacant",0,0,0,0,0
2023,"Johnston, Parish","1304014","Improved land",495,485,465,10,30
2023,"Johnston, Parish","1304014","Total",765,735,710,30,55
2023,"Johnston, Parish","1304014","Vacant",270,250,245,20,25
2023,"Johnstons River, Fire district","1102015","Improved land",165,165,160,0,5
2023,"Johnstons River, Fire district","1102015","Total",185,185,180,0,5
2023,"Johnstons River, Fire district","1102015","Vacant",20,20,20,0,0
2023,"Joly, Township","3549051","Improved land",295,290,280,5,15
2023,"Joly, Township","3549051","Total",515,500,475,15,40
2023,"Joly, Township","3549051","Vacant",220,210,195,10,25
2023,"Juan de Fuca (Part 1), Regional district electoral area","5917054","Improved land",2115,2060,2020,55,95
2023,"Juan de Fuca (Part 1), Regional district electoral area","5917054","Total",2510,2435,2390,75,120
2023,"Juan de Fuca (Part 1), Regional district electoral area","5917054","Vacant",395,375,370,20,25
2023,"Juan de Fuca (Part 2), Regional district electoral area","5917056","Improved land",300,280,265,20,35
2023,"Juan de Fuca (Part 2), Regional district electoral area","5917056","Total",415,390,375,25,40
2023,"Juan de Fuca (Part 2), Regional district electoral area","5917056","Vacant",115,110,110,5,5
2023,"Kamloops, Census metropolitan area (CMA)","925","Improved land",39335,38840,38455,495,880
2023,"Kamloops, Census metropolitan area (CMA)","925","Total",40900,40370,39965,530,935
2023,"Kamloops, Census metropolitan area (CMA)","925","Vacant",1565,1530,1515,35,50
2023,"Kamloops, City","5933042","Improved land",32930,32660,32380,270,555
2023,"Kamloops, City","5933042","Total",33670,33400,33110,270,560
2023,"Kamloops, City","5933042","Vacant",735,735,730,0,5
2023,"Kapuskasing, Town","3556066","Improved land",2940,2920,2910,20,30
2023,"Kapuskasing, Town","3556066","Total",3400,3375,3360,25,35
2023,"Kapuskasing, Town","3556066","Vacant",460,455,450,5,10
2023,"Kars, Parish","1305036","Improved land",350,340,330,10,20
2023,"Kars, Parish","1305036","Total",555,530,510,25,45
2023,"Kars, Parish","1305036","Vacant",205,190,180,15,25
2023,"Kaslo, Village","5903023","Improved land",535,520,510,15,25
2023,"Kaslo, Village","5903023","Total",750,720,705,30,45
2023,"Kaslo, Village","5903023","Vacant",215,200,195,15,20
2023,"Kawartha Lakes, Census agglomeration (CA)","530","Improved land",35865,35375,35035,485,830
2023,"Kawartha Lakes, Census agglomeration (CA)","530","Total",40095,39490,39090,605,1005
2023,"Kawartha Lakes, Census agglomeration (CA)","530","Vacant",4230,4110,4055,120,175
2023,"Kawartha Lakes, City","3516010","Improved land",35865,35375,35035,485,830
2023,"Kawartha Lakes, City","3516010","Total",40095,39490,39090,605,1005
2023,"Kawartha Lakes, City","3516010","Vacant",4230,4110,4055,120,175
2023,"Kearney, Town","3549018","Improved land",1280,1235,1215,45,65
2023,"Kearney, Town","3549018","Total",2025,1945,1905,80,120
2023,"Kearney, Town","3549018","Vacant",745,710,690,35,55
2023,"Kedgwick, Rural community","1314020","Improved land",885,875,845,10,40
2023,"Kedgwick, Rural community","1314020","Total",1135,1115,1075,20,60
2023,"Kedgwick, Rural community","1314020","Vacant",250,240,230,10,20
2023,"Kelowna, Census metropolitan area (CMA)","915","Improved land",76535,75260,74150,1265,2385
2023,"Kelowna, Census metropolitan area (CMA)","915","Total",79555,78200,77035,1355,2520
2023,"Kelowna, Census metropolitan area (CMA)","915","Vacant",3020,2935,2885,85,135
2023,"Kelowna, City","5935010","Improved land",51760,50880,50125,890,1640
2023,"Kelowna, City","5935010","Total",52780,51875,51110,905,1670
2023,"Kelowna, City","5935010","Vacant",1015,995,985,20,30
2023,"Kelsey, Rural municipality","4621052","Improved land",955,0,0,0,0
2023,"Kelsey, Rural municipality","4621052","Total",1340,0,0,0,0
2023,"Kelsey, Rural municipality","4621052","Vacant",380,0,0,0,0
2023,"Keno Hill, Settlement","6001052","Improved land",35,0,0,0,0
2023,"Keno Hill, Settlement","6001052","Total",55,0,0,0,0
2023,"Keno Hill, Settlement","6001052","Vacant",20,0,0,0,0
2023,"Kenora, Census agglomeration (CA)","598","Improved land",6205,6125,6080,80,125
2023,"Kenora, Census agglomeration (CA)","598","Total",7410,7290,7230,120,180
2023,"Kenora, Census agglomeration (CA)","598","Vacant",1205,1165,1150,40,55
2023,"Kenora, City","3560010","Improved land",6205,6125,6080,80,125
2023,"Kenora, City","3560010","Total",7410,7290,7230,120,180
2023,"Kenora, City","3560010","Vacant",1205,1165,1150,40,55
2023,"Kenora, Unorganized, Unorganized","3560090","Improved land",8700,7755,7530,950,1175
2023,"Kenora, Unorganized, Unorganized","3560090","Total",11740,10380,10100,1360,1640
2023,"Kenora, Unorganized, Unorganized","3560090","Vacant",3035,2625,2570,410,465
2023,"Kensington, Part 1, Fire district","1103067","Improved land",1385,1355,1325,30,60
2023,"Kensington, Part 1, Fire district","1103067","Total",1500,1465,1435,35,65
2023,"Kensington, Part 1, Fire district","1103067","Vacant",115,110,110,5,5
2023,"Kensington, Part 2, Fire district","1102066","Improved land",290,285,280,5,15
2023,"Kensington, Part 2, Fire district","1102066","Total",320,315,305,5,15
2023,"Kensington, Part 2, Fire district","1102066","Vacant",25,25,25,0,0
2023,"Kensington, Town","1103014","Improved land",590,575,575,10,20
2023,"Kensington, Town","1103014","Total",600,590,580,10,20
2023,"Kensington, Town","1103014","Vacant",15,15,15,0,0
2023,"Kent, District municipality","5909032","Improved land",2025,2005,1970,25,55
2023,"Kent, District municipality","5909032","Total",2130,2105,2070,25,60
2023,"Kent, District municipality","5909032","Vacant",105,105,100,0,5
2023,"Kent, Parish","1311028","Improved land",975,960,930,10,45
2023,"Kent, Parish","1311028","Total",1420,1380,1340,40,80
2023,"Kent, Parish","1311028","Vacant",445,415,410,30,35
2023,"Kentville, Census agglomeration (CA)","210","Improved land",10060,9945,9765,105,280
2023,"Kentville, Census agglomeration (CA)","210","Total",11340,11190,10990,150,350
2023,"Kentville, Census agglomeration (CA)","210","Vacant",1290,1245,1225,45,65
2023,"Kentville, Town","1207012","Improved land",2110,2090,2050,20,60
2023,"Kentville, Town","1207012","Total",2320,2295,2255,25,65
2023,"Kentville, Town","1207012","Vacant",210,205,205,5,5
2023,"Keremeos, Village","5907009","Improved land",690,670,665,15,25
2023,"Keremeos, Village","5907009","Total",730,715,705,15,25
2023,"Keremeos, Village","5907009","Vacant",40,40,40,0,0
2023,"Kerns, Township","3554024","Improved land",130,130,130,0,0
2023,"Kerns, Township","3554024","Total",145,145,145,0,0
2023,"Kerns, Township","3554024","Vacant",15,15,15,0,0
2023,"Killaloe, Hagarty and Richards, Township","3547033","Improved land",1605,1570,1550,35,55
2023,"Killaloe, Hagarty and Richards, Township","3547033","Total",2140,2085,2060,55,75
2023,"Killaloe, Hagarty and Richards, Township","3547033","Vacant",535,515,510,20,25
2023,"Killarney - Turtle Mountain, Rural municipality","4605025","Improved land",1455,0,0,0,0
2023,"Killarney - Turtle Mountain, Rural municipality","4605025","Total",1885,0,0,0,0
2023,"Killarney - Turtle Mountain, Rural municipality","4605025","Vacant",430,0,0,0,0
2023,"Killarney, Municipality","3552036","Improved land",910,795,760,120,145
2023,"Killarney, Municipality","3552036","Total",1200,1055,1020,145,180
2023,"Killarney, Municipality","3552036","Vacant",290,265,260,25,30
2023,"Kimberley, City","5901028","Improved land",3970,3855,3715,115,255
2023,"Kimberley, City","5901028","Total",4400,4275,4135,125,265
2023,"Kimberley, City","5901028","Vacant",430,420,415,10,15
2023,"Kimmirut, Hamlet","6204005","Improved land",0,0,0,0,0
2023,"Kimmirut, Hamlet","6204005","Total",215,210,205,5,10
2023,"Kimmirut, Hamlet","6204005","Vacant",0,0,0,0,0
2023,"Kincardine, Municipality","3541024","Improved land",5710,5620,5575,90,135
2023,"Kincardine, Municipality","3541024","Total",6350,6230,6185,120,165
2023,"Kincardine, Municipality","3541024","Vacant",640,610,610,30,30
2023,"King's Point, Town","1008069","Improved land",0,0,0,0,0
2023,"King's Point, Town","1008069","Total",475,465,455,10,20
2023,"King's Point, Town","1008069","Vacant",0,0,0,0,0
2023,"King, Township","3519049","Improved land",8960,8855,8775,105,185
2023,"King, Township","3519049","Total",9500,9390,9305,110,195
2023,"King, Township","3519049","Vacant",540,535,530,5,10
2023,"Kings, Subd. A, Subdivision of county municipality","1207001","Improved land",9445,9290,9145,150,300
2023,"Kings, Subd. A, Subdivision of county municipality","1207001","Total",11070,10830,10640,240,430
2023,"Kings, Subd. A, Subdivision of county municipality","1207001","Vacant",1625,1535,1495,90,130
2023,"Kings, Subd. B, Subdivision of county municipality","1207016","Improved land",5045,4990,4895,55,150
2023,"Kings, Subd. B, Subdivision of county municipality","1207016","Total",5795,5710,5600,85,195
2023,"Kings, Subd. B, Subdivision of county municipality","1207016","Vacant",750,720,705,30,45
2023,"Kings, Subd. C, Subdivision of county municipality","1207011","Improved land",2895,2870,2820,25,75
2023,"Kings, Subd. C, Subdivision of county municipality","1207011","Total",3225,3185,3135,40,90
2023,"Kings, Subd. C, Subdivision of county municipality","1207011","Vacant",330,320,315,10,15
2023,"Kings, Subd. D, Subdivision of county municipality","1207021","Improved land",2455,2415,2360,40,95
2023,"Kings, Subd. D, Subdivision of county municipality","1207021","Total",2935,2885,2820,50,115
2023,"Kings, Subd. D, Subdivision of county municipality","1207021","Vacant",480,470,460,10,20
2023,"Kingsclear, Parish","1310018","Improved land",1140,1130,1110,10,25
2023,"Kingsclear, Parish","1310018","Total",1475,1460,1440,15,35
2023,"Kingsclear, Parish","1310018","Vacant",335,330,325,5,10
2023,"Kingston, Census metropolitan area (CMA)","521","Improved land",60105,58925,58415,1185,1695
2023,"Kingston, Census metropolitan area (CMA)","521","Total",64685,63265,62680,1420,2010
2023,"Kingston, Census metropolitan area (CMA)","521","Vacant",4575,4340,4265,240,310
2023,"Kingston, City","3510010","Improved land",41940,41455,41130,485,810
2023,"Kingston, City","3510010","Total",43425,42925,42590,500,835
2023,"Kingston, City","3510010","Vacant",1485,1470,1460,15,25
2023,"Kingston, Parish","1305014","Improved land",1755,1715,1665,40,90
2023,"Kingston, Parish","1305014","Total",2610,2530,2450,80,160
2023,"Kingston, Parish","1305014","Vacant",855,815,785,40,70
2023,"Kingston, Rural municipality","1102022","Improved land",445,440,430,5,15
2023,"Kingston, Rural municipality","1102022","Total",470,465,455,5,15
2023,"Kingston, Rural municipality","1102022","Vacant",25,25,25,0,0
2023,"Kingsville, Town","3537013","Improved land",8425,8290,8235,140,190
2023,"Kingsville, Town","3537013","Total",9140,8975,8915,165,225
2023,"Kingsville, Town","3537013","Vacant",715,685,680,30,35
2023,"Kinkora, Fire district","1103003","Improved land",970,910,870,60,100
2023,"Kinkora, Fire district","1103003","Total",1075,1010,965,65,110
2023,"Kinkora, Fire district","1103003","Vacant",105,100,95,5,10
2023,"Kinkora, Rural municipality","1103008","Improved land",130,130,125,0,5
2023,"Kinkora, Rural municipality","1103008","Total",130,130,135,0,5
2023,"Kinkora, Rural municipality","1103008","Vacant",0,0,0,0,0
2023,"Kippens, Town","1004020","Improved land",0,0,0,0,0
2023,"Kippens, Town","1004020","Total",1000,960,950,40,50
2023,"Kippens, Town","1004020","Vacant",0,0,0,0,0
2023,"Kirkland Lake, Town","3554068","Improved land",3035,2980,2945,55,85
2023,"Kirkland Lake, Town","3554068","Total",4175,4080,4045,95,135
2023,"Kirkland Lake, Town","3554068","Vacant",1140,1100,1085,40,55
2023,"Kitchener - Cambridge - Waterloo, Census metropolitan area (CMA)","541","Improved land",177755,175745,174445,2015,3310
2023,"Kitchener - Cambridge - Waterloo, Census metropolitan area (CMA)","541","Total",182830,180785,179465,2040,3365
2023,"Kitchener - Cambridge - Waterloo, Census metropolitan area (CMA)","541","Vacant",5075,5045,5020,30,55
2023,"Kitchener, City","3530013","Improved land",78515,77640,77045,875,1465
2023,"Kitchener, City","3530013","Total",80360,79480,78880,880,1480
2023,"Kitchener, City","3530013","Vacant",1845,1840,1830,5,15
2023,"Kitimat, District municipality","5949005","Improved land",3560,3510,3470,55,95
2023,"Kitimat, District municipality","5949005","Total",3805,3750,3705,55,100
2023,"Kitimat, District municipality","5949005","Vacant",240,240,235,0,5
2023,"Kitimat-Stikine A, Regional district electoral area","5949039","Improved land",110,105,95,5,15
2023,"Kitimat-Stikine A, Regional district electoral area","5949039","Total",405,390,380,15,25
2023,"Kitimat-Stikine A, Regional district electoral area","5949039","Vacant",295,285,285,10,10
2023,"Kitimat-Stikine B, Regional district electoral area","5949028","Improved land",720,675,650,45,70
2023,"Kitimat-Stikine B, Regional district electoral area","5949028","Total",4135,4070,4040,65,95
2023,"Kitimat-Stikine B, Regional district electoral area","5949028","Vacant",3415,3395,3390,20,25
2023,"Kitimat-Stikine C (Part 1), Regional district electoral area","5949013","Improved land",1370,1330,1300,40,70
2023,"Kitimat-Stikine C (Part 1), Regional district electoral area","5949013","Total",2130,2055,1945,75,185
2023,"Kitimat-Stikine C (Part 1), Regional district electoral area","5949013","Vacant",760,725,645,35,115
2023,"Kitimat-Stikine C (Part 2), Regional district electoral area","5949020","Improved land",5,5,5,0,0
2023,"Kitimat-Stikine C (Part 2), Regional district electoral area","5949020","Total",20,20,20,0,0
2023,"Kitimat-Stikine C (Part 2), Regional district electoral area","5949020","Vacant",15,15,15,0,0
2023,"Kitimat-Stikine D, Regional district electoral area","5949041","Improved land",75,70,65,5,10
2023,"Kitimat-Stikine D, Regional district electoral area","5949041","Total",195,180,175,15,20
2023,"Kitimat-Stikine D, Regional district electoral area","5949041","Vacant",120,110,110,10,10
2023,"Kitimat-Stikine E, Regional district electoral area","5949018","Improved land",1190,1170,1155,20,35
2023,"Kitimat-Stikine E, Regional district electoral area","5949018","Total",1320,1295,1280,25,40
2023,"Kitimat-Stikine E, Regional district electoral area","5949018","Vacant",130,125,125,5,5
2023,"Kitimat-Stikine F, Regional district electoral area","5949038","Improved land",190,185,185,5,5
2023,"Kitimat-Stikine F, Regional district electoral area","5949038","Total",270,255,250,15,20
2023,"Kitimat-Stikine F, Regional district electoral area","5949038","Vacant",80,70,65,10,15
2023,"Kootenay Boundary A, Regional district electoral area","5905026","Improved land",705,700,690,5,15
2023,"Kootenay Boundary A, Regional district electoral area","5905026","Total",880,870,860,10,20
2023,"Kootenay Boundary A, Regional district electoral area","5905026","Vacant",175,170,170,5,5
2023,"Kootenay Boundary B / Lower Columbia-Old-Glory, Regional district electoral area","5905030","Improved land",605,595,590,10,15
2023,"Kootenay Boundary B / Lower Columbia-Old-Glory, Regional district electoral area","5905030","Total",1060,1045,1030,15,30
2023,"Kootenay Boundary B / Lower Columbia-Old-Glory, Regional district electoral area","5905030","Vacant",455,450,440,5,15
2023,"Kootenay Boundary C / Christina Lake, Regional district electoral area","5905050","Improved land",1350,1280,1230,70,115
2023,"Kootenay Boundary C / Christina Lake, Regional district electoral area","5905050","Total",1815,1720,1655,95,160
2023,"Kootenay Boundary C / Christina Lake, Regional district electoral area","5905050","Vacant",465,440,425,25,40
2023,"Kootenay Boundary D / Rural Grand Forks, Regional district electoral area","5905052","Improved land",1370,1350,1330,20,40
2023,"Kootenay Boundary D / Rural Grand Forks, Regional district electoral area","5905052","Total",4795,4740,4715,55,80
2023,"Kootenay Boundary D / Rural Grand Forks, Regional district electoral area","5905052","Vacant",3425,3390,3385,35,40
2023,"Kootenay Boundary E / West Boundary, Regional district electoral area","5905054","Improved land",3355,3020,2925,330,430
2023,"Kootenay Boundary E / West Boundary, Regional district electoral area","5905054","Total",5615,5230,5100,385,515
2023,"Kootenay Boundary E / West Boundary, Regional district electoral area","5905054","Vacant",2260,2205,2175,55,85
2023,"Kugaaruk, Hamlet","6208047","Improved land",0,0,0,0,0
2023,"Kugaaruk, Hamlet","6208047","Total",235,235,230,0,5
2023,"Kugaaruk, Hamlet","6208047","Vacant",0,0,0,0,0
2023,"Kugluktuk, Hamlet","6208059","Improved land",0,0,0,0,0
2023,"Kugluktuk, Hamlet","6208059","Total",640,635,635,5,5
2023,"Kugluktuk, Hamlet","6208059","Vacant",0,0,0,0,0
2023,"L'Anse au Loup, Town","1010002","Improved land",0,0,0,0,0
2023,"L'Anse au Loup, Town","1010002","Total",280,270,270,5,5
2023,"L'Anse au Loup, Town","1010002","Vacant",0,0,0,0,0
2023,"L'Anse-au-Clair, Town","1010004","Improved land",0,0,0,0,0
2023,"L'Anse-au-Clair, Town","1010004","Total",110,110,110,0,0
2023,"L'Anse-au-Clair, Town","1010004","Vacant",0,0,0,0,0
2023,"La Broquerie, Rural municipality","4602053","Improved land",2030,0,0,0,0
2023,"La Broquerie, Rural municipality","4602053","Total",2485,0,0,0,0
2023,"La Broquerie, Rural municipality","4602053","Vacant",455,0,0,0,0
2023,"La Vallee, Township","3559016","Improved land",390,380,370,10,20
2023,"La Vallee, Township","3559016","Total",585,545,530,40,55
2023,"La Vallee, Township","3559016","Vacant",195,165,160,30,35
2023,"LaSalle, Town","3537034","Improved land",11755,11635,11545,120,210
2023,"LaSalle, Town","3537034","Total",12485,12350,12255,135,230
2023,"LaSalle, Town","3537034","Vacant",730,715,710,15,20
2023,"LaScie, Town","1008076","Improved land",0,0,0,0,0
2023,"LaScie, Town","1008076","Total",510,495,495,15,15
2023,"LaScie, Town","1008076","Vacant",0,0,0,0,0
2023,"Labrador City, Town","1010032","Improved land",0,0,0,0,0
2023,"Labrador City, Town","1010032","Total",2940,2905,2835,35,105
2023,"Labrador City, Town","1010032","Vacant",0,0,0,0,0
2023,"Lac Baker, Village","1313037","Improved land",475,465,430,20,45
2023,"Lac Baker, Village","1313037","Total",695,655,615,40,80
2023,"Lac Baker, Village","1313037","Vacant",220,200,185,20,35
2023,"Lac du Bonnet, Rural municipality","4601057","Improved land",2545,0,0,0,0
2023,"Lac du Bonnet, Rural municipality","4601057","Total",3395,0,0,0,0
2023,"Lac du Bonnet, Rural municipality","4601057","Vacant",850,0,0,0,0
2023,"Lac du Bonnet, Town","4601060","Improved land",515,0,0,0,0
2023,"Lac du Bonnet, Town","4601060","Total",550,0,0,0,0
2023,"Lac du Bonnet, Town","4601060","Vacant",35,0,0,0,0
2023,"Ladysmith, Census agglomeration (CA)","936","Improved land",5940,5840,5750,95,190
2023,"Ladysmith, Census agglomeration (CA)","936","Total",6465,6345,6235,120,235
2023,"Ladysmith, Census agglomeration (CA)","936","Vacant",520,500,485,20,35
2023,"Ladysmith, Town","5919021","Improved land",3570,3510,3465,55,110
2023,"Ladysmith, Town","5919021","Total",3775,3720,3660,55,115
2023,"Ladysmith, Town","5919021","Vacant",205,205,200,0,5
2023,"Laird, Township","3557011","Improved land",580,565,560,15,20
2023,"Laird, Township","3557011","Total",855,810,800,45,55
2023,"Laird, Township","3557011","Vacant",275,245,240,30,35
2023,"Lake Country, District municipality","5935016","Improved land",5475,5380,5290,95,185
2023,"Lake Country, District municipality","5935016","Total",5760,5655,5560,105,200
2023,"Lake Country, District municipality","5935016","Vacant",285,275,270,10,15
2023,"Lake Cowichan, Town","5919016","Improved land",1565,1550,1515,15,50
2023,"Lake Cowichan, Town","5919016","Total",1745,1725,1690,20,55
2023,"Lake Cowichan, Town","5919016","Vacant",180,175,175,5,5
2023,"Lake of Bays, Township","3544027","Improved land",4885,4675,4565,210,320
2023,"Lake of Bays, Township","3544027","Total",7155,6870,6725,285,430
2023,"Lake of Bays, Township","3544027","Vacant",2270,2195,2160,75,110
2023,"Lake of the Woods, Township","3559047","Improved land",595,290,275,305,320
2023,"Lake of the Woods, Township","3559047","Total",1070,560,535,510,535
2023,"Lake of the Woods, Township","3559047","Vacant",475,270,260,205,215
2023,"Lakeshore, Rural municipality","4617075","Improved land",915,0,0,0,0
2023,"Lakeshore, Rural municipality","4617075","Total",1365,0,0,0,0
2023,"Lakeshore, Rural municipality","4617075","Vacant",455,0,0,0,0
2023,"Lakeshore, Town","3537064","Improved land",14445,14200,14090,245,360
2023,"Lakeshore, Town","3537064","Total",15810,15515,15390,295,420
2023,"Lakeshore, Town","3537064","Vacant",1365,1315,1300,50,65
2023,"Lamaline, Town","1002012","Improved land",0,0,0,0,0
2023,"Lamaline, Town","1002012","Total",210,205,205,5,5
2023,"Lamaline, Town","1002012","Vacant",0,0,0,0,0
2023,"Lambton Shores, Municipality","3538040","Improved land",6785,6545,6490,240,295
2023,"Lambton Shores, Municipality","3538040","Total",7640,7360,7300,280,340
2023,"Lambton Shores, Municipality","3538040","Vacant",855,815,810,40,45
2023,"Lamèque, Town","1315032","Improved land",505,500,490,5,15
2023,"Lamèque, Town","1315032","Total",670,665,650,5,20
2023,"Lamèque, Town","1315032","Vacant",165,165,160,0,5
2023,"Lanark Highlands, Township","3509039","Improved land",3500,3405,3360,95,140
2023,"Lanark Highlands, Township","3509039","Total",4920,4775,4690,145,230
2023,"Lanark Highlands, Township","3509039","Vacant",1420,1370,1330,50,90
2023,"Langford, City","5917044","Improved land",14925,14715,14505,215,420
2023,"Langford, City","5917044","Total",15275,15065,14850,210,425
2023,"Langford, City","5917044","Vacant",350,350,345,0,5
2023,"Langley, City","5915002","Improved land",10600,10425,10265,175,345
2023,"Langley, City","5915002","Total",10665,10485,10320,180,345
2023,"Langley, City","5915002","Vacant",65,60,60,5,5
2023,"Langley, District municipality","5915001","Improved land",42730,42055,41420,675,1310
2023,"Langley, District municipality","5915001","Total",44090,43405,42765,685,1325
2023,"Langley, District municipality","5915001","Vacant",1360,1350,1345,10,15
2023,"Lantzville, District municipality","5921008","Improved land",1445,1435,1420,15,25
2023,"Lantzville, District municipality","5921008","Total",1585,1565,1550,20,35
2023,"Lantzville, District municipality","5921008","Vacant",140,135,130,5,10
2023,"Larder Lake, Township","3554062","Improved land",485,470,460,15,25
2023,"Larder Lake, Township","3554062","Total",1255,1175,1150,80,105
2023,"Larder Lake, Township","3554062","Vacant",770,705,690,65,80
2023,"Lark Harbour, Town","1005024","Improved land",0,0,0,0,0
2023,"Lark Harbour, Town","1005024","Total",375,355,345,20,30
2023,"Lark Harbour, Town","1005024","Vacant",0,0,0,0,0
2023,"Latchford, Town","3554006","Improved land",225,215,210,10,15
2023,"Latchford, Town","3554006","Total",370,350,345,20,25
2023,"Latchford, Town","3554006","Vacant",145,135,135,10,10
2023,"Laurentian Hills, Town","3547090","Improved land",1370,1355,1335,15,35
2023,"Laurentian Hills, Town","3547090","Total",1840,1810,1775,30,65
2023,"Laurentian Hills, Town","3547090","Vacant",470,455,440,15,30
2023,"Laurentian Valley, Township","3547075","Improved land",3785,3765,3750,20,35
2023,"Laurentian Valley, Township","3547075","Total",4365,4325,4305,40,60
2023,"Laurentian Valley, Township","3547075","Vacant",580,560,555,20,25
2023,"Lawn, Town","1002011","Improved land",0,0,0,0,0
2023,"Lawn, Town","1002011","Total",325,310,305,15,20
2023,"Lawn, Town","1002011","Vacant",0,0,0,0,0
2023,"Le Goulet, Village","1315030","Improved land",325,315,310,10,15
2023,"Le Goulet, Village","1315030","Total",440,425,415,15,25
2023,"Le Goulet, Village","1315030","Vacant",115,110,105,5,10
2023,"Leading Tickles, Town","1008048","Improved land",0,0,0,0,0
2023,"Leading Tickles, Town","1008048","Total",205,200,200,5,5
2023,"Leading Tickles, Town","1008048","Vacant",0,0,0,0,0
2023,"Leaf Rapids, Town","4623034","Improved land",250,0,0,0,0
2023,"Leaf Rapids, Town","4623034","Total",440,0,0,0,0
2023,"Leaf Rapids, Town","4623034","Vacant",190,0,0,0,0
2023,"Leamington, Municipality","3537003","Improved land",9220,9100,9010,125,220
2023,"Leamington, Municipality","3537003","Total",9830,9690,9600,140,230
2023,"Leamington, Municipality","3537003","Vacant",605,590,590,15,15
2023,"Leeds and the Thousand Islands, Township","3507021","Improved land",5730,5150,5075,580,655
2023,"Leeds and the Thousand Islands, Township","3507021","Total",6935,6190,6095,745,840
2023,"Leeds and the Thousand Islands, Township","3507021","Vacant",1205,1040,1020,165,185
2023,"Lepreau, Parish","1302008","Improved land",490,455,440,30,45
2023,"Lepreau, Parish","1302008","Total",715,660,640,55,75
2023,"Lepreau, Parish","1302008","Vacant",230,205,200,25,30
2023,"Lewin's Cove, Town","1002002","Improved land",0,0,0,0,0
2023,"Lewin's Cove, Town","1002002","Total",295,280,265,15,30
2023,"Lewin's Cove, Town","1002002","Vacant",0,0,0,0,0
2023,"Lewisporte, Town","1008044","Improved land",0,0,0,0,0
2023,"Lewisporte, Town","1008044","Total",1575,1555,1520,20,55
2023,"Lewisporte, Town","1008044","Vacant",0,0,0,0,0
2023,"Lillooet, District municipality","5931026","Improved land",915,895,880,25,40
2023,"Lillooet, District municipality","5931026","Total",1065,1035,1015,30,50
2023,"Lillooet, District municipality","5931026","Vacant",145,140,135,5,10
2023,"Limerick, Township","3512051","Improved land",595,570,545,35,50
2023,"Limerick, Township","3512051","Total",845,795,775,50,70
2023,"Limerick, Township","3512051","Vacant",250,235,230,15,20
2023,"Lincoln, Parish","1303008","Improved land",2510,2480,2435,30,75
2023,"Lincoln, Parish","1303008","Total",2800,2765,2715,35,85
2023,"Lincoln, Parish","1303008","Vacant",290,285,280,5,10
2023,"Lincoln, Town","3526057","Improved land",9225,9165,9115,60,115
2023,"Lincoln, Town","3526057","Total",9510,9445,9385,65,125
2023,"Lincoln, Town","3526057","Vacant",285,280,280,5,5
2023,"Linkletter, Rural municipality","1103023","Improved land",135,135,130,0,5
2023,"Linkletter, Rural municipality","1103023","Total",135,135,130,0,5
2023,"Linkletter, Rural municipality","1103023","Vacant",0,0,0,0,0
2023,"Lions Bay, Village","5915065","Improved land",550,520,505,30,40
2023,"Lions Bay, Village","5915065","Total",575,540,525,35,50
2023,"Lions Bay, Village","5915065","Vacant",25,20,20,5,5
2023,"Little Bay, Town","1008063","Improved land",0,0,0,0,0
2023,"Little Bay, Town","1008063","Total",80,75,75,5,5
2023,"Little Bay, Town","1008063","Vacant",0,0,0,0,0
2023,"Little Burnt Bay, Town","1008045","Improved land",0,0,0,0,0
2023,"Little Burnt Bay, Town","1008045","Total",155,150,145,5,10
2023,"Little Burnt Bay, Town","1008045","Vacant",0,0,0,0,0
2023,"Lockeport, Town","1201009","Improved land",305,290,285,15,20
2023,"Lockeport, Town","1201009","Total",355,335,330,20,25
2023,"Lockeport, Town","1201009","Vacant",50,45,45,5,5
2023,"Logan Lake, District municipality","5933035","Improved land",1100,1085,1080,15,20
2023,"Logan Lake, District municipality","5933035","Total",1180,1160,1155,20,25
2023,"Logan Lake, District municipality","5933035","Vacant",80,75,75,5,5
2023,"Logy Bay-Middle Cove-Outer Cove, Town","1001511","Improved land",0,0,0,0,0
2023,"Logy Bay-Middle Cove-Outer Cove, Town","1001511","Total",1335,1310,1290,25,45
2023,"Logy Bay-Middle Cove-Outer Cove, Town","1001511","Vacant",0,0,0,0,0
2023,"London, Census metropolitan area (CMA)","555","Improved land",198305,196480,195060,1830,3250
2023,"London, Census metropolitan area (CMA)","555","Total",204505,202625,201185,1880,3320
2023,"London, Census metropolitan area (CMA)","555","Vacant",6195,6145,6125,50,70
2023,"London, City","3539036","Improved land",155065,153480,152285,1585,2785
2023,"London, City","3539036","Total",158130,156525,155320,1605,2810
2023,"London, City","3539036","Vacant",3055,3040,3035,15,20
2023,"Long Harbour-Mount Arlington Heights, Town","1001263","Improved land",0,0,0,0,0
2023,"Long Harbour-Mount Arlington Heights, Town","1001263","Total",270,260,255,10,15
2023,"Long Harbour-Mount Arlington Heights, Town","1001263","Vacant",0,0,0,0,0
2023,"Lorne, Municipality","4604064","Improved land",1125,0,0,0,0
2023,"Lorne, Municipality","4604064","Total",1335,0,0,0,0
2023,"Lorne, Municipality","4604064","Vacant",210,0,0,0,0
2023,"Lorne, Parish","1312011","Improved land",545,520,495,25,50
2023,"Lorne, Parish","1312011","Total",820,780,750,40,70
2023,"Lorne, Parish","1312011","Vacant",275,260,255,15,20
2023,"Lot 11 and Area, Rural municipality","1103039","Improved land",365,350,330,15,35
2023,"Lot 11 and Area, Rural municipality","1103039","Total",405,385,365,20,40
2023,"Lot 11 and Area, Rural municipality","1103039","Vacant",40,35,35,5,5
2023,"Louise, Municipality","4604040","Improved land",820,0,0,0,0
2023,"Louise, Municipality","4604040","Total",975,0,0,0,0
2023,"Louise, Municipality","4604040","Vacant",155,0,0,0,0
2023,"Loyalist, Township","3511005","Improved land",6555,6485,6450,65,105
2023,"Loyalist, Township","3511005","Total",7210,7140,7095,70,115
2023,"Loyalist, Township","3511005","Vacant",655,650,645,5,10
2023,"Lucan Biddulph, Township","3539060","Improved land",2100,2090,2080,10,20
2023,"Lucan Biddulph, Township","3539060","Total",2235,2225,2215,10,20
2023,"Lucan Biddulph, Township","3539060","Vacant",135,135,135,0,0
2023,"Lumby, Village","5937005","Improved land",725,720,710,10,20
2023,"Lumby, Village","5937005","Total",810,800,790,10,20
2023,"Lumby, Village","5937005","Vacant",80,80,80,0,0
2023,"Lumsden, Town","1008004","Improved land",0,0,0,0,0
2023,"Lumsden, Town","1008004","Total",490,480,475,10,15
2023,"Lumsden, Town","1008004","Vacant",0,0,0,0,0
2023,"Lunenburg, Municipal district","1206001","Improved land",14390,13780,13515,610,875
2023,"Lunenburg, Municipal district","1206001","Total",19325,18320,17940,1000,1385
2023,"Lunenburg, Municipal district","1206001","Vacant",4930,4540,4420,390,510
2023,"Lunenburg, Town","1206006","Improved land",1005,945,920,65,95
2023,"Lunenburg, Town","1206006","Total",1145,1070,1045,70,100
2023,"Lunenburg, Town","1206006","Vacant",130,125,125,5,5
2023,"Lushes Bight-Beaumont-Beaumont North, Town","1008056","Improved land",0,0,0,0,0
2023,"Lushes Bight-Beaumont-Beaumont North, Town","1008056","Total",225,220,215,5,10
2023,"Lushes Bight-Beaumont-Beaumont North, Town","1008056","Vacant",0,0,0,0,0
2023,"Lynn Lake, Town","4623047","Improved land",355,0,0,0,0
2023,"Lynn Lake, Town","4623047","Total",625,0,0,0,0
2023,"Lynn Lake, Town","4623047","Vacant",270,0,0,0,0
2023,"Lytton, Village","5933015","Improved land",50,50,50,0,0
2023,"Lytton, Village","5933015","Total",175,165,155,10,20
2023,"Lytton, Village","5933015","Vacant",125,115,105,10,20
2023,"Macdonald, Meredith and Aberdeen Additional, Township","3557051","Improved land",785,765,750,20,35
2023,"Macdonald, Meredith and Aberdeen Additional, Township","3557051","Total",1110,1060,1040,50,70
2023,"Macdonald, Meredith and Aberdeen Additional, Township","3557051","Vacant",325,295,290,30,35
2023,"Macdonald, Rural municipality","4610035","Improved land",2905,0,0,0,0
2023,"Macdonald, Rural municipality","4610035","Total",3360,0,0,0,0
2023,"Macdonald, Rural municipality","4610035","Vacant",455,0,0,0,0
2023,"Machar, Township","3549054","Improved land",905,880,870,30,45
2023,"Machar, Township","3549054","Total",1400,1340,1315,65,90
2023,"Machar, Township","3549054","Vacant",495,460,450,35,45
2023,"Machin, Municipality","3560021","Improved land",600,525,515,75,85
2023,"Machin, Municipality","3560021","Total",905,765,750,140,155
2023,"Machin, Municipality","3560021","Vacant",305,240,235,65,70
2023,"Mackenzie, District municipality","5953033","Improved land",1395,1370,1355,25,40
2023,"Mackenzie, District municipality","5953033","Total",1475,1450,1435,25,40
2023,"Mackenzie, District municipality","5953033","Vacant",80,80,80,0,0
2023,"Macpherson-Grizzly Valley, Unorganized","6001059","Improved land",590,0,0,0,0
2023,"Macpherson-Grizzly Valley, Unorganized","6001059","Total",685,0,0,0,0
2023,"Macpherson-Grizzly Valley, Unorganized","6001059","Vacant",95,0,0,0,0
2023,"Madawaska Valley, Township","3547030","Improved land",2955,2855,2810,100,145
2023,"Madawaska Valley, Township","3547030","Total",4090,3950,3895,140,195
2023,"Madawaska Valley, Township","3547030","Vacant",1135,1095,1085,40,50
2023,"Madawaska, Parish","1313028","Improved land",0,0,0,0,0
2023,"Madawaska, Parish","1313028","Total",0,0,0,0,0
2023,"Madawaska, Parish","1313028","Vacant",0,0,0,0,0
2023,"Madoc, Township","3512036","Improved land",970,955,940,15,30
2023,"Madoc, Township","3512036","Total",1350,1310,1295,35,55
2023,"Madoc, Township","3512036","Vacant",380,360,355,20,25
2023,"Magnetawan, Municipality","3549043","Improved land",2065,1935,1890,130,175
2023,"Magnetawan, Municipality","3549043","Total",3190,2960,2885,230,305
2023,"Magnetawan, Municipality","3549043","Vacant",1125,1025,995,100,130
2023,"Mahone Bay, Town","1206008","Improved land",510,490,480,15,25
2023,"Mahone Bay, Town","1206008","Total",615,595,580,20,35
2023,"Mahone Bay, Town","1206008","Vacant",110,105,100,5,10
2023,"Main Brook, Town","1009028","Improved land",0,0,0,0,0
2023,"Main Brook, Town","1009028","Total",185,180,175,5,10
2023,"Main Brook, Town","1009028","Vacant",0,0,0,0,0
2023,"Maisonnette, Village","1315040","Improved land",390,385,375,5,15
2023,"Maisonnette, Village","1315040","Total",595,580,565,15,35
2023,"Maisonnette, Village","1315040","Vacant",205,195,185,10,20
2023,"Makkovik, Town","1011020","Improved land",0,0,0,0,0
2023,"Makkovik, Town","1011020","Total",190,185,175,5,15
2023,"Makkovik, Town","1011020","Vacant",0,0,0,0,0
2023,"Malahide, Township","3534010","Improved land",2910,2885,2865,20,40
2023,"Malahide, Township","3534010","Total",3040,3015,2995,25,45
2023,"Malahide, Township","3534010","Vacant",135,130,130,5,5
2023,"Malpeque Bay, Rural municipality","1103007","Improved land",1125,1020,980,105,145
2023,"Malpeque Bay, Rural municipality","1103007","Total",1240,1125,1080,115,160
2023,"Malpeque Bay, Rural municipality","1103007","Vacant",115,105,100,10,15
2023,"Manitoba","46","Improved land",421670,0,0,0,0
2023,"Manitoba","46","Total",467025,0,0,0,0
2023,"Manitoba","46","Vacant",45360,0,0,0,0
2023,"Manitoulin, Unorganized, West Part, Unorganized","3551094","Improved land",430,410,390,20,40
2023,"Manitoulin, Unorganized, West Part, Unorganized","3551094","Total",1395,1295,1250,100,145
2023,"Manitoulin, Unorganized, West Part, Unorganized","3551094","Vacant",965,885,860,80,105
2023,"Manitouwadge, Township","3558066","Improved land",930,910,905,20,25
2023,"Manitouwadge, Township","3558066","Total",1090,1070,1065,20,25
2023,"Manitouwadge, Township","3558066","Vacant",160,160,160,0,0
2023,"Manners Sutton, Parish","1310004","Improved land",1140,1115,1090,25,50
2023,"Manners Sutton, Parish","1310004","Total",1590,1540,1505,50,85
2023,"Manners Sutton, Parish","1310004","Vacant",450,425,415,25,35
2023,"Maple Ridge, City","5915075","Improved land",29655,29215,28730,445,925
2023,"Maple Ridge, City","5915075","Total",30435,29980,29485,455,950
2023,"Maple Ridge, City","5915075","Vacant",775,765,755,10,20
2023,"Mapleton, Township","3523033","Improved land",3055,3045,3040,10,15
2023,"Mapleton, Township","3523033","Total",3265,3255,3245,10,20
2023,"Mapleton, Township","3523033","Vacant",210,210,205,0,5
2023,"Marathon, Town","3558059","Improved land",1315,1300,1295,15,20
2023,"Marathon, Town","3558059","Total",1430,1415,1410,15,20
2023,"Marathon, Town","3558059","Vacant",115,115,115,0,0
2023,"Markham, City","3519036","Improved land",107670,104625,103220,3045,4450
2023,"Markham, City","3519036","Total",109230,106165,104755,3065,4475
2023,"Markham, City","3519036","Vacant",1560,1540,1535,20,25
2023,"Markstay-Warren, Municipality","3552013","Improved land",1225,1190,1175,35,50
2023,"Markstay-Warren, Municipality","3552013","Total",1640,1580,1555,60,85
2023,"Markstay-Warren, Municipality","3552013","Vacant",415,390,380,25,35
2023,"Marmora and Lake, Municipality","3512046","Improved land",2570,2525,2490,45,80
2023,"Marmora and Lake, Municipality","3512046","Total",3910,3805,3735,100,170
2023,"Marmora and Lake, Municipality","3512046","Vacant",1335,1280,1245,55,90
2023,"Marsh Lake, Unorganized","6001058","Improved land",465,0,0,0,0
2023,"Marsh Lake, Unorganized","6001058","Total",545,0,0,0,0
2023,"Marsh Lake, Unorganized","6001058","Vacant",85,0,0,0,0
2023,"Mary's Harbour, Town","1010011","Improved land",0,0,0,0,0
2023,"Mary's Harbour, Town","1010011","Total",195,190,190,5,5
2023,"Mary's Harbour, Town","1010011","Vacant",0,0,0,0,0
2023,"Marystown, Town","1002024","Improved land",0,0,0,0,0
2023,"Marystown, Town","1002024","Total",2450,2405,2370,45,80
2023,"Marystown, Town","1002024","Vacant",0,0,0,0,0
2023,"Masset, Village","5947023","Improved land",450,430,415,20,35
2023,"Masset, Village","5947023","Total",655,620,600,35,55
2023,"Masset, Village","5947023","Vacant",205,195,185,10,20
2023,"Massey Drive, Town","1005017","Improved land",0,0,0,0,0
2023,"Massey Drive, Town","1005017","Total",665,650,640,15,25
2023,"Massey Drive, Town","1005017","Vacant",0,0,0,0,0
2023,"Matachewan, Township","3554056","Improved land",240,225,220,15,20
2023,"Matachewan, Township","3554056","Total",760,720,710,40,50
2023,"Matachewan, Township","3554056","Vacant",520,495,490,25,30
2023,"Mattawa, Town","3548021","Improved land",740,735,735,5,5
2023,"Mattawa, Town","3548021","Total",1065,1055,1050,10,15
2023,"Mattawa, Town","3548021","Vacant",325,320,315,5,10
2023,"Mattawan, Township","3548019","Improved land",115,110,110,5,5
2023,"Mattawan, Township","3548019","Total",290,275,270,15,20
2023,"Mattawan, Township","3548019","Vacant",175,165,160,10,15
2023,"Mattice-Val Côté, Township","3556077","Improved land",345,340,335,5,10
2023,"Mattice-Val Côté, Township","3556077","Total",590,565,565,25,30
2023,"Mattice-Val Côté, Township","3556077","Vacant",250,230,230,20,20
2023,"Maugerville, Parish","1303016","Improved land",725,715,705,10,20
2023,"Maugerville, Parish","1303016","Total",915,900,890,15,25
2023,"Maugerville, Parish","1303016","Vacant",190,185,185,5,5
2023,"Mayo, Village","6001022","Improved land",120,0,0,0,0
2023,"Mayo, Village","6001022","Total",220,0,0,0,0
2023,"Mayo, Village","6001022","Vacant",100,0,0,0,0
2023,"McAdam, Parish","1310007","Improved land",100,85,70,15,30
2023,"McAdam, Parish","1310007","Total",160,130,115,25,45
2023,"McAdam, Parish","1310007","Vacant",60,50,45,10,15
2023,"McAdam, Village","1310006","Improved land",570,550,540,20,30
2023,"McAdam, Village","1310006","Total",835,810,790,25,45
2023,"McAdam, Village","1310006","Vacant",265,260,250,5,15
2023,"McBride, Village","5953012","Improved land",265,255,250,10,15
2023,"McBride, Village","5953012","Total",325,315,305,10,20
2023,"McBride, Village","5953012","Vacant",60,60,55,0,5
2023,"McCreary, Municipality","4617035","Improved land",455,0,0,0,0
2023,"McCreary, Municipality","4617035","Total",540,0,0,0,0
2023,"McCreary, Municipality","4617035","Vacant",80,0,0,0,0
2023,"McDougall, Municipality","3549031","Improved land",1955,1915,1885,40,75
2023,"McDougall, Municipality","3549031","Total",2690,2620,2570,70,120
2023,"McDougall, Municipality","3549031","Vacant",730,700,685,30,45
2023,"McGarry, Township","3554058","Improved land",360,355,355,5,5
2023,"McGarry, Township","3554058","Total",840,795,790,45,50
2023,"McGarry, Township","3554058","Vacant",480,440,435,40,45
2023,"McIvers, Town","1005022","Improved land",0,0,0,0,0
2023,"McIvers, Town","1005022","Total",320,315,310,5,10
2023,"McIvers, Town","1005022","Vacant",0,0,0,0,0
2023,"McKellar, Township","3549028","Improved land",1595,1565,1540,40,55
2023,"McKellar, Township","3549028","Total",2175,2120,2100,55,75
2023,"McKellar, Township","3549028","Vacant",580,565,560,15,20
2023,"McMurrich/Monteith, Township","3549012","Improved land",855,825,805,25,45
2023,"McMurrich/Monteith, Township","3549012","Total",1465,1400,1360,65,105
2023,"McMurrich/Monteith, Township","3549012","Vacant",610,570,555,40,55
2023,"McNab/Braeside, Township","3547003","Improved land",3120,3090,3055,25,60
2023,"McNab/Braeside, Township","3547003","Total",3725,3690,3645,35,80
2023,"McNab/Braeside, Township","3547003","Vacant",610,600,590,10,20
2023,"Meadows, Town","1005025","Improved land",0,0,0,0,0
2023,"Meadows, Town","1005025","Total",335,325,325,10,10
2023,"Meadows, Town","1005025","Vacant",0,0,0,0,0
2023,"Meaford, Municipality","3542047","Improved land",5105,5015,4965,85,135
2023,"Meaford, Municipality","3542047","Total",6120,6010,5950,110,170
2023,"Meaford, Municipality","3542047","Vacant",1020,995,985,25,35
2023,"Meductic, Village","1310013","Improved land",90,90,85,0,5
2023,"Meductic, Village","1310013","Total",130,130,125,0,5
2023,"Meductic, Village","1310013","Vacant",40,40,40,0,0
2023,"Melancthon, Township","3522019","Improved land",1140,1135,1120,5,20
2023,"Melancthon, Township","3522019","Total",1435,1420,1395,15,40
2023,"Melancthon, Township","3522019","Vacant",295,285,275,10,20
2023,"Melita, Town","4605052","Improved land",490,0,0,0,0
2023,"Melita, Town","4605052","Total",550,0,0,0,0
2023,"Melita, Town","4605052","Vacant",60,0,0,0,0
2023,"Memramcook, Village","1307013","Improved land",2095,2070,2015,25,90
2023,"Memramcook, Village","1307013","Total",2915,2855,2765,60,150
2023,"Memramcook, Village","1307013","Vacant",820,785,760,35,60
2023,"Merrickville-Wolford, Village","3507052","Improved land",1340,1315,1310,20,30
2023,"Merrickville-Wolford, Village","3507052","Total",1715,1675,1665,35,50
2023,"Merrickville-Wolford, Village","3507052","Vacant",375,360,355,15,20
2023,"Merritt, City","5933006","Improved land",2635,2590,2555,50,80
2023,"Merritt, City","5933006","Total",2790,2740,2700,50,90
2023,"Merritt, City","5933006","Vacant",150,150,145,0,5
2023,"Metchosin, District municipality","5917042","Improved land",1470,1450,1435,25,35
2023,"Metchosin, District municipality","5917042","Total",1525,1500,1490,25,35
2023,"Metchosin, District municipality","5917042","Vacant",55,55,55,0,0
2023,"Metro Vancouver A, Regional district electoral area","5915020","Improved land",6230,5310,5085,920,1145
2023,"Metro Vancouver A, Regional district electoral area","5915020","Total",6340,5415,5185,925,1155
2023,"Metro Vancouver A, Regional district electoral area","5915020","Vacant",110,105,100,5,10
2023,"Middle Arm, Town","1008072","Improved land",0,0,0,0,0
2023,"Middle Arm, Town","1008072","Total",210,205,205,5,5
2023,"Middle Arm, Town","1008072","Vacant",0,0,0,0,0
2023,"Middlesex Centre, Municipality","3539033","Improved land",6685,6655,6615,30,70
2023,"Middlesex Centre, Municipality","3539033","Total",7350,7310,7270,40,80
2023,"Middlesex Centre, Municipality","3539033","Vacant",665,655,655,10,10
2023,"Middleton, Town","1205016","Improved land",595,590,580,10,20
2023,"Middleton, Town","1205016","Total",685,675,665,10,20
2023,"Middleton, Town","1205016","Vacant",85,85,85,0,0
2023,"Midland, Census agglomeration (CA)","571","Improved land",9675,9600,9540,70,135
2023,"Midland, Census agglomeration (CA)","571","Total",10410,10330,10265,80,145
2023,"Midland, Census agglomeration (CA)","571","Vacant",740,730,725,10,15
2023,"Midland, Town","3543074","Improved land",6250,6205,6165,45,85
2023,"Midland, Town","3543074","Total",6685,6635,6590,50,95
2023,"Midland, Town","3543074","Vacant",435,430,425,5,10
2023,"Midway, Village","5905037","Improved land",300,295,295,10,10
2023,"Midway, Village","5905037","Total",465,455,455,10,10
2023,"Midway, Village","5905037","Vacant",160,160,160,0,0
2023,"Miles Cove, Town","1008098","Improved land",0,0,0,0,0
2023,"Miles Cove, Town","1008098","Total",75,70,70,5,5
2023,"Miles Cove, Town","1008098","Vacant",0,0,0,0,0
2023,"Millertown, Town","1006028","Improved land",0,0,0,0,0
2023,"Millertown, Town","1006028","Total",95,90,85,5,10
2023,"Millertown, Town","1006028","Vacant",0,0,0,0,0
2023,"Milltown-Head of Bay d'Espoir, Town","1003018","Improved land",0,0,0,0,0
2023,"Milltown-Head of Bay d'Espoir, Town","1003018","Total",440,440,435,5,5
2023,"Milltown-Head of Bay d'Espoir, Town","1003018","Vacant",0,0,0,0,0
2023,"Millville, Village","1310025","Improved land",140,135,135,5,5
2023,"Millville, Village","1310025","Total",170,165,165,5,5
2023,"Millville, Village","1310025","Vacant",30,30,30,0,0
2023,"Milton, Town","3524009","Improved land",40350,39815,39435,535,915
2023,"Milton, Town","3524009","Total",41330,40790,40410,540,920
2023,"Milton, Town","3524009","Vacant",975,970,970,5,5
2023,"Miltonvale Park, Rural municipality","1102040","Improved land",395,390,385,5,10
2023,"Miltonvale Park, Rural municipality","1102040","Total",420,410,405,10,15
2023,"Miltonvale Park, Rural municipality","1102040","Vacant",25,20,20,5,5
2023,"Miminegash, Fire district","1103063","Improved land",550,535,515,20,35
2023,"Miminegash, Fire district","1103063","Total",620,595,580,25,40
2023,"Miminegash, Fire district","1103063","Vacant",65,60,60,5,5
2023,"Miminegash, Rural municipality","1103062","Improved land",90,85,85,5,5
2023,"Miminegash, Rural municipality","1103062","Total",110,105,105,5,5
2023,"Miminegash, Rural municipality","1103062","Vacant",20,20,20,0,0
2023,"Minden Hills, Township","3546015","Improved land",6320,6190,6080,130,245
2023,"Minden Hills, Township","3546015","Total",8575,8365,8195,210,380
2023,"Minden Hills, Township","3546015","Vacant",2250,2175,2115,80,140
2023,"Ming's Bight, Town","1008095","Improved land",0,0,0,0,0
2023,"Ming's Bight, Town","1008095","Total",150,150,150,0,0
2023,"Ming's Bight, Town","1008095","Vacant",0,0,0,0,0
2023,"Minitonas-Bowsman, Municipality","4620051","Improved land",770,0,0,0,0
2023,"Minitonas-Bowsman, Municipality","4620051","Total",980,0,0,0,0
2023,"Minitonas-Bowsman, Municipality","4620051","Vacant",210,0,0,0,0
2023,"Minnedosa, Town","4615075","Improved land",1165,0,0,0,0
2023,"Minnedosa, Town","4615075","Total",1270,0,0,0,0
2023,"Minnedosa, Town","4615075","Vacant",105,0,0,0,0
2023,"Minto, Town","3523043","Improved land",3095,3075,3060,15,30
2023,"Minto, Town","3523043","Total",3355,3335,3315,20,40
2023,"Minto, Town","3523043","Vacant",265,260,255,5,10
2023,"Minto, Village","1304022","Improved land",1055,1025,1010,30,45
2023,"Minto, Village","1304022","Total",1470,1405,1385,65,85
2023,"Minto, Village","1304022","Vacant",415,380,375,35,40
2023,"Minto-Odanah, Municipality","4615074","Improved land",465,0,0,0,0
2023,"Minto-Odanah, Municipality","4615074","Total",580,0,0,0,0
2023,"Minto-Odanah, Municipality","4615074","Vacant",110,0,0,0,0
2023,"Miramichi, Census agglomeration (CA)","329","Improved land",10625,10405,10185,225,430
2023,"Miramichi, Census agglomeration (CA)","329","Total",14025,13625,13335,400,690
2023,"Miramichi, Census agglomeration (CA)","329","Vacant",3405,3230,3145,175,260
2023,"Miramichi, City","1309050","Improved land",6075,5980,5865,95,210
2023,"Miramichi, City","1309050","Total",7510,7365,7230,145,280
2023,"Miramichi, City","1309050","Vacant",1435,1385,1365,50,70
2023,"Miscouche, Fire district","1103040","Improved land",395,385,375,10,20
2023,"Miscouche, Fire district","1103040","Total",435,420,405,15,35
2023,"Miscouche, Fire district","1103040","Vacant",40,35,35,5,5
2023,"Miscouche, Rural municipality","1103024","Improved land",380,375,370,5,10
2023,"Miscouche, Rural municipality","1103024","Total",395,390,380,5,10
2023,"Miscouche, Rural municipality","1103024","Vacant",15,15,15,0,0
2023,"Mission, District municipality","5909056","Improved land",12255,12110,11920,145,340
2023,"Mission, District municipality","5909056","Total",12850,12700,12490,150,360
2023,"Mission, District municipality","5909056","Vacant",590,585,580,5,10
2023,"Mississauga, City","3521005","Improved land",209155,204930,202570,4225,6580
2023,"Mississauga, City","3521005","Total",210270,206025,203660,4245,6610
2023,"Mississauga, City","3521005","Vacant",1115,1095,1090,20,25
2023,"Mississippi Mills, Town","3509030","Improved land",5880,5845,5800,35,75
2023,"Mississippi Mills, Town","3509030","Total",6655,6605,6555,50,100
2023,"Mississippi Mills, Town","3509030","Vacant",775,760,750,15,25
2023,"Moncton, Census metropolitan area (CMA)","305","Improved land",49690,49025,47980,660,1700
2023,"Moncton, Census metropolitan area (CMA)","305","Total",56040,55130,53950,910,2090
2023,"Moncton, Census metropolitan area (CMA)","305","Vacant",6360,6110,5970,250,390
2023,"Moncton, City","1307022","Improved land",22350,22030,21590,330,765
2023,"Moncton, City","1307022","Total",23500,23160,22705,340,795
2023,"Moncton, City","1307022","Vacant",1150,1140,1120,10,30
2023,"Moncton, Parish","1307019","Improved land",4080,4030,3955,50,125
2023,"Moncton, Parish","1307019","Total",5405,5330,5230,75,175
2023,"Moncton, Parish","1307019","Vacant",1325,1300,1275,25,50
2023,"Mono, Town","3522012","Improved land",3285,3255,3225,30,60
2023,"Mono, Town","3522012","Total",3510,3470,3440,40,70
2023,"Mono, Town","3522012","Vacant",225,220,215,5,10
2023,"Montague, Fire district","1102005","Improved land",60,50,50,10,10
2023,"Montague, Fire district","1102005","Total",85,75,70,10,15
2023,"Montague, Fire district","1102005","Vacant",25,25,20,0,5
2023,"Montague, Township","3509001","Improved land",1590,1575,1560,10,25
2023,"Montague, Township","3509001","Total",1970,1945,1925,25,45
2023,"Montague, Township","3509001","Vacant",390,375,370,15,20
2023,"Montcalm, Rural municipality","4603030","Improved land",500,0,0,0,0
2023,"Montcalm, Rural municipality","4603030","Total",575,0,0,0,0
2023,"Montcalm, Rural municipality","4603030","Vacant",75,0,0,0,0
2023,"Montrose, Village","5905009","Improved land",435,435,430,0,5
2023,"Montrose, Village","5905009","Total",460,460,455,0,5
2023,"Montrose, Village","5905009","Vacant",25,25,25,0,0
2023,"Moonbeam, Township","3556056","Improved land",760,745,740,15,20
2023,"Moonbeam, Township","3556056","Total",1045,1015,1010,30,35
2023,"Moonbeam, Township","3556056","Vacant",285,270,270,15,15
2023,"Moosonee, Town","3556106","Improved land",495,490,490,5,5
2023,"Moosonee, Town","3556106","Total",665,660,660,5,5
2023,"Moosonee, Town","3556106","Vacant",170,170,170,0,0
2023,"Morden, City","4603053","Improved land",3335,0,0,0,0
2023,"Morden, City","4603053","Total",3585,0,0,0,0
2023,"Morden, City","4603053","Vacant",250,0,0,0,0
2023,"Morell, Fire district","1101043","Improved land",905,830,805,70,100
2023,"Morell, Fire district","1101043","Total",965,890,855,75,110
2023,"Morell, Fire district","1101043","Vacant",60,55,50,5,10
2023,"Morell, Rural municipality","1101048","Improved land",155,150,150,5,5
2023,"Morell, Rural municipality","1101048","Total",160,155,155,5,5
2023,"Morell, Rural municipality","1101048","Vacant",5,5,5,0,0
2023,"Morley, Township","3559031","Improved land",245,235,230,10,15
2023,"Morley, Township","3559031","Total",550,460,455,90,105
2023,"Morley, Township","3559031","Vacant",305,225,215,80,90
2023,"Morris, Rural municipality","4603065","Improved land",1005,0,0,0,0
2023,"Morris, Rural municipality","4603065","Total",1160,0,0,0,0
2023,"Morris, Rural municipality","4603065","Vacant",155,0,0,0,0
2023,"Morris, Town","4603067","Improved land",700,0,0,0,0
2023,"Morris, Town","4603067","Total",770,0,0,0,0
2023,"Morris, Town","4603067","Vacant",70,0,0,0,0
2023,"Morris-Turnberry, Municipality","3540050","Improved land",1220,1215,1210,5,10
2023,"Morris-Turnberry, Municipality","3540050","Total",1340,1330,1325,10,15
2023,"Morris-Turnberry, Municipality","3540050","Vacant",120,115,115,5,5
2023,"Morrisville, Town","1003020","Improved land",0,0,0,0,0
2023,"Morrisville, Town","1003020","Total",60,60,60,0,0
2023,"Morrisville, Town","1003020","Vacant",0,0,0,0,0
2023,"Mossey River, Rural municipality","4617072","Improved land",595,0,0,0,0
2023,"Mossey River, Rural municipality","4617072","Total",850,0,0,0,0
2023,"Mossey River, Rural municipality","4617072","Vacant",255,0,0,0,0
2023,"Mount Carmel-Mitchells Brook-St. Catherine's, Town","1001197","Improved land",0,0,0,0,0
2023,"Mount Carmel-Mitchells Brook-St. Catherine's, Town","1001197","Total",315,300,285,15,30
2023,"Mount Carmel-Mitchells Brook-St. Catherine's, Town","1001197","Vacant",0,0,0,0,0
2023,"Mount Moriah, Town","1005033","Improved land",0,0,0,0,0
2023,"Mount Moriah, Town","1005033","Total",360,355,350,5,10
2023,"Mount Moriah, Town","1005033","Vacant",0,0,0,0,0
2023,"Mount Pearl, City","1001542","Improved land",0,0,0,0,0
2023,"Mount Pearl, City","1001542","Total",8540,8355,8085,185,455
2023,"Mount Pearl, City","1001542","Vacant",0,0,0,0,0
2023,"Mount Stewart, Rural municipality","1102059","Improved land",150,150,140,0,5
2023,"Mount Stewart, Rural municipality","1102059","Total",155,150,150,0,5
2023,"Mount Stewart, Rural municipality","1102059","Vacant",5,5,5,0,0
2023,"Mount Waddington A, Regional district electoral area","5943037","Improved land",500,465,450,30,45
2023,"Mount Waddington A, Regional district electoral area","5943037","Total",760,700,685,60,75
2023,"Mount Waddington A, Regional district electoral area","5943037","Vacant",265,235,235,30,30
2023,"Mount Waddington B, Regional district electoral area","5943027","Improved land",45,40,40,5,5
2023,"Mount Waddington B, Regional district electoral area","5943027","Total",815,790,790,25,25
2023,"Mount Waddington B, Regional district electoral area","5943027","Vacant",770,750,750,20,20
2023,"Mount Waddington C, Regional district electoral area","5943031","Improved land",415,405,390,10,25
2023,"Mount Waddington C, Regional district electoral area","5943031","Total",625,605,585,20,40
2023,"Mount Waddington C, Regional district electoral area","5943031","Vacant",210,200,195,10,15
2023,"Mount Waddington D, Regional district electoral area","5943033","Improved land",210,210,195,5,20
2023,"Mount Waddington D, Regional district electoral area","5943033","Total",260,255,240,5,20
2023,"Mount Waddington D, Regional district electoral area","5943033","Vacant",45,45,45,0,0
2023,"Mountain (North), Rural municipality","4620055","Improved land",345,0,0,0,0
2023,"Mountain (North), Rural municipality","4620055","Total",745,0,0,0,0
2023,"Mountain (North), Rural municipality","4620055","Vacant",400,0,0,0,0
2023,"Mountain (South), Rural municipality","4620032","Improved land",300,0,0,0,0
2023,"Mountain (South), Rural municipality","4620032","Total",555,0,0,0,0
2023,"Mountain (South), Rural municipality","4620032","Vacant",255,0,0,0,0
2023,"Mt. Lorne, Hamlet","6001044","Improved land",185,0,0,0,0
2023,"Mt. Lorne, Hamlet","6001044","Total",225,0,0,0,0
2023,"Mt. Lorne, Hamlet","6001044","Vacant",40,0,0,0,0
2023,"Mulgrave, Town","1213008","Improved land",300,300,295,0,5
2023,"Mulgrave, Town","1213008","Total",445,440,435,5,15
2023,"Mulgrave, Town","1213008","Vacant",145,140,140,5,5
2023,"Mulmur, Township","3522016","Improved land",1730,1710,1685,20,45
2023,"Mulmur, Township","3522016","Total",1995,1965,1935,30,60
2023,"Mulmur, Township","3522016","Vacant",265,255,250,10,15
2023,"Murray Harbour, Fire district","1101003","Improved land",370,345,335,25,35
2023,"Murray Harbour, Fire district","1101003","Total",405,370,360,30,40
2023,"Murray Harbour, Fire district","1101003","Vacant",30,25,25,5,5
2023,"Murray Harbour, Rural municipality","1101002","Improved land",180,175,170,10,10
2023,"Murray Harbour, Rural municipality","1101002","Total",190,180,180,10,10
2023,"Murray Harbour, Rural municipality","1101002","Vacant",10,10,10,0,0
2023,"Murray River, Part 1, Fire district","1101005","Improved land",775,720,705,55,80
2023,"Murray River, Part 1, Fire district","1101005","Total",860,805,790,55,70
2023,"Murray River, Part 1, Fire district","1101005","Vacant",85,85,85,0,0
2023,"Murray River, Part 2, Fire district","1102003","Improved land",75,70,70,5,5
2023,"Murray River, Part 2, Fire district","1102003","Total",80,75,75,5,5
2023,"Murray River, Part 2, Fire district","1102003","Vacant",5,5,5,0,0
2023,"Murray River, Rural municipality","1101004","Improved land",200,190,185,10,15
2023,"Murray River, Rural municipality","1101004","Total",245,235,225,10,20
2023,"Murray River, Rural municipality","1101004","Vacant",45,45,40,0,5
2023,"Musgrave Harbour, Town","1008006","Improved land",0,0,0,0,0
2023,"Musgrave Harbour, Town","1008006","Total",640,625,625,15,15
2023,"Musgrave Harbour, Town","1008006","Vacant",0,0,0,0,0
2023,"Muskoka Lakes, Township","3544053","Improved land",10035,9555,9350,470,680
2023,"Muskoka Lakes, Township","3544053","Total",12900,12275,12010,625,890
2023,"Muskoka Lakes, Township","3544053","Vacant",2875,2720,2660,155,215
2023,"Musquash, Parish","1301016","Improved land",620,600,590,20,30
2023,"Musquash, Parish","1301016","Total",980,930,905,50,75
2023,"Musquash, Parish","1301016","Vacant",360,330,315,30,40
2023,"Mystery Lake, Local government district","4622017","Improved land",5,0,0,0,0
2023,"Mystery Lake, Local government district","4622017","Total",5,0,0,0,0
2023,"Mystery Lake, Local government district","4622017","Vacant",0,0,0,0,0
2023,"Nackawic, Town","1310054","Improved land",345,340,335,5,15
2023,"Nackawic, Town","1310054","Total",405,400,390,5,15
2023,"Nackawic, Town","1310054","Vacant",60,60,60,0,0
2023,"Nairn and Hyman, Township","3552031","Improved land",260,255,250,5,10
2023,"Nairn and Hyman, Township","3552031","Total",410,400,395,10,15
2023,"Nairn and Hyman, Township","3552031","Vacant",150,145,145,5,5
2023,"Nakusp, Village","5903050","Improved land",695,675,660,20,35
2023,"Nakusp, Village","5903050","Total",780,760,740,25,40
2023,"Nakusp, Village","5903050","Vacant",85,85,80,0,5
2023,"Nanaimo A, Regional district electoral area","5921010","Improved land",2525,2500,2465,25,60
2023,"Nanaimo A, Regional district electoral area","5921010","Total",2800,2770,2735,30,65
2023,"Nanaimo A, Regional district electoral area","5921010","Vacant",275,270,270,5,5
2023,"Nanaimo B, Regional district electoral area","5921014","Improved land",2970,2860,2805,110,165
2023,"Nanaimo B, Regional district electoral area","5921014","Total",3760,3595,3510,165,250
2023,"Nanaimo B, Regional district electoral area","5921014","Vacant",790,735,705,55,85
2023,"Nanaimo C, Regional district electoral area","5921016","Improved land",1085,1070,1065,10,20
2023,"Nanaimo C, Regional district electoral area","5921016","Total",1330,1320,1305,10,25
2023,"Nanaimo C, Regional district electoral area","5921016","Vacant",245,245,240,0,5
2023,"Nanaimo E, Regional district electoral area","5921030","Improved land",3110,3045,3015,65,105
2023,"Nanaimo E, Regional district electoral area","5921030","Total",3320,3240,3195,80,125
2023,"Nanaimo E, Regional district electoral area","5921030","Vacant",210,195,190,15,20
2023,"Nanaimo F, Regional district electoral area","5921032","Improved land",2540,2500,2445,40,90
2023,"Nanaimo F, Regional district electoral area","5921032","Total",2730,2685,2630,50,100
2023,"Nanaimo F, Regional district electoral area","5921032","Vacant",195,185,180,10,15
2023,"Nanaimo G, Regional district electoral area","5921034","Improved land",3595,3565,3520,30,75
2023,"Nanaimo G, Regional district electoral area","5921034","Total",3700,3665,3620,35,80
2023,"Nanaimo G, Regional district electoral area","5921034","Vacant",105,100,100,5,5
2023,"Nanaimo H, Regional district electoral area","5921036","Improved land",2200,2160,2115,40,85
2023,"Nanaimo H, Regional district electoral area","5921036","Total",2435,2380,2335,50,95
2023,"Nanaimo H, Regional district electoral area","5921036","Vacant",230,220,220,10,10
2023,"Nanaimo, Census metropolitan area (CMA)","938","Improved land",39065,38430,37965,650,1105
2023,"Nanaimo, Census metropolitan area (CMA)","938","Total",40845,40165,39685,680,1160
2023,"Nanaimo, Census metropolitan area (CMA)","938","Vacant",1775,1745,1720,30,55
2023,"Nanaimo, City","5921007","Improved land",34015,33425,33015,600,1000
2023,"Nanaimo, City","5921007","Total",35130,34510,34095,620,1035
2023,"Nanaimo, City","5921007","Vacant",1115,1095,1080,20,35
2023,"Nanisivik, Settlement","6204019","Improved land",0,0,0,0,0
2023,"Nanisivik, Settlement","6204019","Total",80,80,80,0,0
2023,"Nanisivik, Settlement","6204019","Vacant",0,0,0,0,0
2023,"Naujaat, Hamlet","6205027","Improved land",0,0,0,0,0
2023,"Naujaat, Hamlet","6205027","Total",235,235,235,0,0
2023,"Naujaat, Hamlet","6205027","Vacant",0,0,0,0,0
2023,"Neebing, Municipality","3558001","Improved land",1235,1195,1185,40,50
2023,"Neebing, Municipality","3558001","Total",2080,1965,1945,115,135
2023,"Neebing, Municipality","3558001","Vacant",845,770,760,75,85
2023,"Neepawa, Town","4615020","Improved land",1380,0,0,0,0
2023,"Neepawa, Town","4615020","Total",1500,0,0,0,0
2023,"Neepawa, Town","4615020","Vacant",115,0,0,0,0
2023,"Neguac, Village","1309038","Improved land",690,685,670,5,20
2023,"Neguac, Village","1309038","Total",1045,1025,1005,20,40
2023,"Neguac, Village","1309038","Vacant",355,340,335,15,20
2023,"Nelson, Census agglomeration (CA)","907","Improved land",7300,7075,6880,225,415
2023,"Nelson, Census agglomeration (CA)","907","Total",8585,8315,8105,270,480
2023,"Nelson, Census agglomeration (CA)","907","Vacant",1290,1245,1225,45,65
2023,"Nelson, City","5903015","Improved land",3820,3700,3585,120,235
2023,"Nelson, City","5903015","Total",4015,3890,3775,125,240
2023,"Nelson, City","5903015","Vacant",195,190,190,5,5
2023,"Nelson, Parish","1309014","Improved land",495,475,470,20,25
2023,"Nelson, Parish","1309014","Total",740,710,690,30,40
2023,"Nelson, Parish","1309014","Vacant",235,225,220,10,15
2023,"New Bandon, Parish","1315016","Improved land",810,785,765,25,45
2023,"New Bandon, Parish","1315016","Total",1455,1390,1355,65,100
2023,"New Bandon, Parish","1315016","Vacant",645,605,590,40,55
2023,"New Brunswick","13","Improved land",295690,289935,282520,5760,13170
2023,"New Brunswick","13","Total",380620,370170,360445,10450,20175
2023,"New Brunswick","13","Vacant",84925,80235,77920,4690,7005
2023,"New Denver, Village","5903032","Improved land",315,305,290,20,35
2023,"New Denver, Village","5903032","Total",445,420,400,25,45
2023,"New Denver, Village","5903032","Vacant",130,125,120,5,10
2023,"New Glasgow, Census agglomeration (CA)","220","Improved land",14340,14065,13790,275,550
2023,"New Glasgow, Census agglomeration (CA)","220","Total",16845,16470,16135,375,705
2023,"New Glasgow, Census agglomeration (CA)","220","Vacant",2505,2405,2350,100,155
2023,"New Glasgow, Fire district","1102017","Improved land",2325,2210,2145,115,175
2023,"New Glasgow, Fire district","1102017","Total",2555,2435,2360,125,195
2023,"New Glasgow, Fire district","1102017","Vacant",235,225,215,10,20
2023,"New Glasgow, Town","1212014","Improved land",3190,3130,3085,60,105
2023,"New Glasgow, Town","1212014","Total",3485,3420,3370,65,115
2023,"New Glasgow, Town","1212014","Vacant",295,290,285,5,10
2023,"New Hazelton, District municipality","5949024","Improved land",245,230,225,15,20
2023,"New Hazelton, District municipality","5949024","Total",565,535,525,30,40
2023,"New Hazelton, District municipality","5949024","Vacant",320,305,300,15,20
2023,"New London, Fire district","1102071","Improved land",1320,1235,1180,85,140
2023,"New London, Fire district","1102071","Total",1415,1320,1265,95,150
2023,"New London, Fire district","1102071","Vacant",95,85,85,10,10
2023,"New Maryland, Parish","1310001","Improved land",1100,1090,1070,10,30
2023,"New Maryland, Parish","1310001","Total",1265,1245,1220,15,40
2023,"New Maryland, Parish","1310001","Vacant",160,155,150,5,10
2023,"New Maryland, Village","1310002","Improved land",1465,1465,1440,5,25
2023,"New Maryland, Village","1310002","Total",1575,1570,1550,5,25
2023,"New Maryland, Village","1310002","Vacant",105,105,105,0,0
2023,"New Perlican, Town","1001328","Improved land",0,0,0,0,0
2023,"New Perlican, Town","1001328","Total",385,380,370,5,15
2023,"New Perlican, Town","1001328","Vacant",0,0,0,0,0
2023,"New Tecumseth, Town","3543007","Improved land",15020,14930,14810,90,210
2023,"New Tecumseth, Town","3543007","Total",15920,15825,15700,95,220
2023,"New Tecumseth, Town","3543007","Vacant",900,895,890,5,10
2023,"New Westminster, City","5915029","Improved land",24870,24185,23670,680,1195
2023,"New Westminster, City","5915029","Total",25020,24335,23810,685,1210
2023,"New Westminster, City","5915029","Vacant",150,145,135,5,15
2023,"New-Wes-Valley, Town","1007060","Improved land",0,0,0,0,0
2023,"New-Wes-Valley, Town","1007060","Total",1250,1225,1205,25,45
2023,"New-Wes-Valley, Town","1007060","Vacant",0,0,0,0,0
2023,"Newbury, Village","3539002","Improved land",185,185,180,0,5
2023,"Newbury, Village","3539002","Total",200,200,195,0,5
2023,"Newbury, Village","3539002","Vacant",15,15,15,0,0
2023,"Newcastle, Parish","1309031","Improved land",515,505,490,10,25
2023,"Newcastle, Parish","1309031","Total",705,680,665,25,40
2023,"Newcastle, Parish","1309031","Vacant",190,175,175,15,15
2023,"Newfoundland and Labrador","10","Improved land",0,0,0,0,0
2023,"Newfoundland and Labrador","10","Total",0,0,0,0,0
2023,"Newfoundland and Labrador","10","Vacant",0,0,0,0,0
2023,"Newmarket, Town","3519048","Improved land",27085,26700,26495,385,595
2023,"Newmarket, Town","3519048","Total",27435,27045,26845,390,590
2023,"Newmarket, Town","3519048","Vacant",345,345,345,0,0
2023,"Niagara Falls, City","3526043","Improved land",33145,32730,32480,415,660
2023,"Niagara Falls, City","3526043","Total",34975,34535,34275,440,700
2023,"Niagara Falls, City","3526043","Vacant",1830,1805,1795,25,35
2023,"Niagara-on-the-Lake, Town","3526047","Improved land",8010,7835,7765,175,245
2023,"Niagara-on-the-Lake, Town","3526047","Total",8370,8180,8110,190,260
2023,"Niagara-on-the-Lake, Town","3526047","Vacant",360,345,345,15,15
2023,"Nigadoo, Village","1315037","Improved land",405,405,395,0,10
2023,"Nigadoo, Village","1315037","Total",505,500,490,5,15
2023,"Nigadoo, Village","1315037","Vacant",100,95,95,5,5
2023,"Nipigon, Township","3558044","Improved land",755,745,735,10,20
2023,"Nipigon, Township","3558044","Total",1055,1035,1025,20,30
2023,"Nipigon, Township","3558044","Vacant",300,290,290,10,10
2023,"Nipissing, Township","3549071","Improved land",1290,1250,1220,40,70
2023,"Nipissing, Township","3549071","Total",2015,1945,1900,70,115
2023,"Nipissing, Township","3549071","Vacant",725,695,680,30,45
2023,"Nipissing, Unorganized, North Part, Unorganized","3548094","Improved land",1730,1665,1625,65,105
2023,"Nipissing, Unorganized, North Part, Unorganized","3548094","Total",2060,1985,1940,75,120
2023,"Nipissing, Unorganized, North Part, Unorganized","3548094","Vacant",330,320,315,10,15
2023,"Nippers Harbour, Town","1008070","Improved land",0,0,0,0,0
2023,"Nippers Harbour, Town","1008070","Total",120,115,115,5,5
2023,"Nippers Harbour, Town","1008070","Vacant",0,0,0,0,0
2023,"Niverville, Town","4602046","Improved land",1875,0,0,0,0
2023,"Niverville, Town","4602046","Total",2235,0,0,0,0
2023,"Niverville, Town","4602046","Vacant",360,0,0,0,0
2023,"Norfolk County, City","3528052","Improved land",27495,27260,27055,235,440
2023,"Norfolk County, City","3528052","Total",28890,28630,28410,260,480
2023,"Norfolk County, City","3528052","Vacant",1395,1370,1355,25,40
2023,"Norfolk, Census agglomeration (CA)","547","Improved land",27495,27260,27055,235,440
2023,"Norfolk, Census agglomeration (CA)","547","Total",28890,28630,28410,260,480
2023,"Norfolk, Census agglomeration (CA)","547","Vacant",1395,1370,1355,25,40
2023,"Norfolk-Treherne, Municipality","4608032","Improved land",710,0,0,0,0
2023,"Norfolk-Treherne, Municipality","4608032","Total",785,0,0,0,0
2023,"Norfolk-Treherne, Municipality","4608032","Vacant",70,0,0,0,0
2023,"Norman's Cove-Long Cove, Town","1001285","Improved land",0,0,0,0,0
2023,"Norman's Cove-Long Cove, Town","1001285","Total",465,455,450,10,15
2023,"Norman's Cove-Long Cove, Town","1001285","Vacant",0,0,0,0,0
2023,"Norris Arm, Town","1006003","Improved land",0,0,0,0,0
2023,"Norris Arm, Town","1006003","Total",460,450,445,10,15
2023,"Norris Arm, Town","1006003","Vacant",0,0,0,0,0
2023,"Norris Point, Town","1009012","Improved land",0,0,0,0,0
2023,"Norris Point, Town","1009012","Total",525,510,500,15,25
2023,"Norris Point, Town","1009012","Vacant",0,0,0,0,0
2023,"North Algona Wilberforce, Township","3547070","Improved land",1800,1775,1760,25,40
2023,"North Algona Wilberforce, Township","3547070","Total",2340,2300,2270,40,70
2023,"North Algona Wilberforce, Township","3547070","Vacant",540,525,510,15,30
2023,"North Bay, Census agglomeration (CA)","575","Improved land",27215,26890,26625,325,590
2023,"North Bay, Census agglomeration (CA)","575","Total",31650,31190,30865,455,785
2023,"North Bay, Census agglomeration (CA)","575","Vacant",4435,4305,4240,130,195
2023,"North Bay, City","3548044","Improved land",17435,17305,17190,135,255
2023,"North Bay, City","3548044","Total",18610,18475,18345,135,265
2023,"North Bay, City","3548044","Vacant",1180,1170,1155,10,25
2023,"North Coast A, Regional district electoral area","5947016","Improved land",60,55,50,5,10
2023,"North Coast A, Regional district electoral area","5947016","Total",220,195,185,25,35
2023,"North Coast A, Regional district electoral area","5947016","Vacant",160,140,135,20,25
2023,"North Coast C, Regional district electoral area","5947021","Improved land",65,60,60,5,5
2023,"North Coast C, Regional district electoral area","5947021","Total",240,205,195,35,45
2023,"North Coast C, Regional district electoral area","5947021","Vacant",175,145,135,30,40
2023,"North Coast D, Regional district electoral area","5947027","Improved land",275,260,245,15,30
2023,"North Coast D, Regional district electoral area","5947027","Total",500,470,450,30,50
2023,"North Coast D, Regional district electoral area","5947027","Vacant",225,210,205,15,20
2023,"North Coast E, Regional district electoral area","5947032","Improved land",165,155,155,10,10
2023,"North Coast E, Regional district electoral area","5947032","Total",190,180,180,10,10
2023,"North Coast E, Regional district electoral area","5947032","Vacant",25,25,25,0,0
2023,"North Cowichan, District municipality","5919008","Improved land",11725,11570,11425,150,300
2023,"North Cowichan, District municipality","5919008","Total",12570,12400,12250,170,320
2023,"North Cowichan, District municipality","5919008","Vacant",845,830,825,15,20
2023,"North Cypress-Langford, Municipality","4607066","Improved land",1000,0,0,0,0
2023,"North Cypress-Langford, Municipality","4607066","Total",1175,0,0,0,0
2023,"North Cypress-Langford, Municipality","4607066","Vacant",175,0,0,0,0
2023,"North Dumfries, Township","3530004","Improved land",3545,3530,3515,15,30
2023,"North Dumfries, Township","3530004","Total",4000,3975,3955,25,45
2023,"North Dumfries, Township","3530004","Vacant",455,445,440,10,15
2023,"North Dundas, Township","3501030","Improved land",4400,4370,4330,25,70
2023,"North Dundas, Township","3501030","Total",4900,4860,4815,40,85
2023,"North Dundas, Township","3501030","Vacant",500,490,485,10,15
2023,"North Frontenac, Township","3510045","Improved land",3495,3250,3175,240,320
2023,"North Frontenac, Township","3510045","Total",5035,4725,4620,310,415
2023,"North Frontenac, Township","3510045","Vacant",1540,1470,1445,70,95
2023,"North Glengarry, Township","3501050","Improved land",4155,4115,4085,40,80
2023,"North Glengarry, Township","3501050","Total",4890,4830,4795,60,95
2023,"North Glengarry, Township","3501050","Vacant",735,715,710,20,25
2023,"North Grenville, Municipality","3507065","Improved land",7070,7015,6975,55,95
2023,"North Grenville, Municipality","3507065","Total",8075,8005,7960,70,115
2023,"North Grenville, Municipality","3507065","Vacant",1005,990,985,15,20
2023,"North Huron, Township","3540055","Improved land",1920,1905,1890,15,30
2023,"North Huron, Township","3540055","Total",2030,2015,2000,15,30
2023,"North Huron, Township","3540055","Vacant",110,110,110,0,0
2023,"North Kawartha, Township","3515037","Improved land",3885,3705,3620,175,265
2023,"North Kawartha, Township","3515037","Total",4940,4725,4610,215,330
2023,"North Kawartha, Township","3515037","Vacant",1055,1015,985,40,70
2023,"North Lake, Parish","1310008","Improved land",450,395,370,55,80
2023,"North Lake, Parish","1310008","Total",690,610,575,80,115
2023,"North Lake, Parish","1310008","Vacant",240,215,205,25,35
2023,"North Middlesex, Municipality","3539041","Improved land",2350,2340,2330,10,15
2023,"North Middlesex, Municipality","3539041","Total",2580,2570,2560,10,20
2023,"North Middlesex, Municipality","3539041","Vacant",230,230,230,0,0
2023,"North Norfolk, Municipality","4608046","Improved land",1350,0,0,0,0
2023,"North Norfolk, Municipality","4608046","Total",1585,0,0,0,0
2023,"North Norfolk, Municipality","4608046","Vacant",235,0,0,0,0
2023,"North Okanagan B, Regional district electoral area","5937017","Improved land",1045,1030,1015,15,30
2023,"North Okanagan B, Regional district electoral area","5937017","Total",1135,1115,1100,20,35
2023,"North Okanagan B, Regional district electoral area","5937017","Vacant",90,85,85,5,5
2023,"North Okanagan C, Regional district electoral area","5937021","Improved land",2200,2060,2020,140,190
2023,"North Okanagan C, Regional district electoral area","5937021","Total",2385,2220,2175,165,210
2023,"North Okanagan C, Regional district electoral area","5937021","Vacant",185,160,155,25,30
2023,"North Okanagan D, Regional district electoral area","5937022","Improved land",1030,1015,995,15,30
2023,"North Okanagan D, Regional district electoral area","5937022","Total",1185,1165,1140,20,45
2023,"North Okanagan D, Regional district electoral area","5937022","Vacant",155,150,145,5,10
2023,"North Okanagan E, Regional district electoral area","5937023","Improved land",385,375,365,10,20
2023,"North Okanagan E, Regional district electoral area","5937023","Total",555,540,520,15,35
2023,"North Okanagan E, Regional district electoral area","5937023","Vacant",170,165,155,5,15
2023,"North Okanagan F, Regional district electoral area","5937041","Improved land",1985,1925,1865,50,110
2023,"North Okanagan F, Regional district electoral area","5937041","Total",2400,2325,2255,75,145
2023,"North Okanagan F, Regional district electoral area","5937041","Vacant",425,400,390,25,35
2023,"North Perth, Municipality","3531040","Improved land",5225,5205,5180,20,45
2023,"North Perth, Municipality","3531040","Total",5570,5545,5520,25,50
2023,"North Perth, Municipality","3531040","Vacant",345,340,340,5,5
2023,"North River, Fire district","1102072","Improved land",65,65,60,0,5
2023,"North River, Fire district","1102072","Total",80,80,75,0,5
2023,"North River, Fire district","1102072","Vacant",15,15,15,0,0
2023,"North River, Town","1001426","Improved land",0,0,0,0,0
2023,"North River, Town","1001426","Total",425,410,405,15,20
2023,"North River, Town","1001426","Vacant",0,0,0,0,0
2023,"North Rustico, Fire district","1102019","Improved land",210,195,195,15,15
2023,"North Rustico, Fire district","1102019","Total",225,210,210,15,15
2023,"North Rustico, Fire district","1102019","Vacant",15,15,15,0,0
2023,"North Rustico, Town","1102046","Improved land",370,345,335,25,35
2023,"North Rustico, Town","1102046","Total",375,350,340,25,35
2023,"North Rustico, Town","1102046","Vacant",5,5,5,0,0
2023,"North Saanich, District municipality","5917005","Improved land",4635,4585,4530,55,105
2023,"North Saanich, District municipality","5917005","Total",4780,4710,4655,70,125
2023,"North Saanich, District municipality","5917005","Vacant",140,125,120,15,20
2023,"North Shore, Fire district","1102073","Improved land",545,535,520,10,25
2023,"North Shore, Fire district","1102073","Total",585,570,555,15,30
2023,"North Shore, Fire district","1102073","Vacant",40,35,35,5,5
2023,"North Shore, Rural municipality","1102067","Improved land",1465,1405,1355,65,110
2023,"North Shore, Rural municipality","1102067","Total",1565,1495,1445,70,120
2023,"North Shore, Rural municipality","1102067","Vacant",100,90,90,10,10
2023,"North Stormont, Township","3501042","Improved land",2780,2765,2745,15,35
2023,"North Stormont, Township","3501042","Total",3355,3335,3310,20,40
2023,"North Stormont, Township","3501042","Vacant",575,570,570,5,5
2023,"North Vancouver, City","5915051","Improved land",19130,18550,18235,585,895
2023,"North Vancouver, City","5915051","Total",19210,18625,18310,585,900
2023,"North Vancouver, City","5915051","Vacant",75,75,75,0,0
2023,"North Vancouver, District municipality","5915046","Improved land",29505,28825,28420,680,1085
2023,"North Vancouver, District municipality","5915046","Total",31620,30930,30525,690,1095
2023,"North Vancouver, District municipality","5915046","Vacant",2125,2115,2110,10,15
2023,"North West River, Town","1010022","Improved land",0,0,0,0,0
2023,"North West River, Town","1010022","Total",290,275,270,15,20
2023,"North West River, Town","1010022","Vacant",0,0,0,0,0
2023,"North Wiltshire, Rural municipality","1102020","Improved land",75,75,75,0,0
2023,"North Wiltshire, Rural municipality","1102020","Total",80,80,80,0,0
2023,"North Wiltshire, Rural municipality","1102020","Vacant",5,5,5,0,0
2023,"Northampton, Parish","1311008","Improved land",745,730,705,15,40
2023,"Northampton, Parish","1311008","Total",955,930,900,25,55
2023,"Northampton, Parish","1311008","Vacant",210,200,195,10,15
2023,"Northeastern Manitoulin and the Islands, Municipality","3551017","Improved land",2040,1775,1725,265,315
2023,"Northeastern Manitoulin and the Islands, Municipality","3551017","Total",2940,2560,2485,380,455
2023,"Northeastern Manitoulin and the Islands, Municipality","3551017","Vacant",900,785,760,115,140
2023,"Northern Arm, Town","1006015","Improved land",0,0,0,0,0
2023,"Northern Arm, Town","1006015","Total",310,295,295,15,15
2023,"Northern Arm, Town","1006015","Vacant",0,0,0,0,0
2023,"Northern Bruce Peninsula, Municipality","3541069","Improved land",5120,4885,4815,235,305
2023,"Northern Bruce Peninsula, Municipality","3541069","Total",8160,7750,7640,410,520
2023,"Northern Bruce Peninsula, Municipality","3541069","Vacant",3040,2865,2825,175,215
2023,"Northern Rockies, Regional municipality","5959007","Improved land",1670,1640,1615,35,60
2023,"Northern Rockies, Regional municipality","5959007","Total",2100,2060,2025,40,75
2023,"Northern Rockies, Regional municipality","5959007","Vacant",425,420,410,5,15
2023,"Northesk, Parish","1309028","Improved land",1185,1150,1135,30,50
2023,"Northesk, Parish","1309028","Total",1750,1695,1660,55,90
2023,"Northesk, Parish","1309028","Vacant",565,540,525,25,40
2023,"Northfield, Parish","1303018","Improved land",320,315,310,5,10
2023,"Northfield, Parish","1303018","Total",455,440,435,15,20
2023,"Northfield, Parish","1303018","Vacant",135,125,125,10,10
2023,"Northport, Rural municipality","1103050","Improved land",100,100,100,0,0
2023,"Northport, Rural municipality","1103050","Total",115,110,110,5,5
2023,"Northport, Rural municipality","1103050","Vacant",15,10,10,5,5
2023,"Northwest Territories","61","Improved land",0,0,0,0,0
2023,"Northwest Territories","61","Total",0,0,0,0,0
2023,"Northwest Territories","61","Vacant",0,0,0,0,0
2023,"Norton, Parish","1305016","Improved land",575,565,555,10,20
2023,"Norton, Parish","1305016","Total",800,780,765,20,35
2023,"Norton, Parish","1305016","Vacant",225,215,210,10,15
2023,"Norton, Village","1305018","Improved land",535,535,525,0,10
2023,"Norton, Village","1305018","Total",720,715,700,5,20
2023,"Norton, Village","1305018","Vacant",185,180,175,5,10
2023,"Norwich, Township","3532002","Improved land",3830,3795,3765,35,65
2023,"Norwich, Township","3532002","Total",4060,4025,3995,35,65
2023,"Norwich, Township","3532002","Vacant",230,230,230,0,0
2023,"Notre-Dame-de-Lourdes, Parish","1313008","Improved land",140,135,135,5,5
2023,"Notre-Dame-de-Lourdes, Parish","1313008","Total",205,195,190,10,15
2023,"Notre-Dame-de-Lourdes, Parish","1313008","Vacant",65,60,55,5,10
2023,"Nova Scotia","12","Improved land",370990,360840,353200,10145,17785
2023,"Nova Scotia","12","Total",452810,437040,427130,15770,25680
2023,"Nova Scotia","12","Vacant",81825,76205,73930,5620,7895
2023,"Nunavut","62","Improved land",0,0,0,0,0
2023,"Nunavut","62","Total",10785,10610,10465,175,320
2023,"Nunavut","62","Vacant",0,0,0,0,0
2023,"O'Connor, Township","3558016","Improved land",300,300,295,0,0
2023,"O'Connor, Township","3558016","Total",450,445,440,5,10
2023,"O'Connor, Township","3558016","Vacant",150,145,140,5,10
2023,"O'Leary, Fire district","1103065","Improved land",1380,1325,1300,55,80
2023,"O'Leary, Fire district","1103065","Total",1520,1465,1430,55,90
2023,"O'Leary, Fire district","1103065","Vacant",140,135,130,5,10
2023,"O'Leary, Town","1103042","Improved land",310,310,305,0,5
2023,"O'Leary, Town","1103042","Total",335,335,330,0,5
2023,"O'Leary, Town","1103042","Vacant",25,25,25,0,0
2023,"Oak Bay, District municipality","5917030","Improved land",6370,6235,6135,135,235
2023,"Oak Bay, District municipality","5917030","Total",6420,6285,6185,135,235
2023,"Oak Bay, District municipality","5917030","Vacant",50,50,50,0,0
2023,"Oakland-Wawanesa, Municipality","4607046","Improved land",630,0,0,0,0
2023,"Oakland-Wawanesa, Municipality","4607046","Total",730,0,0,0,0
2023,"Oakland-Wawanesa, Municipality","4607046","Vacant",100,0,0,0,0
2023,"Oakview, Rural municipality","4615032","Improved land",675,0,0,0,0
2023,"Oakview, Rural municipality","4615032","Total",915,0,0,0,0
2023,"Oakview, Rural municipality","4615032","Vacant",240,0,0,0,0
2023,"Oakville, Town","3524001","Improved land",69380,67795,67050,1585,2325
2023,"Oakville, Town","3524001","Total",70940,69345,68595,1595,2345
2023,"Oakville, Town","3524001","Vacant",1560,1550,1545,10,15
2023,"Oil Springs, Village","3538018","Improved land",270,270,270,5,5
2023,"Oil Springs, Village","3538018","Total",325,320,320,5,5
2023,"Oil Springs, Village","3538018","Vacant",50,50,50,0,0
2023,"Okanagan-Similkameen A, Regional district electoral area","5907022","Improved land",905,890,870,15,35
2023,"Okanagan-Similkameen A, Regional district electoral area","5907022","Total",1290,1265,1240,25,50
2023,"Okanagan-Similkameen A, Regional district electoral area","5907022","Vacant",385,375,370,10,15
2023,"Okanagan-Similkameen B, Regional district electoral area","5907026","Improved land",385,380,375,5,10
2023,"Okanagan-Similkameen B, Regional district electoral area","5907026","Total",455,450,445,5,10
2023,"Okanagan-Similkameen B, Regional district electoral area","5907026","Vacant",70,70,70,0,0
2023,"Okanagan-Similkameen C, Regional district electoral area","5907028","Improved land",1160,1140,1115,20,45
2023,"Okanagan-Similkameen C, Regional district electoral area","5907028","Total",1470,1445,1415,25,55
2023,"Okanagan-Similkameen C, Regional district electoral area","5907028","Vacant",310,305,300,5,10
2023,"Okanagan-Similkameen D, Regional district electoral area","5907047","Improved land",1740,1710,1680,30,55
2023,"Okanagan-Similkameen D, Regional district electoral area","5907047","Total",1955,1915,1885,40,70
2023,"Okanagan-Similkameen D, Regional district electoral area","5907047","Vacant",215,205,200,10,15
2023,"Okanagan-Similkameen E, Regional district electoral area","5907049","Improved land",1035,1010,990,25,45
2023,"Okanagan-Similkameen E, Regional district electoral area","5907049","Total",1285,1245,1220,40,65
2023,"Okanagan-Similkameen E, Regional district electoral area","5907049","Vacant",250,235,230,15,20
2023,"Okanagan-Similkameen F, Regional district electoral area","5907051","Improved land",780,775,765,5,15
2023,"Okanagan-Similkameen F, Regional district electoral area","5907051","Total",870,865,855,5,15
2023,"Okanagan-Similkameen F, Regional district electoral area","5907051","Vacant",90,90,90,0,0
2023,"Okanagan-Similkameen G, Regional district electoral area","5907053","Improved land",810,785,770,20,35
2023,"Okanagan-Similkameen G, Regional district electoral area","5907053","Total",1440,1410,1395,30,50
2023,"Okanagan-Similkameen G, Regional district electoral area","5907053","Vacant",635,625,625,10,10
2023,"Okanagan-Similkameen H, Regional district electoral area","5907055","Improved land",1900,1825,1750,70,150
2023,"Okanagan-Similkameen H, Regional district electoral area","5907055","Total",2565,2475,2370,90,195
2023,"Okanagan-Similkameen H, Regional district electoral area","5907055","Vacant",665,645,620,20,45
2023,"Okanagan-Similkameen I, Regional district electoral area","5907048","Improved land",1505,1465,1415,45,90
2023,"Okanagan-Similkameen I, Regional district electoral area","5907048","Total",1775,1725,1675,50,100
2023,"Okanagan-Similkameen I, Regional district electoral area","5907048","Vacant",265,260,260,5,5
2023,"Old Crow, Settlement","6001043","Improved land",15,0,0,0,0
2023,"Old Crow, Settlement","6001043","Total",20,0,0,0,0
2023,"Old Crow, Settlement","6001043","Vacant",5,0,0,0,0
2023,"Old Perlican, Town","1001343","Improved land",0,0,0,0,0
2023,"Old Perlican, Town","1001343","Total",575,565,560,10,15
2023,"Old Perlican, Town","1001343","Vacant",0,0,0,0,0
2023,"Oliver Paipoonge, Municipality","3558011","Improved land",2300,2295,2285,15,25
2023,"Oliver Paipoonge, Municipality","3558011","Total",2910,2880,2865,30,45
2023,"Oliver Paipoonge, Municipality","3558011","Vacant",610,595,590,15,20
2023,"Oliver, Town","5907014","Improved land",2140,2110,2085,30,65
2023,"Oliver, Town","5907014","Total",2240,2205,2170,30,65
2023,"Oliver, Town","5907014","Vacant",95,95,95,0,0
2023,"One Hundred Mile House, District municipality","5941005","Improved land",665,645,635,20,30
2023,"One Hundred Mile House, District municipality","5941005","Total",730,710,700,20,30
2023,"One Hundred Mile House, District municipality","5941005","Vacant",65,65,65,0,0
2023,"Ontario","35","Improved land",4796060,4701015,4653935,95065,142125
2023,"Ontario","35","Total",5120610,5013100,4961855,107510,158755
2023,"Ontario","35","Vacant",324550,312095,307920,12455,16630
2023,"Opasatika, Township","3556073","Improved land",125,125,120,0,5
2023,"Opasatika, Township","3556073","Total",255,235,230,20,25
2023,"Opasatika, Township","3556073","Vacant",130,110,110,20,20
2023,"Orangeville, Town","3522014","Improved land",9770,9715,9655,65,115
2023,"Orangeville, Town","3522014","Total",9875,9810,9760,65,115
2023,"Orangeville, Town","3522014","Vacant",105,105,105,0,0
2023,"Orillia, Census agglomeration (CA)","569","Improved land",11380,11270,11160,120,220
2023,"Orillia, Census agglomeration (CA)","569","Total",11865,11750,11640,115,225
2023,"Orillia, Census agglomeration (CA)","569","Vacant",485,480,480,5,5
2023,"Orillia, City","3543052","Improved land",11380,11270,11160,120,220
2023,"Orillia, City","3543052","Total",11865,11750,11640,115,225
2023,"Orillia, City","3543052","Vacant",485,480,480,5,5
2023,"Oro-Medonte, Township","3543023","Improved land",9240,9160,9060,80,180
2023,"Oro-Medonte, Township","3543023","Total",10285,10190,10080,95,205
2023,"Oro-Medonte, Township","3543023","Vacant",1045,1030,1020,15,25
2023,"Oromocto, Town","1303012","Improved land",1940,1925,1890,15,45
2023,"Oromocto, Town","1303012","Total",2040,2025,1990,15,50
2023,"Oromocto, Town","1303012","Vacant",105,105,100,0,5
2023,"Oshawa, Census metropolitan area (CMA)","532","Improved land",131285,130150,129100,1135,2185
2023,"Oshawa, Census metropolitan area (CMA)","532","Total",136595,135430,134345,1165,2250
2023,"Oshawa, Census metropolitan area (CMA)","532","Vacant",5310,5280,5245,30,65
2023,"Oshawa, City","3518013","Improved land",53250,52715,52255,535,995
2023,"Oshawa, City","3518013","Total",55020,54480,54010,540,1010
2023,"Oshawa, City","3518013","Vacant",1770,1760,1755,10,15
2023,"Osoyoos, Town","5907005","Improved land",3270,3210,3145,65,130
2023,"Osoyoos, Town","5907005","Total",3610,3540,3465,70,150
2023,"Osoyoos, Town","5907005","Vacant",335,330,320,5,15
2023,"Otonabee-South Monaghan, Township","3515005","Improved land",2910,2885,2860,30,50
2023,"Otonabee-South Monaghan, Township","3515005","Total",3340,3305,3275,35,65
2023,"Otonabee-South Monaghan, Township","3515005","Vacant",425,420,415,5,10
2023,"Ottawa - Gatineau (Ontario part), Census metropolitan area (CMA)","2021S050535505","Improved land",371975,366385,363240,5585,8730
2023,"Ottawa - Gatineau (Ontario part), Census metropolitan area (CMA)","2021S050535505","Total",387155,381340,378050,5815,9105
2023,"Ottawa - Gatineau (Ontario part), Census metropolitan area (CMA)","2021S050535505","Vacant",15185,14955,14810,230,375
2023,"Ottawa, City","3506008","Improved land",327355,322060,319215,5295,8140
2023,"Ottawa, City","3506008","Total",337060,331615,328670,5445,8390
2023,"Ottawa, City","3506008","Vacant",9705,9555,9460,150,245
2023,"Outside of census metropolitan areas (CMAs) and census agglomerations (CAs), British Columbia","","Improved land",236930,228820,223000,8110,13945
2023,"Outside of census metropolitan areas (CMAs) and census agglomerations (CAs), British Columbia","","Total",328605,317555,310405,11050,18200
2023,"Outside of census metropolitan areas (CMAs) and census agglomerations (CAs), British Columbia","","Vacant",91675,88735,87410,2940,4265
2023,"Outside of census metropolitan areas (CMAs) and census agglomerations (CAs), Manitoba","","Improved land",131690,0,0,0,0
2023,"Outside of census metropolitan areas (CMAs) and census agglomerations (CAs), Manitoba","","Total",163750,0,0,0,0
2023,"Outside of census metropolitan areas (CMAs) and census agglomerations (CAs), Manitoba","","Vacant",32055,0,0,0,0
2023,"Outside of census metropolitan areas (CMAs) and census agglomerations (CAs), New Brunswick","","Improved land",130670,127210,123270,3455,7410
2023,"Outside of census metropolitan areas (CMAs) and census agglomerations (CAs), New Brunswick","","Total",185640,178625,173000,7015,12640
2023,"Outside of census metropolitan areas (CMAs) and census agglomerations (CAs), New Brunswick","","Vacant",54970,51410,49740,3560,5230
2023,"Outside of census metropolitan areas (CMAs) and census agglomerations (CAs), Newfoundland and Labrador","","Improved land",0,0,0,0,0
2023,"Outside of census metropolitan areas (CMAs) and census agglomerations (CAs), Newfoundland and Labrador","","Total",0,0,0,0,0
2023,"Outside of census metropolitan areas (CMAs) and census agglomerations (CAs), Newfoundland and Labrador","","Vacant",0,0,0,0,0
2023,"Outside of census metropolitan areas (CMAs) and census agglomerations (CAs), Nova Scotia","","Improved land",149455,143510,140195,5940,9240
2023,"Outside of census metropolitan areas (CMAs) and census agglomerations (CAs), Nova Scotia","","Total",191215,181555,176980,9660,14235
2023,"Outside of census metropolitan areas (CMAs) and census agglomerations (CAs), Nova Scotia","","Vacant",41765,38045,36775,3720,4990
2023,"Outside of census metropolitan areas (CMAs) and census agglomerations (CAs), Nunavut","","Improved land",0,0,0,0,0
2023,"Outside of census metropolitan areas (CMAs) and census agglomerations (CAs), Nunavut","","Total",10785,10610,10465,175,320
2023,"Outside of census metropolitan areas (CMAs) and census agglomerations (CAs), Nunavut","","Vacant",0,0,0,0,0
2023,"Outside of census metropolitan areas (CMAs) and census agglomerations (CAs), Ontario","","Improved land",690110,671335,663310,18790,26805
2023,"Outside of census metropolitan areas (CMAs) and census agglomerations (CAs), Ontario","","Total",864610,836265,825325,28345,39285
2023,"Outside of census metropolitan areas (CMAs) and census agglomerations (CAs), Ontario","","Vacant",174500,164945,162015,9555,12485
2023,"Outside of census metropolitan areas (CMAs) and census agglomerations (CAs), Prince Edward Island","","Improved land",30685,29165,28315,1520,2370
2023,"Outside of census metropolitan areas (CMAs) and census agglomerations (CAs), Prince Edward Island","","Total",33635,31955,31020,1680,2615
2023,"Outside of census metropolitan areas (CMAs) and census agglomerations (CAs), Prince Edward Island","","Vacant",2950,2790,2705,160,245
2023,"Outside of census metropolitan areas (CMAs) and census agglomerations (CAs), Yukon","","Improved land",3985,0,0,0,0
2023,"Outside of census metropolitan areas (CMAs) and census agglomerations (CAs), Yukon","","Total",7260,0,0,0,0
2023,"Outside of census metropolitan areas (CMAs) and census agglomerations (CAs), Yukon","","Vacant",3280,0,0,0,0
2023,"Owen Sound, Census agglomeration (CA)","566","Improved land",12080,11985,11895,105,175
2023,"Owen Sound, Census agglomeration (CA)","566","Total",13470,13345,13250,125,220
2023,"Owen Sound, Census agglomeration (CA)","566","Vacant",1390,1370,1350,20,40
2023,"Owen Sound, City","3542059","Improved land",7030,6985,6940,50,90
2023,"Owen Sound, City","3542059","Total",7315,7265,7220,50,95
2023,"Owen Sound, City","3542059","Vacant",285,285,280,0,5
2023,"Oxford, Town","1211012","Improved land",555,550,530,10,20
2023,"Oxford, Town","1211012","Total",670,660,640,10,30
2023,"Oxford, Town","1211012","Vacant",120,120,110,0,10
2023,"Pacquet, Town","1008078","Improved land",0,0,0,0,0
2023,"Pacquet, Town","1008078","Total",110,110,110,0,0
2023,"Pacquet, Town","1008078","Vacant",0,0,0,0,0
2023,"Pangnirtung, Hamlet","6204009","Improved land",0,0,0,0,0
2023,"Pangnirtung, Hamlet","6204009","Total",490,480,470,10,20
2023,"Pangnirtung, Hamlet","6204009","Vacant",0,0,0,0,0
2023,"Papineau-Cameron, Township","3548013","Improved land",525,510,505,15,20
2023,"Papineau-Cameron, Township","3548013","Total",820,790,785,30,35
2023,"Papineau-Cameron, Township","3548013","Vacant",295,280,280,15,15
2023,"Paquetville, Parish","1315019","Improved land",1080,1070,1045,10,35
2023,"Paquetville, Parish","1315019","Total",1480,1450,1420,30,60
2023,"Paquetville, Parish","1315019","Vacant",400,380,375,20,25
2023,"Paquetville, Village","1315020","Improved land",285,275,265,10,15
2023,"Paquetville, Village","1315020","Total",375,365,360,10,15
2023,"Paquetville, Village","1315020","Vacant",90,90,90,0,0
2023,"Paradise, Town","1001517","Improved land",0,0,0,0,0
2023,"Paradise, Town","1001517","Total",8860,8650,8290,210,570
2023,"Paradise, Town","1001517","Vacant",0,0,0,0,0
2023,"Parkers Cove, Town","1002034","Improved land",0,0,0,0,0
2023,"Parkers Cove, Town","1002034","Total",140,140,135,0,5
2023,"Parkers Cove, Town","1002034","Vacant",0,0,0,0,0
2023,"Parksville, Census agglomeration (CA)","939","Improved land",13850,13685,13515,155,320
2023,"Parksville, Census agglomeration (CA)","939","Total",14180,14015,13850,165,330
2023,"Parksville, Census agglomeration (CA)","939","Vacant",340,330,330,10,10
2023,"Parksville, City","5921018","Improved land",5845,5785,5725,60,130
2023,"Parksville, City","5921018","Total",5940,5880,5810,60,130
2023,"Parksville, City","5921018","Vacant",95,95,95,0,0
2023,"Parry Sound, Town","3549032","Improved land",2375,2350,2330,25,45
2023,"Parry Sound, Town","3549032","Total",2685,2655,2635,30,50
2023,"Parry Sound, Town","3549032","Vacant",310,305,305,5,5
2023,"Parry Sound, Unorganized, Centre Part, Unorganized","3549096","Improved land",3660,3430,3340,230,335
2023,"Parry Sound, Unorganized, Centre Part, Unorganized","3549096","Total",5185,4850,4710,335,475
2023,"Parry Sound, Unorganized, Centre Part, Unorganized","3549096","Vacant",1520,1420,1380,100,140
2023,"Parson's Pond, Town","1009017","Improved land",0,0,0,0,0
2023,"Parson's Pond, Town","1009017","Total",310,290,285,20,25
2023,"Parson's Pond, Town","1009017","Vacant",0,0,0,0,0
2023,"Pasadena, Town","1005012","Improved land",0,0,0,0,0
2023,"Pasadena, Town","1005012","Total",1730,1690,1655,40,75
2023,"Pasadena, Town","1005012","Vacant",0,0,0,0,0
2023,"Peace River B, Regional district electoral area","5955040","Improved land",1485,1450,1425,35,60
2023,"Peace River B, Regional district electoral area","5955040","Total",2370,2300,2255,70,115
2023,"Peace River B, Regional district electoral area","5955040","Vacant",885,850,830,35,55
2023,"Peace River C, Regional district electoral area","5955042","Improved land",2115,2070,2050,45,65
2023,"Peace River C, Regional district electoral area","5955042","Total",2345,2300,2275,45,70
2023,"Peace River C, Regional district electoral area","5955042","Vacant",230,230,225,0,5
2023,"Peace River D, Regional district electoral area","5955021","Improved land",2115,2045,2015,70,100
2023,"Peace River D, Regional district electoral area","5955021","Total",2645,2550,2515,95,130
2023,"Peace River D, Regional district electoral area","5955021","Vacant",530,505,500,25,30
2023,"Peace River E, Regional district electoral area","5955023","Improved land",1180,1145,1125,35,55
2023,"Peace River E, Regional district electoral area","5955023","Total",1735,1675,1645,60,90
2023,"Peace River E, Regional district electoral area","5955023","Vacant",555,530,520,25,35
2023,"Peachland, District municipality","5935018","Improved land",2490,2445,2420,50,70
2023,"Peachland, District municipality","5935018","Total",2650,2595,2570,55,80
2023,"Peachland, District municipality","5935018","Vacant",160,155,150,5,10
2023,"Peel, Parish","1311024","Improved land",470,460,445,10,25
2023,"Peel, Parish","1311024","Total",635,625,605,10,30
2023,"Peel, Parish","1311024","Vacant",165,165,160,0,5
2023,"Pelee, Township","3537001","Improved land",405,270,265,135,140
2023,"Pelee, Township","3537001","Total",730,480,475,250,255
2023,"Pelee, Township","3537001","Vacant",325,210,210,115,115
2023,"Pelham, Town","3526028","Improved land",6805,6775,6750,30,60
2023,"Pelham, Town","3526028","Total",7340,7295,7260,45,80
2023,"Pelham, Town","3526028","Vacant",530,515,510,15,20
2023,"Pelly Crossing, Settlement","6001041","Improved land",25,0,0,0,0
2023,"Pelly Crossing, Settlement","6001041","Total",40,0,0,0,0
2023,"Pelly Crossing, Settlement","6001041","Vacant",15,0,0,0,0
2023,"Pemberton, Village","5931012","Improved land",1175,1135,1110,40,70
2023,"Pemberton, Village","5931012","Total",1320,1275,1240,45,80
2023,"Pemberton, Village","5931012","Vacant",140,135,130,5,10
2023,"Pembina, Municipality","4604034","Improved land",1005,0,0,0,0
2023,"Pembina, Municipality","4604034","Total",1155,0,0,0,0
2023,"Pembina, Municipality","4604034","Vacant",155,0,0,0,0
2023,"Pembroke, Census agglomeration (CA)","515","Improved land",8560,8515,8480,45,80
2023,"Pembroke, Census agglomeration (CA)","515","Total",9380,9315,9270,65,105
2023,"Pembroke, Census agglomeration (CA)","515","Vacant",820,800,790,20,30
2023,"Pembroke, City","3547064","Improved land",4775,4750,4730,25,45
2023,"Pembroke, City","3547064","Total",5015,4990,4965,25,50
2023,"Pembroke, City","3547064","Vacant",240,240,235,0,5
2023,"Penetanguishene, Town","3543072","Improved land",3420,3395,3375,25,45
2023,"Penetanguishene, Town","3543072","Total",3725,3695,3675,30,50
2023,"Penetanguishene, Town","3543072","Vacant",305,300,300,5,5
2023,"Pennfield, Parish","1302011","Improved land",1005,980,955,40,50
2023,"Pennfield, Parish","1302011","Total",1350,1285,1255,65,95
2023,"Pennfield, Parish","1302011","Vacant",345,315,300,30,45
2023,"Penticton, Census agglomeration (CA)","913","Improved land",17765,17475,17175,295,590
2023,"Penticton, Census agglomeration (CA)","913","Total",18705,18395,18085,315,620
2023,"Penticton, Census agglomeration (CA)","913","Vacant",940,920,910,20,30
2023,"Penticton, City","5907041","Improved land",13745,13520,13320,215,425
2023,"Penticton, City","5907041","Total",14105,13885,13670,220,435
2023,"Penticton, City","5907041","Vacant",370,365,360,5,10
2023,"Perry, Township","3549014","Improved land",1630,1610,1595,20,35
2023,"Perry, Township","3549014","Total",2265,2215,2190,50,85
2023,"Perry, Township","3549014","Vacant",635,605,595,30,40
2023,"Perth East, Township","3531030","Improved land",3835,3815,3795,20,40
2023,"Perth East, Township","3531030","Total",4050,4030,4010,20,40
2023,"Perth East, Township","3531030","Vacant",215,215,215,0,0
2023,"Perth South, Township","3531013","Improved land",1420,1415,1410,5,10
2023,"Perth South, Township","3531013","Total",1470,1465,1460,5,10
2023,"Perth South, Township","3531013","Vacant",50,50,50,0,0
2023,"Perth, Parish","1312004","Improved land",615,585,565,30,50
2023,"Perth, Parish","1312004","Total",900,860,830,40,70
2023,"Perth, Parish","1312004","Vacant",285,275,265,10,20
2023,"Perth, Town","3509021","Improved land",2355,2330,2315,20,35
2023,"Perth, Town","3509021","Total",2450,2425,2410,25,40
2023,"Perth, Town","3509021","Vacant",100,95,95,5,5
2023,"Perth-Andover, Village","1312006","Improved land",570,555,550,15,25
2023,"Perth-Andover, Village","1312006","Total",865,845,830,20,35
2023,"Perth-Andover, Village","1312006","Vacant",290,285,280,5,10
2023,"Petawawa, Census agglomeration (CA)","516","Improved land",5010,4970,4935,40,75
2023,"Petawawa, Census agglomeration (CA)","516","Total",5370,5325,5290,45,85
2023,"Petawawa, Census agglomeration (CA)","516","Vacant",360,355,350,5,10
2023,"Petawawa, Town","3547076","Improved land",5010,4970,4935,40,75
2023,"Petawawa, Town","3547076","Total",5370,5325,5290,45,85
2023,"Petawawa, Town","3547076","Vacant",360,355,350,5,10
2023,"Peterborough, Census metropolitan area (CMA)","529","Improved land",45615,45090,44770,525,850
2023,"Peterborough, Census metropolitan area (CMA)","529","Total",48720,48135,47785,585,935
2023,"Peterborough, Census metropolitan area (CMA)","529","Vacant",3100,3045,3015,55,85
2023,"Peterborough, City","3515014","Improved land",27050,26800,26625,255,425
2023,"Peterborough, City","3515014","Total",28010,27755,27575,255,435
2023,"Peterborough, City","3515014","Vacant",960,955,950,5,10
2023,"Petersville, Parish","1304001","Improved land",335,325,325,10,15
2023,"Petersville, Parish","1304001","Total",470,455,445,15,25
2023,"Petersville, Parish","1304001","Vacant",135,130,130,5,5
2023,"Peterview, Town","1006021","Improved land",0,0,0,0,0
2023,"Peterview, Town","1006021","Total",310,310,310,0,0
2023,"Peterview, Town","1006021","Vacant",0,0,0,0,0
2023,"Petit-Rocher, Village","1315014","Improved land",715,710,690,5,25
2023,"Petit-Rocher, Village","1315014","Total",845,840,815,5,30
2023,"Petit-Rocher, Village","1315014","Vacant",130,130,125,0,5
2023,"Petitcodiac, Village","1307029","Improved land",560,545,535,5,15
2023,"Petitcodiac, Village","1307029","Total",645,640,630,5,15
2023,"Petitcodiac, Village","1307029","Vacant",95,95,95,0,0
2023,"Petrolia, Town","3538019","Improved land",2200,2185,2175,10,25
2023,"Petrolia, Town","3538019","Total",2280,2265,2250,15,30
2023,"Petrolia, Town","3538019","Vacant",80,75,75,5,5
2023,"Petty Harbour-Maddox Cove, Town","1001551","Improved land",0,0,0,0,0
2023,"Petty Harbour-Maddox Cove, Town","1001551","Total",520,505,495,20,25
2023,"Petty Harbour-Maddox Cove, Town","1001551","Vacant",0,0,0,0,0
2023,"Pickering, City","3518001","Improved land",32230,31935,31650,295,580
2023,"Pickering, City","3518001","Total",34245,33945,33655,300,590
2023,"Pickering, City","3518001","Vacant",2015,2010,2005,5,10
2023,"Pickle Lake, Township","3560049","Improved land",220,190,185,25,30
2023,"Pickle Lake, Township","3560049","Total",365,330,325,35,40
2023,"Pickle Lake, Township","3560049","Vacant",150,140,140,10,10
2023,"Pictou, Subd. A, Subdivision of county municipality","1212001","Improved land",3970,3850,3750,120,220
2023,"Pictou, Subd. A, Subdivision of county municipality","1212001","Total",4795,4625,4500,165,295
2023,"Pictou, Subd. A, Subdivision of county municipality","1212001","Vacant",825,775,750,50,75
2023,"Pictou, Subd. B, Subdivision of county municipality","1212006","Improved land",2610,2580,2520,30,90
2023,"Pictou, Subd. B, Subdivision of county municipality","1212006","Total",3090,3040,2975,50,110
2023,"Pictou, Subd. B, Subdivision of county municipality","1212006","Vacant",480,460,455,20,25
2023,"Pictou, Subd. C, Subdivision of county municipality","1212011","Improved land",4650,4530,4410,120,240
2023,"Pictou, Subd. C, Subdivision of county municipality","1212011","Total",5880,5695,5530,185,350
2023,"Pictou, Subd. C, Subdivision of county municipality","1212011","Vacant",1230,1165,1120,65,110
2023,"Pictou, Town","1212004","Improved land",1325,1295,1275,40,50
2023,"Pictou, Town","1212004","Total",1570,1530,1500,40,70
2023,"Pictou, Town","1212004","Vacant",245,235,225,10,20
2023,"Pilley's Island, Town","1008053","Improved land",0,0,0,0,0
2023,"Pilley's Island, Town","1008053","Total",215,205,205,10,10
2023,"Pilley's Island, Town","1008053","Vacant",0,0,0,0,0
2023,"Pinawa, Local government district","4601051","Improved land",740,0,0,0,0
2023,"Pinawa, Local government district","4601051","Total",1050,0,0,0,0
2023,"Pinawa, Local government district","4601051","Vacant",310,0,0,0,0
2023,"Piney, Rural municipality","4601039","Improved land",1245,0,0,0,0
2023,"Piney, Rural municipality","4601039","Total",1770,0,0,0,0
2023,"Piney, Rural municipality","4601039","Vacant",525,0,0,0,0
2023,"Pipestone, Rural municipality","4606023","Improved land",650,0,0,0,0
2023,"Pipestone, Rural municipality","4606023","Total",885,0,0,0,0
2023,"Pipestone, Rural municipality","4606023","Vacant",235,0,0,0,0
2023,"Pitt Meadows, City","5915070","Improved land",6470,6415,6345,60,130
2023,"Pitt Meadows, City","5915070","Total",6555,6495,6425,60,130
2023,"Pitt Meadows, City","5915070","Vacant",85,85,85,0,0
2023,"Placentia, Town","1001240","Improved land",0,0,0,0,0
2023,"Placentia, Town","1001240","Total",2120,2045,2015,75,115
2023,"Placentia, Town","1001240","Vacant",0,0,0,0,0
2023,"Plaster Rock, Village","1312009","Improved land",435,425,415,10,20
2023,"Plaster Rock, Village","1312009","Total",580,570,555,10,25
2023,"Plaster Rock, Village","1312009","Vacant",145,145,140,0,5
2023,"Plummer Additional, Township","3557019","Improved land",530,480,475,50,55
2023,"Plummer Additional, Township","3557019","Total",825,730,720,95,105
2023,"Plummer Additional, Township","3557019","Vacant",295,250,245,45,50
2023,"Plympton-Wyoming, Town","3538035","Improved land",3485,3390,3365,100,120
2023,"Plympton-Wyoming, Town","3538035","Total",4125,4015,3990,110,135
2023,"Plympton-Wyoming, Town","3538035","Vacant",640,630,625,10,15
2023,"Point Edward, Village","3538031","Improved land",930,920,915,10,15
2023,"Point Edward, Village","3538031","Total",960,950,940,10,15
2023,"Point Edward, Village","3538031","Vacant",30,30,25,0,5
2023,"Point Leamington, Town","1008049","Improved land",0,0,0,0,0
2023,"Point Leamington, Town","1008049","Total",380,370,365,10,15
2023,"Point Leamington, Town","1008049","Vacant",0,0,0,0,0
2023,"Point May, Town","1002014","Improved land",0,0,0,0,0
2023,"Point May, Town","1002014","Total",135,135,130,0,5
2023,"Point May, Town","1002014","Vacant",0,0,0,0,0
2023,"Point of Bay, Town","1008047","Improved land",0,0,0,0,0
2023,"Point of Bay, Town","1008047","Total",130,120,120,10,10
2023,"Point of Bay, Town","1008047","Vacant",0,0,0,0,0
2023,"Pointe-Verte, Village","1315013","Improved land",445,440,425,5,20
2023,"Pointe-Verte, Village","1315013","Total",585,570,545,15,40
2023,"Pointe-Verte, Village","1315013","Vacant",140,130,120,10,20
2023,"Pond Inlet, Hamlet","6204020","Improved land",0,0,0,0,0
2023,"Pond Inlet, Hamlet","6204020","Total",640,635,630,5,10
2023,"Pond Inlet, Hamlet","6204020","Vacant",0,0,0,0,0
2023,"Pool's Cove, Town","1003005","Improved land",0,0,0,0,0
2023,"Pool's Cove, Town","1003005","Total",110,105,105,5,5
2023,"Pool's Cove, Town","1003005","Vacant",0,0,0,0,0
2023,"Port Alberni, Census agglomeration (CA)","940","Improved land",9865,9720,9540,135,320
2023,"Port Alberni, Census agglomeration (CA)","940","Total",10560,10410,10215,150,345
2023,"Port Alberni, Census agglomeration (CA)","940","Vacant",700,685,670,15,30
2023,"Port Alberni, City","5923008","Improved land",6965,6875,6765,90,200
2023,"Port Alberni, City","5923008","Total",7235,7140,7025,95,210
2023,"Port Alberni, City","5923008","Vacant",270,265,260,5,10
2023,"Port Alice, Village","5943017","Improved land",440,415,395,25,40
2023,"Port Alice, Village","5943017","Total",480,455,440,25,40
2023,"Port Alice, Village","5943017","Vacant",40,40,40,0,0
2023,"Port Anson, Town","1008062","Improved land",0,0,0,0,0
2023,"Port Anson, Town","1008062","Total",115,110,105,5,5
2023,"Port Anson, Town","1008062","Vacant",0,0,0,0,0
2023,"Port Blandford, Town","1007036","Improved land",0,0,0,0,0
2023,"Port Blandford, Town","1007036","Total",520,505,500,20,25
2023,"Port Blandford, Town","1007036","Vacant",0,0,0,0,0
2023,"Port Clements, Village","5947030","Improved land",190,185,180,10,15
2023,"Port Clements, Village","5947030","Total",305,305,290,5,15
2023,"Port Clements, Village","5947030","Vacant",110,110,110,0,0
2023,"Port Colborne, City","3526011","Improved land",7375,7120,7070,255,305
2023,"Port Colborne, City","3526011","Total",8105,7820,7765,285,340
2023,"Port Colborne, City","3526011","Vacant",725,695,690,30,35
2023,"Port Coquitlam, City","5915039","Improved land",20750,20395,20120,345,620
2023,"Port Coquitlam, City","5915039","Total",20820,20475,20200,345,620
2023,"Port Coquitlam, City","5915039","Vacant",80,80,80,0,0
2023,"Port Edward, District municipality","5947007","Improved land",200,195,195,5,5
2023,"Port Edward, District municipality","5947007","Total",1070,1055,1050,15,20
2023,"Port Edward, District municipality","5947007","Vacant",870,860,855,10,15
2023,"Port Elgin, Village","1307002","Improved land",175,165,160,10,15
2023,"Port Elgin, Village","1307002","Total",250,235,230,15,20
2023,"Port Elgin, Village","1307002","Vacant",75,70,70,5,5
2023,"Port Hardy, District municipality","5943023","Improved land",1390,1380,1360,25,40
2023,"Port Hardy, District municipality","5943023","Total",1570,1540,1525,30,45
2023,"Port Hardy, District municipality","5943023","Vacant",175,170,170,5,5
2023,"Port Hawkesbury, Town","1215002","Improved land",990,970,950,20,40
2023,"Port Hawkesbury, Town","1215002","Total",1135,1110,1085,25,50
2023,"Port Hawkesbury, Town","1215002","Vacant",145,140,135,5,10
2023,"Port Hope Simpson, Town","1010009","Improved land",0,0,0,0,0
2023,"Port Hope Simpson, Town","1010009","Total",210,205,200,5,10
2023,"Port Hope Simpson, Town","1010009","Vacant",0,0,0,0,0
2023,"Port Hope, Census agglomeration (CA)","528","Improved land",6455,6420,6385,35,70
2023,"Port Hope, Census agglomeration (CA)","528","Total",7145,7095,7055,50,90
2023,"Port Hope, Census agglomeration (CA)","528","Vacant",690,675,670,15,20
2023,"Port Hope, Municipality","3514020","Improved land",6455,6420,6385,35,70
2023,"Port Hope, Municipality","3514020","Total",7145,7095,7055,50,90
2023,"Port Hope, Municipality","3514020","Vacant",690,675,670,15,20
2023,"Port Kirwan, Town","1001140","Improved land",0,0,0,0,0
2023,"Port Kirwan, Town","1001140","Total",75,65,65,10,10
2023,"Port Kirwan, Town","1001140","Vacant",0,0,0,0,0
2023,"Port McNeill, Town","5943012","Improved land",820,810,800,10,20
2023,"Port McNeill, Town","5943012","Total",870,860,850,10,20
2023,"Port McNeill, Town","5943012","Vacant",50,50,50,0,0
2023,"Port Moody, City","5915043","Improved land",12685,12310,12095,375,590
2023,"Port Moody, City","5915043","Total",12880,12505,12290,375,590
2023,"Port Moody, City","5915043","Vacant",195,195,195,0,0
2023,"Port Rexton, Town","1007016","Improved land",0,0,0,0,0
2023,"Port Rexton, Town","1007016","Total",400,380,370,25,30
2023,"Port Rexton, Town","1007016","Vacant",0,0,0,0,0
2023,"Port Saunders, Town","1009019","Improved land",0,0,0,0,0
2023,"Port Saunders, Town","1009019","Total",390,380,365,10,25
2023,"Port Saunders, Town","1009019","Vacant",0,0,0,0,0
2023,"Port au Choix, Town","1009022","Improved land",0,0,0,0,0
2023,"Port au Choix, Town","1009022","Total",445,440,430,5,15
2023,"Port au Choix, Town","1009022","Vacant",0,0,0,0,0
2023,"Port au Port East, Town","1004021","Improved land",0,0,0,0,0
2023,"Port au Port East, Town","1004021","Total",370,350,350,20,20
2023,"Port au Port East, Town","1004021","Vacant",0,0,0,0,0
2023,"Port au Port West-Aguathuna-Felix Cove, Town","1004042","Improved land",0,0,0,0,0
2023,"Port au Port West-Aguathuna-Felix Cove, Town","1004042","Total",355,325,320,20,25
2023,"Port au Port West-Aguathuna-Felix Cove, Town","1004042","Vacant",0,0,0,0,0
2023,"Portage la Prairie, Census agglomeration (CA)","607","Improved land",4475,0,0,0,0
2023,"Portage la Prairie, Census agglomeration (CA)","607","Total",4775,0,0,0,0
2023,"Portage la Prairie, Census agglomeration (CA)","607","Vacant",300,0,0,0,0
2023,"Portage la Prairie, City","4609029","Improved land",4475,0,0,0,0
2023,"Portage la Prairie, City","4609029","Total",4775,0,0,0,0
2023,"Portage la Prairie, City","4609029","Vacant",300,0,0,0,0
2023,"Portage la Prairie, Rural municipality","4609024","Improved land",2265,0,0,0,0
2023,"Portage la Prairie, Rural municipality","4609024","Total",2615,0,0,0,0
2023,"Portage la Prairie, Rural municipality","4609024","Vacant",350,0,0,0,0
2023,"Portugal Cove South, Town","1001105","Improved land",0,0,0,0,0
2023,"Portugal Cove South, Town","1001105","Total",155,145,145,10,10
2023,"Portugal Cove South, Town","1001105","Vacant",0,0,0,0,0
2023,"Portugal Cove-St. Philip's, Town","1001504","Improved land",0,0,0,0,0
2023,"Portugal Cove-St. Philip's, Town","1001504","Total",4140,4030,3905,110,235
2023,"Portugal Cove-St. Philip's, Town","1001504","Vacant",0,0,0,0,0
2023,"Pouce Coupe, Village","5955005","Improved land",330,320,320,10,10
2023,"Pouce Coupe, Village","5955005","Total",420,410,410,10,10
2023,"Pouce Coupe, Village","5955005","Vacant",90,90,90,0,0
2023,"Pouch Cove, Town","1001505","Improved land",0,0,0,0,0
2023,"Pouch Cove, Town","1001505","Total",1230,1190,1145,40,80
2023,"Pouch Cove, Town","1001505","Vacant",0,0,0,0,0
2023,"Powassan, Municipality","3549060","Improved land",1345,1330,1315,25,30
2023,"Powassan, Municipality","3549060","Total",1800,1770,1750,30,50
2023,"Powassan, Municipality","3549060","Vacant",455,440,435,15,20
2023,"Powell River, Census agglomeration (CA)","945","Improved land",6885,6790,6695,95,190
2023,"Powell River, Census agglomeration (CA)","945","Total",7350,7240,7140,110,210
2023,"Powell River, Census agglomeration (CA)","945","Vacant",465,450,445,15,20
2023,"Powell River, City","5927008","Improved land",5375,5305,5245,70,130
2023,"Powell River, City","5927008","Total",5695,5615,5550,80,140
2023,"Powell River, City","5927008","Vacant",320,310,305,10,15
2023,"Powerview-Pine Falls, Town","4601075","Improved land",480,0,0,0,0
2023,"Powerview-Pine Falls, Town","4601075","Total",555,0,0,0,0
2023,"Powerview-Pine Falls, Town","4601075","Vacant",85,0,0,0,0
2023,"Prairie Lakes, Rural municipality","4605071","Improved land",955,0,0,0,0
2023,"Prairie Lakes, Rural municipality","4605071","Total",1400,0,0,0,0
2023,"Prairie Lakes, Rural municipality","4605071","Vacant",445,0,0,0,0
2023,"Prairie View, Municipality","4615056","Improved land",920,0,0,0,0
2023,"Prairie View, Municipality","4615056","Total",1290,0,0,0,0
2023,"Prairie View, Municipality","4615056","Vacant",365,0,0,0,0
2023,"Prescott, Town","3507008","Improved land",1555,1540,1530,15,30
2023,"Prescott, Town","3507008","Total",1615,1600,1585,15,30
2023,"Prescott, Town","3507008","Vacant",55,55,55,0,0
2023,"Prince Edward County, City","3513020","Improved land",12455,12245,12130,210,325
2023,"Prince Edward County, City","3513020","Total",14630,14345,14200,285,430
2023,"Prince Edward County, City","3513020","Vacant",2175,2100,2070,75,105
2023,"Prince Edward Island","11","Improved land",63775,61290,59595,2485,4180
2023,"Prince Edward Island","11","Total",68040,65350,63530,2700,4515
2023,"Prince Edward Island","11","Vacant",4265,4055,3930,210,335
2023,"Prince George, Census agglomeration (CA)","970","Improved land",30995,30705,30420,295,580
2023,"Prince George, Census agglomeration (CA)","970","Total",36820,36455,36140,370,680
2023,"Prince George, Census agglomeration (CA)","970","Vacant",5825,5750,5720,75,105
2023,"Prince George, City","5953023","Improved land",25470,25245,25040,230,435
2023,"Prince George, City","5953023","Total",27280,27030,26815,250,465
2023,"Prince George, City","5953023","Vacant",1805,1785,1775,20,30
2023,"Prince Rupert, Census agglomeration (CA)","955","Improved land",4415,4315,4260,95,150
2023,"Prince Rupert, Census agglomeration (CA)","955","Total",6945,6805,6730,140,215
2023,"Prince Rupert, Census agglomeration (CA)","955","Vacant",2535,2490,2470,45,65
2023,"Prince Rupert, City","5947012","Improved land",4150,4065,4015,85,140
2023,"Prince Rupert, City","5947012","Total",5655,5555,5495,100,160
2023,"Prince Rupert, City","5947012","Vacant",1505,1490,1480,15,25
2023,"Prince William, Parish","1310016","Improved land",740,720,680,20,60
2023,"Prince William, Parish","1310016","Total",1065,1025,975,40,90
2023,"Prince William, Parish","1310016","Vacant",325,305,295,20,30
2023,"Prince, Township","3557066","Improved land",490,480,480,10,10
2023,"Prince, Township","3557066","Total",715,690,685,25,30
2023,"Prince, Township","3557066","Vacant",225,210,205,15,20
2023,"Princeton, Town","5907024","Improved land",1185,1155,1130,30,55
2023,"Princeton, Town","5907024","Total",1450,1415,1385,35,65
2023,"Princeton, Town","5907024","Vacant",265,260,255,5,10
2023,"Puslinch, Township","3523001","Improved land",2830,2810,2785,20,40
2023,"Puslinch, Township","3523001","Total",3155,3125,3100,30,50
2023,"Puslinch, Township","3523001","Vacant",325,315,315,10,10
2023,"Qikiqtarjuaq, Hamlet","6204010","Improved land",0,0,0,0,0
2023,"Qikiqtarjuaq, Hamlet","6204010","Total",445,445,445,0,0
2023,"Qikiqtarjuaq, Hamlet","6204010","Vacant",0,0,0,0,0
2023,"Qualicum Beach, Town","5921023","Improved land",4400,4335,4290,65,115
2023,"Qualicum Beach, Town","5921023","Total",4540,4470,4420,70,120
2023,"Qualicum Beach, Town","5921023","Vacant",140,135,135,5,5
2023,"Queen Charlotte, Village","5947026","Improved land",390,365,365,25,25
2023,"Queen Charlotte, Village","5947026","Total",620,585,585,35,35
2023,"Queen Charlotte, Village","5947026","Vacant",230,220,220,10,10
2023,"Queens, Regional municipality","1204010","Improved land",6495,6125,5965,365,530
2023,"Queens, Regional municipality","1204010","Total",8400,7825,7625,575,775
2023,"Queens, Regional municipality","1204010","Vacant",1905,1700,1660,205,245
2023,"Queensbury, Parish","1310021","Improved land",645,625,600,20,45
2023,"Queensbury, Parish","1310021","Total",935,910,870,25,65
2023,"Queensbury, Parish","1310021","Vacant",290,285,270,5,20
2023,"Quesnel, Census agglomeration (CA)","952","Improved land",8765,8610,8500,150,255
2023,"Quesnel, Census agglomeration (CA)","952","Total",11995,11770,11625,225,370
2023,"Quesnel, Census agglomeration (CA)","952","Vacant",3240,3165,3125,75,115
2023,"Quesnel, City","5941013","Improved land",3275,3240,3210,35,65
2023,"Quesnel, City","5941013","Total",3680,3635,3600,45,90
2023,"Quesnel, City","5941013","Vacant",405,395,390,10,15
2023,"Quinte West, City","3512015","Improved land",15485,15345,15235,145,260
2023,"Quinte West, City","3512015","Total",16910,16745,16620,165,290
2023,"Quinte West, City","3512015","Vacant",1420,1400,1385,20,35
2023,"Quispamsis, Town","1305057","Improved land",6255,6220,6145,40,110
2023,"Quispamsis, Town","1305057","Total",6925,6875,6800,50,125
2023,"Quispamsis, Town","1305057","Vacant",670,660,655,10,15
2023,"Radium Hot Springs, Village","5901040","Improved land",1325,1300,1215,30,115
2023,"Radium Hot Springs, Village","5901040","Total",1545,1510,1420,35,125
2023,"Radium Hot Springs, Village","5901040","Vacant",215,210,205,5,10
2023,"Rainy River, Town","3559042","Improved land",385,375,370,10,15
2023,"Rainy River, Town","3559042","Total",580,565,560,15,20
2023,"Rainy River, Town","3559042","Vacant",195,190,190,5,5
2023,"Rainy River, Unorganized, Unorganized","3559090","Improved land",2560,1650,1590,910,970
2023,"Rainy River, Unorganized, Unorganized","3559090","Total",3900,2710,2625,1190,1275
2023,"Rainy River, Unorganized, Unorganized","3559090","Vacant",1340,1060,1035,280,305
2023,"Raleigh, Town","1009035","Improved land",0,0,0,0,0
2023,"Raleigh, Town","1009035","Total",150,140,140,10,10
2023,"Raleigh, Town","1009035","Vacant",0,0,0,0,0
2023,"Ramara, Township","3543019","Improved land",6220,6105,6030,115,185
2023,"Ramara, Township","3543019","Total",7360,7225,7140,135,220
2023,"Ramara, Township","3543019","Vacant",1145,1125,1110,20,35
2023,"Ramea, Town","1003026","Improved land",0,0,0,0,0
2023,"Ramea, Town","1003026","Total",320,315,310,5,10
2023,"Ramea, Town","1003026","Vacant",0,0,0,0,0
2023,"Rankin Inlet, Hamlet","6205017","Improved land",0,0,0,0,0
2023,"Rankin Inlet, Hamlet","6205017","Total",795,775,750,20,45
2023,"Rankin Inlet, Hamlet","6205017","Vacant",0,0,0,0,0
2023,"Red Bay, Town","1010003","Improved land",0,0,0,0,0
2023,"Red Bay, Town","1010003","Total",105,105,105,0,0
2023,"Red Bay, Town","1010003","Vacant",0,0,0,0,0
2023,"Red Harbour, Town","1002037","Improved land",0,0,0,0,0
2023,"Red Harbour, Town","1002037","Total",95,90,90,5,5
2023,"Red Harbour, Town","1002037","Vacant",0,0,0,0,0
2023,"Red Lake, Municipality","3560042","Improved land",1730,1675,1665,60,70
2023,"Red Lake, Municipality","3560042","Total",2250,2150,2135,100,115
2023,"Red Lake, Municipality","3560042","Vacant",515,475,470,40,45
2023,"Red Rock, Township","3558041","Improved land",415,410,405,5,10
2023,"Red Rock, Township","3558041","Total",575,565,560,10,15
2023,"Red Rock, Township","3558041","Vacant",160,155,155,5,5
2023,"Reidville, Town","1005009","Improved land",0,0,0,0,0
2023,"Reidville, Town","1005009","Total",365,350,345,15,20
2023,"Reidville, Town","1005009","Vacant",0,0,0,0,0
2023,"Renfrew, Town","3547048","Improved land",3115,3100,3080,15,30
2023,"Renfrew, Town","3547048","Total",3270,3250,3230,20,40
2023,"Renfrew, Town","3547048","Vacant",155,150,150,5,5
2023,"Resolute, Hamlet","6204022","Improved land",0,0,0,0,0
2023,"Resolute, Hamlet","6204022","Total",195,195,190,5,5
2023,"Resolute, Hamlet","6204022","Vacant",0,0,0,0,0
2023,"Revelstoke, City","5939019","Improved land",3090,2970,2895,125,195
2023,"Revelstoke, City","5939019","Total",3680,3530,3450,150,230
2023,"Revelstoke, City","5939019","Vacant",590,565,555,25,35
2023,"Rexton, Village","1308017","Improved land",365,360,350,5,15
2023,"Rexton, Village","1308017","Total",445,440,425,5,20
2023,"Rexton, Village","1308017","Vacant",80,80,75,0,5
2023,"Reynolds, Rural municipality","4601043","Improved land",825,0,0,0,0
2023,"Reynolds, Rural municipality","4601043","Total",1135,0,0,0,0
2023,"Reynolds, Rural municipality","4601043","Vacant",310,0,0,0,0
2023,"Rhineland, Municipality","4603041","Improved land",1760,0,0,0,0
2023,"Rhineland, Municipality","4603041","Total",2010,0,0,0,0
2023,"Rhineland, Municipality","4603041","Vacant",255,0,0,0,0
2023,"Richibucto, Parish","1308016","Improved land",1215,1180,1130,35,85
2023,"Richibucto, Parish","1308016","Total",2170,2065,1975,110,195
2023,"Richibucto, Parish","1308016","Vacant",955,885,845,75,110
2023,"Richibucto, Town","1308018","Improved land",495,485,470,10,25
2023,"Richibucto, Town","1308018","Total",645,630,615,15,30
2023,"Richibucto, Town","1308018","Vacant",150,145,145,5,5
2023,"Richmond Hill, Town","3519038","Improved land",66050,64100,63230,1955,2820
2023,"Richmond Hill, Town","3519038","Total",68560,66585,65705,1975,2855
2023,"Richmond Hill, Town","3519038","Vacant",2505,2485,2475,20,30
2023,"Richmond, City","5915015","Improved land",77970,73095,71165,4875,6805
2023,"Richmond, City","5915015","Total",78550,73645,71695,4905,6855
2023,"Richmond, City","5915015","Vacant",580,555,530,25,50
2023,"Richmond, Parish","1311001","Improved land",625,605,575,15,40
2023,"Richmond, Parish","1311001","Total",865,840,810,25,55
2023,"Richmond, Parish","1311001","Vacant",250,240,235,10,15
2023,"Richmond, Subd. A, Subdivision of county municipality","1216006","Improved land",2145,1970,1905,175,240
2023,"Richmond, Subd. A, Subdivision of county municipality","1216006","Total",2775,2485,2390,290,385
2023,"Richmond, Subd. A, Subdivision of county municipality","1216006","Vacant",630,515,485,115,145
2023,"Richmond, Subd. B, Subdivision of county municipality","1216011","Improved land",1290,1135,1075,155,215
2023,"Richmond, Subd. B, Subdivision of county municipality","1216011","Total",1720,1490,1410,230,310
2023,"Richmond, Subd. B, Subdivision of county municipality","1216011","Vacant",430,355,335,75,95
2023,"Richmond, Subd. C, Subdivision of county municipality","1216001","Improved land",1645,1570,1535,75,110
2023,"Richmond, Subd. C, Subdivision of county municipality","1216001","Total",1985,1885,1840,100,145
2023,"Richmond, Subd. C, Subdivision of county municipality","1216001","Vacant",340,315,305,25,35
2023,"Rideau Lakes, Township","3507040","Improved land",7225,6650,6545,575,680
2023,"Rideau Lakes, Township","3507040","Total",9200,8450,8315,750,885
2023,"Rideau Lakes, Township","3507040","Vacant",1975,1800,1770,175,205
2023,"Riding Mountain West, Rural municipality","4616020","Improved land",915,0,0,0,0
2023,"Riding Mountain West, Rural municipality","4616020","Total",1470,0,0,0,0
2023,"Riding Mountain West, Rural municipality","4616020","Vacant",555,0,0,0,0
2023,"Ritchot, Rural municipality","4602075","Improved land",2635,0,0,0,0
2023,"Ritchot, Rural municipality","4602075","Total",3265,0,0,0,0
2023,"Ritchot, Rural municipality","4602075","Vacant",630,0,0,0,0
2023,"Riverdale, Municipality","4607076","Improved land",860,0,0,0,0
2023,"Riverdale, Municipality","4607076","Total",980,0,0,0,0
2023,"Riverdale, Municipality","4607076","Vacant",120,0,0,0,0
2023,"Riverside-Albert, Village","1306003","Improved land",145,140,135,5,10
2023,"Riverside-Albert, Village","1306003","Total",200,190,185,10,15
2023,"Riverside-Albert, Village","1306003","Vacant",55,50,50,5,5
2023,"Riverview, Town","1306020","Improved land",6770,6710,6610,60,160
2023,"Riverview, Town","1306020","Total",7050,6980,6880,70,170
2023,"Riverview, Town","1306020","Vacant",280,270,270,10,10
2023,"Rivière-Verte, Parish","1313015","Improved land",365,365,355,0,10
2023,"Rivière-Verte, Parish","1313015","Total",520,510,495,10,25
2023,"Rivière-Verte, Parish","1313015","Vacant",150,145,140,10,15
2023,"Rivière-Verte, Village","1313014","Improved land",305,300,290,5,15
2023,"Rivière-Verte, Village","1313014","Total",375,370,355,5,20
2023,"Rivière-Verte, Village","1313014","Vacant",70,70,65,0,5
2023,"Robert's Arm, Town","1008060","Improved land",0,0,0,0,0
2023,"Robert's Arm, Town","1008060","Total",400,385,380,15,20
2023,"Robert's Arm, Town","1008060","Vacant",0,0,0,0,0
2023,"Rockwood, Rural municipality","4614036","Improved land",2680,0,0,0,0
2023,"Rockwood, Rural municipality","4614036","Total",2960,0,0,0,0
2023,"Rockwood, Rural municipality","4614036","Vacant",280,0,0,0,0
2023,"Rocky Harbour, Town","1009013","Improved land",0,0,0,0,0
2023,"Rocky Harbour, Town","1009013","Total",725,700,690,25,35
2023,"Rocky Harbour, Town","1009013","Vacant",0,0,0,0,0
2023,"Roddickton-Bide Arm, Town","1009007","Improved land",0,0,0,0,0
2023,"Roddickton-Bide Arm, Town","1009007","Total",445,430,425,15,20
2023,"Roddickton-Bide Arm, Town","1009007","Vacant",0,0,0,0,0
2023,"Rogersville, Parish","1309016","Improved land",550,535,515,15,35
2023,"Rogersville, Parish","1309016","Total",780,755,730,25,50
2023,"Rogersville, Parish","1309016","Vacant",230,220,215,10,15
2023,"Rogersville, Village","1309017","Improved land",405,400,380,10,25
2023,"Rogersville, Village","1309017","Total",510,500,485,10,25
2023,"Rogersville, Village","1309017","Vacant",105,105,105,0,0
2023,"Roland, Rural municipality","4603062","Improved land",410,0,0,0,0
2023,"Roland, Rural municipality","4603062","Total",440,0,0,0,0
2023,"Roland, Rural municipality","4603062","Vacant",30,0,0,0,0
2023,"Rose Blanche-Harbour le Cou, Town","1003045","Improved land",0,0,0,0,0
2023,"Rose Blanche-Harbour le Cou, Town","1003045","Total",335,315,310,25,25
2023,"Rose Blanche-Harbour le Cou, Town","1003045","Vacant",0,0,0,0,0
2023,"Rosedale, Rural municipality","4615078","Improved land",615,0,0,0,0
2023,"Rosedale, Rural municipality","4615078","Total",850,0,0,0,0
2023,"Rosedale, Rural municipality","4615078","Vacant",235,0,0,0,0
2023,"Ross River, Settlement","6001037","Improved land",95,0,0,0,0
2023,"Ross River, Settlement","6001037","Total",175,0,0,0,0
2023,"Ross River, Settlement","6001037","Vacant",75,0,0,0,0
2023,"Rossburn, Municipality","4616005","Improved land",670,0,0,0,0
2023,"Rossburn, Municipality","4616005","Total",955,0,0,0,0
2023,"Rossburn, Municipality","4616005","Vacant",285,0,0,0,0
2023,"Rosser, Rural municipality","4614015","Improved land",450,0,0,0,0
2023,"Rosser, Rural municipality","4614015","Total",470,0,0,0,0
2023,"Rosser, Rural municipality","4614015","Vacant",20,0,0,0,0
2023,"Rossland, City","5905023","Improved land",1945,1840,1795,110,155
2023,"Rossland, City","5905023","Total",2300,2165,2115,135,185
2023,"Rossland, City","5905023","Vacant",350,325,320,25,30
2023,"Rothesay, Parish","1305008","Improved land",145,140,140,5,5
2023,"Rothesay, Parish","1305008","Total",185,175,175,5,10
2023,"Rothesay, Parish","1305008","Vacant",40,35,35,5,5
2023,"Rothesay, Town","1305045","Improved land",4260,4230,4155,45,105
2023,"Rothesay, Town","1305045","Total",4815,4765,4685,50,125
2023,"Rothesay, Town","1305045","Vacant",550,535,530,15,20
2023,"Rushoon, Town","1002033","Improved land",0,0,0,0,0
2023,"Rushoon, Town","1002033","Total",175,175,170,0,5
2023,"Rushoon, Town","1002033","Vacant",0,0,0,0,0
2023,"Russell, Township","3502048","Improved land",7135,7110,7080,25,60
2023,"Russell, Township","3502048","Total",7675,7645,7610,30,65
2023,"Russell, Township","3502048","Vacant",540,535,535,5,5
2023,"Russell-Binscarth, Municipality","4616030","Improved land",1075,0,0,0,0
2023,"Russell-Binscarth, Municipality","4616030","Total",1240,0,0,0,0
2023,"Russell-Binscarth, Municipality","4616030","Vacant",165,0,0,0,0
2023,"Ryerson, Township","3549024","Improved land",615,595,590,20,25
2023,"Ryerson, Township","3549024","Total",995,950,935,45,60
2023,"Ryerson, Township","3549024","Vacant",380,355,345,25,35
2023,"Saanich, District municipality","5917021","Improved land",38430,37755,37210,665,1225
2023,"Saanich, District municipality","5917021","Total",38755,38080,37535,675,1230
2023,"Saanich, District municipality","5917021","Vacant",330,320,315,10,15
2023,"Sables-Spanish Rivers, Township","3552023","Improved land",1770,1705,1680,65,90
2023,"Sables-Spanish Rivers, Township","3552023","Total",2530,2415,2375,115,155
2023,"Sables-Spanish Rivers, Township","3552023","Vacant",760,710,695,50,65
2023,"Sackville, Parish","1307008","Improved land",655,635,615,20,40
2023,"Sackville, Parish","1307008","Total",1095,1015,980,80,115
2023,"Sackville, Parish","1307008","Vacant",440,380,365,60,75
2023,"Sackville, Town","1307009","Improved land",2120,2080,2035,40,85
2023,"Sackville, Town","1307009","Total",2425,2375,2320,50,105
2023,"Sackville, Town","1307009","Vacant",305,295,285,10,20
2023,"Saint Andrews, Parish","1302024","Improved land",340,320,310,25,35
2023,"Saint Andrews, Parish","1302024","Total",505,470,455,35,50
2023,"Saint Andrews, Parish","1302024","Vacant",160,150,145,10,15
2023,"Saint Andrews, Town","1302026","Improved land",915,855,825,55,85
2023,"Saint Andrews, Town","1302026","Total",1075,985,950,90,125
2023,"Saint Andrews, Town","1302026","Vacant",165,130,125,35,40
2023,"Saint Croix, Parish","1302028","Improved land",410,390,380,20,30
2023,"Saint Croix, Parish","1302028","Total",620,575,560,45,60
2023,"Saint Croix, Parish","1302028","Vacant",210,185,180,25,30
2023,"Saint David, Parish","1302042","Improved land",760,720,695,40,70
2023,"Saint David, Parish","1302042","Total",1060,1005,975,55,85
2023,"Saint David, Parish","1302042","Vacant",300,285,275,15,25
2023,"Saint George, Parish","1302016","Improved land",1365,1310,1275,55,90
2023,"Saint George, Parish","1302016","Total",2005,1890,1820,115,185
2023,"Saint George, Parish","1302016","Vacant",640,580,545,60,95
2023,"Saint James, Parish","1302039","Improved land",630,600,585,30,45
2023,"Saint James, Parish","1302039","Total",890,820,800,70,90
2023,"Saint James, Parish","1302039","Vacant",260,220,215,40,45
2023,"Saint John, Census metropolitan area (CMA)","310","Improved land",43990,43345,42550,645,1440
2023,"Saint John, Census metropolitan area (CMA)","310","Total",53285,52295,51315,990,1965
2023,"Saint John, Census metropolitan area (CMA)","310","Vacant",9295,8950,8765,345,530
2023,"Saint John, City","1301006","Improved land",19965,19665,19300,295,660
2023,"Saint John, City","1301006","Total",22995,22625,22230,370,765
2023,"Saint John, City","1301006","Vacant",3035,2960,2930,75,105
2023,"Saint Martins, Parish","1301001","Improved land",680,650,640,30,40
2023,"Saint Martins, Parish","1301001","Total",1115,1055,1025,60,90
2023,"Saint Martins, Parish","1301001","Vacant",435,405,385,30,50
2023,"Saint Mary, Parish","1308006","Improved land",1005,980,945,25,65
2023,"Saint Mary, Parish","1308006","Total",1745,1655,1580,90,165
2023,"Saint Mary, Parish","1308006","Vacant",735,670,635,65,100
2023,"Saint Marys, Parish","1310031","Improved land",2040,2010,1975,35,70
2023,"Saint Marys, Parish","1310031","Total",2605,2550,2500,55,110
2023,"Saint Marys, Parish","1310031","Vacant",565,540,525,25,40
2023,"Saint Patrick, Parish","1302021","Improved land",575,540,520,35,55
2023,"Saint Patrick, Parish","1302021","Total",865,795,765,70,100
2023,"Saint Patrick, Parish","1302021","Vacant",290,255,245,35,45
2023,"Saint Stephen, Parish","1302034","Improved land",800,780,765,20,35
2023,"Saint Stephen, Parish","1302034","Total",1055,1010,990,45,65
2023,"Saint Stephen, Parish","1302034","Vacant",255,230,225,25,30
2023,"Saint-André, Rural community","1313002","Improved land",705,700,670,5,35
2023,"Saint-André, Rural community","1313002","Total",940,930,900,10,40
2023,"Saint-André, Rural community","1313002","Vacant",235,230,230,5,5
2023,"Saint-Antoine, Village","1308007","Improved land",550,545,530,5,20
2023,"Saint-Antoine, Village","1308007","Total",690,685,665,5,25
2023,"Saint-Antoine, Village","1308007","Vacant",140,140,135,0,5
2023,"Saint-Basile, Parish","1313018","Improved land",365,355,345,5,20
2023,"Saint-Basile, Parish","1313018","Total",510,495,480,15,30
2023,"Saint-Basile, Parish","1313018","Vacant",145,135,135,10,10
2023,"Saint-Charles, Parish","1308019","Improved land",1010,995,950,15,60
2023,"Saint-Charles, Parish","1308019","Total",1615,1565,1495,50,120
2023,"Saint-Charles, Parish","1308019","Vacant",605,570,545,35,60
2023,"Saint-Isidore, Parish","1315021","Improved land",615,610,595,5,30
2023,"Saint-Isidore, Parish","1315021","Total",845,835,810,10,35
2023,"Saint-Isidore, Parish","1315021","Vacant",230,225,220,5,10
2023,"Saint-Isidore, Village","1315022","Improved land",340,335,330,5,10
2023,"Saint-Isidore, Village","1315022","Total",440,435,425,5,15
2023,"Saint-Isidore, Village","1315022","Vacant",100,100,95,0,5
2023,"Saint-Jacques, Parish","1313024","Improved land",790,775,755,15,35
2023,"Saint-Jacques, Parish","1313024","Total",990,965,940,25,50
2023,"Saint-Jacques, Parish","1313024","Vacant",200,190,185,10,15
2023,"Saint-Joseph, Parish","1313022","Improved land",725,715,685,10,40
2023,"Saint-Joseph, Parish","1313022","Total",920,905,870,15,50
2023,"Saint-Joseph, Parish","1313022","Vacant",195,190,185,5,10
2023,"Saint-Louis de Kent, Village","1308022","Improved land",305,300,295,5,10
2023,"Saint-Louis de Kent, Village","1308022","Total",375,365,360,10,15
2023,"Saint-Louis de Kent, Village","1308022","Vacant",70,65,65,5,5
2023,"Saint-Louis, Parish","1308021","Improved land",825,815,780,10,50
2023,"Saint-Louis, Parish","1308021","Total",1350,1310,1245,40,105
2023,"Saint-Louis, Parish","1308021","Vacant",520,490,465,30,55
2023,"Saint-Léolin, Village","1315017","Improved land",320,315,310,5,10
2023,"Saint-Léolin, Village","1315017","Total",450,440,435,10,15
2023,"Saint-Léolin, Village","1315017","Vacant",130,125,125,5,5
2023,"Saint-Léonard, Parish","1313004","Improved land",410,395,380,15,30
2023,"Saint-Léonard, Parish","1313004","Total",605,585,565,25,40
2023,"Saint-Léonard, Parish","1313004","Vacant",195,185,185,10,10
2023,"Saint-Léonard, Town","1313006","Improved land",440,435,425,5,15
2023,"Saint-Léonard, Town","1313006","Total",525,515,505,10,20
2023,"Saint-Léonard, Town","1313006","Vacant",85,80,80,5,5
2023,"Saint-Paul, Parish","1308008","Improved land",425,415,395,10,30
2023,"Saint-Paul, Parish","1308008","Total",785,705,670,85,115
2023,"Saint-Paul, Parish","1308008","Vacant",360,290,275,70,85
2023,"Saint-Quentin, Parish","1314021","Improved land",765,740,705,15,50
2023,"Saint-Quentin, Parish","1314021","Total",1090,1060,1020,30,70
2023,"Saint-Quentin, Parish","1314021","Vacant",335,320,315,15,20
2023,"Saint-Quentin, Town","1314022","Improved land",790,785,750,5,40
2023,"Saint-Quentin, Town","1314022","Total",885,875,840,10,45
2023,"Saint-Quentin, Town","1314022","Vacant",95,90,90,5,5
2023,"Sainte-Anne, Parish","1313011","Improved land",470,455,440,15,30
2023,"Sainte-Anne, Parish","1313011","Total",715,680,660,35,50
2023,"Sainte-Anne, Parish","1313011","Vacant",245,225,220,20,25
2023,"Sainte-Anne-de-Madawaska, Village","1313012","Improved land",380,370,360,10,20
2023,"Sainte-Anne-de-Madawaska, Village","1313012","Total",555,540,525,15,30
2023,"Sainte-Anne-de-Madawaska, Village","1313012","Vacant",175,170,165,5,10
2023,"Sainte-Marie-Saint-Raphaël, Village","1315033","Improved land",420,420,405,0,15
2023,"Sainte-Marie-Saint-Raphaël, Village","1315033","Total",630,625,610,5,20
2023,"Sainte-Marie-Saint-Raphaël, Village","1315033","Vacant",210,205,205,5,5
2023,"Salisbury, Parish","1307024","Improved land",1515,1490,1460,25,55
2023,"Salisbury, Parish","1307024","Total",2095,2045,2000,50,90
2023,"Salisbury, Parish","1307024","Vacant",580,555,540,25,40
2023,"Salisbury, Village","1307028","Improved land",800,795,775,5,25
2023,"Salisbury, Village","1307028","Total",985,980,955,5,30
2023,"Salisbury, Village","1307028","Vacant",185,185,180,0,5
2023,"Salmo, Village","5903011","Improved land",470,460,450,10,20
2023,"Salmo, Village","5903011","Total",655,640,630,15,25
2023,"Salmo, Village","5903011","Vacant",185,180,180,5,5
2023,"Salmon Arm, Census agglomeration (CA)","920","Improved land",6560,6485,6415,75,145
2023,"Salmon Arm, Census agglomeration (CA)","920","Total",6865,6785,6710,80,155
2023,"Salmon Arm, Census agglomeration (CA)","920","Vacant",305,300,295,5,10
2023,"Salmon Arm, City","5939032","Improved land",6560,6485,6415,75,145
2023,"Salmon Arm, City","5939032","Total",6865,6785,6710,80,155
2023,"Salmon Arm, City","5939032","Vacant",305,300,295,5,10
2023,"Salmon Cove, Town","1001361","Improved land",0,0,0,0,0
2023,"Salmon Cove, Town","1001361","Total",405,400,395,5,10
2023,"Salmon Cove, Town","1001361","Vacant",0,0,0,0,0
2023,"Saltspring Island, Regional district electoral area","5917027","Improved land",4935,4715,4610,215,320
2023,"Saltspring Island, Regional district electoral area","5917027","Total",5510,5230,5105,280,405
2023,"Saltspring Island, Regional district electoral area","5917027","Vacant",580,515,495,65,85
2023,"Salvage, Town","1007046","Improved land",0,0,0,0,0
2023,"Salvage, Town","1007046","Total",115,115,110,0,5
2023,"Salvage, Town","1007046","Vacant",0,0,0,0,0
2023,"Sandringham, Town","1007043","Improved land",0,0,0,0,0
2023,"Sandringham, Town","1007043","Total",165,165,160,0,5
2023,"Sandringham, Town","1007043","Vacant",0,0,0,0,0
2023,"Sandy Cove, Town","1007039","Improved land",0,0,0,0,0
2023,"Sandy Cove, Town","1007039","Total",140,130,120,5,20
2023,"Sandy Cove, Town","1007039","Vacant",0,0,0,0,0
2023,"Sanikiluaq, Hamlet","6204001","Improved land",0,0,0,0,0
2023,"Sanikiluaq, Hamlet","6204001","Total",255,255,250,0,5
2023,"Sanikiluaq, Hamlet","6204001","Vacant",0,0,0,0,0
2023,"Sarnia, Census agglomeration (CA)","562","Improved land",37060,36640,36410,430,655
2023,"Sarnia, Census agglomeration (CA)","562","Total",38945,38480,38250,465,695
2023,"Sarnia, Census agglomeration (CA)","562","Vacant",1885,1850,1835,35,50
2023,"Sarnia, City","3538030","Improved land",26550,26295,26140,265,420
2023,"Sarnia, City","3538030","Total",26975,26715,26555,260,415
2023,"Sarnia, City","3538030","Vacant",425,420,420,5,5
2023,"Saugeen Shores, Town","3541045","Improved land",7570,7470,7410,95,160
2023,"Saugeen Shores, Town","3541045","Total",8505,8390,8320,115,185
2023,"Saugeen Shores, Town","3541045","Vacant",935,915,910,20,25
2023,"Sault Ste. Marie, Census agglomeration (CA)","590","Improved land",28000,27705,27520,295,480
2023,"Sault Ste. Marie, Census agglomeration (CA)","590","Total",30595,30205,29985,390,610
2023,"Sault Ste. Marie, Census agglomeration (CA)","590","Vacant",2590,2490,2460,100,135
2023,"Sault Ste. Marie, City","3557061","Improved land",26150,25900,25735,245,415
2023,"Sault Ste. Marie, City","3557061","Total",27915,27645,27460,270,455
2023,"Sault Ste. Marie, City","3557061","Vacant",1765,1740,1725,25,40
2023,"Sayward, Village","5924039","Improved land",175,175,165,5,10
2023,"Sayward, Village","5924039","Total",195,190,180,5,15
2023,"Sayward, Village","5924039","Vacant",20,20,15,0,5
2023,"Schreiber, Township","3558051","Improved land",555,545,540,15,20
2023,"Schreiber, Township","3558051","Total",790,775,770,15,20
2023,"Schreiber, Township","3558051","Vacant",230,230,230,0,0
2023,"Scugog, Township","3518020","Improved land",8285,8215,8150,70,135
2023,"Scugog, Township","3518020","Total",8880,8800,8725,80,155
2023,"Scugog, Township","3518020","Vacant",595,585,575,10,20
2023,"Seal Cove (Fortune Bay), Town","1003010","Improved land",0,0,0,0,0
2023,"Seal Cove (Fortune Bay), Town","1003010","Total",155,150,150,5,5
2023,"Seal Cove (Fortune Bay), Town","1003010","Vacant",0,0,0,0,0
2023,"Seal Cove (White Bay), Town","1008091","Improved land",0,0,0,0,0
2023,"Seal Cove (White Bay), Town","1008091","Total",205,200,195,10,10
2023,"Seal Cove (White Bay), Town","1008091","Vacant",0,0,0,0,0
2023,"Sechelt, District municipality","5929011","Improved land",5010,4900,4805,110,205
2023,"Sechelt, District municipality","5929011","Total",5425,5295,5195,130,230
2023,"Sechelt, District municipality","5929011","Vacant",415,395,390,20,25
2023,"Seguin, Township","3549003","Improved land",4985,4795,4715,185,275
2023,"Seguin, Township","3549003","Total",6745,6460,6320,285,425
2023,"Seguin, Township","3549003","Vacant",1765,1665,1615,100,150
2023,"Selkirk, City","4613047","Improved land",3190,0,0,0,0
2023,"Selkirk, City","4613047","Total",3445,0,0,0,0
2023,"Selkirk, City","4613047","Vacant",255,0,0,0,0
2023,"Selwyn, Township","3515015","Improved land",8395,8270,8205,125,190
2023,"Selwyn, Township","3515015","Total",9090,8945,8875,145,215
2023,"Selwyn, Township","3515015","Vacant",695,675,670,20,25
2023,"Severn, Township","3543015","Improved land",6945,6840,6780,105,165
2023,"Severn, Township","3543015","Total",8435,8300,8220,135,215
2023,"Severn, Township","3543015","Vacant",1490,1455,1440,35,50
2023,"Shediac, Parish","1307016","Improved land",3070,2985,2850,85,220
2023,"Shediac, Parish","1307016","Total",3880,3760,3580,120,300
2023,"Shediac, Parish","1307016","Vacant",810,775,730,35,80
2023,"Shediac, Town","1307052","Improved land",2305,2260,2195,40,110
2023,"Shediac, Town","1307052","Total",2625,2570,2485,55,140
2023,"Shediac, Town","1307052","Vacant",320,305,290,15,30
2023,"Sheffield, Parish","1303014","Improved land",565,550,540,15,25
2023,"Sheffield, Parish","1303014","Total",840,815,795,25,45
2023,"Sheffield, Parish","1303014","Vacant",275,265,255,10,20
2023,"Shelburne, Municipal district","1201006","Improved land",2940,2685,2625,255,315
2023,"Shelburne, Municipal district","1201006","Total",3935,3525,3440,410,495
2023,"Shelburne, Municipal district","1201006","Vacant",995,840,815,155,180
2023,"Shelburne, Town","1201008","Improved land",770,740,720,25,40
2023,"Shelburne, Town","1201008","Total",905,870,855,35,50
2023,"Shelburne, Town","1201008","Vacant",145,135,135,10,10
2023,"Shelburne, Town","3522021","Improved land",2820,2800,2765,20,50
2023,"Shelburne, Town","3522021","Total",3085,3065,3030,20,55
2023,"Shelburne, Town","3522021","Vacant",265,265,265,0,0
2023,"Sherbrooke, Rural municipality","1103018","Improved land",95,100,95,5,10
2023,"Sherbrooke, Rural municipality","1103018","Total",95,90,85,5,10
2023,"Sherbrooke, Rural municipality","1103018","Vacant",0,0,0,0,0
2023,"Shippagan, Parish","1315029","Improved land",2825,2755,2655,70,170
2023,"Shippagan, Parish","1315029","Total",5065,4915,4775,150,290
2023,"Shippagan, Parish","1315029","Vacant",2240,2160,2120,80,120
2023,"Shippagan, Town","1315031","Improved land",935,915,880,15,45
2023,"Shippagan, Town","1315031","Total",1110,1090,1055,20,55
2023,"Shippagan, Town","1315031","Vacant",180,175,175,5,5
2023,"Shuniah, Municipality","3558028","Improved land",1750,1715,1690,35,60
2023,"Shuniah, Municipality","3558028","Total",2800,2705,2670,95,130
2023,"Shuniah, Municipality","3558028","Vacant",1050,990,980,60,70
2023,"Sicamous, District municipality","5939045","Improved land",1860,1800,1745,55,115
2023,"Sicamous, District municipality","5939045","Total",2160,2090,2025,70,135
2023,"Sicamous, District municipality","5939045","Vacant",300,290,280,10,20
2023,"Sidney, Town","5917010","Improved land",5765,5695,5635,70,130
2023,"Sidney, Town","5917010","Total",5785,5715,5655,70,130
2023,"Sidney, Town","5917010","Vacant",20,20,20,0,0
2023,"Sifton, Rural municipality","4606016","Improved land",795,0,0,0,0
2023,"Sifton, Rural municipality","4606016","Total",1055,0,0,0,0
2023,"Sifton, Rural municipality","4606016","Vacant",260,0,0,0,0
2023,"Silverton, Village","5903027","Improved land",130,125,120,5,10
2023,"Silverton, Village","5903027","Total",175,165,160,10,15
2023,"Silverton, Village","5903027","Vacant",45,40,40,5,5
2023,"Simonds, Parish","1301004","Improved land",1580,1555,1535,25,50
2023,"Simonds, Parish","1301004","Total",2085,2030,1990,55,95
2023,"Simonds, Parish","1301004","Vacant",505,475,465,30,40
2023,"Simonds, Parish","1311021","Improved land",190,185,180,5,10
2023,"Simonds, Parish","1311021","Total",265,255,250,10,15
2023,"Simonds, Parish","1311021","Vacant",75,70,70,5,5
2023,"Sioux Lookout, Municipality","3560034","Improved land",1935,1860,1840,75,100
2023,"Sioux Lookout, Municipality","3560034","Total",2410,2310,2275,95,135
2023,"Sioux Lookout, Municipality","3560034","Vacant",475,455,445,20,30
2023,"Sioux Narrows-Nestor Falls, Township","3560008","Improved land",1235,715,705,520,530
2023,"Sioux Narrows-Nestor Falls, Township","3560008","Total",1585,1005,980,590,605
2023,"Sioux Narrows-Nestor Falls, Township","3560008","Vacant",350,280,275,70,75
2023,"Slocan, Village","5903019","Improved land",200,190,180,10,15
2023,"Slocan, Village","5903019","Total",755,735,720,20,35
2023,"Slocan, Village","5903019","Vacant",560,550,540,10,20
2023,"Small Point-Adam's Cove-Blackhead-Broad Cove, Town","1001352","Improved land",0,0,0,0,0
2023,"Small Point-Adam's Cove-Blackhead-Broad Cove, Town","1001352","Total",445,420,410,25,35
2023,"Small Point-Adam's Cove-Blackhead-Broad Cove, Town","1001352","Vacant",0,0,0,0,0
2023,"Smithers, Town","5951043","Improved land",1845,1825,1810,20,35
2023,"Smithers, Town","5951043","Total",2035,2015,1995,25,40
2023,"Smithers, Town","5951043","Vacant",190,185,185,5,5
2023,"Smiths Falls, Town","3509004","Improved land",3180,3155,3115,25,65
2023,"Smiths Falls, Town","3509004","Total",3355,3330,3290,25,65
2023,"Smiths Falls, Town","3509004","Vacant",175,175,175,0,0
2023,"Smooth Rock Falls, Town","3556048","Improved land",615,605,595,10,20
2023,"Smooth Rock Falls, Town","3556048","Total",800,790,780,10,20
2023,"Smooth Rock Falls, Town","3556048","Vacant",190,190,190,0,0
2023,"Snow Lake, Town","4621071","Improved land",480,0,0,0,0
2023,"Snow Lake, Town","4621071","Total",635,0,0,0,0
2023,"Snow Lake, Town","4621071","Vacant",155,0,0,0,0
2023,"Sooke, District municipality","5917052","Improved land",5395,5320,5240,75,155
2023,"Sooke, District municipality","5917052","Total",5755,5670,5585,85,170
2023,"Sooke, District municipality","5917052","Vacant",360,350,345,10,15
2023,"Souris West, Rural municipality","1101033","Improved land",265,240,235,20,25
2023,"Souris West, Rural municipality","1101033","Total",275,255,250,20,30
2023,"Souris West, Rural municipality","1101033","Vacant",15,15,15,0,0
2023,"Souris, Fire district","1101035","Improved land",1085,1005,970,80,115
2023,"Souris, Fire district","1101035","Total",1170,1080,1040,90,130
2023,"Souris, Fire district","1101035","Vacant",85,75,70,10,15
2023,"Souris, Town","1101036","Improved land",500,485,480,15,20
2023,"Souris, Town","1101036","Total",555,540,525,15,25
2023,"Souris, Town","1101036","Vacant",55,55,50,0,5
2023,"Souris-Glenwood, Municipality","4607052","Improved land",960,0,0,0,0
2023,"Souris-Glenwood, Municipality","4607052","Total",1130,0,0,0,0
2023,"Souris-Glenwood, Municipality","4607052","Vacant",170,0,0,0,0
2023,"South Algonquin, Township","3548001","Improved land",1200,1120,1090,80,105
2023,"South Algonquin, Township","3548001","Total",1490,1400,1365,90,125
2023,"South Algonquin, Township","3548001","Vacant",290,280,270,10,20
2023,"South Brook, Town","1008059","Improved land",0,0,0,0,0
2023,"South Brook, Town","1008059","Total",275,265,260,5,15
2023,"South Brook, Town","1008059","Vacant",0,0,0,0,0
2023,"South Bruce Peninsula, Town","3541055","Improved land",6750,6560,6475,185,280
2023,"South Bruce Peninsula, Town","3541055","Total",8420,8165,8050,255,370
2023,"South Bruce Peninsula, Town","3541055","Vacant",1675,1605,1575,70,100
2023,"South Bruce, Municipality","3541004","Improved land",2260,2255,2245,15,25
2023,"South Bruce, Municipality","3541004","Total",2470,2450,2445,20,25
2023,"South Bruce, Municipality","3541004","Vacant",210,205,205,5,5
2023,"South Dundas, Municipality","3501020","Improved land",4275,4250,4225,25,50
2023,"South Dundas, Municipality","3501020","Total",5025,4985,4950,40,85
2023,"South Dundas, Municipality","3501020","Vacant",750,735,725,15,25
2023,"South Frontenac, Township","3510020","Improved land",10270,9755,9635,515,635
2023,"South Frontenac, Township","3510020","Total",12240,11565,11395,675,845
2023,"South Frontenac, Township","3510020","Vacant",1970,1810,1760,160,210
2023,"South Glengarry, Township","3501005","Improved land",5605,5560,5525,40,75
2023,"South Glengarry, Township","3501005","Total",6715,6645,6595,70,120
2023,"South Glengarry, Township","3501005","Vacant",1115,1085,1070,30,45
2023,"South Huron, Municipality","3540005","Improved land",3310,3275,3255,25,45
2023,"South Huron, Municipality","3540005","Total",3580,3550,3530,30,50
2023,"South Huron, Municipality","3540005","Vacant",280,275,275,5,5
2023,"South River, Town","1001434","Improved land",0,0,0,0,0
2023,"South River, Town","1001434","Total",515,490,480,25,35
2023,"South River, Town","1001434","Vacant",0,0,0,0,0
2023,"South River, Village","3549056","Improved land",450,440,440,10,10
2023,"South River, Village","3549056","Total",590,575,570,15,20
2023,"South River, Village","3549056","Vacant",140,135,130,5,10
2023,"South Stormont, Township","3501011","Improved land",5375,5330,5305,45,70
2023,"South Stormont, Township","3501011","Total",6890,6820,6790,70,100
2023,"South Stormont, Township","3501011","Vacant",1515,1490,1485,25,30
2023,"South-West Oxford, Township","3532012","Improved land",2530,2525,2505,5,25
2023,"South-West Oxford, Township","3532012","Total",2675,2665,2645,10,30
2023,"South-West Oxford, Township","3532012","Vacant",145,140,140,5,5
2023,"Southampton, Parish","1310024","Improved land",795,780,760,15,35
2023,"Southampton, Parish","1310024","Total",1105,1070,1045,35,60
2023,"Southampton, Parish","1310024","Vacant",310,290,285,20,25
2023,"Southern Gulf Islands, Regional district electoral area","5917029","Improved land",4940,4710,4580,230,360
2023,"Southern Gulf Islands, Regional district electoral area","5917029","Total",6005,5700,5530,305,470
2023,"Southern Gulf Islands, Regional district electoral area","5917029","Vacant",1065,990,950,75,115
2023,"Southern Harbour, Town","1001267","Improved land",0,0,0,0,0
2023,"Southern Harbour, Town","1001267","Total",235,230,230,5,5
2023,"Southern Harbour, Town","1001267","Vacant",0,0,0,0,0
2023,"Southesk, Parish","1309026","Improved land",875,835,820,45,55
2023,"Southesk, Parish","1309026","Total",1215,1145,1120,70,95
2023,"Southesk, Parish","1309026","Vacant",340,315,300,25,40
2023,"Southgate, Township","3542005","Improved land",3310,3260,3215,45,95
2023,"Southgate, Township","3542005","Total",4125,4065,4005,60,120
2023,"Southgate, Township","3542005","Vacant",815,800,790,15,25
2023,"Southwest Middlesex, Municipality","3539005","Improved land",2330,2315,2310,15,20
2023,"Southwest Middlesex, Municipality","3539005","Total",2560,2535,2530,25,30
2023,"Southwest Middlesex, Municipality","3539005","Vacant",230,220,220,10,10
2023,"Southwold, Township","3534024","Improved land",1805,1795,1785,10,20
2023,"Southwold, Township","3534024","Total",2080,2065,2055,15,25
2023,"Southwold, Township","3534024","Vacant",275,270,270,5,5
2023,"Spallumcheen, District municipality","5937024","Improved land",1065,1055,1035,10,30
2023,"Spallumcheen, District municipality","5937024","Total",1160,1145,1120,15,40
2023,"Spallumcheen, District municipality","5937024","Vacant",95,90,85,5,10
2023,"Spaniard's Bay, Town","1001396","Improved land",0,0,0,0,0
2023,"Spaniard's Bay, Town","1001396","Total",1620,1570,1540,50,80
2023,"Spaniard's Bay, Town","1001396","Vacant",0,0,0,0,0
2023,"Spanish, Town","3557039","Improved land",400,395,390,5,10
2023,"Spanish, Town","3557039","Total",635,620,610,15,25
2023,"Spanish, Town","3557039","Vacant",235,225,220,10,15
2023,"Sparwood, District municipality","5901006","Improved land",1545,1510,1485,35,60
2023,"Sparwood, District municipality","5901006","Total",1675,1635,1610,40,60
2023,"Sparwood, District municipality","5901006","Vacant",130,125,125,5,5
2023,"Springdale, Town","1008061","Improved land",0,0,0,0,0
2023,"Springdale, Town","1008061","Total",1245,1225,1210,20,35
2023,"Springdale, Town","1008061","Vacant",0,0,0,0,0
2023,"Springfield, Parish","1305034","Improved land",890,860,845,30,45
2023,"Springfield, Parish","1305034","Total",1270,1240,1210,35,60
2023,"Springfield, Parish","1305034","Vacant",380,370,365,10,15
2023,"Springfield, Rural municipality","4612047","Improved land",5880,0,0,0,0
2023,"Springfield, Rural municipality","4612047","Total",6320,0,0,0,0
2023,"Springfield, Rural municipality","4612047","Vacant",440,0,0,0,0
2023,"Springwater, Township","3543009","Improved land",7625,7570,7525,55,100
2023,"Springwater, Township","3543009","Total",8895,8810,8755,85,140
2023,"Springwater, Township","3543009","Vacant",1270,1240,1230,30,40
2023,"Squamish, Census agglomeration (CA)","934","Improved land",8330,8060,7875,270,455
2023,"Squamish, Census agglomeration (CA)","934","Total",9175,8895,8710,280,465
2023,"Squamish, Census agglomeration (CA)","934","Vacant",845,835,835,10,10
2023,"Squamish, District municipality","5931006","Improved land",8330,8060,7875,270,455
2023,"Squamish, District municipality","5931006","Total",9175,8895,8710,280,465
2023,"Squamish, District municipality","5931006","Vacant",845,835,835,10,10
2023,"Squamish-Lillooet A, Regional district electoral area","5931032","Improved land",495,460,430,35,65
2023,"Squamish-Lillooet A, Regional district electoral area","5931032","Total",790,740,710,50,80
2023,"Squamish-Lillooet A, Regional district electoral area","5931032","Vacant",295,280,280,15,15
2023,"Squamish-Lillooet B, Regional district electoral area","5931034","Improved land",315,295,275,20,40
2023,"Squamish-Lillooet B, Regional district electoral area","5931034","Total",460,435,410,25,50
2023,"Squamish-Lillooet B, Regional district electoral area","5931034","Vacant",145,140,135,5,10
2023,"Squamish-Lillooet C, Regional district electoral area","5931017","Improved land",975,915,880,55,95
2023,"Squamish-Lillooet C, Regional district electoral area","5931017","Total",1195,1110,1060,85,135
2023,"Squamish-Lillooet C, Regional district electoral area","5931017","Vacant",225,195,185,30,40
2023,"Squamish-Lillooet D, Regional district electoral area","5931021","Improved land",640,600,570,40,70
2023,"Squamish-Lillooet D, Regional district electoral area","5931021","Total",825,770,735,55,90
2023,"Squamish-Lillooet D, Regional district electoral area","5931021","Vacant",185,170,165,15,20
2023,"St-Pierre-Jolys, Village","4602037","Improved land",400,0,0,0,0
2023,"St-Pierre-Jolys, Village","4602037","Total",440,0,0,0,0
2023,"St-Pierre-Jolys, Village","4602037","Vacant",40,0,0,0,0
2023,"St. Alban's, Town","1003019","Improved land",0,0,0,0,0
2023,"St. Alban's, Town","1003019","Total",675,660,645,20,35
2023,"St. Alban's, Town","1003019","Vacant",0,0,0,0,0
2023,"St. Andrews, Rural municipality","4613043","Improved land",4585,0,0,0,0
2023,"St. Andrews, Rural municipality","4613043","Total",5240,0,0,0,0
2023,"St. Andrews, Rural municipality","4613043","Vacant",655,0,0,0,0
2023,"St. Anthony, Town","1009029","Improved land",0,0,0,0,0
2023,"St. Anthony, Town","1009029","Total",1025,1010,1005,15,20
2023,"St. Anthony, Town","1009029","Vacant",0,0,0,0,0
2023,"St. Bernard's-Jacques Fontaine, Town","1002041","Improved land",0,0,0,0,0
2023,"St. Bernard's-Jacques Fontaine, Town","1002041","Total",270,260,255,15,15
2023,"St. Bernard's-Jacques Fontaine, Town","1002041","Vacant",0,0,0,0,0
2023,"St. Catharines - Niagara, Census metropolitan area (CMA)","539","Improved land",157185,154475,153340,2715,3845
2023,"St. Catharines - Niagara, Census metropolitan area (CMA)","539","Total",166965,163940,162745,3025,4220
2023,"St. Catharines - Niagara, Census metropolitan area (CMA)","539","Vacant",9780,9470,9405,310,375
2023,"St. Catharines, City","3526053","Improved land",47240,46775,46445,465,795
2023,"St. Catharines, City","3526053","Total",48160,47690,47355,470,805
2023,"St. Catharines, City","3526053","Vacant",915,910,905,5,10
2023,"St. Clair, Township","3538003","Improved land",6095,6030,5995,65,100
2023,"St. Clair, Township","3538003","Total",6885,6800,6760,85,125
2023,"St. Clair, Township","3538003","Vacant",790,770,765,20,25
2023,"St. Clements, Rural municipality","4613056","Improved land",5140,0,0,0,0
2023,"St. Clements, Rural municipality","4613056","Total",6255,0,0,0,0
2023,"St. Clements, Rural municipality","4613056","Vacant",1110,0,0,0,0
2023,"St. Felix, Rural municipality","1103053","Improved land",140,135,135,5,5
2023,"St. Felix, Rural municipality","1103053","Total",165,160,160,5,5
2023,"St. Felix, Rural municipality","1103053","Vacant",25,25,25,0,0
2023,"St. François Xavier, Rural municipality","4610052","Improved land",500,0,0,0,0
2023,"St. François Xavier, Rural municipality","4610052","Total",625,0,0,0,0
2023,"St. François Xavier, Rural municipality","4610052","Vacant",125,0,0,0,0
2023,"St. George's, Town","1004013","Improved land",0,0,0,0,0
2023,"St. George's, Town","1004013","Total",745,720,705,25,40
2023,"St. George's, Town","1004013","Vacant",0,0,0,0,0
2023,"St. George, Town","1302018","Improved land",525,515,505,10,20
2023,"St. George, Town","1302018","Total",685,670,655,15,30
2023,"St. George, Town","1302018","Vacant",160,155,150,5,10
2023,"St. Jacques-Coomb's Cove, Town","1003003","Improved land",0,0,0,0,0
2023,"St. Jacques-Coomb's Cove, Town","1003003","Total",390,380,375,10,15
2023,"St. Jacques-Coomb's Cove, Town","1003003","Vacant",0,0,0,0,0
2023,"St. John's, Census metropolitan area (CMA)","2021S05031","Improved land",0,0,0,0,0
2023,"St. John's, Census metropolitan area (CMA)","2021S05031","Total",87910,85340,82640,2570,5270
2023,"St. John's, Census metropolitan area (CMA)","2021S05031","Vacant",0,0,0,0,0
2023,"St. John's, City","1001519","Improved land",40910,39450,38090,1460,2820
2023,"St. John's, City","1001519","Total",42925,41390,39990,1535,2935
2023,"St. John's, City","1001519","Vacant",2010,1935,1895,75,115
2023,"St. Joseph's, Town","1001192","Improved land",0,0,0,0,0
2023,"St. Joseph's, Town","1001192","Total",95,80,80,15,15
2023,"St. Joseph's, Town","1001192","Vacant",0,0,0,0,0
2023,"St. Joseph, Township","3557008","Improved land",950,845,835,105,115
2023,"St. Joseph, Township","3557008","Total",1315,1170,1150,145,165
2023,"St. Joseph, Township","3557008","Vacant",365,325,315,40,50
2023,"St. Laurent, Rural municipality","4618040","Improved land",1200,0,0,0,0
2023,"St. Laurent, Rural municipality","4618040","Total",1940,0,0,0,0
2023,"St. Laurent, Rural municipality","4618040","Vacant",740,0,0,0,0
2023,"St. Lawrence, Town","1002008","Improved land",0,0,0,0,0
2023,"St. Lawrence, Town","1002008","Total",695,675,670,20,25
2023,"St. Lawrence, Town","1002008","Vacant",0,0,0,0,0
2023,"St. Lewis, Town","1010010","Improved land",0,0,0,0,0
2023,"St. Lewis, Town","1010010","Total",110,100,100,10,10
2023,"St. Lewis, Town","1010010","Vacant",0,0,0,0,0
2023,"St. Louis, Rural municipality","1103057","Improved land",40,40,35,0,5
2023,"St. Louis, Rural municipality","1103057","Total",40,40,35,0,5
2023,"St. Louis, Rural municipality","1103057","Vacant",0,0,0,0,0
2023,"St. Lunaire-Griquet, Town","1009032","Improved land",0,0,0,0,0
2023,"St. Lunaire-Griquet, Town","1009032","Total",345,340,335,5,10
2023,"St. Lunaire-Griquet, Town","1009032","Vacant",0,0,0,0,0
2023,"St. Martins, Village","1301002","Improved land",170,160,155,10,20
2023,"St. Martins, Village","1301002","Total",215,205,200,10,15
2023,"St. Martins, Village","1301002","Vacant",45,45,45,0,0
2023,"St. Mary's, Municipal district","1213001","Improved land",1735,1625,1565,110,170
2023,"St. Mary's, Municipal district","1213001","Total",2750,2485,2395,265,355
2023,"St. Mary's, Municipal district","1213001","Vacant",1015,860,830,155,185
2023,"St. Mary's, Town","1001178","Improved land",0,0,0,0,0
2023,"St. Mary's, Town","1001178","Total",405,380,380,25,25
2023,"St. Mary's, Town","1001178","Vacant",0,0,0,0,0
2023,"St. Marys, Town","3531016","Improved land",2760,2745,2730,15,30
2023,"St. Marys, Town","3531016","Total",2920,2905,2890,15,35
2023,"St. Marys, Town","3531016","Vacant",160,160,160,0,0
2023,"St. Nicholas, Rural municipality","1103022","Improved land",120,115,115,15,15
2023,"St. Nicholas, Rural municipality","1103022","Total",140,130,130,10,10
2023,"St. Nicholas, Rural municipality","1103022","Vacant",20,15,15,5,5
2023,"St. Pauls, Town","1009020","Improved land",0,0,0,0,0
2023,"St. Pauls, Town","1009020","Total",195,190,190,5,5
2023,"St. Pauls, Town","1009020","Vacant",0,0,0,0,0
2023,"St. Peters Bay, Rural municipality","1101044","Improved land",130,120,115,10,15
2023,"St. Peters Bay, Rural municipality","1101044","Total",135,125,120,10,15
2023,"St. Peters Bay, Rural municipality","1101044","Vacant",5,5,5,0,0
2023,"St. Peters, Fire district","1101037","Improved land",480,450,430,30,50
2023,"St. Peters, Fire district","1101037","Total",545,510,485,35,60
2023,"St. Peters, Fire district","1101037","Vacant",65,60,55,5,10
2023,"St. Stephen, Town","1302037","Improved land",1600,1570,1545,30,55
2023,"St. Stephen, Town","1302037","Total",1810,1765,1735,45,75
2023,"St. Stephen, Town","1302037","Vacant",210,195,190,15,20
2023,"St. Thomas, City","3534021","Improved land",14570,14485,14415,85,150
2023,"St. Thomas, City","3534021","Total",15380,15295,15225,85,155
2023,"St. Thomas, City","3534021","Vacant",810,810,805,0,5
2023,"St.-Charles, Municipality","3552004","Improved land",845,825,820,25,25
2023,"St.-Charles, Municipality","3552004","Total",1125,1090,1090,35,35
2023,"St.-Charles, Municipality","3552004","Vacant",280,270,270,10,10
2023,"Stanley Bridge, Hope River, Bayview, Cavendish and North Rustico, Resort municipality","1102045","Improved land",410,390,370,20,40
2023,"Stanley Bridge, Hope River, Bayview, Cavendish and North Rustico, Resort municipality","1102045","Total",445,420,400,25,45
2023,"Stanley Bridge, Hope River, Bayview, Cavendish and North Rustico, Resort municipality","1102045","Vacant",35,30,30,5,5
2023,"Stanley, Parish","1310036","Improved land",480,470,450,10,30
2023,"Stanley, Parish","1310036","Total",665,635,610,30,55
2023,"Stanley, Parish","1310036","Vacant",185,165,160,20,25
2023,"Stanley, Rural municipality","4603047","Improved land",2320,0,0,0,0
2023,"Stanley, Rural municipality","4603047","Total",2410,0,0,0,0
2023,"Stanley, Rural municipality","4603047","Vacant",95,0,0,0,0
2023,"Stanley, Village","1310037","Improved land",180,170,170,5,5
2023,"Stanley, Village","1310037","Total",255,245,240,10,15
2023,"Stanley, Village","1310037","Vacant",75,70,65,5,10
2023,"Ste. Anne, Rural municipality","4602057","Improved land",1830,0,0,0,0
2023,"Ste. Anne, Rural municipality","4602057","Total",2105,0,0,0,0
2023,"Ste. Anne, Rural municipality","4602057","Vacant",275,0,0,0,0
2023,"Ste. Anne, Town","4602061","Improved land",735,0,0,0,0
2023,"Ste. Anne, Town","4602061","Total",795,0,0,0,0
2023,"Ste. Anne, Town","4602061","Vacant",60,0,0,0,0
2023,"Ste. Rose, Municipality","4617041","Improved land",670,0,0,0,0
2023,"Ste. Rose, Municipality","4617041","Total",790,0,0,0,0
2023,"Ste. Rose, Municipality","4617041","Vacant",120,0,0,0,0
2023,"Steady Brook, Town","1005011","Improved land",0,0,0,0,0
2023,"Steady Brook, Town","1005011","Total",235,235,225,5,10
2023,"Steady Brook, Town","1005011","Vacant",0,0,0,0,0
2023,"Steinbach, Census agglomeration (CA)","605","Improved land",5300,0,0,0,0
2023,"Steinbach, Census agglomeration (CA)","605","Total",5570,0,0,0,0
2023,"Steinbach, Census agglomeration (CA)","605","Vacant",270,0,0,0,0
2023,"Steinbach, City","4602044","Improved land",5300,0,0,0,0
2023,"Steinbach, City","4602044","Total",5570,0,0,0,0
2023,"Steinbach, City","4602044","Vacant",270,0,0,0,0
2023,"Stellarton, Town","1212009","Improved land",1535,1510,1485,25,50
2023,"Stellarton, Town","1212009","Total",1695,1670,1645,25,50
2023,"Stellarton, Town","1212009","Vacant",160,160,160,0,0
2023,"Stephenville Crossing, Town","1004018","Improved land",0,0,0,0,0
2023,"Stephenville Crossing, Town","1004018","Total",840,815,805,25,35
2023,"Stephenville Crossing, Town","1004018","Vacant",0,0,0,0,0
2023,"Stephenville, Town","1004019","Improved land",0,0,0,0,0
2023,"Stephenville, Town","1004019","Total",2480,2410,2360,70,120
2023,"Stephenville, Town","1004019","Vacant",0,0,0,0,0
2023,"Stewart Crossing, Settlement","6001050","Improved land",10,0,0,0,0
2023,"Stewart Crossing, Settlement","6001050","Total",10,0,0,0,0
2023,"Stewart Crossing, Settlement","6001050","Vacant",0,0,0,0,0
2023,"Stewart, District municipality","5949032","Improved land",315,305,290,5,20
2023,"Stewart, District municipality","5949032","Total",690,670,640,20,50
2023,"Stewart, District municipality","5949032","Vacant",375,360,350,15,25
2023,"Stewiacke, Town","1210002","Improved land",640,635,625,5,15
2023,"Stewiacke, Town","1210002","Total",755,750,740,5,15
2023,"Stewiacke, Town","1210002","Vacant",115,115,115,0,0
2023,"Stikine Region, Regional district electoral area","5957022","Improved land",465,400,385,65,80
2023,"Stikine Region, Regional district electoral area","5957022","Total",940,840,820,100,120
2023,"Stikine Region, Regional district electoral area","5957022","Vacant",475,440,435,35,40
2023,"Stirling-Rawdon, Township","3512020","Improved land",1975,1965,1950,10,25
2023,"Stirling-Rawdon, Township","3512020","Total",2350,2330,2310,20,40
2023,"Stirling-Rawdon, Township","3512020","Vacant",375,365,360,10,15
2023,"Stone Mills, Township","3511030","Improved land",3600,3555,3505,45,95
2023,"Stone Mills, Township","3511030","Total",4400,4325,4260,75,140
2023,"Stone Mills, Township","3511030","Vacant",800,770,755,30,45
2023,"Stonewall, Town","4614039","Improved land",1775,0,0,0,0
2023,"Stonewall, Town","4614039","Total",1980,0,0,0,0
2023,"Stonewall, Town","4614039","Vacant",205,0,0,0,0
2023,"Stratford, Census agglomeration (CA)","553","Improved land",11635,11520,11445,125,190
2023,"Stratford, Census agglomeration (CA)","553","Total",11865,11740,11675,125,190
2023,"Stratford, Census agglomeration (CA)","553","Vacant",230,230,230,0,0
2023,"Stratford, City","3531011","Improved land",11635,11520,11445,125,190
2023,"Stratford, City","3531011","Total",11865,11740,11675,125,190
2023,"Stratford, City","3531011","Vacant",230,230,230,0,0
2023,"Stratford, Town","1102080","Improved land",3860,3720,3605,140,255
2023,"Stratford, Town","1102080","Total",3930,3790,3670,140,255
2023,"Stratford, Town","1102080","Vacant",70,70,65,0,5
2023,"Strathcona A, Regional district electoral area","5924048","Improved land",400,385,375,15,30
2023,"Strathcona A, Regional district electoral area","5924048","Total",665,645,625,20,40
2023,"Strathcona A, Regional district electoral area","5924048","Vacant",260,255,250,5,10
2023,"Strathcona B, Regional district electoral area","5924052","Improved land",650,575,550,75,100
2023,"Strathcona B, Regional district electoral area","5924052","Total",785,690,655,95,130
2023,"Strathcona B, Regional district electoral area","5924052","Vacant",135,115,105,20,30
2023,"Strathcona C, Regional district electoral area","5924054","Improved land",1430,1345,1305,85,125
2023,"Strathcona C, Regional district electoral area","5924054","Total",1875,1755,1710,120,165
2023,"Strathcona C, Regional district electoral area","5924054","Vacant",445,410,405,35,40
2023,"Strathcona D (Oyster Bay - Buttle Lake), Regional district electoral area","5924042","Improved land",1700,1675,1650,25,50
2023,"Strathcona D (Oyster Bay - Buttle Lake), Regional district electoral area","5924042","Total",1850,1820,1790,30,60
2023,"Strathcona D (Oyster Bay - Buttle Lake), Regional district electoral area","5924042","Vacant",150,145,140,5,10
2023,"Strathroy-Caradoc, Municipality","3539015","Improved land",8350,8315,8270,35,80
2023,"Strathroy-Caradoc, Municipality","3539015","Total",8870,8835,8785,35,85
2023,"Strathroy-Caradoc, Municipality","3539015","Vacant",520,520,515,0,5
2023,"Strong, Township","3549046","Improved land",960,945,930,15,30
2023,"Strong, Township","3549046","Total",1535,1500,1465,35,70
2023,"Strong, Township","3549046","Vacant",575,555,535,20,40
2023,"Stuartburn, Rural municipality","4601035","Improved land",825,0,0,0,0
2023,"Stuartburn, Rural municipality","4601035","Total",1000,0,0,0,0
2023,"Stuartburn, Rural municipality","4601035","Vacant",180,0,0,0,0
2023,"Studholm, Parish","1305031","Improved land",1525,1490,1455,35,65
2023,"Studholm, Parish","1305031","Total",1970,1925,1880,45,90
2023,"Studholm, Parish","1305031","Vacant",445,430,420,15,25
2023,"Sudbury, Unorganized, North Part, Unorganized","3552093","Improved land",4700,4400,4295,300,410
2023,"Sudbury, Unorganized, North Part, Unorganized","3552093","Total",6605,6220,6090,390,515
2023,"Sudbury, Unorganized, North Part, Unorganized","3552093","Vacant",1900,1810,1795,90,105
2023,"Summerford, Town","1008033","Improved land",0,0,0,0,0
2023,"Summerford, Town","1008033","Total",480,475,470,5,10
2023,"Summerford, Town","1008033","Vacant",0,0,0,0,0
2023,"Summerland, District municipality","5907035","Improved land",4585,4535,4465,55,120
2023,"Summerland, District municipality","5907035","Total",4835,4785,4705,50,125
2023,"Summerland, District municipality","5907035","Vacant",250,245,245,5,5
2023,"Summerside, Census agglomeration (CA)","110","Improved land",5440,5340,5240,105,215
2023,"Summerside, Census agglomeration (CA)","110","Total",5585,5475,5365,110,225
2023,"Summerside, Census agglomeration (CA)","110","Vacant",140,135,130,5,10
2023,"Summerside, City","1103025","Improved land",4535,4445,4365,90,170
2023,"Summerside, City","1103025","Total",4620,4530,4445,90,175
2023,"Summerside, City","1103025","Vacant",85,85,80,0,5
2023,"Sun Peaks Mountain, Village","5933045","Improved land",1220,1070,1055,150,165
2023,"Sun Peaks Mountain, Village","5933045","Total",1275,1115,1100,160,175
2023,"Sun Peaks Mountain, Village","5933045","Vacant",55,45,45,10,10
2023,"Sundridge, Village","3549048","Improved land",470,465,455,5,10
2023,"Sundridge, Village","3549048","Total",600,590,585,10,15
2023,"Sundridge, Village","3549048","Vacant",130,125,125,5,5
2023,"Sunnyside, Town","1001277","Improved land",0,0,0,0,0
2023,"Sunnyside, Town","1001277","Total",385,370,365,15,20
2023,"Sunnyside, Town","1001277","Vacant",0,0,0,0,0
2023,"Sunshine Coast A, Regional district electoral area","5929018","Improved land",2525,2410,2310,115,220
2023,"Sunshine Coast A, Regional district electoral area","5929018","Total",3220,3065,2940,155,280
2023,"Sunshine Coast A, Regional district electoral area","5929018","Vacant",695,655,630,40,65
2023,"Sunshine Coast B, Regional district electoral area","5929022","Improved land",1725,1655,1590,70,135
2023,"Sunshine Coast B, Regional district electoral area","5929022","Total",1990,1900,1820,90,170
2023,"Sunshine Coast B, Regional district electoral area","5929022","Vacant",265,245,230,20,35
2023,"Sunshine Coast D, Regional district electoral area","5929024","Improved land",1440,1400,1370,40,70
2023,"Sunshine Coast D, Regional district electoral area","5929024","Total",1520,1475,1445,45,75
2023,"Sunshine Coast D, Regional district electoral area","5929024","Vacant",80,75,75,5,5
2023,"Sunshine Coast E, Regional district electoral area","5929026","Improved land",1435,1405,1370,30,65
2023,"Sunshine Coast E, Regional district electoral area","5929026","Total",1540,1490,1450,50,90
2023,"Sunshine Coast E, Regional district electoral area","5929026","Vacant",105,85,80,20,25
2023,"Sunshine Coast F, Regional district electoral area","5929028","Improved land",1845,1760,1670,85,175
2023,"Sunshine Coast F, Regional district electoral area","5929028","Total",2350,2215,2100,135,250
2023,"Sunshine Coast F, Regional district electoral area","5929028","Vacant",505,455,430,50,75
2023,"Surrey, City","5915004","Improved land",154265,151025,148555,3235,5705
2023,"Surrey, City","5915004","Total",156475,153220,150725,3255,5750
2023,"Surrey, City","5915004","Vacant",2215,2195,2170,20,45
2023,"Sussex Corner, Village","1305023","Improved land",445,440,430,5,15
2023,"Sussex Corner, Village","1305023","Total",500,495,485,5,15
2023,"Sussex Corner, Village","1305023","Vacant",55,55,55,0,0
2023,"Sussex, Parish","1305021","Improved land",995,980,970,15,25
2023,"Sussex, Parish","1305021","Total",1395,1370,1350,25,45
2023,"Sussex, Parish","1305021","Vacant",400,390,380,10,20
2023,"Sussex, Town","1305022","Improved land",1590,1570,1545,20,40
2023,"Sussex, Town","1305022","Total",1745,1720,1695,25,50
2023,"Sussex, Town","1305022","Vacant",155,150,150,5,5
2023,"Swan River, Town","4620048","Improved land",1455,0,0,0,0
2023,"Swan River, Town","4620048","Total",1735,0,0,0,0
2023,"Swan River, Town","4620048","Vacant",280,0,0,0,0
2023,"Swan Valley West, Municipality","4620042","Improved land",1270,0,0,0,0
2023,"Swan Valley West, Municipality","4620042","Total",1560,0,0,0,0
2023,"Swan Valley West, Municipality","4620042","Vacant",290,0,0,0,0
2023,"Taché, Rural municipality","4602069","Improved land",3895,0,0,0,0
2023,"Taché, Rural municipality","4602069","Total",4265,0,0,0,0
2023,"Taché, Rural municipality","4602069","Vacant",370,0,0,0,0
2023,"Tagish, Settlement","6001036","Improved land",390,0,0,0,0
2023,"Tagish, Settlement","6001036","Total",455,0,0,0,0
2023,"Tagish, Settlement","6001036","Vacant",65,0,0,0,0
2023,"Tahsis, Village","5924030","Improved land",345,290,285,55,60
2023,"Tahsis, Village","5924030","Total",400,340,335,55,65
2023,"Tahsis, Village","5924030","Vacant",55,50,50,5,5
2023,"Taloyoak, Hamlet","6208087","Improved land",0,0,0,0,0
2023,"Taloyoak, Hamlet","6208087","Total",285,285,280,0,5
2023,"Taloyoak, Hamlet","6208087","Vacant",0,0,0,0,0
2023,"Tarbutt and Tarbutt Additional, Township","3557014","Improved land",405,365,360,35,45
2023,"Tarbutt and Tarbutt Additional, Township","3557014","Total",525,475,465,50,60
2023,"Tarbutt and Tarbutt Additional, Township","3557014","Vacant",120,105,105,15,15
2023,"Tay Valley, Township","3509015","Improved land",3835,3710,3645,120,190
2023,"Tay Valley, Township","3509015","Total",4940,4765,4665,175,275
2023,"Tay Valley, Township","3509015","Vacant",1105,1050,1020,55,85
2023,"Tay, Township","3543071","Improved land",5090,5040,4980,50,110
2023,"Tay, Township","3543071","Total",6200,6120,6040,80,160
2023,"Tay, Township","3543071","Vacant",1110,1080,1060,30,50
2023,"Taylor, District municipality","5955030","Improved land",565,540,535,25,30
2023,"Taylor, District municipality","5955030","Total",685,665,655,25,30
2023,"Taylor, District municipality","5955030","Vacant",120,120,120,0,0
2023,"Tecumseh, Town","3537048","Improved land",8580,8515,8455,65,125
2023,"Tecumseh, Town","3537048","Total",8750,8680,8620,70,130
2023,"Tecumseh, Town","3537048","Vacant",170,165,165,5,5
2023,"Tehkummah, Township","3551001","Improved land",370,340,335,30,35
2023,"Tehkummah, Township","3551001","Total",700,655,650,45,50
2023,"Tehkummah, Township","3551001","Vacant",330,315,315,15,15
2023,"Telkwa, Village","5951038","Improved land",530,525,510,5,20
2023,"Telkwa, Village","5951038","Total",600,595,580,5,20
2023,"Telkwa, Village","5951038","Vacant",70,70,70,0,0
2023,"Temagami, Municipality","3548069","Improved land",1315,1090,1055,225,260
2023,"Temagami, Municipality","3548069","Total",1680,1445,1405,235,275
2023,"Temagami, Municipality","3548069","Vacant",365,355,350,10,15
2023,"Temiskaming Shores, City","3554020","Improved land",3915,3865,3840,55,80
2023,"Temiskaming Shores, City","3554020","Total",4985,4895,4860,90,125
2023,"Temiskaming Shores, City","3554020","Vacant",1060,1025,1015,35,45
2023,"Terra Nova, Town","1007040","Improved land",0,0,0,0,0
2023,"Terra Nova, Town","1007040","Total",230,225,215,10,15
2023,"Terra Nova, Town","1007040","Vacant",0,0,0,0,0
2023,"Terrace Bay, Township","3558054","Improved land",720,710,700,10,15
2023,"Terrace Bay, Township","3558054","Total",900,890,880,10,20
2023,"Terrace Bay, Township","3558054","Vacant",180,180,180,0,0
2023,"Terrace, Census agglomeration (CA)","965","Improved land",6585,6480,6375,110,215
2023,"Terrace, Census agglomeration (CA)","965","Total",7760,7605,7420,155,340
2023,"Terrace, Census agglomeration (CA)","965","Vacant",1175,1125,1045,50,130
2023,"Terrace, City","5949011","Improved land",4025,3980,3920,45,105
2023,"Terrace, City","5949011","Total",4310,4255,4195,55,115
2023,"Terrace, City","5949011","Vacant",285,275,275,10,10
2023,"Terrenceville, Town","1002036","Improved land",0,0,0,0,0
2023,"Terrenceville, Town","1002036","Total",265,265,260,0,5
2023,"Terrenceville, Town","1002036","Vacant",0,0,0,0,0
2023,"Teslin Post 13, Self-government","6001007","Improved land",30,0,0,0,0
2023,"Teslin Post 13, Self-government","6001007","Total",90,0,0,0,0
2023,"Teslin Post 13, Self-government","6001007","Vacant",60,0,0,0,0
2023,"Teslin, Village","6001006","Improved land",100,0,0,0,0
2023,"Teslin, Village","6001006","Total",185,0,0,0,0
2023,"Teslin, Village","6001006","Vacant",85,0,0,0,0
2023,"Teulon, Town","4614042","Improved land",485,0,0,0,0
2023,"Teulon, Town","4614042","Total",570,0,0,0,0
2023,"Teulon, Town","4614042","Vacant",85,0,0,0,0
2023,"Thames Centre, Municipality","3539027","Improved land",5005,4980,4950,20,50
2023,"Thames Centre, Municipality","3539027","Total",5310,5285,5255,25,55
2023,"Thames Centre, Municipality","3539027","Vacant",310,305,305,5,5
2023,"The Archipelago, Township","3549005","Improved land",3300,2860,2750,440,550
2023,"The Archipelago, Township","3549005","Total",3745,3260,3140,485,605
2023,"The Archipelago, Township","3549005","Vacant",445,400,390,45,55
2023,"The Blue Mountains, Town","3542045","Improved land",7435,7300,7235,135,200
2023,"The Blue Mountains, Town","3542045","Total",8860,8700,8625,160,235
2023,"The Blue Mountains, Town","3542045","Vacant",1425,1400,1390,25,35
2023,"The Nation, Municipality","3502025","Improved land",4865,4845,4825,20,40
2023,"The Nation, Municipality","3502025","Total",5570,5540,5515,30,55
2023,"The Nation, Municipality","3502025","Vacant",705,695,690,10,15
2023,"The North Shore, Township","3557040","Improved land",365,360,355,5,10
2023,"The North Shore, Township","3557040","Total",610,595,585,15,25
2023,"The North Shore, Township","3557040","Vacant",245,235,230,10,15
2023,"The Pas, Town","4621045","Improved land",1655,0,0,0,0
2023,"The Pas, Town","4621045","Total",1895,0,0,0,0
2023,"The Pas, Town","4621045","Vacant",235,0,0,0,0
2023,"Thessalon, Town","3557028","Improved land",530,525,520,5,10
2023,"Thessalon, Town","3557028","Total",750,735,730,15,20
2023,"Thessalon, Town","3557028","Vacant",220,210,210,10,10
2023,"Thompson, Census agglomeration (CA)","640","Improved land",3285,0,0,0,0
2023,"Thompson, Census agglomeration (CA)","640","Total",3460,0,0,0,0
2023,"Thompson, Census agglomeration (CA)","640","Vacant",175,0,0,0,0
2023,"Thompson, City","4622026","Improved land",3285,0,0,0,0
2023,"Thompson, City","4622026","Total",3460,0,0,0,0
2023,"Thompson, City","4622026","Vacant",175,0,0,0,0
2023,"Thompson, Rural municipality","4603058","Improved land",455,0,0,0,0
2023,"Thompson, Rural municipality","4603058","Total",530,0,0,0,0
2023,"Thompson, Rural municipality","4603058","Vacant",75,0,0,0,0
2023,"Thompson-Nicola A (Wells Gray Country), Regional district electoral area","5933068","Improved land",640,620,615,15,25
2023,"Thompson-Nicola A (Wells Gray Country), Regional district electoral area","5933068","Total",775,750,735,25,40
2023,"Thompson-Nicola A (Wells Gray Country), Regional district electoral area","5933068","Vacant",135,125,120,10,15
2023,"Thompson-Nicola B (Thompson Headwaters), Regional district electoral area","5933070","Improved land",170,165,160,5,10
2023,"Thompson-Nicola B (Thompson Headwaters), Regional district electoral area","5933070","Total",325,310,300,15,25
2023,"Thompson-Nicola B (Thompson Headwaters), Regional district electoral area","5933070","Vacant",155,145,140,10,15
2023,"Thompson-Nicola E (Bonaparte Plateau), Regional district electoral area","5933032","Improved land",1470,1410,1345,60,125
2023,"Thompson-Nicola E (Bonaparte Plateau), Regional district electoral area","5933032","Total",2160,2075,2000,85,160
2023,"Thompson-Nicola E (Bonaparte Plateau), Regional district electoral area","5933032","Vacant",690,665,655,25,35
2023,"Thompson-Nicola I (Blue Sky Country), Regional district electoral area","5933037","Improved land",550,535,505,25,45
2023,"Thompson-Nicola I (Blue Sky Country), Regional district electoral area","5933037","Total",825,775,750,50,75
2023,"Thompson-Nicola I (Blue Sky Country), Regional district electoral area","5933037","Vacant",275,250,245,25,30
2023,"Thompson-Nicola J (Copper Desert Country), Regional district electoral area","5933039","Improved land",1240,1215,1180,25,60
2023,"Thompson-Nicola J (Copper Desert Country), Regional district electoral area","5933039","Total",1585,1550,1510,40,75
2023,"Thompson-Nicola J (Copper Desert Country), Regional district electoral area","5933039","Vacant",345,335,330,10,15
2023,"Thompson-Nicola L (Grasslands), Regional district electoral area","5933060","Improved land",1170,1155,1135,15,35
2023,"Thompson-Nicola L (Grasslands), Regional district electoral area","5933060","Total",1410,1395,1375,15,35
2023,"Thompson-Nicola L (Grasslands), Regional district electoral area","5933060","Vacant",240,240,235,0,5
2023,"Thompson-Nicola M (Beautiful Nicola Valley - North), Regional district electoral area","5933008","Improved land",975,955,935,15,35
2023,"Thompson-Nicola M (Beautiful Nicola Valley - North), Regional district electoral area","5933008","Total",1360,1335,1310,25,50
2023,"Thompson-Nicola M (Beautiful Nicola Valley - North), Regional district electoral area","5933008","Vacant",390,380,375,10,15
2023,"Thompson-Nicola N (Beautiful Nicola Valley - South), Regional district electoral area","5933012","Improved land",410,400,390,10,20
2023,"Thompson-Nicola N (Beautiful Nicola Valley - South), Regional district electoral area","5933012","Total",570,555,545,15,25
2023,"Thompson-Nicola N (Beautiful Nicola Valley - South), Regional district electoral area","5933012","Vacant",160,155,155,5,5
2023,"Thompson-Nicola O (Lower North Thompson), Regional district electoral area","5933072","Improved land",950,915,870,35,80
2023,"Thompson-Nicola O (Lower North Thompson), Regional district electoral area","5933072","Total",1165,1115,1065,50,100
2023,"Thompson-Nicola O (Lower North Thompson), Regional district electoral area","5933072","Vacant",215,200,195,15,20
2023,"Thompson-Nicola P (Rivers and the Peaks), Regional district electoral area","5933044","Improved land",1895,1870,1835,25,55
2023,"Thompson-Nicola P (Rivers and the Peaks), Regional district electoral area","5933044","Total",2180,2145,2105,35,75
2023,"Thompson-Nicola P (Rivers and the Peaks), Regional district electoral area","5933044","Vacant",285,275,270,10,15
2023,"Thornloe, Village","3554038","Improved land",45,45,45,0,0
2023,"Thornloe, Village","3554038","Total",80,75,75,5,5
2023,"Thornloe, Village","3554038","Vacant",35,30,30,5,5
2023,"Thorold, City","3526037","Improved land",8610,8500,8430,110,175
2023,"Thorold, City","3526037","Total",9970,9850,9770,120,200
2023,"Thorold, City","3526037","Vacant",1360,1350,1340,10,20
2023,"Three Rivers, Town","1101045","Improved land",3500,3305,3195,195,305
2023,"Three Rivers, Town","1101045","Total",3820,3600,3470,220,350
2023,"Three Rivers, Town","1101045","Vacant",320,295,275,25,45
2023,"Thunder Bay, Census metropolitan area (CMA)","595","Improved land",45430,45015,44720,405,705
2023,"Thunder Bay, Census metropolitan area (CMA)","595","Total",50440,49795,49455,640,985
2023,"Thunder Bay, Census metropolitan area (CMA)","595","Vacant",5010,4780,4735,230,275
2023,"Thunder Bay, City","3558004","Improved land",39340,39020,38775,315,565
2023,"Thunder Bay, City","3558004","Total",41365,41005,40740,360,625
2023,"Thunder Bay, City","3558004","Vacant",2025,1980,1965,45,60
2023,"Thunder Bay, Unorganized, Unorganized","3558090","Improved land",6390,6020,5870,370,520
2023,"Thunder Bay, Unorganized, Unorganized","3558090","Total",8975,8385,8190,590,785
2023,"Thunder Bay, Unorganized, Unorganized","3558090","Vacant",2585,2365,2320,220,265
2023,"Tide Head, Village","1314015","Improved land",405,400,390,5,15
2023,"Tide Head, Village","1314015","Total",475,460,450,15,25
2023,"Tide Head, Village","1314015","Vacant",70,60,60,10,10
2023,"Tignish Shore, Rural municipality","1103060","Improved land",45,40,40,5,5
2023,"Tignish Shore, Rural municipality","1103060","Total",50,45,45,5,5
2023,"Tignish Shore, Rural municipality","1103060","Vacant",5,5,5,0,0
2023,"Tignish, Fire district","1103061","Improved land",870,835,815,35,55
2023,"Tignish, Fire district","1103061","Total",945,905,880,40,65
2023,"Tignish, Fire district","1103061","Vacant",75,70,65,5,5
2023,"Tignish, Town","1103059","Improved land",330,320,315,10,15
2023,"Tignish, Town","1103059","Total",355,345,340,10,15
2023,"Tignish, Town","1103059","Vacant",25,25,25,0,0
2023,"Tillsonburg, Census agglomeration (CA)","546","Improved land",6910,6870,6835,40,75
2023,"Tillsonburg, Census agglomeration (CA)","546","Total",7360,7315,7280,45,80
2023,"Tillsonburg, Census agglomeration (CA)","546","Vacant",450,445,445,5,5
2023,"Tillsonburg, Town","3532004","Improved land",6910,6870,6835,40,75
2023,"Tillsonburg, Town","3532004","Total",7360,7315,7280,45,80
2023,"Tillsonburg, Town","3532004","Vacant",450,445,445,5,5
2023,"Timiskaming, Unorganized, West Part, Unorganized","3554094","Improved land",3020,2875,2805,145,215
2023,"Timiskaming, Unorganized, West Part, Unorganized","3554094","Total",5525,5105,4970,420,555
2023,"Timiskaming, Unorganized, West Part, Unorganized","3554094","Vacant",2505,2230,2165,275,340
2023,"Timmins, Census agglomeration (CA)","586","Improved land",14325,14225,14150,95,175
2023,"Timmins, Census agglomeration (CA)","586","Total",17970,17690,17520,280,450
2023,"Timmins, Census agglomeration (CA)","586","Vacant",3645,3460,3370,185,275
2023,"Timmins, City","3556027","Improved land",14325,14225,14150,95,175
2023,"Timmins, City","3556027","Total",17970,17690,17520,280,450
2023,"Timmins, City","3556027","Vacant",3645,3460,3370,185,275
2023,"Tiny, Township","3543068","Improved land",9875,9710,9565,175,310
2023,"Tiny, Township","3543068","Total",12175,11940,11770,235,405
2023,"Tiny, Township","3543068","Vacant",2300,2240,2205,60,95
2023,"Tofino, District municipality","5923025","Improved land",945,890,870,50,75
2023,"Tofino, District municipality","5923025","Total",1030,975,950,55,80
2023,"Tofino, District municipality","5923025","Vacant",90,85,80,5,10
2023,"Torbay, Town","1001509","Improved land",0,0,0,0,0
2023,"Torbay, Town","1001509","Total",3660,3585,3505,75,155
2023,"Torbay, Town","1001509","Vacant",0,0,0,0,0
2023,"Toronto, Census metropolitan area (CMA)","535","Improved land",1854295,1804615,1782800,49665,71500
2023,"Toronto, Census metropolitan area (CMA)","535","Total",1884995,1834990,1812980,50010,72025
2023,"Toronto, Census metropolitan area (CMA)","535","Vacant",30705,30370,30185,335,520
2023,"Toronto, City","3520005","Improved land",829380,796695,785510,32685,43870
2023,"Toronto, City","3520005","Total",833685,800895,789655,32790,44030
2023,"Toronto, City","3520005","Vacant",4305,4200,4145,105,160
2023,"Tracadie, Regional municipality","1315002","Improved land",6675,6620,6455,60,225
2023,"Tracadie, Regional municipality","1315002","Total",9295,9170,8950,120,345
2023,"Tracadie, Regional municipality","1315002","Vacant",2615,2555,2495,60,120
2023,"Tracy, Village","1303005","Improved land",265,265,265,0,0
2023,"Tracy, Village","1303005","Total",335,330,330,5,5
2023,"Tracy, Village","1303005","Vacant",70,65,65,5,5
2023,"Trail, Census agglomeration (CA)","910","Improved land",5895,5755,5645,135,240
2023,"Trail, Census agglomeration (CA)","910","Total",6320,6175,6065,145,255
2023,"Trail, Census agglomeration (CA)","910","Vacant",430,420,415,10,15
2023,"Trail, City","5905014","Improved land",3265,3170,3090,100,175
2023,"Trail, City","5905014","Total",3420,3320,3240,100,180
2023,"Trail, City","5905014","Vacant",155,150,150,5,5
2023,"Traytown, Town","1007037","Improved land",0,0,0,0,0
2023,"Traytown, Town","1007037","Total",205,200,190,5,15
2023,"Traytown, Town","1007037","Vacant",0,0,0,0,0
2023,"Trent Hills, Municipality","3514045","Improved land",6620,6515,6450,105,170
2023,"Trent Hills, Municipality","3514045","Total",8830,8670,8580,160,250
2023,"Trent Hills, Municipality","3514045","Vacant",2210,2155,2130,55,80
2023,"Trent Lakes, Municipality","3515044","Improved land",6170,6020,5920,150,250
2023,"Trent Lakes, Municipality","3515044","Total",7555,7370,7240,185,315
2023,"Trent Lakes, Municipality","3515044","Vacant",1385,1350,1320,35,65
2023,"Trenton, Town","1212016","Improved land",995,975,965,20,30
2023,"Trenton, Town","1212016","Total",1140,1115,1105,25,35
2023,"Trenton, Town","1212016","Vacant",145,140,140,5,5
2023,"Trepassey, Town","1001113","Improved land",0,0,0,0,0
2023,"Trepassey, Town","1001113","Total",530,505,485,25,45
2023,"Trepassey, Town","1001113","Vacant",0,0,0,0,0
2023,"Trinity (Trinity Bay), Town","1007015","Improved land",0,0,0,0,0
2023,"Trinity (Trinity Bay), Town","1007015","Total",290,240,235,50,55
2023,"Trinity (Trinity Bay), Town","1007015","Vacant",0,0,0,0,0
2023,"Trinity Bay North, Town","1007022","Improved land",0,0,0,0,0
2023,"Trinity Bay North, Town","1007022","Total",1145,1115,1110,30,35
2023,"Trinity Bay North, Town","1007022","Vacant",0,0,0,0,0
2023,"Triton, Town","1008054","Improved land",0,0,0,0,0
2023,"Triton, Town","1008054","Total",510,505,500,5,10
2023,"Triton, Town","1008054","Vacant",0,0,0,0,0
2023,"Trout River, Town","1009010","Improved land",0,0,0,0,0
2023,"Trout River, Town","1009010","Total",475,455,445,20,30
2023,"Trout River, Town","1009010","Vacant",0,0,0,0,0
2023,"Truro, Census agglomeration (CA)","215","Improved land",17615,17355,17045,260,575
2023,"Truro, Census agglomeration (CA)","215","Total",21385,21020,20615,365,770
2023,"Truro, Census agglomeration (CA)","215","Vacant",3765,3665,3570,100,195
2023,"Truro, Town","1210006","Improved land",3660,3595,3545,65,115
2023,"Truro, Town","1210006","Total",4025,3950,3890,75,135
2023,"Truro, Town","1210006","Vacant",365,355,345,10,20
2023,"Tudor and Cashel, Township","3512048","Improved land",880,860,845,20,35
2023,"Tudor and Cashel, Township","3512048","Total",1355,1310,1280,45,75
2023,"Tudor and Cashel, Township","3512048","Vacant",475,450,435,25,40
2023,"Tumbler Ridge, District municipality","5955003","Improved land",1495,1455,1430,40,70
2023,"Tumbler Ridge, District municipality","5955003","Total",1845,1795,1765,50,80
2023,"Tumbler Ridge, District municipality","5955003","Vacant",350,340,335,10,15
2023,"Tweed, Municipality","3512030","Improved land",2930,2880,2845,50,85
2023,"Tweed, Municipality","3512030","Total",4275,4160,4085,115,185
2023,"Tweed, Municipality","3512030","Vacant",1345,1280,1240,65,105
2023,"Twillingate, Town","1008035","Improved land",0,0,0,0,0
2023,"Twillingate, Town","1008035","Total",1550,1525,1505,25,45
2023,"Twillingate, Town","1008035","Vacant",0,0,0,0,0
2023,"Two Borders, Municipality","4605056","Improved land",595,0,0,0,0
2023,"Two Borders, Municipality","4605056","Total",820,0,0,0,0
2023,"Two Borders, Municipality","4605056","Vacant",225,0,0,0,0
2023,"Tyendinaga, Township","3512001","Improved land",1675,1660,1645,15,30
2023,"Tyendinaga, Township","3512001","Total",2035,2005,1985,30,50
2023,"Tyendinaga, Township","3512001","Vacant",360,345,340,15,20
2023,"Tyne Valley, Fire district","1103021","Improved land",355,340,335,15,20
2023,"Tyne Valley, Fire district","1103021","Total",375,360,355,15,20
2023,"Tyne Valley, Fire district","1103021","Vacant",20,20,20,0,0
2023,"Tyne Valley, Rural municipality","1103033","Improved land",90,85,85,5,5
2023,"Tyne Valley, Rural municipality","1103033","Total",105,100,100,5,5
2023,"Tyne Valley, Rural municipality","1103033","Vacant",15,15,15,0,0
2023,"Ucluelet, District municipality","5923019","Improved land",855,840,810,25,45
2023,"Ucluelet, District municipality","5923019","Total",1045,1015,995,30,50
2023,"Ucluelet, District municipality","5923019","Vacant",185,180,180,5,5
2023,"Union Road, Rural municipality","1102050","Improved land",85,85,80,0,5
2023,"Union Road, Rural municipality","1102050","Total",90,90,85,0,5
2023,"Union Road, Rural municipality","1102050","Vacant",5,5,5,0,0
2023,"Upham, Parish","1305004","Improved land",600,590,575,10,20
2023,"Upham, Parish","1305004","Total",840,815,795,20,45
2023,"Upham, Parish","1305004","Vacant",240,230,220,10,20
2023,"Upper Island Cove, Town","1001385","Improved land",0,0,0,0,0
2023,"Upper Island Cove, Town","1001385","Total",990,965,955,25,35
2023,"Upper Island Cove, Town","1001385","Vacant",0,0,0,0,0
2023,"Upper Liard, Settlement","6001032","Improved land",20,0,0,0,0
2023,"Upper Liard, Settlement","6001032","Total",40,0,0,0,0
2023,"Upper Liard, Settlement","6001032","Vacant",20,0,0,0,0
2023,"Upper Miramichi, Rural community","1309027","Improved land",1300,1260,1210,40,85
2023,"Upper Miramichi, Rural community","1309027","Total",2275,2160,2085,115,190
2023,"Upper Miramichi, Rural community","1309027","Vacant",975,900,870,75,105
2023,"Uxbridge, Township","3518029","Improved land",7455,7410,7350,45,105
2023,"Uxbridge, Township","3518029","Total",7970,7915,7850,55,120
2023,"Uxbridge, Township","3518029","Vacant",515,505,500,10,15
2023,"Val Rita-Harty, Township","3556070","Improved land",350,345,340,5,10
2023,"Val Rita-Harty, Township","3556070","Total",540,525,515,15,25
2023,"Val Rita-Harty, Township","3556070","Vacant",190,180,175,10,15
2023,"Valemount, Village","5953007","Improved land",515,490,485,25,35
2023,"Valemount, Village","5953007","Total",695,655,640,40,50
2023,"Valemount, Village","5953007","Vacant",175,160,155,15,20
2023,"Vancouver, Census metropolitan area (CMA)","933","Improved land",832365,798730,782205,33640,50155
2023,"Vancouver, Census metropolitan area (CMA)","933","Total",842730,808930,792275,33800,50455
2023,"Vancouver, Census metropolitan area (CMA)","933","Vacant",10365,10205,10075,160,290
2023,"Vancouver, City","5915022","Improved land",202020,189595,184840,12430,17200
2023,"Vancouver, City","5915022","Total",202335,189900,185135,12435,17200
2023,"Vancouver, City","5915022","Vacant",305,300,300,5,5
2023,"Vanderhoof, District municipality","5951007","Improved land",1435,1425,1410,10,25
2023,"Vanderhoof, District municipality","5951007","Total",1840,1825,1810,15,30
2023,"Vanderhoof, District municipality","5951007","Vacant",405,400,400,5,5
2023,"Vaughan, City","3519028","Improved land",105670,104175,103195,1500,2475
2023,"Vaughan, City","3519028","Total",107940,106435,105450,1505,2490
2023,"Vaughan, City","3519028","Vacant",2270,2260,2255,10,15
2023,"Vernon River, Fire district","1102016","Improved land",1025,995,970,35,55
2023,"Vernon River, Fire district","1102016","Total",1140,1105,1080,35,60
2023,"Vernon River, Fire district","1102016","Vacant",115,110,110,5,5
2023,"Vernon, Census agglomeration (CA)","918","Improved land",23655,23170,22800,485,855
2023,"Vernon, Census agglomeration (CA)","918","Total",24795,24240,23845,555,950
2023,"Vernon, Census agglomeration (CA)","918","Vacant",1140,1070,1045,70,95
2023,"Vernon, City","5937014","Improved land",16780,16485,16235,285,555
2023,"Vernon, City","5937014","Total",17470,17150,16880,320,590
2023,"Vernon, City","5937014","Vacant",695,660,645,35,50
2023,"Victoria Beach, Rural municipality","4601078","Improved land",1520,0,0,0,0
2023,"Victoria Beach, Rural municipality","4601078","Total",1850,0,0,0,0
2023,"Victoria Beach, Rural municipality","4601078","Vacant",330,0,0,0,0
2023,"Victoria, Census metropolitan area (CMA)","935","Improved land",129585,127165,125330,2420,4255
2023,"Victoria, Census metropolitan area (CMA)","935","Total",131925,129440,127575,2485,4350
2023,"Victoria, Census metropolitan area (CMA)","935","Vacant",2340,2275,2240,65,100
2023,"Victoria, City","5917034","Improved land",28510,27635,27170,870,1340
2023,"Victoria, City","5917034","Total",28705,27830,27360,875,1345
2023,"Victoria, City","5917034","Vacant",195,190,190,5,5
2023,"Victoria, Fire district","1103068","Improved land",55,50,50,0,5
2023,"Victoria, Fire district","1103068","Total",60,60,55,0,5
2023,"Victoria, Fire district","1103068","Vacant",5,5,5,0,0
2023,"Victoria, Rural municipality","1102032","Improved land",90,80,80,10,10
2023,"Victoria, Rural municipality","1102032","Total",95,85,85,10,10
2023,"Victoria, Rural municipality","1102032","Vacant",5,5,5,0,0
2023,"Victoria, Rural municipality","4608042","Improved land",495,0,0,0,0
2023,"Victoria, Rural municipality","4608042","Total",555,0,0,0,0
2023,"Victoria, Rural municipality","4608042","Vacant",60,0,0,0,0
2023,"Victoria, Subd. A, Subdivision of county municipality","1218006","Improved land",1750,1625,1550,135,200
2023,"Victoria, Subd. A, Subdivision of county municipality","1218006","Total",2235,2050,1960,185,275
2023,"Victoria, Subd. A, Subdivision of county municipality","1218006","Vacant",485,435,410,50,75
2023,"Victoria, Subd. B, Subdivision of county municipality","1218001","Improved land",2745,2550,2460,195,285
2023,"Victoria, Subd. B, Subdivision of county municipality","1218001","Total",3645,3315,3185,330,460
2023,"Victoria, Subd. B, Subdivision of county municipality","1218001","Vacant",900,765,725,135,175
2023,"Victoria, Town","1001365","Improved land",0,0,0,0,0
2023,"Victoria, Town","1001365","Total",995,975,965,20,30
2023,"Victoria, Town","1001365","Vacant",0,0,0,0,0
2023,"View Royal, Town","5917047","Improved land",3740,3685,3645,55,105
2023,"View Royal, Town","5917047","Total",3790,3735,3690,55,100
2023,"View Royal, Town","5917047","Vacant",50,50,45,0,5
2023,"Virden, Town","4606034","Improved land",1305,0,0,0,0
2023,"Virden, Town","4606034","Total",1425,0,0,0,0
2023,"Virden, Town","4606034","Vacant",115,0,0,0,0
2023,"Wabana, Town","1001494","Improved land",0,0,0,0,0
2023,"Wabana, Town","1001494","Total",1410,1355,1335,55,75
2023,"Wabana, Town","1001494","Vacant",0,0,0,0,0
2023,"Wabush, Town","1010034","Improved land",0,0,0,0,0
2023,"Wabush, Town","1010034","Total",990,955,940,35,50
2023,"Wabush, Town","1010034","Vacant",0,0,0,0,0
2023,"Wainfleet, Township","3526014","Improved land",3005,2820,2775,185,230
2023,"Wainfleet, Township","3526014","Total",3310,3100,3050,210,260
2023,"Wainfleet, Township","3526014","Vacant",305,280,275,25,30
2023,"Wakefield, Parish","1311014","Improved land",985,975,960,10,25
2023,"Wakefield, Parish","1311014","Total",1275,1260,1240,15,35
2023,"Wakefield, Parish","1311014","Vacant",290,285,280,5,10
2023,"Wallace-Woodworth, Rural municipality","4606031","Improved land",1145,0,0,0,0
2023,"Wallace-Woodworth, Rural municipality","4606031","Total",1405,0,0,0,0
2023,"Wallace-Woodworth, Rural municipality","4606031","Vacant",260,0,0,0,0
2023,"Warfield, Village","5905018","Improved land",730,715,700,20,30
2023,"Warfield, Village","5905018","Total",770,750,735,20,35
2023,"Warfield, Village","5905018","Vacant",40,40,35,0,5
2023,"Warren Grove, Rural municipality","1102070","Improved land",140,140,140,0,0
2023,"Warren Grove, Rural municipality","1102070","Total",145,145,145,0,0
2023,"Warren Grove, Rural municipality","1102070","Vacant",5,5,5,0,0
2023,"Warwick, Township","3538043","Improved land",1340,1330,1325,5,10
2023,"Warwick, Township","3538043","Total",1480,1465,1460,5,10
2023,"Warwick, Township","3538043","Vacant",135,135,135,0,0
2023,"Wasaga Beach, Census agglomeration (CA)","565","Improved land",11895,11760,11635,135,260
2023,"Wasaga Beach, Census agglomeration (CA)","565","Total",13915,13750,13615,165,300
2023,"Wasaga Beach, Census agglomeration (CA)","565","Vacant",2020,1990,1980,30,40
2023,"Wasaga Beach, Town","3543064","Improved land",11895,11760,11635,135,260
2023,"Wasaga Beach, Town","3543064","Total",13915,13750,13615,165,300
2023,"Wasaga Beach, Town","3543064","Vacant",2020,1990,1980,30,40
2023,"Waterborough, Parish","1304018","Improved land",805,785,765,20,40
2023,"Waterborough, Parish","1304018","Total",1345,1305,1270,40,75
2023,"Waterborough, Parish","1304018","Vacant",540,520,505,20,35
2023,"Waterford, Parish","1305024","Improved land",280,275,270,5,10
2023,"Waterford, Parish","1305024","Total",460,440,430,20,30
2023,"Waterford, Parish","1305024","Vacant",180,165,160,15,20
2023,"Waterloo, City","3530016","Improved land",38570,37830,37475,740,1095
2023,"Waterloo, City","3530016","Total",38950,38205,37850,740,1100
2023,"Waterloo, City","3530016","Vacant",375,375,375,0,0
2023,"Watson Lake, Town","6001003","Improved land",420,0,0,0,0
2023,"Watson Lake, Town","6001003","Total",580,0,0,0,0
2023,"Watson Lake, Town","6001003","Vacant",160,0,0,0,0
2023,"Wawa, Municipality","3557076","Improved land",1225,1185,1180,35,40
2023,"Wawa, Municipality","3557076","Total",1565,1530,1525,35,40
2023,"Wawa, Municipality","3557076","Vacant",345,345,345,0,0
2023,"Weldford, Parish","1308014","Improved land",1045,1015,970,35,75
2023,"Weldford, Parish","1308014","Total",1985,1880,1810,105,175
2023,"Weldford, Parish","1308014","Vacant",940,870,840,70,100
2023,"Welland, City","3526032","Improved land",19675,19525,19400,160,275
2023,"Welland, City","3526032","Total",21175,21005,20885,170,290
2023,"Welland, City","3526032","Vacant",1500,1490,1485,10,15
2023,"Wellesley, Township","3530027","Improved land",3185,3175,3165,10,20
2023,"Wellesley, Township","3530027","Total",3275,3265,3250,10,25
2023,"Wellesley, Township","3530027","Vacant",90,90,90,0,0
2023,"Wellington North, Township","3523050","Improved land",4215,4195,4170,20,45
2023,"Wellington North, Township","3523050","Total",4555,4520,4490,25,55
2023,"Wellington North, Township","3523050","Vacant",330,325,320,5,10
2023,"Wellington, Fire district","1103020","Improved land",1140,1090,1060,40,70
2023,"Wellington, Fire district","1103020","Total",1265,1215,1185,50,80
2023,"Wellington, Fire district","1103020","Vacant",135,125,125,10,10
2023,"Wellington, Parish","1308004","Improved land",1770,1695,1625,75,145
2023,"Wellington, Parish","1308004","Total",2780,2635,2525,145,265
2023,"Wellington, Parish","1308004","Vacant",1010,940,900,70,110
2023,"Wellington, Rural municipality","1103029","Improved land",155,150,150,5,5
2023,"Wellington, Rural municipality","1103029","Total",165,160,160,5,5
2023,"Wellington, Rural municipality","1103029","Vacant",10,10,10,0,0
2023,"Wells, District municipality","5941025","Improved land",140,130,130,10,10
2023,"Wells, District municipality","5941025","Total",385,375,370,10,15
2023,"Wells, District municipality","5941025","Vacant",245,245,240,0,5
2023,"West Elgin, Municipality","3534042","Improved land",2115,2085,2070,30,45
2023,"West Elgin, Municipality","3534042","Total",2325,2290,2275,35,50
2023,"West Elgin, Municipality","3534042","Vacant",210,205,205,5,5
2023,"West Grey, Municipality","3542004","Improved land",5510,5450,5395,60,115
2023,"West Grey, Municipality","3542004","Total",6385,6300,6230,85,155
2023,"West Grey, Municipality","3542004","Vacant",875,850,835,25,40
2023,"West Hants, Rural municipality","1208003","Improved land",8290,8160,8020,130,270
2023,"West Hants, Rural municipality","1208003","Total",10225,10005,9825,210,400
2023,"West Hants, Rural municipality","1208003","Vacant",1925,1845,1800,80,125
2023,"West Interlake, Municipality","4618056","Improved land",1150,0,0,0,0
2023,"West Interlake, Municipality","4618056","Total",1585,0,0,0,0
2023,"West Interlake, Municipality","4618056","Vacant",435,0,0,0,0
2023,"West Isles, Parish","1302006","Improved land",535,450,440,85,95
2023,"West Isles, Parish","1302006","Total",1015,820,775,195,240
2023,"West Isles, Parish","1302006","Vacant",480,370,335,110,145
2023,"West Kelowna, City","5935029","Improved land",13140,12985,12805,165,340
2023,"West Kelowna, City","5935029","Total",13525,13355,13175,170,350
2023,"West Kelowna, City","5935029","Vacant",380,375,370,5,10
2023,"West Lincoln, Township","3526021","Improved land",5320,5290,5255,30,60
2023,"West Lincoln, Township","3526021","Total",5540,5510,5480,30,60
2023,"West Lincoln, Township","3526021","Vacant",220,220,220,0,0
2023,"West Nipissing, Municipality","3548055","Improved land",6435,6265,6210,170,225
2023,"West Nipissing, Municipality","3548055","Total",8510,8275,8185,235,325
2023,"West Nipissing, Municipality","3548055","Vacant",2075,2010,1975,65,100
2023,"West Perth, Municipality","3531025","Improved land",3385,3375,3360,10,25
2023,"West Perth, Municipality","3531025","Total",3570,3560,3545,10,25
2023,"West Perth, Municipality","3531025","Vacant",185,185,185,0,0
2023,"West Point, Fire district","1103066","Improved land",160,155,150,10,10
2023,"West Point, Fire district","1103066","Total",180,170,165,10,15
2023,"West Point, Fire district","1103066","Vacant",15,15,15,0,0
2023,"West River, Rural municipality","1102068","Improved land",1930,1865,1805,70,130
2023,"West River, Rural municipality","1102068","Total",2135,2055,1990,80,145
2023,"West River, Rural municipality","1102068","Vacant",200,190,185,10,15
2023,"West St. Paul, Rural municipality","4613037","Improved land",2245,0,0,0,0
2023,"West St. Paul, Rural municipality","4613037","Total",3495,0,0,0,0
2023,"West St. Paul, Rural municipality","4613037","Vacant",1250,0,0,0,0
2023,"West Vancouver, District municipality","5915055","Improved land",15980,15135,14820,850,1160
2023,"West Vancouver, District municipality","5915055","Total",16505,15635,15305,875,1200
2023,"West Vancouver, District municipality","5915055","Vacant",525,505,485,20,40
2023,"WestLake-Gladstone, Municipality","4608060","Improved land",1150,0,0,0,0
2023,"WestLake-Gladstone, Municipality","4608060","Total",1460,0,0,0,0
2023,"WestLake-Gladstone, Municipality","4608060","Vacant",310,0,0,0,0
2023,"Westfield, Parish","1305011","Improved land",1185,1155,1120,30,60
2023,"Westfield, Parish","1305011","Total",1730,1675,1625,55,105
2023,"Westfield, Parish","1305011","Vacant",545,520,505,25,40
2023,"Westmorland, Parish","1307001","Improved land",595,585,565,10,30
2023,"Westmorland, Parish","1307001","Total",855,830,805,20,50
2023,"Westmorland, Parish","1307001","Vacant",260,250,240,10,20
2023,"Westport, Town","1008093","Improved land",0,0,0,0,0
2023,"Westport, Town","1008093","Total",150,140,135,10,15
2023,"Westport, Town","1008093","Vacant",0,0,0,0,0
2023,"Westport, Village","3507033","Improved land",340,335,330,5,10
2023,"Westport, Village","3507033","Total",375,370,365,5,10
2023,"Westport, Village","3507033","Vacant",35,35,35,0,0
2023,"Westville, Town","1212008","Improved land",1360,1340,1320,20,40
2023,"Westville, Town","1212008","Total",1555,1530,1510,25,45
2023,"Westville, Town","1212008","Vacant",195,190,190,5,5
2023,"Whale Cove, Hamlet","6205016","Improved land",0,0,0,0,0
2023,"Whale Cove, Hamlet","6205016","Total",185,180,180,5,5
2023,"Whale Cove, Hamlet","6205016","Vacant",0,0,0,0,0
2023,"Whistler, District municipality","5931020","Improved land",10195,8995,8705,1215,1485
2023,"Whistler, District municipality","5931020","Total",10490,9255,8975,1235,1515
2023,"Whistler, District municipality","5931020","Vacant",290,270,270,20,20
2023,"Whitbourne, Town","1001298","Improved land",0,0,0,0,0
2023,"Whitbourne, Town","1001298","Total",800,780,770,20,30
2023,"Whitbourne, Town","1001298","Vacant",0,0,0,0,0
2023,"Whitby, Town","3518009","Improved land",43755,43375,43055,380,700
2023,"Whitby, Town","3518009","Total",45605,45215,44885,390,720
2023,"Whitby, Town","3518009","Vacant",1850,1840,1830,10,20
2023,"Whitchurch-Stouffville, Town","3519044","Improved land",16510,16315,16175,195,335
2023,"Whitchurch-Stouffville, Town","3519044","Total",17480,17280,17135,200,355
2023,"Whitchurch-Stouffville, Town","3519044","Vacant",970,965,960,5,10
2023,"White River, Township","3557091","Improved land",335,320,310,10,25
2023,"White River, Township","3557091","Total",510,485,475,25,40
2023,"White River, Township","3557091","Vacant",180,170,165,10,15
2023,"White Rock, City","5915007","Improved land",9175,8885,8730,285,445
2023,"White Rock, City","5915007","Total",9240,8950,8795,290,445
2023,"White Rock, City","5915007","Vacant",65,65,65,0,0
2023,"Whitehead, Rural municipality","4607057","Improved land",660,0,0,0,0
2023,"Whitehead, Rural municipality","4607057","Total",745,0,0,0,0
2023,"Whitehead, Rural municipality","4607057","Vacant",85,0,0,0,0
2023,"Whitehorse, Census agglomeration (CA)","990","Improved land",10805,0,0,0,0
2023,"Whitehorse, Census agglomeration (CA)","990","Total",11785,0,0,0,0
2023,"Whitehorse, Census agglomeration (CA)","990","Vacant",990,0,0,0,0
2023,"Whitehorse, City","6001009","Improved land",9230,8940,8665,290,565
2023,"Whitehorse, City","6001009","Total",9920,9620,9340,300,580
2023,"Whitehorse, City","6001009","Vacant",690,680,675,10,15
2023,"Whitehorse, Unorganized, Unorganized","6001060","Improved land",170,0,0,0,0
2023,"Whitehorse, Unorganized, Unorganized","6001060","Total",205,0,0,0,0
2023,"Whitehorse, Unorganized, Unorganized","6001060","Vacant",35,0,0,0,0
2023,"Whitemouth, Rural municipality","4601046","Improved land",755,0,0,0,0
2023,"Whitemouth, Rural municipality","4601046","Total",975,0,0,0,0
2023,"Whitemouth, Rural municipality","4601046","Vacant",220,0,0,0,0
2023,"Whitestone, Municipality","3549039","Improved land",1925,1840,1815,85,110
2023,"Whitestone, Municipality","3549039","Total",2730,2595,2545,135,185
2023,"Whitestone, Municipality","3549039","Vacant",805,755,730,50,75
2023,"Whitewater Region, Township","3547056","Improved land",3350,3300,3285,50,65
2023,"Whitewater Region, Township","3547056","Total",4430,4355,4325,75,105
2023,"Whitewater Region, Township","3547056","Vacant",1080,1055,1040,25,40
2023,"Whiteway, Town","1001308","Improved land",0,0,0,0,0
2023,"Whiteway, Town","1001308","Total",225,220,220,5,5
2023,"Whiteway, Town","1001308","Vacant",0,0,0,0,0
2023,"Wickham, Parish","1304008","Improved land",490,470,450,25,35
2023,"Wickham, Parish","1304008","Total",735,705,670,30,65
2023,"Wickham, Parish","1304008","Vacant",250,235,220,15,30
2023,"Wicklow, Parish","1311031","Improved land",675,660,650,15,25
2023,"Wicklow, Parish","1311031","Total",930,895,880,35,50
2023,"Wicklow, Parish","1311031","Vacant",255,235,230,20,25
2023,"Williams Lake, Census agglomeration (CA)","950","Improved land",8410,8245,8120,170,290
2023,"Williams Lake, Census agglomeration (CA)","950","Total",10585,10375,10235,205,350
2023,"Williams Lake, Census agglomeration (CA)","950","Vacant",2175,2135,2115,40,60
2023,"Williams Lake, City","5941009","Improved land",3330,3290,3250,40,75
2023,"Williams Lake, City","5941009","Total",3460,3420,3380,40,80
2023,"Williams Lake, City","5941009","Vacant",130,130,130,0,0
2023,"Wilmot, Parish","1311018","Improved land",430,425,415,5,15
2023,"Wilmot, Parish","1311018","Total",600,585,565,15,35
2023,"Wilmot, Parish","1311018","Vacant",170,160,150,10,20
2023,"Wilmot, Township","3530020","Improved land",6985,6970,6940,15,45
2023,"Wilmot, Township","3530020","Total",7240,7220,7190,20,50
2023,"Wilmot, Township","3530020","Vacant",255,250,250,5,5
2023,"Windsor, Census metropolitan area (CMA)","559","Improved land",146985,144730,143455,2260,3530
2023,"Windsor, Census metropolitan area (CMA)","559","Total",153700,151235,149905,2465,3795
2023,"Windsor, Census metropolitan area (CMA)","559","Vacant",6715,6505,6455,205,260
2023,"Windsor, City","3537039","Improved land",77885,76600,75845,1285,2040
2023,"Windsor, City","3537039","Total",79545,78225,77455,1320,2090
2023,"Windsor, City","3537039","Vacant",1660,1625,1610,35,50
2023,"Winkler, Census agglomeration (CA)","603","Improved land",10185,0,0,0,0
2023,"Winkler, Census agglomeration (CA)","603","Total",10945,0,0,0,0
2023,"Winkler, Census agglomeration (CA)","603","Vacant",770,0,0,0,0
2023,"Winkler, City","4603050","Improved land",4520,0,0,0,0
2023,"Winkler, City","4603050","Total",4950,0,0,0,0
2023,"Winkler, City","4603050","Vacant",425,0,0,0,0
2023,"Winnipeg Beach, Town","4618034","Improved land",1510,0,0,0,0
2023,"Winnipeg Beach, Town","4618034","Total",1695,0,0,0,0
2023,"Winnipeg Beach, Town","4618034","Vacant",185,0,0,0,0
2023,"Winnipeg, Census metropolitan area (CMA)","602","Improved land",250900,0,0,0,0
2023,"Winnipeg, Census metropolitan area (CMA)","602","Total",262035,0,0,0,0
2023,"Winnipeg, Census metropolitan area (CMA)","602","Vacant",11135,0,0,0,0
2023,"Winnipeg, City","4611040","Improved land",220510,0,0,0,0
2023,"Winnipeg, City","4611040","Total",226355,0,0,0,0
2023,"Winnipeg, City","4611040","Vacant",5845,0,0,0,0
2023,"Winsloe North, Fire district","1102069","Improved land",120,120,115,0,5
2023,"Winsloe North, Fire district","1102069","Total",140,140,135,0,5
2023,"Winsloe North, Fire district","1102069","Vacant",20,20,20,0,0
2023,"Winterland, Town","1002023","Improved land",0,0,0,0,0
2023,"Winterland, Town","1002023","Total",220,220,215,0,5
2023,"Winterland, Town","1002023","Vacant",0,0,0,0,0
2023,"Winterton, Town","1001332","Improved land",0,0,0,0,0
2023,"Winterton, Town","1001332","Total",430,415,410,15,20
2023,"Winterton, Town","1001332","Vacant",0,0,0,0,0
2023,"Witless Bay, Town","1001559","Improved land",0,0,0,0,0
2023,"Witless Bay, Town","1001559","Total",880,845,830,35,50
2023,"Witless Bay, Town","1001559","Vacant",0,0,0,0,0
2023,"Wolfville, Town","1207024","Improved land",1425,1400,1375,25,50
2023,"Wolfville, Town","1207024","Total",1580,1550,1525,30,55
2023,"Wolfville, Town","1207024","Vacant",155,150,150,5,5
2023,"Wollaston, Township","3512054","Improved land",860,820,800,40,60
2023,"Wollaston, Township","3512054","Total",1445,1365,1330,80,115
2023,"Wollaston, Township","3512054","Vacant",585,545,530,40,55
2023,"Woodlands, Rural municipality","4614031","Improved land",1375,0,0,0,0
2023,"Woodlands, Rural municipality","4614031","Total",1670,0,0,0,0
2023,"Woodlands, Rural municipality","4614031","Vacant",295,0,0,0,0
2023,"Woodstock, Census agglomeration (CA)","544","Improved land",17035,16895,16795,135,240
2023,"Woodstock, Census agglomeration (CA)","544","Total",17825,17690,17580,135,245
2023,"Woodstock, Census agglomeration (CA)","544","Vacant",790,790,785,0,5
2023,"Woodstock, City","3532042","Improved land",17035,16895,16795,135,240
2023,"Woodstock, City","3532042","Total",17825,17690,17580,135,245
2023,"Woodstock, City","3532042","Vacant",790,790,785,0,5
2023,"Woodstock, Parish","1311004","Improved land",865,855,835,10,30
2023,"Woodstock, Parish","1311004","Total",1145,1135,1110,15,40
2023,"Woodstock, Parish","1311004","Vacant",285,280,275,5,10
2023,"Woodstock, Town","1008096","Improved land",0,0,0,0,0
2023,"Woodstock, Town","1008096","Total",130,130,125,0,5
2023,"Woodstock, Town","1008096","Vacant",0,0,0,0,0
2023,"Woodstock, Town","1311006","Improved land",1655,1630,1605,25,50
2023,"Woodstock, Town","1311006","Total",1850,1815,1790,35,60
2023,"Woodstock, Town","1311006","Vacant",195,185,185,10,10
2023,"Woody Point, Bonne Bay, Town","1009011","Improved land",0,0,0,0,0
2023,"Woody Point, Bonne Bay, Town","1009011","Total",315,290,285,25,30
2023,"Woody Point, Bonne Bay, Town","1009011","Vacant",0,0,0,0,0
2023,"Woolwich, Township","3530035","Improved land",8625,8595,8555,30,70
2023,"Woolwich, Township","3530035","Total",9165,9135,9090,30,80
2023,"Woolwich, Township","3530035","Vacant",540,540,535,0,5
2023,"Yarmouth, Municipal district","1202004","Improved land",5220,5015,4920,205,305
2023,"Yarmouth, Municipal district","1202004","Total",6275,5870,5750,405,525
2023,"Yarmouth, Municipal district","1202004","Vacant",1055,855,830,200,225
2023,"Yarmouth, Town","1202006","Improved land",2130,2090,2060,40,70
2023,"Yarmouth, Town","1202006","Total",2435,2390,2355,45,80
2023,"Yarmouth, Town","1202006","Vacant",305,300,295,5,10
2023,"Yellowhead, Rural municipality","4615063","Improved land",1095,0,0,0,0
2023,"Yellowhead, Rural municipality","4615063","Total",1555,0,0,0,0
2023,"Yellowhead, Rural municipality","4615063","Vacant",455,0,0,0,0
2023,"Yellowknife, Census agglomeration (CA)","995","Improved land",0,0,0,0,0
2023,"Yellowknife, Census agglomeration (CA)","995","Total",5650,5525,5440,125,210
2023,"Yellowknife, Census agglomeration (CA)","995","Vacant",0,0,0,0,0
2023,"Yellowknife, City","6106023","Improved land",0,0,0,0,0
2023,"Yellowknife, City","6106023","Total",5650,5525,5440,125,210
2023,"Yellowknife, City","6106023","Vacant",0,0,0,0,0
2023,"York Harbour, Town","1005035","Improved land",0,0,0,0,0
2023,"York Harbour, Town","1005035","Total",330,320,305,10,25
2023,"York Harbour, Town","1005035","Vacant",0,0,0,0,0
2023,"York, Rural municipality","1102061","Improved land",170,170,165,0,5
2023,"York, Rural municipality","1102061","Total",175,175,170,0,5
2023,"York, Rural municipality","1102061","Vacant",5,5,5,0,0
2023,"Yukon","60","Improved land",14785,0,0,0,0
2023,"Yukon","60","Total",19045,0,0,0,0
2023,"Yukon","60","Vacant",4270,0,0,0,0
2023,"Yukon, Unorganized, Unorganized","6001045","Improved land",1120,0,0,0,0
2023,"Yukon, Unorganized, Unorganized","6001045","Total",3060,0,0,0,0
2023,"Yukon, Unorganized, Unorganized","6001045","Vacant",1940,0,0,0,0
2023,"Zeballos, Village","5924029","Improved land",80,75,70,5,10
2023,"Zeballos, Village","5924029","Total",115,110,100,5,15
2023,"Zeballos, Village","5924029","Vacant",35,35,30,0,5
2023,"Zorra, Township","3532027","Improved land",3130,3125,3105,15,25
2023,"Zorra, Township","3532027","Total",3370,3355,3340,15,30
2023,"Zorra, Township","3532027","Vacant",240,240,235,0,5
2023,"qathet A, Regional district electoral area","5927010","Improved land",1410,1345,1285,65,125
2023,"qathet A, Regional district electoral area","5927010","Total",2180,2070,1975,110,205
2023,"qathet A, Regional district electoral area","5927010","Vacant",770,725,690,45,80
2023,"qathet B, Regional district electoral area","5927012","Improved land",590,580,570,10,20
2023,"qathet B, Regional district electoral area","5927012","Total",645,635,625,10,20
2023,"qathet B, Regional district electoral area","5927012","Vacant",55,55,55,0,0
2023,"qathet C, Regional district electoral area","5927016","Improved land",920,905,880,15,40
2023,"qathet C, Regional district electoral area","5927016","Total",1010,990,965,20,45
2023,"qathet C, Regional district electoral area","5927016","Vacant",90,85,85,5,5
2023,"qathet D, Regional district electoral area","5927018","Improved land",650,635,610,20,40
2023,"qathet D, Regional district electoral area","5927018","Total",880,845,820,35,60
2023,"qathet D, Regional district electoral area","5927018","Vacant",230,215,210,15,20
2023,"qathet E, Regional district electoral area","5927020","Improved land",315,295,275,20,45
2023,"qathet E, Regional district electoral area","5927020","Total",430,400,370,30,60
2023,"qathet E, Regional district electoral area","5927020","Vacant",115,105,105,10,10
