"ref_date","geo","dguid","field","value"
"2016/2017","Canada","1","Total, field of study",6375
"2016/2017","Canada","1","Education",4571
"2016/2017","Canada","1","Visual and performing arts, and communications technologies",5680
"2016/2017","Canada","1","Humanities",5460
"2016/2017","Canada","1","Social and behavioural sciences, and legal studies",5573
"2016/2017","Canada","1","Law",13115
"2016/2017","Canada","1","Business management and public administration",6810
"2016/2017","Canada","1","Physical and life sciences and technologies",6022
"2016/2017","Canada","1","Mathematics, computer and information sciences",6911
"2016/2017","Canada","1","Engineering",7827
"2016/2017","Canada","1","Architecture",6810
"2016/2017","Canada","1","Agriculture, natural resources and conservation",5438
"2016/2017","Canada","1","Dentistry",21464
"2016/2017","Canada","1","Medicine",13911
"2016/2017","Canada","1","Nursing",5507
"2016/2017","Canada","1","Pharmacy",9962
"2016/2017","Canada","1","Veterinary medicine",7450
"2016/2017","Canada","1","Other health, parks, recreation and fitness",6085
"2016/2017","Canada","1","Personal, protective and transportation services",5989
"2016/2017","Newfoundland and Labrador","10","Total, field of study",2752
"2016/2017","Newfoundland and Labrador","10","Education",2805
"2016/2017","Newfoundland and Labrador","10","Visual and performing arts, and communications technologies",2550
"2016/2017","Newfoundland and Labrador","10","Humanities",2550
"2016/2017","Newfoundland and Labrador","10","Social and behavioural sciences, and legal studies",2550
"2016/2017","Newfoundland and Labrador","10","Business management and public administration",2805
"2016/2017","Newfoundland and Labrador","10","Physical and life sciences and technologies",2550
"2016/2017","Newfoundland and Labrador","10","Mathematics, computer and information sciences",2550
"2016/2017","Newfoundland and Labrador","10","Engineering",2805
"2016/2017","Newfoundland and Labrador","10","Medicine",6250
"2016/2017","Newfoundland and Labrador","10","Nursing",2550
"2016/2017","Newfoundland and Labrador","10","Pharmacy",2805
"2016/2017","Newfoundland and Labrador","10","Other health, parks, recreation and fitness",2550
"2016/2017","Newfoundland and Labrador","10","Personal, protective and transportation services",2550
"2016/2017","St. John's","001","Total, field of study",2752
"2016/2017","St. John's","001","Education",2805
"2016/2017","St. John's","001","Visual and performing arts, and communications technologies",2550
"2016/2017","St. John's","001","Humanities",2550
"2016/2017","St. John's","001","Social and behavioural sciences, and legal studies",2550
"2016/2017","St. John's","001","Business management and public administration",2805
"2016/2017","St. John's","001","Physical and life sciences and technologies",2550
"2016/2017","St. John's","001","Mathematics, computer and information sciences",2550
"2016/2017","St. John's","001","Engineering",2805
"2016/2017","St. John's","001","Medicine",6250
"2016/2017","St. John's","001","Nursing",2550
"2016/2017","St. John's","001","Pharmacy",2805
"2016/2017","St. John's","001","Other health, parks, recreation and fitness",2550
"2016/2017","St. John's","001","Personal, protective and transportation services",2550
"2016/2017","Prince Edward Island","11","Total, field of study",6310
"2016/2017","Prince Edward Island","11","Education",7673
"2016/2017","Prince Edward Island","11","Visual and performing arts, and communications technologies",5860
"2016/2017","Prince Edward Island","11","Humanities",5860
"2016/2017","Prince Edward Island","11","Social and behavioural sciences, and legal studies",5860
"2016/2017","Prince Edward Island","11","Business management and public administration",5860
"2016/2017","Prince Edward Island","11","Physical and life sciences and technologies",5860
"2016/2017","Prince Edward Island","11","Mathematics, computer and information sciences",5860
"2016/2017","Prince Edward Island","11","Engineering",5860
"2016/2017","Prince Edward Island","11","Nursing",5860
"2016/2017","Prince Edward Island","11","Veterinary medicine",12375
"2016/2017","Prince Edward Island","11","Other health, parks, recreation and fitness",5860
"2016/2017","Charlottetown","105","Total, field of study",6310
"2016/2017","Charlottetown","105","Education",7673
"2016/2017","Charlottetown","105","Visual and performing arts, and communications technologies",5860
"2016/2017","Charlottetown","105","Humanities",5860
"2016/2017","Charlottetown","105","Social and behavioural sciences, and legal studies",5860
"2016/2017","Charlottetown","105","Business management and public administration",5860
"2016/2017","Charlottetown","105","Physical and life sciences and technologies",5860
"2016/2017","Charlottetown","105","Mathematics, computer and information sciences",5860
"2016/2017","Charlottetown","105","Engineering",5860
"2016/2017","Charlottetown","105","Nursing",5860
"2016/2017","Charlottetown","105","Veterinary medicine",12375
"2016/2017","Charlottetown","105","Other health, parks, recreation and fitness",5860
"2016/2017","Nova Scotia","12","Total, field of study",7322
"2016/2017","Nova Scotia","12","Education",6533
"2016/2017","Nova Scotia","12","Visual and performing arts, and communications technologies",6639
"2016/2017","Nova Scotia","12","Humanities",6409
"2016/2017","Nova Scotia","12","Social and behavioural sciences, and legal studies",6519
"2016/2017","Nova Scotia","12","Law",14125
"2016/2017","Nova Scotia","12","Business management and public administration",6823
"2016/2017","Nova Scotia","12","Physical and life sciences and technologies",7129
"2016/2017","Nova Scotia","12","Mathematics, computer and information sciences",7042
"2016/2017","Nova Scotia","12","Engineering",8726
"2016/2017","Nova Scotia","12","Architecture",7041
"2016/2017","Nova Scotia","12","Agriculture, natural resources and conservation",6300
"2016/2017","Nova Scotia","12","Dentistry",22090
"2016/2017","Nova Scotia","12","Medicine",18489
"2016/2017","Nova Scotia","12","Nursing",7035
"2016/2017","Nova Scotia","12","Pharmacy",9992
"2016/2017","Nova Scotia","12","Other health, parks, recreation and fitness",7385
"2016/2017","Cape Breton","225","Total, field of study",5938
"2016/2017","Cape Breton","225","Education",7053
"2016/2017","Cape Breton","225","Humanities",5758
"2016/2017","Cape Breton","225","Social and behavioural sciences, and legal studies",5677
"2016/2017","Cape Breton","225","Business management and public administration",5870
"2016/2017","Cape Breton","225","Physical and life sciences and technologies",5729
"2016/2017","Cape Breton","225","Mathematics, computer and information sciences",5677
"2016/2017","Cape Breton","225","Engineering",5953
"2016/2017","Cape Breton","225","Agriculture, natural resources and conservation",NA
"2016/2017","Cape Breton","225","Nursing",6364
"2016/2017","Cape Breton","225","Other health, parks, recreation and fitness",5964
"2016/2017","Halifax","205","Total, field of study",7540
"2016/2017","Halifax","205","Education",6107
"2016/2017","Halifax","205","Visual and performing arts, and communications technologies",6540
"2016/2017","Halifax","205","Humanities",6254
"2016/2017","Halifax","205","Social and behavioural sciences, and legal studies",6304
"2016/2017","Halifax","205","Law",14125
"2016/2017","Halifax","205","Business management and public administration",6853
"2016/2017","Halifax","205","Physical and life sciences and technologies",7244
"2016/2017","Halifax","205","Mathematics, computer and information sciences",7082
"2016/2017","Halifax","205","Engineering",9200
"2016/2017","Halifax","205","Architecture",7041
"2016/2017","Halifax","205","Agriculture, natural resources and conservation",6087
"2016/2017","Halifax","205","Dentistry",22090
"2016/2017","Halifax","205","Medicine",18489
"2016/2017","Halifax","205","Nursing",7246
"2016/2017","Halifax","205","Pharmacy",9992
"2016/2017","Halifax","205","Other health, parks, recreation and fitness",7707
"2016/2017","Wolfville","1207024","Total, field of study",7188
"2016/2017","Wolfville","1207024","Education",7258
"2016/2017","Wolfville","1207024","Visual and performing arts, and communications technologies",7181
"2016/2017","Wolfville","1207024","Humanities",7152
"2016/2017","Wolfville","1207024","Social and behavioural sciences, and legal studies",7171
"2016/2017","Wolfville","1207024","Business management and public administration",7168
"2016/2017","Wolfville","1207024","Physical and life sciences and technologies",7185
"2016/2017","Wolfville","1207024","Mathematics, computer and information sciences",6920
"2016/2017","Wolfville","1207024","Agriculture, natural resources and conservation",7159
"2016/2017","Wolfville","1207024","Other health, parks, recreation and fitness",7320
"2016/2017","Clare","1203001","Total, field of study",6237
"2016/2017","Clare","1203001","Education",6063
"2016/2017","Clare","1203001","Humanities",6018
"2016/2017","Clare","1203001","Business management and public administration",6110
"2016/2017","Clare","1203001","Physical and life sciences and technologies",7532
"2016/2017","Antigonish","1214002","Total, field of study",7023
"2016/2017","Antigonish","1214002","Education",6685
"2016/2017","Antigonish","1214002","Visual and performing arts, and communications technologies",6966
"2016/2017","Antigonish","1214002","Humanities",7074
"2016/2017","Antigonish","1214002","Social and behavioural sciences, and legal studies",7011
"2016/2017","Antigonish","1214002","Business management and public administration",7063
"2016/2017","Antigonish","1214002","Physical and life sciences and technologies",6966
"2016/2017","Antigonish","1214002","Mathematics, computer and information sciences",6985
"2016/2017","Antigonish","1214002","Agriculture, natural resources and conservation",7218
"2016/2017","Antigonish","1214002","Nursing",7054
"2016/2017","Antigonish","1214002","Other health, parks, recreation and fitness",7022
"2016/2017","New Brunswick","13","Total, field of study",6714
"2016/2017","New Brunswick","13","Education",6308
"2016/2017","New Brunswick","13","Visual and performing arts, and communications technologies",7004
"2016/2017","New Brunswick","13","Humanities",6665
"2016/2017","New Brunswick","13","Social and behavioural sciences, and legal studies",6580
"2016/2017","New Brunswick","13","Law",8913
"2016/2017","New Brunswick","13","Business management and public administration",6653
"2016/2017","New Brunswick","13","Physical and life sciences and technologies",6957
"2016/2017","New Brunswick","13","Mathematics, computer and information sciences",6550
"2016/2017","New Brunswick","13","Engineering",7228
"2016/2017","New Brunswick","13","Agriculture, natural resources and conservation",6712
"2016/2017","New Brunswick","13","Nursing",6200
"2016/2017","New Brunswick","13","Other health, parks, recreation and fitness",6123
"2016/2017","Moncton","305","Total, field of study",5716
"2016/2017","Moncton","305","Education",5716
"2016/2017","Moncton","305","Visual and performing arts, and communications technologies",5716
"2016/2017","Moncton","305","Humanities",5716
"2016/2017","Moncton","305","Social and behavioural sciences, and legal studies",5716
"2016/2017","Moncton","305","Law",5716
"2016/2017","Moncton","305","Business management and public administration",5716
"2016/2017","Moncton","305","Physical and life sciences and technologies",5716
"2016/2017","Moncton","305","Mathematics, computer and information sciences",5716
"2016/2017","Moncton","305","Engineering",5716
"2016/2017","Moncton","305","Agriculture, natural resources and conservation",5716
"2016/2017","Moncton","305","Nursing",5716
"2016/2017","Moncton","305","Other health, parks, recreation and fitness",5716
"2016/2017","Fredericton","320","Total, field of study",6798
"2016/2017","Fredericton","320","Education",7242
"2016/2017","Fredericton","320","Humanities",6384
"2016/2017","Fredericton","320","Social and behavioural sciences, and legal studies",6353
"2016/2017","Fredericton","320","Law",10329
"2016/2017","Fredericton","320","Business management and public administration",6946
"2016/2017","Fredericton","320","Physical and life sciences and technologies",6496
"2016/2017","Fredericton","320","Mathematics, computer and information sciences",6496
"2016/2017","Fredericton","320","Engineering",7509
"2016/2017","Fredericton","320","Agriculture, natural resources and conservation",6696
"2016/2017","Fredericton","320","Nursing",6496
"2016/2017","Fredericton","320","Other health, parks, recreation and fitness",6496
"2016/2017","Sackville","1307009","Total, field of study",7765
"2016/2017","Sackville","1307009","Visual and performing arts, and communications technologies",7765
"2016/2017","Sackville","1307009","Humanities",7765
"2016/2017","Sackville","1307009","Social and behavioural sciences, and legal studies",7765
"2016/2017","Sackville","1307009","Business management and public administration",7765
"2016/2017","Sackville","1307009","Physical and life sciences and technologies",7765
"2016/2017","Sackville","1307009","Mathematics, computer and information sciences",7765
"2016/2017","Sackville","1307009","Agriculture, natural resources and conservation",7765
"2016/2017","Quebec","24","Total, field of study",2817
"2016/2017","Quebec","24","Education",2454
"2016/2017","Quebec","24","Visual and performing arts, and communications technologies",3218
"2016/2017","Quebec","24","Humanities",3680
"2016/2017","Quebec","24","Social and behavioural sciences, and legal studies",2895
"2016/2017","Quebec","24","Law",2842
"2016/2017","Quebec","24","Business management and public administration",2662
"2016/2017","Quebec","24","Physical and life sciences and technologies",3052
"2016/2017","Quebec","24","Mathematics, computer and information sciences",2866
"2016/2017","Quebec","24","Engineering",2755
"2016/2017","Quebec","24","Architecture",2840
"2016/2017","Quebec","24","Agriculture, natural resources and conservation",2708
"2016/2017","Quebec","24","Dentistry",3596
"2016/2017","Quebec","24","Medicine",2675
"2016/2017","Quebec","24","Nursing",2548
"2016/2017","Quebec","24","Pharmacy",2489
"2016/2017","Quebec","24","Veterinary medicine",2481
"2016/2017","Quebec","24","Other health, parks, recreation and fitness",2883
"2016/2017","Quebec","24","Personal, protective and transportation services",2340
"2016/2017","Montreal","462","Total, field of study",3035
"2016/2017","Montreal","462","Education",2540
"2016/2017","Montreal","462","Visual and performing arts, and communications technologies",3399
"2016/2017","Montreal","462","Humanities",4067
"2016/2017","Montreal","462","Social and behavioural sciences, and legal studies",3037
"2016/2017","Montreal","462","Law",3636
"2016/2017","Montreal","462","Business management and public administration",2792
"2016/2017","Montreal","462","Physical and life sciences and technologies",3274
"2016/2017","Montreal","462","Mathematics, computer and information sciences",3179
"2016/2017","Montreal","462","Engineering",2906
"2016/2017","Montreal","462","Architecture",3065
"2016/2017","Montreal","462","Agriculture, natural resources and conservation",3772
"2016/2017","Montreal","462","Dentistry",4086
"2016/2017","Montreal","462","Medicine",2571
"2016/2017","Montreal","462","Nursing",2850
"2016/2017","Montreal","462","Pharmacy",2555
"2016/2017","Montreal","462","Veterinary medicine",2481
"2016/2017","Montreal","462","Other health, parks, recreation and fitness",3138
"2016/2017","Montreal","462","Personal, protective and transportation services",2340
"2016/2017","Sherbrooke","433","Total, field of study",2771
"2016/2017","Sherbrooke","433","Education",2476
"2016/2017","Sherbrooke","433","Visual and performing arts, and communications technologies",4087
"2016/2017","Sherbrooke","433","Humanities",3259
"2016/2017","Sherbrooke","433","Social and behavioural sciences, and legal studies",3366
"2016/2017","Sherbrooke","433","Law",2340
"2016/2017","Sherbrooke","433","Business management and public administration",2899
"2016/2017","Sherbrooke","433","Physical and life sciences and technologies",3015
"2016/2017","Sherbrooke","433","Mathematics, computer and information sciences",2500
"2016/2017","Sherbrooke","433","Engineering",2361
"2016/2017","Sherbrooke","433","Agriculture, natural resources and conservation",2362
"2016/2017","Sherbrooke","433","Medicine",3116
"2016/2017","Sherbrooke","433","Nursing",2341
"2016/2017","Sherbrooke","433","Pharmacy",2486
"2016/2017","Sherbrooke","433","Other health, parks, recreation and fitness",2344
"2016/2017","Saguenay","408","Total, field of study",2351
"2016/2017","Saguenay","408","Education",2335
"2016/2017","Saguenay","408","Visual and performing arts, and communications technologies",2376
"2016/2017","Saguenay","408","Humanities",2435
"2016/2017","Saguenay","408","Social and behavioural sciences, and legal studies",2346
"2016/2017","Saguenay","408","Business management and public administration",2344
"2016/2017","Saguenay","408","Physical and life sciences and technologies",2328
"2016/2017","Saguenay","408","Mathematics, computer and information sciences",2328
"2016/2017","Saguenay","408","Engineering",2342
"2016/2017","Saguenay","408","Agriculture, natural resources and conservation",2328
"2016/2017","Saguenay","408","Nursing",2393
"2016/2017","Saguenay","408","Other health, parks, recreation and fitness",2328
"2016/2017","Rouyn-Noranda","485","Total, field of study",2346
"2016/2017","Rouyn-Noranda","485","Education",2340
"2016/2017","Rouyn-Noranda","485","Visual and performing arts, and communications technologies",2340
"2016/2017","Rouyn-Noranda","485","Social and behavioural sciences, and legal studies",2340
"2016/2017","Rouyn-Noranda","485","Business management and public administration",2353
"2016/2017","Rouyn-Noranda","485","Engineering",2340
"2016/2017","Rouyn-Noranda","485","Nursing",2340
"2016/2017","Trois-Rivières","442","Total, field of study",2357
"2016/2017","Trois-Rivières","442","Education",2328
"2016/2017","Trois-Rivières","442","Visual and performing arts, and communications technologies",2460
"2016/2017","Trois-Rivières","442","Humanities",2442
"2016/2017","Trois-Rivières","442","Social and behavioural sciences, and legal studies",2340
"2016/2017","Trois-Rivières","442","Business management and public administration",2352
"2016/2017","Trois-Rivières","442","Physical and life sciences and technologies",2381
"2016/2017","Trois-Rivières","442","Mathematics, computer and information sciences",2328
"2016/2017","Trois-Rivières","442","Engineering",2509
"2016/2017","Trois-Rivières","442","Nursing",2336
"2016/2017","Trois-Rivières","442","Other health, parks, recreation and fitness",2371
"2016/2017","Trois-Rivières","442","Personal, protective and transportation services",2328
"2016/2017","Ottawa-Gatineau, Quebec part, Ontario/Quebec",NA,"Total, field of study",2432
"2016/2017","Ottawa-Gatineau, Quebec part, Ontario/Quebec",NA,"Education",2368
"2016/2017","Ottawa-Gatineau, Quebec part, Ontario/Quebec",NA,"Visual and performing arts, and communications technologies",2393
"2016/2017","Ottawa-Gatineau, Quebec part, Ontario/Quebec",NA,"Humanities",2470
"2016/2017","Ottawa-Gatineau, Quebec part, Ontario/Quebec",NA,"Social and behavioural sciences, and legal studies",2408
"2016/2017","Ottawa-Gatineau, Quebec part, Ontario/Quebec",NA,"Business management and public administration",2491
"2016/2017","Ottawa-Gatineau, Quebec part, Ontario/Quebec",NA,"Mathematics, computer and information sciences",2419
"2016/2017","Ottawa-Gatineau, Quebec part, Ontario/Quebec",NA,"Engineering",2328
"2016/2017","Ottawa-Gatineau, Quebec part, Ontario/Quebec",NA,"Nursing",2386
"2016/2017","Québec","421","Total, field of study",2376
"2016/2017","Québec","421","Education",2350
"2016/2017","Québec","421","Visual and performing arts, and communications technologies",2394
"2016/2017","Québec","421","Humanities",2367
"2016/2017","Québec","421","Social and behavioural sciences, and legal studies",2358
"2016/2017","Québec","421","Law",2386
"2016/2017","Québec","421","Business management and public administration",2367
"2016/2017","Québec","421","Physical and life sciences and technologies",2412
"2016/2017","Québec","421","Mathematics, computer and information sciences",2371
"2016/2017","Québec","421","Engineering",2393
"2016/2017","Québec","421","Architecture",2382
"2016/2017","Québec","421","Agriculture, natural resources and conservation",2358
"2016/2017","Québec","421","Dentistry",2403
"2016/2017","Québec","421","Medicine",2441
"2016/2017","Québec","421","Nursing",2346
"2016/2017","Québec","421","Pharmacy",2424
"2016/2017","Québec","421","Other health, parks, recreation and fitness",2379
"2016/2017","Rimouski","404","Total, field of study",2339
"2016/2017","Rimouski","404","Education",2333
"2016/2017","Rimouski","404","Humanities",2328
"2016/2017","Rimouski","404","Social and behavioural sciences, and legal studies",2328
"2016/2017","Rimouski","404","Business management and public administration",2337
"2016/2017","Rimouski","404","Physical and life sciences and technologies",2438
"2016/2017","Rimouski","404","Mathematics, computer and information sciences",2328
"2016/2017","Rimouski","404","Engineering",2328
"2016/2017","Rimouski","404","Nursing",2328
"2016/2017","Ontario","35","Total, field of study",8154
"2016/2017","Ontario","35","Education",6695
"2016/2017","Ontario","35","Visual and performing arts, and communications technologies",6771
"2016/2017","Ontario","35","Humanities",6422
"2016/2017","Ontario","35","Social and behavioural sciences, and legal studies",6463
"2016/2017","Ontario","35","Law",19663
"2016/2017","Ontario","35","Business management and public administration",9577
"2016/2017","Ontario","35","Physical and life sciences and technologies",7094
"2016/2017","Ontario","35","Mathematics, computer and information sciences",8512
"2016/2017","Ontario","35","Engineering",11583
"2016/2017","Ontario","35","Architecture",8322
"2016/2017","Ontario","35","Agriculture, natural resources and conservation",6438
"2016/2017","Ontario","35","Dentistry",36687
"2016/2017","Ontario","35","Medicine",24410
"2016/2017","Ontario","35","Nursing",6573
"2016/2017","Ontario","35","Pharmacy",18452
"2016/2017","Ontario","35","Veterinary medicine",8133
"2016/2017","Ontario","35","Other health, parks, recreation and fitness",7320
"2016/2017","Ontario","35","Personal, protective and transportation services",6747
"2016/2017","St. Catharines-Niagara","539","Total, field of study",6528
"2016/2017","St. Catharines-Niagara","539","Education",6378
"2016/2017","St. Catharines-Niagara","539","Visual and performing arts, and communications technologies",6288
"2016/2017","St. Catharines-Niagara","539","Humanities",6288
"2016/2017","St. Catharines-Niagara","539","Social and behavioural sciences, and legal studies",6288
"2016/2017","St. Catharines-Niagara","539","Business management and public administration",7349
"2016/2017","St. Catharines-Niagara","539","Physical and life sciences and technologies",6288
"2016/2017","St. Catharines-Niagara","539","Mathematics, computer and information sciences",7295
"2016/2017","St. Catharines-Niagara","539","Agriculture, natural resources and conservation",6288
"2016/2017","St. Catharines-Niagara","539","Nursing",6288
"2016/2017","St. Catharines-Niagara","539","Other health, parks, recreation and fitness",6288
"2016/2017","Ottawa-Gatineau, Ontario part, Ontario/Quebec",NA,"Total, field of study",7745
"2016/2017","Ottawa-Gatineau, Ontario part, Ontario/Quebec",NA,"Education",6390
"2016/2017","Ottawa-Gatineau, Ontario part, Ontario/Quebec",NA,"Visual and performing arts, and communications technologies",7381
"2016/2017","Ottawa-Gatineau, Ontario part, Ontario/Quebec",NA,"Humanities",6408
"2016/2017","Ottawa-Gatineau, Ontario part, Ontario/Quebec",NA,"Social and behavioural sciences, and legal studies",6734
"2016/2017","Ottawa-Gatineau, Ontario part, Ontario/Quebec",NA,"Law",13816
"2016/2017","Ottawa-Gatineau, Ontario part, Ontario/Quebec",NA,"Business management and public administration",7526
"2016/2017","Ottawa-Gatineau, Ontario part, Ontario/Quebec",NA,"Physical and life sciences and technologies",6375
"2016/2017","Ottawa-Gatineau, Ontario part, Ontario/Quebec",NA,"Mathematics, computer and information sciences",7647
"2016/2017","Ottawa-Gatineau, Ontario part, Ontario/Quebec",NA,"Engineering",10147
"2016/2017","Ottawa-Gatineau, Ontario part, Ontario/Quebec",NA,"Architecture",9672
"2016/2017","Ottawa-Gatineau, Ontario part, Ontario/Quebec",NA,"Agriculture, natural resources and conservation",6363
"2016/2017","Ottawa-Gatineau, Ontario part, Ontario/Quebec",NA,"Medicine",25686
"2016/2017","Ottawa-Gatineau, Ontario part, Ontario/Quebec",NA,"Nursing",6376
"2016/2017","Ottawa-Gatineau, Ontario part, Ontario/Quebec",NA,"Other health, parks, recreation and fitness",6376
"2016/2017","Guelph","550","Total, field of study",6828
"2016/2017","Guelph","550","Visual and performing arts, and communications technologies",6276
"2016/2017","Guelph","550","Humanities",6276
"2016/2017","Guelph","550","Social and behavioural sciences, and legal studies",6276
"2016/2017","Guelph","550","Business management and public administration",7489
"2016/2017","Guelph","550","Physical and life sciences and technologies",6276
"2016/2017","Guelph","550","Mathematics, computer and information sciences",7489
"2016/2017","Guelph","550","Engineering",9385
"2016/2017","Guelph","550","Architecture",8133
"2016/2017","Guelph","550","Agriculture, natural resources and conservation",6276
"2016/2017","Guelph","550","Veterinary medicine",8133
"2016/2017","Guelph","550","Personal, protective and transportation services",6276
"2016/2017","Thunder Bay","595","Total, field of study",6657
"2016/2017","Thunder Bay","595","Education",6384
"2016/2017","Thunder Bay","595","Visual and performing arts, and communications technologies",6133
"2016/2017","Thunder Bay","595","Humanities",6133
"2016/2017","Thunder Bay","595","Social and behavioural sciences, and legal studies",6133
"2016/2017","Thunder Bay","595","Law",16704
"2016/2017","Thunder Bay","595","Business management and public administration",6612
"2016/2017","Thunder Bay","595","Physical and life sciences and technologies",6133
"2016/2017","Thunder Bay","595","Mathematics, computer and information sciences",6133
"2016/2017","Thunder Bay","595","Engineering",7355
"2016/2017","Thunder Bay","595","Agriculture, natural resources and conservation",6133
"2016/2017","Thunder Bay","595","Nursing",6133
"2016/2017","Thunder Bay","595","Other health, parks, recreation and fitness",6133
"2016/2017","Greater Sudbury","580","Total, field of study",6615
"2016/2017","Greater Sudbury","580","Education",6163
"2016/2017","Greater Sudbury","580","Visual and performing arts, and communications technologies",6163
"2016/2017","Greater Sudbury","580","Humanities",6163
"2016/2017","Greater Sudbury","580","Social and behavioural sciences, and legal studies",6163
"2016/2017","Greater Sudbury","580","Law",NA
"2016/2017","Greater Sudbury","580","Business management and public administration",7493
"2016/2017","Greater Sudbury","580","Physical and life sciences and technologies",6163
"2016/2017","Greater Sudbury","580","Mathematics, computer and information sciences",7493
"2016/2017","Greater Sudbury","580","Engineering",8132
"2016/2017","Greater Sudbury","580","Architecture",9785
"2016/2017","Greater Sudbury","580","Nursing",6042
"2016/2017","Greater Sudbury","580","Other health, parks, recreation and fitness",6042
"2016/2017","Greater Sudbury","580","Personal, protective and transportation services",6163
"2016/2017","Hamilton","537","Total, field of study",7839
"2016/2017","Hamilton","537","Humanities",6329
"2016/2017","Hamilton","537","Social and behavioural sciences, and legal studies",6329
"2016/2017","Hamilton","537","Business management and public administration",9234
"2016/2017","Hamilton","537","Physical and life sciences and technologies",6329
"2016/2017","Hamilton","537","Mathematics, computer and information sciences",6329
"2016/2017","Hamilton","537","Engineering",10136
"2016/2017","Hamilton","537","Medicine",NA
"2016/2017","Hamilton","537","Nursing",7491
"2016/2017","Hamilton","537","Other health, parks, recreation and fitness",9205
"2016/2017","North Bay","575","Total, field of study",6360
"2016/2017","North Bay","575","Education",6934
"2016/2017","North Bay","575","Visual and performing arts, and communications technologies",6055
"2016/2017","North Bay","575","Humanities",6055
"2016/2017","North Bay","575","Social and behavioural sciences, and legal studies",6055
"2016/2017","North Bay","575","Business management and public administration",6838
"2016/2017","North Bay","575","Physical and life sciences and technologies",6055
"2016/2017","North Bay","575","Mathematics, computer and information sciences",6838
"2016/2017","North Bay","575","Agriculture, natural resources and conservation",6055
"2016/2017","North Bay","575","Nursing",6055
"2016/2017","North Bay","575","Other health, parks, recreation and fitness",6055
"2016/2017","North Bay","575","Personal, protective and transportation services",6055
"2016/2017","Kingston","521","Total, field of study",9010
"2016/2017","Kingston","521","Education",6294
"2016/2017","Kingston","521","Visual and performing arts, and communications technologies",6385
"2016/2017","Kingston","521","Humanities",6385
"2016/2017","Kingston","521","Social and behavioural sciences, and legal studies",6396
"2016/2017","Kingston","521","Law",18330
"2016/2017","Kingston","521","Business management and public administration",15241
"2016/2017","Kingston","521","Physical and life sciences and technologies",6385
"2016/2017","Kingston","521","Mathematics, computer and information sciences",6416
"2016/2017","Kingston","521","Engineering",12264
"2016/2017","Kingston","521","Agriculture, natural resources and conservation",6385
"2016/2017","Kingston","521","Medicine",24867
"2016/2017","Kingston","521","Nursing",6704
"2016/2017","Kingston","521","Other health, parks, recreation and fitness",6385
"2016/2017","Peterborough","529","Total, field of study",6393
"2016/2017","Peterborough","529","Education",6393
"2016/2017","Peterborough","529","Humanities",6393
"2016/2017","Peterborough","529","Social and behavioural sciences, and legal studies",6393
"2016/2017","Peterborough","529","Business management and public administration",6393
"2016/2017","Peterborough","529","Physical and life sciences and technologies",6393
"2016/2017","Peterborough","529","Mathematics, computer and information sciences",6393
"2016/2017","Peterborough","529","Agriculture, natural resources and conservation",6393
"2016/2017","Peterborough","529","Nursing",6393
"2016/2017","Peterborough","529","Personal, protective and transportation services",6393
"2016/2017","Windsor","559","Total, field of study",7846
"2016/2017","Windsor","559","Education",7144
"2016/2017","Windsor","559","Visual and performing arts, and communications technologies",6134
"2016/2017","Windsor","559","Humanities",6134
"2016/2017","Windsor","559","Social and behavioural sciences, and legal studies",6134
"2016/2017","Windsor","559","Law",17694
"2016/2017","Windsor","559","Business management and public administration",8832
"2016/2017","Windsor","559","Physical and life sciences and technologies",6255
"2016/2017","Windsor","559","Mathematics, computer and information sciences",9095
"2016/2017","Windsor","559","Engineering",9584
"2016/2017","Windsor","559","Nursing",6134
"2016/2017","Windsor","559","Other health, parks, recreation and fitness",6255
"2016/2017","Toronto","535","Total, field of study",8266
"2016/2017","Toronto","535","Education",6580
"2016/2017","Toronto","535","Visual and performing arts, and communications technologies",6827
"2016/2017","Toronto","535","Humanities",6491
"2016/2017","Toronto","535","Social and behavioural sciences, and legal studies",6453
"2016/2017","Toronto","535","Law",28250
"2016/2017","Toronto","535","Business management and public administration",8822
"2016/2017","Toronto","535","Physical and life sciences and technologies",8387
"2016/2017","Toronto","535","Mathematics, computer and information sciences",8070
"2016/2017","Toronto","535","Engineering",12244
"2016/2017","Toronto","535","Architecture",7595
"2016/2017","Toronto","535","Agriculture, natural resources and conservation",6469
"2016/2017","Toronto","535","Dentistry",37380
"2016/2017","Toronto","535","Medicine",22955
"2016/2017","Toronto","535","Nursing",6669
"2016/2017","Toronto","535","Pharmacy",18210
"2016/2017","Toronto","535","Other health, parks, recreation and fitness",7195
"2016/2017","Toronto","535","Personal, protective and transportation services",7957
"2016/2017","Oshawa","532","Total, field of study",7474
"2016/2017","Oshawa","532","Education",6359
"2016/2017","Oshawa","532","Social and behavioural sciences, and legal studies",6359
"2016/2017","Oshawa","532","Business management and public administration",8070
"2016/2017","Oshawa","532","Physical and life sciences and technologies",6359
"2016/2017","Oshawa","532","Mathematics, computer and information sciences",9378
"2016/2017","Oshawa","532","Engineering",9269
"2016/2017","Oshawa","532","Nursing",6359
"2016/2017","Oshawa","532","Other health, parks, recreation and fitness",6359
"2016/2017","Oshawa","532","Personal, protective and transportation services",6359
"2016/2017","Sault Ste. Marie","590","Total, field of study",6143
"2016/2017","Sault Ste. Marie","590","Visual and performing arts, and communications technologies",6143
"2016/2017","Sault Ste. Marie","590","Humanities",6143
"2016/2017","Sault Ste. Marie","590","Social and behavioural sciences, and legal studies",6143
"2016/2017","Sault Ste. Marie","590","Law",NA
"2016/2017","Sault Ste. Marie","590","Business management and public administration",6143
"2016/2017","Sault Ste. Marie","590","Physical and life sciences and technologies",6143
"2016/2017","Sault Ste. Marie","590","Mathematics, computer and information sciences",6143
"2016/2017","Kitchener-Cambridge-Waterloo","541","Total, field of study",9132
"2016/2017","Kitchener-Cambridge-Waterloo","541","Education",8371
"2016/2017","Kitchener-Cambridge-Waterloo","541","Visual and performing arts, and communications technologies",6582
"2016/2017","Kitchener-Cambridge-Waterloo","541","Humanities",6560
"2016/2017","Kitchener-Cambridge-Waterloo","541","Social and behavioural sciences, and legal studies",6560
"2016/2017","Kitchener-Cambridge-Waterloo","541","Law",NA
"2016/2017","Kitchener-Cambridge-Waterloo","541","Business management and public administration",9769
"2016/2017","Kitchener-Cambridge-Waterloo","541","Physical and life sciences and technologies",6852
"2016/2017","Kitchener-Cambridge-Waterloo","541","Mathematics, computer and information sciences",9836
"2016/2017","Kitchener-Cambridge-Waterloo","541","Engineering",14598
"2016/2017","Kitchener-Cambridge-Waterloo","541","Architecture",8255
"2016/2017","Kitchener-Cambridge-Waterloo","541","Agriculture, natural resources and conservation",7110
"2016/2017","Kitchener-Cambridge-Waterloo","541","Pharmacy",19149
"2016/2017","Kitchener-Cambridge-Waterloo","541","Other health, parks, recreation and fitness",9478
"2016/2017","London","555","Total, field of study",10576
"2016/2017","London","555","Education",7616
"2016/2017","London","555","Visual and performing arts, and communications technologies",6338
"2016/2017","London","555","Humanities",6338
"2016/2017","London","555","Social and behavioural sciences, and legal studies",6341
"2016/2017","London","555","Law",20309
"2016/2017","London","555","Business management and public administration",25652
"2016/2017","London","555","Physical and life sciences and technologies",6343
"2016/2017","London","555","Mathematics, computer and information sciences",6338
"2016/2017","London","555","Engineering",12392
"2016/2017","London","555","Dentistry",35619
"2016/2017","London","555","Medicine",25123
"2016/2017","London","555","Nursing",6338
"2016/2017","London","555","Other health, parks, recreation and fitness",6338
"2016/2017","Barrie","568","Total, field of study",7277
"2016/2017","Barrie","568","Visual and performing arts, and communications technologies",7310
"2016/2017","Barrie","568","Business management and public administration",7988
"2016/2017","Barrie","568","Personal, protective and transportation services",6408
"2016/2017","Manitoba","46","Total, field of study",4099
"2016/2017","Manitoba","46","Education",3606
"2016/2017","Manitoba","46","Visual and performing arts, and communications technologies",3864
"2016/2017","Manitoba","46","Humanities",3539
"2016/2017","Manitoba","46","Social and behavioural sciences, and legal studies",3553
"2016/2017","Manitoba","46","Law",9596
"2016/2017","Manitoba","46","Business management and public administration",4096
"2016/2017","Manitoba","46","Physical and life sciences and technologies",3814
"2016/2017","Manitoba","46","Mathematics, computer and information sciences",3778
"2016/2017","Manitoba","46","Engineering",5506
"2016/2017","Manitoba","46","Architecture",4175
"2016/2017","Manitoba","46","Agriculture, natural resources and conservation",4032
"2016/2017","Manitoba","46","Dentistry",20070
"2016/2017","Manitoba","46","Medicine",NA
"2016/2017","Manitoba","46","Nursing",5052
"2016/2017","Manitoba","46","Pharmacy",7863
"2016/2017","Manitoba","46","Other health, parks, recreation and fitness",3876
"2016/2017","Manitoba","46","Personal, protective and transportation services",3663
"2016/2017","Winnipeg","602","Total, field of study",4140
"2016/2017","Winnipeg","602","Education",3645
"2016/2017","Winnipeg","602","Visual and performing arts, and communications technologies",3914
"2016/2017","Winnipeg","602","Humanities",3524
"2016/2017","Winnipeg","602","Social and behavioural sciences, and legal studies",3560
"2016/2017","Winnipeg","602","Law",9596
"2016/2017","Winnipeg","602","Business management and public administration",4153
"2016/2017","Winnipeg","602","Physical and life sciences and technologies",3828
"2016/2017","Winnipeg","602","Mathematics, computer and information sciences",3792
"2016/2017","Winnipeg","602","Engineering",5506
"2016/2017","Winnipeg","602","Architecture",4175
"2016/2017","Winnipeg","602","Agriculture, natural resources and conservation",4051
"2016/2017","Winnipeg","602","Dentistry",20070
"2016/2017","Winnipeg","602","Medicine",NA
"2016/2017","Winnipeg","602","Nursing",5414
"2016/2017","Winnipeg","602","Pharmacy",7863
"2016/2017","Winnipeg","602","Other health, parks, recreation and fitness",3876
"2016/2017","Winnipeg","602","Personal, protective and transportation services",3663
"2016/2017","Brandon","610","Total, field of study",3509
"2016/2017","Brandon","610","Education",3396
"2016/2017","Brandon","610","Visual and performing arts, and communications technologies",3440
"2016/2017","Brandon","610","Humanities",3336
"2016/2017","Brandon","610","Social and behavioural sciences, and legal studies",3480
"2016/2017","Brandon","610","Business management and public administration",3336
"2016/2017","Brandon","610","Physical and life sciences and technologies",3624
"2016/2017","Brandon","610","Mathematics, computer and information sciences",3624
"2016/2017","Brandon","610","Agriculture, natural resources and conservation",3624
"2016/2017","Brandon","610","Nursing",3690
"2016/2017","The Pas","4621045","Total, field of study",4224
"2016/2017","The Pas","4621045","Education",4377
"2016/2017","The Pas","4621045","Humanities",4672
"2016/2017","The Pas","4621045","Business management and public administration",2188
"2016/2017","Saskatchewan","47","Total, field of study",7042
"2016/2017","Saskatchewan","47","Education",6187
"2016/2017","Saskatchewan","47","Visual and performing arts, and communications technologies",6387
"2016/2017","Saskatchewan","47","Humanities",6035
"2016/2017","Saskatchewan","47","Social and behavioural sciences, and legal studies",5983
"2016/2017","Saskatchewan","47","Law",12624
"2016/2017","Saskatchewan","47","Business management and public administration",7002
"2016/2017","Saskatchewan","47","Physical and life sciences and technologies",6178
"2016/2017","Saskatchewan","47","Mathematics, computer and information sciences",6265
"2016/2017","Saskatchewan","47","Engineering",7305
"2016/2017","Saskatchewan","47","Agriculture, natural resources and conservation",5972
"2016/2017","Saskatchewan","47","Dentistry",32960
"2016/2017","Saskatchewan","47","Medicine",16236
"2016/2017","Saskatchewan","47","Nursing",7154
"2016/2017","Saskatchewan","47","Pharmacy",8456
"2016/2017","Saskatchewan","47","Veterinary medicine",9114
"2016/2017","Saskatchewan","47","Other health, parks, recreation and fitness",6330
"2016/2017","Saskatchewan","47","Personal, protective and transportation services",6195
"2016/2017","Regina","705","Total, field of study",6588
"2016/2017","Regina","705","Education",6382
"2016/2017","Regina","705","Visual and performing arts, and communications technologies",6570
"2016/2017","Regina","705","Humanities",6195
"2016/2017","Regina","705","Social and behavioural sciences, and legal studies",6195
"2016/2017","Regina","705","Business management and public administration",6810
"2016/2017","Regina","705","Physical and life sciences and technologies",6570
"2016/2017","Regina","705","Mathematics, computer and information sciences",6570
"2016/2017","Regina","705","Engineering",6885
"2016/2017","Regina","705","Nursing",6908
"2016/2017","Regina","705","Other health, parks, recreation and fitness",6570
"2016/2017","Regina","705","Personal, protective and transportation services",6195
"2016/2017","Saskatoon","725","Total, field of study",7350
"2016/2017","Saskatoon","725","Education",5955
"2016/2017","Saskatoon","725","Visual and performing arts, and communications technologies",6104
"2016/2017","Saskatoon","725","Humanities",5855
"2016/2017","Saskatoon","725","Social and behavioural sciences, and legal studies",5855
"2016/2017","Saskatoon","725","Law",12624
"2016/2017","Saskatoon","725","Business management and public administration",7230
"2016/2017","Saskatoon","725","Physical and life sciences and technologies",6075
"2016/2017","Saskatoon","725","Mathematics, computer and information sciences",6075
"2016/2017","Saskatoon","725","Engineering",7491
"2016/2017","Saskatoon","725","Agriculture, natural resources and conservation",5972
"2016/2017","Saskatoon","725","Dentistry",32960
"2016/2017","Saskatoon","725","Medicine",16236
"2016/2017","Saskatoon","725","Nursing",7458
"2016/2017","Saskatoon","725","Pharmacy",8456
"2016/2017","Saskatoon","725","Veterinary medicine",9114
"2016/2017","Saskatoon","725","Other health, parks, recreation and fitness",5945
"2016/2017","Alberta","48","Total, field of study",5742
"2016/2017","Alberta","48","Education",5269
"2016/2017","Alberta","48","Visual and performing arts, and communications technologies",4975
"2016/2017","Alberta","48","Humanities",5050
"2016/2017","Alberta","48","Social and behavioural sciences, and legal studies",5247
"2016/2017","Alberta","48","Law",11031
"2016/2017","Alberta","48","Business management and public administration",5868
"2016/2017","Alberta","48","Physical and life sciences and technologies",5320
"2016/2017","Alberta","48","Mathematics, computer and information sciences",5244
"2016/2017","Alberta","48","Engineering",6420
"2016/2017","Alberta","48","Agriculture, natural resources and conservation",5210
"2016/2017","Alberta","48","Dentistry",20184
"2016/2017","Alberta","48","Medicine",13326
"2016/2017","Alberta","48","Nursing",5847
"2016/2017","Alberta","48","Pharmacy",9987
"2016/2017","Alberta","48","Veterinary medicine",10864
"2016/2017","Alberta","48","Other health, parks, recreation and fitness",5165
"2016/2017","Alberta","48","Personal, protective and transportation services",4942
"2016/2017","Edmonton","835","Total, field of study",5836
"2016/2017","Edmonton","835","Education",5321
"2016/2017","Edmonton","835","Visual and performing arts, and communications technologies",5378
"2016/2017","Edmonton","835","Humanities",4956
"2016/2017","Edmonton","835","Social and behavioural sciences, and legal studies",5354
"2016/2017","Edmonton","835","Law",10221
"2016/2017","Edmonton","835","Business management and public administration",5494
"2016/2017","Edmonton","835","Physical and life sciences and technologies",5328
"2016/2017","Edmonton","835","Mathematics, computer and information sciences",5227
"2016/2017","Edmonton","835","Engineering",6385
"2016/2017","Edmonton","835","Agriculture, natural resources and conservation",5321
"2016/2017","Edmonton","835","Dentistry",20184
"2016/2017","Edmonton","835","Medicine",12044
"2016/2017","Edmonton","835","Nursing",6555
"2016/2017","Edmonton","835","Pharmacy",9987
"2016/2017","Edmonton","835","Other health, parks, recreation and fitness",5321
"2016/2017","Calgary","825","Total, field of study",5831
"2016/2017","Calgary","825","Education",5261
"2016/2017","Calgary","825","Visual and performing arts, and communications technologies",4825
"2016/2017","Calgary","825","Humanities",5213
"2016/2017","Calgary","825","Social and behavioural sciences, and legal studies",5209
"2016/2017","Calgary","825","Law",12315
"2016/2017","Calgary","825","Business management and public administration",6443
"2016/2017","Calgary","825","Physical and life sciences and technologies",5372
"2016/2017","Calgary","825","Mathematics, computer and information sciences",5310
"2016/2017","Calgary","825","Engineering",6463
"2016/2017","Calgary","825","Agriculture, natural resources and conservation",5264
"2016/2017","Calgary","825","Medicine",15012
"2016/2017","Calgary","825","Nursing",5150
"2016/2017","Calgary","825","Veterinary medicine",10864
"2016/2017","Calgary","825","Other health, parks, recreation and fitness",5182
"2016/2017","Calgary","825","Personal, protective and transportation services",4942
"2016/2017","Lethbridge","810","Total, field of study",4981
"2016/2017","Lethbridge","810","Education",4974
"2016/2017","Lethbridge","810","Visual and performing arts, and communications technologies",4974
"2016/2017","Lethbridge","810","Humanities",4974
"2016/2017","Lethbridge","810","Social and behavioural sciences, and legal studies",4974
"2016/2017","Lethbridge","810","Business management and public administration",4974
"2016/2017","Lethbridge","810","Physical and life sciences and technologies",4974
"2016/2017","Lethbridge","810","Mathematics, computer and information sciences",4974
"2016/2017","Lethbridge","810","Agriculture, natural resources and conservation",5185
"2016/2017","Lethbridge","810","Nursing",4974
"2016/2017","Lethbridge","810","Other health, parks, recreation and fitness",4974
"2016/2017","Medicine Hat","805","Total, field of study",4239
"2016/2017","Medicine Hat","805","Visual and performing arts, and communications technologies",4271
"2016/2017","Medicine Hat","805","Other health, parks, recreation and fitness",4212
"2016/2017","Red Deer","830","Total, field of study",2984
"2016/2017","Red Deer","830","Visual and performing arts, and communications technologies",2984
"2016/2017","Athabasca","4813048","Total, field of study",5405
"2016/2017","Athabasca","4813048","Humanities",5405
"2016/2017","Athabasca","4813048","Social and behavioural sciences, and legal studies",5405
"2016/2017","Athabasca","4813048","Business management and public administration",5405
"2016/2017","Athabasca","4813048","Physical and life sciences and technologies",5405
"2016/2017","Athabasca","4813048","Mathematics, computer and information sciences",5405
"2016/2017","Athabasca","4813048","Nursing",5405
"2016/2017","Olds","4806034","Total, field of study",4380
"2016/2017","Olds","4806034","Agriculture, natural resources and conservation",4380
"2016/2017","Olds","4806034","Other health, parks, recreation and fitness",4380
"2016/2017","Vermilion","4810042","Total, field of study",4743
"2016/2017","Vermilion","4810042","Agriculture, natural resources and conservation",4743
"2016/2017","British Columbia","59","Total, field of study",5523
"2016/2017","British Columbia","59","Education",5229
"2016/2017","British Columbia","59","Visual and performing arts, and communications technologies",5309
"2016/2017","British Columbia","59","Humanities",4836
"2016/2017","British Columbia","59","Social and behavioural sciences, and legal studies",5050
"2016/2017","British Columbia","59","Law",11112
"2016/2017","British Columbia","59","Business management and public administration",5188
"2016/2017","British Columbia","59","Physical and life sciences and technologies",4999
"2016/2017","British Columbia","59","Mathematics, computer and information sciences",5032
"2016/2017","British Columbia","59","Engineering",5509
"2016/2017","British Columbia","59","Architecture",5396
"2016/2017","British Columbia","59","Agriculture, natural resources and conservation",4983
"2016/2017","British Columbia","59","Dentistry",27653
"2016/2017","British Columbia","59","Medicine",17407
"2016/2017","British Columbia","59","Nursing",4382
"2016/2017","British Columbia","59","Pharmacy",12256
"2016/2017","British Columbia","59","Other health, parks, recreation and fitness",4992
"2016/2017","British Columbia","59","Personal, protective and transportation services",5334
"2016/2017","Vancouver","933","Total, field of study",5827
"2016/2017","Vancouver","933","Education",5556
"2016/2017","Vancouver","933","Visual and performing arts, and communications technologies",5364
"2016/2017","Vancouver","933","Humanities",5102
"2016/2017","Vancouver","933","Social and behavioural sciences, and legal studies",4982
"2016/2017","Vancouver","933","Law",11911
"2016/2017","Vancouver","933","Business management and public administration",5216
"2016/2017","Vancouver","933","Physical and life sciences and technologies",5165
"2016/2017","Vancouver","933","Mathematics, computer and information sciences",5148
"2016/2017","Vancouver","933","Engineering",5424
"2016/2017","Vancouver","933","Architecture",5396
"2016/2017","Vancouver","933","Agriculture, natural resources and conservation",5085
"2016/2017","Vancouver","933","Dentistry",27653
"2016/2017","Vancouver","933","Medicine",17407
"2016/2017","Vancouver","933","Nursing",4350
"2016/2017","Vancouver","933","Pharmacy",12256
"2016/2017","Vancouver","933","Other health, parks, recreation and fitness",5101
"2016/2017","Vancouver","933","Personal, protective and transportation services",5334
"2016/2017","Victoria","935","Total, field of study",5591
"2016/2017","Victoria","935","Education",5368
"2016/2017","Victoria","935","Visual and performing arts, and communications technologies",5368
"2016/2017","Victoria","935","Humanities",5368
"2016/2017","Victoria","935","Social and behavioural sciences, and legal studies",5456
"2016/2017","Victoria","935","Law",9393
"2016/2017","Victoria","935","Business management and public administration",5661
"2016/2017","Victoria","935","Physical and life sciences and technologies",5368
"2016/2017","Victoria","935","Mathematics, computer and information sciences",5368
"2016/2017","Victoria","935","Engineering",5882
"2016/2017","Victoria","935","Agriculture, natural resources and conservation",6269
"2016/2017","Victoria","935","Nursing",5368
"2016/2017","Victoria","935","Other health, parks, recreation and fitness",4907
"2016/2017","Prince George","970","Total, field of study",5111
"2016/2017","Prince George","970","Education",5111
"2016/2017","Prince George","970","Humanities",5111
"2016/2017","Prince George","970","Social and behavioural sciences, and legal studies",5111
"2016/2017","Prince George","970","Business management and public administration",5111
"2016/2017","Prince George","970","Physical and life sciences and technologies",5111
"2016/2017","Prince George","970","Mathematics, computer and information sciences",5111
"2016/2017","Prince George","970","Engineering",5111
"2016/2017","Prince George","970","Agriculture, natural resources and conservation",5111
"2016/2017","Prince George","970","Nursing",5111
"2016/2017","Prince George","970","Other health, parks, recreation and fitness",5111
"2016/2017","Courtenay","943","Total, field of study",2849
"2016/2017","Courtenay","943","Business management and public administration",2849
"2016/2017","Cranbrook","905","Total, field of study",4984
"2016/2017","Cranbrook","905","Business management and public administration",4984
"2016/2017","Kamloops","925","Total, field of study",4064
"2016/2017","Kamloops","925","Education",4064
"2016/2017","Kamloops","925","Visual and performing arts, and communications technologies",4064
"2016/2017","Kamloops","925","Humanities",4064
"2016/2017","Kamloops","925","Social and behavioural sciences, and legal studies",4064
"2016/2017","Kamloops","925","Business management and public administration",4064
"2016/2017","Kamloops","925","Physical and life sciences and technologies",4064
"2016/2017","Kamloops","925","Mathematics, computer and information sciences",4064
"2016/2017","Kamloops","925","Agriculture, natural resources and conservation",4064
"2016/2017","Kamloops","925","Nursing",4064
"2016/2017","Kelowna","915","Total, field of study",3874
"2016/2017","Kelowna","915","Business management and public administration",3868
"2016/2017","Kelowna","915","Mathematics, computer and information sciences",3922
"2016/2017","Nanaimo","938","Total, field of study",4866
"2016/2017","Nanaimo","938","Education",4261
"2016/2017","Nanaimo","938","Visual and performing arts, and communications technologies",4261
"2016/2017","Nanaimo","938","Humanities",4261
"2016/2017","Nanaimo","938","Social and behavioural sciences, and legal studies",4261
"2016/2017","Nanaimo","938","Business management and public administration",7927
"2016/2017","Nanaimo","938","Physical and life sciences and technologies",4261
"2016/2017","Nanaimo","938","Agriculture, natural resources and conservation",4261
"2016/2017","Nanaimo","938","Nursing",4261
"2016/2017","Nanaimo","938","Other health, parks, recreation and fitness",4261
"2016/2017","Abbotsford-Mission","932","Total, field of study",4210
"2016/2017","Abbotsford-Mission","932","Education",4666
"2016/2017","Abbotsford-Mission","932","Visual and performing arts, and communications technologies",5446
"2016/2017","Abbotsford-Mission","932","Humanities",4182
"2016/2017","Abbotsford-Mission","932","Social and behavioural sciences, and legal studies",4182
"2016/2017","Abbotsford-Mission","932","Business management and public administration",4182
"2016/2017","Abbotsford-Mission","932","Physical and life sciences and technologies",4182
"2016/2017","Abbotsford-Mission","932","Mathematics, computer and information sciences",4182
"2016/2017","Abbotsford-Mission","932","Nursing",4182
"2016/2017","Abbotsford-Mission","932","Other health, parks, recreation and fitness",4182
"2016/2017","Central Kootenay J","5903058","Total, field of study",4464
"2016/2017","Central Kootenay J","5903058","Social and behavioural sciences, and legal studies",4464
"2017/2018","Canada","1","Total, field of study",6618
"2017/2018","Canada","1","Education",4423
"2017/2018","Canada","1","Visual and performing arts, and communications technologies",5857
"2017/2018","Canada","1","Humanities",5619
"2017/2018","Canada","1","Social and behavioural sciences, and legal studies",5739
"2017/2018","Canada","1","Law",12807
"2017/2018","Canada","1","Business management and public administration",7143
"2017/2018","Canada","1","Physical and life sciences and technologies",6206
"2017/2018","Canada","1","Mathematics, computer and information sciences",7157
"2017/2018","Canada","1","Engineering",8106
"2017/2018","Canada","1","Architecture",6610
"2017/2018","Canada","1","Agriculture, natural resources and conservation",5665
"2017/2018","Canada","1","Dentistry",22569
"2017/2018","Canada","1","Medicine",14274
"2017/2018","Canada","1","Nursing",5636
"2017/2018","Canada","1","Pharmacy",10367
"2017/2018","Canada","1","Veterinary medicine",7647
"2017/2018","Canada","1","Other health, parks, recreation and fitness",6287
"2017/2018","Canada","1","Personal, protective and transportation services",6044
"2017/2018","Newfoundland and Labrador","10","Total, field of study",2821
"2017/2018","Newfoundland and Labrador","10","Education",2805
"2017/2018","Newfoundland and Labrador","10","Visual and performing arts, and communications technologies",2550
"2017/2018","Newfoundland and Labrador","10","Humanities",2550
"2017/2018","Newfoundland and Labrador","10","Social and behavioural sciences, and legal studies",2550
"2017/2018","Newfoundland and Labrador","10","Law",NA
"2017/2018","Newfoundland and Labrador","10","Business management and public administration",2805
"2017/2018","Newfoundland and Labrador","10","Physical and life sciences and technologies",2550
"2017/2018","Newfoundland and Labrador","10","Mathematics, computer and information sciences",2550
"2017/2018","Newfoundland and Labrador","10","Engineering",2805
"2017/2018","Newfoundland and Labrador","10","Architecture",NA
"2017/2018","Newfoundland and Labrador","10","Agriculture, natural resources and conservation",2550
"2017/2018","Newfoundland and Labrador","10","Dentistry",NA
"2017/2018","Newfoundland and Labrador","10","Medicine",8250
"2017/2018","Newfoundland and Labrador","10","Nursing",2550
"2017/2018","Newfoundland and Labrador","10","Pharmacy",2805
"2017/2018","Newfoundland and Labrador","10","Veterinary medicine",NA
"2017/2018","Newfoundland and Labrador","10","Other health, parks, recreation and fitness",2550
"2017/2018","Newfoundland and Labrador","10","Personal, protective and transportation services",2550
"2017/2018","St. John's","001","Total, field of study",2821
"2017/2018","St. John's","001","Education",2805
"2017/2018","St. John's","001","Visual and performing arts, and communications technologies",2550
"2017/2018","St. John's","001","Humanities",2550
"2017/2018","St. John's","001","Social and behavioural sciences, and legal studies",2550
"2017/2018","St. John's","001","Law",NA
"2017/2018","St. John's","001","Business management and public administration",2805
"2017/2018","St. John's","001","Physical and life sciences and technologies",2550
"2017/2018","St. John's","001","Mathematics, computer and information sciences",2550
"2017/2018","St. John's","001","Engineering",2805
"2017/2018","St. John's","001","Architecture",NA
"2017/2018","St. John's","001","Agriculture, natural resources and conservation",2550
"2017/2018","St. John's","001","Dentistry",NA
"2017/2018","St. John's","001","Medicine",8250
"2017/2018","St. John's","001","Nursing",2550
"2017/2018","St. John's","001","Pharmacy",2805
"2017/2018","St. John's","001","Veterinary medicine",NA
"2017/2018","St. John's","001","Other health, parks, recreation and fitness",2550
"2017/2018","St. John's","001","Personal, protective and transportation services",2550
"2017/2018","Prince Edward Island","11","Total, field of study",6485
"2017/2018","Prince Edward Island","11","Education",8031
"2017/2018","Prince Edward Island","11","Visual and performing arts, and communications technologies",6030
"2017/2018","Prince Edward Island","11","Humanities",6030
"2017/2018","Prince Edward Island","11","Social and behavioural sciences, and legal studies",6030
"2017/2018","Prince Edward Island","11","Law",NA
"2017/2018","Prince Edward Island","11","Business management and public administration",6030
"2017/2018","Prince Edward Island","11","Physical and life sciences and technologies",6030
"2017/2018","Prince Edward Island","11","Mathematics, computer and information sciences",6030
"2017/2018","Prince Edward Island","11","Engineering",6030
"2017/2018","Prince Edward Island","11","Architecture",NA
"2017/2018","Prince Edward Island","11","Agriculture, natural resources and conservation",6030
"2017/2018","Prince Edward Island","11","Dentistry",NA
"2017/2018","Prince Edward Island","11","Medicine",NA
"2017/2018","Prince Edward Island","11","Nursing",6030
"2017/2018","Prince Edward Island","11","Pharmacy",NA
"2017/2018","Prince Edward Island","11","Veterinary medicine",12746
"2017/2018","Prince Edward Island","11","Other health, parks, recreation and fitness",6030
"2017/2018","Prince Edward Island","11","Personal, protective and transportation services",NA
"2017/2018","Charlottetown","105","Total, field of study",6485
"2017/2018","Charlottetown","105","Education",8031
"2017/2018","Charlottetown","105","Visual and performing arts, and communications technologies",6030
"2017/2018","Charlottetown","105","Humanities",6030
"2017/2018","Charlottetown","105","Social and behavioural sciences, and legal studies",6030
"2017/2018","Charlottetown","105","Law",NA
"2017/2018","Charlottetown","105","Business management and public administration",6030
"2017/2018","Charlottetown","105","Physical and life sciences and technologies",6030
"2017/2018","Charlottetown","105","Mathematics, computer and information sciences",6030
"2017/2018","Charlottetown","105","Engineering",6030
"2017/2018","Charlottetown","105","Architecture",NA
"2017/2018","Charlottetown","105","Agriculture, natural resources and conservation",6030
"2017/2018","Charlottetown","105","Dentistry",NA
"2017/2018","Charlottetown","105","Medicine",NA
"2017/2018","Charlottetown","105","Nursing",6030
"2017/2018","Charlottetown","105","Pharmacy",NA
"2017/2018","Charlottetown","105","Veterinary medicine",12746
"2017/2018","Charlottetown","105","Other health, parks, recreation and fitness",6030
"2017/2018","Charlottetown","105","Personal, protective and transportation services",NA
"2017/2018","Nova Scotia","12","Total, field of study",7718
"2017/2018","Nova Scotia","12","Education",6959
"2017/2018","Nova Scotia","12","Visual and performing arts, and communications technologies",7219
"2017/2018","Nova Scotia","12","Humanities",6757
"2017/2018","Nova Scotia","12","Social and behavioural sciences, and legal studies",6760
"2017/2018","Nova Scotia","12","Law",14591
"2017/2018","Nova Scotia","12","Business management and public administration",7282
"2017/2018","Nova Scotia","12","Physical and life sciences and technologies",7457
"2017/2018","Nova Scotia","12","Mathematics, computer and information sciences",7366
"2017/2018","Nova Scotia","12","Engineering",9231
"2017/2018","Nova Scotia","12","Architecture",7202
"2017/2018","Nova Scotia","12","Agriculture, natural resources and conservation",6982
"2017/2018","Nova Scotia","12","Dentistry",24107
"2017/2018","Nova Scotia","12","Medicine",19459
"2017/2018","Nova Scotia","12","Nursing",7391
"2017/2018","Nova Scotia","12","Pharmacy",10731
"2017/2018","Nova Scotia","12","Veterinary medicine",NA
"2017/2018","Nova Scotia","12","Other health, parks, recreation and fitness",7608
"2017/2018","Nova Scotia","12","Personal, protective and transportation services",7370
"2017/2018","Cape Breton","225","Total, field of study",6431
"2017/2018","Cape Breton","225","Education",7624
"2017/2018","Cape Breton","225","Visual and performing arts, and communications technologies",6600
"2017/2018","Cape Breton","225","Humanities",6189
"2017/2018","Cape Breton","225","Social and behavioural sciences, and legal studies",6111
"2017/2018","Cape Breton","225","Law",NA
"2017/2018","Cape Breton","225","Business management and public administration",6264
"2017/2018","Cape Breton","225","Physical and life sciences and technologies",6167
"2017/2018","Cape Breton","225","Mathematics, computer and information sciences",6087
"2017/2018","Cape Breton","225","Engineering",6344
"2017/2018","Cape Breton","225","Architecture",NA
"2017/2018","Cape Breton","225","Agriculture, natural resources and conservation",6568
"2017/2018","Cape Breton","225","Dentistry",NA
"2017/2018","Cape Breton","225","Medicine",NA
"2017/2018","Cape Breton","225","Nursing",6958
"2017/2018","Cape Breton","225","Pharmacy",NA
"2017/2018","Cape Breton","225","Veterinary medicine",NA
"2017/2018","Cape Breton","225","Other health, parks, recreation and fitness",6427
"2017/2018","Cape Breton","225","Personal, protective and transportation services",7370
"2017/2018","Halifax","205","Total, field of study",7942
"2017/2018","Halifax","205","Education",6479
"2017/2018","Halifax","205","Visual and performing arts, and communications technologies",7183
"2017/2018","Halifax","205","Humanities",6593
"2017/2018","Halifax","205","Social and behavioural sciences, and legal studies",6547
"2017/2018","Halifax","205","Law",14591
"2017/2018","Halifax","205","Business management and public administration",7343
"2017/2018","Halifax","205","Physical and life sciences and technologies",7572
"2017/2018","Halifax","205","Mathematics, computer and information sciences",7390
"2017/2018","Halifax","205","Engineering",9831
"2017/2018","Halifax","205","Architecture",7202
"2017/2018","Halifax","205","Agriculture, natural resources and conservation",6813
"2017/2018","Halifax","205","Dentistry",24107
"2017/2018","Halifax","205","Medicine",19459
"2017/2018","Halifax","205","Nursing",7488
"2017/2018","Halifax","205","Pharmacy",10731
"2017/2018","Halifax","205","Veterinary medicine",NA
"2017/2018","Halifax","205","Other health, parks, recreation and fitness",7734
"2017/2018","Halifax","205","Personal, protective and transportation services",NA
"2017/2018","Wolfville","1207024","Total, field of study",7432
"2017/2018","Wolfville","1207024","Education",7477
"2017/2018","Wolfville","1207024","Visual and performing arts, and communications technologies",7395
"2017/2018","Wolfville","1207024","Humanities",7375
"2017/2018","Wolfville","1207024","Social and behavioural sciences, and legal studies",7380
"2017/2018","Wolfville","1207024","Law",NA
"2017/2018","Wolfville","1207024","Business management and public administration",7408
"2017/2018","Wolfville","1207024","Physical and life sciences and technologies",7432
"2017/2018","Wolfville","1207024","Mathematics, computer and information sciences",7282
"2017/2018","Wolfville","1207024","Engineering",NA
"2017/2018","Wolfville","1207024","Architecture",NA
"2017/2018","Wolfville","1207024","Agriculture, natural resources and conservation",7566
"2017/2018","Wolfville","1207024","Dentistry",NA
"2017/2018","Wolfville","1207024","Medicine",NA
"2017/2018","Wolfville","1207024","Nursing",NA
"2017/2018","Wolfville","1207024","Pharmacy",NA
"2017/2018","Wolfville","1207024","Veterinary medicine",NA
"2017/2018","Wolfville","1207024","Other health, parks, recreation and fitness",7569
"2017/2018","Wolfville","1207024","Personal, protective and transportation services",NA
"2017/2018","Clare","1203001","Total, field of study",6767
"2017/2018","Clare","1203001","Education",6553
"2017/2018","Clare","1203001","Visual and performing arts, and communications technologies",NA
"2017/2018","Clare","1203001","Humanities",6324
"2017/2018","Clare","1203001","Social and behavioural sciences, and legal studies",NA
"2017/2018","Clare","1203001","Law",NA
"2017/2018","Clare","1203001","Business management and public administration",6432
"2017/2018","Clare","1203001","Physical and life sciences and technologies",7902
"2017/2018","Clare","1203001","Mathematics, computer and information sciences",NA
"2017/2018","Clare","1203001","Engineering",NA
"2017/2018","Clare","1203001","Architecture",NA
"2017/2018","Clare","1203001","Agriculture, natural resources and conservation",NA
"2017/2018","Clare","1203001","Dentistry",NA
"2017/2018","Clare","1203001","Medicine",NA
"2017/2018","Clare","1203001","Nursing",NA
"2017/2018","Clare","1203001","Pharmacy",NA
"2017/2018","Clare","1203001","Veterinary medicine",NA
"2017/2018","Clare","1203001","Other health, parks, recreation and fitness",NA
"2017/2018","Clare","1203001","Personal, protective and transportation services",NA
"2017/2018","Antigonish","1214002","Total, field of study",7492
"2017/2018","Antigonish","1214002","Education",7199
"2017/2018","Antigonish","1214002","Visual and performing arts, and communications technologies",7526
"2017/2018","Antigonish","1214002","Humanities",7506
"2017/2018","Antigonish","1214002","Social and behavioural sciences, and legal studies",7475
"2017/2018","Antigonish","1214002","Law",NA
"2017/2018","Antigonish","1214002","Business management and public administration",7585
"2017/2018","Antigonish","1214002","Physical and life sciences and technologies",7418
"2017/2018","Antigonish","1214002","Mathematics, computer and information sciences",7336
"2017/2018","Antigonish","1214002","Engineering",NA
"2017/2018","Antigonish","1214002","Architecture",NA
"2017/2018","Antigonish","1214002","Agriculture, natural resources and conservation",7695
"2017/2018","Antigonish","1214002","Dentistry",NA
"2017/2018","Antigonish","1214002","Medicine",NA
"2017/2018","Antigonish","1214002","Nursing",7521
"2017/2018","Antigonish","1214002","Pharmacy",NA
"2017/2018","Antigonish","1214002","Veterinary medicine",NA
"2017/2018","Antigonish","1214002","Other health, parks, recreation and fitness",7454
"2017/2018","Antigonish","1214002","Personal, protective and transportation services",NA
"2017/2018","New Brunswick","13","Total, field of study",6908
"2017/2018","New Brunswick","13","Education",6529
"2017/2018","New Brunswick","13","Visual and performing arts, and communications technologies",7202
"2017/2018","New Brunswick","13","Humanities",6927
"2017/2018","New Brunswick","13","Social and behavioural sciences, and legal studies",6807
"2017/2018","New Brunswick","13","Law",9168
"2017/2018","New Brunswick","13","Business management and public administration",6855
"2017/2018","New Brunswick","13","Physical and life sciences and technologies",7107
"2017/2018","New Brunswick","13","Mathematics, computer and information sciences",6689
"2017/2018","New Brunswick","13","Engineering",7368
"2017/2018","New Brunswick","13","Architecture",NA
"2017/2018","New Brunswick","13","Agriculture, natural resources and conservation",6709
"2017/2018","New Brunswick","13","Dentistry",NA
"2017/2018","New Brunswick","13","Medicine",NA
"2017/2018","New Brunswick","13","Nursing",6300
"2017/2018","New Brunswick","13","Pharmacy",NA
"2017/2018","New Brunswick","13","Veterinary medicine",NA
"2017/2018","New Brunswick","13","Other health, parks, recreation and fitness",6244
"2017/2018","New Brunswick","13","Personal, protective and transportation services",NA
"2017/2018","Moncton","305","Total, field of study",5830
"2017/2018","Moncton","305","Education",5830
"2017/2018","Moncton","305","Visual and performing arts, and communications technologies",5830
"2017/2018","Moncton","305","Humanities",5830
"2017/2018","Moncton","305","Social and behavioural sciences, and legal studies",5830
"2017/2018","Moncton","305","Law",5830
"2017/2018","Moncton","305","Business management and public administration",5830
"2017/2018","Moncton","305","Physical and life sciences and technologies",5830
"2017/2018","Moncton","305","Mathematics, computer and information sciences",5830
"2017/2018","Moncton","305","Engineering",5830
"2017/2018","Moncton","305","Architecture",NA
"2017/2018","Moncton","305","Agriculture, natural resources and conservation",5830
"2017/2018","Moncton","305","Dentistry",NA
"2017/2018","Moncton","305","Medicine",NA
"2017/2018","Moncton","305","Nursing",5830
"2017/2018","Moncton","305","Pharmacy",NA
"2017/2018","Moncton","305","Veterinary medicine",NA
"2017/2018","Moncton","305","Other health, parks, recreation and fitness",5830
"2017/2018","Moncton","305","Personal, protective and transportation services",NA
"2017/2018","Fredericton","320","Total, field of study",7000
"2017/2018","Fredericton","320","Education",7376
"2017/2018","Fredericton","320","Visual and performing arts, and communications technologies",NA
"2017/2018","Fredericton","320","Humanities",6635
"2017/2018","Fredericton","320","Social and behavioural sciences, and legal studies",6637
"2017/2018","Fredericton","320","Law",10576
"2017/2018","Fredericton","320","Business management and public administration",7150
"2017/2018","Fredericton","320","Physical and life sciences and technologies",6626
"2017/2018","Fredericton","320","Mathematics, computer and information sciences",6626
"2017/2018","Fredericton","320","Engineering",7639
"2017/2018","Fredericton","320","Architecture",NA
"2017/2018","Fredericton","320","Agriculture, natural resources and conservation",6626
"2017/2018","Fredericton","320","Dentistry",NA
"2017/2018","Fredericton","320","Medicine",NA
"2017/2018","Fredericton","320","Nursing",6626
"2017/2018","Fredericton","320","Pharmacy",NA
"2017/2018","Fredericton","320","Veterinary medicine",NA
"2017/2018","Fredericton","320","Other health, parks, recreation and fitness",6626
"2017/2018","Fredericton","320","Personal, protective and transportation services",NA
"2017/2018","Sackville","1307009","Total, field of study",7997
"2017/2018","Sackville","1307009","Education",NA
"2017/2018","Sackville","1307009","Visual and performing arts, and communications technologies",7997
"2017/2018","Sackville","1307009","Humanities",7997
"2017/2018","Sackville","1307009","Social and behavioural sciences, and legal studies",7997
"2017/2018","Sackville","1307009","Law",NA
"2017/2018","Sackville","1307009","Business management and public administration",7997
"2017/2018","Sackville","1307009","Physical and life sciences and technologies",7997
"2017/2018","Sackville","1307009","Mathematics, computer and information sciences",7997
"2017/2018","Sackville","1307009","Engineering",NA
"2017/2018","Sackville","1307009","Architecture",NA
"2017/2018","Sackville","1307009","Agriculture, natural resources and conservation",7997
"2017/2018","Sackville","1307009","Dentistry",NA
"2017/2018","Sackville","1307009","Medicine",NA
"2017/2018","Sackville","1307009","Nursing",NA
"2017/2018","Sackville","1307009","Pharmacy",NA
"2017/2018","Sackville","1307009","Veterinary medicine",NA
"2017/2018","Sackville","1307009","Other health, parks, recreation and fitness",NA
"2017/2018","Sackville","1307009","Personal, protective and transportation services",NA
"2017/2018","Quebec","24","Total, field of study",2880
"2017/2018","Quebec","24","Education",2509
"2017/2018","Quebec","24","Visual and performing arts, and communications technologies",3226
"2017/2018","Quebec","24","Humanities",3774
"2017/2018","Quebec","24","Social and behavioural sciences, and legal studies",2970
"2017/2018","Quebec","24","Law",2803
"2017/2018","Quebec","24","Business management and public administration",2716
"2017/2018","Quebec","24","Physical and life sciences and technologies",3114
"2017/2018","Quebec","24","Mathematics, computer and information sciences",2974
"2017/2018","Quebec","24","Engineering",2807
"2017/2018","Quebec","24","Architecture",2712
"2017/2018","Quebec","24","Agriculture, natural resources and conservation",2763
"2017/2018","Quebec","24","Dentistry",3851
"2017/2018","Quebec","24","Medicine",3175
"2017/2018","Quebec","24","Nursing",2602
"2017/2018","Quebec","24","Pharmacy",2550
"2017/2018","Quebec","24","Veterinary medicine",2559
"2017/2018","Quebec","24","Other health, parks, recreation and fitness",2908
"2017/2018","Quebec","24","Personal, protective and transportation services",2416
"2017/2018","Montreal","462","Total, field of study",3102
"2017/2018","Montreal","462","Education",2591
"2017/2018","Montreal","462","Visual and performing arts, and communications technologies",3447
"2017/2018","Montreal","462","Humanities",4209
"2017/2018","Montreal","462","Social and behavioural sciences, and legal studies",3111
"2017/2018","Montreal","462","Law",3094
"2017/2018","Montreal","462","Business management and public administration",2847
"2017/2018","Montreal","462","Physical and life sciences and technologies",3357
"2017/2018","Montreal","462","Mathematics, computer and information sciences",3269
"2017/2018","Montreal","462","Engineering",2951
"2017/2018","Montreal","462","Architecture",2778
"2017/2018","Montreal","462","Agriculture, natural resources and conservation",3896
"2017/2018","Montreal","462","Dentistry",4422
"2017/2018","Montreal","462","Medicine",3526
"2017/2018","Montreal","462","Nursing",2922
"2017/2018","Montreal","462","Pharmacy",2602
"2017/2018","Montreal","462","Veterinary medicine",2559
"2017/2018","Montreal","462","Other health, parks, recreation and fitness",3187
"2017/2018","Montreal","462","Personal, protective and transportation services",2416
"2017/2018","Sherbrooke","433","Total, field of study",2824
"2017/2018","Sherbrooke","433","Education",2539
"2017/2018","Sherbrooke","433","Visual and performing arts, and communications technologies",3682
"2017/2018","Sherbrooke","433","Humanities",3058
"2017/2018","Sherbrooke","433","Social and behavioural sciences, and legal studies",3494
"2017/2018","Sherbrooke","433","Law",2416
"2017/2018","Sherbrooke","433","Business management and public administration",2963
"2017/2018","Sherbrooke","433","Physical and life sciences and technologies",3023
"2017/2018","Sherbrooke","433","Mathematics, computer and information sciences",2526
"2017/2018","Sherbrooke","433","Engineering",2420
"2017/2018","Sherbrooke","433","Architecture",NA
"2017/2018","Sherbrooke","433","Agriculture, natural resources and conservation",2391
"2017/2018","Sherbrooke","433","Dentistry",NA
"2017/2018","Sherbrooke","433","Medicine",3206
"2017/2018","Sherbrooke","433","Nursing",2466
"2017/2018","Sherbrooke","433","Pharmacy",2564
"2017/2018","Sherbrooke","433","Veterinary medicine",NA
"2017/2018","Sherbrooke","433","Other health, parks, recreation and fitness",2400
"2017/2018","Sherbrooke","433","Personal, protective and transportation services",NA
"2017/2018","Saguenay","408","Total, field of study",2412
"2017/2018","Saguenay","408","Education",2399
"2017/2018","Saguenay","408","Visual and performing arts, and communications technologies",2408
"2017/2018","Saguenay","408","Humanities",2587
"2017/2018","Saguenay","408","Social and behavioural sciences, and legal studies",2428
"2017/2018","Saguenay","408","Law",NA
"2017/2018","Saguenay","408","Business management and public administration",2399
"2017/2018","Saguenay","408","Physical and life sciences and technologies",2391
"2017/2018","Saguenay","408","Mathematics, computer and information sciences",2391
"2017/2018","Saguenay","408","Engineering",2421
"2017/2018","Saguenay","408","Architecture",NA
"2017/2018","Saguenay","408","Agriculture, natural resources and conservation",2391
"2017/2018","Saguenay","408","Dentistry",NA
"2017/2018","Saguenay","408","Medicine",NA
"2017/2018","Saguenay","408","Nursing",2391
"2017/2018","Saguenay","408","Pharmacy",NA
"2017/2018","Saguenay","408","Veterinary medicine",NA
"2017/2018","Saguenay","408","Other health, parks, recreation and fitness",2391
"2017/2018","Saguenay","408","Personal, protective and transportation services",NA
"2017/2018","Rouyn-Noranda","485","Total, field of study",2391
"2017/2018","Rouyn-Noranda","485","Education",2391
"2017/2018","Rouyn-Noranda","485","Visual and performing arts, and communications technologies",2391
"2017/2018","Rouyn-Noranda","485","Humanities",NA
"2017/2018","Rouyn-Noranda","485","Social and behavioural sciences, and legal studies",2391
"2017/2018","Rouyn-Noranda","485","Law",NA
"2017/2018","Rouyn-Noranda","485","Business management and public administration",2391
"2017/2018","Rouyn-Noranda","485","Physical and life sciences and technologies",NA
"2017/2018","Rouyn-Noranda","485","Mathematics, computer and information sciences",NA
"2017/2018","Rouyn-Noranda","485","Engineering",2391
"2017/2018","Rouyn-Noranda","485","Architecture",NA
"2017/2018","Rouyn-Noranda","485","Agriculture, natural resources and conservation",NA
"2017/2018","Rouyn-Noranda","485","Dentistry",NA
"2017/2018","Rouyn-Noranda","485","Medicine",NA
"2017/2018","Rouyn-Noranda","485","Nursing",2391
"2017/2018","Rouyn-Noranda","485","Pharmacy",NA
"2017/2018","Rouyn-Noranda","485","Veterinary medicine",NA
"2017/2018","Rouyn-Noranda","485","Other health, parks, recreation and fitness",NA
"2017/2018","Rouyn-Noranda","485","Personal, protective and transportation services",NA
"2017/2018","Trois-Rivières","442","Total, field of study",2420
"2017/2018","Trois-Rivières","442","Education",2395
"2017/2018","Trois-Rivières","442","Visual and performing arts, and communications technologies",2495
"2017/2018","Trois-Rivières","442","Humanities",2529
"2017/2018","Trois-Rivières","442","Social and behavioural sciences, and legal studies",2410
"2017/2018","Trois-Rivières","442","Law",NA
"2017/2018","Trois-Rivières","442","Business management and public administration",2403
"2017/2018","Trois-Rivières","442","Physical and life sciences and technologies",2446
"2017/2018","Trois-Rivières","442","Mathematics, computer and information sciences",2452
"2017/2018","Trois-Rivières","442","Engineering",2563
"2017/2018","Trois-Rivières","442","Architecture",NA
"2017/2018","Trois-Rivières","442","Agriculture, natural resources and conservation",NA
"2017/2018","Trois-Rivières","442","Dentistry",NA
"2017/2018","Trois-Rivières","442","Medicine",NA
"2017/2018","Trois-Rivières","442","Nursing",2399
"2017/2018","Trois-Rivières","442","Pharmacy",NA
"2017/2018","Trois-Rivières","442","Veterinary medicine",NA
"2017/2018","Trois-Rivières","442","Other health, parks, recreation and fitness",2434
"2017/2018","Trois-Rivières","442","Personal, protective and transportation services",NA
"2017/2018","Ottawa-Gatineau, Quebec part, Ontario/Quebec",NA,"Total, field of study",2498
"2017/2018","Ottawa-Gatineau, Quebec part, Ontario/Quebec",NA,"Education",2438
"2017/2018","Ottawa-Gatineau, Quebec part, Ontario/Quebec",NA,"Visual and performing arts, and communications technologies",2737
"2017/2018","Ottawa-Gatineau, Quebec part, Ontario/Quebec",NA,"Humanities",2553
"2017/2018","Ottawa-Gatineau, Quebec part, Ontario/Quebec",NA,"Social and behavioural sciences, and legal studies",2461
"2017/2018","Ottawa-Gatineau, Quebec part, Ontario/Quebec",NA,"Law",NA
"2017/2018","Ottawa-Gatineau, Quebec part, Ontario/Quebec",NA,"Business management and public administration",2527
"2017/2018","Ottawa-Gatineau, Quebec part, Ontario/Quebec",NA,"Physical and life sciences and technologies",NA
"2017/2018","Ottawa-Gatineau, Quebec part, Ontario/Quebec",NA,"Mathematics, computer and information sciences",2919
"2017/2018","Ottawa-Gatineau, Quebec part, Ontario/Quebec",NA,"Engineering",2880
"2017/2018","Ottawa-Gatineau, Quebec part, Ontario/Quebec",NA,"Architecture",NA
"2017/2018","Ottawa-Gatineau, Quebec part, Ontario/Quebec",NA,"Agriculture, natural resources and conservation",NA
"2017/2018","Ottawa-Gatineau, Quebec part, Ontario/Quebec",NA,"Dentistry",NA
"2017/2018","Ottawa-Gatineau, Quebec part, Ontario/Quebec",NA,"Medicine",NA
"2017/2018","Ottawa-Gatineau, Quebec part, Ontario/Quebec",NA,"Nursing",2428
"2017/2018","Ottawa-Gatineau, Quebec part, Ontario/Quebec",NA,"Pharmacy",NA
"2017/2018","Ottawa-Gatineau, Quebec part, Ontario/Quebec",NA,"Veterinary medicine",NA
"2017/2018","Ottawa-Gatineau, Quebec part, Ontario/Quebec",NA,"Other health, parks, recreation and fitness",NA
"2017/2018","Ottawa-Gatineau, Quebec part, Ontario/Quebec",NA,"Personal, protective and transportation services",NA
"2017/2018","Québec","421","Total, field of study",2438
"2017/2018","Québec","421","Education",2404
"2017/2018","Québec","421","Visual and performing arts, and communications technologies",2440
"2017/2018","Québec","421","Humanities",2438
"2017/2018","Québec","421","Social and behavioural sciences, and legal studies",2428
"2017/2018","Québec","421","Law",2433
"2017/2018","Québec","421","Business management and public administration",2438
"2017/2018","Québec","421","Physical and life sciences and technologies",2488
"2017/2018","Québec","421","Mathematics, computer and information sciences",2391
"2017/2018","Québec","421","Engineering",2447
"2017/2018","Québec","421","Architecture",2466
"2017/2018","Québec","421","Agriculture, natural resources and conservation",2403
"2017/2018","Québec","421","Dentistry",2491
"2017/2018","Québec","421","Medicine",2497
"2017/2018","Québec","421","Nursing",2403
"2017/2018","Québec","421","Pharmacy",2488
"2017/2018","Québec","421","Veterinary medicine",NA
"2017/2018","Québec","421","Other health, parks, recreation and fitness",2442
"2017/2018","Québec","421","Personal, protective and transportation services",NA
"2017/2018","Rimouski","404","Total, field of study",2407
"2017/2018","Rimouski","404","Education",2397
"2017/2018","Rimouski","404","Visual and performing arts, and communications technologies",NA
"2017/2018","Rimouski","404","Humanities",2391
"2017/2018","Rimouski","404","Social and behavioural sciences, and legal studies",2391
"2017/2018","Rimouski","404","Law",NA
"2017/2018","Rimouski","404","Business management and public administration",2409
"2017/2018","Rimouski","404","Physical and life sciences and technologies",2429
"2017/2018","Rimouski","404","Mathematics, computer and information sciences",2391
"2017/2018","Rimouski","404","Engineering",2543
"2017/2018","Rimouski","404","Architecture",NA
"2017/2018","Rimouski","404","Agriculture, natural resources and conservation",NA
"2017/2018","Rimouski","404","Dentistry",NA
"2017/2018","Rimouski","404","Medicine",NA
"2017/2018","Rimouski","404","Nursing",2391
"2017/2018","Rimouski","404","Pharmacy",NA
"2017/2018","Rimouski","404","Veterinary medicine",NA
"2017/2018","Rimouski","404","Other health, parks, recreation and fitness",NA
"2017/2018","Rimouski","404","Personal, protective and transportation services",NA
"2017/2018","Ontario","35","Total, field of study",8519
"2017/2018","Ontario","35","Education",6826
"2017/2018","Ontario","35","Visual and performing arts, and communications technologies",6997
"2017/2018","Ontario","35","Humanities",6603
"2017/2018","Ontario","35","Social and behavioural sciences, and legal studies",6636
"2017/2018","Ontario","35","Law",20615
"2017/2018","Ontario","35","Business management and public administration",10131
"2017/2018","Ontario","35","Physical and life sciences and technologies",7361
"2017/2018","Ontario","35","Mathematics, computer and information sciences",8842
"2017/2018","Ontario","35","Engineering",11907
"2017/2018","Ontario","35","Architecture",8485
"2017/2018","Ontario","35","Agriculture, natural resources and conservation",6648
"2017/2018","Ontario","35","Dentistry",38538
"2017/2018","Ontario","35","Medicine",25850
"2017/2018","Ontario","35","Nursing",6776
"2017/2018","Ontario","35","Pharmacy",19239
"2017/2018","Ontario","35","Veterinary medicine",8540
"2017/2018","Ontario","35","Other health, parks, recreation and fitness",7541
"2017/2018","Ontario","35","Personal, protective and transportation services",6740
"2017/2018","St. Catharines-Niagara","539","Total, field of study",6759
"2017/2018","St. Catharines-Niagara","539","Education",6569
"2017/2018","St. Catharines-Niagara","539","Visual and performing arts, and communications technologies",6476
"2017/2018","St. Catharines-Niagara","539","Humanities",6476
"2017/2018","St. Catharines-Niagara","539","Social and behavioural sciences, and legal studies",6476
"2017/2018","St. Catharines-Niagara","539","Law",NA
"2017/2018","St. Catharines-Niagara","539","Business management and public administration",7745
"2017/2018","St. Catharines-Niagara","539","Physical and life sciences and technologies",6476
"2017/2018","St. Catharines-Niagara","539","Mathematics, computer and information sciences",7598
"2017/2018","St. Catharines-Niagara","539","Engineering",NA
"2017/2018","St. Catharines-Niagara","539","Architecture",NA
"2017/2018","St. Catharines-Niagara","539","Agriculture, natural resources and conservation",6476
"2017/2018","St. Catharines-Niagara","539","Dentistry",NA
"2017/2018","St. Catharines-Niagara","539","Medicine",NA
"2017/2018","St. Catharines-Niagara","539","Nursing",6476
"2017/2018","St. Catharines-Niagara","539","Pharmacy",NA
"2017/2018","St. Catharines-Niagara","539","Veterinary medicine",NA
"2017/2018","St. Catharines-Niagara","539","Other health, parks, recreation and fitness",6476
"2017/2018","St. Catharines-Niagara","539","Personal, protective and transportation services",NA
"2017/2018","Ottawa-Gatineau, Ontario part, Ontario/Quebec",NA,"Total, field of study",8067
"2017/2018","Ottawa-Gatineau, Ontario part, Ontario/Quebec",NA,"Education",6594
"2017/2018","Ottawa-Gatineau, Ontario part, Ontario/Quebec",NA,"Visual and performing arts, and communications technologies",7703
"2017/2018","Ottawa-Gatineau, Ontario part, Ontario/Quebec",NA,"Humanities",6588
"2017/2018","Ottawa-Gatineau, Ontario part, Ontario/Quebec",NA,"Social and behavioural sciences, and legal studies",6925
"2017/2018","Ottawa-Gatineau, Ontario part, Ontario/Quebec",NA,"Law",14506
"2017/2018","Ottawa-Gatineau, Ontario part, Ontario/Quebec",NA,"Business management and public administration",7877
"2017/2018","Ottawa-Gatineau, Ontario part, Ontario/Quebec",NA,"Physical and life sciences and technologies",6564
"2017/2018","Ottawa-Gatineau, Ontario part, Ontario/Quebec",NA,"Mathematics, computer and information sciences",7955
"2017/2018","Ottawa-Gatineau, Ontario part, Ontario/Quebec",NA,"Engineering",10632
"2017/2018","Ottawa-Gatineau, Ontario part, Ontario/Quebec",NA,"Architecture",10175
"2017/2018","Ottawa-Gatineau, Ontario part, Ontario/Quebec",NA,"Agriculture, natural resources and conservation",6554
"2017/2018","Ottawa-Gatineau, Ontario part, Ontario/Quebec",NA,"Dentistry",NA
"2017/2018","Ottawa-Gatineau, Ontario part, Ontario/Quebec",NA,"Medicine",26970
"2017/2018","Ottawa-Gatineau, Ontario part, Ontario/Quebec",NA,"Nursing",6568
"2017/2018","Ottawa-Gatineau, Ontario part, Ontario/Quebec",NA,"Pharmacy",NA
"2017/2018","Ottawa-Gatineau, Ontario part, Ontario/Quebec",NA,"Veterinary medicine",NA
"2017/2018","Ottawa-Gatineau, Ontario part, Ontario/Quebec",NA,"Other health, parks, recreation and fitness",6567
"2017/2018","Ottawa-Gatineau, Ontario part, Ontario/Quebec",NA,"Personal, protective and transportation services",NA
"2017/2018","Guelph","550","Total, field of study",7106
"2017/2018","Guelph","550","Education",NA
"2017/2018","Guelph","550","Visual and performing arts, and communications technologies",6464
"2017/2018","Guelph","550","Humanities",6464
"2017/2018","Guelph","550","Social and behavioural sciences, and legal studies",6464
"2017/2018","Guelph","550","Law",NA
"2017/2018","Guelph","550","Business management and public administration",7864
"2017/2018","Guelph","550","Physical and life sciences and technologies",6464
"2017/2018","Guelph","550","Mathematics, computer and information sciences",7864
"2017/2018","Guelph","550","Engineering",9736
"2017/2018","Guelph","550","Architecture",8540
"2017/2018","Guelph","550","Agriculture, natural resources and conservation",6464
"2017/2018","Guelph","550","Dentistry",NA
"2017/2018","Guelph","550","Medicine",NA
"2017/2018","Guelph","550","Nursing",NA
"2017/2018","Guelph","550","Pharmacy",NA
"2017/2018","Guelph","550","Veterinary medicine",8540
"2017/2018","Guelph","550","Other health, parks, recreation and fitness",NA
"2017/2018","Guelph","550","Personal, protective and transportation services",6464
"2017/2018","Thunder Bay","595","Total, field of study",6960
"2017/2018","Thunder Bay","595","Education",6482
"2017/2018","Thunder Bay","595","Visual and performing arts, and communications technologies",6227
"2017/2018","Thunder Bay","595","Humanities",6227
"2017/2018","Thunder Bay","595","Social and behavioural sciences, and legal studies",6227
"2017/2018","Thunder Bay","595","Law",17374
"2017/2018","Thunder Bay","595","Business management and public administration",6793
"2017/2018","Thunder Bay","595","Physical and life sciences and technologies",6227
"2017/2018","Thunder Bay","595","Mathematics, computer and information sciences",6227
"2017/2018","Thunder Bay","595","Engineering",7723
"2017/2018","Thunder Bay","595","Architecture",NA
"2017/2018","Thunder Bay","595","Agriculture, natural resources and conservation",6227
"2017/2018","Thunder Bay","595","Dentistry",NA
"2017/2018","Thunder Bay","595","Medicine",NA
"2017/2018","Thunder Bay","595","Nursing",6227
"2017/2018","Thunder Bay","595","Pharmacy",NA
"2017/2018","Thunder Bay","595","Veterinary medicine",NA
"2017/2018","Thunder Bay","595","Other health, parks, recreation and fitness",6227
"2017/2018","Thunder Bay","595","Personal, protective and transportation services",NA
"2017/2018","Greater Sudbury","580","Total, field of study",6956
"2017/2018","Greater Sudbury","580","Education",6333
"2017/2018","Greater Sudbury","580","Visual and performing arts, and communications technologies",6333
"2017/2018","Greater Sudbury","580","Humanities",6333
"2017/2018","Greater Sudbury","580","Social and behavioural sciences, and legal studies",6333
"2017/2018","Greater Sudbury","580","Law",NA
"2017/2018","Greater Sudbury","580","Business management and public administration",7867
"2017/2018","Greater Sudbury","580","Physical and life sciences and technologies",6333
"2017/2018","Greater Sudbury","580","Mathematics, computer and information sciences",7867
"2017/2018","Greater Sudbury","580","Engineering",8538
"2017/2018","Greater Sudbury","580","Architecture",10274
"2017/2018","Greater Sudbury","580","Agriculture, natural resources and conservation",6333
"2017/2018","Greater Sudbury","580","Dentistry",NA
"2017/2018","Greater Sudbury","580","Medicine",NA
"2017/2018","Greater Sudbury","580","Nursing",6333
"2017/2018","Greater Sudbury","580","Pharmacy",NA
"2017/2018","Greater Sudbury","580","Veterinary medicine",NA
"2017/2018","Greater Sudbury","580","Other health, parks, recreation and fitness",6333
"2017/2018","Greater Sudbury","580","Personal, protective and transportation services",6333
"2017/2018","Hamilton","537","Total, field of study",8796
"2017/2018","Hamilton","537","Education",NA
"2017/2018","Hamilton","537","Visual and performing arts, and communications technologies",NA
"2017/2018","Hamilton","537","Humanities",6496
"2017/2018","Hamilton","537","Social and behavioural sciences, and legal studies",6496
"2017/2018","Hamilton","537","Law",NA
"2017/2018","Hamilton","537","Business management and public administration",10154
"2017/2018","Hamilton","537","Physical and life sciences and technologies",6496
"2017/2018","Hamilton","537","Mathematics, computer and information sciences",6496
"2017/2018","Hamilton","537","Engineering",10701
"2017/2018","Hamilton","537","Architecture",NA
"2017/2018","Hamilton","537","Agriculture, natural resources and conservation",NA
"2017/2018","Hamilton","537","Dentistry",NA
"2017/2018","Hamilton","537","Medicine",27241
"2017/2018","Hamilton","537","Nursing",7692
"2017/2018","Hamilton","537","Pharmacy",NA
"2017/2018","Hamilton","537","Veterinary medicine",NA
"2017/2018","Hamilton","537","Other health, parks, recreation and fitness",9578
"2017/2018","Hamilton","537","Personal, protective and transportation services",NA
"2017/2018","North Bay","575","Total, field of study",6495
"2017/2018","North Bay","575","Education",7142
"2017/2018","North Bay","575","Visual and performing arts, and communications technologies",6236
"2017/2018","North Bay","575","Humanities",6236
"2017/2018","North Bay","575","Social and behavioural sciences, and legal studies",6236
"2017/2018","North Bay","575","Law",NA
"2017/2018","North Bay","575","Business management and public administration",7043
"2017/2018","North Bay","575","Physical and life sciences and technologies",6236
"2017/2018","North Bay","575","Mathematics, computer and information sciences",7043
"2017/2018","North Bay","575","Engineering",NA
"2017/2018","North Bay","575","Architecture",NA
"2017/2018","North Bay","575","Agriculture, natural resources and conservation",6236
"2017/2018","North Bay","575","Dentistry",NA
"2017/2018","North Bay","575","Medicine",NA
"2017/2018","North Bay","575","Nursing",6236
"2017/2018","North Bay","575","Pharmacy",NA
"2017/2018","North Bay","575","Veterinary medicine",NA
"2017/2018","North Bay","575","Other health, parks, recreation and fitness",6236
"2017/2018","North Bay","575","Personal, protective and transportation services",6236
"2017/2018","Kingston","521","Total, field of study",9241
"2017/2018","Kingston","521","Education",6477
"2017/2018","Kingston","521","Visual and performing arts, and communications technologies",6570
"2017/2018","Kingston","521","Humanities",6570
"2017/2018","Kingston","521","Social and behavioural sciences, and legal studies",6581
"2017/2018","Kingston","521","Law",19247
"2017/2018","Kingston","521","Business management and public administration",16628
"2017/2018","Kingston","521","Physical and life sciences and technologies",6570
"2017/2018","Kingston","521","Mathematics, computer and information sciences",6670
"2017/2018","Kingston","521","Engineering",11388
"2017/2018","Kingston","521","Architecture",NA
"2017/2018","Kingston","521","Agriculture, natural resources and conservation",6570
"2017/2018","Kingston","521","Dentistry",NA
"2017/2018","Kingston","521","Medicine",25488
"2017/2018","Kingston","521","Nursing",6899
"2017/2018","Kingston","521","Pharmacy",NA
"2017/2018","Kingston","521","Veterinary medicine",NA
"2017/2018","Kingston","521","Other health, parks, recreation and fitness",6570
"2017/2018","Kingston","521","Personal, protective and transportation services",NA
"2017/2018","Peterborough","529","Total, field of study",6584
"2017/2018","Peterborough","529","Education",6584
"2017/2018","Peterborough","529","Visual and performing arts, and communications technologies",NA
"2017/2018","Peterborough","529","Humanities",6584
"2017/2018","Peterborough","529","Social and behavioural sciences, and legal studies",6584
"2017/2018","Peterborough","529","Law",NA
"2017/2018","Peterborough","529","Business management and public administration",6584
"2017/2018","Peterborough","529","Physical and life sciences and technologies",6584
"2017/2018","Peterborough","529","Mathematics, computer and information sciences",6584
"2017/2018","Peterborough","529","Engineering",NA
"2017/2018","Peterborough","529","Architecture",NA
"2017/2018","Peterborough","529","Agriculture, natural resources and conservation",6584
"2017/2018","Peterborough","529","Dentistry",NA
"2017/2018","Peterborough","529","Medicine",NA
"2017/2018","Peterborough","529","Nursing",6584
"2017/2018","Peterborough","529","Pharmacy",NA
"2017/2018","Peterborough","529","Veterinary medicine",NA
"2017/2018","Peterborough","529","Other health, parks, recreation and fitness",NA
"2017/2018","Peterborough","529","Personal, protective and transportation services",6584
"2017/2018","Windsor","559","Total, field of study",8110
"2017/2018","Windsor","559","Education",7359
"2017/2018","Windsor","559","Visual and performing arts, and communications technologies",6287
"2017/2018","Windsor","559","Humanities",6287
"2017/2018","Windsor","559","Social and behavioural sciences, and legal studies",6287
"2017/2018","Windsor","559","Law",18578
"2017/2018","Windsor","559","Business management and public administration",9274
"2017/2018","Windsor","559","Physical and life sciences and technologies",6442
"2017/2018","Windsor","559","Mathematics, computer and information sciences",9505
"2017/2018","Windsor","559","Engineering",10015
"2017/2018","Windsor","559","Architecture",NA
"2017/2018","Windsor","559","Agriculture, natural resources and conservation",6442
"2017/2018","Windsor","559","Dentistry",NA
"2017/2018","Windsor","559","Medicine",NA
"2017/2018","Windsor","559","Nursing",6287
"2017/2018","Windsor","559","Pharmacy",NA
"2017/2018","Windsor","559","Veterinary medicine",NA
"2017/2018","Windsor","559","Other health, parks, recreation and fitness",6442
"2017/2018","Windsor","559","Personal, protective and transportation services",6442
"2017/2018","Toronto","535","Total, field of study",8589
"2017/2018","Toronto","535","Education",6754
"2017/2018","Toronto","535","Visual and performing arts, and communications technologies",7039
"2017/2018","Toronto","535","Humanities",6678
"2017/2018","Toronto","535","Social and behavioural sciences, and legal studies",6628
"2017/2018","Toronto","535","Law",29712
"2017/2018","Toronto","535","Business management and public administration",9249
"2017/2018","Toronto","535","Physical and life sciences and technologies",8737
"2017/2018","Toronto","535","Mathematics, computer and information sciences",8385
"2017/2018","Toronto","535","Engineering",12718
"2017/2018","Toronto","535","Architecture",7508
"2017/2018","Toronto","535","Agriculture, natural resources and conservation",6595
"2017/2018","Toronto","535","Dentistry",39240
"2017/2018","Toronto","535","Medicine",24440
"2017/2018","Toronto","535","Nursing",6866
"2017/2018","Toronto","535","Pharmacy",19120
"2017/2018","Toronto","535","Veterinary medicine",NA
"2017/2018","Toronto","535","Other health, parks, recreation and fitness",7433
"2017/2018","Toronto","535","Personal, protective and transportation services",7605
"2017/2018","Oshawa","532","Total, field of study",7807
"2017/2018","Oshawa","532","Education",6476
"2017/2018","Oshawa","532","Visual and performing arts, and communications technologies",NA
"2017/2018","Oshawa","532","Humanities",NA
"2017/2018","Oshawa","532","Social and behavioural sciences, and legal studies",6476
"2017/2018","Oshawa","532","Law",NA
"2017/2018","Oshawa","532","Business management and public administration",8494
"2017/2018","Oshawa","532","Physical and life sciences and technologies",6476
"2017/2018","Oshawa","532","Mathematics, computer and information sciences",9666
"2017/2018","Oshawa","532","Engineering",9773
"2017/2018","Oshawa","532","Architecture",NA
"2017/2018","Oshawa","532","Agriculture, natural resources and conservation",NA
"2017/2018","Oshawa","532","Dentistry",NA
"2017/2018","Oshawa","532","Medicine",NA
"2017/2018","Oshawa","532","Nursing",6526
"2017/2018","Oshawa","532","Pharmacy",NA
"2017/2018","Oshawa","532","Veterinary medicine",NA
"2017/2018","Oshawa","532","Other health, parks, recreation and fitness",6476
"2017/2018","Oshawa","532","Personal, protective and transportation services",6476
"2017/2018","Sault Ste. Marie","590","Total, field of study",6327
"2017/2018","Sault Ste. Marie","590","Education",NA
"2017/2018","Sault Ste. Marie","590","Visual and performing arts, and communications technologies",6327
"2017/2018","Sault Ste. Marie","590","Humanities",6327
"2017/2018","Sault Ste. Marie","590","Social and behavioural sciences, and legal studies",6327
"2017/2018","Sault Ste. Marie","590","Law",NA
"2017/2018","Sault Ste. Marie","590","Business management and public administration",6327
"2017/2018","Sault Ste. Marie","590","Physical and life sciences and technologies",6327
"2017/2018","Sault Ste. Marie","590","Mathematics, computer and information sciences",6327
"2017/2018","Sault Ste. Marie","590","Engineering",NA
"2017/2018","Sault Ste. Marie","590","Architecture",NA
"2017/2018","Sault Ste. Marie","590","Agriculture, natural resources and conservation",NA
"2017/2018","Sault Ste. Marie","590","Dentistry",NA
"2017/2018","Sault Ste. Marie","590","Medicine",NA
"2017/2018","Sault Ste. Marie","590","Nursing",NA
"2017/2018","Sault Ste. Marie","590","Pharmacy",NA
"2017/2018","Sault Ste. Marie","590","Veterinary medicine",NA
"2017/2018","Sault Ste. Marie","590","Other health, parks, recreation and fitness",NA
"2017/2018","Sault Ste. Marie","590","Personal, protective and transportation services",NA
"2017/2018","Kitchener-Cambridge-Waterloo","541","Total, field of study",9479
"2017/2018","Kitchener-Cambridge-Waterloo","541","Education",8511
"2017/2018","Kitchener-Cambridge-Waterloo","541","Visual and performing arts, and communications technologies",7099
"2017/2018","Kitchener-Cambridge-Waterloo","541","Humanities",6703
"2017/2018","Kitchener-Cambridge-Waterloo","541","Social and behavioural sciences, and legal studies",6689
"2017/2018","Kitchener-Cambridge-Waterloo","541","Law",NA
"2017/2018","Kitchener-Cambridge-Waterloo","541","Business management and public administration",10171
"2017/2018","Kitchener-Cambridge-Waterloo","541","Physical and life sciences and technologies",7089
"2017/2018","Kitchener-Cambridge-Waterloo","541","Mathematics, computer and information sciences",10557
"2017/2018","Kitchener-Cambridge-Waterloo","541","Engineering",15759
"2017/2018","Kitchener-Cambridge-Waterloo","541","Architecture",8761
"2017/2018","Kitchener-Cambridge-Waterloo","541","Agriculture, natural resources and conservation",7212
"2017/2018","Kitchener-Cambridge-Waterloo","541","Dentistry",NA
"2017/2018","Kitchener-Cambridge-Waterloo","541","Medicine",NA
"2017/2018","Kitchener-Cambridge-Waterloo","541","Nursing",NA
"2017/2018","Kitchener-Cambridge-Waterloo","541","Pharmacy",19457
"2017/2018","Kitchener-Cambridge-Waterloo","541","Veterinary medicine",NA
"2017/2018","Kitchener-Cambridge-Waterloo","541","Other health, parks, recreation and fitness",9787
"2017/2018","Kitchener-Cambridge-Waterloo","541","Personal, protective and transportation services",7000
"2017/2018","London","555","Total, field of study",11209
"2017/2018","London","555","Education",7844
"2017/2018","London","555","Visual and performing arts, and communications technologies",6529
"2017/2018","London","555","Humanities",6528
"2017/2018","London","555","Social and behavioural sciences, and legal studies",6531
"2017/2018","London","555","Law",21324
"2017/2018","London","555","Business management and public administration",26453
"2017/2018","London","555","Physical and life sciences and technologies",6532
"2017/2018","London","555","Mathematics, computer and information sciences",6528
"2017/2018","London","555","Engineering",13011
"2017/2018","London","555","Architecture",6734
"2017/2018","London","555","Agriculture, natural resources and conservation",6528
"2017/2018","London","555","Dentistry",37399
"2017/2018","London","555","Medicine",25876
"2017/2018","London","555","Nursing",6528
"2017/2018","London","555","Pharmacy",NA
"2017/2018","London","555","Veterinary medicine",NA
"2017/2018","London","555","Other health, parks, recreation and fitness",6528
"2017/2018","London","555","Personal, protective and transportation services",NA
"2017/2018","Barrie","568","Total, field of study",7156
"2017/2018","Barrie","568","Education",NA
"2017/2018","Barrie","568","Visual and performing arts, and communications technologies",7529
"2017/2018","Barrie","568","Humanities",NA
"2017/2018","Barrie","568","Social and behavioural sciences, and legal studies",NA
"2017/2018","Barrie","568","Law",NA
"2017/2018","Barrie","568","Business management and public administration",8174
"2017/2018","Barrie","568","Physical and life sciences and technologies",NA
"2017/2018","Barrie","568","Mathematics, computer and information sciences",NA
"2017/2018","Barrie","568","Engineering",NA
"2017/2018","Barrie","568","Architecture",NA
"2017/2018","Barrie","568","Agriculture, natural resources and conservation",NA
"2017/2018","Barrie","568","Dentistry",NA
"2017/2018","Barrie","568","Medicine",NA
"2017/2018","Barrie","568","Nursing",NA
"2017/2018","Barrie","568","Pharmacy",NA
"2017/2018","Barrie","568","Veterinary medicine",NA
"2017/2018","Barrie","568","Other health, parks, recreation and fitness",NA
"2017/2018","Barrie","568","Personal, protective and transportation services",6600
"2017/2018","Manitoba","46","Total, field of study",4227
"2017/2018","Manitoba","46","Education",3656
"2017/2018","Manitoba","46","Visual and performing arts, and communications technologies",3867
"2017/2018","Manitoba","46","Humanities",3582
"2017/2018","Manitoba","46","Social and behavioural sciences, and legal studies",3612
"2017/2018","Manitoba","46","Law",9717
"2017/2018","Manitoba","46","Business management and public administration",4150
"2017/2018","Manitoba","46","Physical and life sciences and technologies",3857
"2017/2018","Manitoba","46","Mathematics, computer and information sciences",3824
"2017/2018","Manitoba","46","Engineering",5644
"2017/2018","Manitoba","46","Architecture",4230
"2017/2018","Manitoba","46","Agriculture, natural resources and conservation",4047
"2017/2018","Manitoba","46","Dentistry",20331
"2017/2018","Manitoba","46","Medicine",8287
"2017/2018","Manitoba","46","Nursing",5197
"2017/2018","Manitoba","46","Pharmacy",7963
"2017/2018","Manitoba","46","Veterinary medicine",NA
"2017/2018","Manitoba","46","Other health, parks, recreation and fitness",3871
"2017/2018","Manitoba","46","Personal, protective and transportation services",3694
"2017/2018","Winnipeg","602","Total, field of study",4276
"2017/2018","Winnipeg","602","Education",3693
"2017/2018","Winnipeg","602","Visual and performing arts, and communications technologies",3940
"2017/2018","Winnipeg","602","Humanities",3564
"2017/2018","Winnipeg","602","Social and behavioural sciences, and legal studies",3614
"2017/2018","Winnipeg","602","Law",9717
"2017/2018","Winnipeg","602","Business management and public administration",4184
"2017/2018","Winnipeg","602","Physical and life sciences and technologies",3871
"2017/2018","Winnipeg","602","Mathematics, computer and information sciences",3836
"2017/2018","Winnipeg","602","Engineering",5644
"2017/2018","Winnipeg","602","Architecture",4230
"2017/2018","Winnipeg","602","Agriculture, natural resources and conservation",4059
"2017/2018","Winnipeg","602","Dentistry",20331
"2017/2018","Winnipeg","602","Medicine",8287
"2017/2018","Winnipeg","602","Nursing",5590
"2017/2018","Winnipeg","602","Pharmacy",7963
"2017/2018","Winnipeg","602","Veterinary medicine",NA
"2017/2018","Winnipeg","602","Other health, parks, recreation and fitness",3872
"2017/2018","Winnipeg","602","Personal, protective and transportation services",3709
"2017/2018","Brandon","610","Total, field of study",3541
"2017/2018","Brandon","610","Education",3440
"2017/2018","Brandon","610","Visual and performing arts, and communications technologies",3485
"2017/2018","Brandon","610","Humanities",3379
"2017/2018","Brandon","610","Social and behavioural sciences, and legal studies",3525
"2017/2018","Brandon","610","Law",NA
"2017/2018","Brandon","610","Business management and public administration",3379
"2017/2018","Brandon","610","Physical and life sciences and technologies",3671
"2017/2018","Brandon","610","Mathematics, computer and information sciences",3671
"2017/2018","Brandon","610","Engineering",NA
"2017/2018","Brandon","610","Architecture",NA
"2017/2018","Brandon","610","Agriculture, natural resources and conservation",3671
"2017/2018","Brandon","610","Dentistry",NA
"2017/2018","Brandon","610","Medicine",NA
"2017/2018","Brandon","610","Nursing",3738
"2017/2018","Brandon","610","Pharmacy",NA
"2017/2018","Brandon","610","Veterinary medicine",NA
"2017/2018","Brandon","610","Other health, parks, recreation and fitness",3440
"2017/2018","Brandon","610","Personal, protective and transportation services",3410
"2017/2018","The Pas","4621045","Total, field of study",4674
"2017/2018","The Pas","4621045","Education",4434
"2017/2018","The Pas","4621045","Visual and performing arts, and communications technologies",NA
"2017/2018","The Pas","4621045","Humanities",4733
"2017/2018","The Pas","4621045","Social and behavioural sciences, and legal studies",4733
"2017/2018","The Pas","4621045","Law",NA
"2017/2018","The Pas","4621045","Business management and public administration",4434
"2017/2018","The Pas","4621045","Physical and life sciences and technologies",NA
"2017/2018","The Pas","4621045","Mathematics, computer and information sciences",NA
"2017/2018","The Pas","4621045","Engineering",NA
"2017/2018","The Pas","4621045","Architecture",NA
"2017/2018","The Pas","4621045","Agriculture, natural resources and conservation",NA
"2017/2018","The Pas","4621045","Dentistry",NA
"2017/2018","The Pas","4621045","Medicine",NA
"2017/2018","The Pas","4621045","Nursing",NA
"2017/2018","The Pas","4621045","Pharmacy",NA
"2017/2018","The Pas","4621045","Veterinary medicine",NA
"2017/2018","The Pas","4621045","Other health, parks, recreation and fitness",NA
"2017/2018","The Pas","4621045","Personal, protective and transportation services",NA
"2017/2018","Saskatchewan","47","Total, field of study",7257
"2017/2018","Saskatchewan","47","Education",6364
"2017/2018","Saskatchewan","47","Visual and performing arts, and communications technologies",6459
"2017/2018","Saskatchewan","47","Humanities",6157
"2017/2018","Saskatchewan","47","Social and behavioural sciences, and legal studies",6145
"2017/2018","Saskatchewan","47","Law",13002
"2017/2018","Saskatchewan","47","Business management and public administration",7164
"2017/2018","Saskatchewan","47","Physical and life sciences and technologies",6358
"2017/2018","Saskatchewan","47","Mathematics, computer and information sciences",6441
"2017/2018","Saskatchewan","47","Engineering",7344
"2017/2018","Saskatchewan","47","Architecture",5994
"2017/2018","Saskatchewan","47","Agriculture, natural resources and conservation",6127
"2017/2018","Saskatchewan","47","Dentistry",33619
"2017/2018","Saskatchewan","47","Medicine",16642
"2017/2018","Saskatchewan","47","Nursing",7322
"2017/2018","Saskatchewan","47","Pharmacy",9782
"2017/2018","Saskatchewan","47","Veterinary medicine",9296
"2017/2018","Saskatchewan","47","Other health, parks, recreation and fitness",6475
"2017/2018","Saskatchewan","47","Personal, protective and transportation services",6353
"2017/2018","Regina","705","Total, field of study",6761
"2017/2018","Regina","705","Education",6540
"2017/2018","Regina","705","Visual and performing arts, and communications technologies",6735
"2017/2018","Regina","705","Humanities",6353
"2017/2018","Regina","705","Social and behavioural sciences, and legal studies",6353
"2017/2018","Regina","705","Law",NA
"2017/2018","Regina","705","Business management and public administration",6979
"2017/2018","Regina","705","Physical and life sciences and technologies",6735
"2017/2018","Regina","705","Mathematics, computer and information sciences",6735
"2017/2018","Regina","705","Engineering",7058
"2017/2018","Regina","705","Architecture",NA
"2017/2018","Regina","705","Agriculture, natural resources and conservation",6353
"2017/2018","Regina","705","Dentistry",NA
"2017/2018","Regina","705","Medicine",NA
"2017/2018","Regina","705","Nursing",7080
"2017/2018","Regina","705","Pharmacy",NA
"2017/2018","Regina","705","Veterinary medicine",NA
"2017/2018","Regina","705","Other health, parks, recreation and fitness",6735
"2017/2018","Regina","705","Personal, protective and transportation services",6353
"2017/2018","Saskatoon","725","Total, field of study",7626
"2017/2018","Saskatoon","725","Education",6135
"2017/2018","Saskatoon","725","Visual and performing arts, and communications technologies",5958
"2017/2018","Saskatoon","725","Humanities",5994
"2017/2018","Saskatoon","725","Social and behavioural sciences, and legal studies",5994
"2017/2018","Saskatoon","725","Law",13002
"2017/2018","Saskatoon","725","Business management and public administration",7406
"2017/2018","Saskatoon","725","Physical and life sciences and technologies",6229
"2017/2018","Saskatoon","725","Mathematics, computer and information sciences",6229
"2017/2018","Saskatoon","725","Engineering",7491
"2017/2018","Saskatoon","725","Architecture",5994
"2017/2018","Saskatoon","725","Agriculture, natural resources and conservation",6119
"2017/2018","Saskatoon","725","Dentistry",33619
"2017/2018","Saskatoon","725","Medicine",16642
"2017/2018","Saskatoon","725","Nursing",7646
"2017/2018","Saskatoon","725","Pharmacy",9782
"2017/2018","Saskatoon","725","Veterinary medicine",9296
"2017/2018","Saskatoon","725","Other health, parks, recreation and fitness",6100
"2017/2018","Saskatoon","725","Personal, protective and transportation services",NA
"2017/2018","Alberta","48","Total, field of study",5736
"2017/2018","Alberta","48","Education",5271
"2017/2018","Alberta","48","Visual and performing arts, and communications technologies",4970
"2017/2018","Alberta","48","Humanities",5039
"2017/2018","Alberta","48","Social and behavioural sciences, and legal studies",5284
"2017/2018","Alberta","48","Law",11025
"2017/2018","Alberta","48","Business management and public administration",5842
"2017/2018","Alberta","48","Physical and life sciences and technologies",5319
"2017/2018","Alberta","48","Mathematics, computer and information sciences",5246
"2017/2018","Alberta","48","Engineering",6380
"2017/2018","Alberta","48","Architecture",5525
"2017/2018","Alberta","48","Agriculture, natural resources and conservation",5193
"2017/2018","Alberta","48","Dentistry",20184
"2017/2018","Alberta","48","Medicine",13300
"2017/2018","Alberta","48","Nursing",5845
"2017/2018","Alberta","48","Pharmacy",9987
"2017/2018","Alberta","48","Veterinary medicine",10864
"2017/2018","Alberta","48","Other health, parks, recreation and fitness",5161
"2017/2018","Alberta","48","Personal, protective and transportation services",4523
"2017/2018","Edmonton","835","Total, field of study",5833
"2017/2018","Edmonton","835","Education",5321
"2017/2018","Edmonton","835","Visual and performing arts, and communications technologies",5379
"2017/2018","Edmonton","835","Humanities",4931
"2017/2018","Edmonton","835","Social and behavioural sciences, and legal studies",5355
"2017/2018","Edmonton","835","Law",10221
"2017/2018","Edmonton","835","Business management and public administration",5460
"2017/2018","Edmonton","835","Physical and life sciences and technologies",5330
"2017/2018","Edmonton","835","Mathematics, computer and information sciences",5225
"2017/2018","Edmonton","835","Engineering",6385
"2017/2018","Edmonton","835","Architecture",NA
"2017/2018","Edmonton","835","Agriculture, natural resources and conservation",5321
"2017/2018","Edmonton","835","Dentistry",20184
"2017/2018","Edmonton","835","Medicine",12044
"2017/2018","Edmonton","835","Nursing",6525
"2017/2018","Edmonton","835","Pharmacy",9987
"2017/2018","Edmonton","835","Veterinary medicine",NA
"2017/2018","Edmonton","835","Other health, parks, recreation and fitness",5321
"2017/2018","Edmonton","835","Personal, protective and transportation services",NA
"2017/2018","Calgary","825","Total, field of study",5825
"2017/2018","Calgary","825","Education",5265
"2017/2018","Calgary","825","Visual and performing arts, and communications technologies",4805
"2017/2018","Calgary","825","Humanities",5214
"2017/2018","Calgary","825","Social and behavioural sciences, and legal studies",5281
"2017/2018","Calgary","825","Law",12315
"2017/2018","Calgary","825","Business management and public administration",6388
"2017/2018","Calgary","825","Physical and life sciences and technologies",5372
"2017/2018","Calgary","825","Mathematics, computer and information sciences",5310
"2017/2018","Calgary","825","Engineering",6374
"2017/2018","Calgary","825","Architecture",NA
"2017/2018","Calgary","825","Agriculture, natural resources and conservation",5254
"2017/2018","Calgary","825","Dentistry",NA
"2017/2018","Calgary","825","Medicine",15012
"2017/2018","Calgary","825","Nursing",5147
"2017/2018","Calgary","825","Pharmacy",NA
"2017/2018","Calgary","825","Veterinary medicine",10864
"2017/2018","Calgary","825","Other health, parks, recreation and fitness",5172
"2017/2018","Calgary","825","Personal, protective and transportation services",NA
"2017/2018","Lethbridge","810","Total, field of study",4971
"2017/2018","Lethbridge","810","Education",4974
"2017/2018","Lethbridge","810","Visual and performing arts, and communications technologies",4974
"2017/2018","Lethbridge","810","Humanities",4974
"2017/2018","Lethbridge","810","Social and behavioural sciences, and legal studies",4974
"2017/2018","Lethbridge","810","Law",NA
"2017/2018","Lethbridge","810","Business management and public administration",4974
"2017/2018","Lethbridge","810","Physical and life sciences and technologies",4974
"2017/2018","Lethbridge","810","Mathematics, computer and information sciences",4974
"2017/2018","Lethbridge","810","Engineering",NA
"2017/2018","Lethbridge","810","Architecture",NA
"2017/2018","Lethbridge","810","Agriculture, natural resources and conservation",5063
"2017/2018","Lethbridge","810","Dentistry",NA
"2017/2018","Lethbridge","810","Medicine",NA
"2017/2018","Lethbridge","810","Nursing",4974
"2017/2018","Lethbridge","810","Pharmacy",NA
"2017/2018","Lethbridge","810","Veterinary medicine",NA
"2017/2018","Lethbridge","810","Other health, parks, recreation and fitness",4974
"2017/2018","Lethbridge","810","Personal, protective and transportation services",4523
"2017/2018","Medicine Hat","805","Total, field of study",4239
"2017/2018","Medicine Hat","805","Education",NA
"2017/2018","Medicine Hat","805","Visual and performing arts, and communications technologies",4271
"2017/2018","Medicine Hat","805","Humanities",NA
"2017/2018","Medicine Hat","805","Social and behavioural sciences, and legal studies",NA
"2017/2018","Medicine Hat","805","Law",NA
"2017/2018","Medicine Hat","805","Business management and public administration",NA
"2017/2018","Medicine Hat","805","Physical and life sciences and technologies",NA
"2017/2018","Medicine Hat","805","Mathematics, computer and information sciences",NA
"2017/2018","Medicine Hat","805","Engineering",NA
"2017/2018","Medicine Hat","805","Architecture",NA
"2017/2018","Medicine Hat","805","Agriculture, natural resources and conservation",NA
"2017/2018","Medicine Hat","805","Dentistry",NA
"2017/2018","Medicine Hat","805","Medicine",NA
"2017/2018","Medicine Hat","805","Nursing",NA
"2017/2018","Medicine Hat","805","Pharmacy",NA
"2017/2018","Medicine Hat","805","Veterinary medicine",NA
"2017/2018","Medicine Hat","805","Other health, parks, recreation and fitness",4212
"2017/2018","Medicine Hat","805","Personal, protective and transportation services",NA
"2017/2018","Red Deer","830","Total, field of study",2984
"2017/2018","Red Deer","830","Education",NA
"2017/2018","Red Deer","830","Visual and performing arts, and communications technologies",2984
"2017/2018","Red Deer","830","Humanities",NA
"2017/2018","Red Deer","830","Social and behavioural sciences, and legal studies",NA
"2017/2018","Red Deer","830","Law",NA
"2017/2018","Red Deer","830","Business management and public administration",NA
"2017/2018","Red Deer","830","Physical and life sciences and technologies",NA
"2017/2018","Red Deer","830","Mathematics, computer and information sciences",NA
"2017/2018","Red Deer","830","Engineering",NA
"2017/2018","Red Deer","830","Architecture",NA
"2017/2018","Red Deer","830","Agriculture, natural resources and conservation",NA
"2017/2018","Red Deer","830","Dentistry",NA
"2017/2018","Red Deer","830","Medicine",NA
"2017/2018","Red Deer","830","Nursing",NA
"2017/2018","Red Deer","830","Pharmacy",NA
"2017/2018","Red Deer","830","Veterinary medicine",NA
"2017/2018","Red Deer","830","Other health, parks, recreation and fitness",NA
"2017/2018","Red Deer","830","Personal, protective and transportation services",NA
"2017/2018","Athabasca","4813048","Total, field of study",5525
"2017/2018","Athabasca","4813048","Education",NA
"2017/2018","Athabasca","4813048","Visual and performing arts, and communications technologies",NA
"2017/2018","Athabasca","4813048","Humanities",5525
"2017/2018","Athabasca","4813048","Social and behavioural sciences, and legal studies",5525
"2017/2018","Athabasca","4813048","Law",NA
"2017/2018","Athabasca","4813048","Business management and public administration",5525
"2017/2018","Athabasca","4813048","Physical and life sciences and technologies",5525
"2017/2018","Athabasca","4813048","Mathematics, computer and information sciences",5525
"2017/2018","Athabasca","4813048","Engineering",NA
"2017/2018","Athabasca","4813048","Architecture",5525
"2017/2018","Athabasca","4813048","Agriculture, natural resources and conservation",NA
"2017/2018","Athabasca","4813048","Dentistry",NA
"2017/2018","Athabasca","4813048","Medicine",NA
"2017/2018","Athabasca","4813048","Nursing",5525
"2017/2018","Athabasca","4813048","Pharmacy",NA
"2017/2018","Athabasca","4813048","Veterinary medicine",NA
"2017/2018","Athabasca","4813048","Other health, parks, recreation and fitness",5525
"2017/2018","Athabasca","4813048","Personal, protective and transportation services",NA
"2017/2018","Olds","4806034","Total, field of study",4380
"2017/2018","Olds","4806034","Education",NA
"2017/2018","Olds","4806034","Visual and performing arts, and communications technologies",NA
"2017/2018","Olds","4806034","Humanities",NA
"2017/2018","Olds","4806034","Social and behavioural sciences, and legal studies",NA
"2017/2018","Olds","4806034","Law",NA
"2017/2018","Olds","4806034","Business management and public administration",NA
"2017/2018","Olds","4806034","Physical and life sciences and technologies",NA
"2017/2018","Olds","4806034","Mathematics, computer and information sciences",NA
"2017/2018","Olds","4806034","Engineering",NA
"2017/2018","Olds","4806034","Architecture",NA
"2017/2018","Olds","4806034","Agriculture, natural resources and conservation",4380
"2017/2018","Olds","4806034","Dentistry",NA
"2017/2018","Olds","4806034","Medicine",NA
"2017/2018","Olds","4806034","Nursing",NA
"2017/2018","Olds","4806034","Pharmacy",NA
"2017/2018","Olds","4806034","Veterinary medicine",NA
"2017/2018","Olds","4806034","Other health, parks, recreation and fitness",4380
"2017/2018","Olds","4806034","Personal, protective and transportation services",NA
"2017/2018","Vermilion","4810042","Total, field of study",4743
"2017/2018","Vermilion","4810042","Education",NA
"2017/2018","Vermilion","4810042","Visual and performing arts, and communications technologies",NA
"2017/2018","Vermilion","4810042","Humanities",NA
"2017/2018","Vermilion","4810042","Social and behavioural sciences, and legal studies",NA
"2017/2018","Vermilion","4810042","Law",NA
"2017/2018","Vermilion","4810042","Business management and public administration",NA
"2017/2018","Vermilion","4810042","Physical and life sciences and technologies",NA
"2017/2018","Vermilion","4810042","Mathematics, computer and information sciences",NA
"2017/2018","Vermilion","4810042","Engineering",NA
"2017/2018","Vermilion","4810042","Architecture",NA
"2017/2018","Vermilion","4810042","Agriculture, natural resources and conservation",4743
"2017/2018","Vermilion","4810042","Dentistry",NA
"2017/2018","Vermilion","4810042","Medicine",NA
"2017/2018","Vermilion","4810042","Nursing",NA
"2017/2018","Vermilion","4810042","Pharmacy",NA
"2017/2018","Vermilion","4810042","Veterinary medicine",NA
"2017/2018","Vermilion","4810042","Other health, parks, recreation and fitness",NA
"2017/2018","Vermilion","4810042","Personal, protective and transportation services",NA
"2017/2018","British Columbia","59","Total, field of study",5669
"2017/2018","British Columbia","59","Education",5211
"2017/2018","British Columbia","59","Visual and performing arts, and communications technologies",5558
"2017/2018","British Columbia","59","Humanities",4972
"2017/2018","British Columbia","59","Social and behavioural sciences, and legal studies",5161
"2017/2018","British Columbia","59","Law",12894
"2017/2018","British Columbia","59","Business management and public administration",5398
"2017/2018","British Columbia","59","Physical and life sciences and technologies",5109
"2017/2018","British Columbia","59","Mathematics, computer and information sciences",5090
"2017/2018","British Columbia","59","Engineering",5631
"2017/2018","British Columbia","59","Architecture",5527
"2017/2018","British Columbia","59","Agriculture, natural resources and conservation",5088
"2017/2018","British Columbia","59","Dentistry",28206
"2017/2018","British Columbia","59","Medicine",17755
"2017/2018","British Columbia","59","Nursing",4613
"2017/2018","British Columbia","59","Pharmacy",12501
"2017/2018","British Columbia","59","Veterinary medicine",NA
"2017/2018","British Columbia","59","Other health, parks, recreation and fitness",5029
"2017/2018","British Columbia","59","Personal, protective and transportation services",6157
"2017/2018","Vancouver","933","Total, field of study",5910
"2017/2018","Vancouver","933","Education",5403
"2017/2018","Vancouver","933","Visual and performing arts, and communications technologies",5668
"2017/2018","Vancouver","933","Humanities",5237
"2017/2018","Vancouver","933","Social and behavioural sciences, and legal studies",5112
"2017/2018","Vancouver","933","Law",12149
"2017/2018","Vancouver","933","Business management and public administration",5549
"2017/2018","Vancouver","933","Physical and life sciences and technologies",5245
"2017/2018","Vancouver","933","Mathematics, computer and information sciences",5201
"2017/2018","Vancouver","933","Engineering",5551
"2017/2018","Vancouver","933","Architecture",5527
"2017/2018","Vancouver","933","Agriculture, natural resources and conservation",5206
"2017/2018","Vancouver","933","Dentistry",28206
"2017/2018","Vancouver","933","Medicine",17755
"2017/2018","Vancouver","933","Nursing",4656
"2017/2018","Vancouver","933","Pharmacy",12501
"2017/2018","Vancouver","933","Veterinary medicine",NA
"2017/2018","Vancouver","933","Other health, parks, recreation and fitness",5131
"2017/2018","Vancouver","933","Personal, protective and transportation services",5440
"2017/2018","Victoria","935","Total, field of study",5704
"2017/2018","Victoria","935","Education",5475
"2017/2018","Victoria","935","Visual and performing arts, and communications technologies",5475
"2017/2018","Victoria","935","Humanities",5475
"2017/2018","Victoria","935","Social and behavioural sciences, and legal studies",5571
"2017/2018","Victoria","935","Law",9581
"2017/2018","Victoria","935","Business management and public administration",5655
"2017/2018","Victoria","935","Physical and life sciences and technologies",5475
"2017/2018","Victoria","935","Mathematics, computer and information sciences",5475
"2017/2018","Victoria","935","Engineering",6000
"2017/2018","Victoria","935","Architecture",NA
"2017/2018","Victoria","935","Agriculture, natural resources and conservation",6078
"2017/2018","Victoria","935","Dentistry",NA
"2017/2018","Victoria","935","Medicine",NA
"2017/2018","Victoria","935","Nursing",5475
"2017/2018","Victoria","935","Pharmacy",NA
"2017/2018","Victoria","935","Veterinary medicine",NA
"2017/2018","Victoria","935","Other health, parks, recreation and fitness",4988
"2017/2018","Victoria","935","Personal, protective and transportation services",7810
"2017/2018","Prince George","970","Total, field of study",5213
"2017/2018","Prince George","970","Education",5213
"2017/2018","Prince George","970","Visual and performing arts, and communications technologies",NA
"2017/2018","Prince George","970","Humanities",5213
"2017/2018","Prince George","970","Social and behavioural sciences, and legal studies",5213
"2017/2018","Prince George","970","Law",NA
"2017/2018","Prince George","970","Business management and public administration",5213
"2017/2018","Prince George","970","Physical and life sciences and technologies",5213
"2017/2018","Prince George","970","Mathematics, computer and information sciences",5213
"2017/2018","Prince George","970","Engineering",5213
"2017/2018","Prince George","970","Architecture",NA
"2017/2018","Prince George","970","Agriculture, natural resources and conservation",5213
"2017/2018","Prince George","970","Dentistry",NA
"2017/2018","Prince George","970","Medicine",NA
"2017/2018","Prince George","970","Nursing",5213
"2017/2018","Prince George","970","Pharmacy",NA
"2017/2018","Prince George","970","Veterinary medicine",NA
"2017/2018","Prince George","970","Other health, parks, recreation and fitness",5213
"2017/2018","Prince George","970","Personal, protective and transportation services",NA
"2017/2018","Courtenay","943","Total, field of study",2905
"2017/2018","Courtenay","943","Education",NA
"2017/2018","Courtenay","943","Visual and performing arts, and communications technologies",NA
"2017/2018","Courtenay","943","Humanities",NA
"2017/2018","Courtenay","943","Social and behavioural sciences, and legal studies",NA
"2017/2018","Courtenay","943","Law",NA
"2017/2018","Courtenay","943","Business management and public administration",2905
"2017/2018","Courtenay","943","Physical and life sciences and technologies",NA
"2017/2018","Courtenay","943","Mathematics, computer and information sciences",NA
"2017/2018","Courtenay","943","Engineering",NA
"2017/2018","Courtenay","943","Architecture",NA
"2017/2018","Courtenay","943","Agriculture, natural resources and conservation",NA
"2017/2018","Courtenay","943","Dentistry",NA
"2017/2018","Courtenay","943","Medicine",NA
"2017/2018","Courtenay","943","Nursing",NA
"2017/2018","Courtenay","943","Pharmacy",NA
"2017/2018","Courtenay","943","Veterinary medicine",NA
"2017/2018","Courtenay","943","Other health, parks, recreation and fitness",NA
"2017/2018","Courtenay","943","Personal, protective and transportation services",NA
"2017/2018","Cranbrook","905","Total, field of study",5084
"2017/2018","Cranbrook","905","Education",NA
"2017/2018","Cranbrook","905","Visual and performing arts, and communications technologies",NA
"2017/2018","Cranbrook","905","Humanities",NA
"2017/2018","Cranbrook","905","Social and behavioural sciences, and legal studies",NA
"2017/2018","Cranbrook","905","Law",NA
"2017/2018","Cranbrook","905","Business management and public administration",5084
"2017/2018","Cranbrook","905","Physical and life sciences and technologies",NA
"2017/2018","Cranbrook","905","Mathematics, computer and information sciences",NA
"2017/2018","Cranbrook","905","Engineering",NA
"2017/2018","Cranbrook","905","Architecture",NA
"2017/2018","Cranbrook","905","Agriculture, natural resources and conservation",NA
"2017/2018","Cranbrook","905","Dentistry",NA
"2017/2018","Cranbrook","905","Medicine",NA
"2017/2018","Cranbrook","905","Nursing",NA
"2017/2018","Cranbrook","905","Pharmacy",NA
"2017/2018","Cranbrook","905","Veterinary medicine",NA
"2017/2018","Cranbrook","905","Other health, parks, recreation and fitness",NA
"2017/2018","Cranbrook","905","Personal, protective and transportation services",NA
"2017/2018","Kamloops","925","Total, field of study",4957
"2017/2018","Kamloops","925","Education",4145
"2017/2018","Kamloops","925","Visual and performing arts, and communications technologies",4145
"2017/2018","Kamloops","925","Humanities",4145
"2017/2018","Kamloops","925","Social and behavioural sciences, and legal studies",4145
"2017/2018","Kamloops","925","Law",18919
"2017/2018","Kamloops","925","Business management and public administration",4145
"2017/2018","Kamloops","925","Physical and life sciences and technologies",4145
"2017/2018","Kamloops","925","Mathematics, computer and information sciences",4145
"2017/2018","Kamloops","925","Engineering",NA
"2017/2018","Kamloops","925","Architecture",NA
"2017/2018","Kamloops","925","Agriculture, natural resources and conservation",4145
"2017/2018","Kamloops","925","Dentistry",NA
"2017/2018","Kamloops","925","Medicine",NA
"2017/2018","Kamloops","925","Nursing",4145
"2017/2018","Kamloops","925","Pharmacy",NA
"2017/2018","Kamloops","925","Veterinary medicine",NA
"2017/2018","Kamloops","925","Other health, parks, recreation and fitness",4145
"2017/2018","Kamloops","925","Personal, protective and transportation services",NA
"2017/2018","Kelowna","915","Total, field of study",3950
"2017/2018","Kelowna","915","Education",NA
"2017/2018","Kelowna","915","Visual and performing arts, and communications technologies",NA
"2017/2018","Kelowna","915","Humanities",NA
"2017/2018","Kelowna","915","Social and behavioural sciences, and legal studies",NA
"2017/2018","Kelowna","915","Law",NA
"2017/2018","Kelowna","915","Business management and public administration",3946
"2017/2018","Kelowna","915","Physical and life sciences and technologies",NA
"2017/2018","Kelowna","915","Mathematics, computer and information sciences",4000
"2017/2018","Kelowna","915","Engineering",NA
"2017/2018","Kelowna","915","Architecture",NA
"2017/2018","Kelowna","915","Agriculture, natural resources and conservation",NA
"2017/2018","Kelowna","915","Dentistry",NA
"2017/2018","Kelowna","915","Medicine",NA
"2017/2018","Kelowna","915","Nursing",NA
"2017/2018","Kelowna","915","Pharmacy",NA
"2017/2018","Kelowna","915","Veterinary medicine",NA
"2017/2018","Kelowna","915","Other health, parks, recreation and fitness",NA
"2017/2018","Kelowna","915","Personal, protective and transportation services",NA
"2017/2018","Nanaimo","938","Total, field of study",4939
"2017/2018","Nanaimo","938","Education",4346
"2017/2018","Nanaimo","938","Visual and performing arts, and communications technologies",4346
"2017/2018","Nanaimo","938","Humanities",4346
"2017/2018","Nanaimo","938","Social and behavioural sciences, and legal studies",4346
"2017/2018","Nanaimo","938","Law",NA
"2017/2018","Nanaimo","938","Business management and public administration",8085
"2017/2018","Nanaimo","938","Physical and life sciences and technologies",4346
"2017/2018","Nanaimo","938","Mathematics, computer and information sciences",NA
"2017/2018","Nanaimo","938","Engineering",NA
"2017/2018","Nanaimo","938","Architecture",NA
"2017/2018","Nanaimo","938","Agriculture, natural resources and conservation",4346
"2017/2018","Nanaimo","938","Dentistry",NA
"2017/2018","Nanaimo","938","Medicine",NA
"2017/2018","Nanaimo","938","Nursing",4346
"2017/2018","Nanaimo","938","Pharmacy",NA
"2017/2018","Nanaimo","938","Veterinary medicine",NA
"2017/2018","Nanaimo","938","Other health, parks, recreation and fitness",4346
"2017/2018","Nanaimo","938","Personal, protective and transportation services",NA
"2017/2018","Abbotsford-Mission","932","Total, field of study",4290
"2017/2018","Abbotsford-Mission","932","Education",4760
"2017/2018","Abbotsford-Mission","932","Visual and performing arts, and communications technologies",5555
"2017/2018","Abbotsford-Mission","932","Humanities",4266
"2017/2018","Abbotsford-Mission","932","Social and behavioural sciences, and legal studies",4266
"2017/2018","Abbotsford-Mission","932","Law",NA
"2017/2018","Abbotsford-Mission","932","Business management and public administration",4266
"2017/2018","Abbotsford-Mission","932","Physical and life sciences and technologies",4266
"2017/2018","Abbotsford-Mission","932","Mathematics, computer and information sciences",4266
"2017/2018","Abbotsford-Mission","932","Engineering",NA
"2017/2018","Abbotsford-Mission","932","Architecture",NA
"2017/2018","Abbotsford-Mission","932","Agriculture, natural resources and conservation",NA
"2017/2018","Abbotsford-Mission","932","Dentistry",NA
"2017/2018","Abbotsford-Mission","932","Medicine",NA
"2017/2018","Abbotsford-Mission","932","Nursing",4266
"2017/2018","Abbotsford-Mission","932","Pharmacy",NA
"2017/2018","Abbotsford-Mission","932","Veterinary medicine",NA
"2017/2018","Abbotsford-Mission","932","Other health, parks, recreation and fitness",4266
"2017/2018","Abbotsford-Mission","932","Personal, protective and transportation services",NA
"2017/2018","Central Kootenay J","5903058","Total, field of study",4298
"2017/2018","Central Kootenay J","5903058","Education",NA
"2017/2018","Central Kootenay J","5903058","Visual and performing arts, and communications technologies",NA
"2017/2018","Central Kootenay J","5903058","Humanities",NA
"2017/2018","Central Kootenay J","5903058","Social and behavioural sciences, and legal studies",4298
"2017/2018","Central Kootenay J","5903058","Law",NA
"2017/2018","Central Kootenay J","5903058","Business management and public administration",NA
"2017/2018","Central Kootenay J","5903058","Physical and life sciences and technologies",NA
"2017/2018","Central Kootenay J","5903058","Mathematics, computer and information sciences",NA
"2017/2018","Central Kootenay J","5903058","Engineering",NA
"2017/2018","Central Kootenay J","5903058","Architecture",NA
"2017/2018","Central Kootenay J","5903058","Agriculture, natural resources and conservation",NA
"2017/2018","Central Kootenay J","5903058","Dentistry",NA
"2017/2018","Central Kootenay J","5903058","Medicine",NA
"2017/2018","Central Kootenay J","5903058","Nursing",NA
"2017/2018","Central Kootenay J","5903058","Pharmacy",NA
"2017/2018","Central Kootenay J","5903058","Veterinary medicine",NA
"2017/2018","Central Kootenay J","5903058","Other health, parks, recreation and fitness",NA
"2017/2018","Central Kootenay J","5903058","Personal, protective and transportation services",NA
"2018/2019","Canada","1","Total, field of study",6822
"2018/2019","Canada","1","Education",4732
"2018/2019","Canada","1","Visual and performing arts, and communications technologies",6131
"2018/2019","Canada","1","Humanities",5773
"2018/2019","Canada","1","Social and behavioural sciences, and legal studies",5902
"2018/2019","Canada","1","Law",13216
"2018/2019","Canada","1","Business management and public administration",7222
"2018/2019","Canada","1","Physical and life sciences and technologies",6397
"2018/2019","Canada","1","Mathematics, computer and information sciences",7320
"2018/2019","Canada","1","Engineering",8532
"2018/2019","Canada","1","Architecture",6967
"2018/2019","Canada","1","Agriculture, natural resources and conservation",5831
"2018/2019","Canada","1","Dentistry",22747
"2018/2019","Canada","1","Medicine",14794
"2018/2019","Canada","1","Nursing",5763
"2018/2019","Canada","1","Pharmacy",10780
"2018/2019","Canada","1","Veterinary medicine",7867
"2018/2019","Canada","1","Optometry",12330
"2018/2019","Canada","1","Other health, parks, recreation and fitness",6227
"2018/2019","Canada","1","Personal, protective and transportation services",6203
"2018/2019","Newfoundland and Labrador","10","Total, field of study",2971
"2018/2019","Newfoundland and Labrador","10","Education",2673
"2018/2019","Newfoundland and Labrador","10","Visual and performing arts, and communications technologies",2725
"2018/2019","Newfoundland and Labrador","10","Humanities",2680
"2018/2019","Newfoundland and Labrador","10","Social and behavioural sciences, and legal studies",2709
"2018/2019","Newfoundland and Labrador","10","Law",NA
"2018/2019","Newfoundland and Labrador","10","Business management and public administration",2759
"2018/2019","Newfoundland and Labrador","10","Physical and life sciences and technologies",2714
"2018/2019","Newfoundland and Labrador","10","Mathematics, computer and information sciences",2691
"2018/2019","Newfoundland and Labrador","10","Engineering",2770
"2018/2019","Newfoundland and Labrador","10","Architecture",NA
"2018/2019","Newfoundland and Labrador","10","Agriculture, natural resources and conservation",2780
"2018/2019","Newfoundland and Labrador","10","Dentistry",NA
"2018/2019","Newfoundland and Labrador","10","Medicine",10250
"2018/2019","Newfoundland and Labrador","10","Nursing",2640
"2018/2019","Newfoundland and Labrador","10","Pharmacy",2843
"2018/2019","Newfoundland and Labrador","10","Veterinary medicine",NA
"2018/2019","Newfoundland and Labrador","10","Optometry",NA
"2018/2019","Newfoundland and Labrador","10","Other health, parks, recreation and fitness",2694
"2018/2019","Newfoundland and Labrador","10","Personal, protective and transportation services",2634
"2018/2019","St. John's","001","Total, field of study",2971
"2018/2019","St. John's","001","Education",2673
"2018/2019","St. John's","001","Visual and performing arts, and communications technologies",2725
"2018/2019","St. John's","001","Humanities",2680
"2018/2019","St. John's","001","Social and behavioural sciences, and legal studies",2709
"2018/2019","St. John's","001","Law",NA
"2018/2019","St. John's","001","Business management and public administration",2759
"2018/2019","St. John's","001","Physical and life sciences and technologies",2714
"2018/2019","St. John's","001","Mathematics, computer and information sciences",2691
"2018/2019","St. John's","001","Engineering",2770
"2018/2019","St. John's","001","Architecture",NA
"2018/2019","St. John's","001","Agriculture, natural resources and conservation",2780
"2018/2019","St. John's","001","Dentistry",NA
"2018/2019","St. John's","001","Medicine",10250
"2018/2019","St. John's","001","Nursing",2640
"2018/2019","St. John's","001","Pharmacy",2843
"2018/2019","St. John's","001","Veterinary medicine",NA
"2018/2019","St. John's","001","Optometry",NA
"2018/2019","St. John's","001","Other health, parks, recreation and fitness",2694
"2018/2019","St. John's","001","Personal, protective and transportation services",2634
"2018/2019","Prince Edward Island","11","Total, field of study",6632
"2018/2019","Prince Edward Island","11","Education",8191
"2018/2019","Prince Edward Island","11","Visual and performing arts, and communications technologies",6150
"2018/2019","Prince Edward Island","11","Humanities",6150
"2018/2019","Prince Edward Island","11","Social and behavioural sciences, and legal studies",6150
"2018/2019","Prince Edward Island","11","Law",NA
"2018/2019","Prince Edward Island","11","Business management and public administration",6150
"2018/2019","Prince Edward Island","11","Physical and life sciences and technologies",6150
"2018/2019","Prince Edward Island","11","Mathematics, computer and information sciences",6150
"2018/2019","Prince Edward Island","11","Engineering",6150
"2018/2019","Prince Edward Island","11","Architecture",NA
"2018/2019","Prince Edward Island","11","Agriculture, natural resources and conservation",6150
"2018/2019","Prince Edward Island","11","Dentistry",NA
"2018/2019","Prince Edward Island","11","Medicine",NA
"2018/2019","Prince Edward Island","11","Nursing",6150
"2018/2019","Prince Edward Island","11","Pharmacy",NA
"2018/2019","Prince Edward Island","11","Veterinary medicine",13000
"2018/2019","Prince Edward Island","11","Optometry",NA
"2018/2019","Prince Edward Island","11","Other health, parks, recreation and fitness",6150
"2018/2019","Prince Edward Island","11","Personal, protective and transportation services",NA
"2018/2019","Charlottetown","105","Total, field of study",6632
"2018/2019","Charlottetown","105","Education",8191
"2018/2019","Charlottetown","105","Visual and performing arts, and communications technologies",6150
"2018/2019","Charlottetown","105","Humanities",6150
"2018/2019","Charlottetown","105","Social and behavioural sciences, and legal studies",6150
"2018/2019","Charlottetown","105","Law",NA
"2018/2019","Charlottetown","105","Business management and public administration",6150
"2018/2019","Charlottetown","105","Physical and life sciences and technologies",6150
"2018/2019","Charlottetown","105","Mathematics, computer and information sciences",6150
"2018/2019","Charlottetown","105","Engineering",6150
"2018/2019","Charlottetown","105","Architecture",NA
"2018/2019","Charlottetown","105","Agriculture, natural resources and conservation",6150
"2018/2019","Charlottetown","105","Dentistry",NA
"2018/2019","Charlottetown","105","Medicine",NA
"2018/2019","Charlottetown","105","Nursing",6150
"2018/2019","Charlottetown","105","Pharmacy",NA
"2018/2019","Charlottetown","105","Veterinary medicine",13000
"2018/2019","Charlottetown","105","Optometry",NA
"2018/2019","Charlottetown","105","Other health, parks, recreation and fitness",6150
"2018/2019","Charlottetown","105","Personal, protective and transportation services",NA
"2018/2019","Nova Scotia","12","Total, field of study",8086
"2018/2019","Nova Scotia","12","Education",7461
"2018/2019","Nova Scotia","12","Visual and performing arts, and communications technologies",7842
"2018/2019","Nova Scotia","12","Humanities",7076
"2018/2019","Nova Scotia","12","Social and behavioural sciences, and legal studies",7184
"2018/2019","Nova Scotia","12","Law",15033
"2018/2019","Nova Scotia","12","Business management and public administration",7781
"2018/2019","Nova Scotia","12","Physical and life sciences and technologies",7818
"2018/2019","Nova Scotia","12","Mathematics, computer and information sciences",7687
"2018/2019","Nova Scotia","12","Engineering",9921
"2018/2019","Nova Scotia","12","Architecture",7511
"2018/2019","Nova Scotia","12","Agriculture, natural resources and conservation",7570
"2018/2019","Nova Scotia","12","Dentistry",24828
"2018/2019","Nova Scotia","12","Medicine",20057
"2018/2019","Nova Scotia","12","Nursing",7811
"2018/2019","Nova Scotia","12","Pharmacy",11428
"2018/2019","Nova Scotia","12","Veterinary medicine",NA
"2018/2019","Nova Scotia","12","Optometry",NA
"2018/2019","Nova Scotia","12","Other health, parks, recreation and fitness",7976
"2018/2019","Nova Scotia","12","Personal, protective and transportation services",7800
"2018/2019","Cape Breton","225","Total, field of study",6879
"2018/2019","Cape Breton","225","Education",8155
"2018/2019","Cape Breton","225","Visual and performing arts, and communications technologies",6517
"2018/2019","Cape Breton","225","Humanities",6621
"2018/2019","Cape Breton","225","Social and behavioural sciences, and legal studies",6540
"2018/2019","Cape Breton","225","Law",NA
"2018/2019","Cape Breton","225","Business management and public administration",6641
"2018/2019","Cape Breton","225","Physical and life sciences and technologies",6563
"2018/2019","Cape Breton","225","Mathematics, computer and information sciences",6517
"2018/2019","Cape Breton","225","Engineering",6819
"2018/2019","Cape Breton","225","Architecture",NA
"2018/2019","Cape Breton","225","Agriculture, natural resources and conservation",6517
"2018/2019","Cape Breton","225","Dentistry",NA
"2018/2019","Cape Breton","225","Medicine",NA
"2018/2019","Cape Breton","225","Nursing",7613
"2018/2019","Cape Breton","225","Pharmacy",NA
"2018/2019","Cape Breton","225","Veterinary medicine",NA
"2018/2019","Cape Breton","225","Optometry",NA
"2018/2019","Cape Breton","225","Other health, parks, recreation and fitness",6945
"2018/2019","Cape Breton","225","Personal, protective and transportation services",7800
"2018/2019","Halifax","205","Total, field of study",8258
"2018/2019","Halifax","205","Education",6926
"2018/2019","Halifax","205","Visual and performing arts, and communications technologies",7823
"2018/2019","Halifax","205","Humanities",6855
"2018/2019","Halifax","205","Social and behavioural sciences, and legal studies",6912
"2018/2019","Halifax","205","Law",15033
"2018/2019","Halifax","205","Business management and public administration",7845
"2018/2019","Halifax","205","Physical and life sciences and technologies",7886
"2018/2019","Halifax","205","Mathematics, computer and information sciences",7669
"2018/2019","Halifax","205","Engineering",10462
"2018/2019","Halifax","205","Architecture",7511
"2018/2019","Halifax","205","Agriculture, natural resources and conservation",7410
"2018/2019","Halifax","205","Dentistry",24828
"2018/2019","Halifax","205","Medicine",20057
"2018/2019","Halifax","205","Nursing",7707
"2018/2019","Halifax","205","Pharmacy",11428
"2018/2019","Halifax","205","Veterinary medicine",NA
"2018/2019","Halifax","205","Optometry",NA
"2018/2019","Halifax","205","Other health, parks, recreation and fitness",8023
"2018/2019","Halifax","205","Personal, protective and transportation services",NA
"2018/2019","Wolfville","1207024","Total, field of study",7919
"2018/2019","Wolfville","1207024","Education",7928
"2018/2019","Wolfville","1207024","Visual and performing arts, and communications technologies",7966
"2018/2019","Wolfville","1207024","Humanities",7888
"2018/2019","Wolfville","1207024","Social and behavioural sciences, and legal studies",7874
"2018/2019","Wolfville","1207024","Law",NA
"2018/2019","Wolfville","1207024","Business management and public administration",7847
"2018/2019","Wolfville","1207024","Physical and life sciences and technologies",7937
"2018/2019","Wolfville","1207024","Mathematics, computer and information sciences",7749
"2018/2019","Wolfville","1207024","Engineering",NA
"2018/2019","Wolfville","1207024","Architecture",NA
"2018/2019","Wolfville","1207024","Agriculture, natural resources and conservation",8054
"2018/2019","Wolfville","1207024","Dentistry",NA
"2018/2019","Wolfville","1207024","Medicine",NA
"2018/2019","Wolfville","1207024","Nursing",NA
"2018/2019","Wolfville","1207024","Pharmacy",NA
"2018/2019","Wolfville","1207024","Veterinary medicine",NA
"2018/2019","Wolfville","1207024","Optometry",NA
"2018/2019","Wolfville","1207024","Other health, parks, recreation and fitness",8040
"2018/2019","Wolfville","1207024","Personal, protective and transportation services",NA
"2018/2019","Clare","1203001","Total, field of study",7145
"2018/2019","Clare","1203001","Education",6973
"2018/2019","Clare","1203001","Visual and performing arts, and communications technologies",NA
"2018/2019","Clare","1203001","Humanities",6662
"2018/2019","Clare","1203001","Social and behavioural sciences, and legal studies",NA
"2018/2019","Clare","1203001","Law",NA
"2018/2019","Clare","1203001","Business management and public administration",6776
"2018/2019","Clare","1203001","Physical and life sciences and technologies",8018
"2018/2019","Clare","1203001","Mathematics, computer and information sciences",NA
"2018/2019","Clare","1203001","Engineering",NA
"2018/2019","Clare","1203001","Architecture",NA
"2018/2019","Clare","1203001","Agriculture, natural resources and conservation",NA
"2018/2019","Clare","1203001","Dentistry",NA
"2018/2019","Clare","1203001","Medicine",NA
"2018/2019","Clare","1203001","Nursing",NA
"2018/2019","Clare","1203001","Pharmacy",NA
"2018/2019","Clare","1203001","Veterinary medicine",NA
"2018/2019","Clare","1203001","Optometry",NA
"2018/2019","Clare","1203001","Other health, parks, recreation and fitness",NA
"2018/2019","Clare","1203001","Personal, protective and transportation services",NA
"2018/2019","Antigonish","1214002","Total, field of study",7997
"2018/2019","Antigonish","1214002","Education",7754
"2018/2019","Antigonish","1214002","Visual and performing arts, and communications technologies",7952
"2018/2019","Antigonish","1214002","Humanities",8005
"2018/2019","Antigonish","1214002","Social and behavioural sciences, and legal studies",7962
"2018/2019","Antigonish","1214002","Law",NA
"2018/2019","Antigonish","1214002","Business management and public administration",8104
"2018/2019","Antigonish","1214002","Physical and life sciences and technologies",7938
"2018/2019","Antigonish","1214002","Mathematics, computer and information sciences",7879
"2018/2019","Antigonish","1214002","Engineering",NA
"2018/2019","Antigonish","1214002","Architecture",NA
"2018/2019","Antigonish","1214002","Agriculture, natural resources and conservation",8203
"2018/2019","Antigonish","1214002","Dentistry",NA
"2018/2019","Antigonish","1214002","Medicine",NA
"2018/2019","Antigonish","1214002","Nursing",8043
"2018/2019","Antigonish","1214002","Pharmacy",NA
"2018/2019","Antigonish","1214002","Veterinary medicine",NA
"2018/2019","Antigonish","1214002","Optometry",NA
"2018/2019","Antigonish","1214002","Other health, parks, recreation and fitness",7903
"2018/2019","Antigonish","1214002","Personal, protective and transportation services",NA
"2018/2019","New Brunswick","13","Total, field of study",7108
"2018/2019","New Brunswick","13","Education",6795
"2018/2019","New Brunswick","13","Visual and performing arts, and communications technologies",7470
"2018/2019","New Brunswick","13","Humanities",7060
"2018/2019","New Brunswick","13","Social and behavioural sciences, and legal studies",6981
"2018/2019","New Brunswick","13","Law",9364
"2018/2019","New Brunswick","13","Business management and public administration",7195
"2018/2019","New Brunswick","13","Physical and life sciences and technologies",7267
"2018/2019","New Brunswick","13","Mathematics, computer and information sciences",6867
"2018/2019","New Brunswick","13","Engineering",7574
"2018/2019","New Brunswick","13","Architecture",NA
"2018/2019","New Brunswick","13","Agriculture, natural resources and conservation",6798
"2018/2019","New Brunswick","13","Dentistry",NA
"2018/2019","New Brunswick","13","Medicine",NA
"2018/2019","New Brunswick","13","Nursing",6459
"2018/2019","New Brunswick","13","Pharmacy",NA
"2018/2019","New Brunswick","13","Veterinary medicine",NA
"2018/2019","New Brunswick","13","Optometry",NA
"2018/2019","New Brunswick","13","Other health, parks, recreation and fitness",6371
"2018/2019","New Brunswick","13","Personal, protective and transportation services",NA
"2018/2019","Moncton","305","Total, field of study",5947
"2018/2019","Moncton","305","Education",5947
"2018/2019","Moncton","305","Visual and performing arts, and communications technologies",5947
"2018/2019","Moncton","305","Humanities",5947
"2018/2019","Moncton","305","Social and behavioural sciences, and legal studies",5947
"2018/2019","Moncton","305","Law",5947
"2018/2019","Moncton","305","Business management and public administration",5947
"2018/2019","Moncton","305","Physical and life sciences and technologies",5947
"2018/2019","Moncton","305","Mathematics, computer and information sciences",5947
"2018/2019","Moncton","305","Engineering",5947
"2018/2019","Moncton","305","Architecture",NA
"2018/2019","Moncton","305","Agriculture, natural resources and conservation",5947
"2018/2019","Moncton","305","Dentistry",NA
"2018/2019","Moncton","305","Medicine",NA
"2018/2019","Moncton","305","Nursing",5947
"2018/2019","Moncton","305","Pharmacy",NA
"2018/2019","Moncton","305","Veterinary medicine",NA
"2018/2019","Moncton","305","Optometry",NA
"2018/2019","Moncton","305","Other health, parks, recreation and fitness",5947
"2018/2019","Moncton","305","Personal, protective and transportation services",NA
"2018/2019","Fredericton","320","Total, field of study",7213
"2018/2019","Fredericton","320","Education",7675
"2018/2019","Fredericton","320","Visual and performing arts, and communications technologies",NA
"2018/2019","Fredericton","320","Humanities",6768
"2018/2019","Fredericton","320","Social and behavioural sciences, and legal studies",6769
"2018/2019","Fredericton","320","Law",10808
"2018/2019","Fredericton","320","Business management and public administration",7570
"2018/2019","Fredericton","320","Physical and life sciences and technologies",6758
"2018/2019","Fredericton","320","Mathematics, computer and information sciences",6758
"2018/2019","Fredericton","320","Engineering",7909
"2018/2019","Fredericton","320","Architecture",NA
"2018/2019","Fredericton","320","Agriculture, natural resources and conservation",6758
"2018/2019","Fredericton","320","Dentistry",NA
"2018/2019","Fredericton","320","Medicine",NA
"2018/2019","Fredericton","320","Nursing",6858
"2018/2019","Fredericton","320","Pharmacy",NA
"2018/2019","Fredericton","320","Veterinary medicine",NA
"2018/2019","Fredericton","320","Optometry",NA
"2018/2019","Fredericton","320","Other health, parks, recreation and fitness",6758
"2018/2019","Fredericton","320","Personal, protective and transportation services",NA
"2018/2019","Sackville","1307009","Total, field of study",8295
"2018/2019","Sackville","1307009","Education",NA
"2018/2019","Sackville","1307009","Visual and performing arts, and communications technologies",8295
"2018/2019","Sackville","1307009","Humanities",8295
"2018/2019","Sackville","1307009","Social and behavioural sciences, and legal studies",8295
"2018/2019","Sackville","1307009","Law",NA
"2018/2019","Sackville","1307009","Business management and public administration",8295
"2018/2019","Sackville","1307009","Physical and life sciences and technologies",8295
"2018/2019","Sackville","1307009","Mathematics, computer and information sciences",8295
"2018/2019","Sackville","1307009","Engineering",NA
"2018/2019","Sackville","1307009","Architecture",NA
"2018/2019","Sackville","1307009","Agriculture, natural resources and conservation",8295
"2018/2019","Sackville","1307009","Dentistry",NA
"2018/2019","Sackville","1307009","Medicine",NA
"2018/2019","Sackville","1307009","Nursing",NA
"2018/2019","Sackville","1307009","Pharmacy",NA
"2018/2019","Sackville","1307009","Veterinary medicine",NA
"2018/2019","Sackville","1307009","Optometry",NA
"2018/2019","Sackville","1307009","Other health, parks, recreation and fitness",NA
"2018/2019","Sackville","1307009","Personal, protective and transportation services",NA
"2018/2019","Quebec","24","Total, field of study",2956
"2018/2019","Quebec","24","Education",2556
"2018/2019","Quebec","24","Visual and performing arts, and communications technologies",2959
"2018/2019","Quebec","24","Humanities",3948
"2018/2019","Quebec","24","Social and behavioural sciences, and legal studies",3020
"2018/2019","Quebec","24","Law",2837
"2018/2019","Quebec","24","Business management and public administration",2924
"2018/2019","Quebec","24","Physical and life sciences and technologies",3237
"2018/2019","Quebec","24","Mathematics, computer and information sciences",3057
"2018/2019","Quebec","24","Engineering",2882
"2018/2019","Quebec","24","Architecture",2741
"2018/2019","Quebec","24","Agriculture, natural resources and conservation",2911
"2018/2019","Quebec","24","Dentistry",3841
"2018/2019","Quebec","24","Medicine",3304
"2018/2019","Quebec","24","Nursing",2658
"2018/2019","Quebec","24","Pharmacy",2625
"2018/2019","Quebec","24","Veterinary medicine",2625
"2018/2019","Quebec","24","Optometry",3053
"2018/2019","Quebec","24","Other health, parks, recreation and fitness",2946
"2018/2019","Quebec","24","Personal, protective and transportation services",2456
"2018/2019","Montreal","462","Total, field of study",3181
"2018/2019","Montreal","462","Education",2608
"2018/2019","Montreal","462","Visual and performing arts, and communications technologies",3163
"2018/2019","Montreal","462","Humanities",4575
"2018/2019","Montreal","462","Social and behavioural sciences, and legal studies",3178
"2018/2019","Montreal","462","Law",3109
"2018/2019","Montreal","462","Business management and public administration",3084
"2018/2019","Montreal","462","Physical and life sciences and technologies",3534
"2018/2019","Montreal","462","Mathematics, computer and information sciences",3354
"2018/2019","Montreal","462","Engineering",3025
"2018/2019","Montreal","462","Architecture",2798
"2018/2019","Montreal","462","Agriculture, natural resources and conservation",4177
"2018/2019","Montreal","462","Dentistry",4269
"2018/2019","Montreal","462","Medicine",3713
"2018/2019","Montreal","462","Nursing",2982
"2018/2019","Montreal","462","Pharmacy",2676
"2018/2019","Montreal","462","Veterinary medicine",2625
"2018/2019","Montreal","462","Optometry",3053
"2018/2019","Montreal","462","Other health, parks, recreation and fitness",3222
"2018/2019","Montreal","462","Personal, protective and transportation services",2456
"2018/2019","Sherbrooke","433","Total, field of study",2870
"2018/2019","Sherbrooke","433","Education",2630
"2018/2019","Sherbrooke","433","Visual and performing arts, and communications technologies",3666
"2018/2019","Sherbrooke","433","Humanities",3119
"2018/2019","Sherbrooke","433","Social and behavioural sciences, and legal studies",3465
"2018/2019","Sherbrooke","433","Law",2475
"2018/2019","Sherbrooke","433","Business management and public administration",3014
"2018/2019","Sherbrooke","433","Physical and life sciences and technologies",3076
"2018/2019","Sherbrooke","433","Mathematics, computer and information sciences",2512
"2018/2019","Sherbrooke","433","Engineering",2497
"2018/2019","Sherbrooke","433","Architecture",NA
"2018/2019","Sherbrooke","433","Agriculture, natural resources and conservation",2456
"2018/2019","Sherbrooke","433","Dentistry",NA
"2018/2019","Sherbrooke","433","Medicine",3275
"2018/2019","Sherbrooke","433","Nursing",2498
"2018/2019","Sherbrooke","433","Pharmacy",2456
"2018/2019","Sherbrooke","433","Veterinary medicine",NA
"2018/2019","Sherbrooke","433","Optometry",NA
"2018/2019","Sherbrooke","433","Other health, parks, recreation and fitness",2475
"2018/2019","Sherbrooke","433","Personal, protective and transportation services",NA
"2018/2019","Saguenay","408","Total, field of study",2480
"2018/2019","Saguenay","408","Education",2473
"2018/2019","Saguenay","408","Visual and performing arts, and communications technologies",2472
"2018/2019","Saguenay","408","Humanities",2576
"2018/2019","Saguenay","408","Social and behavioural sciences, and legal studies",2477
"2018/2019","Saguenay","408","Law",NA
"2018/2019","Saguenay","408","Business management and public administration",2473
"2018/2019","Saguenay","408","Physical and life sciences and technologies",2456
"2018/2019","Saguenay","408","Mathematics, computer and information sciences",2456
"2018/2019","Saguenay","408","Engineering",2490
"2018/2019","Saguenay","408","Architecture",NA
"2018/2019","Saguenay","408","Agriculture, natural resources and conservation",2456
"2018/2019","Saguenay","408","Dentistry",NA
"2018/2019","Saguenay","408","Medicine",NA
"2018/2019","Saguenay","408","Nursing",2482
"2018/2019","Saguenay","408","Pharmacy",NA
"2018/2019","Saguenay","408","Veterinary medicine",NA
"2018/2019","Saguenay","408","Optometry",NA
"2018/2019","Saguenay","408","Other health, parks, recreation and fitness",2484
"2018/2019","Saguenay","408","Personal, protective and transportation services",NA
"2018/2019","Rouyn-Noranda","485","Total, field of study",2462
"2018/2019","Rouyn-Noranda","485","Education",2456
"2018/2019","Rouyn-Noranda","485","Visual and performing arts, and communications technologies",2488
"2018/2019","Rouyn-Noranda","485","Humanities",NA
"2018/2019","Rouyn-Noranda","485","Social and behavioural sciences, and legal studies",2456
"2018/2019","Rouyn-Noranda","485","Law",NA
"2018/2019","Rouyn-Noranda","485","Business management and public administration",2456
"2018/2019","Rouyn-Noranda","485","Physical and life sciences and technologies",NA
"2018/2019","Rouyn-Noranda","485","Mathematics, computer and information sciences",NA
"2018/2019","Rouyn-Noranda","485","Engineering",2456
"2018/2019","Rouyn-Noranda","485","Architecture",NA
"2018/2019","Rouyn-Noranda","485","Agriculture, natural resources and conservation",NA
"2018/2019","Rouyn-Noranda","485","Dentistry",NA
"2018/2019","Rouyn-Noranda","485","Medicine",NA
"2018/2019","Rouyn-Noranda","485","Nursing",2456
"2018/2019","Rouyn-Noranda","485","Pharmacy",NA
"2018/2019","Rouyn-Noranda","485","Veterinary medicine",NA
"2018/2019","Rouyn-Noranda","485","Optometry",NA
"2018/2019","Rouyn-Noranda","485","Other health, parks, recreation and fitness",NA
"2018/2019","Rouyn-Noranda","485","Personal, protective and transportation services",NA
"2018/2019","Trois-Rivières","442","Total, field of study",2482
"2018/2019","Trois-Rivières","442","Education",2460
"2018/2019","Trois-Rivières","442","Visual and performing arts, and communications technologies",2456
"2018/2019","Trois-Rivières","442","Humanities",2550
"2018/2019","Trois-Rivières","442","Social and behavioural sciences, and legal studies",2476
"2018/2019","Trois-Rivières","442","Law",NA
"2018/2019","Trois-Rivières","442","Business management and public administration",2464
"2018/2019","Trois-Rivières","442","Physical and life sciences and technologies",2485
"2018/2019","Trois-Rivières","442","Mathematics, computer and information sciences",2575
"2018/2019","Trois-Rivières","442","Engineering",2588
"2018/2019","Trois-Rivières","442","Architecture",NA
"2018/2019","Trois-Rivières","442","Agriculture, natural resources and conservation",NA
"2018/2019","Trois-Rivières","442","Dentistry",NA
"2018/2019","Trois-Rivières","442","Medicine",NA
"2018/2019","Trois-Rivières","442","Nursing",2478
"2018/2019","Trois-Rivières","442","Pharmacy",NA
"2018/2019","Trois-Rivières","442","Veterinary medicine",NA
"2018/2019","Trois-Rivières","442","Optometry",NA
"2018/2019","Trois-Rivières","442","Other health, parks, recreation and fitness",2502
"2018/2019","Trois-Rivières","442","Personal, protective and transportation services",2456
"2018/2019","Ottawa-Gatineau, Quebec part, Ontario/Quebec",NA,"Total, field of study",2586
"2018/2019","Ottawa-Gatineau, Quebec part, Ontario/Quebec",NA,"Education",2500
"2018/2019","Ottawa-Gatineau, Quebec part, Ontario/Quebec",NA,"Visual and performing arts, and communications technologies",2790
"2018/2019","Ottawa-Gatineau, Quebec part, Ontario/Quebec",NA,"Humanities",2541
"2018/2019","Ottawa-Gatineau, Quebec part, Ontario/Quebec",NA,"Social and behavioural sciences, and legal studies",2524
"2018/2019","Ottawa-Gatineau, Quebec part, Ontario/Quebec",NA,"Law",NA
"2018/2019","Ottawa-Gatineau, Quebec part, Ontario/Quebec",NA,"Business management and public administration",2633
"2018/2019","Ottawa-Gatineau, Quebec part, Ontario/Quebec",NA,"Physical and life sciences and technologies",NA
"2018/2019","Ottawa-Gatineau, Quebec part, Ontario/Quebec",NA,"Mathematics, computer and information sciences",3031
"2018/2019","Ottawa-Gatineau, Quebec part, Ontario/Quebec",NA,"Engineering",3042
"2018/2019","Ottawa-Gatineau, Quebec part, Ontario/Quebec",NA,"Architecture",NA
"2018/2019","Ottawa-Gatineau, Quebec part, Ontario/Quebec",NA,"Agriculture, natural resources and conservation",NA
"2018/2019","Ottawa-Gatineau, Quebec part, Ontario/Quebec",NA,"Dentistry",NA
"2018/2019","Ottawa-Gatineau, Quebec part, Ontario/Quebec",NA,"Medicine",NA
"2018/2019","Ottawa-Gatineau, Quebec part, Ontario/Quebec",NA,"Nursing",2494
"2018/2019","Ottawa-Gatineau, Quebec part, Ontario/Quebec",NA,"Pharmacy",NA
"2018/2019","Ottawa-Gatineau, Quebec part, Ontario/Quebec",NA,"Veterinary medicine",NA
"2018/2019","Ottawa-Gatineau, Quebec part, Ontario/Quebec",NA,"Optometry",NA
"2018/2019","Ottawa-Gatineau, Quebec part, Ontario/Quebec",NA,"Other health, parks, recreation and fitness",NA
"2018/2019","Ottawa-Gatineau, Quebec part, Ontario/Quebec",NA,"Personal, protective and transportation services",NA
"2018/2019","Québec","421","Total, field of study",2505
"2018/2019","Québec","421","Education",2468
"2018/2019","Québec","421","Visual and performing arts, and communications technologies",2483
"2018/2019","Québec","421","Humanities",2507
"2018/2019","Québec","421","Social and behavioural sciences, and legal studies",2485
"2018/2019","Québec","421","Law",2499
"2018/2019","Québec","421","Business management and public administration",2497
"2018/2019","Québec","421","Physical and life sciences and technologies",2547
"2018/2019","Québec","421","Mathematics, computer and information sciences",2504
"2018/2019","Québec","421","Engineering",2521
"2018/2019","Québec","421","Architecture",2534
"2018/2019","Québec","421","Agriculture, natural resources and conservation",2494
"2018/2019","Québec","421","Dentistry",2612
"2018/2019","Québec","421","Medicine",2547
"2018/2019","Québec","421","Nursing",2470
"2018/2019","Québec","421","Pharmacy",2569
"2018/2019","Québec","421","Veterinary medicine",NA
"2018/2019","Québec","421","Optometry",NA
"2018/2019","Québec","421","Other health, parks, recreation and fitness",2535
"2018/2019","Québec","421","Personal, protective and transportation services",NA
"2018/2019","Rimouski","404","Total, field of study",2473
"2018/2019","Rimouski","404","Education",2476
"2018/2019","Rimouski","404","Visual and performing arts, and communications technologies",NA
"2018/2019","Rimouski","404","Humanities",2456
"2018/2019","Rimouski","404","Social and behavioural sciences, and legal studies",2456
"2018/2019","Rimouski","404","Law",NA
"2018/2019","Rimouski","404","Business management and public administration",2466
"2018/2019","Rimouski","404","Physical and life sciences and technologies",2493
"2018/2019","Rimouski","404","Mathematics, computer and information sciences",2456
"2018/2019","Rimouski","404","Engineering",2626
"2018/2019","Rimouski","404","Architecture",NA
"2018/2019","Rimouski","404","Agriculture, natural resources and conservation",NA
"2018/2019","Rimouski","404","Dentistry",NA
"2018/2019","Rimouski","404","Medicine",NA
"2018/2019","Rimouski","404","Nursing",2456
"2018/2019","Rimouski","404","Pharmacy",NA
"2018/2019","Rimouski","404","Veterinary medicine",NA
"2018/2019","Rimouski","404","Optometry",NA
"2018/2019","Rimouski","404","Other health, parks, recreation and fitness",NA
"2018/2019","Rimouski","404","Personal, protective and transportation services",NA
"2018/2019","Ontario","35","Total, field of study",8793
"2018/2019","Ontario","35","Education",7006
"2018/2019","Ontario","35","Visual and performing arts, and communications technologies",7234
"2018/2019","Ontario","35","Humanities",6755
"2018/2019","Ontario","35","Social and behavioural sciences, and legal studies",6804
"2018/2019","Ontario","35","Law",21636
"2018/2019","Ontario","35","Business management and public administration",10552
"2018/2019","Ontario","35","Physical and life sciences and technologies",7565
"2018/2019","Ontario","35","Mathematics, computer and information sciences",9040
"2018/2019","Ontario","35","Engineering",12539
"2018/2019","Ontario","35","Architecture",8838
"2018/2019","Ontario","35","Agriculture, natural resources and conservation",6830
"2018/2019","Ontario","35","Dentistry",40472
"2018/2019","Ontario","35","Medicine",26836
"2018/2019","Ontario","35","Nursing",6972
"2018/2019","Ontario","35","Pharmacy",19927
"2018/2019","Ontario","35","Veterinary medicine",8967
"2018/2019","Ontario","35","Optometry",16968
"2018/2019","Ontario","35","Other health, parks, recreation and fitness",7267
"2018/2019","Ontario","35","Personal, protective and transportation services",6894
"2018/2019","St. Catharines-Niagara","539","Total, field of study",6995
"2018/2019","St. Catharines-Niagara","539","Education",6766
"2018/2019","St. Catharines-Niagara","539","Visual and performing arts, and communications technologies",6670
"2018/2019","St. Catharines-Niagara","539","Humanities",6670
"2018/2019","St. Catharines-Niagara","539","Social and behavioural sciences, and legal studies",6670
"2018/2019","St. Catharines-Niagara","539","Law",NA
"2018/2019","St. Catharines-Niagara","539","Business management and public administration",8088
"2018/2019","St. Catharines-Niagara","539","Physical and life sciences and technologies",6670
"2018/2019","St. Catharines-Niagara","539","Mathematics, computer and information sciences",7914
"2018/2019","St. Catharines-Niagara","539","Engineering",NA
"2018/2019","St. Catharines-Niagara","539","Architecture",NA
"2018/2019","St. Catharines-Niagara","539","Agriculture, natural resources and conservation",6670
"2018/2019","St. Catharines-Niagara","539","Dentistry",NA
"2018/2019","St. Catharines-Niagara","539","Medicine",NA
"2018/2019","St. Catharines-Niagara","539","Nursing",6670
"2018/2019","St. Catharines-Niagara","539","Pharmacy",NA
"2018/2019","St. Catharines-Niagara","539","Veterinary medicine",NA
"2018/2019","St. Catharines-Niagara","539","Optometry",NA
"2018/2019","St. Catharines-Niagara","539","Other health, parks, recreation and fitness",6670
"2018/2019","St. Catharines-Niagara","539","Personal, protective and transportation services",NA
"2018/2019","Ottawa-Gatineau, Ontario part, Ontario/Quebec",NA,"Total, field of study",8383
"2018/2019","Ottawa-Gatineau, Ontario part, Ontario/Quebec",NA,"Education",6765
"2018/2019","Ottawa-Gatineau, Ontario part, Ontario/Quebec",NA,"Visual and performing arts, and communications technologies",8035
"2018/2019","Ottawa-Gatineau, Ontario part, Ontario/Quebec",NA,"Humanities",6775
"2018/2019","Ottawa-Gatineau, Ontario part, Ontario/Quebec",NA,"Social and behavioural sciences, and legal studies",7133
"2018/2019","Ottawa-Gatineau, Ontario part, Ontario/Quebec",NA,"Law",15231
"2018/2019","Ottawa-Gatineau, Ontario part, Ontario/Quebec",NA,"Business management and public administration",8243
"2018/2019","Ottawa-Gatineau, Ontario part, Ontario/Quebec",NA,"Physical and life sciences and technologies",6760
"2018/2019","Ottawa-Gatineau, Ontario part, Ontario/Quebec",NA,"Mathematics, computer and information sciences",8278
"2018/2019","Ottawa-Gatineau, Ontario part, Ontario/Quebec",NA,"Engineering",11228
"2018/2019","Ottawa-Gatineau, Ontario part, Ontario/Quebec",NA,"Architecture",10683
"2018/2019","Ottawa-Gatineau, Ontario part, Ontario/Quebec",NA,"Agriculture, natural resources and conservation",6750
"2018/2019","Ottawa-Gatineau, Ontario part, Ontario/Quebec",NA,"Dentistry",NA
"2018/2019","Ottawa-Gatineau, Ontario part, Ontario/Quebec",NA,"Medicine",28319
"2018/2019","Ottawa-Gatineau, Ontario part, Ontario/Quebec",NA,"Nursing",6765
"2018/2019","Ottawa-Gatineau, Ontario part, Ontario/Quebec",NA,"Pharmacy",NA
"2018/2019","Ottawa-Gatineau, Ontario part, Ontario/Quebec",NA,"Veterinary medicine",NA
"2018/2019","Ottawa-Gatineau, Ontario part, Ontario/Quebec",NA,"Optometry",NA
"2018/2019","Ottawa-Gatineau, Ontario part, Ontario/Quebec",NA,"Other health, parks, recreation and fitness",6764
"2018/2019","Ottawa-Gatineau, Ontario part, Ontario/Quebec",NA,"Personal, protective and transportation services",NA
"2018/2019","Guelph","550","Total, field of study",7342
"2018/2019","Guelph","550","Education",NA
"2018/2019","Guelph","550","Visual and performing arts, and communications technologies",6658
"2018/2019","Guelph","550","Humanities",6658
"2018/2019","Guelph","550","Social and behavioural sciences, and legal studies",6658
"2018/2019","Guelph","550","Law",NA
"2018/2019","Guelph","550","Business management and public administration",8257
"2018/2019","Guelph","550","Physical and life sciences and technologies",6658
"2018/2019","Guelph","550","Mathematics, computer and information sciences",8257
"2018/2019","Guelph","550","Engineering",10101
"2018/2019","Guelph","550","Architecture",8967
"2018/2019","Guelph","550","Agriculture, natural resources and conservation",6658
"2018/2019","Guelph","550","Dentistry",NA
"2018/2019","Guelph","550","Medicine",NA
"2018/2019","Guelph","550","Nursing",NA
"2018/2019","Guelph","550","Pharmacy",NA
"2018/2019","Guelph","550","Veterinary medicine",8967
"2018/2019","Guelph","550","Optometry",NA
"2018/2019","Guelph","550","Other health, parks, recreation and fitness",6658
"2018/2019","Guelph","550","Personal, protective and transportation services",6658
"2018/2019","Thunder Bay","595","Total, field of study",7129
"2018/2019","Thunder Bay","595","Education",6583
"2018/2019","Thunder Bay","595","Visual and performing arts, and communications technologies",6324
"2018/2019","Thunder Bay","595","Humanities",6324
"2018/2019","Thunder Bay","595","Social and behavioural sciences, and legal studies",6324
"2018/2019","Thunder Bay","595","Law",18073
"2018/2019","Thunder Bay","595","Business management and public administration",6983
"2018/2019","Thunder Bay","595","Physical and life sciences and technologies",6324
"2018/2019","Thunder Bay","595","Mathematics, computer and information sciences",6324
"2018/2019","Thunder Bay","595","Engineering",8108
"2018/2019","Thunder Bay","595","Architecture",NA
"2018/2019","Thunder Bay","595","Agriculture, natural resources and conservation",6324
"2018/2019","Thunder Bay","595","Dentistry",NA
"2018/2019","Thunder Bay","595","Medicine",NA
"2018/2019","Thunder Bay","595","Nursing",6324
"2018/2019","Thunder Bay","595","Pharmacy",NA
"2018/2019","Thunder Bay","595","Veterinary medicine",NA
"2018/2019","Thunder Bay","595","Optometry",NA
"2018/2019","Thunder Bay","595","Other health, parks, recreation and fitness",6324
"2018/2019","Thunder Bay","595","Personal, protective and transportation services",NA
"2018/2019","Greater Sudbury","580","Total, field of study",7239
"2018/2019","Greater Sudbury","580","Education",6524
"2018/2019","Greater Sudbury","580","Visual and performing arts, and communications technologies",6524
"2018/2019","Greater Sudbury","580","Humanities",6524
"2018/2019","Greater Sudbury","580","Social and behavioural sciences, and legal studies",6524
"2018/2019","Greater Sudbury","580","Law",NA
"2018/2019","Greater Sudbury","580","Business management and public administration",8261
"2018/2019","Greater Sudbury","580","Physical and life sciences and technologies",6524
"2018/2019","Greater Sudbury","580","Mathematics, computer and information sciences",8261
"2018/2019","Greater Sudbury","580","Engineering",8965
"2018/2019","Greater Sudbury","580","Architecture",10788
"2018/2019","Greater Sudbury","580","Agriculture, natural resources and conservation",6524
"2018/2019","Greater Sudbury","580","Dentistry",NA
"2018/2019","Greater Sudbury","580","Medicine",NA
"2018/2019","Greater Sudbury","580","Nursing",6524
"2018/2019","Greater Sudbury","580","Pharmacy",NA
"2018/2019","Greater Sudbury","580","Veterinary medicine",NA
"2018/2019","Greater Sudbury","580","Optometry",NA
"2018/2019","Greater Sudbury","580","Other health, parks, recreation and fitness",6524
"2018/2019","Greater Sudbury","580","Personal, protective and transportation services",6524
"2018/2019","Hamilton","537","Total, field of study",9103
"2018/2019","Hamilton","537","Education",NA
"2018/2019","Hamilton","537","Visual and performing arts, and communications technologies",6666
"2018/2019","Hamilton","537","Humanities",6666
"2018/2019","Hamilton","537","Social and behavioural sciences, and legal studies",6666
"2018/2019","Hamilton","537","Law",NA
"2018/2019","Hamilton","537","Business management and public administration",10740
"2018/2019","Hamilton","537","Physical and life sciences and technologies",6666
"2018/2019","Hamilton","537","Mathematics, computer and information sciences",6666
"2018/2019","Hamilton","537","Engineering",11303
"2018/2019","Hamilton","537","Architecture",NA
"2018/2019","Hamilton","537","Agriculture, natural resources and conservation",6666
"2018/2019","Hamilton","537","Dentistry",NA
"2018/2019","Hamilton","537","Medicine",27922
"2018/2019","Hamilton","537","Nursing",7898
"2018/2019","Hamilton","537","Pharmacy",NA
"2018/2019","Hamilton","537","Veterinary medicine",NA
"2018/2019","Hamilton","537","Optometry",NA
"2018/2019","Hamilton","537","Other health, parks, recreation and fitness",9968
"2018/2019","Hamilton","537","Personal, protective and transportation services",NA
"2018/2019","North Bay","575","Total, field of study",6710
"2018/2019","North Bay","575","Education",7357
"2018/2019","North Bay","575","Visual and performing arts, and communications technologies",6423
"2018/2019","North Bay","575","Humanities",6423
"2018/2019","North Bay","575","Social and behavioural sciences, and legal studies",6423
"2018/2019","North Bay","575","Law",NA
"2018/2019","North Bay","575","Business management and public administration",7254
"2018/2019","North Bay","575","Physical and life sciences and technologies",6423
"2018/2019","North Bay","575","Mathematics, computer and information sciences",7254
"2018/2019","North Bay","575","Engineering",NA
"2018/2019","North Bay","575","Architecture",NA
"2018/2019","North Bay","575","Agriculture, natural resources and conservation",6423
"2018/2019","North Bay","575","Dentistry",NA
"2018/2019","North Bay","575","Medicine",NA
"2018/2019","North Bay","575","Nursing",6423
"2018/2019","North Bay","575","Pharmacy",NA
"2018/2019","North Bay","575","Veterinary medicine",NA
"2018/2019","North Bay","575","Optometry",NA
"2018/2019","North Bay","575","Other health, parks, recreation and fitness",6423
"2018/2019","North Bay","575","Personal, protective and transportation services",6423
"2018/2019","Kingston","521","Total, field of study",9514
"2018/2019","Kingston","521","Education",6665
"2018/2019","Kingston","521","Visual and performing arts, and communications technologies",6760
"2018/2019","Kingston","521","Humanities",6760
"2018/2019","Kingston","521","Social and behavioural sciences, and legal studies",6770
"2018/2019","Kingston","521","Law",20209
"2018/2019","Kingston","521","Business management and public administration",17276
"2018/2019","Kingston","521","Physical and life sciences and technologies",6760
"2018/2019","Kingston","521","Mathematics, computer and information sciences",6934
"2018/2019","Kingston","521","Engineering",11782
"2018/2019","Kingston","521","Architecture",NA
"2018/2019","Kingston","521","Agriculture, natural resources and conservation",6760
"2018/2019","Kingston","521","Dentistry",NA
"2018/2019","Kingston","521","Medicine",26126
"2018/2019","Kingston","521","Nursing",7099
"2018/2019","Kingston","521","Pharmacy",NA
"2018/2019","Kingston","521","Veterinary medicine",NA
"2018/2019","Kingston","521","Optometry",NA
"2018/2019","Kingston","521","Other health, parks, recreation and fitness",6760
"2018/2019","Kingston","521","Personal, protective and transportation services",NA
"2018/2019","Peterborough","529","Total, field of study",6798
"2018/2019","Peterborough","529","Education",6798
"2018/2019","Peterborough","529","Visual and performing arts, and communications technologies",NA
"2018/2019","Peterborough","529","Humanities",6798
"2018/2019","Peterborough","529","Social and behavioural sciences, and legal studies",6798
"2018/2019","Peterborough","529","Law",NA
"2018/2019","Peterborough","529","Business management and public administration",6798
"2018/2019","Peterborough","529","Physical and life sciences and technologies",6798
"2018/2019","Peterborough","529","Mathematics, computer and information sciences",6798
"2018/2019","Peterborough","529","Engineering",NA
"2018/2019","Peterborough","529","Architecture",NA
"2018/2019","Peterborough","529","Agriculture, natural resources and conservation",6798
"2018/2019","Peterborough","529","Dentistry",NA
"2018/2019","Peterborough","529","Medicine",NA
"2018/2019","Peterborough","529","Nursing",6798
"2018/2019","Peterborough","529","Pharmacy",NA
"2018/2019","Peterborough","529","Veterinary medicine",NA
"2018/2019","Peterborough","529","Optometry",NA
"2018/2019","Peterborough","529","Other health, parks, recreation and fitness",NA
"2018/2019","Peterborough","529","Personal, protective and transportation services",6798
"2018/2019","Windsor","559","Total, field of study",8454
"2018/2019","Windsor","559","Education",7579
"2018/2019","Windsor","559","Visual and performing arts, and communications technologies",6444
"2018/2019","Windsor","559","Humanities",6444
"2018/2019","Windsor","559","Social and behavioural sciences, and legal studies",6444
"2018/2019","Windsor","559","Law",19322
"2018/2019","Windsor","559","Business management and public administration",9646
"2018/2019","Windsor","559","Physical and life sciences and technologies",6636
"2018/2019","Windsor","559","Mathematics, computer and information sciences",9932
"2018/2019","Windsor","559","Engineering",10466
"2018/2019","Windsor","559","Architecture",NA
"2018/2019","Windsor","559","Agriculture, natural resources and conservation",6636
"2018/2019","Windsor","559","Dentistry",NA
"2018/2019","Windsor","559","Medicine",NA
"2018/2019","Windsor","559","Nursing",6444
"2018/2019","Windsor","559","Pharmacy",NA
"2018/2019","Windsor","559","Veterinary medicine",NA
"2018/2019","Windsor","559","Optometry",NA
"2018/2019","Windsor","559","Other health, parks, recreation and fitness",6636
"2018/2019","Windsor","559","Personal, protective and transportation services",6636
"2018/2019","Toronto","535","Total, field of study",8862
"2018/2019","Toronto","535","Education",6862
"2018/2019","Toronto","535","Visual and performing arts, and communications technologies",7293
"2018/2019","Toronto","535","Humanities",6784
"2018/2019","Toronto","535","Social and behavioural sciences, and legal studies",6776
"2018/2019","Toronto","535","Law",31194
"2018/2019","Toronto","535","Business management and public administration",9348
"2018/2019","Toronto","535","Physical and life sciences and technologies",9060
"2018/2019","Toronto","535","Mathematics, computer and information sciences",8520
"2018/2019","Toronto","535","Engineering",13316
"2018/2019","Toronto","535","Architecture",7846
"2018/2019","Toronto","535","Agriculture, natural resources and conservation",6788
"2018/2019","Toronto","535","Dentistry",41200
"2018/2019","Toronto","535","Medicine",25660
"2018/2019","Toronto","535","Nursing",7075
"2018/2019","Toronto","535","Pharmacy",20070
"2018/2019","Toronto","535","Veterinary medicine",NA
"2018/2019","Toronto","535","Optometry",NA
"2018/2019","Toronto","535","Other health, parks, recreation and fitness",7682
"2018/2019","Toronto","535","Personal, protective and transportation services",7997
"2018/2019","Oshawa","532","Total, field of study",8141
"2018/2019","Oshawa","532","Education",6610
"2018/2019","Oshawa","532","Visual and performing arts, and communications technologies",NA
"2018/2019","Oshawa","532","Humanities",NA
"2018/2019","Oshawa","532","Social and behavioural sciences, and legal studies",6610
"2018/2019","Oshawa","532","Law",NA
"2018/2019","Oshawa","532","Business management and public administration",8940
"2018/2019","Oshawa","532","Physical and life sciences and technologies",6610
"2018/2019","Oshawa","532","Mathematics, computer and information sciences",10013
"2018/2019","Oshawa","532","Engineering",10306
"2018/2019","Oshawa","532","Architecture",NA
"2018/2019","Oshawa","532","Agriculture, natural resources and conservation",NA
"2018/2019","Oshawa","532","Dentistry",NA
"2018/2019","Oshawa","532","Medicine",NA
"2018/2019","Oshawa","532","Nursing",6769
"2018/2019","Oshawa","532","Pharmacy",NA
"2018/2019","Oshawa","532","Veterinary medicine",NA
"2018/2019","Oshawa","532","Optometry",NA
"2018/2019","Oshawa","532","Other health, parks, recreation and fitness",6610
"2018/2019","Oshawa","532","Personal, protective and transportation services",6610
"2018/2019","Sault Ste. Marie","590","Total, field of study",6517
"2018/2019","Sault Ste. Marie","590","Education",NA
"2018/2019","Sault Ste. Marie","590","Visual and performing arts, and communications technologies",6517
"2018/2019","Sault Ste. Marie","590","Humanities",6517
"2018/2019","Sault Ste. Marie","590","Social and behavioural sciences, and legal studies",6517
"2018/2019","Sault Ste. Marie","590","Law",NA
"2018/2019","Sault Ste. Marie","590","Business management and public administration",6517
"2018/2019","Sault Ste. Marie","590","Physical and life sciences and technologies",6517
"2018/2019","Sault Ste. Marie","590","Mathematics, computer and information sciences",6517
"2018/2019","Sault Ste. Marie","590","Engineering",NA
"2018/2019","Sault Ste. Marie","590","Architecture",NA
"2018/2019","Sault Ste. Marie","590","Agriculture, natural resources and conservation",NA
"2018/2019","Sault Ste. Marie","590","Dentistry",NA
"2018/2019","Sault Ste. Marie","590","Medicine",NA
"2018/2019","Sault Ste. Marie","590","Nursing",NA
"2018/2019","Sault Ste. Marie","590","Pharmacy",NA
"2018/2019","Sault Ste. Marie","590","Veterinary medicine",NA
"2018/2019","Sault Ste. Marie","590","Optometry",NA
"2018/2019","Sault Ste. Marie","590","Other health, parks, recreation and fitness",NA
"2018/2019","Sault Ste. Marie","590","Personal, protective and transportation services",NA
"2018/2019","Kitchener-Cambridge-Waterloo","541","Total, field of study",9578
"2018/2019","Kitchener-Cambridge-Waterloo","541","Education",8876
"2018/2019","Kitchener-Cambridge-Waterloo","541","Visual and performing arts, and communications technologies",7340
"2018/2019","Kitchener-Cambridge-Waterloo","541","Humanities",6891
"2018/2019","Kitchener-Cambridge-Waterloo","541","Social and behavioural sciences, and legal studies",6829
"2018/2019","Kitchener-Cambridge-Waterloo","541","Law",NA
"2018/2019","Kitchener-Cambridge-Waterloo","541","Business management and public administration",10028
"2018/2019","Kitchener-Cambridge-Waterloo","541","Physical and life sciences and technologies",7338
"2018/2019","Kitchener-Cambridge-Waterloo","541","Mathematics, computer and information sciences",10923
"2018/2019","Kitchener-Cambridge-Waterloo","541","Engineering",16598
"2018/2019","Kitchener-Cambridge-Waterloo","541","Architecture",8981
"2018/2019","Kitchener-Cambridge-Waterloo","541","Agriculture, natural resources and conservation",7416
"2018/2019","Kitchener-Cambridge-Waterloo","541","Dentistry",NA
"2018/2019","Kitchener-Cambridge-Waterloo","541","Medicine",NA
"2018/2019","Kitchener-Cambridge-Waterloo","541","Nursing",NA
"2018/2019","Kitchener-Cambridge-Waterloo","541","Pharmacy",19665
"2018/2019","Kitchener-Cambridge-Waterloo","541","Veterinary medicine",NA
"2018/2019","Kitchener-Cambridge-Waterloo","541","Optometry",16968
"2018/2019","Kitchener-Cambridge-Waterloo","541","Other health, parks, recreation and fitness",6730
"2018/2019","Kitchener-Cambridge-Waterloo","541","Personal, protective and transportation services",7350
"2018/2019","London","555","Total, field of study",11365
"2018/2019","London","555","Education",8079
"2018/2019","London","555","Visual and performing arts, and communications technologies",6724
"2018/2019","London","555","Humanities",6723
"2018/2019","London","555","Social and behavioural sciences, and legal studies",6724
"2018/2019","London","555","Law",22390
"2018/2019","London","555","Business management and public administration",27666
"2018/2019","London","555","Physical and life sciences and technologies",6726
"2018/2019","London","555","Mathematics, computer and information sciences",6723
"2018/2019","London","555","Engineering",13661
"2018/2019","London","555","Architecture",6936
"2018/2019","London","555","Agriculture, natural resources and conservation",6723
"2018/2019","London","555","Dentistry",39268
"2018/2019","London","555","Medicine",26652
"2018/2019","London","555","Nursing",6723
"2018/2019","London","555","Pharmacy",NA
"2018/2019","London","555","Veterinary medicine",NA
"2018/2019","London","555","Optometry",NA
"2018/2019","London","555","Other health, parks, recreation and fitness",6723
"2018/2019","London","555","Personal, protective and transportation services",NA
"2018/2019","Barrie","568","Total, field of study",7407
"2018/2019","Barrie","568","Education",NA
"2018/2019","Barrie","568","Visual and performing arts, and communications technologies",7755
"2018/2019","Barrie","568","Humanities",NA
"2018/2019","Barrie","568","Social and behavioural sciences, and legal studies",NA
"2018/2019","Barrie","568","Law",NA
"2018/2019","Barrie","568","Business management and public administration",8182
"2018/2019","Barrie","568","Physical and life sciences and technologies",NA
"2018/2019","Barrie","568","Mathematics, computer and information sciences",NA
"2018/2019","Barrie","568","Engineering",NA
"2018/2019","Barrie","568","Architecture",NA
"2018/2019","Barrie","568","Agriculture, natural resources and conservation",NA
"2018/2019","Barrie","568","Dentistry",NA
"2018/2019","Barrie","568","Medicine",NA
"2018/2019","Barrie","568","Nursing",NA
"2018/2019","Barrie","568","Pharmacy",NA
"2018/2019","Barrie","568","Veterinary medicine",NA
"2018/2019","Barrie","568","Optometry",NA
"2018/2019","Barrie","568","Other health, parks, recreation and fitness",NA
"2018/2019","Barrie","568","Personal, protective and transportation services",6797
"2018/2019","Manitoba","46","Total, field of study",4462
"2018/2019","Manitoba","46","Education",3904
"2018/2019","Manitoba","46","Visual and performing arts, and communications technologies",4115
"2018/2019","Manitoba","46","Humanities",3790
"2018/2019","Manitoba","46","Social and behavioural sciences, and legal studies",3849
"2018/2019","Manitoba","46","Law",10367
"2018/2019","Manitoba","46","Business management and public administration",4410
"2018/2019","Manitoba","46","Physical and life sciences and technologies",4112
"2018/2019","Manitoba","46","Mathematics, computer and information sciences",4079
"2018/2019","Manitoba","46","Engineering",5952
"2018/2019","Manitoba","46","Architecture",4508
"2018/2019","Manitoba","46","Agriculture, natural resources and conservation",4309
"2018/2019","Manitoba","46","Dentistry",21673
"2018/2019","Manitoba","46","Medicine",8834
"2018/2019","Manitoba","46","Nursing",5342
"2018/2019","Manitoba","46","Pharmacy",8485
"2018/2019","Manitoba","46","Veterinary medicine",NA
"2018/2019","Manitoba","46","Optometry",NA
"2018/2019","Manitoba","46","Other health, parks, recreation and fitness",4066
"2018/2019","Manitoba","46","Personal, protective and transportation services",3943
"2018/2019","Winnipeg","602","Total, field of study",4523
"2018/2019","Winnipeg","602","Education",3936
"2018/2019","Winnipeg","602","Visual and performing arts, and communications technologies",4194
"2018/2019","Winnipeg","602","Humanities",3798
"2018/2019","Winnipeg","602","Social and behavioural sciences, and legal studies",3859
"2018/2019","Winnipeg","602","Law",10367
"2018/2019","Winnipeg","602","Business management and public administration",4455
"2018/2019","Winnipeg","602","Physical and life sciences and technologies",4129
"2018/2019","Winnipeg","602","Mathematics, computer and information sciences",4094
"2018/2019","Winnipeg","602","Engineering",5952
"2018/2019","Winnipeg","602","Architecture",4508
"2018/2019","Winnipeg","602","Agriculture, natural resources and conservation",4328
"2018/2019","Winnipeg","602","Dentistry",21673
"2018/2019","Winnipeg","602","Medicine",8834
"2018/2019","Winnipeg","602","Nursing",5758
"2018/2019","Winnipeg","602","Pharmacy",8485
"2018/2019","Winnipeg","602","Veterinary medicine",NA
"2018/2019","Winnipeg","602","Optometry",NA
"2018/2019","Winnipeg","602","Other health, parks, recreation and fitness",4110
"2018/2019","Winnipeg","602","Personal, protective and transportation services",3953
"2018/2019","Brandon","610","Total, field of study",3776
"2018/2019","Brandon","610","Education",3666
"2018/2019","Brandon","610","Visual and performing arts, and communications technologies",3715
"2018/2019","Brandon","610","Humanities",3602
"2018/2019","Brandon","610","Social and behavioural sciences, and legal studies",3757
"2018/2019","Brandon","610","Law",NA
"2018/2019","Brandon","610","Business management and public administration",3602
"2018/2019","Brandon","610","Physical and life sciences and technologies",3912
"2018/2019","Brandon","610","Mathematics, computer and information sciences",3912
"2018/2019","Brandon","610","Engineering",NA
"2018/2019","Brandon","610","Architecture",NA
"2018/2019","Brandon","610","Agriculture, natural resources and conservation",3912
"2018/2019","Brandon","610","Dentistry",NA
"2018/2019","Brandon","610","Medicine",NA
"2018/2019","Brandon","610","Nursing",3984
"2018/2019","Brandon","610","Pharmacy",NA
"2018/2019","Brandon","610","Veterinary medicine",NA
"2018/2019","Brandon","610","Optometry",NA
"2018/2019","Brandon","610","Other health, parks, recreation and fitness",3666
"2018/2019","Brandon","610","Personal, protective and transportation services",3757
"2018/2019","The Pas","4621045","Total, field of study",3809
"2018/2019","The Pas","4621045","Education",4040
"2018/2019","The Pas","4621045","Visual and performing arts, and communications technologies",NA
"2018/2019","The Pas","4621045","Humanities",3803
"2018/2019","The Pas","4621045","Social and behavioural sciences, and legal studies",3803
"2018/2019","The Pas","4621045","Law",NA
"2018/2019","The Pas","4621045","Business management and public administration",2852
"2018/2019","The Pas","4621045","Physical and life sciences and technologies",NA
"2018/2019","The Pas","4621045","Mathematics, computer and information sciences",NA
"2018/2019","The Pas","4621045","Engineering",NA
"2018/2019","The Pas","4621045","Architecture",NA
"2018/2019","The Pas","4621045","Agriculture, natural resources and conservation",NA
"2018/2019","The Pas","4621045","Dentistry",NA
"2018/2019","The Pas","4621045","Medicine",NA
"2018/2019","The Pas","4621045","Nursing",NA
"2018/2019","The Pas","4621045","Pharmacy",NA
"2018/2019","The Pas","4621045","Veterinary medicine",NA
"2018/2019","The Pas","4621045","Optometry",NA
"2018/2019","The Pas","4621045","Other health, parks, recreation and fitness",NA
"2018/2019","The Pas","4621045","Personal, protective and transportation services",NA
"2018/2019","Saskatchewan","47","Total, field of study",7511
"2018/2019","Saskatchewan","47","Education",6595
"2018/2019","Saskatchewan","47","Visual and performing arts, and communications technologies",6715
"2018/2019","Saskatchewan","47","Humanities",6381
"2018/2019","Saskatchewan","47","Social and behavioural sciences, and legal studies",6371
"2018/2019","Saskatchewan","47","Law",13653
"2018/2019","Saskatchewan","47","Business management and public administration",7381
"2018/2019","Saskatchewan","47","Physical and life sciences and technologies",6599
"2018/2019","Saskatchewan","47","Mathematics, computer and information sciences",6682
"2018/2019","Saskatchewan","47","Engineering",7613
"2018/2019","Saskatchewan","47","Architecture",6234
"2018/2019","Saskatchewan","47","Agriculture, natural resources and conservation",6420
"2018/2019","Saskatchewan","47","Dentistry",34628
"2018/2019","Saskatchewan","47","Medicine",17474
"2018/2019","Saskatchewan","47","Nursing",7618
"2018/2019","Saskatchewan","47","Pharmacy",10001
"2018/2019","Saskatchewan","47","Veterinary medicine",9761
"2018/2019","Saskatchewan","47","Optometry",NA
"2018/2019","Saskatchewan","47","Other health, parks, recreation and fitness",6673
"2018/2019","Saskatchewan","47","Personal, protective and transportation services",6533
"2018/2019","Regina","705","Total, field of study",6939
"2018/2019","Regina","705","Education",6720
"2018/2019","Regina","705","Visual and performing arts, and communications technologies",6923
"2018/2019","Regina","705","Humanities",6533
"2018/2019","Regina","705","Social and behavioural sciences, and legal studies",6533
"2018/2019","Regina","705","Law",NA
"2018/2019","Regina","705","Business management and public administration",7174
"2018/2019","Regina","705","Physical and life sciences and technologies",6923
"2018/2019","Regina","705","Mathematics, computer and information sciences",6923
"2018/2019","Regina","705","Engineering",7253
"2018/2019","Regina","705","Architecture",NA
"2018/2019","Regina","705","Agriculture, natural resources and conservation",6533
"2018/2019","Regina","705","Dentistry",NA
"2018/2019","Regina","705","Medicine",NA
"2018/2019","Regina","705","Nursing",7275
"2018/2019","Regina","705","Pharmacy",NA
"2018/2019","Regina","705","Veterinary medicine",NA
"2018/2019","Regina","705","Optometry",NA
"2018/2019","Regina","705","Other health, parks, recreation and fitness",6923
"2018/2019","Regina","705","Personal, protective and transportation services",6533
"2018/2019","Saskatoon","725","Total, field of study",7934
"2018/2019","Saskatoon","725","Education",6441
"2018/2019","Saskatoon","725","Visual and performing arts, and communications technologies",6384
"2018/2019","Saskatoon","725","Humanities",6234
"2018/2019","Saskatoon","725","Social and behavioural sciences, and legal studies",6234
"2018/2019","Saskatoon","725","Law",13653
"2018/2019","Saskatoon","725","Business management and public administration",7647
"2018/2019","Saskatoon","725","Physical and life sciences and technologies",6489
"2018/2019","Saskatoon","725","Mathematics, computer and information sciences",6489
"2018/2019","Saskatoon","725","Engineering",7792
"2018/2019","Saskatoon","725","Architecture",6234
"2018/2019","Saskatoon","725","Agriculture, natural resources and conservation",6413
"2018/2019","Saskatoon","725","Dentistry",34628
"2018/2019","Saskatoon","725","Medicine",17474
"2018/2019","Saskatoon","725","Nursing",8013
"2018/2019","Saskatoon","725","Pharmacy",10001
"2018/2019","Saskatoon","725","Veterinary medicine",9761
"2018/2019","Saskatoon","725","Optometry",NA
"2018/2019","Saskatoon","725","Other health, parks, recreation and fitness",6371
"2018/2019","Saskatoon","725","Personal, protective and transportation services",NA
"2018/2019","Alberta","48","Total, field of study",5713
"2018/2019","Alberta","48","Education",5277
"2018/2019","Alberta","48","Visual and performing arts, and communications technologies",5003
"2018/2019","Alberta","48","Humanities",5017
"2018/2019","Alberta","48","Social and behavioural sciences, and legal studies",5250
"2018/2019","Alberta","48","Law",11019
"2018/2019","Alberta","48","Business management and public administration",5797
"2018/2019","Alberta","48","Physical and life sciences and technologies",5318
"2018/2019","Alberta","48","Mathematics, computer and information sciences",5256
"2018/2019","Alberta","48","Engineering",6394
"2018/2019","Alberta","48","Architecture",5331
"2018/2019","Alberta","48","Agriculture, natural resources and conservation",5173
"2018/2019","Alberta","48","Dentistry",20184
"2018/2019","Alberta","48","Medicine",13313
"2018/2019","Alberta","48","Nursing",5828
"2018/2019","Alberta","48","Pharmacy",10611
"2018/2019","Alberta","48","Veterinary medicine",10864
"2018/2019","Alberta","48","Optometry",NA
"2018/2019","Alberta","48","Other health, parks, recreation and fitness",5160
"2018/2019","Alberta","48","Personal, protective and transportation services",4523
"2018/2019","Edmonton","835","Total, field of study",5805
"2018/2019","Edmonton","835","Education",5321
"2018/2019","Edmonton","835","Visual and performing arts, and communications technologies",5397
"2018/2019","Edmonton","835","Humanities",4898
"2018/2019","Edmonton","835","Social and behavioural sciences, and legal studies",5355
"2018/2019","Edmonton","835","Law",10221
"2018/2019","Edmonton","835","Business management and public administration",5417
"2018/2019","Edmonton","835","Physical and life sciences and technologies",5330
"2018/2019","Edmonton","835","Mathematics, computer and information sciences",5238
"2018/2019","Edmonton","835","Engineering",6385
"2018/2019","Edmonton","835","Architecture",5321
"2018/2019","Edmonton","835","Agriculture, natural resources and conservation",5321
"2018/2019","Edmonton","835","Dentistry",20184
"2018/2019","Edmonton","835","Medicine",12044
"2018/2019","Edmonton","835","Nursing",6483
"2018/2019","Edmonton","835","Pharmacy",10611
"2018/2019","Edmonton","835","Veterinary medicine",NA
"2018/2019","Edmonton","835","Optometry",NA
"2018/2019","Edmonton","835","Other health, parks, recreation and fitness",5321
"2018/2019","Edmonton","835","Personal, protective and transportation services",NA
"2018/2019","Calgary","825","Total, field of study",5788
"2018/2019","Calgary","825","Education",5276
"2018/2019","Calgary","825","Visual and performing arts, and communications technologies",4822
"2018/2019","Calgary","825","Humanities",5201
"2018/2019","Calgary","825","Social and behavioural sciences, and legal studies",5212
"2018/2019","Calgary","825","Law",12315
"2018/2019","Calgary","825","Business management and public administration",6280
"2018/2019","Calgary","825","Physical and life sciences and technologies",5371
"2018/2019","Calgary","825","Mathematics, computer and information sciences",5311
"2018/2019","Calgary","825","Engineering",6404
"2018/2019","Calgary","825","Architecture",NA
"2018/2019","Calgary","825","Agriculture, natural resources and conservation",4942
"2018/2019","Calgary","825","Dentistry",NA
"2018/2019","Calgary","825","Medicine",15012
"2018/2019","Calgary","825","Nursing",5150
"2018/2019","Calgary","825","Pharmacy",NA
"2018/2019","Calgary","825","Veterinary medicine",10864
"2018/2019","Calgary","825","Optometry",NA
"2018/2019","Calgary","825","Other health, parks, recreation and fitness",5170
"2018/2019","Calgary","825","Personal, protective and transportation services",NA
"2018/2019","Lethbridge","810","Total, field of study",4971
"2018/2019","Lethbridge","810","Education",4974
"2018/2019","Lethbridge","810","Visual and performing arts, and communications technologies",4974
"2018/2019","Lethbridge","810","Humanities",4974
"2018/2019","Lethbridge","810","Social and behavioural sciences, and legal studies",4974
"2018/2019","Lethbridge","810","Law",NA
"2018/2019","Lethbridge","810","Business management and public administration",4974
"2018/2019","Lethbridge","810","Physical and life sciences and technologies",4974
"2018/2019","Lethbridge","810","Mathematics, computer and information sciences",4974
"2018/2019","Lethbridge","810","Engineering",NA
"2018/2019","Lethbridge","810","Architecture",NA
"2018/2019","Lethbridge","810","Agriculture, natural resources and conservation",5095
"2018/2019","Lethbridge","810","Dentistry",NA
"2018/2019","Lethbridge","810","Medicine",NA
"2018/2019","Lethbridge","810","Nursing",4974
"2018/2019","Lethbridge","810","Pharmacy",NA
"2018/2019","Lethbridge","810","Veterinary medicine",NA
"2018/2019","Lethbridge","810","Optometry",NA
"2018/2019","Lethbridge","810","Other health, parks, recreation and fitness",4974
"2018/2019","Lethbridge","810","Personal, protective and transportation services",4523
"2018/2019","Medicine Hat","805","Total, field of study",4242
"2018/2019","Medicine Hat","805","Education",NA
"2018/2019","Medicine Hat","805","Visual and performing arts, and communications technologies",4271
"2018/2019","Medicine Hat","805","Humanities",NA
"2018/2019","Medicine Hat","805","Social and behavioural sciences, and legal studies",NA
"2018/2019","Medicine Hat","805","Law",NA
"2018/2019","Medicine Hat","805","Business management and public administration",NA
"2018/2019","Medicine Hat","805","Physical and life sciences and technologies",NA
"2018/2019","Medicine Hat","805","Mathematics, computer and information sciences",NA
"2018/2019","Medicine Hat","805","Engineering",NA
"2018/2019","Medicine Hat","805","Architecture",NA
"2018/2019","Medicine Hat","805","Agriculture, natural resources and conservation",NA
"2018/2019","Medicine Hat","805","Dentistry",NA
"2018/2019","Medicine Hat","805","Medicine",NA
"2018/2019","Medicine Hat","805","Nursing",NA
"2018/2019","Medicine Hat","805","Pharmacy",NA
"2018/2019","Medicine Hat","805","Veterinary medicine",NA
"2018/2019","Medicine Hat","805","Optometry",NA
"2018/2019","Medicine Hat","805","Other health, parks, recreation and fitness",4212
"2018/2019","Medicine Hat","805","Personal, protective and transportation services",NA
"2018/2019","Red Deer","830","Total, field of study",5130
"2018/2019","Red Deer","830","Education",NA
"2018/2019","Red Deer","830","Visual and performing arts, and communications technologies",5130
"2018/2019","Red Deer","830","Humanities",NA
"2018/2019","Red Deer","830","Social and behavioural sciences, and legal studies",NA
"2018/2019","Red Deer","830","Law",NA
"2018/2019","Red Deer","830","Business management and public administration",NA
"2018/2019","Red Deer","830","Physical and life sciences and technologies",NA
"2018/2019","Red Deer","830","Mathematics, computer and information sciences",NA
"2018/2019","Red Deer","830","Engineering",NA
"2018/2019","Red Deer","830","Architecture",NA
"2018/2019","Red Deer","830","Agriculture, natural resources and conservation",NA
"2018/2019","Red Deer","830","Dentistry",NA
"2018/2019","Red Deer","830","Medicine",NA
"2018/2019","Red Deer","830","Nursing",NA
"2018/2019","Red Deer","830","Pharmacy",NA
"2018/2019","Red Deer","830","Veterinary medicine",NA
"2018/2019","Red Deer","830","Optometry",NA
"2018/2019","Red Deer","830","Other health, parks, recreation and fitness",NA
"2018/2019","Red Deer","830","Personal, protective and transportation services",NA
"2018/2019","Athabasca","4813048","Total, field of study",5650
"2018/2019","Athabasca","4813048","Education",NA
"2018/2019","Athabasca","4813048","Visual and performing arts, and communications technologies",NA
"2018/2019","Athabasca","4813048","Humanities",5650
"2018/2019","Athabasca","4813048","Social and behavioural sciences, and legal studies",5650
"2018/2019","Athabasca","4813048","Law",NA
"2018/2019","Athabasca","4813048","Business management and public administration",5650
"2018/2019","Athabasca","4813048","Physical and life sciences and technologies",5650
"2018/2019","Athabasca","4813048","Mathematics, computer and information sciences",5650
"2018/2019","Athabasca","4813048","Engineering",NA
"2018/2019","Athabasca","4813048","Architecture",5650
"2018/2019","Athabasca","4813048","Agriculture, natural resources and conservation",NA
"2018/2019","Athabasca","4813048","Dentistry",NA
"2018/2019","Athabasca","4813048","Medicine",NA
"2018/2019","Athabasca","4813048","Nursing",5650
"2018/2019","Athabasca","4813048","Pharmacy",NA
"2018/2019","Athabasca","4813048","Veterinary medicine",NA
"2018/2019","Athabasca","4813048","Optometry",NA
"2018/2019","Athabasca","4813048","Other health, parks, recreation and fitness",5650
"2018/2019","Athabasca","4813048","Personal, protective and transportation services",NA
"2018/2019","Olds","4806034","Total, field of study",4380
"2018/2019","Olds","4806034","Education",NA
"2018/2019","Olds","4806034","Visual and performing arts, and communications technologies",NA
"2018/2019","Olds","4806034","Humanities",NA
"2018/2019","Olds","4806034","Social and behavioural sciences, and legal studies",NA
"2018/2019","Olds","4806034","Law",NA
"2018/2019","Olds","4806034","Business management and public administration",NA
"2018/2019","Olds","4806034","Physical and life sciences and technologies",NA
"2018/2019","Olds","4806034","Mathematics, computer and information sciences",NA
"2018/2019","Olds","4806034","Engineering",NA
"2018/2019","Olds","4806034","Architecture",NA
"2018/2019","Olds","4806034","Agriculture, natural resources and conservation",4380
"2018/2019","Olds","4806034","Dentistry",NA
"2018/2019","Olds","4806034","Medicine",NA
"2018/2019","Olds","4806034","Nursing",NA
"2018/2019","Olds","4806034","Pharmacy",NA
"2018/2019","Olds","4806034","Veterinary medicine",NA
"2018/2019","Olds","4806034","Optometry",NA
"2018/2019","Olds","4806034","Other health, parks, recreation and fitness",4380
"2018/2019","Olds","4806034","Personal, protective and transportation services",NA
"2018/2019","Vermilion","4810042","Total, field of study",4743
"2018/2019","Vermilion","4810042","Education",NA
"2018/2019","Vermilion","4810042","Visual and performing arts, and communications technologies",NA
"2018/2019","Vermilion","4810042","Humanities",NA
"2018/2019","Vermilion","4810042","Social and behavioural sciences, and legal studies",NA
"2018/2019","Vermilion","4810042","Law",NA
"2018/2019","Vermilion","4810042","Business management and public administration",NA
"2018/2019","Vermilion","4810042","Physical and life sciences and technologies",NA
"2018/2019","Vermilion","4810042","Mathematics, computer and information sciences",NA
"2018/2019","Vermilion","4810042","Engineering",NA
"2018/2019","Vermilion","4810042","Architecture",NA
"2018/2019","Vermilion","4810042","Agriculture, natural resources and conservation",4743
"2018/2019","Vermilion","4810042","Dentistry",NA
"2018/2019","Vermilion","4810042","Medicine",NA
"2018/2019","Vermilion","4810042","Nursing",NA
"2018/2019","Vermilion","4810042","Pharmacy",NA
"2018/2019","Vermilion","4810042","Veterinary medicine",NA
"2018/2019","Vermilion","4810042","Optometry",NA
"2018/2019","Vermilion","4810042","Other health, parks, recreation and fitness",NA
"2018/2019","Vermilion","4810042","Personal, protective and transportation services",NA
"2018/2019","British Columbia","59","Total, field of study",5806
"2018/2019","British Columbia","59","Education",5283
"2018/2019","British Columbia","59","Visual and performing arts, and communications technologies",5770
"2018/2019","British Columbia","59","Humanities",5077
"2018/2019","British Columbia","59","Social and behavioural sciences, and legal studies",5267
"2018/2019","British Columbia","59","Law",13095
"2018/2019","British Columbia","59","Business management and public administration",5547
"2018/2019","British Columbia","59","Physical and life sciences and technologies",5209
"2018/2019","British Columbia","59","Mathematics, computer and information sciences",5186
"2018/2019","British Columbia","59","Engineering",5842
"2018/2019","British Columbia","59","Architecture",5670
"2018/2019","British Columbia","59","Agriculture, natural resources and conservation",5257
"2018/2019","British Columbia","59","Dentistry",28770
"2018/2019","British Columbia","59","Medicine",18110
"2018/2019","British Columbia","59","Nursing",4700
"2018/2019","British Columbia","59","Pharmacy",12751
"2018/2019","British Columbia","59","Veterinary medicine",NA
"2018/2019","British Columbia","59","Optometry",NA
"2018/2019","British Columbia","59","Other health, parks, recreation and fitness",5129
"2018/2019","British Columbia","59","Personal, protective and transportation services",6086
"2018/2019","Vancouver","933","Total, field of study",6051
"2018/2019","Vancouver","933","Education",5509
"2018/2019","Vancouver","933","Visual and performing arts, and communications technologies",5925
"2018/2019","Vancouver","933","Humanities",5360
"2018/2019","Vancouver","933","Social and behavioural sciences, and legal studies",5211
"2018/2019","Vancouver","933","Law",12392
"2018/2019","Vancouver","933","Business management and public administration",5751
"2018/2019","Vancouver","933","Physical and life sciences and technologies",5345
"2018/2019","Vancouver","933","Mathematics, computer and information sciences",5306
"2018/2019","Vancouver","933","Engineering",5662
"2018/2019","Vancouver","933","Architecture",5670
"2018/2019","Vancouver","933","Agriculture, natural resources and conservation",5336
"2018/2019","Vancouver","933","Dentistry",28770
"2018/2019","Vancouver","933","Medicine",18110
"2018/2019","Vancouver","933","Nursing",4769
"2018/2019","Vancouver","933","Pharmacy",12751
"2018/2019","Vancouver","933","Veterinary medicine",NA
"2018/2019","Vancouver","933","Optometry",NA
"2018/2019","Vancouver","933","Other health, parks, recreation and fitness",5226
"2018/2019","Vancouver","933","Personal, protective and transportation services",5549
"2018/2019","Victoria","935","Total, field of study",5889
"2018/2019","Victoria","935","Education",5585
"2018/2019","Victoria","935","Visual and performing arts, and communications technologies",5585
"2018/2019","Victoria","935","Humanities",5585
"2018/2019","Victoria","935","Social and behavioural sciences, and legal studies",5684
"2018/2019","Victoria","935","Law",9773
"2018/2019","Victoria","935","Business management and public administration",5752
"2018/2019","Victoria","935","Physical and life sciences and technologies",5585
"2018/2019","Victoria","935","Mathematics, computer and information sciences",5585
"2018/2019","Victoria","935","Engineering",6575
"2018/2019","Victoria","935","Architecture",NA
"2018/2019","Victoria","935","Agriculture, natural resources and conservation",6335
"2018/2019","Victoria","935","Dentistry",NA
"2018/2019","Victoria","935","Medicine",NA
"2018/2019","Victoria","935","Nursing",5585
"2018/2019","Victoria","935","Pharmacy",NA
"2018/2019","Victoria","935","Veterinary medicine",NA
"2018/2019","Victoria","935","Optometry",NA
"2018/2019","Victoria","935","Other health, parks, recreation and fitness",5072
"2018/2019","Victoria","935","Personal, protective and transportation services",7965
"2018/2019","Prince George","970","Total, field of study",5318
"2018/2019","Prince George","970","Education",5318
"2018/2019","Prince George","970","Visual and performing arts, and communications technologies",NA
"2018/2019","Prince George","970","Humanities",5318
"2018/2019","Prince George","970","Social and behavioural sciences, and legal studies",5318
"2018/2019","Prince George","970","Law",NA
"2018/2019","Prince George","970","Business management and public administration",5318
"2018/2019","Prince George","970","Physical and life sciences and technologies",5318
"2018/2019","Prince George","970","Mathematics, computer and information sciences",5318
"2018/2019","Prince George","970","Engineering",5318
"2018/2019","Prince George","970","Architecture",NA
"2018/2019","Prince George","970","Agriculture, natural resources and conservation",5318
"2018/2019","Prince George","970","Dentistry",NA
"2018/2019","Prince George","970","Medicine",NA
"2018/2019","Prince George","970","Nursing",5318
"2018/2019","Prince George","970","Pharmacy",NA
"2018/2019","Prince George","970","Veterinary medicine",NA
"2018/2019","Prince George","970","Optometry",NA
"2018/2019","Prince George","970","Other health, parks, recreation and fitness",5318
"2018/2019","Prince George","970","Personal, protective and transportation services",NA
"2018/2019","Courtenay","943","Total, field of study",2963
"2018/2019","Courtenay","943","Education",NA
"2018/2019","Courtenay","943","Visual and performing arts, and communications technologies",NA
"2018/2019","Courtenay","943","Humanities",NA
"2018/2019","Courtenay","943","Social and behavioural sciences, and legal studies",NA
"2018/2019","Courtenay","943","Law",NA
"2018/2019","Courtenay","943","Business management and public administration",2963
"2018/2019","Courtenay","943","Physical and life sciences and technologies",NA
"2018/2019","Courtenay","943","Mathematics, computer and information sciences",NA
"2018/2019","Courtenay","943","Engineering",NA
"2018/2019","Courtenay","943","Architecture",NA
"2018/2019","Courtenay","943","Agriculture, natural resources and conservation",NA
"2018/2019","Courtenay","943","Dentistry",NA
"2018/2019","Courtenay","943","Medicine",NA
"2018/2019","Courtenay","943","Nursing",NA
"2018/2019","Courtenay","943","Pharmacy",NA
"2018/2019","Courtenay","943","Veterinary medicine",NA
"2018/2019","Courtenay","943","Optometry",NA
"2018/2019","Courtenay","943","Other health, parks, recreation and fitness",NA
"2018/2019","Courtenay","943","Personal, protective and transportation services",NA
"2018/2019","Cranbrook","905","Total, field of study",5185
"2018/2019","Cranbrook","905","Education",NA
"2018/2019","Cranbrook","905","Visual and performing arts, and communications technologies",NA
"2018/2019","Cranbrook","905","Humanities",NA
"2018/2019","Cranbrook","905","Social and behavioural sciences, and legal studies",NA
"2018/2019","Cranbrook","905","Law",NA
"2018/2019","Cranbrook","905","Business management and public administration",5185
"2018/2019","Cranbrook","905","Physical and life sciences and technologies",NA
"2018/2019","Cranbrook","905","Mathematics, computer and information sciences",NA
"2018/2019","Cranbrook","905","Engineering",NA
"2018/2019","Cranbrook","905","Architecture",NA
"2018/2019","Cranbrook","905","Agriculture, natural resources and conservation",NA
"2018/2019","Cranbrook","905","Dentistry",NA
"2018/2019","Cranbrook","905","Medicine",NA
"2018/2019","Cranbrook","905","Nursing",NA
"2018/2019","Cranbrook","905","Pharmacy",NA
"2018/2019","Cranbrook","905","Veterinary medicine",NA
"2018/2019","Cranbrook","905","Optometry",NA
"2018/2019","Cranbrook","905","Other health, parks, recreation and fitness",NA
"2018/2019","Cranbrook","905","Personal, protective and transportation services",NA
"2018/2019","Kamloops","925","Total, field of study",5099
"2018/2019","Kamloops","925","Education",4228
"2018/2019","Kamloops","925","Visual and performing arts, and communications technologies",4228
"2018/2019","Kamloops","925","Humanities",4228
"2018/2019","Kamloops","925","Social and behavioural sciences, and legal studies",4228
"2018/2019","Kamloops","925","Law",19298
"2018/2019","Kamloops","925","Business management and public administration",4228
"2018/2019","Kamloops","925","Physical and life sciences and technologies",4228
"2018/2019","Kamloops","925","Mathematics, computer and information sciences",4228
"2018/2019","Kamloops","925","Engineering",NA
"2018/2019","Kamloops","925","Architecture",NA
"2018/2019","Kamloops","925","Agriculture, natural resources and conservation",4228
"2018/2019","Kamloops","925","Dentistry",NA
"2018/2019","Kamloops","925","Medicine",NA
"2018/2019","Kamloops","925","Nursing",4228
"2018/2019","Kamloops","925","Pharmacy",NA
"2018/2019","Kamloops","925","Veterinary medicine",NA
"2018/2019","Kamloops","925","Optometry",NA
"2018/2019","Kamloops","925","Other health, parks, recreation and fitness",4228
"2018/2019","Kamloops","925","Personal, protective and transportation services",NA
"2018/2019","Kelowna","915","Total, field of study",4031
"2018/2019","Kelowna","915","Education",NA
"2018/2019","Kelowna","915","Visual and performing arts, and communications technologies",NA
"2018/2019","Kelowna","915","Humanities",NA
"2018/2019","Kelowna","915","Social and behavioural sciences, and legal studies",NA
"2018/2019","Kelowna","915","Law",NA
"2018/2019","Kelowna","915","Business management and public administration",4025
"2018/2019","Kelowna","915","Physical and life sciences and technologies",NA
"2018/2019","Kelowna","915","Mathematics, computer and information sciences",4080
"2018/2019","Kelowna","915","Engineering",NA
"2018/2019","Kelowna","915","Architecture",NA
"2018/2019","Kelowna","915","Agriculture, natural resources and conservation",NA
"2018/2019","Kelowna","915","Dentistry",NA
"2018/2019","Kelowna","915","Medicine",NA
"2018/2019","Kelowna","915","Nursing",NA
"2018/2019","Kelowna","915","Pharmacy",NA
"2018/2019","Kelowna","915","Veterinary medicine",NA
"2018/2019","Kelowna","915","Optometry",NA
"2018/2019","Kelowna","915","Other health, parks, recreation and fitness",NA
"2018/2019","Kelowna","915","Personal, protective and transportation services",NA
"2018/2019","Nanaimo","938","Total, field of study",5050
"2018/2019","Nanaimo","938","Education",4433
"2018/2019","Nanaimo","938","Visual and performing arts, and communications technologies",4433
"2018/2019","Nanaimo","938","Humanities",4433
"2018/2019","Nanaimo","938","Social and behavioural sciences, and legal studies",4433
"2018/2019","Nanaimo","938","Law",NA
"2018/2019","Nanaimo","938","Business management and public administration",8247
"2018/2019","Nanaimo","938","Physical and life sciences and technologies",4433
"2018/2019","Nanaimo","938","Mathematics, computer and information sciences",NA
"2018/2019","Nanaimo","938","Engineering",NA
"2018/2019","Nanaimo","938","Architecture",NA
"2018/2019","Nanaimo","938","Agriculture, natural resources and conservation",4433
"2018/2019","Nanaimo","938","Dentistry",NA
"2018/2019","Nanaimo","938","Medicine",NA
"2018/2019","Nanaimo","938","Nursing",4433
"2018/2019","Nanaimo","938","Pharmacy",NA
"2018/2019","Nanaimo","938","Veterinary medicine",NA
"2018/2019","Nanaimo","938","Optometry",NA
"2018/2019","Nanaimo","938","Other health, parks, recreation and fitness",4433
"2018/2019","Nanaimo","938","Personal, protective and transportation services",NA
"2018/2019","Abbotsford-Mission","932","Total, field of study",4385
"2018/2019","Abbotsford-Mission","932","Education",4855
"2018/2019","Abbotsford-Mission","932","Visual and performing arts, and communications technologies",5666
"2018/2019","Abbotsford-Mission","932","Humanities",4351
"2018/2019","Abbotsford-Mission","932","Social and behavioural sciences, and legal studies",4351
"2018/2019","Abbotsford-Mission","932","Law",NA
"2018/2019","Abbotsford-Mission","932","Business management and public administration",4351
"2018/2019","Abbotsford-Mission","932","Physical and life sciences and technologies",4351
"2018/2019","Abbotsford-Mission","932","Mathematics, computer and information sciences",4351
"2018/2019","Abbotsford-Mission","932","Engineering",NA
"2018/2019","Abbotsford-Mission","932","Architecture",NA
"2018/2019","Abbotsford-Mission","932","Agriculture, natural resources and conservation",NA
"2018/2019","Abbotsford-Mission","932","Dentistry",NA
"2018/2019","Abbotsford-Mission","932","Medicine",NA
"2018/2019","Abbotsford-Mission","932","Nursing",4351
"2018/2019","Abbotsford-Mission","932","Pharmacy",NA
"2018/2019","Abbotsford-Mission","932","Veterinary medicine",NA
"2018/2019","Abbotsford-Mission","932","Optometry",NA
"2018/2019","Abbotsford-Mission","932","Other health, parks, recreation and fitness",4351
"2018/2019","Abbotsford-Mission","932","Personal, protective and transportation services",NA
"2018/2019","Central Kootenay J","5903058","Total, field of study",4229
"2018/2019","Central Kootenay J","5903058","Education",NA
"2018/2019","Central Kootenay J","5903058","Visual and performing arts, and communications technologies",NA
"2018/2019","Central Kootenay J","5903058","Humanities",NA
"2018/2019","Central Kootenay J","5903058","Social and behavioural sciences, and legal studies",4229
"2018/2019","Central Kootenay J","5903058","Law",NA
"2018/2019","Central Kootenay J","5903058","Business management and public administration",NA
"2018/2019","Central Kootenay J","5903058","Physical and life sciences and technologies",NA
"2018/2019","Central Kootenay J","5903058","Mathematics, computer and information sciences",NA
"2018/2019","Central Kootenay J","5903058","Engineering",NA
"2018/2019","Central Kootenay J","5903058","Architecture",NA
"2018/2019","Central Kootenay J","5903058","Agriculture, natural resources and conservation",NA
"2018/2019","Central Kootenay J","5903058","Dentistry",NA
"2018/2019","Central Kootenay J","5903058","Medicine",NA
"2018/2019","Central Kootenay J","5903058","Nursing",NA
"2018/2019","Central Kootenay J","5903058","Pharmacy",NA
"2018/2019","Central Kootenay J","5903058","Veterinary medicine",NA
"2018/2019","Central Kootenay J","5903058","Optometry",NA
"2018/2019","Central Kootenay J","5903058","Other health, parks, recreation and fitness",NA
"2018/2019","Central Kootenay J","5903058","Personal, protective and transportation services",NA
"2018/2019","Yukon","60","Total, field of study",3510
"2018/2019","Yukon","60","Education",NA
"2018/2019","Yukon","60","Visual and performing arts, and communications technologies",NA
"2018/2019","Yukon","60","Humanities",NA
"2018/2019","Yukon","60","Social and behavioural sciences, and legal studies",NA
"2018/2019","Yukon","60","Law",NA
"2018/2019","Yukon","60","Business management and public administration",3510
"2018/2019","Yukon","60","Physical and life sciences and technologies",NA
"2018/2019","Yukon","60","Mathematics, computer and information sciences",NA
"2018/2019","Yukon","60","Engineering",NA
"2018/2019","Yukon","60","Architecture",NA
"2018/2019","Yukon","60","Agriculture, natural resources and conservation",NA
"2018/2019","Yukon","60","Dentistry",NA
"2018/2019","Yukon","60","Medicine",NA
"2018/2019","Yukon","60","Nursing",NA
"2018/2019","Yukon","60","Pharmacy",NA
"2018/2019","Yukon","60","Veterinary medicine",NA
"2018/2019","Yukon","60","Optometry",NA
"2018/2019","Yukon","60","Other health, parks, recreation and fitness",NA
"2018/2019","Yukon","60","Personal, protective and transportation services",NA
"2018/2019","Whitehorse","990","Total, field of study",3510
"2018/2019","Whitehorse","990","Education",NA
"2018/2019","Whitehorse","990","Visual and performing arts, and communications technologies",NA
"2018/2019","Whitehorse","990","Humanities",NA
"2018/2019","Whitehorse","990","Social and behavioural sciences, and legal studies",NA
"2018/2019","Whitehorse","990","Law",NA
"2018/2019","Whitehorse","990","Business management and public administration",3510
"2018/2019","Whitehorse","990","Physical and life sciences and technologies",NA
"2018/2019","Whitehorse","990","Mathematics, computer and information sciences",NA
"2018/2019","Whitehorse","990","Engineering",NA
"2018/2019","Whitehorse","990","Architecture",NA
"2018/2019","Whitehorse","990","Agriculture, natural resources and conservation",NA
"2018/2019","Whitehorse","990","Dentistry",NA
"2018/2019","Whitehorse","990","Medicine",NA
"2018/2019","Whitehorse","990","Nursing",NA
"2018/2019","Whitehorse","990","Pharmacy",NA
"2018/2019","Whitehorse","990","Veterinary medicine",NA
"2018/2019","Whitehorse","990","Optometry",NA
"2018/2019","Whitehorse","990","Other health, parks, recreation and fitness",NA
"2018/2019","Whitehorse","990","Personal, protective and transportation services",NA
"2019/2020","Canada","1","Total, field of study",6468
"2019/2020","Canada","1","Education",4648
"2019/2020","Canada","1","Visual and performing arts, and communications technologies",5789
"2019/2020","Canada","1","Humanities",5486
"2019/2020","Canada","1","Social and behavioural sciences, and legal studies",5555
"2019/2020","Canada","1","Law",12527
"2019/2020","Canada","1","Business management and public administration",6795
"2019/2020","Canada","1","Physical and life sciences and technologies",6068
"2019/2020","Canada","1","Mathematics, computer and information sciences",6814
"2019/2020","Canada","1","Engineering",7949
"2019/2020","Canada","1","Architecture",6470
"2019/2020","Canada","1","Agriculture, natural resources and conservation",5614
"2019/2020","Canada","1","Dentistry",22242
"2019/2020","Canada","1","Medicine",14201
"2019/2020","Canada","1","Nursing",5583
"2019/2020","Canada","1","Pharmacy",10931
"2019/2020","Canada","1","Veterinary medicine",7852
"2019/2020","Canada","1","Optometry",11203
"2019/2020","Canada","1","Other health, parks, recreation and fitness",5867
"2019/2020","Canada","1","Personal, protective and transportation services",5686
"2019/2020","Newfoundland and Labrador","10","Total, field of study",2975
"2019/2020","Newfoundland and Labrador","10","Education",2659
"2019/2020","Newfoundland and Labrador","10","Visual and performing arts, and communications technologies",2718
"2019/2020","Newfoundland and Labrador","10","Humanities",2618
"2019/2020","Newfoundland and Labrador","10","Social and behavioural sciences, and legal studies",2699
"2019/2020","Newfoundland and Labrador","10","Law",NA
"2019/2020","Newfoundland and Labrador","10","Business management and public administration",2715
"2019/2020","Newfoundland and Labrador","10","Physical and life sciences and technologies",2687
"2019/2020","Newfoundland and Labrador","10","Mathematics, computer and information sciences",2688
"2019/2020","Newfoundland and Labrador","10","Engineering",2765
"2019/2020","Newfoundland and Labrador","10","Architecture",NA
"2019/2020","Newfoundland and Labrador","10","Agriculture, natural resources and conservation",2745
"2019/2020","Newfoundland and Labrador","10","Dentistry",NA
"2019/2020","Newfoundland and Labrador","10","Medicine",12250
"2019/2020","Newfoundland and Labrador","10","Nursing",2626
"2019/2020","Newfoundland and Labrador","10","Pharmacy",2870
"2019/2020","Newfoundland and Labrador","10","Veterinary medicine",NA
"2019/2020","Newfoundland and Labrador","10","Optometry",NA
"2019/2020","Newfoundland and Labrador","10","Other health, parks, recreation and fitness",2682
"2019/2020","Newfoundland and Labrador","10","Personal, protective and transportation services",2603
"2019/2020","St. John's","001","Total, field of study",2975
"2019/2020","St. John's","001","Education",2659
"2019/2020","St. John's","001","Visual and performing arts, and communications technologies",2718
"2019/2020","St. John's","001","Humanities",2618
"2019/2020","St. John's","001","Social and behavioural sciences, and legal studies",2699
"2019/2020","St. John's","001","Law",NA
"2019/2020","St. John's","001","Business management and public administration",2715
"2019/2020","St. John's","001","Physical and life sciences and technologies",2687
"2019/2020","St. John's","001","Mathematics, computer and information sciences",2688
"2019/2020","St. John's","001","Engineering",2765
"2019/2020","St. John's","001","Architecture",NA
"2019/2020","St. John's","001","Agriculture, natural resources and conservation",2745
"2019/2020","St. John's","001","Dentistry",NA
"2019/2020","St. John's","001","Medicine",12250
"2019/2020","St. John's","001","Nursing",2626
"2019/2020","St. John's","001","Pharmacy",2870
"2019/2020","St. John's","001","Veterinary medicine",NA
"2019/2020","St. John's","001","Optometry",NA
"2019/2020","St. John's","001","Other health, parks, recreation and fitness",2682
"2019/2020","St. John's","001","Personal, protective and transportation services",2603
"2019/2020","Prince Edward Island","11","Total, field of study",6748
"2019/2020","Prince Edward Island","11","Education",8360
"2019/2020","Prince Edward Island","11","Visual and performing arts, and communications technologies",6270
"2019/2020","Prince Edward Island","11","Humanities",6270
"2019/2020","Prince Edward Island","11","Social and behavioural sciences, and legal studies",6270
"2019/2020","Prince Edward Island","11","Law",NA
"2019/2020","Prince Edward Island","11","Business management and public administration",6270
"2019/2020","Prince Edward Island","11","Physical and life sciences and technologies",6270
"2019/2020","Prince Edward Island","11","Mathematics, computer and information sciences",6270
"2019/2020","Prince Edward Island","11","Engineering",6270
"2019/2020","Prince Edward Island","11","Architecture",NA
"2019/2020","Prince Edward Island","11","Agriculture, natural resources and conservation",6270
"2019/2020","Prince Edward Island","11","Dentistry",NA
"2019/2020","Prince Edward Island","11","Medicine",NA
"2019/2020","Prince Edward Island","11","Nursing",6270
"2019/2020","Prince Edward Island","11","Pharmacy",NA
"2019/2020","Prince Edward Island","11","Veterinary medicine",13260
"2019/2020","Prince Edward Island","11","Optometry",NA
"2019/2020","Prince Edward Island","11","Other health, parks, recreation and fitness",6270
"2019/2020","Prince Edward Island","11","Personal, protective and transportation services",NA
"2019/2020","Charlottetown","105","Total, field of study",6748
"2019/2020","Charlottetown","105","Education",8360
"2019/2020","Charlottetown","105","Visual and performing arts, and communications technologies",6270
"2019/2020","Charlottetown","105","Humanities",6270
"2019/2020","Charlottetown","105","Social and behavioural sciences, and legal studies",6270
"2019/2020","Charlottetown","105","Law",NA
"2019/2020","Charlottetown","105","Business management and public administration",6270
"2019/2020","Charlottetown","105","Physical and life sciences and technologies",6270
"2019/2020","Charlottetown","105","Mathematics, computer and information sciences",6270
"2019/2020","Charlottetown","105","Engineering",6270
"2019/2020","Charlottetown","105","Architecture",NA
"2019/2020","Charlottetown","105","Agriculture, natural resources and conservation",6270
"2019/2020","Charlottetown","105","Dentistry",NA
"2019/2020","Charlottetown","105","Medicine",NA
"2019/2020","Charlottetown","105","Nursing",6270
"2019/2020","Charlottetown","105","Pharmacy",NA
"2019/2020","Charlottetown","105","Veterinary medicine",13260
"2019/2020","Charlottetown","105","Optometry",NA
"2019/2020","Charlottetown","105","Other health, parks, recreation and fitness",6270
"2019/2020","Charlottetown","105","Personal, protective and transportation services",NA
"2019/2020","Nova Scotia","12","Total, field of study",8478
"2019/2020","Nova Scotia","12","Education",7739
"2019/2020","Nova Scotia","12","Visual and performing arts, and communications technologies",8120
"2019/2020","Nova Scotia","12","Humanities",7298
"2019/2020","Nova Scotia","12","Social and behavioural sciences, and legal studies",7449
"2019/2020","Nova Scotia","12","Law",15489
"2019/2020","Nova Scotia","12","Business management and public administration",8051
"2019/2020","Nova Scotia","12","Physical and life sciences and technologies",8043
"2019/2020","Nova Scotia","12","Mathematics, computer and information sciences",7914
"2019/2020","Nova Scotia","12","Engineering",10395
"2019/2020","Nova Scotia","12","Architecture",7745
"2019/2020","Nova Scotia","12","Agriculture, natural resources and conservation",7854
"2019/2020","Nova Scotia","12","Dentistry",25541
"2019/2020","Nova Scotia","12","Medicine",20690
"2019/2020","Nova Scotia","12","Nursing",8339
"2019/2020","Nova Scotia","12","Pharmacy",11789
"2019/2020","Nova Scotia","12","Veterinary medicine",NA
"2019/2020","Nova Scotia","12","Optometry",NA
"2019/2020","Nova Scotia","12","Other health, parks, recreation and fitness",8244
"2019/2020","Nova Scotia","12","Personal, protective and transportation services",7270
"2019/2020","Cape Breton","225","Total, field of study",7229
"2019/2020","Cape Breton","225","Education",8417
"2019/2020","Cape Breton","225","Visual and performing arts, and communications technologies",6757
"2019/2020","Cape Breton","225","Humanities",6887
"2019/2020","Cape Breton","225","Social and behavioural sciences, and legal studies",6782
"2019/2020","Cape Breton","225","Law",NA
"2019/2020","Cape Breton","225","Business management and public administration",6892
"2019/2020","Cape Breton","225","Physical and life sciences and technologies",6797
"2019/2020","Cape Breton","225","Mathematics, computer and information sciences",6757
"2019/2020","Cape Breton","225","Engineering",7081
"2019/2020","Cape Breton","225","Architecture",NA
"2019/2020","Cape Breton","225","Agriculture, natural resources and conservation",6757
"2019/2020","Cape Breton","225","Dentistry",NA
"2019/2020","Cape Breton","225","Medicine",NA
"2019/2020","Cape Breton","225","Nursing",8343
"2019/2020","Cape Breton","225","Pharmacy",NA
"2019/2020","Cape Breton","225","Veterinary medicine",NA
"2019/2020","Cape Breton","225","Optometry",NA
"2019/2020","Cape Breton","225","Other health, parks, recreation and fitness",7133
"2019/2020","Cape Breton","225","Personal, protective and transportation services",7270
"2019/2020","Halifax","205","Total, field of study",8699
"2019/2020","Halifax","205","Education",7147
"2019/2020","Halifax","205","Visual and performing arts, and communications technologies",8113
"2019/2020","Halifax","205","Humanities",7057
"2019/2020","Halifax","205","Social and behavioural sciences, and legal studies",7190
"2019/2020","Halifax","205","Law",15489
"2019/2020","Halifax","205","Business management and public administration",8109
"2019/2020","Halifax","205","Physical and life sciences and technologies",8109
"2019/2020","Halifax","205","Mathematics, computer and information sciences",7877
"2019/2020","Halifax","205","Engineering",10846
"2019/2020","Halifax","205","Architecture",7745
"2019/2020","Halifax","205","Agriculture, natural resources and conservation",7739
"2019/2020","Halifax","205","Dentistry",25541
"2019/2020","Halifax","205","Medicine",20690
"2019/2020","Halifax","205","Nursing",8376
"2019/2020","Halifax","205","Pharmacy",11789
"2019/2020","Halifax","205","Veterinary medicine",NA
"2019/2020","Halifax","205","Optometry",NA
"2019/2020","Halifax","205","Other health, parks, recreation and fitness",8289
"2019/2020","Halifax","205","Personal, protective and transportation services",NA
"2019/2020","Wolfville","1207024","Total, field of study",8189
"2019/2020","Wolfville","1207024","Education",8284
"2019/2020","Wolfville","1207024","Visual and performing arts, and communications technologies",8182
"2019/2020","Wolfville","1207024","Humanities",8086
"2019/2020","Wolfville","1207024","Social and behavioural sciences, and legal studies",8133
"2019/2020","Wolfville","1207024","Law",NA
"2019/2020","Wolfville","1207024","Business management and public administration",8121
"2019/2020","Wolfville","1207024","Physical and life sciences and technologies",8197
"2019/2020","Wolfville","1207024","Mathematics, computer and information sciences",8051
"2019/2020","Wolfville","1207024","Engineering",NA
"2019/2020","Wolfville","1207024","Architecture",NA
"2019/2020","Wolfville","1207024","Agriculture, natural resources and conservation",8286
"2019/2020","Wolfville","1207024","Dentistry",NA
"2019/2020","Wolfville","1207024","Medicine",NA
"2019/2020","Wolfville","1207024","Nursing",NA
"2019/2020","Wolfville","1207024","Pharmacy",NA
"2019/2020","Wolfville","1207024","Veterinary medicine",NA
"2019/2020","Wolfville","1207024","Optometry",NA
"2019/2020","Wolfville","1207024","Other health, parks, recreation and fitness",8368
"2019/2020","Wolfville","1207024","Personal, protective and transportation services",NA
"2019/2020","Clare","1203001","Total, field of study",7312
"2019/2020","Clare","1203001","Education",7206
"2019/2020","Clare","1203001","Visual and performing arts, and communications technologies",NA
"2019/2020","Clare","1203001","Humanities",7039
"2019/2020","Clare","1203001","Social and behavioural sciences, and legal studies",NA
"2019/2020","Clare","1203001","Law",NA
"2019/2020","Clare","1203001","Business management and public administration",6881
"2019/2020","Clare","1203001","Physical and life sciences and technologies",8160
"2019/2020","Clare","1203001","Mathematics, computer and information sciences",NA
"2019/2020","Clare","1203001","Engineering",NA
"2019/2020","Clare","1203001","Architecture",NA
"2019/2020","Clare","1203001","Agriculture, natural resources and conservation",NA
"2019/2020","Clare","1203001","Dentistry",NA
"2019/2020","Clare","1203001","Medicine",NA
"2019/2020","Clare","1203001","Nursing",NA
"2019/2020","Clare","1203001","Pharmacy",NA
"2019/2020","Clare","1203001","Veterinary medicine",NA
"2019/2020","Clare","1203001","Optometry",NA
"2019/2020","Clare","1203001","Other health, parks, recreation and fitness",NA
"2019/2020","Clare","1203001","Personal, protective and transportation services",NA
"2019/2020","Antigonish","1214002","Total, field of study",8251
"2019/2020","Antigonish","1214002","Education",8011
"2019/2020","Antigonish","1214002","Visual and performing arts, and communications technologies",8219
"2019/2020","Antigonish","1214002","Humanities",8278
"2019/2020","Antigonish","1214002","Social and behavioural sciences, and legal studies",8258
"2019/2020","Antigonish","1214002","Law",NA
"2019/2020","Antigonish","1214002","Business management and public administration",8346
"2019/2020","Antigonish","1214002","Physical and life sciences and technologies",8164
"2019/2020","Antigonish","1214002","Mathematics, computer and information sciences",8090
"2019/2020","Antigonish","1214002","Engineering",NA
"2019/2020","Antigonish","1214002","Architecture",NA
"2019/2020","Antigonish","1214002","Agriculture, natural resources and conservation",8548
"2019/2020","Antigonish","1214002","Dentistry",NA
"2019/2020","Antigonish","1214002","Medicine",NA
"2019/2020","Antigonish","1214002","Nursing",8298
"2019/2020","Antigonish","1214002","Pharmacy",NA
"2019/2020","Antigonish","1214002","Veterinary medicine",NA
"2019/2020","Antigonish","1214002","Optometry",NA
"2019/2020","Antigonish","1214002","Other health, parks, recreation and fitness",8156
"2019/2020","Antigonish","1214002","Personal, protective and transportation services",NA
"2019/2020","New Brunswick","13","Total, field of study",7595
"2019/2020","New Brunswick","13","Education",7648
"2019/2020","New Brunswick","13","Visual and performing arts, and communications technologies",7919
"2019/2020","New Brunswick","13","Humanities",7266
"2019/2020","New Brunswick","13","Social and behavioural sciences, and legal studies",7335
"2019/2020","New Brunswick","13","Law",9854
"2019/2020","New Brunswick","13","Business management and public administration",7823
"2019/2020","New Brunswick","13","Physical and life sciences and technologies",7610
"2019/2020","New Brunswick","13","Mathematics, computer and information sciences",7525
"2019/2020","New Brunswick","13","Engineering",8348
"2019/2020","New Brunswick","13","Architecture",NA
"2019/2020","New Brunswick","13","Agriculture, natural resources and conservation",7233
"2019/2020","New Brunswick","13","Dentistry",NA
"2019/2020","New Brunswick","13","Medicine",NA
"2019/2020","New Brunswick","13","Nursing",7299
"2019/2020","New Brunswick","13","Pharmacy",NA
"2019/2020","New Brunswick","13","Veterinary medicine",NA
"2019/2020","New Brunswick","13","Optometry",NA
"2019/2020","New Brunswick","13","Other health, parks, recreation and fitness",6875
"2019/2020","New Brunswick","13","Personal, protective and transportation services",NA
"2019/2020","Moncton","305","Total, field of study",6316
"2019/2020","Moncton","305","Education",6245
"2019/2020","Moncton","305","Visual and performing arts, and communications technologies",6245
"2019/2020","Moncton","305","Humanities",6245
"2019/2020","Moncton","305","Social and behavioural sciences, and legal studies",6245
"2019/2020","Moncton","305","Law",6245
"2019/2020","Moncton","305","Business management and public administration",6245
"2019/2020","Moncton","305","Physical and life sciences and technologies",6245
"2019/2020","Moncton","305","Mathematics, computer and information sciences",6245
"2019/2020","Moncton","305","Engineering",6245
"2019/2020","Moncton","305","Architecture",NA
"2019/2020","Moncton","305","Agriculture, natural resources and conservation",6245
"2019/2020","Moncton","305","Dentistry",NA
"2019/2020","Moncton","305","Medicine",NA
"2019/2020","Moncton","305","Nursing",6745
"2019/2020","Moncton","305","Pharmacy",NA
"2019/2020","Moncton","305","Veterinary medicine",NA
"2019/2020","Moncton","305","Optometry",NA
"2019/2020","Moncton","305","Other health, parks, recreation and fitness",6245
"2019/2020","Moncton","305","Personal, protective and transportation services",NA
"2019/2020","Fredericton","320","Total, field of study",7759
"2019/2020","Fredericton","320","Education",9222
"2019/2020","Fredericton","320","Visual and performing arts, and communications technologies",NA
"2019/2020","Fredericton","320","Humanities",7020
"2019/2020","Fredericton","320","Social and behavioural sciences, and legal studies",7021
"2019/2020","Fredericton","320","Law",11306
"2019/2020","Fredericton","320","Business management and public administration",8371
"2019/2020","Fredericton","320","Physical and life sciences and technologies",7010
"2019/2020","Fredericton","320","Mathematics, computer and information sciences",7482
"2019/2020","Fredericton","320","Engineering",8803
"2019/2020","Fredericton","320","Architecture",NA
"2019/2020","Fredericton","320","Agriculture, natural resources and conservation",7179
"2019/2020","Fredericton","320","Dentistry",NA
"2019/2020","Fredericton","320","Medicine",NA
"2019/2020","Fredericton","320","Nursing",7752
"2019/2020","Fredericton","320","Pharmacy",NA
"2019/2020","Fredericton","320","Veterinary medicine",NA
"2019/2020","Fredericton","320","Optometry",NA
"2019/2020","Fredericton","320","Other health, parks, recreation and fitness",7416
"2019/2020","Fredericton","320","Personal, protective and transportation services",NA
"2019/2020","Sackville","1307009","Total, field of study",8770
"2019/2020","Sackville","1307009","Education",NA
"2019/2020","Sackville","1307009","Visual and performing arts, and communications technologies",8770
"2019/2020","Sackville","1307009","Humanities",8770
"2019/2020","Sackville","1307009","Social and behavioural sciences, and legal studies",8770
"2019/2020","Sackville","1307009","Law",NA
"2019/2020","Sackville","1307009","Business management and public administration",8770
"2019/2020","Sackville","1307009","Physical and life sciences and technologies",8770
"2019/2020","Sackville","1307009","Mathematics, computer and information sciences",8770
"2019/2020","Sackville","1307009","Engineering",NA
"2019/2020","Sackville","1307009","Architecture",NA
"2019/2020","Sackville","1307009","Agriculture, natural resources and conservation",8770
"2019/2020","Sackville","1307009","Dentistry",NA
"2019/2020","Sackville","1307009","Medicine",NA
"2019/2020","Sackville","1307009","Nursing",NA
"2019/2020","Sackville","1307009","Pharmacy",NA
"2019/2020","Sackville","1307009","Veterinary medicine",NA
"2019/2020","Sackville","1307009","Optometry",NA
"2019/2020","Sackville","1307009","Other health, parks, recreation and fitness",NA
"2019/2020","Sackville","1307009","Personal, protective and transportation services",NA
"2019/2020","Quebec","24","Total, field of study",3060
"2019/2020","Quebec","24","Education",2642
"2019/2020","Quebec","24","Visual and performing arts, and communications technologies",3049
"2019/2020","Quebec","24","Humanities",4112
"2019/2020","Quebec","24","Social and behavioural sciences, and legal studies",3129
"2019/2020","Quebec","24","Law",2926
"2019/2020","Quebec","24","Business management and public administration",3039
"2019/2020","Quebec","24","Physical and life sciences and technologies",3379
"2019/2020","Quebec","24","Mathematics, computer and information sciences",3187
"2019/2020","Quebec","24","Engineering",2965
"2019/2020","Quebec","24","Architecture",2780
"2019/2020","Quebec","24","Agriculture, natural resources and conservation",2981
"2019/2020","Quebec","24","Dentistry",3946
"2019/2020","Quebec","24","Medicine",3428
"2019/2020","Quebec","24","Nursing",2725
"2019/2020","Quebec","24","Pharmacy",2665
"2019/2020","Quebec","24","Veterinary medicine",2741
"2019/2020","Quebec","24","Optometry",3114
"2019/2020","Quebec","24","Other health, parks, recreation and fitness",3029
"2019/2020","Quebec","24","Personal, protective and transportation services",2544
"2019/2020","Montreal","462","Total, field of study",3282
"2019/2020","Montreal","462","Education",2690
"2019/2020","Montreal","462","Visual and performing arts, and communications technologies",3267
"2019/2020","Montreal","462","Humanities",4759
"2019/2020","Montreal","462","Social and behavioural sciences, and legal studies",3281
"2019/2020","Montreal","462","Law",3197
"2019/2020","Montreal","462","Business management and public administration",3197
"2019/2020","Montreal","462","Physical and life sciences and technologies",3661
"2019/2020","Montreal","462","Mathematics, computer and information sciences",3494
"2019/2020","Montreal","462","Engineering",3101
"2019/2020","Montreal","462","Architecture",2831
"2019/2020","Montreal","462","Agriculture, natural resources and conservation",4229
"2019/2020","Montreal","462","Dentistry",4402
"2019/2020","Montreal","462","Medicine",3846
"2019/2020","Montreal","462","Nursing",2959
"2019/2020","Montreal","462","Pharmacy",2661
"2019/2020","Montreal","462","Veterinary medicine",2741
"2019/2020","Montreal","462","Optometry",3114
"2019/2020","Montreal","462","Other health, parks, recreation and fitness",3308
"2019/2020","Montreal","462","Personal, protective and transportation services",2544
"2019/2020","Sherbrooke","433","Total, field of study",2974
"2019/2020","Sherbrooke","433","Education",2710
"2019/2020","Sherbrooke","433","Visual and performing arts, and communications technologies",3919
"2019/2020","Sherbrooke","433","Humanities",3172
"2019/2020","Sherbrooke","433","Social and behavioural sciences, and legal studies",3602
"2019/2020","Sherbrooke","433","Law",2565
"2019/2020","Sherbrooke","433","Business management and public administration",3111
"2019/2020","Sherbrooke","433","Physical and life sciences and technologies",3231
"2019/2020","Sherbrooke","433","Mathematics, computer and information sciences",2597
"2019/2020","Sherbrooke","433","Engineering",2576
"2019/2020","Sherbrooke","433","Architecture",NA
"2019/2020","Sherbrooke","433","Agriculture, natural resources and conservation",2544
"2019/2020","Sherbrooke","433","Dentistry",NA
"2019/2020","Sherbrooke","433","Medicine",3388
"2019/2020","Sherbrooke","433","Nursing",2631
"2019/2020","Sherbrooke","433","Pharmacy",NA
"2019/2020","Sherbrooke","433","Veterinary medicine",NA
"2019/2020","Sherbrooke","433","Optometry",NA
"2019/2020","Sherbrooke","433","Other health, parks, recreation and fitness",2583
"2019/2020","Sherbrooke","433","Personal, protective and transportation services",NA
"2019/2020","Saguenay","408","Total, field of study",2568
"2019/2020","Saguenay","408","Education",2564
"2019/2020","Saguenay","408","Visual and performing arts, and communications technologies",2558
"2019/2020","Saguenay","408","Humanities",2674
"2019/2020","Saguenay","408","Social and behavioural sciences, and legal studies",2544
"2019/2020","Saguenay","408","Law",NA
"2019/2020","Saguenay","408","Business management and public administration",2553
"2019/2020","Saguenay","408","Physical and life sciences and technologies",2640
"2019/2020","Saguenay","408","Mathematics, computer and information sciences",2544
"2019/2020","Saguenay","408","Engineering",2606
"2019/2020","Saguenay","408","Architecture",NA
"2019/2020","Saguenay","408","Agriculture, natural resources and conservation",2544
"2019/2020","Saguenay","408","Dentistry",NA
"2019/2020","Saguenay","408","Medicine",NA
"2019/2020","Saguenay","408","Nursing",2544
"2019/2020","Saguenay","408","Pharmacy",NA
"2019/2020","Saguenay","408","Veterinary medicine",NA
"2019/2020","Saguenay","408","Optometry",NA
"2019/2020","Saguenay","408","Other health, parks, recreation and fitness",2572
"2019/2020","Saguenay","408","Personal, protective and transportation services",NA
"2019/2020","Rouyn-Noranda","485","Total, field of study",2556
"2019/2020","Rouyn-Noranda","485","Education",2544
"2019/2020","Rouyn-Noranda","485","Visual and performing arts, and communications technologies",2544
"2019/2020","Rouyn-Noranda","485","Humanities",NA
"2019/2020","Rouyn-Noranda","485","Social and behavioural sciences, and legal studies",2544
"2019/2020","Rouyn-Noranda","485","Law",NA
"2019/2020","Rouyn-Noranda","485","Business management and public administration",2544
"2019/2020","Rouyn-Noranda","485","Physical and life sciences and technologies",NA
"2019/2020","Rouyn-Noranda","485","Mathematics, computer and information sciences",NA
"2019/2020","Rouyn-Noranda","485","Engineering",2544
"2019/2020","Rouyn-Noranda","485","Architecture",NA
"2019/2020","Rouyn-Noranda","485","Agriculture, natural resources and conservation",NA
"2019/2020","Rouyn-Noranda","485","Dentistry",NA
"2019/2020","Rouyn-Noranda","485","Medicine",NA
"2019/2020","Rouyn-Noranda","485","Nursing",2668
"2019/2020","Rouyn-Noranda","485","Pharmacy",NA
"2019/2020","Rouyn-Noranda","485","Veterinary medicine",NA
"2019/2020","Rouyn-Noranda","485","Optometry",NA
"2019/2020","Rouyn-Noranda","485","Other health, parks, recreation and fitness",NA
"2019/2020","Rouyn-Noranda","485","Personal, protective and transportation services",NA
"2019/2020","Trois-Rivières","442","Total, field of study",2569
"2019/2020","Trois-Rivières","442","Education",2544
"2019/2020","Trois-Rivières","442","Visual and performing arts, and communications technologies",2544
"2019/2020","Trois-Rivières","442","Humanities",2724
"2019/2020","Trois-Rivières","442","Social and behavioural sciences, and legal studies",2559
"2019/2020","Trois-Rivières","442","Law",NA
"2019/2020","Trois-Rivières","442","Business management and public administration",2548
"2019/2020","Trois-Rivières","442","Physical and life sciences and technologies",2544
"2019/2020","Trois-Rivières","442","Mathematics, computer and information sciences",2671
"2019/2020","Trois-Rivières","442","Engineering",2677
"2019/2020","Trois-Rivières","442","Architecture",NA
"2019/2020","Trois-Rivières","442","Agriculture, natural resources and conservation",NA
"2019/2020","Trois-Rivières","442","Dentistry",NA
"2019/2020","Trois-Rivières","442","Medicine",NA
"2019/2020","Trois-Rivières","442","Nursing",2565
"2019/2020","Trois-Rivières","442","Pharmacy",NA
"2019/2020","Trois-Rivières","442","Veterinary medicine",NA
"2019/2020","Trois-Rivières","442","Optometry",NA
"2019/2020","Trois-Rivières","442","Other health, parks, recreation and fitness",2583
"2019/2020","Trois-Rivières","442","Personal, protective and transportation services",NA
"2019/2020","Ottawa-Gatineau, Quebec part, Ontario/Quebec",NA,"Total, field of study",2687
"2019/2020","Ottawa-Gatineau, Quebec part, Ontario/Quebec",NA,"Education",2576
"2019/2020","Ottawa-Gatineau, Quebec part, Ontario/Quebec",NA,"Visual and performing arts, and communications technologies",2881
"2019/2020","Ottawa-Gatineau, Quebec part, Ontario/Quebec",NA,"Humanities",2544
"2019/2020","Ottawa-Gatineau, Quebec part, Ontario/Quebec",NA,"Social and behavioural sciences, and legal studies",2647
"2019/2020","Ottawa-Gatineau, Quebec part, Ontario/Quebec",NA,"Law",NA
"2019/2020","Ottawa-Gatineau, Quebec part, Ontario/Quebec",NA,"Business management and public administration",2745
"2019/2020","Ottawa-Gatineau, Quebec part, Ontario/Quebec",NA,"Physical and life sciences and technologies",NA
"2019/2020","Ottawa-Gatineau, Quebec part, Ontario/Quebec",NA,"Mathematics, computer and information sciences",3257
"2019/2020","Ottawa-Gatineau, Quebec part, Ontario/Quebec",NA,"Engineering",2838
"2019/2020","Ottawa-Gatineau, Quebec part, Ontario/Quebec",NA,"Architecture",NA
"2019/2020","Ottawa-Gatineau, Quebec part, Ontario/Quebec",NA,"Agriculture, natural resources and conservation",NA
"2019/2020","Ottawa-Gatineau, Quebec part, Ontario/Quebec",NA,"Dentistry",NA
"2019/2020","Ottawa-Gatineau, Quebec part, Ontario/Quebec",NA,"Medicine",NA
"2019/2020","Ottawa-Gatineau, Quebec part, Ontario/Quebec",NA,"Nursing",2615
"2019/2020","Ottawa-Gatineau, Quebec part, Ontario/Quebec",NA,"Pharmacy",NA
"2019/2020","Ottawa-Gatineau, Quebec part, Ontario/Quebec",NA,"Veterinary medicine",NA
"2019/2020","Ottawa-Gatineau, Quebec part, Ontario/Quebec",NA,"Optometry",NA
"2019/2020","Ottawa-Gatineau, Quebec part, Ontario/Quebec",NA,"Other health, parks, recreation and fitness",NA
"2019/2020","Ottawa-Gatineau, Quebec part, Ontario/Quebec",NA,"Personal, protective and transportation services",NA
"2019/2020","Québec","421","Total, field of study",2595
"2019/2020","Québec","421","Education",2561
"2019/2020","Québec","421","Visual and performing arts, and communications technologies",2564
"2019/2020","Québec","421","Humanities",2557
"2019/2020","Québec","421","Social and behavioural sciences, and legal studies",2579
"2019/2020","Québec","421","Law",2576
"2019/2020","Québec","421","Business management and public administration",2595
"2019/2020","Québec","421","Physical and life sciences and technologies",2625
"2019/2020","Québec","421","Mathematics, computer and information sciences",2580
"2019/2020","Québec","421","Engineering",2615
"2019/2020","Québec","421","Architecture",2585
"2019/2020","Québec","421","Agriculture, natural resources and conservation",2561
"2019/2020","Québec","421","Dentistry",2652
"2019/2020","Québec","421","Medicine",2660
"2019/2020","Québec","421","Nursing",2594
"2019/2020","Québec","421","Pharmacy",2671
"2019/2020","Québec","421","Veterinary medicine",NA
"2019/2020","Québec","421","Optometry",NA
"2019/2020","Québec","421","Other health, parks, recreation and fitness",2634
"2019/2020","Québec","421","Personal, protective and transportation services",NA
"2019/2020","Rimouski","404","Total, field of study",2564
"2019/2020","Rimouski","404","Education",2573
"2019/2020","Rimouski","404","Visual and performing arts, and communications technologies",NA
"2019/2020","Rimouski","404","Humanities",2544
"2019/2020","Rimouski","404","Social and behavioural sciences, and legal studies",2544
"2019/2020","Rimouski","404","Law",NA
"2019/2020","Rimouski","404","Business management and public administration",2554
"2019/2020","Rimouski","404","Physical and life sciences and technologies",2575
"2019/2020","Rimouski","404","Mathematics, computer and information sciences",2544
"2019/2020","Rimouski","404","Engineering",2696
"2019/2020","Rimouski","404","Architecture",NA
"2019/2020","Rimouski","404","Agriculture, natural resources and conservation",NA
"2019/2020","Rimouski","404","Dentistry",NA
"2019/2020","Rimouski","404","Medicine",NA
"2019/2020","Rimouski","404","Nursing",2544
"2019/2020","Rimouski","404","Pharmacy",NA
"2019/2020","Rimouski","404","Veterinary medicine",NA
"2019/2020","Rimouski","404","Optometry",NA
"2019/2020","Rimouski","404","Other health, parks, recreation and fitness",NA
"2019/2020","Rimouski","404","Personal, protective and transportation services",NA
"2019/2020","Ontario","35","Total, field of study",7931
"2019/2020","Ontario","35","Education",6311
"2019/2020","Ontario","35","Visual and performing arts, and communications technologies",6522
"2019/2020","Ontario","35","Humanities",6085
"2019/2020","Ontario","35","Social and behavioural sciences, and legal studies",6135
"2019/2020","Ontario","35","Law",19423
"2019/2020","Ontario","35","Business management and public administration",9413
"2019/2020","Ontario","35","Physical and life sciences and technologies",6837
"2019/2020","Ontario","35","Mathematics, computer and information sciences",8041
"2019/2020","Ontario","35","Engineering",11301
"2019/2020","Ontario","35","Architecture",7997
"2019/2020","Ontario","35","Agriculture, natural resources and conservation",6162
"2019/2020","Ontario","35","Dentistry",36423
"2019/2020","Ontario","35","Medicine",24159
"2019/2020","Ontario","35","Nursing",6269
"2019/2020","Ontario","35","Pharmacy",17966
"2019/2020","Ontario","35","Veterinary medicine",8070
"2019/2020","Ontario","35","Optometry",15270
"2019/2020","Ontario","35","Other health, parks, recreation and fitness",6522
"2019/2020","Ontario","35","Personal, protective and transportation services",6197
"2019/2020","St. Catharines-Niagara","539","Total, field of study",6297
"2019/2020","St. Catharines-Niagara","539","Education",6089
"2019/2020","St. Catharines-Niagara","539","Visual and performing arts, and communications technologies",6003
"2019/2020","St. Catharines-Niagara","539","Humanities",6003
"2019/2020","St. Catharines-Niagara","539","Social and behavioural sciences, and legal studies",6003
"2019/2020","St. Catharines-Niagara","539","Law",NA
"2019/2020","St. Catharines-Niagara","539","Business management and public administration",7270
"2019/2020","St. Catharines-Niagara","539","Physical and life sciences and technologies",6003
"2019/2020","St. Catharines-Niagara","539","Mathematics, computer and information sciences",7123
"2019/2020","St. Catharines-Niagara","539","Engineering",NA
"2019/2020","St. Catharines-Niagara","539","Architecture",NA
"2019/2020","St. Catharines-Niagara","539","Agriculture, natural resources and conservation",6003
"2019/2020","St. Catharines-Niagara","539","Dentistry",NA
"2019/2020","St. Catharines-Niagara","539","Medicine",NA
"2019/2020","St. Catharines-Niagara","539","Nursing",6003
"2019/2020","St. Catharines-Niagara","539","Pharmacy",NA
"2019/2020","St. Catharines-Niagara","539","Veterinary medicine",NA
"2019/2020","St. Catharines-Niagara","539","Optometry",NA
"2019/2020","St. Catharines-Niagara","539","Other health, parks, recreation and fitness",6003
"2019/2020","St. Catharines-Niagara","539","Personal, protective and transportation services",NA
"2019/2020","Ottawa-Gatineau, Ontario part, Ontario/Quebec",NA,"Total, field of study",7588
"2019/2020","Ottawa-Gatineau, Ontario part, Ontario/Quebec",NA,"Education",6088
"2019/2020","Ottawa-Gatineau, Ontario part, Ontario/Quebec",NA,"Visual and performing arts, and communications technologies",7240
"2019/2020","Ottawa-Gatineau, Ontario part, Ontario/Quebec",NA,"Humanities",6080
"2019/2020","Ottawa-Gatineau, Ontario part, Ontario/Quebec",NA,"Social and behavioural sciences, and legal studies",6415
"2019/2020","Ottawa-Gatineau, Ontario part, Ontario/Quebec",NA,"Law",13708
"2019/2020","Ottawa-Gatineau, Ontario part, Ontario/Quebec",NA,"Business management and public administration",7401
"2019/2020","Ottawa-Gatineau, Ontario part, Ontario/Quebec",NA,"Physical and life sciences and technologies",6085
"2019/2020","Ottawa-Gatineau, Ontario part, Ontario/Quebec",NA,"Mathematics, computer and information sciences",7451
"2019/2020","Ottawa-Gatineau, Ontario part, Ontario/Quebec",NA,"Engineering",10047
"2019/2020","Ottawa-Gatineau, Ontario part, Ontario/Quebec",NA,"Architecture",9614
"2019/2020","Ottawa-Gatineau, Ontario part, Ontario/Quebec",NA,"Agriculture, natural resources and conservation",6075
"2019/2020","Ottawa-Gatineau, Ontario part, Ontario/Quebec",NA,"Dentistry",NA
"2019/2020","Ottawa-Gatineau, Ontario part, Ontario/Quebec",NA,"Medicine",25487
"2019/2020","Ottawa-Gatineau, Ontario part, Ontario/Quebec",NA,"Nursing",6088
"2019/2020","Ottawa-Gatineau, Ontario part, Ontario/Quebec",NA,"Pharmacy",NA
"2019/2020","Ottawa-Gatineau, Ontario part, Ontario/Quebec",NA,"Veterinary medicine",NA
"2019/2020","Ottawa-Gatineau, Ontario part, Ontario/Quebec",NA,"Optometry",NA
"2019/2020","Ottawa-Gatineau, Ontario part, Ontario/Quebec",NA,"Other health, parks, recreation and fitness",6087
"2019/2020","Ottawa-Gatineau, Ontario part, Ontario/Quebec",NA,"Personal, protective and transportation services",6682
"2019/2020","Guelph","550","Total, field of study",6607
"2019/2020","Guelph","550","Education",NA
"2019/2020","Guelph","550","Visual and performing arts, and communications technologies",5992
"2019/2020","Guelph","550","Humanities",5992
"2019/2020","Guelph","550","Social and behavioural sciences, and legal studies",5992
"2019/2020","Guelph","550","Law",NA
"2019/2020","Guelph","550","Business management and public administration",7431
"2019/2020","Guelph","550","Physical and life sciences and technologies",5992
"2019/2020","Guelph","550","Mathematics, computer and information sciences",7431
"2019/2020","Guelph","550","Engineering",9091
"2019/2020","Guelph","550","Architecture",8070
"2019/2020","Guelph","550","Agriculture, natural resources and conservation",5992
"2019/2020","Guelph","550","Dentistry",NA
"2019/2020","Guelph","550","Medicine",NA
"2019/2020","Guelph","550","Nursing",NA
"2019/2020","Guelph","550","Pharmacy",NA
"2019/2020","Guelph","550","Veterinary medicine",8070
"2019/2020","Guelph","550","Optometry",NA
"2019/2020","Guelph","550","Other health, parks, recreation and fitness",5992
"2019/2020","Guelph","550","Personal, protective and transportation services",5992
"2019/2020","Thunder Bay","595","Total, field of study",6490
"2019/2020","Thunder Bay","595","Education",5940
"2019/2020","Thunder Bay","595","Visual and performing arts, and communications technologies",5692
"2019/2020","Thunder Bay","595","Humanities",5692
"2019/2020","Thunder Bay","595","Social and behavioural sciences, and legal studies",5692
"2019/2020","Thunder Bay","595","Law",16265
"2019/2020","Thunder Bay","595","Business management and public administration",6285
"2019/2020","Thunder Bay","595","Physical and life sciences and technologies",5692
"2019/2020","Thunder Bay","595","Mathematics, computer and information sciences",5692
"2019/2020","Thunder Bay","595","Engineering",7298
"2019/2020","Thunder Bay","595","Architecture",NA
"2019/2020","Thunder Bay","595","Agriculture, natural resources and conservation",5692
"2019/2020","Thunder Bay","595","Dentistry",NA
"2019/2020","Thunder Bay","595","Medicine",NA
"2019/2020","Thunder Bay","595","Nursing",5692
"2019/2020","Thunder Bay","595","Pharmacy",NA
"2019/2020","Thunder Bay","595","Veterinary medicine",NA
"2019/2020","Thunder Bay","595","Optometry",NA
"2019/2020","Thunder Bay","595","Other health, parks, recreation and fitness",5692
"2019/2020","Thunder Bay","595","Personal, protective and transportation services",NA
"2019/2020","Greater Sudbury","580","Total, field of study",6473
"2019/2020","Greater Sudbury","580","Education",5839
"2019/2020","Greater Sudbury","580","Visual and performing arts, and communications technologies",5839
"2019/2020","Greater Sudbury","580","Humanities",5839
"2019/2020","Greater Sudbury","580","Social and behavioural sciences, and legal studies",5839
"2019/2020","Greater Sudbury","580","Law",NA
"2019/2020","Greater Sudbury","580","Business management and public administration",7435
"2019/2020","Greater Sudbury","580","Physical and life sciences and technologies",5839
"2019/2020","Greater Sudbury","580","Mathematics, computer and information sciences",7435
"2019/2020","Greater Sudbury","580","Engineering",8069
"2019/2020","Greater Sudbury","580","Architecture",9709
"2019/2020","Greater Sudbury","580","Agriculture, natural resources and conservation",5839
"2019/2020","Greater Sudbury","580","Dentistry",NA
"2019/2020","Greater Sudbury","580","Medicine",NA
"2019/2020","Greater Sudbury","580","Nursing",5839
"2019/2020","Greater Sudbury","580","Pharmacy",NA
"2019/2020","Greater Sudbury","580","Veterinary medicine",NA
"2019/2020","Greater Sudbury","580","Optometry",NA
"2019/2020","Greater Sudbury","580","Other health, parks, recreation and fitness",5839
"2019/2020","Greater Sudbury","580","Personal, protective and transportation services",5839
"2019/2020","Hamilton","537","Total, field of study",8181
"2019/2020","Hamilton","537","Education",NA
"2019/2020","Hamilton","537","Visual and performing arts, and communications technologies",5999
"2019/2020","Hamilton","537","Humanities",5999
"2019/2020","Hamilton","537","Social and behavioural sciences, and legal studies",5999
"2019/2020","Hamilton","537","Law",NA
"2019/2020","Hamilton","537","Business management and public administration",9665
"2019/2020","Hamilton","537","Physical and life sciences and technologies",5999
"2019/2020","Hamilton","537","Mathematics, computer and information sciences",5999
"2019/2020","Hamilton","537","Engineering",10172
"2019/2020","Hamilton","537","Architecture",NA
"2019/2020","Hamilton","537","Agriculture, natural resources and conservation",5999
"2019/2020","Hamilton","537","Dentistry",NA
"2019/2020","Hamilton","537","Medicine",25130
"2019/2020","Hamilton","537","Nursing",7108
"2019/2020","Hamilton","537","Pharmacy",NA
"2019/2020","Hamilton","537","Veterinary medicine",NA
"2019/2020","Hamilton","537","Optometry",NA
"2019/2020","Hamilton","537","Other health, parks, recreation and fitness",8971
"2019/2020","Hamilton","537","Personal, protective and transportation services",NA
"2019/2020","North Bay","575","Total, field of study",6026
"2019/2020","North Bay","575","Education",6621
"2019/2020","North Bay","575","Visual and performing arts, and communications technologies",5781
"2019/2020","North Bay","575","Humanities",5781
"2019/2020","North Bay","575","Social and behavioural sciences, and legal studies",5781
"2019/2020","North Bay","575","Law",NA
"2019/2020","North Bay","575","Business management and public administration",6529
"2019/2020","North Bay","575","Physical and life sciences and technologies",5781
"2019/2020","North Bay","575","Mathematics, computer and information sciences",6529
"2019/2020","North Bay","575","Engineering",NA
"2019/2020","North Bay","575","Architecture",NA
"2019/2020","North Bay","575","Agriculture, natural resources and conservation",5781
"2019/2020","North Bay","575","Dentistry",NA
"2019/2020","North Bay","575","Medicine",NA
"2019/2020","North Bay","575","Nursing",5781
"2019/2020","North Bay","575","Pharmacy",NA
"2019/2020","North Bay","575","Veterinary medicine",NA
"2019/2020","North Bay","575","Optometry",NA
"2019/2020","North Bay","575","Other health, parks, recreation and fitness",5781
"2019/2020","North Bay","575","Personal, protective and transportation services",5781
"2019/2020","Kingston","521","Total, field of study",8631
"2019/2020","Kingston","521","Education",5997
"2019/2020","Kingston","521","Visual and performing arts, and communications technologies",6083
"2019/2020","Kingston","521","Humanities",6083
"2019/2020","Kingston","521","Social and behavioural sciences, and legal studies",6092
"2019/2020","Kingston","521","Law",18188
"2019/2020","Kingston","521","Business management and public administration",15547
"2019/2020","Kingston","521","Physical and life sciences and technologies",6083
"2019/2020","Kingston","521","Mathematics, computer and information sciences",6240
"2019/2020","Kingston","521","Engineering",10603
"2019/2020","Kingston","521","Architecture",NA
"2019/2020","Kingston","521","Agriculture, natural resources and conservation",6083
"2019/2020","Kingston","521","Dentistry",NA
"2019/2020","Kingston","521","Medicine",23513
"2019/2020","Kingston","521","Nursing",6387
"2019/2020","Kingston","521","Pharmacy",NA
"2019/2020","Kingston","521","Veterinary medicine",NA
"2019/2020","Kingston","521","Optometry",NA
"2019/2020","Kingston","521","Other health, parks, recreation and fitness",6083
"2019/2020","Kingston","521","Personal, protective and transportation services",NA
"2019/2020","Peterborough","529","Total, field of study",6118
"2019/2020","Peterborough","529","Education",6118
"2019/2020","Peterborough","529","Visual and performing arts, and communications technologies",NA
"2019/2020","Peterborough","529","Humanities",6118
"2019/2020","Peterborough","529","Social and behavioural sciences, and legal studies",6118
"2019/2020","Peterborough","529","Law",NA
"2019/2020","Peterborough","529","Business management and public administration",6118
"2019/2020","Peterborough","529","Physical and life sciences and technologies",6118
"2019/2020","Peterborough","529","Mathematics, computer and information sciences",6118
"2019/2020","Peterborough","529","Engineering",NA
"2019/2020","Peterborough","529","Architecture",NA
"2019/2020","Peterborough","529","Agriculture, natural resources and conservation",6118
"2019/2020","Peterborough","529","Dentistry",NA
"2019/2020","Peterborough","529","Medicine",NA
"2019/2020","Peterborough","529","Nursing",6118
"2019/2020","Peterborough","529","Pharmacy",NA
"2019/2020","Peterborough","529","Veterinary medicine",NA
"2019/2020","Peterborough","529","Optometry",NA
"2019/2020","Peterborough","529","Other health, parks, recreation and fitness",NA
"2019/2020","Peterborough","529","Personal, protective and transportation services",6118
"2019/2020","Windsor","559","Total, field of study",7616
"2019/2020","Windsor","559","Education",6821
"2019/2020","Windsor","559","Visual and performing arts, and communications technologies",5800
"2019/2020","Windsor","559","Humanities",5800
"2019/2020","Windsor","559","Social and behavioural sciences, and legal studies",5800
"2019/2020","Windsor","559","Law",17390
"2019/2020","Windsor","559","Business management and public administration",8681
"2019/2020","Windsor","559","Physical and life sciences and technologies",5972
"2019/2020","Windsor","559","Mathematics, computer and information sciences",8939
"2019/2020","Windsor","559","Engineering",9419
"2019/2020","Windsor","559","Architecture",NA
"2019/2020","Windsor","559","Agriculture, natural resources and conservation",5972
"2019/2020","Windsor","559","Dentistry",NA
"2019/2020","Windsor","559","Medicine",NA
"2019/2020","Windsor","559","Nursing",5800
"2019/2020","Windsor","559","Pharmacy",NA
"2019/2020","Windsor","559","Veterinary medicine",NA
"2019/2020","Windsor","559","Optometry",NA
"2019/2020","Windsor","559","Other health, parks, recreation and fitness",5972
"2019/2020","Windsor","559","Personal, protective and transportation services",5972
"2019/2020","Toronto","535","Total, field of study",7979
"2019/2020","Toronto","535","Education",6118
"2019/2020","Toronto","535","Visual and performing arts, and communications technologies",6571
"2019/2020","Toronto","535","Humanities",6108
"2019/2020","Toronto","535","Social and behavioural sciences, and legal studies",6112
"2019/2020","Toronto","535","Law",28048
"2019/2020","Toronto","535","Business management and public administration",8331
"2019/2020","Toronto","535","Physical and life sciences and technologies",8171
"2019/2020","Toronto","535","Mathematics, computer and information sciences",7583
"2019/2020","Toronto","535","Engineering",11977
"2019/2020","Toronto","535","Architecture",7063
"2019/2020","Toronto","535","Agriculture, natural resources and conservation",6107
"2019/2020","Toronto","535","Dentistry",37080
"2019/2020","Toronto","535","Medicine",23090
"2019/2020","Toronto","535","Nursing",6376
"2019/2020","Toronto","535","Pharmacy",18060
"2019/2020","Toronto","535","Veterinary medicine",NA
"2019/2020","Toronto","535","Optometry",NA
"2019/2020","Toronto","535","Other health, parks, recreation and fitness",6854
"2019/2020","Toronto","535","Personal, protective and transportation services",6805
"2019/2020","Oshawa","532","Total, field of study",7366
"2019/2020","Oshawa","532","Education",5949
"2019/2020","Oshawa","532","Visual and performing arts, and communications technologies",NA
"2019/2020","Oshawa","532","Humanities",NA
"2019/2020","Oshawa","532","Social and behavioural sciences, and legal studies",5949
"2019/2020","Oshawa","532","Law",NA
"2019/2020","Oshawa","532","Business management and public administration",8046
"2019/2020","Oshawa","532","Physical and life sciences and technologies",5949
"2019/2020","Oshawa","532","Mathematics, computer and information sciences",9012
"2019/2020","Oshawa","532","Engineering",9275
"2019/2020","Oshawa","532","Architecture",NA
"2019/2020","Oshawa","532","Agriculture, natural resources and conservation",NA
"2019/2020","Oshawa","532","Dentistry",NA
"2019/2020","Oshawa","532","Medicine",NA
"2019/2020","Oshawa","532","Nursing",6092
"2019/2020","Oshawa","532","Pharmacy",NA
"2019/2020","Oshawa","532","Veterinary medicine",NA
"2019/2020","Oshawa","532","Optometry",NA
"2019/2020","Oshawa","532","Other health, parks, recreation and fitness",5949
"2019/2020","Oshawa","532","Personal, protective and transportation services",5949
"2019/2020","Sault Ste. Marie","590","Total, field of study",5865
"2019/2020","Sault Ste. Marie","590","Education",NA
"2019/2020","Sault Ste. Marie","590","Visual and performing arts, and communications technologies",5865
"2019/2020","Sault Ste. Marie","590","Humanities",5865
"2019/2020","Sault Ste. Marie","590","Social and behavioural sciences, and legal studies",5865
"2019/2020","Sault Ste. Marie","590","Law",NA
"2019/2020","Sault Ste. Marie","590","Business management and public administration",5865
"2019/2020","Sault Ste. Marie","590","Physical and life sciences and technologies",5865
"2019/2020","Sault Ste. Marie","590","Mathematics, computer and information sciences",5865
"2019/2020","Sault Ste. Marie","590","Engineering",NA
"2019/2020","Sault Ste. Marie","590","Architecture",NA
"2019/2020","Sault Ste. Marie","590","Agriculture, natural resources and conservation",NA
"2019/2020","Sault Ste. Marie","590","Dentistry",NA
"2019/2020","Sault Ste. Marie","590","Medicine",NA
"2019/2020","Sault Ste. Marie","590","Nursing",NA
"2019/2020","Sault Ste. Marie","590","Pharmacy",NA
"2019/2020","Sault Ste. Marie","590","Veterinary medicine",NA
"2019/2020","Sault Ste. Marie","590","Optometry",NA
"2019/2020","Sault Ste. Marie","590","Other health, parks, recreation and fitness",NA
"2019/2020","Sault Ste. Marie","590","Personal, protective and transportation services",NA
"2019/2020","Kitchener-Cambridge-Waterloo","541","Total, field of study",8695
"2019/2020","Kitchener-Cambridge-Waterloo","541","Education",7829
"2019/2020","Kitchener-Cambridge-Waterloo","541","Visual and performing arts, and communications technologies",6604
"2019/2020","Kitchener-Cambridge-Waterloo","541","Humanities",6250
"2019/2020","Kitchener-Cambridge-Waterloo","541","Social and behavioural sciences, and legal studies",6251
"2019/2020","Kitchener-Cambridge-Waterloo","541","Law",NA
"2019/2020","Kitchener-Cambridge-Waterloo","541","Business management and public administration",8982
"2019/2020","Kitchener-Cambridge-Waterloo","541","Physical and life sciences and technologies",6676
"2019/2020","Kitchener-Cambridge-Waterloo","541","Mathematics, computer and information sciences",9788
"2019/2020","Kitchener-Cambridge-Waterloo","541","Engineering",15080
"2019/2020","Kitchener-Cambridge-Waterloo","541","Architecture",8202
"2019/2020","Kitchener-Cambridge-Waterloo","541","Agriculture, natural resources and conservation",6732
"2019/2020","Kitchener-Cambridge-Waterloo","541","Dentistry",NA
"2019/2020","Kitchener-Cambridge-Waterloo","541","Medicine",NA
"2019/2020","Kitchener-Cambridge-Waterloo","541","Nursing",NA
"2019/2020","Kitchener-Cambridge-Waterloo","541","Pharmacy",17772
"2019/2020","Kitchener-Cambridge-Waterloo","541","Veterinary medicine",NA
"2019/2020","Kitchener-Cambridge-Waterloo","541","Optometry",15270
"2019/2020","Kitchener-Cambridge-Waterloo","541","Other health, parks, recreation and fitness",6061
"2019/2020","Kitchener-Cambridge-Waterloo","541","Personal, protective and transportation services",6615
"2019/2020","London","555","Total, field of study",10193
"2019/2020","London","555","Education",7271
"2019/2020","London","555","Visual and performing arts, and communications technologies",6050
"2019/2020","London","555","Humanities",6050
"2019/2020","London","555","Social and behavioural sciences, and legal studies",6050
"2019/2020","London","555","Law",20151
"2019/2020","London","555","Business management and public administration",25200
"2019/2020","London","555","Physical and life sciences and technologies",6050
"2019/2020","London","555","Mathematics, computer and information sciences",6050
"2019/2020","London","555","Engineering",12294
"2019/2020","London","555","Architecture",6102
"2019/2020","London","555","Agriculture, natural resources and conservation",NA
"2019/2020","London","555","Dentistry",35341
"2019/2020","London","555","Medicine",23986
"2019/2020","London","555","Nursing",6050
"2019/2020","London","555","Pharmacy",NA
"2019/2020","London","555","Veterinary medicine",NA
"2019/2020","London","555","Optometry",NA
"2019/2020","London","555","Other health, parks, recreation and fitness",6050
"2019/2020","London","555","Personal, protective and transportation services",6050
"2019/2020","Barrie","568","Total, field of study",6727
"2019/2020","Barrie","568","Education",NA
"2019/2020","Barrie","568","Visual and performing arts, and communications technologies",6980
"2019/2020","Barrie","568","Humanities",NA
"2019/2020","Barrie","568","Social and behavioural sciences, and legal studies",NA
"2019/2020","Barrie","568","Law",NA
"2019/2020","Barrie","568","Business management and public administration",7364
"2019/2020","Barrie","568","Physical and life sciences and technologies",NA
"2019/2020","Barrie","568","Mathematics, computer and information sciences",NA
"2019/2020","Barrie","568","Engineering",NA
"2019/2020","Barrie","568","Architecture",NA
"2019/2020","Barrie","568","Agriculture, natural resources and conservation",NA
"2019/2020","Barrie","568","Dentistry",NA
"2019/2020","Barrie","568","Medicine",NA
"2019/2020","Barrie","568","Nursing",NA
"2019/2020","Barrie","568","Pharmacy",NA
"2019/2020","Barrie","568","Veterinary medicine",NA
"2019/2020","Barrie","568","Optometry",NA
"2019/2020","Barrie","568","Other health, parks, recreation and fitness",NA
"2019/2020","Barrie","568","Personal, protective and transportation services",6118
"2019/2020","Manitoba","46","Total, field of study",4695
"2019/2020","Manitoba","46","Education",4039
"2019/2020","Manitoba","46","Visual and performing arts, and communications technologies",4275
"2019/2020","Manitoba","46","Humanities",3942
"2019/2020","Manitoba","46","Social and behavioural sciences, and legal studies",4000
"2019/2020","Manitoba","46","Law",10756
"2019/2020","Manitoba","46","Business management and public administration",4579
"2019/2020","Manitoba","46","Physical and life sciences and technologies",4262
"2019/2020","Manitoba","46","Mathematics, computer and information sciences",4222
"2019/2020","Manitoba","46","Engineering",6172
"2019/2020","Manitoba","46","Architecture",4677
"2019/2020","Manitoba","46","Agriculture, natural resources and conservation",4475
"2019/2020","Manitoba","46","Dentistry",22486
"2019/2020","Manitoba","46","Medicine",9165
"2019/2020","Manitoba","46","Nursing",5333
"2019/2020","Manitoba","46","Pharmacy",19100
"2019/2020","Manitoba","46","Veterinary medicine",NA
"2019/2020","Manitoba","46","Optometry",NA
"2019/2020","Manitoba","46","Other health, parks, recreation and fitness",4197
"2019/2020","Manitoba","46","Personal, protective and transportation services",4090
"2019/2020","Winnipeg","602","Total, field of study",4766
"2019/2020","Winnipeg","602","Education",4081
"2019/2020","Winnipeg","602","Visual and performing arts, and communications technologies",4361
"2019/2020","Winnipeg","602","Humanities",3937
"2019/2020","Winnipeg","602","Social and behavioural sciences, and legal studies",4009
"2019/2020","Winnipeg","602","Law",10756
"2019/2020","Winnipeg","602","Business management and public administration",4634
"2019/2020","Winnipeg","602","Physical and life sciences and technologies",4281
"2019/2020","Winnipeg","602","Mathematics, computer and information sciences",4241
"2019/2020","Winnipeg","602","Engineering",6172
"2019/2020","Winnipeg","602","Architecture",4677
"2019/2020","Winnipeg","602","Agriculture, natural resources and conservation",4494
"2019/2020","Winnipeg","602","Dentistry",22486
"2019/2020","Winnipeg","602","Medicine",9165
"2019/2020","Winnipeg","602","Nursing",5792
"2019/2020","Winnipeg","602","Pharmacy",19100
"2019/2020","Winnipeg","602","Veterinary medicine",NA
"2019/2020","Winnipeg","602","Optometry",NA
"2019/2020","Winnipeg","602","Other health, parks, recreation and fitness",4244
"2019/2020","Winnipeg","602","Personal, protective and transportation services",4100
"2019/2020","Brandon","610","Total, field of study",3914
"2019/2020","Brandon","610","Education",3803
"2019/2020","Brandon","610","Visual and performing arts, and communications technologies",3853
"2019/2020","Brandon","610","Humanities",3737
"2019/2020","Brandon","610","Social and behavioural sciences, and legal studies",3898
"2019/2020","Brandon","610","Law",NA
"2019/2020","Brandon","610","Business management and public administration",3737
"2019/2020","Brandon","610","Physical and life sciences and technologies",4058
"2019/2020","Brandon","610","Mathematics, computer and information sciences",4058
"2019/2020","Brandon","610","Engineering",NA
"2019/2020","Brandon","610","Architecture",NA
"2019/2020","Brandon","610","Agriculture, natural resources and conservation",4058
"2019/2020","Brandon","610","Dentistry",NA
"2019/2020","Brandon","610","Medicine",NA
"2019/2020","Brandon","610","Nursing",4133
"2019/2020","Brandon","610","Pharmacy",NA
"2019/2020","Brandon","610","Veterinary medicine",NA
"2019/2020","Brandon","610","Optometry",NA
"2019/2020","Brandon","610","Other health, parks, recreation and fitness",3803
"2019/2020","Brandon","610","Personal, protective and transportation services",3898
"2019/2020","The Pas","4621045","Total, field of study",4642
"2019/2020","The Pas","4621045","Education",4040
"2019/2020","The Pas","4621045","Visual and performing arts, and communications technologies",NA
"2019/2020","The Pas","4621045","Humanities",4716
"2019/2020","The Pas","4621045","Social and behavioural sciences, and legal studies",4716
"2019/2020","The Pas","4621045","Law",NA
"2019/2020","The Pas","4621045","Business management and public administration",3698
"2019/2020","The Pas","4621045","Physical and life sciences and technologies",NA
"2019/2020","The Pas","4621045","Mathematics, computer and information sciences",NA
"2019/2020","The Pas","4621045","Engineering",NA
"2019/2020","The Pas","4621045","Architecture",NA
"2019/2020","The Pas","4621045","Agriculture, natural resources and conservation",NA
"2019/2020","The Pas","4621045","Dentistry",NA
"2019/2020","The Pas","4621045","Medicine",NA
"2019/2020","The Pas","4621045","Nursing",NA
"2019/2020","The Pas","4621045","Pharmacy",NA
"2019/2020","The Pas","4621045","Veterinary medicine",NA
"2019/2020","The Pas","4621045","Optometry",NA
"2019/2020","The Pas","4621045","Other health, parks, recreation and fitness",NA
"2019/2020","The Pas","4621045","Personal, protective and transportation services",NA
"2019/2020","Saskatchewan","47","Total, field of study",7798
"2019/2020","Saskatchewan","47","Education",6859
"2019/2020","Saskatchewan","47","Visual and performing arts, and communications technologies",6929
"2019/2020","Saskatchewan","47","Humanities",6561
"2019/2020","Saskatchewan","47","Social and behavioural sciences, and legal studies",6567
"2019/2020","Saskatchewan","47","Law",14064
"2019/2020","Saskatchewan","47","Business management and public administration",7545
"2019/2020","Saskatchewan","47","Physical and life sciences and technologies",6857
"2019/2020","Saskatchewan","47","Mathematics, computer and information sciences",6910
"2019/2020","Saskatchewan","47","Engineering",7835
"2019/2020","Saskatchewan","47","Architecture",6452
"2019/2020","Saskatchewan","47","Agriculture, natural resources and conservation",6617
"2019/2020","Saskatchewan","47","Dentistry",44584
"2019/2020","Saskatchewan","47","Medicine",17998
"2019/2020","Saskatchewan","47","Nursing",7831
"2019/2020","Saskatchewan","47","Pharmacy",13177
"2019/2020","Saskatchewan","47","Veterinary medicine",10737
"2019/2020","Saskatchewan","47","Optometry",NA
"2019/2020","Saskatchewan","47","Other health, parks, recreation and fitness",6937
"2019/2020","Saskatchewan","47","Personal, protective and transportation services",6713
"2019/2020","Regina","705","Total, field of study",7138
"2019/2020","Regina","705","Education",6908
"2019/2020","Regina","705","Visual and performing arts, and communications technologies",7118
"2019/2020","Regina","705","Humanities",6713
"2019/2020","Regina","705","Social and behavioural sciences, and legal studies",6713
"2019/2020","Regina","705","Law",NA
"2019/2020","Regina","705","Business management and public administration",7373
"2019/2020","Regina","705","Physical and life sciences and technologies",7118
"2019/2020","Regina","705","Mathematics, computer and information sciences",7118
"2019/2020","Regina","705","Engineering",7455
"2019/2020","Regina","705","Architecture",NA
"2019/2020","Regina","705","Agriculture, natural resources and conservation",6713
"2019/2020","Regina","705","Dentistry",NA
"2019/2020","Regina","705","Medicine",NA
"2019/2020","Regina","705","Nursing",7478
"2019/2020","Regina","705","Pharmacy",NA
"2019/2020","Regina","705","Veterinary medicine",NA
"2019/2020","Regina","705","Optometry",NA
"2019/2020","Regina","705","Other health, parks, recreation and fitness",7118
"2019/2020","Regina","705","Personal, protective and transportation services",6713
"2019/2020","Saskatoon","725","Total, field of study",8286
"2019/2020","Saskatoon","725","Education",6810
"2019/2020","Saskatoon","725","Visual and performing arts, and communications technologies",6607
"2019/2020","Saskatoon","725","Humanities",6452
"2019/2020","Saskatoon","725","Social and behavioural sciences, and legal studies",6452
"2019/2020","Saskatoon","725","Law",14064
"2019/2020","Saskatoon","725","Business management and public administration",7774
"2019/2020","Saskatoon","725","Physical and life sciences and technologies",6755
"2019/2020","Saskatoon","725","Mathematics, computer and information sciences",6755
"2019/2020","Saskatoon","725","Engineering",8026
"2019/2020","Saskatoon","725","Architecture",6452
"2019/2020","Saskatoon","725","Agriculture, natural resources and conservation",6613
"2019/2020","Saskatoon","725","Dentistry",44584
"2019/2020","Saskatoon","725","Medicine",17998
"2019/2020","Saskatoon","725","Nursing",8274
"2019/2020","Saskatoon","725","Pharmacy",13177
"2019/2020","Saskatoon","725","Veterinary medicine",10737
"2019/2020","Saskatoon","725","Optometry",NA
"2019/2020","Saskatoon","725","Other health, parks, recreation and fitness",6672
"2019/2020","Saskatoon","725","Personal, protective and transportation services",NA
"2019/2020","Alberta","48","Total, field of study",5692
"2019/2020","Alberta","48","Education",5302
"2019/2020","Alberta","48","Visual and performing arts, and communications technologies",5026
"2019/2020","Alberta","48","Humanities",5032
"2019/2020","Alberta","48","Social and behavioural sciences, and legal studies",5344
"2019/2020","Alberta","48","Law",11048
"2019/2020","Alberta","48","Business management and public administration",5726
"2019/2020","Alberta","48","Physical and life sciences and technologies",5305
"2019/2020","Alberta","48","Mathematics, computer and information sciences",5290
"2019/2020","Alberta","48","Engineering",6077
"2019/2020","Alberta","48","Architecture",5380
"2019/2020","Alberta","48","Agriculture, natural resources and conservation",5237
"2019/2020","Alberta","48","Dentistry",20184
"2019/2020","Alberta","48","Medicine",13305
"2019/2020","Alberta","48","Nursing",5868
"2019/2020","Alberta","48","Pharmacy",10611
"2019/2020","Alberta","48","Veterinary medicine",10864
"2019/2020","Alberta","48","Optometry",NA
"2019/2020","Alberta","48","Other health, parks, recreation and fitness",5210
"2019/2020","Alberta","48","Personal, protective and transportation services",4744
"2019/2020","Edmonton","835","Total, field of study",5735
"2019/2020","Edmonton","835","Education",5321
"2019/2020","Edmonton","835","Visual and performing arts, and communications technologies",5411
"2019/2020","Edmonton","835","Humanities",4871
"2019/2020","Edmonton","835","Social and behavioural sciences, and legal studies",5356
"2019/2020","Edmonton","835","Law",10221
"2019/2020","Edmonton","835","Business management and public administration",5190
"2019/2020","Edmonton","835","Physical and life sciences and technologies",5328
"2019/2020","Edmonton","835","Mathematics, computer and information sciences",5266
"2019/2020","Edmonton","835","Engineering",6256
"2019/2020","Edmonton","835","Architecture",5321
"2019/2020","Edmonton","835","Agriculture, natural resources and conservation",5321
"2019/2020","Edmonton","835","Dentistry",20184
"2019/2020","Edmonton","835","Medicine",12044
"2019/2020","Edmonton","835","Nursing",6423
"2019/2020","Edmonton","835","Pharmacy",10611
"2019/2020","Edmonton","835","Veterinary medicine",NA
"2019/2020","Edmonton","835","Optometry",NA
"2019/2020","Edmonton","835","Other health, parks, recreation and fitness",5321
"2019/2020","Edmonton","835","Personal, protective and transportation services",NA
"2019/2020","Calgary","825","Total, field of study",5805
"2019/2020","Calgary","825","Education",5343
"2019/2020","Calgary","825","Visual and performing arts, and communications technologies",4846
"2019/2020","Calgary","825","Humanities",5338
"2019/2020","Calgary","825","Social and behavioural sciences, and legal studies",5383
"2019/2020","Calgary","825","Law",12315
"2019/2020","Calgary","825","Business management and public administration",6295
"2019/2020","Calgary","825","Physical and life sciences and technologies",5354
"2019/2020","Calgary","825","Mathematics, computer and information sciences",5356
"2019/2020","Calgary","825","Engineering",5872
"2019/2020","Calgary","825","Architecture",NA
"2019/2020","Calgary","825","Agriculture, natural resources and conservation",5337
"2019/2020","Calgary","825","Dentistry",NA
"2019/2020","Calgary","825","Medicine",15012
"2019/2020","Calgary","825","Nursing",5297
"2019/2020","Calgary","825","Pharmacy",NA
"2019/2020","Calgary","825","Veterinary medicine",10864
"2019/2020","Calgary","825","Optometry",NA
"2019/2020","Calgary","825","Other health, parks, recreation and fitness",5302
"2019/2020","Calgary","825","Personal, protective and transportation services",NA
"2019/2020","Lethbridge","810","Total, field of study",4968
"2019/2020","Lethbridge","810","Education",4974
"2019/2020","Lethbridge","810","Visual and performing arts, and communications technologies",4974
"2019/2020","Lethbridge","810","Humanities",4974
"2019/2020","Lethbridge","810","Social and behavioural sciences, and legal studies",4974
"2019/2020","Lethbridge","810","Law",NA
"2019/2020","Lethbridge","810","Business management and public administration",4974
"2019/2020","Lethbridge","810","Physical and life sciences and technologies",4974
"2019/2020","Lethbridge","810","Mathematics, computer and information sciences",4974
"2019/2020","Lethbridge","810","Engineering",NA
"2019/2020","Lethbridge","810","Architecture",NA
"2019/2020","Lethbridge","810","Agriculture, natural resources and conservation",5102
"2019/2020","Lethbridge","810","Dentistry",NA
"2019/2020","Lethbridge","810","Medicine",NA
"2019/2020","Lethbridge","810","Nursing",4974
"2019/2020","Lethbridge","810","Pharmacy",NA
"2019/2020","Lethbridge","810","Veterinary medicine",NA
"2019/2020","Lethbridge","810","Optometry",NA
"2019/2020","Lethbridge","810","Other health, parks, recreation and fitness",4974
"2019/2020","Lethbridge","810","Personal, protective and transportation services",4523
"2019/2020","Medicine Hat","805","Total, field of study",4241
"2019/2020","Medicine Hat","805","Education",NA
"2019/2020","Medicine Hat","805","Visual and performing arts, and communications technologies",4271
"2019/2020","Medicine Hat","805","Humanities",NA
"2019/2020","Medicine Hat","805","Social and behavioural sciences, and legal studies",NA
"2019/2020","Medicine Hat","805","Law",NA
"2019/2020","Medicine Hat","805","Business management and public administration",NA
"2019/2020","Medicine Hat","805","Physical and life sciences and technologies",NA
"2019/2020","Medicine Hat","805","Mathematics, computer and information sciences",NA
"2019/2020","Medicine Hat","805","Engineering",NA
"2019/2020","Medicine Hat","805","Architecture",NA
"2019/2020","Medicine Hat","805","Agriculture, natural resources and conservation",NA
"2019/2020","Medicine Hat","805","Dentistry",NA
"2019/2020","Medicine Hat","805","Medicine",NA
"2019/2020","Medicine Hat","805","Nursing",NA
"2019/2020","Medicine Hat","805","Pharmacy",NA
"2019/2020","Medicine Hat","805","Veterinary medicine",NA
"2019/2020","Medicine Hat","805","Optometry",NA
"2019/2020","Medicine Hat","805","Other health, parks, recreation and fitness",4212
"2019/2020","Medicine Hat","805","Personal, protective and transportation services",NA
"2019/2020","Red Deer","830","Total, field of study",5130
"2019/2020","Red Deer","830","Education",NA
"2019/2020","Red Deer","830","Visual and performing arts, and communications technologies",5130
"2019/2020","Red Deer","830","Humanities",NA
"2019/2020","Red Deer","830","Social and behavioural sciences, and legal studies",NA
"2019/2020","Red Deer","830","Law",NA
"2019/2020","Red Deer","830","Business management and public administration",NA
"2019/2020","Red Deer","830","Physical and life sciences and technologies",NA
"2019/2020","Red Deer","830","Mathematics, computer and information sciences",NA
"2019/2020","Red Deer","830","Engineering",NA
"2019/2020","Red Deer","830","Architecture",NA
"2019/2020","Red Deer","830","Agriculture, natural resources and conservation",NA
"2019/2020","Red Deer","830","Dentistry",NA
"2019/2020","Red Deer","830","Medicine",NA
"2019/2020","Red Deer","830","Nursing",NA
"2019/2020","Red Deer","830","Pharmacy",NA
"2019/2020","Red Deer","830","Veterinary medicine",NA
"2019/2020","Red Deer","830","Optometry",NA
"2019/2020","Red Deer","830","Other health, parks, recreation and fitness",NA
"2019/2020","Red Deer","830","Personal, protective and transportation services",NA
"2019/2020","Athabasca","4813048","Total, field of study",5735
"2019/2020","Athabasca","4813048","Education",NA
"2019/2020","Athabasca","4813048","Visual and performing arts, and communications technologies",NA
"2019/2020","Athabasca","4813048","Humanities",5735
"2019/2020","Athabasca","4813048","Social and behavioural sciences, and legal studies",5735
"2019/2020","Athabasca","4813048","Law",NA
"2019/2020","Athabasca","4813048","Business management and public administration",5735
"2019/2020","Athabasca","4813048","Physical and life sciences and technologies",5735
"2019/2020","Athabasca","4813048","Mathematics, computer and information sciences",5735
"2019/2020","Athabasca","4813048","Engineering",NA
"2019/2020","Athabasca","4813048","Architecture",5735
"2019/2020","Athabasca","4813048","Agriculture, natural resources and conservation",NA
"2019/2020","Athabasca","4813048","Dentistry",NA
"2019/2020","Athabasca","4813048","Medicine",NA
"2019/2020","Athabasca","4813048","Nursing",5735
"2019/2020","Athabasca","4813048","Pharmacy",NA
"2019/2020","Athabasca","4813048","Veterinary medicine",NA
"2019/2020","Athabasca","4813048","Optometry",NA
"2019/2020","Athabasca","4813048","Other health, parks, recreation and fitness",5735
"2019/2020","Athabasca","4813048","Personal, protective and transportation services",5735
"2019/2020","Olds","4806034","Total, field of study",4380
"2019/2020","Olds","4806034","Education",NA
"2019/2020","Olds","4806034","Visual and performing arts, and communications technologies",NA
"2019/2020","Olds","4806034","Humanities",NA
"2019/2020","Olds","4806034","Social and behavioural sciences, and legal studies",NA
"2019/2020","Olds","4806034","Law",NA
"2019/2020","Olds","4806034","Business management and public administration",NA
"2019/2020","Olds","4806034","Physical and life sciences and technologies",NA
"2019/2020","Olds","4806034","Mathematics, computer and information sciences",NA
"2019/2020","Olds","4806034","Engineering",NA
"2019/2020","Olds","4806034","Architecture",NA
"2019/2020","Olds","4806034","Agriculture, natural resources and conservation",4380
"2019/2020","Olds","4806034","Dentistry",NA
"2019/2020","Olds","4806034","Medicine",NA
"2019/2020","Olds","4806034","Nursing",NA
"2019/2020","Olds","4806034","Pharmacy",NA
"2019/2020","Olds","4806034","Veterinary medicine",NA
"2019/2020","Olds","4806034","Optometry",NA
"2019/2020","Olds","4806034","Other health, parks, recreation and fitness",4380
"2019/2020","Olds","4806034","Personal, protective and transportation services",NA
"2019/2020","Vermilion","4810042","Total, field of study",4746
"2019/2020","Vermilion","4810042","Education",NA
"2019/2020","Vermilion","4810042","Visual and performing arts, and communications technologies",NA
"2019/2020","Vermilion","4810042","Humanities",NA
"2019/2020","Vermilion","4810042","Social and behavioural sciences, and legal studies",NA
"2019/2020","Vermilion","4810042","Law",NA
"2019/2020","Vermilion","4810042","Business management and public administration",NA
"2019/2020","Vermilion","4810042","Physical and life sciences and technologies",NA
"2019/2020","Vermilion","4810042","Mathematics, computer and information sciences",NA
"2019/2020","Vermilion","4810042","Engineering",NA
"2019/2020","Vermilion","4810042","Architecture",NA
"2019/2020","Vermilion","4810042","Agriculture, natural resources and conservation",4746
"2019/2020","Vermilion","4810042","Dentistry",NA
"2019/2020","Vermilion","4810042","Medicine",NA
"2019/2020","Vermilion","4810042","Nursing",NA
"2019/2020","Vermilion","4810042","Pharmacy",NA
"2019/2020","Vermilion","4810042","Veterinary medicine",NA
"2019/2020","Vermilion","4810042","Optometry",NA
"2019/2020","Vermilion","4810042","Other health, parks, recreation and fitness",NA
"2019/2020","Vermilion","4810042","Personal, protective and transportation services",NA
"2019/2020","British Columbia","59","Total, field of study",5936
"2019/2020","British Columbia","59","Education",5348
"2019/2020","British Columbia","59","Visual and performing arts, and communications technologies",5927
"2019/2020","British Columbia","59","Humanities",5164
"2019/2020","British Columbia","59","Social and behavioural sciences, and legal studies",5389
"2019/2020","British Columbia","59","Law",13376
"2019/2020","British Columbia","59","Business management and public administration",5720
"2019/2020","British Columbia","59","Physical and life sciences and technologies",5309
"2019/2020","British Columbia","59","Mathematics, computer and information sciences",5293
"2019/2020","British Columbia","59","Engineering",5915
"2019/2020","British Columbia","59","Architecture",6786
"2019/2020","British Columbia","59","Agriculture, natural resources and conservation",5372
"2019/2020","British Columbia","59","Dentistry",29346
"2019/2020","British Columbia","59","Medicine",18473
"2019/2020","British Columbia","59","Nursing",4816
"2019/2020","British Columbia","59","Pharmacy",13006
"2019/2020","British Columbia","59","Veterinary medicine",NA
"2019/2020","British Columbia","59","Optometry",NA
"2019/2020","British Columbia","59","Other health, parks, recreation and fitness",5176
"2019/2020","British Columbia","59","Personal, protective and transportation services",5085
"2019/2020","Vancouver","933","Total, field of study",6212
"2019/2020","Vancouver","933","Education",5614
"2019/2020","Vancouver","933","Visual and performing arts, and communications technologies",6080
"2019/2020","Vancouver","933","Humanities",5466
"2019/2020","Vancouver","933","Social and behavioural sciences, and legal studies",5335
"2019/2020","Vancouver","933","Law",12639
"2019/2020","Vancouver","933","Business management and public administration",5940
"2019/2020","Vancouver","933","Physical and life sciences and technologies",5455
"2019/2020","Vancouver","933","Mathematics, computer and information sciences",5434
"2019/2020","Vancouver","933","Engineering",5706
"2019/2020","Vancouver","933","Architecture",6786
"2019/2020","Vancouver","933","Agriculture, natural resources and conservation",5455
"2019/2020","Vancouver","933","Dentistry",29346
"2019/2020","Vancouver","933","Medicine",18473
"2019/2020","Vancouver","933","Nursing",4896
"2019/2020","Vancouver","933","Pharmacy",13006
"2019/2020","Vancouver","933","Veterinary medicine",NA
"2019/2020","Vancouver","933","Optometry",NA
"2019/2020","Vancouver","933","Other health, parks, recreation and fitness",5342
"2019/2020","Vancouver","933","Personal, protective and transportation services",5983
"2019/2020","Victoria","935","Total, field of study",6022
"2019/2020","Victoria","935","Education",5696
"2019/2020","Victoria","935","Visual and performing arts, and communications technologies",5696
"2019/2020","Victoria","935","Humanities",5696
"2019/2020","Victoria","935","Social and behavioural sciences, and legal studies",5795
"2019/2020","Victoria","935","Law",9968
"2019/2020","Victoria","935","Business management and public administration",6047
"2019/2020","Victoria","935","Physical and life sciences and technologies",5696
"2019/2020","Victoria","935","Mathematics, computer and information sciences",5696
"2019/2020","Victoria","935","Engineering",6706
"2019/2020","Victoria","935","Architecture",NA
"2019/2020","Victoria","935","Agriculture, natural resources and conservation",6436
"2019/2020","Victoria","935","Dentistry",NA
"2019/2020","Victoria","935","Medicine",NA
"2019/2020","Victoria","935","Nursing",5696
"2019/2020","Victoria","935","Pharmacy",NA
"2019/2020","Victoria","935","Veterinary medicine",NA
"2019/2020","Victoria","935","Optometry",NA
"2019/2020","Victoria","935","Other health, parks, recreation and fitness",4732
"2019/2020","Victoria","935","Personal, protective and transportation services",8120
"2019/2020","Prince George","970","Total, field of study",5424
"2019/2020","Prince George","970","Education",5424
"2019/2020","Prince George","970","Visual and performing arts, and communications technologies",NA
"2019/2020","Prince George","970","Humanities",5424
"2019/2020","Prince George","970","Social and behavioural sciences, and legal studies",5424
"2019/2020","Prince George","970","Law",NA
"2019/2020","Prince George","970","Business management and public administration",5424
"2019/2020","Prince George","970","Physical and life sciences and technologies",5424
"2019/2020","Prince George","970","Mathematics, computer and information sciences",5424
"2019/2020","Prince George","970","Engineering",5424
"2019/2020","Prince George","970","Architecture",NA
"2019/2020","Prince George","970","Agriculture, natural resources and conservation",5424
"2019/2020","Prince George","970","Dentistry",NA
"2019/2020","Prince George","970","Medicine",NA
"2019/2020","Prince George","970","Nursing",5424
"2019/2020","Prince George","970","Pharmacy",NA
"2019/2020","Prince George","970","Veterinary medicine",NA
"2019/2020","Prince George","970","Optometry",NA
"2019/2020","Prince George","970","Other health, parks, recreation and fitness",5424
"2019/2020","Prince George","970","Personal, protective and transportation services",NA
"2019/2020","Courtenay","943","Total, field of study",3022
"2019/2020","Courtenay","943","Education",NA
"2019/2020","Courtenay","943","Visual and performing arts, and communications technologies",NA
"2019/2020","Courtenay","943","Humanities",NA
"2019/2020","Courtenay","943","Social and behavioural sciences, and legal studies",NA
"2019/2020","Courtenay","943","Law",NA
"2019/2020","Courtenay","943","Business management and public administration",3022
"2019/2020","Courtenay","943","Physical and life sciences and technologies",NA
"2019/2020","Courtenay","943","Mathematics, computer and information sciences",NA
"2019/2020","Courtenay","943","Engineering",NA
"2019/2020","Courtenay","943","Architecture",NA
"2019/2020","Courtenay","943","Agriculture, natural resources and conservation",NA
"2019/2020","Courtenay","943","Dentistry",NA
"2019/2020","Courtenay","943","Medicine",NA
"2019/2020","Courtenay","943","Nursing",NA
"2019/2020","Courtenay","943","Pharmacy",NA
"2019/2020","Courtenay","943","Veterinary medicine",NA
"2019/2020","Courtenay","943","Optometry",NA
"2019/2020","Courtenay","943","Other health, parks, recreation and fitness",NA
"2019/2020","Courtenay","943","Personal, protective and transportation services",NA
"2019/2020","Cranbrook","905","Total, field of study",5289
"2019/2020","Cranbrook","905","Education",NA
"2019/2020","Cranbrook","905","Visual and performing arts, and communications technologies",NA
"2019/2020","Cranbrook","905","Humanities",NA
"2019/2020","Cranbrook","905","Social and behavioural sciences, and legal studies",NA
"2019/2020","Cranbrook","905","Law",NA
"2019/2020","Cranbrook","905","Business management and public administration",5289
"2019/2020","Cranbrook","905","Physical and life sciences and technologies",NA
"2019/2020","Cranbrook","905","Mathematics, computer and information sciences",NA
"2019/2020","Cranbrook","905","Engineering",NA
"2019/2020","Cranbrook","905","Architecture",NA
"2019/2020","Cranbrook","905","Agriculture, natural resources and conservation",NA
"2019/2020","Cranbrook","905","Dentistry",NA
"2019/2020","Cranbrook","905","Medicine",NA
"2019/2020","Cranbrook","905","Nursing",NA
"2019/2020","Cranbrook","905","Pharmacy",NA
"2019/2020","Cranbrook","905","Veterinary medicine",NA
"2019/2020","Cranbrook","905","Optometry",NA
"2019/2020","Cranbrook","905","Other health, parks, recreation and fitness",NA
"2019/2020","Cranbrook","905","Personal, protective and transportation services",NA
"2019/2020","Kamloops","925","Total, field of study",5212
"2019/2020","Kamloops","925","Education",4313
"2019/2020","Kamloops","925","Visual and performing arts, and communications technologies",4313
"2019/2020","Kamloops","925","Humanities",4313
"2019/2020","Kamloops","925","Social and behavioural sciences, and legal studies",4313
"2019/2020","Kamloops","925","Law",19684
"2019/2020","Kamloops","925","Business management and public administration",4313
"2019/2020","Kamloops","925","Physical and life sciences and technologies",4313
"2019/2020","Kamloops","925","Mathematics, computer and information sciences",4313
"2019/2020","Kamloops","925","Engineering",6367
"2019/2020","Kamloops","925","Architecture",NA
"2019/2020","Kamloops","925","Agriculture, natural resources and conservation",4313
"2019/2020","Kamloops","925","Dentistry",NA
"2019/2020","Kamloops","925","Medicine",NA
"2019/2020","Kamloops","925","Nursing",4313
"2019/2020","Kamloops","925","Pharmacy",NA
"2019/2020","Kamloops","925","Veterinary medicine",NA
"2019/2020","Kamloops","925","Optometry",NA
"2019/2020","Kamloops","925","Other health, parks, recreation and fitness",4313
"2019/2020","Kamloops","925","Personal, protective and transportation services",NA
"2019/2020","Kelowna","915","Total, field of study",4112
"2019/2020","Kelowna","915","Education",NA
"2019/2020","Kelowna","915","Visual and performing arts, and communications technologies",NA
"2019/2020","Kelowna","915","Humanities",NA
"2019/2020","Kelowna","915","Social and behavioural sciences, and legal studies",NA
"2019/2020","Kelowna","915","Law",NA
"2019/2020","Kelowna","915","Business management and public administration",4105
"2019/2020","Kelowna","915","Physical and life sciences and technologies",NA
"2019/2020","Kelowna","915","Mathematics, computer and information sciences",4162
"2019/2020","Kelowna","915","Engineering",NA
"2019/2020","Kelowna","915","Architecture",NA
"2019/2020","Kelowna","915","Agriculture, natural resources and conservation",NA
"2019/2020","Kelowna","915","Dentistry",NA
"2019/2020","Kelowna","915","Medicine",NA
"2019/2020","Kelowna","915","Nursing",NA
"2019/2020","Kelowna","915","Pharmacy",NA
"2019/2020","Kelowna","915","Veterinary medicine",NA
"2019/2020","Kelowna","915","Optometry",NA
"2019/2020","Kelowna","915","Other health, parks, recreation and fitness",NA
"2019/2020","Kelowna","915","Personal, protective and transportation services",NA
"2019/2020","Nanaimo","938","Total, field of study",5160
"2019/2020","Nanaimo","938","Education",4521
"2019/2020","Nanaimo","938","Visual and performing arts, and communications technologies",4521
"2019/2020","Nanaimo","938","Humanities",4521
"2019/2020","Nanaimo","938","Social and behavioural sciences, and legal studies",4521
"2019/2020","Nanaimo","938","Law",NA
"2019/2020","Nanaimo","938","Business management and public administration",8412
"2019/2020","Nanaimo","938","Physical and life sciences and technologies",4521
"2019/2020","Nanaimo","938","Mathematics, computer and information sciences",NA
"2019/2020","Nanaimo","938","Engineering",NA
"2019/2020","Nanaimo","938","Architecture",NA
"2019/2020","Nanaimo","938","Agriculture, natural resources and conservation",4521
"2019/2020","Nanaimo","938","Dentistry",NA
"2019/2020","Nanaimo","938","Medicine",NA
"2019/2020","Nanaimo","938","Nursing",4521
"2019/2020","Nanaimo","938","Pharmacy",NA
"2019/2020","Nanaimo","938","Veterinary medicine",NA
"2019/2020","Nanaimo","938","Optometry",NA
"2019/2020","Nanaimo","938","Other health, parks, recreation and fitness",4521
"2019/2020","Nanaimo","938","Personal, protective and transportation services",NA
"2019/2020","Abbotsford-Mission","932","Total, field of study",4474
"2019/2020","Abbotsford-Mission","932","Education",4952
"2019/2020","Abbotsford-Mission","932","Visual and performing arts, and communications technologies",6101
"2019/2020","Abbotsford-Mission","932","Humanities",4438
"2019/2020","Abbotsford-Mission","932","Social and behavioural sciences, and legal studies",4438
"2019/2020","Abbotsford-Mission","932","Law",NA
"2019/2020","Abbotsford-Mission","932","Business management and public administration",4438
"2019/2020","Abbotsford-Mission","932","Physical and life sciences and technologies",4438
"2019/2020","Abbotsford-Mission","932","Mathematics, computer and information sciences",4438
"2019/2020","Abbotsford-Mission","932","Engineering",NA
"2019/2020","Abbotsford-Mission","932","Architecture",NA
"2019/2020","Abbotsford-Mission","932","Agriculture, natural resources and conservation",6044
"2019/2020","Abbotsford-Mission","932","Dentistry",NA
"2019/2020","Abbotsford-Mission","932","Medicine",NA
"2019/2020","Abbotsford-Mission","932","Nursing",4438
"2019/2020","Abbotsford-Mission","932","Pharmacy",NA
"2019/2020","Abbotsford-Mission","932","Veterinary medicine",NA
"2019/2020","Abbotsford-Mission","932","Optometry",NA
"2019/2020","Abbotsford-Mission","932","Other health, parks, recreation and fitness",4438
"2019/2020","Abbotsford-Mission","932","Personal, protective and transportation services",4438
"2019/2020","Central Kootenay J","5903058","Total, field of study",4309
"2019/2020","Central Kootenay J","5903058","Education",NA
"2019/2020","Central Kootenay J","5903058","Visual and performing arts, and communications technologies",NA
"2019/2020","Central Kootenay J","5903058","Humanities",NA
"2019/2020","Central Kootenay J","5903058","Social and behavioural sciences, and legal studies",4309
"2019/2020","Central Kootenay J","5903058","Law",NA
"2019/2020","Central Kootenay J","5903058","Business management and public administration",NA
"2019/2020","Central Kootenay J","5903058","Physical and life sciences and technologies",NA
"2019/2020","Central Kootenay J","5903058","Mathematics, computer and information sciences",NA
"2019/2020","Central Kootenay J","5903058","Engineering",NA
"2019/2020","Central Kootenay J","5903058","Architecture",NA
"2019/2020","Central Kootenay J","5903058","Agriculture, natural resources and conservation",NA
"2019/2020","Central Kootenay J","5903058","Dentistry",NA
"2019/2020","Central Kootenay J","5903058","Medicine",NA
"2019/2020","Central Kootenay J","5903058","Nursing",NA
"2019/2020","Central Kootenay J","5903058","Pharmacy",NA
"2019/2020","Central Kootenay J","5903058","Veterinary medicine",NA
"2019/2020","Central Kootenay J","5903058","Optometry",NA
"2019/2020","Central Kootenay J","5903058","Other health, parks, recreation and fitness",NA
"2019/2020","Central Kootenay J","5903058","Personal, protective and transportation services",NA
"2019/2020","Yukon","60","Total, field of study",3810
"2019/2020","Yukon","60","Education",NA
"2019/2020","Yukon","60","Visual and performing arts, and communications technologies",NA
"2019/2020","Yukon","60","Humanities",NA
"2019/2020","Yukon","60","Social and behavioural sciences, and legal studies",NA
"2019/2020","Yukon","60","Law",NA
"2019/2020","Yukon","60","Business management and public administration",3810
"2019/2020","Yukon","60","Physical and life sciences and technologies",NA
"2019/2020","Yukon","60","Mathematics, computer and information sciences",NA
"2019/2020","Yukon","60","Engineering",NA
"2019/2020","Yukon","60","Architecture",NA
"2019/2020","Yukon","60","Agriculture, natural resources and conservation",NA
"2019/2020","Yukon","60","Dentistry",NA
"2019/2020","Yukon","60","Medicine",NA
"2019/2020","Yukon","60","Nursing",NA
"2019/2020","Yukon","60","Pharmacy",NA
"2019/2020","Yukon","60","Veterinary medicine",NA
"2019/2020","Yukon","60","Optometry",NA
"2019/2020","Yukon","60","Other health, parks, recreation and fitness",NA
"2019/2020","Yukon","60","Personal, protective and transportation services",NA
"2019/2020","Whitehorse","990","Total, field of study",3810
"2019/2020","Whitehorse","990","Education",NA
"2019/2020","Whitehorse","990","Visual and performing arts, and communications technologies",NA
"2019/2020","Whitehorse","990","Humanities",NA
"2019/2020","Whitehorse","990","Social and behavioural sciences, and legal studies",NA
"2019/2020","Whitehorse","990","Law",NA
"2019/2020","Whitehorse","990","Business management and public administration",3810
"2019/2020","Whitehorse","990","Physical and life sciences and technologies",NA
"2019/2020","Whitehorse","990","Mathematics, computer and information sciences",NA
"2019/2020","Whitehorse","990","Engineering",NA
"2019/2020","Whitehorse","990","Architecture",NA
"2019/2020","Whitehorse","990","Agriculture, natural resources and conservation",NA
"2019/2020","Whitehorse","990","Dentistry",NA
"2019/2020","Whitehorse","990","Medicine",NA
"2019/2020","Whitehorse","990","Nursing",NA
"2019/2020","Whitehorse","990","Pharmacy",NA
"2019/2020","Whitehorse","990","Veterinary medicine",NA
"2019/2020","Whitehorse","990","Optometry",NA
"2019/2020","Whitehorse","990","Other health, parks, recreation and fitness",NA
"2019/2020","Whitehorse","990","Personal, protective and transportation services",NA
"2020/2021","Canada","1","Total, field of study",6580
"2020/2021","Canada","1","Education",4801
"2020/2021","Canada","1","Visual and performing arts, and communications technologies",5843
"2020/2021","Canada","1","Humanities",5635
"2020/2021","Canada","1","Social and behavioural sciences, and legal studies",5639
"2020/2021","Canada","1","Law",12727
"2020/2021","Canada","1","Business management and public administration",6864
"2020/2021","Canada","1","Physical and life sciences and technologies",6149
"2020/2021","Canada","1","Mathematics, computer and information sciences",6861
"2020/2021","Canada","1","Engineering",8067
"2020/2021","Canada","1","Architecture",6462
"2020/2021","Canada","1","Agriculture, natural resources and conservation",5693
"2020/2021","Canada","1","Dentistry",22408
"2020/2021","Canada","1","Medicine",14321
"2020/2021","Canada","1","Nursing",5685
"2020/2021","Canada","1","Pharmacy",11154
"2020/2021","Canada","1","Veterinary medicine",14162
"2020/2021","Canada","1","Optometry",10687
"2020/2021","Canada","1","Other health, parks, recreation and fitness",5993
"2020/2021","Canada","1","Personal, protective and transportation services",5777
"2020/2021","Newfoundland and Labrador","10","Total, field of study",3078
"2020/2021","Newfoundland and Labrador","10","Education",2691
"2020/2021","Newfoundland and Labrador","10","Visual and performing arts, and communications technologies",2708
"2020/2021","Newfoundland and Labrador","10","Humanities",2646
"2020/2021","Newfoundland and Labrador","10","Social and behavioural sciences, and legal studies",2658
"2020/2021","Newfoundland and Labrador","10","Law",NA
"2020/2021","Newfoundland and Labrador","10","Business management and public administration",2695
"2020/2021","Newfoundland and Labrador","10","Physical and life sciences and technologies",2666
"2020/2021","Newfoundland and Labrador","10","Mathematics, computer and information sciences",2667
"2020/2021","Newfoundland and Labrador","10","Engineering",2756
"2020/2021","Newfoundland and Labrador","10","Architecture",NA
"2020/2021","Newfoundland and Labrador","10","Agriculture, natural resources and conservation",2766
"2020/2021","Newfoundland and Labrador","10","Dentistry",NA
"2020/2021","Newfoundland and Labrador","10","Medicine",14250
"2020/2021","Newfoundland and Labrador","10","Nursing",2616
"2020/2021","Newfoundland and Labrador","10","Pharmacy",2839
"2020/2021","Newfoundland and Labrador","10","Veterinary medicine",NA
"2020/2021","Newfoundland and Labrador","10","Optometry",NA
"2020/2021","Newfoundland and Labrador","10","Other health, parks, recreation and fitness",2629
"2020/2021","Newfoundland and Labrador","10","Personal, protective and transportation services",2589
"2020/2021","St. John's","001","Total, field of study",3078
"2020/2021","St. John's","001","Education",2691
"2020/2021","St. John's","001","Visual and performing arts, and communications technologies",2708
"2020/2021","St. John's","001","Humanities",2646
"2020/2021","St. John's","001","Social and behavioural sciences, and legal studies",2658
"2020/2021","St. John's","001","Law",NA
"2020/2021","St. John's","001","Business management and public administration",2695
"2020/2021","St. John's","001","Physical and life sciences and technologies",2666
"2020/2021","St. John's","001","Mathematics, computer and information sciences",2667
"2020/2021","St. John's","001","Engineering",2756
"2020/2021","St. John's","001","Architecture",NA
"2020/2021","St. John's","001","Agriculture, natural resources and conservation",2766
"2020/2021","St. John's","001","Dentistry",NA
"2020/2021","St. John's","001","Medicine",14250
"2020/2021","St. John's","001","Nursing",2616
"2020/2021","St. John's","001","Pharmacy",2839
"2020/2021","St. John's","001","Veterinary medicine",NA
"2020/2021","St. John's","001","Optometry",NA
"2020/2021","St. John's","001","Other health, parks, recreation and fitness",2629
"2020/2021","St. John's","001","Personal, protective and transportation services",2589
"2020/2021","Prince Edward Island","11","Total, field of study",6881
"2020/2021","Prince Edward Island","11","Education",8524
"2020/2021","Prince Edward Island","11","Visual and performing arts, and communications technologies",6390
"2020/2021","Prince Edward Island","11","Humanities",6390
"2020/2021","Prince Edward Island","11","Social and behavioural sciences, and legal studies",6390
"2020/2021","Prince Edward Island","11","Law",NA
"2020/2021","Prince Edward Island","11","Business management and public administration",6390
"2020/2021","Prince Edward Island","11","Physical and life sciences and technologies",6390
"2020/2021","Prince Edward Island","11","Mathematics, computer and information sciences",6390
"2020/2021","Prince Edward Island","11","Engineering",6390
"2020/2021","Prince Edward Island","11","Architecture",NA
"2020/2021","Prince Edward Island","11","Agriculture, natural resources and conservation",6390
"2020/2021","Prince Edward Island","11","Dentistry",NA
"2020/2021","Prince Edward Island","11","Medicine",NA
"2020/2021","Prince Edward Island","11","Nursing",6390
"2020/2021","Prince Edward Island","11","Pharmacy",NA
"2020/2021","Prince Edward Island","11","Veterinary medicine",13525
"2020/2021","Prince Edward Island","11","Optometry",NA
"2020/2021","Prince Edward Island","11","Other health, parks, recreation and fitness",6390
"2020/2021","Prince Edward Island","11","Personal, protective and transportation services",NA
"2020/2021","Charlottetown","105","Total, field of study",6881
"2020/2021","Charlottetown","105","Education",8524
"2020/2021","Charlottetown","105","Visual and performing arts, and communications technologies",6390
"2020/2021","Charlottetown","105","Humanities",6390
"2020/2021","Charlottetown","105","Social and behavioural sciences, and legal studies",6390
"2020/2021","Charlottetown","105","Law",NA
"2020/2021","Charlottetown","105","Business management and public administration",6390
"2020/2021","Charlottetown","105","Physical and life sciences and technologies",6390
"2020/2021","Charlottetown","105","Mathematics, computer and information sciences",6390
"2020/2021","Charlottetown","105","Engineering",6390
"2020/2021","Charlottetown","105","Architecture",NA
"2020/2021","Charlottetown","105","Agriculture, natural resources and conservation",6390
"2020/2021","Charlottetown","105","Dentistry",NA
"2020/2021","Charlottetown","105","Medicine",NA
"2020/2021","Charlottetown","105","Nursing",6390
"2020/2021","Charlottetown","105","Pharmacy",NA
"2020/2021","Charlottetown","105","Veterinary medicine",13525
"2020/2021","Charlottetown","105","Optometry",NA
"2020/2021","Charlottetown","105","Other health, parks, recreation and fitness",6390
"2020/2021","Charlottetown","105","Personal, protective and transportation services",NA
"2020/2021","Nova Scotia","12","Total, field of study",8746
"2020/2021","Nova Scotia","12","Education",7972
"2020/2021","Nova Scotia","12","Visual and performing arts, and communications technologies",8217
"2020/2021","Nova Scotia","12","Humanities",7522
"2020/2021","Nova Scotia","12","Social and behavioural sciences, and legal studies",7688
"2020/2021","Nova Scotia","12","Law",15945
"2020/2021","Nova Scotia","12","Business management and public administration",8309
"2020/2021","Nova Scotia","12","Physical and life sciences and technologies",8263
"2020/2021","Nova Scotia","12","Mathematics, computer and information sciences",8192
"2020/2021","Nova Scotia","12","Engineering",10814
"2020/2021","Nova Scotia","12","Architecture",7903
"2020/2021","Nova Scotia","12","Agriculture, natural resources and conservation",8059
"2020/2021","Nova Scotia","12","Dentistry",26285
"2020/2021","Nova Scotia","12","Medicine",21333
"2020/2021","Nova Scotia","12","Nursing",8631
"2020/2021","Nova Scotia","12","Pharmacy",12757
"2020/2021","Nova Scotia","12","Veterinary medicine",NA
"2020/2021","Nova Scotia","12","Optometry",NA
"2020/2021","Nova Scotia","12","Other health, parks, recreation and fitness",8494
"2020/2021","Nova Scotia","12","Personal, protective and transportation services",8280
"2020/2021","Cape Breton","225","Total, field of study",7490
"2020/2021","Cape Breton","225","Education",8697
"2020/2021","Cape Breton","225","Visual and performing arts, and communications technologies",6997
"2020/2021","Cape Breton","225","Humanities",7107
"2020/2021","Cape Breton","225","Social and behavioural sciences, and legal studies",7045
"2020/2021","Cape Breton","225","Law",NA
"2020/2021","Cape Breton","225","Business management and public administration",7133
"2020/2021","Cape Breton","225","Physical and life sciences and technologies",7059
"2020/2021","Cape Breton","225","Mathematics, computer and information sciences",6997
"2020/2021","Cape Breton","225","Engineering",7492
"2020/2021","Cape Breton","225","Architecture",NA
"2020/2021","Cape Breton","225","Agriculture, natural resources and conservation",6997
"2020/2021","Cape Breton","225","Dentistry",NA
"2020/2021","Cape Breton","225","Medicine",NA
"2020/2021","Cape Breton","225","Nursing",8607
"2020/2021","Cape Breton","225","Pharmacy",NA
"2020/2021","Cape Breton","225","Veterinary medicine",NA
"2020/2021","Cape Breton","225","Optometry",NA
"2020/2021","Cape Breton","225","Other health, parks, recreation and fitness",7318
"2020/2021","Cape Breton","225","Personal, protective and transportation services",8280
"2020/2021","Halifax","205","Total, field of study",8974
"2020/2021","Halifax","205","Education",7378
"2020/2021","Halifax","205","Visual and performing arts, and communications technologies",8194
"2020/2021","Halifax","205","Humanities",7309
"2020/2021","Halifax","205","Social and behavioural sciences, and legal studies",7424
"2020/2021","Halifax","205","Law",15945
"2020/2021","Halifax","205","Business management and public administration",8357
"2020/2021","Halifax","205","Physical and life sciences and technologies",8307
"2020/2021","Halifax","205","Mathematics, computer and information sciences",8155
"2020/2021","Halifax","205","Engineering",11151
"2020/2021","Halifax","205","Architecture",7903
"2020/2021","Halifax","205","Agriculture, natural resources and conservation",7899
"2020/2021","Halifax","205","Dentistry",26285
"2020/2021","Halifax","205","Medicine",21333
"2020/2021","Halifax","205","Nursing",8724
"2020/2021","Halifax","205","Pharmacy",12757
"2020/2021","Halifax","205","Veterinary medicine",NA
"2020/2021","Halifax","205","Optometry",NA
"2020/2021","Halifax","205","Other health, parks, recreation and fitness",8568
"2020/2021","Halifax","205","Personal, protective and transportation services",NA
"2020/2021","Wolfville","1207024","Total, field of study",8443
"2020/2021","Wolfville","1207024","Education",8628
"2020/2021","Wolfville","1207024","Visual and performing arts, and communications technologies",8336
"2020/2021","Wolfville","1207024","Humanities",8381
"2020/2021","Wolfville","1207024","Social and behavioural sciences, and legal studies",8387
"2020/2021","Wolfville","1207024","Law",NA
"2020/2021","Wolfville","1207024","Business management and public administration",8388
"2020/2021","Wolfville","1207024","Physical and life sciences and technologies",8452
"2020/2021","Wolfville","1207024","Mathematics, computer and information sciences",8324
"2020/2021","Wolfville","1207024","Engineering",NA
"2020/2021","Wolfville","1207024","Architecture",NA
"2020/2021","Wolfville","1207024","Agriculture, natural resources and conservation",8598
"2020/2021","Wolfville","1207024","Dentistry",NA
"2020/2021","Wolfville","1207024","Medicine",NA
"2020/2021","Wolfville","1207024","Nursing",NA
"2020/2021","Wolfville","1207024","Pharmacy",NA
"2020/2021","Wolfville","1207024","Veterinary medicine",NA
"2020/2021","Wolfville","1207024","Optometry",NA
"2020/2021","Wolfville","1207024","Other health, parks, recreation and fitness",8556
"2020/2021","Wolfville","1207024","Personal, protective and transportation services",NA
"2020/2021","Clare","1203001","Total, field of study",7528
"2020/2021","Clare","1203001","Education",7433
"2020/2021","Clare","1203001","Visual and performing arts, and communications technologies",NA
"2020/2021","Clare","1203001","Humanities",6897
"2020/2021","Clare","1203001","Social and behavioural sciences, and legal studies",NA
"2020/2021","Clare","1203001","Law",NA
"2020/2021","Clare","1203001","Business management and public administration",6859
"2020/2021","Clare","1203001","Physical and life sciences and technologies",8492
"2020/2021","Clare","1203001","Mathematics, computer and information sciences",NA
"2020/2021","Clare","1203001","Engineering",NA
"2020/2021","Clare","1203001","Architecture",NA
"2020/2021","Clare","1203001","Agriculture, natural resources and conservation",NA
"2020/2021","Clare","1203001","Dentistry",NA
"2020/2021","Clare","1203001","Medicine",NA
"2020/2021","Clare","1203001","Nursing",NA
"2020/2021","Clare","1203001","Pharmacy",NA
"2020/2021","Clare","1203001","Veterinary medicine",NA
"2020/2021","Clare","1203001","Optometry",NA
"2020/2021","Clare","1203001","Other health, parks, recreation and fitness",NA
"2020/2021","Clare","1203001","Personal, protective and transportation services",NA
"2020/2021","Antigonish","1214002","Total, field of study",8495
"2020/2021","Antigonish","1214002","Education",8185
"2020/2021","Antigonish","1214002","Visual and performing arts, and communications technologies",8454
"2020/2021","Antigonish","1214002","Humanities",8482
"2020/2021","Antigonish","1214002","Social and behavioural sciences, and legal studies",8564
"2020/2021","Antigonish","1214002","Law",NA
"2020/2021","Antigonish","1214002","Business management and public administration",8610
"2020/2021","Antigonish","1214002","Physical and life sciences and technologies",8368
"2020/2021","Antigonish","1214002","Mathematics, computer and information sciences",8289
"2020/2021","Antigonish","1214002","Engineering",NA
"2020/2021","Antigonish","1214002","Architecture",NA
"2020/2021","Antigonish","1214002","Agriculture, natural resources and conservation",8614
"2020/2021","Antigonish","1214002","Dentistry",NA
"2020/2021","Antigonish","1214002","Medicine",NA
"2020/2021","Antigonish","1214002","Nursing",8560
"2020/2021","Antigonish","1214002","Pharmacy",NA
"2020/2021","Antigonish","1214002","Veterinary medicine",NA
"2020/2021","Antigonish","1214002","Optometry",NA
"2020/2021","Antigonish","1214002","Other health, parks, recreation and fitness",8433
"2020/2021","Antigonish","1214002","Personal, protective and transportation services",NA
"2020/2021","New Brunswick","13","Total, field of study",7740
"2020/2021","New Brunswick","13","Education",7500
"2020/2021","New Brunswick","13","Visual and performing arts, and communications technologies",8060
"2020/2021","New Brunswick","13","Humanities",7390
"2020/2021","New Brunswick","13","Social and behavioural sciences, and legal studies",7591
"2020/2021","New Brunswick","13","Law",10291
"2020/2021","New Brunswick","13","Business management and public administration",7991
"2020/2021","New Brunswick","13","Physical and life sciences and technologies",7768
"2020/2021","New Brunswick","13","Mathematics, computer and information sciences",7338
"2020/2021","New Brunswick","13","Engineering",8575
"2020/2021","New Brunswick","13","Architecture",NA
"2020/2021","New Brunswick","13","Agriculture, natural resources and conservation",7288
"2020/2021","New Brunswick","13","Dentistry",NA
"2020/2021","New Brunswick","13","Medicine",NA
"2020/2021","New Brunswick","13","Nursing",7536
"2020/2021","New Brunswick","13","Pharmacy",NA
"2020/2021","New Brunswick","13","Veterinary medicine",NA
"2020/2021","New Brunswick","13","Optometry",NA
"2020/2021","New Brunswick","13","Other health, parks, recreation and fitness",6886
"2020/2021","New Brunswick","13","Personal, protective and transportation services",NA
"2020/2021","Moncton","305","Total, field of study",6631
"2020/2021","Moncton","305","Education",6562
"2020/2021","Moncton","305","Visual and performing arts, and communications technologies",6562
"2020/2021","Moncton","305","Humanities",6562
"2020/2021","Moncton","305","Social and behavioural sciences, and legal studies",6562
"2020/2021","Moncton","305","Law",6562
"2020/2021","Moncton","305","Business management and public administration",6562
"2020/2021","Moncton","305","Physical and life sciences and technologies",6562
"2020/2021","Moncton","305","Mathematics, computer and information sciences",6562
"2020/2021","Moncton","305","Engineering",6562
"2020/2021","Moncton","305","Architecture",NA
"2020/2021","Moncton","305","Agriculture, natural resources and conservation",6562
"2020/2021","Moncton","305","Dentistry",NA
"2020/2021","Moncton","305","Medicine",NA
"2020/2021","Moncton","305","Nursing",7062
"2020/2021","Moncton","305","Pharmacy",NA
"2020/2021","Moncton","305","Veterinary medicine",NA
"2020/2021","Moncton","305","Optometry",NA
"2020/2021","Moncton","305","Other health, parks, recreation and fitness",6562
"2020/2021","Moncton","305","Personal, protective and transportation services",NA
"2020/2021","Fredericton","320","Total, field of study",7814
"2020/2021","Fredericton","320","Education",9583
"2020/2021","Fredericton","320","Visual and performing arts, and communications technologies",7150
"2020/2021","Fredericton","320","Humanities",7160
"2020/2021","Fredericton","320","Social and behavioural sciences, and legal studies",7162
"2020/2021","Fredericton","320","Law",11920
"2020/2021","Fredericton","320","Business management and public administration",8445
"2020/2021","Fredericton","320","Physical and life sciences and technologies",7150
"2020/2021","Fredericton","320","Mathematics, computer and information sciences",7150
"2020/2021","Fredericton","320","Engineering",8956
"2020/2021","Fredericton","320","Architecture",NA
"2020/2021","Fredericton","320","Agriculture, natural resources and conservation",7150
"2020/2021","Fredericton","320","Dentistry",NA
"2020/2021","Fredericton","320","Medicine",NA
"2020/2021","Fredericton","320","Nursing",7905
"2020/2021","Fredericton","320","Pharmacy",NA
"2020/2021","Fredericton","320","Veterinary medicine",NA
"2020/2021","Fredericton","320","Optometry",NA
"2020/2021","Fredericton","320","Other health, parks, recreation and fitness",7150
"2020/2021","Fredericton","320","Personal, protective and transportation services",NA
"2020/2021","Sackville","1307009","Total, field of study",9165
"2020/2021","Sackville","1307009","Education",NA
"2020/2021","Sackville","1307009","Visual and performing arts, and communications technologies",9165
"2020/2021","Sackville","1307009","Humanities",9165
"2020/2021","Sackville","1307009","Social and behavioural sciences, and legal studies",9165
"2020/2021","Sackville","1307009","Law",NA
"2020/2021","Sackville","1307009","Business management and public administration",9165
"2020/2021","Sackville","1307009","Physical and life sciences and technologies",9165
"2020/2021","Sackville","1307009","Mathematics, computer and information sciences",9165
"2020/2021","Sackville","1307009","Engineering",NA
"2020/2021","Sackville","1307009","Architecture",NA
"2020/2021","Sackville","1307009","Agriculture, natural resources and conservation",9165
"2020/2021","Sackville","1307009","Dentistry",NA
"2020/2021","Sackville","1307009","Medicine",NA
"2020/2021","Sackville","1307009","Nursing",NA
"2020/2021","Sackville","1307009","Pharmacy",NA
"2020/2021","Sackville","1307009","Veterinary medicine",NA
"2020/2021","Sackville","1307009","Optometry",NA
"2020/2021","Sackville","1307009","Other health, parks, recreation and fitness",NA
"2020/2021","Sackville","1307009","Personal, protective and transportation services",NA
"2020/2021","Quebec","24","Total, field of study",3152
"2020/2021","Quebec","24","Education",2731
"2020/2021","Quebec","24","Visual and performing arts, and communications technologies",3124
"2020/2021","Quebec","24","Humanities",4219
"2020/2021","Quebec","24","Social and behavioural sciences, and legal studies",3248
"2020/2021","Quebec","24","Law",3027
"2020/2021","Quebec","24","Business management and public administration",3127
"2020/2021","Quebec","24","Physical and life sciences and technologies",3429
"2020/2021","Quebec","24","Mathematics, computer and information sciences",3288
"2020/2021","Quebec","24","Engineering",3049
"2020/2021","Quebec","24","Architecture",2861
"2020/2021","Quebec","24","Agriculture, natural resources and conservation",3035
"2020/2021","Quebec","24","Dentistry",3932
"2020/2021","Quebec","24","Medicine",3536
"2020/2021","Quebec","24","Nursing",2808
"2020/2021","Quebec","24","Pharmacy",2732
"2020/2021","Quebec","24","Veterinary medicine",2747
"2020/2021","Quebec","24","Optometry",3202
"2020/2021","Quebec","24","Other health, parks, recreation and fitness",3160
"2020/2021","Quebec","24","Personal, protective and transportation services",2700
"2020/2021","Montreal","462","Total, field of study",3293
"2020/2021","Montreal","462","Education",2745
"2020/2021","Montreal","462","Visual and performing arts, and communications technologies",3347
"2020/2021","Montreal","462","Humanities",4667
"2020/2021","Montreal","462","Social and behavioural sciences, and legal studies",3340
"2020/2021","Montreal","462","Law",3132
"2020/2021","Montreal","462","Business management and public administration",3247
"2020/2021","Montreal","462","Physical and life sciences and technologies",3564
"2020/2021","Montreal","462","Mathematics, computer and information sciences",3453
"2020/2021","Montreal","462","Engineering",3114
"2020/2021","Montreal","462","Architecture",2915
"2020/2021","Montreal","462","Agriculture, natural resources and conservation",3719
"2020/2021","Montreal","462","Dentistry",4356
"2020/2021","Montreal","462","Medicine",3821
"2020/2021","Montreal","462","Nursing",2960
"2020/2021","Montreal","462","Pharmacy",2699
"2020/2021","Montreal","462","Veterinary medicine",2747
"2020/2021","Montreal","462","Optometry",3202
"2020/2021","Montreal","462","Other health, parks, recreation and fitness",3364
"2020/2021","Montreal","462","Personal, protective and transportation services",2701
"2020/2021","Sherbrooke","433","Total, field of study",4947
"2020/2021","Sherbrooke","433","Education",4681
"2020/2021","Sherbrooke","433","Visual and performing arts, and communications technologies",4813
"2020/2021","Sherbrooke","433","Humanities",4658
"2020/2021","Sherbrooke","433","Social and behavioural sciences, and legal studies",4998
"2020/2021","Sherbrooke","433","Law",2644
"2020/2021","Sherbrooke","433","Business management and public administration",4867
"2020/2021","Sherbrooke","433","Physical and life sciences and technologies",5498
"2020/2021","Sherbrooke","433","Mathematics, computer and information sciences",4477
"2020/2021","Sherbrooke","433","Engineering",2656
"2020/2021","Sherbrooke","433","Architecture",NA
"2020/2021","Sherbrooke","433","Agriculture, natural resources and conservation",8186
"2020/2021","Sherbrooke","433","Dentistry",NA
"2020/2021","Sherbrooke","433","Medicine",3493
"2020/2021","Sherbrooke","433","Nursing",2712
"2020/2021","Sherbrooke","433","Pharmacy",NA
"2020/2021","Sherbrooke","433","Veterinary medicine",NA
"2020/2021","Sherbrooke","433","Optometry",NA
"2020/2021","Sherbrooke","433","Other health, parks, recreation and fitness",2663
"2020/2021","Sherbrooke","433","Personal, protective and transportation services",NA
"2020/2021","Saguenay","408","Total, field of study",2660
"2020/2021","Saguenay","408","Education",2665
"2020/2021","Saguenay","408","Visual and performing arts, and communications technologies",2638
"2020/2021","Saguenay","408","Humanities",2944
"2020/2021","Saguenay","408","Social and behavioural sciences, and legal studies",2623
"2020/2021","Saguenay","408","Law",NA
"2020/2021","Saguenay","408","Business management and public administration",2652
"2020/2021","Saguenay","408","Physical and life sciences and technologies",2623
"2020/2021","Saguenay","408","Mathematics, computer and information sciences",2623
"2020/2021","Saguenay","408","Engineering",2689
"2020/2021","Saguenay","408","Architecture",NA
"2020/2021","Saguenay","408","Agriculture, natural resources and conservation",2623
"2020/2021","Saguenay","408","Dentistry",NA
"2020/2021","Saguenay","408","Medicine",NA
"2020/2021","Saguenay","408","Nursing",2623
"2020/2021","Saguenay","408","Pharmacy",NA
"2020/2021","Saguenay","408","Veterinary medicine",NA
"2020/2021","Saguenay","408","Optometry",NA
"2020/2021","Saguenay","408","Other health, parks, recreation and fitness",2623
"2020/2021","Saguenay","408","Personal, protective and transportation services",NA
"2020/2021","Rouyn-Noranda","485","Total, field of study",2635
"2020/2021","Rouyn-Noranda","485","Education",2623
"2020/2021","Rouyn-Noranda","485","Visual and performing arts, and communications technologies",2623
"2020/2021","Rouyn-Noranda","485","Humanities",NA
"2020/2021","Rouyn-Noranda","485","Social and behavioural sciences, and legal studies",2623
"2020/2021","Rouyn-Noranda","485","Law",NA
"2020/2021","Rouyn-Noranda","485","Business management and public administration",2623
"2020/2021","Rouyn-Noranda","485","Physical and life sciences and technologies",NA
"2020/2021","Rouyn-Noranda","485","Mathematics, computer and information sciences",NA
"2020/2021","Rouyn-Noranda","485","Engineering",2623
"2020/2021","Rouyn-Noranda","485","Architecture",NA
"2020/2021","Rouyn-Noranda","485","Agriculture, natural resources and conservation",NA
"2020/2021","Rouyn-Noranda","485","Dentistry",NA
"2020/2021","Rouyn-Noranda","485","Medicine",NA
"2020/2021","Rouyn-Noranda","485","Nursing",2734
"2020/2021","Rouyn-Noranda","485","Pharmacy",NA
"2020/2021","Rouyn-Noranda","485","Veterinary medicine",NA
"2020/2021","Rouyn-Noranda","485","Optometry",NA
"2020/2021","Rouyn-Noranda","485","Other health, parks, recreation and fitness",NA
"2020/2021","Rouyn-Noranda","485","Personal, protective and transportation services",NA
"2020/2021","Trois-Rivières","442","Total, field of study",2642
"2020/2021","Trois-Rivières","442","Education",2623
"2020/2021","Trois-Rivières","442","Visual and performing arts, and communications technologies",2623
"2020/2021","Trois-Rivières","442","Humanities",2714
"2020/2021","Trois-Rivières","442","Social and behavioural sciences, and legal studies",2631
"2020/2021","Trois-Rivières","442","Law",NA
"2020/2021","Trois-Rivières","442","Business management and public administration",2640
"2020/2021","Trois-Rivières","442","Physical and life sciences and technologies",2623
"2020/2021","Trois-Rivières","442","Mathematics, computer and information sciences",2769
"2020/2021","Trois-Rivières","442","Engineering",2668
"2020/2021","Trois-Rivières","442","Architecture",NA
"2020/2021","Trois-Rivières","442","Agriculture, natural resources and conservation",NA
"2020/2021","Trois-Rivières","442","Dentistry",NA
"2020/2021","Trois-Rivières","442","Medicine",NA
"2020/2021","Trois-Rivières","442","Nursing",2630
"2020/2021","Trois-Rivières","442","Pharmacy",NA
"2020/2021","Trois-Rivières","442","Veterinary medicine",NA
"2020/2021","Trois-Rivières","442","Optometry",NA
"2020/2021","Trois-Rivières","442","Other health, parks, recreation and fitness",2666
"2020/2021","Trois-Rivières","442","Personal, protective and transportation services",2623
"2020/2021","Ottawa-Gatineau, Quebec part, Ontario/Quebec",NA,"Total, field of study",2760
"2020/2021","Ottawa-Gatineau, Quebec part, Ontario/Quebec",NA,"Education",2675
"2020/2021","Ottawa-Gatineau, Quebec part, Ontario/Quebec",NA,"Visual and performing arts, and communications technologies",2711
"2020/2021","Ottawa-Gatineau, Quebec part, Ontario/Quebec",NA,"Humanities",2623
"2020/2021","Ottawa-Gatineau, Quebec part, Ontario/Quebec",NA,"Social and behavioural sciences, and legal studies",2774
"2020/2021","Ottawa-Gatineau, Quebec part, Ontario/Quebec",NA,"Law",NA
"2020/2021","Ottawa-Gatineau, Quebec part, Ontario/Quebec",NA,"Business management and public administration",2797
"2020/2021","Ottawa-Gatineau, Quebec part, Ontario/Quebec",NA,"Physical and life sciences and technologies",NA
"2020/2021","Ottawa-Gatineau, Quebec part, Ontario/Quebec",NA,"Mathematics, computer and information sciences",3187
"2020/2021","Ottawa-Gatineau, Quebec part, Ontario/Quebec",NA,"Engineering",3087
"2020/2021","Ottawa-Gatineau, Quebec part, Ontario/Quebec",NA,"Architecture",NA
"2020/2021","Ottawa-Gatineau, Quebec part, Ontario/Quebec",NA,"Agriculture, natural resources and conservation",NA
"2020/2021","Ottawa-Gatineau, Quebec part, Ontario/Quebec",NA,"Dentistry",NA
"2020/2021","Ottawa-Gatineau, Quebec part, Ontario/Quebec",NA,"Medicine",NA
"2020/2021","Ottawa-Gatineau, Quebec part, Ontario/Quebec",NA,"Nursing",2662
"2020/2021","Ottawa-Gatineau, Quebec part, Ontario/Quebec",NA,"Pharmacy",NA
"2020/2021","Ottawa-Gatineau, Quebec part, Ontario/Quebec",NA,"Veterinary medicine",NA
"2020/2021","Ottawa-Gatineau, Quebec part, Ontario/Quebec",NA,"Optometry",NA
"2020/2021","Ottawa-Gatineau, Quebec part, Ontario/Quebec",NA,"Other health, parks, recreation and fitness",NA
"2020/2021","Ottawa-Gatineau, Quebec part, Ontario/Quebec",NA,"Personal, protective and transportation services",NA
"2020/2021","Québec","421","Total, field of study",2679
"2020/2021","Québec","421","Education",2644
"2020/2021","Québec","421","Visual and performing arts, and communications technologies",2637
"2020/2021","Québec","421","Humanities",2649
"2020/2021","Québec","421","Social and behavioural sciences, and legal studies",2658
"2020/2021","Québec","421","Law",2656
"2020/2021","Québec","421","Business management and public administration",2674
"2020/2021","Québec","421","Physical and life sciences and technologies",2720
"2020/2021","Québec","421","Mathematics, computer and information sciences",2659
"2020/2021","Québec","421","Engineering",2688
"2020/2021","Québec","421","Architecture",2663
"2020/2021","Québec","421","Agriculture, natural resources and conservation",2664
"2020/2021","Québec","421","Dentistry",2757
"2020/2021","Québec","421","Medicine",2764
"2020/2021","Québec","421","Nursing",2666
"2020/2021","Québec","421","Pharmacy",2774
"2020/2021","Québec","421","Veterinary medicine",NA
"2020/2021","Québec","421","Optometry",NA
"2020/2021","Québec","421","Other health, parks, recreation and fitness",2735
"2020/2021","Québec","421","Personal, protective and transportation services",NA
"2020/2021","Rimouski","404","Total, field of study",2647
"2020/2021","Rimouski","404","Education",2647
"2020/2021","Rimouski","404","Visual and performing arts, and communications technologies",NA
"2020/2021","Rimouski","404","Humanities",2623
"2020/2021","Rimouski","404","Social and behavioural sciences, and legal studies",2623
"2020/2021","Rimouski","404","Law",NA
"2020/2021","Rimouski","404","Business management and public administration",2623
"2020/2021","Rimouski","404","Physical and life sciences and technologies",2773
"2020/2021","Rimouski","404","Mathematics, computer and information sciences",2815
"2020/2021","Rimouski","404","Engineering",2726
"2020/2021","Rimouski","404","Architecture",NA
"2020/2021","Rimouski","404","Agriculture, natural resources and conservation",NA
"2020/2021","Rimouski","404","Dentistry",NA
"2020/2021","Rimouski","404","Medicine",NA
"2020/2021","Rimouski","404","Nursing",2623
"2020/2021","Rimouski","404","Pharmacy",NA
"2020/2021","Rimouski","404","Veterinary medicine",NA
"2020/2021","Rimouski","404","Optometry",NA
"2020/2021","Rimouski","404","Other health, parks, recreation and fitness",NA
"2020/2021","Rimouski","404","Personal, protective and transportation services",NA
"2020/2021","Ontario","35","Total, field of study",7938
"2020/2021","Ontario","35","Education",6265
"2020/2021","Ontario","35","Visual and performing arts, and communications technologies",6493
"2020/2021","Ontario","35","Humanities",6083
"2020/2021","Ontario","35","Social and behavioural sciences, and legal studies",6145
"2020/2021","Ontario","35","Law",19434
"2020/2021","Ontario","35","Business management and public administration",9405
"2020/2021","Ontario","35","Physical and life sciences and technologies",6835
"2020/2021","Ontario","35","Mathematics, computer and information sciences",7977
"2020/2021","Ontario","35","Engineering",11336
"2020/2021","Ontario","35","Architecture",7998
"2020/2021","Ontario","35","Agriculture, natural resources and conservation",6157
"2020/2021","Ontario","35","Dentistry",36425
"2020/2021","Ontario","35","Medicine",24154
"2020/2021","Ontario","35","Nursing",6273
"2020/2021","Ontario","35","Pharmacy",17973
"2020/2021","Ontario","35","Veterinary medicine",8070
"2020/2021","Ontario","35","Optometry",15270
"2020/2021","Ontario","35","Other health, parks, recreation and fitness",6579
"2020/2021","Ontario","35","Personal, protective and transportation services",6289
"2020/2021","St. Catharines-Niagara","539","Total, field of study",6298
"2020/2021","St. Catharines-Niagara","539","Education",6089
"2020/2021","St. Catharines-Niagara","539","Visual and performing arts, and communications technologies",6003
"2020/2021","St. Catharines-Niagara","539","Humanities",6003
"2020/2021","St. Catharines-Niagara","539","Social and behavioural sciences, and legal studies",6003
"2020/2021","St. Catharines-Niagara","539","Law",NA
"2020/2021","St. Catharines-Niagara","539","Business management and public administration",7267
"2020/2021","St. Catharines-Niagara","539","Physical and life sciences and technologies",6003
"2020/2021","St. Catharines-Niagara","539","Mathematics, computer and information sciences",7123
"2020/2021","St. Catharines-Niagara","539","Engineering",NA
"2020/2021","St. Catharines-Niagara","539","Architecture",NA
"2020/2021","St. Catharines-Niagara","539","Agriculture, natural resources and conservation",6003
"2020/2021","St. Catharines-Niagara","539","Dentistry",NA
"2020/2021","St. Catharines-Niagara","539","Medicine",NA
"2020/2021","St. Catharines-Niagara","539","Nursing",6003
"2020/2021","St. Catharines-Niagara","539","Pharmacy",NA
"2020/2021","St. Catharines-Niagara","539","Veterinary medicine",NA
"2020/2021","St. Catharines-Niagara","539","Optometry",NA
"2020/2021","St. Catharines-Niagara","539","Other health, parks, recreation and fitness",6003
"2020/2021","St. Catharines-Niagara","539","Personal, protective and transportation services",NA
"2020/2021","Ottawa-Gatineau, Ontario part, Ontario/Quebec",NA,"Total, field of study",7592
"2020/2021","Ottawa-Gatineau, Ontario part, Ontario/Quebec",NA,"Education",6088
"2020/2021","Ottawa-Gatineau, Ontario part, Ontario/Quebec",NA,"Visual and performing arts, and communications technologies",7271
"2020/2021","Ottawa-Gatineau, Ontario part, Ontario/Quebec",NA,"Humanities",6070
"2020/2021","Ottawa-Gatineau, Ontario part, Ontario/Quebec",NA,"Social and behavioural sciences, and legal studies",6437
"2020/2021","Ottawa-Gatineau, Ontario part, Ontario/Quebec",NA,"Law",13708
"2020/2021","Ottawa-Gatineau, Ontario part, Ontario/Quebec",NA,"Business management and public administration",7397
"2020/2021","Ottawa-Gatineau, Ontario part, Ontario/Quebec",NA,"Physical and life sciences and technologies",6084
"2020/2021","Ottawa-Gatineau, Ontario part, Ontario/Quebec",NA,"Mathematics, computer and information sciences",7432
"2020/2021","Ottawa-Gatineau, Ontario part, Ontario/Quebec",NA,"Engineering",10113
"2020/2021","Ottawa-Gatineau, Ontario part, Ontario/Quebec",NA,"Architecture",9614
"2020/2021","Ottawa-Gatineau, Ontario part, Ontario/Quebec",NA,"Agriculture, natural resources and conservation",6075
"2020/2021","Ottawa-Gatineau, Ontario part, Ontario/Quebec",NA,"Dentistry",NA
"2020/2021","Ottawa-Gatineau, Ontario part, Ontario/Quebec",NA,"Medicine",25487
"2020/2021","Ottawa-Gatineau, Ontario part, Ontario/Quebec",NA,"Nursing",6088
"2020/2021","Ottawa-Gatineau, Ontario part, Ontario/Quebec",NA,"Pharmacy",NA
"2020/2021","Ottawa-Gatineau, Ontario part, Ontario/Quebec",NA,"Veterinary medicine",NA
"2020/2021","Ottawa-Gatineau, Ontario part, Ontario/Quebec",NA,"Optometry",NA
"2020/2021","Ottawa-Gatineau, Ontario part, Ontario/Quebec",NA,"Other health, parks, recreation and fitness",6087
"2020/2021","Ottawa-Gatineau, Ontario part, Ontario/Quebec",NA,"Personal, protective and transportation services",6682
"2020/2021","Guelph","550","Total, field of study",6588
"2020/2021","Guelph","550","Education",NA
"2020/2021","Guelph","550","Visual and performing arts, and communications technologies",5992
"2020/2021","Guelph","550","Humanities",5992
"2020/2021","Guelph","550","Social and behavioural sciences, and legal studies",5992
"2020/2021","Guelph","550","Law",NA
"2020/2021","Guelph","550","Business management and public administration",7431
"2020/2021","Guelph","550","Physical and life sciences and technologies",5992
"2020/2021","Guelph","550","Mathematics, computer and information sciences",7431
"2020/2021","Guelph","550","Engineering",9091
"2020/2021","Guelph","550","Architecture",8070
"2020/2021","Guelph","550","Agriculture, natural resources and conservation",5992
"2020/2021","Guelph","550","Dentistry",NA
"2020/2021","Guelph","550","Medicine",NA
"2020/2021","Guelph","550","Nursing",NA
"2020/2021","Guelph","550","Pharmacy",NA
"2020/2021","Guelph","550","Veterinary medicine",8070
"2020/2021","Guelph","550","Optometry",NA
"2020/2021","Guelph","550","Other health, parks, recreation and fitness",5992
"2020/2021","Guelph","550","Personal, protective and transportation services",5992
"2020/2021","Thunder Bay","595","Total, field of study",6489
"2020/2021","Thunder Bay","595","Education",5940
"2020/2021","Thunder Bay","595","Visual and performing arts, and communications technologies",5692
"2020/2021","Thunder Bay","595","Humanities",5692
"2020/2021","Thunder Bay","595","Social and behavioural sciences, and legal studies",5692
"2020/2021","Thunder Bay","595","Law",16265
"2020/2021","Thunder Bay","595","Business management and public administration",6285
"2020/2021","Thunder Bay","595","Physical and life sciences and technologies",5692
"2020/2021","Thunder Bay","595","Mathematics, computer and information sciences",5692
"2020/2021","Thunder Bay","595","Engineering",7298
"2020/2021","Thunder Bay","595","Architecture",NA
"2020/2021","Thunder Bay","595","Agriculture, natural resources and conservation",5692
"2020/2021","Thunder Bay","595","Dentistry",NA
"2020/2021","Thunder Bay","595","Medicine",NA
"2020/2021","Thunder Bay","595","Nursing",5692
"2020/2021","Thunder Bay","595","Pharmacy",NA
"2020/2021","Thunder Bay","595","Veterinary medicine",NA
"2020/2021","Thunder Bay","595","Optometry",NA
"2020/2021","Thunder Bay","595","Other health, parks, recreation and fitness",5692
"2020/2021","Thunder Bay","595","Personal, protective and transportation services",NA
"2020/2021","Greater Sudbury","580","Total, field of study",6493
"2020/2021","Greater Sudbury","580","Education",5839
"2020/2021","Greater Sudbury","580","Visual and performing arts, and communications technologies",5839
"2020/2021","Greater Sudbury","580","Humanities",5839
"2020/2021","Greater Sudbury","580","Social and behavioural sciences, and legal studies",5839
"2020/2021","Greater Sudbury","580","Law",NA
"2020/2021","Greater Sudbury","580","Business management and public administration",7435
"2020/2021","Greater Sudbury","580","Physical and life sciences and technologies",5839
"2020/2021","Greater Sudbury","580","Mathematics, computer and information sciences",7435
"2020/2021","Greater Sudbury","580","Engineering",8069
"2020/2021","Greater Sudbury","580","Architecture",9709
"2020/2021","Greater Sudbury","580","Agriculture, natural resources and conservation",5839
"2020/2021","Greater Sudbury","580","Dentistry",NA
"2020/2021","Greater Sudbury","580","Medicine",NA
"2020/2021","Greater Sudbury","580","Nursing",5839
"2020/2021","Greater Sudbury","580","Pharmacy",NA
"2020/2021","Greater Sudbury","580","Veterinary medicine",NA
"2020/2021","Greater Sudbury","580","Optometry",NA
"2020/2021","Greater Sudbury","580","Other health, parks, recreation and fitness",5839
"2020/2021","Greater Sudbury","580","Personal, protective and transportation services",5839
"2020/2021","Hamilton","537","Total, field of study",8194
"2020/2021","Hamilton","537","Education",NA
"2020/2021","Hamilton","537","Visual and performing arts, and communications technologies",5999
"2020/2021","Hamilton","537","Humanities",5999
"2020/2021","Hamilton","537","Social and behavioural sciences, and legal studies",5999
"2020/2021","Hamilton","537","Law",NA
"2020/2021","Hamilton","537","Business management and public administration",9665
"2020/2021","Hamilton","537","Physical and life sciences and technologies",5999
"2020/2021","Hamilton","537","Mathematics, computer and information sciences",5999
"2020/2021","Hamilton","537","Engineering",10172
"2020/2021","Hamilton","537","Architecture",NA
"2020/2021","Hamilton","537","Agriculture, natural resources and conservation",5999
"2020/2021","Hamilton","537","Dentistry",NA
"2020/2021","Hamilton","537","Medicine",25130
"2020/2021","Hamilton","537","Nursing",7147
"2020/2021","Hamilton","537","Pharmacy",NA
"2020/2021","Hamilton","537","Veterinary medicine",NA
"2020/2021","Hamilton","537","Optometry",NA
"2020/2021","Hamilton","537","Other health, parks, recreation and fitness",8971
"2020/2021","Hamilton","537","Personal, protective and transportation services",NA
"2020/2021","North Bay","575","Total, field of study",6035
"2020/2021","North Bay","575","Education",6621
"2020/2021","North Bay","575","Visual and performing arts, and communications technologies",5781
"2020/2021","North Bay","575","Humanities",5781
"2020/2021","North Bay","575","Social and behavioural sciences, and legal studies",5781
"2020/2021","North Bay","575","Law",NA
"2020/2021","North Bay","575","Business management and public administration",6529
"2020/2021","North Bay","575","Physical and life sciences and technologies",5781
"2020/2021","North Bay","575","Mathematics, computer and information sciences",6529
"2020/2021","North Bay","575","Engineering",NA
"2020/2021","North Bay","575","Architecture",NA
"2020/2021","North Bay","575","Agriculture, natural resources and conservation",5781
"2020/2021","North Bay","575","Dentistry",NA
"2020/2021","North Bay","575","Medicine",NA
"2020/2021","North Bay","575","Nursing",5781
"2020/2021","North Bay","575","Pharmacy",NA
"2020/2021","North Bay","575","Veterinary medicine",NA
"2020/2021","North Bay","575","Optometry",NA
"2020/2021","North Bay","575","Other health, parks, recreation and fitness",5781
"2020/2021","North Bay","575","Personal, protective and transportation services",5781
"2020/2021","Kingston","521","Total, field of study",8587
"2020/2021","Kingston","521","Education",5997
"2020/2021","Kingston","521","Visual and performing arts, and communications technologies",6083
"2020/2021","Kingston","521","Humanities",6083
"2020/2021","Kingston","521","Social and behavioural sciences, and legal studies",6091
"2020/2021","Kingston","521","Law",18188
"2020/2021","Kingston","521","Business management and public administration",15547
"2020/2021","Kingston","521","Physical and life sciences and technologies",6083
"2020/2021","Kingston","521","Mathematics, computer and information sciences",6240
"2020/2021","Kingston","521","Engineering",10603
"2020/2021","Kingston","521","Architecture",NA
"2020/2021","Kingston","521","Agriculture, natural resources and conservation",6083
"2020/2021","Kingston","521","Dentistry",NA
"2020/2021","Kingston","521","Medicine",23513
"2020/2021","Kingston","521","Nursing",6387
"2020/2021","Kingston","521","Pharmacy",NA
"2020/2021","Kingston","521","Veterinary medicine",NA
"2020/2021","Kingston","521","Optometry",NA
"2020/2021","Kingston","521","Other health, parks, recreation and fitness",6083
"2020/2021","Kingston","521","Personal, protective and transportation services",NA
"2020/2021","Peterborough","529","Total, field of study",6118
"2020/2021","Peterborough","529","Education",6118
"2020/2021","Peterborough","529","Visual and performing arts, and communications technologies",NA
"2020/2021","Peterborough","529","Humanities",6118
"2020/2021","Peterborough","529","Social and behavioural sciences, and legal studies",6118
"2020/2021","Peterborough","529","Law",NA
"2020/2021","Peterborough","529","Business management and public administration",6118
"2020/2021","Peterborough","529","Physical and life sciences and technologies",6118
"2020/2021","Peterborough","529","Mathematics, computer and information sciences",6118
"2020/2021","Peterborough","529","Engineering",NA
"2020/2021","Peterborough","529","Architecture",NA
"2020/2021","Peterborough","529","Agriculture, natural resources and conservation",6118
"2020/2021","Peterborough","529","Dentistry",NA
"2020/2021","Peterborough","529","Medicine",NA
"2020/2021","Peterborough","529","Nursing",6118
"2020/2021","Peterborough","529","Pharmacy",NA
"2020/2021","Peterborough","529","Veterinary medicine",NA
"2020/2021","Peterborough","529","Optometry",NA
"2020/2021","Peterborough","529","Other health, parks, recreation and fitness",6118
"2020/2021","Peterborough","529","Personal, protective and transportation services",6118
"2020/2021","Windsor","559","Total, field of study",7798
"2020/2021","Windsor","559","Education",6821
"2020/2021","Windsor","559","Visual and performing arts, and communications technologies",5800
"2020/2021","Windsor","559","Humanities",5800
"2020/2021","Windsor","559","Social and behavioural sciences, and legal studies",5800
"2020/2021","Windsor","559","Law",17556
"2020/2021","Windsor","559","Business management and public administration",8681
"2020/2021","Windsor","559","Physical and life sciences and technologies",5972
"2020/2021","Windsor","559","Mathematics, computer and information sciences",8939
"2020/2021","Windsor","559","Engineering",9419
"2020/2021","Windsor","559","Architecture",NA
"2020/2021","Windsor","559","Agriculture, natural resources and conservation",5972
"2020/2021","Windsor","559","Dentistry",NA
"2020/2021","Windsor","559","Medicine",NA
"2020/2021","Windsor","559","Nursing",5800
"2020/2021","Windsor","559","Pharmacy",NA
"2020/2021","Windsor","559","Veterinary medicine",NA
"2020/2021","Windsor","559","Optometry",NA
"2020/2021","Windsor","559","Other health, parks, recreation and fitness",5972
"2020/2021","Windsor","559","Personal, protective and transportation services",5972
"2020/2021","Toronto","535","Total, field of study",7990
"2020/2021","Toronto","535","Education",6118
"2020/2021","Toronto","535","Visual and performing arts, and communications technologies",6517
"2020/2021","Toronto","535","Humanities",6110
"2020/2021","Toronto","535","Social and behavioural sciences, and legal studies",6114
"2020/2021","Toronto","535","Law",27415
"2020/2021","Toronto","535","Business management and public administration",8334
"2020/2021","Toronto","535","Physical and life sciences and technologies",8164
"2020/2021","Toronto","535","Mathematics, computer and information sciences",7531
"2020/2021","Toronto","535","Engineering",11926
"2020/2021","Toronto","535","Architecture",7071
"2020/2021","Toronto","535","Agriculture, natural resources and conservation",6107
"2020/2021","Toronto","535","Dentistry",37080
"2020/2021","Toronto","535","Medicine",23090
"2020/2021","Toronto","535","Nursing",6375
"2020/2021","Toronto","535","Pharmacy",18060
"2020/2021","Toronto","535","Veterinary medicine",NA
"2020/2021","Toronto","535","Optometry",NA
"2020/2021","Toronto","535","Other health, parks, recreation and fitness",6814
"2020/2021","Toronto","535","Personal, protective and transportation services",7040
"2020/2021","Oshawa","532","Total, field of study",7400
"2020/2021","Oshawa","532","Education",5949
"2020/2021","Oshawa","532","Visual and performing arts, and communications technologies",NA
"2020/2021","Oshawa","532","Humanities",NA
"2020/2021","Oshawa","532","Social and behavioural sciences, and legal studies",5949
"2020/2021","Oshawa","532","Law",NA
"2020/2021","Oshawa","532","Business management and public administration",8046
"2020/2021","Oshawa","532","Physical and life sciences and technologies",5949
"2020/2021","Oshawa","532","Mathematics, computer and information sciences",9012
"2020/2021","Oshawa","532","Engineering",9275
"2020/2021","Oshawa","532","Architecture",NA
"2020/2021","Oshawa","532","Agriculture, natural resources and conservation",NA
"2020/2021","Oshawa","532","Dentistry",NA
"2020/2021","Oshawa","532","Medicine",NA
"2020/2021","Oshawa","532","Nursing",6092
"2020/2021","Oshawa","532","Pharmacy",NA
"2020/2021","Oshawa","532","Veterinary medicine",NA
"2020/2021","Oshawa","532","Optometry",NA
"2020/2021","Oshawa","532","Other health, parks, recreation and fitness",5949
"2020/2021","Oshawa","532","Personal, protective and transportation services",5949
"2020/2021","Sault Ste. Marie","590","Total, field of study",5865
"2020/2021","Sault Ste. Marie","590","Education",NA
"2020/2021","Sault Ste. Marie","590","Visual and performing arts, and communications technologies",5865
"2020/2021","Sault Ste. Marie","590","Humanities",5865
"2020/2021","Sault Ste. Marie","590","Social and behavioural sciences, and legal studies",5865
"2020/2021","Sault Ste. Marie","590","Law",NA
"2020/2021","Sault Ste. Marie","590","Business management and public administration",5865
"2020/2021","Sault Ste. Marie","590","Physical and life sciences and technologies",5865
"2020/2021","Sault Ste. Marie","590","Mathematics, computer and information sciences",5865
"2020/2021","Sault Ste. Marie","590","Engineering",NA
"2020/2021","Sault Ste. Marie","590","Architecture",NA
"2020/2021","Sault Ste. Marie","590","Agriculture, natural resources and conservation",5865
"2020/2021","Sault Ste. Marie","590","Dentistry",NA
"2020/2021","Sault Ste. Marie","590","Medicine",NA
"2020/2021","Sault Ste. Marie","590","Nursing",NA
"2020/2021","Sault Ste. Marie","590","Pharmacy",NA
"2020/2021","Sault Ste. Marie","590","Veterinary medicine",NA
"2020/2021","Sault Ste. Marie","590","Optometry",NA
"2020/2021","Sault Ste. Marie","590","Other health, parks, recreation and fitness",NA
"2020/2021","Sault Ste. Marie","590","Personal, protective and transportation services",NA
"2020/2021","Kitchener-Cambridge-Waterloo","541","Total, field of study",8730
"2020/2021","Kitchener-Cambridge-Waterloo","541","Education",7684
"2020/2021","Kitchener-Cambridge-Waterloo","541","Visual and performing arts, and communications technologies",6599
"2020/2021","Kitchener-Cambridge-Waterloo","541","Humanities",6227
"2020/2021","Kitchener-Cambridge-Waterloo","541","Social and behavioural sciences, and legal studies",6248
"2020/2021","Kitchener-Cambridge-Waterloo","541","Law",NA
"2020/2021","Kitchener-Cambridge-Waterloo","541","Business management and public administration",8907
"2020/2021","Kitchener-Cambridge-Waterloo","541","Physical and life sciences and technologies",6670
"2020/2021","Kitchener-Cambridge-Waterloo","541","Mathematics, computer and information sciences",9668
"2020/2021","Kitchener-Cambridge-Waterloo","541","Engineering",15279
"2020/2021","Kitchener-Cambridge-Waterloo","541","Architecture",8222
"2020/2021","Kitchener-Cambridge-Waterloo","541","Agriculture, natural resources and conservation",6716
"2020/2021","Kitchener-Cambridge-Waterloo","541","Dentistry",NA
"2020/2021","Kitchener-Cambridge-Waterloo","541","Medicine",NA
"2020/2021","Kitchener-Cambridge-Waterloo","541","Nursing",NA
"2020/2021","Kitchener-Cambridge-Waterloo","541","Pharmacy",17777
"2020/2021","Kitchener-Cambridge-Waterloo","541","Veterinary medicine",NA
"2020/2021","Kitchener-Cambridge-Waterloo","541","Optometry",15270
"2020/2021","Kitchener-Cambridge-Waterloo","541","Other health, parks, recreation and fitness",6537
"2020/2021","Kitchener-Cambridge-Waterloo","541","Personal, protective and transportation services",6615
"2020/2021","London","555","Total, field of study",10168
"2020/2021","London","555","Education",7271
"2020/2021","London","555","Visual and performing arts, and communications technologies",6050
"2020/2021","London","555","Humanities",6050
"2020/2021","London","555","Social and behavioural sciences, and legal studies",6050
"2020/2021","London","555","Law",20151
"2020/2021","London","555","Business management and public administration",25200
"2020/2021","London","555","Physical and life sciences and technologies",6050
"2020/2021","London","555","Mathematics, computer and information sciences",6050
"2020/2021","London","555","Engineering",12294
"2020/2021","London","555","Architecture",6060
"2020/2021","London","555","Agriculture, natural resources and conservation",NA
"2020/2021","London","555","Dentistry",35341
"2020/2021","London","555","Medicine",23986
"2020/2021","London","555","Nursing",6050
"2020/2021","London","555","Pharmacy",NA
"2020/2021","London","555","Veterinary medicine",NA
"2020/2021","London","555","Optometry",NA
"2020/2021","London","555","Other health, parks, recreation and fitness",6050
"2020/2021","London","555","Personal, protective and transportation services",6050
"2020/2021","Barrie","568","Total, field of study",6796
"2020/2021","Barrie","568","Education",NA
"2020/2021","Barrie","568","Visual and performing arts, and communications technologies",6980
"2020/2021","Barrie","568","Humanities",NA
"2020/2021","Barrie","568","Social and behavioural sciences, and legal studies",6506
"2020/2021","Barrie","568","Law",NA
"2020/2021","Barrie","568","Business management and public administration",7364
"2020/2021","Barrie","568","Physical and life sciences and technologies",NA
"2020/2021","Barrie","568","Mathematics, computer and information sciences",NA
"2020/2021","Barrie","568","Engineering",NA
"2020/2021","Barrie","568","Architecture",NA
"2020/2021","Barrie","568","Agriculture, natural resources and conservation",NA
"2020/2021","Barrie","568","Dentistry",NA
"2020/2021","Barrie","568","Medicine",NA
"2020/2021","Barrie","568","Nursing",NA
"2020/2021","Barrie","568","Pharmacy",NA
"2020/2021","Barrie","568","Veterinary medicine",NA
"2020/2021","Barrie","568","Optometry",NA
"2020/2021","Barrie","568","Other health, parks, recreation and fitness",NA
"2020/2021","Barrie","568","Personal, protective and transportation services",6118
"2020/2021","Manitoba","46","Total, field of study",4901
"2020/2021","Manitoba","46","Education",4207
"2020/2021","Manitoba","46","Visual and performing arts, and communications technologies",4441
"2020/2021","Manitoba","46","Humanities",4165
"2020/2021","Manitoba","46","Social and behavioural sciences, and legal studies",4191
"2020/2021","Manitoba","46","Law",10997
"2020/2021","Manitoba","46","Business management and public administration",4790
"2020/2021","Manitoba","46","Physical and life sciences and technologies",4485
"2020/2021","Manitoba","46","Mathematics, computer and information sciences",4427
"2020/2021","Manitoba","46","Engineering",6352
"2020/2021","Manitoba","46","Architecture",4854
"2020/2021","Manitoba","46","Agriculture, natural resources and conservation",4673
"2020/2021","Manitoba","46","Dentistry",22710
"2020/2021","Manitoba","46","Medicine",9807
"2020/2021","Manitoba","46","Nursing",5363
"2020/2021","Manitoba","46","Pharmacy",19255
"2020/2021","Manitoba","46","Veterinary medicine",NA
"2020/2021","Manitoba","46","Optometry",NA
"2020/2021","Manitoba","46","Other health, parks, recreation and fitness",4365
"2020/2021","Manitoba","46","Personal, protective and transportation services",4235
"2020/2021","Winnipeg","602","Total, field of study",4986
"2020/2021","Winnipeg","602","Education",4264
"2020/2021","Winnipeg","602","Visual and performing arts, and communications technologies",4524
"2020/2021","Winnipeg","602","Humanities",4167
"2020/2021","Winnipeg","602","Social and behavioural sciences, and legal studies",4207
"2020/2021","Winnipeg","602","Law",10997
"2020/2021","Winnipeg","602","Business management and public administration",4859
"2020/2021","Winnipeg","602","Physical and life sciences and technologies",4512
"2020/2021","Winnipeg","602","Mathematics, computer and information sciences",4453
"2020/2021","Winnipeg","602","Engineering",6352
"2020/2021","Winnipeg","602","Architecture",4854
"2020/2021","Winnipeg","602","Agriculture, natural resources and conservation",4704
"2020/2021","Winnipeg","602","Dentistry",22710
"2020/2021","Winnipeg","602","Medicine",9807
"2020/2021","Winnipeg","602","Nursing",5725
"2020/2021","Winnipeg","602","Pharmacy",19255
"2020/2021","Winnipeg","602","Veterinary medicine",NA
"2020/2021","Winnipeg","602","Optometry",NA
"2020/2021","Winnipeg","602","Other health, parks, recreation and fitness",4423
"2020/2021","Winnipeg","602","Personal, protective and transportation services",4247
"2020/2021","Brandon","610","Total, field of study",4046
"2020/2021","Brandon","610","Education",3945
"2020/2021","Brandon","610","Visual and performing arts, and communications technologies",3997
"2020/2021","Brandon","610","Humanities",3876
"2020/2021","Brandon","610","Social and behavioural sciences, and legal studies",4043
"2020/2021","Brandon","610","Law",NA
"2020/2021","Brandon","610","Business management and public administration",3876
"2020/2021","Brandon","610","Physical and life sciences and technologies",4209
"2020/2021","Brandon","610","Mathematics, computer and information sciences",4209
"2020/2021","Brandon","610","Engineering",NA
"2020/2021","Brandon","610","Architecture",NA
"2020/2021","Brandon","610","Agriculture, natural resources and conservation",4209
"2020/2021","Brandon","610","Dentistry",NA
"2020/2021","Brandon","610","Medicine",NA
"2020/2021","Brandon","610","Nursing",4287
"2020/2021","Brandon","610","Pharmacy",NA
"2020/2021","Brandon","610","Veterinary medicine",NA
"2020/2021","Brandon","610","Optometry",NA
"2020/2021","Brandon","610","Other health, parks, recreation and fitness",3945
"2020/2021","Brandon","610","Personal, protective and transportation services",4043
"2020/2021","The Pas","4621045","Total, field of study",4828
"2020/2021","The Pas","4621045","Education",4262
"2020/2021","The Pas","4621045","Visual and performing arts, and communications technologies",NA
"2020/2021","The Pas","4621045","Humanities",4901
"2020/2021","The Pas","4621045","Social and behavioural sciences, and legal studies",4901
"2020/2021","The Pas","4621045","Law",NA
"2020/2021","The Pas","4621045","Business management and public administration",3835
"2020/2021","The Pas","4621045","Physical and life sciences and technologies",NA
"2020/2021","The Pas","4621045","Mathematics, computer and information sciences",NA
"2020/2021","The Pas","4621045","Engineering",NA
"2020/2021","The Pas","4621045","Architecture",NA
"2020/2021","The Pas","4621045","Agriculture, natural resources and conservation",NA
"2020/2021","The Pas","4621045","Dentistry",NA
"2020/2021","The Pas","4621045","Medicine",NA
"2020/2021","The Pas","4621045","Nursing",NA
"2020/2021","The Pas","4621045","Pharmacy",NA
"2020/2021","The Pas","4621045","Veterinary medicine",NA
"2020/2021","The Pas","4621045","Optometry",NA
"2020/2021","The Pas","4621045","Other health, parks, recreation and fitness",NA
"2020/2021","The Pas","4621045","Personal, protective and transportation services",NA
"2020/2021","Saskatchewan","47","Total, field of study",8235
"2020/2021","Saskatchewan","47","Education",6858
"2020/2021","Saskatchewan","47","Visual and performing arts, and communications technologies",6943
"2020/2021","Saskatchewan","47","Humanities",6563
"2020/2021","Saskatchewan","47","Social and behavioural sciences, and legal studies",6573
"2020/2021","Saskatchewan","47","Law",15048
"2020/2021","Saskatchewan","47","Business management and public administration",7536
"2020/2021","Saskatchewan","47","Physical and life sciences and technologies",6853
"2020/2021","Saskatchewan","47","Mathematics, computer and information sciences",6917
"2020/2021","Saskatchewan","47","Engineering",7856
"2020/2021","Saskatchewan","47","Architecture",6452
"2020/2021","Saskatchewan","47","Agriculture, natural resources and conservation",6617
"2020/2021","Saskatchewan","47","Dentistry",45921
"2020/2021","Saskatchewan","47","Medicine",17998
"2020/2021","Saskatchewan","47","Nursing",7840
"2020/2021","Saskatchewan","47","Pharmacy",13177
"2020/2021","Saskatchewan","47","Veterinary medicine",39847
"2020/2021","Saskatchewan","47","Optometry",NA
"2020/2021","Saskatchewan","47","Other health, parks, recreation and fitness",6939
"2020/2021","Saskatchewan","47","Personal, protective and transportation services",6713
"2020/2021","Regina","705","Total, field of study",7135
"2020/2021","Regina","705","Education",6908
"2020/2021","Regina","705","Visual and performing arts, and communications technologies",7118
"2020/2021","Regina","705","Humanities",6713
"2020/2021","Regina","705","Social and behavioural sciences, and legal studies",6713
"2020/2021","Regina","705","Law",NA
"2020/2021","Regina","705","Business management and public administration",7373
"2020/2021","Regina","705","Physical and life sciences and technologies",7118
"2020/2021","Regina","705","Mathematics, computer and information sciences",7118
"2020/2021","Regina","705","Engineering",7455
"2020/2021","Regina","705","Architecture",NA
"2020/2021","Regina","705","Agriculture, natural resources and conservation",6713
"2020/2021","Regina","705","Dentistry",NA
"2020/2021","Regina","705","Medicine",NA
"2020/2021","Regina","705","Nursing",7478
"2020/2021","Regina","705","Pharmacy",NA
"2020/2021","Regina","705","Veterinary medicine",NA
"2020/2021","Regina","705","Optometry",NA
"2020/2021","Regina","705","Other health, parks, recreation and fitness",7118
"2020/2021","Regina","705","Personal, protective and transportation services",6713
"2020/2021","Saskatoon","725","Total, field of study",9064
"2020/2021","Saskatoon","725","Education",6810
"2020/2021","Saskatoon","725","Visual and performing arts, and communications technologies",6607
"2020/2021","Saskatoon","725","Humanities",6452
"2020/2021","Saskatoon","725","Social and behavioural sciences, and legal studies",6452
"2020/2021","Saskatoon","725","Law",15048
"2020/2021","Saskatoon","725","Business management and public administration",7775
"2020/2021","Saskatoon","725","Physical and life sciences and technologies",6755
"2020/2021","Saskatoon","725","Mathematics, computer and information sciences",6755
"2020/2021","Saskatoon","725","Engineering",8026
"2020/2021","Saskatoon","725","Architecture",6452
"2020/2021","Saskatoon","725","Agriculture, natural resources and conservation",6613
"2020/2021","Saskatoon","725","Dentistry",45921
"2020/2021","Saskatoon","725","Medicine",17998
"2020/2021","Saskatoon","725","Nursing",8297
"2020/2021","Saskatoon","725","Pharmacy",13177
"2020/2021","Saskatoon","725","Veterinary medicine",39847
"2020/2021","Saskatoon","725","Optometry",NA
"2020/2021","Saskatoon","725","Other health, parks, recreation and fitness",6672
"2020/2021","Saskatoon","725","Personal, protective and transportation services",NA
"2020/2021","Alberta","48","Total, field of study",6111
"2020/2021","Alberta","48","Education",5670
"2020/2021","Alberta","48","Visual and performing arts, and communications technologies",5426
"2020/2021","Alberta","48","Humanities",5448
"2020/2021","Alberta","48","Social and behavioural sciences, and legal studies",5732
"2020/2021","Alberta","48","Law",11803
"2020/2021","Alberta","48","Business management and public administration",6132
"2020/2021","Alberta","48","Physical and life sciences and technologies",5680
"2020/2021","Alberta","48","Mathematics, computer and information sciences",5669
"2020/2021","Alberta","48","Engineering",6594
"2020/2021","Alberta","48","Architecture",5765
"2020/2021","Alberta","48","Agriculture, natural resources and conservation",5599
"2020/2021","Alberta","48","Dentistry",21597
"2020/2021","Alberta","48","Medicine",14237
"2020/2021","Alberta","48","Nursing",6279
"2020/2021","Alberta","48","Pharmacy",11352
"2020/2021","Alberta","48","Veterinary medicine",11625
"2020/2021","Alberta","48","Optometry",NA
"2020/2021","Alberta","48","Other health, parks, recreation and fitness",5574
"2020/2021","Alberta","48","Personal, protective and transportation services",5120
"2020/2021","Edmonton","835","Total, field of study",6167
"2020/2021","Edmonton","835","Education",5693
"2020/2021","Edmonton","835","Visual and performing arts, and communications technologies",5813
"2020/2021","Edmonton","835","Humanities",5305
"2020/2021","Edmonton","835","Social and behavioural sciences, and legal studies",5777
"2020/2021","Edmonton","835","Law",10936
"2020/2021","Edmonton","835","Business management and public administration",5544
"2020/2021","Edmonton","835","Physical and life sciences and technologies",5711
"2020/2021","Edmonton","835","Mathematics, computer and information sciences",5661
"2020/2021","Edmonton","835","Engineering",6702
"2020/2021","Edmonton","835","Architecture",5693
"2020/2021","Edmonton","835","Agriculture, natural resources and conservation",5693
"2020/2021","Edmonton","835","Dentistry",21597
"2020/2021","Edmonton","835","Medicine",12887
"2020/2021","Edmonton","835","Nursing",6878
"2020/2021","Edmonton","835","Pharmacy",11352
"2020/2021","Edmonton","835","Veterinary medicine",NA
"2020/2021","Edmonton","835","Optometry",NA
"2020/2021","Edmonton","835","Other health, parks, recreation and fitness",5693
"2020/2021","Edmonton","835","Personal, protective and transportation services",NA
"2020/2021","Calgary","825","Total, field of study",6226
"2020/2021","Calgary","825","Education",5715
"2020/2021","Calgary","825","Visual and performing arts, and communications technologies",5230
"2020/2021","Calgary","825","Humanities",5712
"2020/2021","Calgary","825","Social and behavioural sciences, and legal studies",5750
"2020/2021","Calgary","825","Law",13177
"2020/2021","Calgary","825","Business management and public administration",6721
"2020/2021","Calgary","825","Physical and life sciences and technologies",5730
"2020/2021","Calgary","825","Mathematics, computer and information sciences",5731
"2020/2021","Calgary","825","Engineering",6471
"2020/2021","Calgary","825","Architecture",NA
"2020/2021","Calgary","825","Agriculture, natural resources and conservation",5705
"2020/2021","Calgary","825","Dentistry",NA
"2020/2021","Calgary","825","Medicine",16063
"2020/2021","Calgary","825","Nursing",5668
"2020/2021","Calgary","825","Pharmacy",NA
"2020/2021","Calgary","825","Veterinary medicine",11625
"2020/2021","Calgary","825","Optometry",NA
"2020/2021","Calgary","825","Other health, parks, recreation and fitness",5673
"2020/2021","Calgary","825","Personal, protective and transportation services",NA
"2020/2021","Lethbridge","810","Total, field of study",5319
"2020/2021","Lethbridge","810","Education",5322
"2020/2021","Lethbridge","810","Visual and performing arts, and communications technologies",5322
"2020/2021","Lethbridge","810","Humanities",5322
"2020/2021","Lethbridge","810","Social and behavioural sciences, and legal studies",5322
"2020/2021","Lethbridge","810","Law",NA
"2020/2021","Lethbridge","810","Business management and public administration",5322
"2020/2021","Lethbridge","810","Physical and life sciences and technologies",5322
"2020/2021","Lethbridge","810","Mathematics, computer and information sciences",5322
"2020/2021","Lethbridge","810","Engineering",NA
"2020/2021","Lethbridge","810","Architecture",NA
"2020/2021","Lethbridge","810","Agriculture, natural resources and conservation",5493
"2020/2021","Lethbridge","810","Dentistry",NA
"2020/2021","Lethbridge","810","Medicine",NA
"2020/2021","Lethbridge","810","Nursing",5322
"2020/2021","Lethbridge","810","Pharmacy",NA
"2020/2021","Lethbridge","810","Veterinary medicine",NA
"2020/2021","Lethbridge","810","Optometry",NA
"2020/2021","Lethbridge","810","Other health, parks, recreation and fitness",5322
"2020/2021","Lethbridge","810","Personal, protective and transportation services",4969
"2020/2021","Medicine Hat","805","Total, field of study",4537
"2020/2021","Medicine Hat","805","Education",NA
"2020/2021","Medicine Hat","805","Visual and performing arts, and communications technologies",4570
"2020/2021","Medicine Hat","805","Humanities",NA
"2020/2021","Medicine Hat","805","Social and behavioural sciences, and legal studies",NA
"2020/2021","Medicine Hat","805","Law",NA
"2020/2021","Medicine Hat","805","Business management and public administration",NA
"2020/2021","Medicine Hat","805","Physical and life sciences and technologies",NA
"2020/2021","Medicine Hat","805","Mathematics, computer and information sciences",NA
"2020/2021","Medicine Hat","805","Engineering",NA
"2020/2021","Medicine Hat","805","Architecture",NA
"2020/2021","Medicine Hat","805","Agriculture, natural resources and conservation",NA
"2020/2021","Medicine Hat","805","Dentistry",NA
"2020/2021","Medicine Hat","805","Medicine",NA
"2020/2021","Medicine Hat","805","Nursing",NA
"2020/2021","Medicine Hat","805","Pharmacy",NA
"2020/2021","Medicine Hat","805","Veterinary medicine",NA
"2020/2021","Medicine Hat","805","Optometry",NA
"2020/2021","Medicine Hat","805","Other health, parks, recreation and fitness",4508
"2020/2021","Medicine Hat","805","Personal, protective and transportation services",NA
"2020/2021","Red Deer","830","Total, field of study",6650
"2020/2021","Red Deer","830","Education",NA
"2020/2021","Red Deer","830","Visual and performing arts, and communications technologies",6650
"2020/2021","Red Deer","830","Humanities",NA
"2020/2021","Red Deer","830","Social and behavioural sciences, and legal studies",NA
"2020/2021","Red Deer","830","Law",NA
"2020/2021","Red Deer","830","Business management and public administration",NA
"2020/2021","Red Deer","830","Physical and life sciences and technologies",NA
"2020/2021","Red Deer","830","Mathematics, computer and information sciences",NA
"2020/2021","Red Deer","830","Engineering",NA
"2020/2021","Red Deer","830","Architecture",NA
"2020/2021","Red Deer","830","Agriculture, natural resources and conservation",NA
"2020/2021","Red Deer","830","Dentistry",NA
"2020/2021","Red Deer","830","Medicine",NA
"2020/2021","Red Deer","830","Nursing",NA
"2020/2021","Red Deer","830","Pharmacy",NA
"2020/2021","Red Deer","830","Veterinary medicine",NA
"2020/2021","Red Deer","830","Optometry",NA
"2020/2021","Red Deer","830","Other health, parks, recreation and fitness",NA
"2020/2021","Red Deer","830","Personal, protective and transportation services",NA
"2020/2021","Athabasca","4813048","Total, field of study",6145
"2020/2021","Athabasca","4813048","Education",NA
"2020/2021","Athabasca","4813048","Visual and performing arts, and communications technologies",NA
"2020/2021","Athabasca","4813048","Humanities",6145
"2020/2021","Athabasca","4813048","Social and behavioural sciences, and legal studies",6145
"2020/2021","Athabasca","4813048","Law",NA
"2020/2021","Athabasca","4813048","Business management and public administration",6145
"2020/2021","Athabasca","4813048","Physical and life sciences and technologies",6145
"2020/2021","Athabasca","4813048","Mathematics, computer and information sciences",6145
"2020/2021","Athabasca","4813048","Engineering",NA
"2020/2021","Athabasca","4813048","Architecture",6145
"2020/2021","Athabasca","4813048","Agriculture, natural resources and conservation",NA
"2020/2021","Athabasca","4813048","Dentistry",NA
"2020/2021","Athabasca","4813048","Medicine",NA
"2020/2021","Athabasca","4813048","Nursing",6145
"2020/2021","Athabasca","4813048","Pharmacy",NA
"2020/2021","Athabasca","4813048","Veterinary medicine",NA
"2020/2021","Athabasca","4813048","Optometry",NA
"2020/2021","Athabasca","4813048","Other health, parks, recreation and fitness",6145
"2020/2021","Athabasca","4813048","Personal, protective and transportation services",6145
"2020/2021","Olds","4806034","Total, field of study",4687
"2020/2021","Olds","4806034","Education",NA
"2020/2021","Olds","4806034","Visual and performing arts, and communications technologies",NA
"2020/2021","Olds","4806034","Humanities",NA
"2020/2021","Olds","4806034","Social and behavioural sciences, and legal studies",NA
"2020/2021","Olds","4806034","Law",NA
"2020/2021","Olds","4806034","Business management and public administration",NA
"2020/2021","Olds","4806034","Physical and life sciences and technologies",NA
"2020/2021","Olds","4806034","Mathematics, computer and information sciences",NA
"2020/2021","Olds","4806034","Engineering",NA
"2020/2021","Olds","4806034","Architecture",NA
"2020/2021","Olds","4806034","Agriculture, natural resources and conservation",4687
"2020/2021","Olds","4806034","Dentistry",NA
"2020/2021","Olds","4806034","Medicine",NA
"2020/2021","Olds","4806034","Nursing",NA
"2020/2021","Olds","4806034","Pharmacy",NA
"2020/2021","Olds","4806034","Veterinary medicine",NA
"2020/2021","Olds","4806034","Optometry",NA
"2020/2021","Olds","4806034","Other health, parks, recreation and fitness",4687
"2020/2021","Olds","4806034","Personal, protective and transportation services",NA
"2020/2021","Vermilion","4810042","Total, field of study",4991
"2020/2021","Vermilion","4810042","Education",NA
"2020/2021","Vermilion","4810042","Visual and performing arts, and communications technologies",NA
"2020/2021","Vermilion","4810042","Humanities",NA
"2020/2021","Vermilion","4810042","Social and behavioural sciences, and legal studies",NA
"2020/2021","Vermilion","4810042","Law",NA
"2020/2021","Vermilion","4810042","Business management and public administration",NA
"2020/2021","Vermilion","4810042","Physical and life sciences and technologies",NA
"2020/2021","Vermilion","4810042","Mathematics, computer and information sciences",NA
"2020/2021","Vermilion","4810042","Engineering",NA
"2020/2021","Vermilion","4810042","Architecture",NA
"2020/2021","Vermilion","4810042","Agriculture, natural resources and conservation",4991
"2020/2021","Vermilion","4810042","Dentistry",NA
"2020/2021","Vermilion","4810042","Medicine",NA
"2020/2021","Vermilion","4810042","Nursing",NA
"2020/2021","Vermilion","4810042","Pharmacy",NA
"2020/2021","Vermilion","4810042","Veterinary medicine",NA
"2020/2021","Vermilion","4810042","Optometry",NA
"2020/2021","Vermilion","4810042","Other health, parks, recreation and fitness",NA
"2020/2021","Vermilion","4810042","Personal, protective and transportation services",NA
"2020/2021","British Columbia","59","Total, field of study",5990
"2020/2021","British Columbia","59","Education",5442
"2020/2021","British Columbia","59","Visual and performing arts, and communications technologies",6064
"2020/2021","British Columbia","59","Humanities",5258
"2020/2021","British Columbia","59","Social and behavioural sciences, and legal studies",5483
"2020/2021","British Columbia","59","Law",13562
"2020/2021","British Columbia","59","Business management and public administration",5853
"2020/2021","British Columbia","59","Physical and life sciences and technologies",5405
"2020/2021","British Columbia","59","Mathematics, computer and information sciences",5401
"2020/2021","British Columbia","59","Engineering",6039
"2020/2021","British Columbia","59","Architecture",6949
"2020/2021","British Columbia","59","Agriculture, natural resources and conservation",5518
"2020/2021","British Columbia","59","Dentistry",29932
"2020/2021","British Columbia","59","Medicine",18842
"2020/2021","British Columbia","59","Nursing",4916
"2020/2021","British Columbia","59","Pharmacy",13266
"2020/2021","British Columbia","59","Veterinary medicine",NA
"2020/2021","British Columbia","59","Optometry",NA
"2020/2021","British Columbia","59","Other health, parks, recreation and fitness",5289
"2020/2021","British Columbia","59","Personal, protective and transportation services",5010
"2020/2021","Vancouver","933","Total, field of study",6245
"2020/2021","Vancouver","933","Education",5732
"2020/2021","Vancouver","933","Visual and performing arts, and communications technologies",6219
"2020/2021","Vancouver","933","Humanities",5567
"2020/2021","Vancouver","933","Social and behavioural sciences, and legal studies",5434
"2020/2021","Vancouver","933","Law",12892
"2020/2021","Vancouver","933","Business management and public administration",6070
"2020/2021","Vancouver","933","Physical and life sciences and technologies",5547
"2020/2021","Vancouver","933","Mathematics, computer and information sciences",5541
"2020/2021","Vancouver","933","Engineering",5817
"2020/2021","Vancouver","933","Architecture",6949
"2020/2021","Vancouver","933","Agriculture, natural resources and conservation",5578
"2020/2021","Vancouver","933","Dentistry",29932
"2020/2021","Vancouver","933","Medicine",18842
"2020/2021","Vancouver","933","Nursing",4998
"2020/2021","Vancouver","933","Pharmacy",13266
"2020/2021","Vancouver","933","Veterinary medicine",NA
"2020/2021","Vancouver","933","Optometry",NA
"2020/2021","Vancouver","933","Other health, parks, recreation and fitness",5444
"2020/2021","Vancouver","933","Personal, protective and transportation services",5953
"2020/2021","Victoria","935","Total, field of study",6164
"2020/2021","Victoria","935","Education",5810
"2020/2021","Victoria","935","Visual and performing arts, and communications technologies",5810
"2020/2021","Victoria","935","Humanities",5810
"2020/2021","Victoria","935","Social and behavioural sciences, and legal studies",5900
"2020/2021","Victoria","935","Law",10168
"2020/2021","Victoria","935","Business management and public administration",6233
"2020/2021","Victoria","935","Physical and life sciences and technologies",5810
"2020/2021","Victoria","935","Mathematics, computer and information sciences",5810
"2020/2021","Victoria","935","Engineering",6840
"2020/2021","Victoria","935","Architecture",NA
"2020/2021","Victoria","935","Agriculture, natural resources and conservation",6778
"2020/2021","Victoria","935","Dentistry",NA
"2020/2021","Victoria","935","Medicine",NA
"2020/2021","Victoria","935","Nursing",5810
"2020/2021","Victoria","935","Pharmacy",NA
"2020/2021","Victoria","935","Veterinary medicine",NA
"2020/2021","Victoria","935","Optometry",NA
"2020/2021","Victoria","935","Other health, parks, recreation and fitness",4881
"2020/2021","Victoria","935","Personal, protective and transportation services",8283
"2020/2021","Prince George","970","Total, field of study",5533
"2020/2021","Prince George","970","Education",5533
"2020/2021","Prince George","970","Visual and performing arts, and communications technologies",NA
"2020/2021","Prince George","970","Humanities",5533
"2020/2021","Prince George","970","Social and behavioural sciences, and legal studies",5533
"2020/2021","Prince George","970","Law",NA
"2020/2021","Prince George","970","Business management and public administration",5533
"2020/2021","Prince George","970","Physical and life sciences and technologies",5533
"2020/2021","Prince George","970","Mathematics, computer and information sciences",5533
"2020/2021","Prince George","970","Engineering",5533
"2020/2021","Prince George","970","Architecture",NA
"2020/2021","Prince George","970","Agriculture, natural resources and conservation",5533
"2020/2021","Prince George","970","Dentistry",NA
"2020/2021","Prince George","970","Medicine",NA
"2020/2021","Prince George","970","Nursing",5533
"2020/2021","Prince George","970","Pharmacy",NA
"2020/2021","Prince George","970","Veterinary medicine",NA
"2020/2021","Prince George","970","Optometry",NA
"2020/2021","Prince George","970","Other health, parks, recreation and fitness",5533
"2020/2021","Prince George","970","Personal, protective and transportation services",NA
"2020/2021","Courtenay","943","Total, field of study",3082
"2020/2021","Courtenay","943","Education",NA
"2020/2021","Courtenay","943","Visual and performing arts, and communications technologies",NA
"2020/2021","Courtenay","943","Humanities",NA
"2020/2021","Courtenay","943","Social and behavioural sciences, and legal studies",NA
"2020/2021","Courtenay","943","Law",NA
"2020/2021","Courtenay","943","Business management and public administration",3082
"2020/2021","Courtenay","943","Physical and life sciences and technologies",NA
"2020/2021","Courtenay","943","Mathematics, computer and information sciences",NA
"2020/2021","Courtenay","943","Engineering",NA
"2020/2021","Courtenay","943","Architecture",NA
"2020/2021","Courtenay","943","Agriculture, natural resources and conservation",NA
"2020/2021","Courtenay","943","Dentistry",NA
"2020/2021","Courtenay","943","Medicine",NA
"2020/2021","Courtenay","943","Nursing",NA
"2020/2021","Courtenay","943","Pharmacy",NA
"2020/2021","Courtenay","943","Veterinary medicine",NA
"2020/2021","Courtenay","943","Optometry",NA
"2020/2021","Courtenay","943","Other health, parks, recreation and fitness",NA
"2020/2021","Courtenay","943","Personal, protective and transportation services",NA
"2020/2021","Cranbrook","905","Total, field of study",5395
"2020/2021","Cranbrook","905","Education",NA
"2020/2021","Cranbrook","905","Visual and performing arts, and communications technologies",NA
"2020/2021","Cranbrook","905","Humanities",NA
"2020/2021","Cranbrook","905","Social and behavioural sciences, and legal studies",NA
"2020/2021","Cranbrook","905","Law",NA
"2020/2021","Cranbrook","905","Business management and public administration",5395
"2020/2021","Cranbrook","905","Physical and life sciences and technologies",NA
"2020/2021","Cranbrook","905","Mathematics, computer and information sciences",NA
"2020/2021","Cranbrook","905","Engineering",NA
"2020/2021","Cranbrook","905","Architecture",NA
"2020/2021","Cranbrook","905","Agriculture, natural resources and conservation",NA
"2020/2021","Cranbrook","905","Dentistry",NA
"2020/2021","Cranbrook","905","Medicine",NA
"2020/2021","Cranbrook","905","Nursing",NA
"2020/2021","Cranbrook","905","Pharmacy",NA
"2020/2021","Cranbrook","905","Veterinary medicine",NA
"2020/2021","Cranbrook","905","Optometry",NA
"2020/2021","Cranbrook","905","Other health, parks, recreation and fitness",NA
"2020/2021","Cranbrook","905","Personal, protective and transportation services",NA
"2020/2021","Kamloops","925","Total, field of study",5260
"2020/2021","Kamloops","925","Education",4399
"2020/2021","Kamloops","925","Visual and performing arts, and communications technologies",4399
"2020/2021","Kamloops","925","Humanities",4399
"2020/2021","Kamloops","925","Social and behavioural sciences, and legal studies",4399
"2020/2021","Kamloops","925","Law",20077
"2020/2021","Kamloops","925","Business management and public administration",4399
"2020/2021","Kamloops","925","Physical and life sciences and technologies",4399
"2020/2021","Kamloops","925","Mathematics, computer and information sciences",4399
"2020/2021","Kamloops","925","Engineering",6494
"2020/2021","Kamloops","925","Architecture",NA
"2020/2021","Kamloops","925","Agriculture, natural resources and conservation",4399
"2020/2021","Kamloops","925","Dentistry",NA
"2020/2021","Kamloops","925","Medicine",NA
"2020/2021","Kamloops","925","Nursing",4399
"2020/2021","Kamloops","925","Pharmacy",NA
"2020/2021","Kamloops","925","Veterinary medicine",NA
"2020/2021","Kamloops","925","Optometry",NA
"2020/2021","Kamloops","925","Other health, parks, recreation and fitness",4399
"2020/2021","Kamloops","925","Personal, protective and transportation services",NA
"2020/2021","Kelowna","915","Total, field of study",4195
"2020/2021","Kelowna","915","Education",NA
"2020/2021","Kelowna","915","Visual and performing arts, and communications technologies",NA
"2020/2021","Kelowna","915","Humanities",NA
"2020/2021","Kelowna","915","Social and behavioural sciences, and legal studies",NA
"2020/2021","Kelowna","915","Law",NA
"2020/2021","Kelowna","915","Business management and public administration",4187
"2020/2021","Kelowna","915","Physical and life sciences and technologies",NA
"2020/2021","Kelowna","915","Mathematics, computer and information sciences",4245
"2020/2021","Kelowna","915","Engineering",NA
"2020/2021","Kelowna","915","Architecture",NA
"2020/2021","Kelowna","915","Agriculture, natural resources and conservation",NA
"2020/2021","Kelowna","915","Dentistry",NA
"2020/2021","Kelowna","915","Medicine",NA
"2020/2021","Kelowna","915","Nursing",NA
"2020/2021","Kelowna","915","Pharmacy",NA
"2020/2021","Kelowna","915","Veterinary medicine",NA
"2020/2021","Kelowna","915","Optometry",NA
"2020/2021","Kelowna","915","Other health, parks, recreation and fitness",NA
"2020/2021","Kelowna","915","Personal, protective and transportation services",NA
"2020/2021","Nanaimo","938","Total, field of study",5246
"2020/2021","Nanaimo","938","Education",4612
"2020/2021","Nanaimo","938","Visual and performing arts, and communications technologies",4612
"2020/2021","Nanaimo","938","Humanities",4612
"2020/2021","Nanaimo","938","Social and behavioural sciences, and legal studies",4612
"2020/2021","Nanaimo","938","Law",NA
"2020/2021","Nanaimo","938","Business management and public administration",8580
"2020/2021","Nanaimo","938","Physical and life sciences and technologies",4612
"2020/2021","Nanaimo","938","Mathematics, computer and information sciences",NA
"2020/2021","Nanaimo","938","Engineering",NA
"2020/2021","Nanaimo","938","Architecture",NA
"2020/2021","Nanaimo","938","Agriculture, natural resources and conservation",4612
"2020/2021","Nanaimo","938","Dentistry",NA
"2020/2021","Nanaimo","938","Medicine",NA
"2020/2021","Nanaimo","938","Nursing",4612
"2020/2021","Nanaimo","938","Pharmacy",NA
"2020/2021","Nanaimo","938","Veterinary medicine",NA
"2020/2021","Nanaimo","938","Optometry",NA
"2020/2021","Nanaimo","938","Other health, parks, recreation and fitness",4612
"2020/2021","Nanaimo","938","Personal, protective and transportation services",NA
"2020/2021","Abbotsford-Mission","932","Total, field of study",4577
"2020/2021","Abbotsford-Mission","932","Education",5051
"2020/2021","Abbotsford-Mission","932","Visual and performing arts, and communications technologies",6223
"2020/2021","Abbotsford-Mission","932","Humanities",4527
"2020/2021","Abbotsford-Mission","932","Social and behavioural sciences, and legal studies",4527
"2020/2021","Abbotsford-Mission","932","Law",NA
"2020/2021","Abbotsford-Mission","932","Business management and public administration",4527
"2020/2021","Abbotsford-Mission","932","Physical and life sciences and technologies",4527
"2020/2021","Abbotsford-Mission","932","Mathematics, computer and information sciences",4527
"2020/2021","Abbotsford-Mission","932","Engineering",NA
"2020/2021","Abbotsford-Mission","932","Architecture",NA
"2020/2021","Abbotsford-Mission","932","Agriculture, natural resources and conservation",6165
"2020/2021","Abbotsford-Mission","932","Dentistry",NA
"2020/2021","Abbotsford-Mission","932","Medicine",NA
"2020/2021","Abbotsford-Mission","932","Nursing",4527
"2020/2021","Abbotsford-Mission","932","Pharmacy",NA
"2020/2021","Abbotsford-Mission","932","Veterinary medicine",NA
"2020/2021","Abbotsford-Mission","932","Optometry",NA
"2020/2021","Abbotsford-Mission","932","Other health, parks, recreation and fitness",4527
"2020/2021","Abbotsford-Mission","932","Personal, protective and transportation services",4527
"2020/2021","Central Kootenay J","5903058","Total, field of study",4394
"2020/2021","Central Kootenay J","5903058","Education",NA
"2020/2021","Central Kootenay J","5903058","Visual and performing arts, and communications technologies",NA
"2020/2021","Central Kootenay J","5903058","Humanities",NA
"2020/2021","Central Kootenay J","5903058","Social and behavioural sciences, and legal studies",4394
"2020/2021","Central Kootenay J","5903058","Law",NA
"2020/2021","Central Kootenay J","5903058","Business management and public administration",NA
"2020/2021","Central Kootenay J","5903058","Physical and life sciences and technologies",NA
"2020/2021","Central Kootenay J","5903058","Mathematics, computer and information sciences",NA
"2020/2021","Central Kootenay J","5903058","Engineering",NA
"2020/2021","Central Kootenay J","5903058","Architecture",NA
"2020/2021","Central Kootenay J","5903058","Agriculture, natural resources and conservation",NA
"2020/2021","Central Kootenay J","5903058","Dentistry",NA
"2020/2021","Central Kootenay J","5903058","Medicine",NA
"2020/2021","Central Kootenay J","5903058","Nursing",NA
"2020/2021","Central Kootenay J","5903058","Pharmacy",NA
"2020/2021","Central Kootenay J","5903058","Veterinary medicine",NA
"2020/2021","Central Kootenay J","5903058","Optometry",NA
"2020/2021","Central Kootenay J","5903058","Other health, parks, recreation and fitness",NA
"2020/2021","Central Kootenay J","5903058","Personal, protective and transportation services",NA
"2020/2021","Yukon","60","Total, field of study",3930
"2020/2021","Yukon","60","Education",NA
"2020/2021","Yukon","60","Visual and performing arts, and communications technologies",NA
"2020/2021","Yukon","60","Humanities",NA
"2020/2021","Yukon","60","Social and behavioural sciences, and legal studies",NA
"2020/2021","Yukon","60","Law",NA
"2020/2021","Yukon","60","Business management and public administration",3930
"2020/2021","Yukon","60","Physical and life sciences and technologies",NA
"2020/2021","Yukon","60","Mathematics, computer and information sciences",NA
"2020/2021","Yukon","60","Engineering",NA
"2020/2021","Yukon","60","Architecture",NA
"2020/2021","Yukon","60","Agriculture, natural resources and conservation",NA
"2020/2021","Yukon","60","Dentistry",NA
"2020/2021","Yukon","60","Medicine",NA
"2020/2021","Yukon","60","Nursing",NA
"2020/2021","Yukon","60","Pharmacy",NA
"2020/2021","Yukon","60","Veterinary medicine",NA
"2020/2021","Yukon","60","Optometry",NA
"2020/2021","Yukon","60","Other health, parks, recreation and fitness",NA
"2020/2021","Yukon","60","Personal, protective and transportation services",NA
"2020/2021","Whitehorse","990","Total, field of study",3930
"2020/2021","Whitehorse","990","Education",NA
"2020/2021","Whitehorse","990","Visual and performing arts, and communications technologies",NA
"2020/2021","Whitehorse","990","Humanities",NA
"2020/2021","Whitehorse","990","Social and behavioural sciences, and legal studies",NA
"2020/2021","Whitehorse","990","Law",NA
"2020/2021","Whitehorse","990","Business management and public administration",3930
"2020/2021","Whitehorse","990","Physical and life sciences and technologies",NA
"2020/2021","Whitehorse","990","Mathematics, computer and information sciences",NA
"2020/2021","Whitehorse","990","Engineering",NA
"2020/2021","Whitehorse","990","Architecture",NA
"2020/2021","Whitehorse","990","Agriculture, natural resources and conservation",NA
"2020/2021","Whitehorse","990","Dentistry",NA
"2020/2021","Whitehorse","990","Medicine",NA
"2020/2021","Whitehorse","990","Nursing",NA
"2020/2021","Whitehorse","990","Pharmacy",NA
"2020/2021","Whitehorse","990","Veterinary medicine",NA
"2020/2021","Whitehorse","990","Optometry",NA
"2020/2021","Whitehorse","990","Other health, parks, recreation and fitness",NA
"2020/2021","Whitehorse","990","Personal, protective and transportation services",NA
"2021/2022","Canada","1","Total, field of study",6660
"2021/2022","Canada","1","Education",5013
"2021/2022","Canada","1","Visual and performing arts, and communications technologies",6009
"2021/2022","Canada","1","Humanities",5737
"2021/2022","Canada","1","Social and behavioural sciences, and legal studies",5740
"2021/2022","Canada","1","Law",12852
"2021/2022","Canada","1","Business management and public administration",7045
"2021/2022","Canada","1","Physical and life sciences and technologies",5860
"2021/2022","Canada","1","Mathematics, computer and information sciences",6876
"2021/2022","Canada","1","Engineering",8257
"2021/2022","Canada","1","Architecture",6599
"2021/2022","Canada","1","Agriculture, natural resources and conservation",5886
"2021/2022","Canada","1","Dentistry",22920
"2021/2022","Canada","1","Medicine",14627
"2021/2022","Canada","1","Nursing",5826
"2021/2022","Canada","1","Pharmacy",11351
"2021/2022","Canada","1","Veterinary medicine",14284
"2021/2022","Canada","1","Optometry",10357
"2021/2022","Canada","1","Other health, parks, recreation and fitness",6097
"2021/2022","Canada","1","Personal, protective and transportation services",5836
"2021/2022","Newfoundland and Labrador","10","Total, field of study",3025
"2021/2022","Newfoundland and Labrador","10","Education",2708
"2021/2022","Newfoundland and Labrador","10","Visual and performing arts, and communications technologies",2706
"2021/2022","Newfoundland and Labrador","10","Humanities",2611
"2021/2022","Newfoundland and Labrador","10","Social and behavioural sciences, and legal studies",2642
"2021/2022","Newfoundland and Labrador","10","Business management and public administration",2664
"2021/2022","Newfoundland and Labrador","10","Physical and life sciences and technologies",2652
"2021/2022","Newfoundland and Labrador","10","Mathematics, computer and information sciences",2644
"2021/2022","Newfoundland and Labrador","10","Engineering",2726
"2021/2022","Newfoundland and Labrador","10","Agriculture, natural resources and conservation",2800
"2021/2022","Newfoundland and Labrador","10","Medicine",14250
"2021/2022","Newfoundland and Labrador","10","Nursing",2607
"2021/2022","Newfoundland and Labrador","10","Pharmacy",2824
"2021/2022","Newfoundland and Labrador","10","Other health, parks, recreation and fitness",2618
"2021/2022","Newfoundland and Labrador","10","Personal, protective and transportation services",2596
"2021/2022","St. John's","001","Total, field of study",3025
"2021/2022","St. John's","001","Education",2708
"2021/2022","St. John's","001","Visual and performing arts, and communications technologies",2706
"2021/2022","St. John's","001","Humanities",2611
"2021/2022","St. John's","001","Social and behavioural sciences, and legal studies",2642
"2021/2022","St. John's","001","Business management and public administration",2664
"2021/2022","St. John's","001","Physical and life sciences and technologies",2652
"2021/2022","St. John's","001","Mathematics, computer and information sciences",2644
"2021/2022","St. John's","001","Engineering",2726
"2021/2022","St. John's","001","Agriculture, natural resources and conservation",2800
"2021/2022","St. John's","001","Medicine",14250
"2021/2022","St. John's","001","Nursing",2607
"2021/2022","St. John's","001","Pharmacy",2824
"2021/2022","St. John's","001","Other health, parks, recreation and fitness",2618
"2021/2022","St. John's","001","Personal, protective and transportation services",2596
"2021/2022","Prince Edward Island","11","Total, field of study",6951
"2021/2022","Prince Edward Island","11","Education",8604
"2021/2022","Prince Edward Island","11","Visual and performing arts, and communications technologies",6450
"2021/2022","Prince Edward Island","11","Humanities",6450
"2021/2022","Prince Edward Island","11","Social and behavioural sciences, and legal studies",6450
"2021/2022","Prince Edward Island","11","Business management and public administration",6450
"2021/2022","Prince Edward Island","11","Physical and life sciences and technologies",6450
"2021/2022","Prince Edward Island","11","Mathematics, computer and information sciences",6450
"2021/2022","Prince Edward Island","11","Engineering",6450
"2021/2022","Prince Edward Island","11","Agriculture, natural resources and conservation",6450
"2021/2022","Prince Edward Island","11","Nursing",6450
"2021/2022","Prince Edward Island","11","Veterinary medicine",13796
"2021/2022","Prince Edward Island","11","Other health, parks, recreation and fitness",6450
"2021/2022","Charlottetown","105","Total, field of study",6951
"2021/2022","Charlottetown","105","Education",8604
"2021/2022","Charlottetown","105","Visual and performing arts, and communications technologies",6450
"2021/2022","Charlottetown","105","Humanities",6450
"2021/2022","Charlottetown","105","Social and behavioural sciences, and legal studies",6450
"2021/2022","Charlottetown","105","Business management and public administration",6450
"2021/2022","Charlottetown","105","Physical and life sciences and technologies",6450
"2021/2022","Charlottetown","105","Mathematics, computer and information sciences",6450
"2021/2022","Charlottetown","105","Engineering",6450
"2021/2022","Charlottetown","105","Agriculture, natural resources and conservation",6450
"2021/2022","Charlottetown","105","Nursing",6450
"2021/2022","Charlottetown","105","Veterinary medicine",13796
"2021/2022","Charlottetown","105","Other health, parks, recreation and fitness",6450
"2021/2022","Nova Scotia","12","Total, field of study",9035
"2021/2022","Nova Scotia","12","Education",8220
"2021/2022","Nova Scotia","12","Visual and performing arts, and communications technologies",8379
"2021/2022","Nova Scotia","12","Humanities",7762
"2021/2022","Nova Scotia","12","Social and behavioural sciences, and legal studies",7896
"2021/2022","Nova Scotia","12","Law",16432
"2021/2022","Nova Scotia","12","Business management and public administration",8584
"2021/2022","Nova Scotia","12","Physical and life sciences and technologies",8538
"2021/2022","Nova Scotia","12","Mathematics, computer and information sciences",8476
"2021/2022","Nova Scotia","12","Engineering",11225
"2021/2022","Nova Scotia","12","Architecture",8162
"2021/2022","Nova Scotia","12","Agriculture, natural resources and conservation",8347
"2021/2022","Nova Scotia","12","Dentistry",27091
"2021/2022","Nova Scotia","12","Medicine",21975
"2021/2022","Nova Scotia","12","Nursing",8927
"2021/2022","Nova Scotia","12","Pharmacy",13813
"2021/2022","Nova Scotia","12","Other health, parks, recreation and fitness",8824
"2021/2022","Nova Scotia","12","Personal, protective and transportation services",8101
"2021/2022","Cape Breton","225","Total, field of study",7686
"2021/2022","Cape Breton","225","Education",8985
"2021/2022","Cape Breton","225","Visual and performing arts, and communications technologies",7246
"2021/2022","Cape Breton","225","Humanities",7321
"2021/2022","Cape Breton","225","Social and behavioural sciences, and legal studies",7343
"2021/2022","Cape Breton","225","Business management and public administration",7381
"2021/2022","Cape Breton","225","Physical and life sciences and technologies",7281
"2021/2022","Cape Breton","225","Mathematics, computer and information sciences",7246
"2021/2022","Cape Breton","225","Engineering",7711
"2021/2022","Cape Breton","225","Agriculture, natural resources and conservation",7246
"2021/2022","Cape Breton","225","Nursing",8890
"2021/2022","Cape Breton","225","Other health, parks, recreation and fitness",7756
"2021/2022","Cape Breton","225","Personal, protective and transportation services",8101
"2021/2022","Halifax","205","Total, field of study",9286
"2021/2022","Halifax","205","Education",7720
"2021/2022","Halifax","205","Visual and performing arts, and communications technologies",8333
"2021/2022","Halifax","205","Humanities",7532
"2021/2022","Halifax","205","Social and behavioural sciences, and legal studies",7616
"2021/2022","Halifax","205","Law",16432
"2021/2022","Halifax","205","Business management and public administration",8642
"2021/2022","Halifax","205","Physical and life sciences and technologies",8593
"2021/2022","Halifax","205","Mathematics, computer and information sciences",8434
"2021/2022","Halifax","205","Engineering",11516
"2021/2022","Halifax","205","Architecture",8162
"2021/2022","Halifax","205","Agriculture, natural resources and conservation",8253
"2021/2022","Halifax","205","Dentistry",27091
"2021/2022","Halifax","205","Medicine",21975
"2021/2022","Halifax","205","Nursing",9061
"2021/2022","Halifax","205","Pharmacy",13813
"2021/2022","Halifax","205","Other health, parks, recreation and fitness",9000
"2021/2022","Halifax","205","Personal, protective and transportation services",NA
"2021/2022","Wolfville","1207024","Total, field of study",8685
"2021/2022","Wolfville","1207024","Education",8817
"2021/2022","Wolfville","1207024","Visual and performing arts, and communications technologies",8577
"2021/2022","Wolfville","1207024","Humanities",8593
"2021/2022","Wolfville","1207024","Social and behavioural sciences, and legal studies",8630
"2021/2022","Wolfville","1207024","Business management and public administration",8655
"2021/2022","Wolfville","1207024","Physical and life sciences and technologies",8714
"2021/2022","Wolfville","1207024","Mathematics, computer and information sciences",8622
"2021/2022","Wolfville","1207024","Agriculture, natural resources and conservation",8841
"2021/2022","Wolfville","1207024","Other health, parks, recreation and fitness",8743
"2021/2022","Clare","1203001","Total, field of study",7788
"2021/2022","Clare","1203001","Education",7620
"2021/2022","Clare","1203001","Humanities",7211
"2021/2022","Clare","1203001","Business management and public administration",7106
"2021/2022","Clare","1203001","Physical and life sciences and technologies",8844
"2021/2022","Antigonish","1214002","Total, field of study",8752
"2021/2022","Antigonish","1214002","Education",8375
"2021/2022","Antigonish","1214002","Visual and performing arts, and communications technologies",8820
"2021/2022","Antigonish","1214002","Humanities",8761
"2021/2022","Antigonish","1214002","Social and behavioural sciences, and legal studies",8859
"2021/2022","Antigonish","1214002","Business management and public administration",8879
"2021/2022","Antigonish","1214002","Physical and life sciences and technologies",8584
"2021/2022","Antigonish","1214002","Mathematics, computer and information sciences",8608
"2021/2022","Antigonish","1214002","Agriculture, natural resources and conservation",8950
"2021/2022","Antigonish","1214002","Nursing",8832
"2021/2022","Antigonish","1214002","Other health, parks, recreation and fitness",8710
"2021/2022","New Brunswick","13","Total, field of study",7995
"2021/2022","New Brunswick","13","Education",7463
"2021/2022","New Brunswick","13","Visual and performing arts, and communications technologies",8430
"2021/2022","New Brunswick","13","Humanities",7622
"2021/2022","New Brunswick","13","Social and behavioural sciences, and legal studies",7850
"2021/2022","New Brunswick","13","Law",10975
"2021/2022","New Brunswick","13","Business management and public administration",8125
"2021/2022","New Brunswick","13","Physical and life sciences and technologies",7986
"2021/2022","New Brunswick","13","Mathematics, computer and information sciences",7675
"2021/2022","New Brunswick","13","Engineering",9102
"2021/2022","New Brunswick","13","Agriculture, natural resources and conservation",7531
"2021/2022","New Brunswick","13","Nursing",7795
"2021/2022","New Brunswick","13","Pharmacy",NA
"2021/2022","New Brunswick","13","Other health, parks, recreation and fitness",7150
"2021/2022","New Brunswick","13","Personal, protective and transportation services",NA
"2021/2022","Moncton","305","Total, field of study",7004
"2021/2022","Moncton","305","Education",6902
"2021/2022","Moncton","305","Visual and performing arts, and communications technologies",6902
"2021/2022","Moncton","305","Humanities",6902
"2021/2022","Moncton","305","Social and behavioural sciences, and legal studies",6902
"2021/2022","Moncton","305","Law",7402
"2021/2022","Moncton","305","Business management and public administration",6902
"2021/2022","Moncton","305","Physical and life sciences and technologies",6902
"2021/2022","Moncton","305","Mathematics, computer and information sciences",6902
"2021/2022","Moncton","305","Engineering",6902
"2021/2022","Moncton","305","Agriculture, natural resources and conservation",6902
"2021/2022","Moncton","305","Nursing",7485
"2021/2022","Moncton","305","Other health, parks, recreation and fitness",6902
"2021/2022","Fredericton","320","Total, field of study",8039
"2021/2022","Fredericton","320","Education",8351
"2021/2022","Fredericton","320","Visual and performing arts, and communications technologies",7329
"2021/2022","Fredericton","320","Humanities",7376
"2021/2022","Fredericton","320","Social and behavioural sciences, and legal studies",7382
"2021/2022","Fredericton","320","Law",12521
"2021/2022","Fredericton","320","Business management and public administration",8483
"2021/2022","Fredericton","320","Physical and life sciences and technologies",7329
"2021/2022","Fredericton","320","Mathematics, computer and information sciences",7329
"2021/2022","Fredericton","320","Engineering",9537
"2021/2022","Fredericton","320","Agriculture, natural resources and conservation",7329
"2021/2022","Fredericton","320","Nursing",8054
"2021/2022","Fredericton","320","Pharmacy",NA
"2021/2022","Fredericton","320","Other health, parks, recreation and fitness",7329
"2021/2022","Sackville","1307009","Total, field of study",9440
"2021/2022","Sackville","1307009","Visual and performing arts, and communications technologies",9440
"2021/2022","Sackville","1307009","Humanities",9440
"2021/2022","Sackville","1307009","Social and behavioural sciences, and legal studies",9440
"2021/2022","Sackville","1307009","Business management and public administration",9440
"2021/2022","Sackville","1307009","Physical and life sciences and technologies",9440
"2021/2022","Sackville","1307009","Mathematics, computer and information sciences",9440
"2021/2022","Sackville","1307009","Agriculture, natural resources and conservation",9440
"2021/2022","Sackville","1307009","Personal, protective and transportation services",NA
"2021/2022","Quebec","24","Total, field of study",3272
"2021/2022","Quebec","24","Education",2855
"2021/2022","Quebec","24","Visual and performing arts, and communications technologies",3269
"2021/2022","Quebec","24","Humanities",4367
"2021/2022","Quebec","24","Social and behavioural sciences, and legal studies",3366
"2021/2022","Quebec","24","Law",3171
"2021/2022","Quebec","24","Business management and public administration",3247
"2021/2022","Quebec","24","Physical and life sciences and technologies",3558
"2021/2022","Quebec","24","Mathematics, computer and information sciences",3431
"2021/2022","Quebec","24","Engineering",3186
"2021/2022","Quebec","24","Architecture",2945
"2021/2022","Quebec","24","Agriculture, natural resources and conservation",3142
"2021/2022","Quebec","24","Dentistry",4021
"2021/2022","Quebec","24","Medicine",3674
"2021/2022","Quebec","24","Nursing",2885
"2021/2022","Quebec","24","Pharmacy",2841
"2021/2022","Quebec","24","Veterinary medicine",2855
"2021/2022","Quebec","24","Optometry",3192
"2021/2022","Quebec","24","Other health, parks, recreation and fitness",3273
"2021/2022","Quebec","24","Personal, protective and transportation services",2865
"2021/2022","Montreal","462","Total, field of study",3411
"2021/2022","Montreal","462","Education",2868
"2021/2022","Montreal","462","Visual and performing arts, and communications technologies",3506
"2021/2022","Montreal","462","Humanities",4820
"2021/2022","Montreal","462","Social and behavioural sciences, and legal studies",3450
"2021/2022","Montreal","462","Law",3286
"2021/2022","Montreal","462","Business management and public administration",3361
"2021/2022","Montreal","462","Physical and life sciences and technologies",3678
"2021/2022","Montreal","462","Mathematics, computer and information sciences",3604
"2021/2022","Montreal","462","Engineering",3248
"2021/2022","Montreal","462","Architecture",3000
"2021/2022","Montreal","462","Agriculture, natural resources and conservation",3831
"2021/2022","Montreal","462","Dentistry",4442
"2021/2022","Montreal","462","Medicine",3991
"2021/2022","Montreal","462","Nursing",3007
"2021/2022","Montreal","462","Pharmacy",2809
"2021/2022","Montreal","462","Veterinary medicine",2855
"2021/2022","Montreal","462","Optometry",3192
"2021/2022","Montreal","462","Other health, parks, recreation and fitness",3476
"2021/2022","Montreal","462","Personal, protective and transportation services",2867
"2021/2022","Sherbrooke","433","Total, field of study",5298
"2021/2022","Sherbrooke","433","Education",5057
"2021/2022","Sherbrooke","433","Visual and performing arts, and communications technologies",5399
"2021/2022","Sherbrooke","433","Humanities",5259
"2021/2022","Sherbrooke","433","Social and behavioural sciences, and legal studies",5278
"2021/2022","Sherbrooke","433","Business management and public administration",5199
"2021/2022","Sherbrooke","433","Physical and life sciences and technologies",5812
"2021/2022","Sherbrooke","433","Mathematics, computer and information sciences",5616
"2021/2022","Sherbrooke","433","Agriculture, natural resources and conservation",8506
"2021/2022","Saguenay","408","Total, field of study",2762
"2021/2022","Saguenay","408","Education",2754
"2021/2022","Saguenay","408","Visual and performing arts, and communications technologies",2740
"2021/2022","Saguenay","408","Humanities",2774
"2021/2022","Saguenay","408","Social and behavioural sciences, and legal studies",2751
"2021/2022","Saguenay","408","Business management and public administration",2758
"2021/2022","Saguenay","408","Physical and life sciences and technologies",2943
"2021/2022","Saguenay","408","Mathematics, computer and information sciences",2725
"2021/2022","Saguenay","408","Engineering",2803
"2021/2022","Saguenay","408","Agriculture, natural resources and conservation",2848
"2021/2022","Saguenay","408","Nursing",2762
"2021/2022","Saguenay","408","Other health, parks, recreation and fitness",2725
"2021/2022","Rouyn-Noranda","485","Total, field of study",2725
"2021/2022","Rouyn-Noranda","485","Education",2725
"2021/2022","Rouyn-Noranda","485","Visual and performing arts, and communications technologies",2725
"2021/2022","Rouyn-Noranda","485","Social and behavioural sciences, and legal studies",2725
"2021/2022","Rouyn-Noranda","485","Business management and public administration",2725
"2021/2022","Rouyn-Noranda","485","Engineering",2725
"2021/2022","Rouyn-Noranda","485","Nursing",2725
"2021/2022","Trois-Rivières","442","Total, field of study",2753
"2021/2022","Trois-Rivières","442","Education",2735
"2021/2022","Trois-Rivières","442","Visual and performing arts, and communications technologies",2725
"2021/2022","Trois-Rivières","442","Humanities",2827
"2021/2022","Trois-Rivières","442","Social and behavioural sciences, and legal studies",2725
"2021/2022","Trois-Rivières","442","Business management and public administration",2745
"2021/2022","Trois-Rivières","442","Physical and life sciences and technologies",2725
"2021/2022","Trois-Rivières","442","Mathematics, computer and information sciences",2903
"2021/2022","Trois-Rivières","442","Engineering",2814
"2021/2022","Trois-Rivières","442","Nursing",2740
"2021/2022","Trois-Rivières","442","Other health, parks, recreation and fitness",2794
"2021/2022","Trois-Rivières","442","Personal, protective and transportation services",2725
"2021/2022","Ottawa-Gatineau, Quebec part, Ontario/Quebec",NA,"Total, field of study",2895
"2021/2022","Ottawa-Gatineau, Quebec part, Ontario/Quebec",NA,"Education",2810
"2021/2022","Ottawa-Gatineau, Quebec part, Ontario/Quebec",NA,"Visual and performing arts, and communications technologies",2939
"2021/2022","Ottawa-Gatineau, Quebec part, Ontario/Quebec",NA,"Humanities",2832
"2021/2022","Ottawa-Gatineau, Quebec part, Ontario/Quebec",NA,"Social and behavioural sciences, and legal studies",2828
"2021/2022","Ottawa-Gatineau, Quebec part, Ontario/Quebec",NA,"Business management and public administration",2960
"2021/2022","Ottawa-Gatineau, Quebec part, Ontario/Quebec",NA,"Physical and life sciences and technologies",NA
"2021/2022","Ottawa-Gatineau, Quebec part, Ontario/Quebec",NA,"Mathematics, computer and information sciences",3170
"2021/2022","Ottawa-Gatineau, Quebec part, Ontario/Quebec",NA,"Engineering",3483
"2021/2022","Ottawa-Gatineau, Quebec part, Ontario/Quebec",NA,"Nursing",2795
"2021/2022","Québec","421","Total, field of study",2789
"2021/2022","Québec","421","Education",2757
"2021/2022","Québec","421","Visual and performing arts, and communications technologies",2747
"2021/2022","Québec","421","Humanities",2790
"2021/2022","Québec","421","Social and behavioural sciences, and legal studies",2763
"2021/2022","Québec","421","Law",2790
"2021/2022","Québec","421","Business management and public administration",2781
"2021/2022","Québec","421","Physical and life sciences and technologies",2827
"2021/2022","Québec","421","Mathematics, computer and information sciences",2738
"2021/2022","Québec","421","Engineering",2817
"2021/2022","Québec","421","Architecture",2746
"2021/2022","Québec","421","Agriculture, natural resources and conservation",2763
"2021/2022","Québec","421","Dentistry",2838
"2021/2022","Québec","421","Medicine",2835
"2021/2022","Québec","421","Nursing",2786
"2021/2022","Québec","421","Pharmacy",2883
"2021/2022","Québec","421","Other health, parks, recreation and fitness",2831
"2021/2022","Rimouski","404","Total, field of study",2758
"2021/2022","Rimouski","404","Education",2773
"2021/2022","Rimouski","404","Humanities",2947
"2021/2022","Rimouski","404","Social and behavioural sciences, and legal studies",2725
"2021/2022","Rimouski","404","Business management and public administration",2737
"2021/2022","Rimouski","404","Physical and life sciences and technologies",2819
"2021/2022","Rimouski","404","Mathematics, computer and information sciences",2725
"2021/2022","Rimouski","404","Engineering",2823
"2021/2022","Rimouski","404","Agriculture, natural resources and conservation",NA
"2021/2022","Rimouski","404","Nursing",2725
"2021/2022","Rimouski","404","Other health, parks, recreation and fitness",NA
"2021/2022","Ontario","35","Total, field of study",7850
"2021/2022","Ontario","35","Education",6268
"2021/2022","Ontario","35","Visual and performing arts, and communications technologies",6578
"2021/2022","Ontario","35","Humanities",6092
"2021/2022","Ontario","35","Social and behavioural sciences, and legal studies",6154
"2021/2022","Ontario","35","Law",19419
"2021/2022","Ontario","35","Business management and public administration",9484
"2021/2022","Ontario","35","Physical and life sciences and technologies",6127
"2021/2022","Ontario","35","Mathematics, computer and information sciences",7846
"2021/2022","Ontario","35","Engineering",11427
"2021/2022","Ontario","35","Architecture",8097
"2021/2022","Ontario","35","Agriculture, natural resources and conservation",6159
"2021/2022","Ontario","35","Dentistry",36422
"2021/2022","Ontario","35","Medicine",24150
"2021/2022","Ontario","35","Nursing",6289
"2021/2022","Ontario","35","Pharmacy",17804
"2021/2022","Ontario","35","Veterinary medicine",8070
"2021/2022","Ontario","35","Optometry",14820
"2021/2022","Ontario","35","Other health, parks, recreation and fitness",6588
"2021/2022","Ontario","35","Personal, protective and transportation services",6253
"2021/2022","St. Catharines-Niagara","539","Total, field of study",6283
"2021/2022","St. Catharines-Niagara","539","Education",6089
"2021/2022","St. Catharines-Niagara","539","Visual and performing arts, and communications technologies",6003
"2021/2022","St. Catharines-Niagara","539","Humanities",6003
"2021/2022","St. Catharines-Niagara","539","Social and behavioural sciences, and legal studies",6003
"2021/2022","St. Catharines-Niagara","539","Business management and public administration",7244
"2021/2022","St. Catharines-Niagara","539","Physical and life sciences and technologies",6003
"2021/2022","St. Catharines-Niagara","539","Mathematics, computer and information sciences",7123
"2021/2022","St. Catharines-Niagara","539","Agriculture, natural resources and conservation",6003
"2021/2022","St. Catharines-Niagara","539","Nursing",6003
"2021/2022","St. Catharines-Niagara","539","Other health, parks, recreation and fitness",6003
"2021/2022","Ottawa-Gatineau, Ontario part, Ontario/Quebec",NA,"Total, field of study",7604
"2021/2022","Ottawa-Gatineau, Ontario part, Ontario/Quebec",NA,"Education",6088
"2021/2022","Ottawa-Gatineau, Ontario part, Ontario/Quebec",NA,"Visual and performing arts, and communications technologies",7275
"2021/2022","Ottawa-Gatineau, Ontario part, Ontario/Quebec",NA,"Humanities",6074
"2021/2022","Ottawa-Gatineau, Ontario part, Ontario/Quebec",NA,"Social and behavioural sciences, and legal studies",6442
"2021/2022","Ottawa-Gatineau, Ontario part, Ontario/Quebec",NA,"Law",13708
"2021/2022","Ottawa-Gatineau, Ontario part, Ontario/Quebec",NA,"Business management and public administration",7398
"2021/2022","Ottawa-Gatineau, Ontario part, Ontario/Quebec",NA,"Physical and life sciences and technologies",6085
"2021/2022","Ottawa-Gatineau, Ontario part, Ontario/Quebec",NA,"Mathematics, computer and information sciences",7431
"2021/2022","Ottawa-Gatineau, Ontario part, Ontario/Quebec",NA,"Engineering",10140
"2021/2022","Ottawa-Gatineau, Ontario part, Ontario/Quebec",NA,"Architecture",9237
"2021/2022","Ottawa-Gatineau, Ontario part, Ontario/Quebec",NA,"Agriculture, natural resources and conservation",6075
"2021/2022","Ottawa-Gatineau, Ontario part, Ontario/Quebec",NA,"Medicine",25487
"2021/2022","Ottawa-Gatineau, Ontario part, Ontario/Quebec",NA,"Nursing",6088
"2021/2022","Ottawa-Gatineau, Ontario part, Ontario/Quebec",NA,"Other health, parks, recreation and fitness",6088
"2021/2022","Ottawa-Gatineau, Ontario part, Ontario/Quebec",NA,"Personal, protective and transportation services",6682
"2021/2022","Guelph","550","Total, field of study",6588
"2021/2022","Guelph","550","Education",NA
"2021/2022","Guelph","550","Visual and performing arts, and communications technologies",5992
"2021/2022","Guelph","550","Humanities",5992
"2021/2022","Guelph","550","Social and behavioural sciences, and legal studies",5992
"2021/2022","Guelph","550","Business management and public administration",7431
"2021/2022","Guelph","550","Physical and life sciences and technologies",5992
"2021/2022","Guelph","550","Mathematics, computer and information sciences",7431
"2021/2022","Guelph","550","Engineering",9091
"2021/2022","Guelph","550","Architecture",8070
"2021/2022","Guelph","550","Agriculture, natural resources and conservation",5992
"2021/2022","Guelph","550","Veterinary medicine",8070
"2021/2022","Guelph","550","Other health, parks, recreation and fitness",5992
"2021/2022","Guelph","550","Personal, protective and transportation services",5992
"2021/2022","Thunder Bay","595","Total, field of study",6485
"2021/2022","Thunder Bay","595","Education",5940
"2021/2022","Thunder Bay","595","Visual and performing arts, and communications technologies",5692
"2021/2022","Thunder Bay","595","Humanities",5692
"2021/2022","Thunder Bay","595","Social and behavioural sciences, and legal studies",5692
"2021/2022","Thunder Bay","595","Law",16265
"2021/2022","Thunder Bay","595","Business management and public administration",6285
"2021/2022","Thunder Bay","595","Physical and life sciences and technologies",5692
"2021/2022","Thunder Bay","595","Mathematics, computer and information sciences",5692
"2021/2022","Thunder Bay","595","Engineering",7298
"2021/2022","Thunder Bay","595","Agriculture, natural resources and conservation",5692
"2021/2022","Thunder Bay","595","Medicine",NA
"2021/2022","Thunder Bay","595","Nursing",5692
"2021/2022","Thunder Bay","595","Pharmacy",NA
"2021/2022","Thunder Bay","595","Other health, parks, recreation and fitness",5692
"2021/2022","Greater Sudbury","580","Total, field of study",6659
"2021/2022","Greater Sudbury","580","Education",6045
"2021/2022","Greater Sudbury","580","Visual and performing arts, and communications technologies",NA
"2021/2022","Greater Sudbury","580","Humanities",6045
"2021/2022","Greater Sudbury","580","Social and behavioural sciences, and legal studies",6045
"2021/2022","Greater Sudbury","580","Business management and public administration",7547
"2021/2022","Greater Sudbury","580","Physical and life sciences and technologies",6045
"2021/2022","Greater Sudbury","580","Mathematics, computer and information sciences",7547
"2021/2022","Greater Sudbury","580","Engineering",8190
"2021/2022","Greater Sudbury","580","Architecture",9855
"2021/2022","Greater Sudbury","580","Agriculture, natural resources and conservation",NA
"2021/2022","Greater Sudbury","580","Medicine",NA
"2021/2022","Greater Sudbury","580","Nursing",6045
"2021/2022","Greater Sudbury","580","Pharmacy",6045
"2021/2022","Greater Sudbury","580","Other health, parks, recreation and fitness",6045
"2021/2022","Greater Sudbury","580","Personal, protective and transportation services",6045
"2021/2022","Hamilton","537","Total, field of study",8170
"2021/2022","Hamilton","537","Visual and performing arts, and communications technologies",5999
"2021/2022","Hamilton","537","Humanities",5999
"2021/2022","Hamilton","537","Social and behavioural sciences, and legal studies",5999
"2021/2022","Hamilton","537","Business management and public administration",9665
"2021/2022","Hamilton","537","Physical and life sciences and technologies",5999
"2021/2022","Hamilton","537","Mathematics, computer and information sciences",5999
"2021/2022","Hamilton","537","Engineering",10172
"2021/2022","Hamilton","537","Agriculture, natural resources and conservation",5999
"2021/2022","Hamilton","537","Medicine",25130
"2021/2022","Hamilton","537","Nursing",7147
"2021/2022","Hamilton","537","Other health, parks, recreation and fitness",8971
"2021/2022","North Bay","575","Total, field of study",6067
"2021/2022","North Bay","575","Education",6621
"2021/2022","North Bay","575","Visual and performing arts, and communications technologies",5781
"2021/2022","North Bay","575","Humanities",5781
"2021/2022","North Bay","575","Social and behavioural sciences, and legal studies",5781
"2021/2022","North Bay","575","Business management and public administration",6529
"2021/2022","North Bay","575","Physical and life sciences and technologies",5781
"2021/2022","North Bay","575","Mathematics, computer and information sciences",6529
"2021/2022","North Bay","575","Agriculture, natural resources and conservation",5781
"2021/2022","North Bay","575","Nursing",5781
"2021/2022","North Bay","575","Other health, parks, recreation and fitness",5781
"2021/2022","North Bay","575","Personal, protective and transportation services",5781
"2021/2022","Kingston","521","Total, field of study",8480
"2021/2022","Kingston","521","Education",5997
"2021/2022","Kingston","521","Visual and performing arts, and communications technologies",6083
"2021/2022","Kingston","521","Humanities",6083
"2021/2022","Kingston","521","Social and behavioural sciences, and legal studies",6092
"2021/2022","Kingston","521","Law",18188
"2021/2022","Kingston","521","Business management and public administration",15547
"2021/2022","Kingston","521","Physical and life sciences and technologies",6083
"2021/2022","Kingston","521","Mathematics, computer and information sciences",6240
"2021/2022","Kingston","521","Engineering",10603
"2021/2022","Kingston","521","Agriculture, natural resources and conservation",6083
"2021/2022","Kingston","521","Medicine",23513
"2021/2022","Kingston","521","Nursing",6236
"2021/2022","Kingston","521","Other health, parks, recreation and fitness",6083
"2021/2022","Peterborough","529","Total, field of study",6118
"2021/2022","Peterborough","529","Education",6118
"2021/2022","Peterborough","529","Humanities",6118
"2021/2022","Peterborough","529","Social and behavioural sciences, and legal studies",6118
"2021/2022","Peterborough","529","Business management and public administration",6118
"2021/2022","Peterborough","529","Physical and life sciences and technologies",6118
"2021/2022","Peterborough","529","Mathematics, computer and information sciences",6118
"2021/2022","Peterborough","529","Agriculture, natural resources and conservation",6118
"2021/2022","Peterborough","529","Nursing",6118
"2021/2022","Peterborough","529","Other health, parks, recreation and fitness",6118
"2021/2022","Peterborough","529","Personal, protective and transportation services",6118
"2021/2022","Belleville-Quinte West","522","Total, field of study",NA
"2021/2022","Belleville-Quinte West","522","Nursing",NA
"2021/2022","Windsor","559","Total, field of study",7795
"2021/2022","Windsor","559","Education",6821
"2021/2022","Windsor","559","Visual and performing arts, and communications technologies",5800
"2021/2022","Windsor","559","Humanities",5800
"2021/2022","Windsor","559","Social and behavioural sciences, and legal studies",5800
"2021/2022","Windsor","559","Law",17556
"2021/2022","Windsor","559","Business management and public administration",8681
"2021/2022","Windsor","559","Physical and life sciences and technologies",5972
"2021/2022","Windsor","559","Mathematics, computer and information sciences",8939
"2021/2022","Windsor","559","Engineering",9419
"2021/2022","Windsor","559","Agriculture, natural resources and conservation",5972
"2021/2022","Windsor","559","Nursing",5800
"2021/2022","Windsor","559","Other health, parks, recreation and fitness",5972
"2021/2022","Windsor","559","Personal, protective and transportation services",5972
"2021/2022","Toronto","535","Total, field of study",7751
"2021/2022","Toronto","535","Education",6118
"2021/2022","Toronto","535","Visual and performing arts, and communications technologies",6628
"2021/2022","Toronto","535","Humanities",6115
"2021/2022","Toronto","535","Social and behavioural sciences, and legal studies",6138
"2021/2022","Toronto","535","Law",27387
"2021/2022","Toronto","535","Business management and public administration",8408
"2021/2022","Toronto","535","Physical and life sciences and technologies",6109
"2021/2022","Toronto","535","Mathematics, computer and information sciences",7531
"2021/2022","Toronto","535","Engineering",12116
"2021/2022","Toronto","535","Architecture",7186
"2021/2022","Toronto","535","Agriculture, natural resources and conservation",6107
"2021/2022","Toronto","535","Dentistry",37080
"2021/2022","Toronto","535","Medicine",23090
"2021/2022","Toronto","535","Nursing",6442
"2021/2022","Toronto","535","Pharmacy",18060
"2021/2022","Toronto","535","Other health, parks, recreation and fitness",6823
"2021/2022","Toronto","535","Personal, protective and transportation services",6852
"2021/2022","Oshawa","532","Total, field of study",7229
"2021/2022","Oshawa","532","Education",5949
"2021/2022","Oshawa","532","Humanities",NA
"2021/2022","Oshawa","532","Social and behavioural sciences, and legal studies",5949
"2021/2022","Oshawa","532","Business management and public administration",8046
"2021/2022","Oshawa","532","Physical and life sciences and technologies",5949
"2021/2022","Oshawa","532","Mathematics, computer and information sciences",7473
"2021/2022","Oshawa","532","Engineering",9275
"2021/2022","Oshawa","532","Nursing",6092
"2021/2022","Oshawa","532","Other health, parks, recreation and fitness",5949
"2021/2022","Oshawa","532","Personal, protective and transportation services",5949
"2021/2022","Sault Ste. Marie","590","Total, field of study",5865
"2021/2022","Sault Ste. Marie","590","Visual and performing arts, and communications technologies",5865
"2021/2022","Sault Ste. Marie","590","Humanities",5865
"2021/2022","Sault Ste. Marie","590","Social and behavioural sciences, and legal studies",5865
"2021/2022","Sault Ste. Marie","590","Business management and public administration",5865
"2021/2022","Sault Ste. Marie","590","Physical and life sciences and technologies",5865
"2021/2022","Sault Ste. Marie","590","Mathematics, computer and information sciences",5865
"2021/2022","Sault Ste. Marie","590","Engineering",NA
"2021/2022","Sault Ste. Marie","590","Agriculture, natural resources and conservation",5865
"2021/2022","Kitchener-Cambridge-Waterloo","541","Total, field of study",8723
"2021/2022","Kitchener-Cambridge-Waterloo","541","Education",8051
"2021/2022","Kitchener-Cambridge-Waterloo","541","Visual and performing arts, and communications technologies",6598
"2021/2022","Kitchener-Cambridge-Waterloo","541","Humanities",6248
"2021/2022","Kitchener-Cambridge-Waterloo","541","Social and behavioural sciences, and legal studies",6249
"2021/2022","Kitchener-Cambridge-Waterloo","541","Business management and public administration",8810
"2021/2022","Kitchener-Cambridge-Waterloo","541","Physical and life sciences and technologies",6666
"2021/2022","Kitchener-Cambridge-Waterloo","541","Mathematics, computer and information sciences",9512
"2021/2022","Kitchener-Cambridge-Waterloo","541","Engineering",15186
"2021/2022","Kitchener-Cambridge-Waterloo","541","Architecture",8232
"2021/2022","Kitchener-Cambridge-Waterloo","541","Agriculture, natural resources and conservation",6721
"2021/2022","Kitchener-Cambridge-Waterloo","541","Pharmacy",17782
"2021/2022","Kitchener-Cambridge-Waterloo","541","Optometry",14820
"2021/2022","Kitchener-Cambridge-Waterloo","541","Other health, parks, recreation and fitness",6536
"2021/2022","Kitchener-Cambridge-Waterloo","541","Personal, protective and transportation services",6615
"2021/2022","London","555","Total, field of study",10208
"2021/2022","London","555","Education",7271
"2021/2022","London","555","Visual and performing arts, and communications technologies",6050
"2021/2022","London","555","Humanities",6050
"2021/2022","London","555","Social and behavioural sciences, and legal studies",6050
"2021/2022","London","555","Law",20151
"2021/2022","London","555","Business management and public administration",25200
"2021/2022","London","555","Physical and life sciences and technologies",6050
"2021/2022","London","555","Mathematics, computer and information sciences",6050
"2021/2022","London","555","Engineering",12294
"2021/2022","London","555","Architecture",6050
"2021/2022","London","555","Agriculture, natural resources and conservation",6050
"2021/2022","London","555","Dentistry",35341
"2021/2022","London","555","Medicine",23986
"2021/2022","London","555","Nursing",6050
"2021/2022","London","555","Other health, parks, recreation and fitness",6050
"2021/2022","London","555","Personal, protective and transportation services",6050
"2021/2022","Barrie","568","Total, field of study",6507
"2021/2022","Barrie","568","Visual and performing arts, and communications technologies",6980
"2021/2022","Barrie","568","Social and behavioural sciences, and legal studies",6506
"2021/2022","Barrie","568","Business management and public administration",6751
"2021/2022","Barrie","568","Nursing",NA
"2021/2022","Barrie","568","Personal, protective and transportation services",6118
"2021/2022","Hearst","3556076","Total, field of study",NA
"2021/2022","Hearst","3556076","Humanities",NA
"2021/2022","Hearst","3556076","Social and behavioural sciences, and legal studies",NA
"2021/2022","Hearst","3556076","Business management and public administration",NA
"2021/2022","Manitoba","46","Total, field of study",5064
"2021/2022","Manitoba","46","Education",4367
"2021/2022","Manitoba","46","Visual and performing arts, and communications technologies",4612
"2021/2022","Manitoba","46","Humanities",4329
"2021/2022","Manitoba","46","Social and behavioural sciences, and legal studies",4362
"2021/2022","Manitoba","46","Law",11411
"2021/2022","Manitoba","46","Business management and public administration",5009
"2021/2022","Manitoba","46","Physical and life sciences and technologies",4621
"2021/2022","Manitoba","46","Mathematics, computer and information sciences",4566
"2021/2022","Manitoba","46","Engineering",6455
"2021/2022","Manitoba","46","Architecture",5033
"2021/2022","Manitoba","46","Agriculture, natural resources and conservation",4837
"2021/2022","Manitoba","46","Dentistry",22938
"2021/2022","Manitoba","46","Medicine",10297
"2021/2022","Manitoba","46","Nursing",5854
"2021/2022","Manitoba","46","Pharmacy",19412
"2021/2022","Manitoba","46","Other health, parks, recreation and fitness",4536
"2021/2022","Manitoba","46","Personal, protective and transportation services",4392
"2021/2022","Winnipeg","602","Total, field of study",5150
"2021/2022","Winnipeg","602","Education",4433
"2021/2022","Winnipeg","602","Visual and performing arts, and communications technologies",4694
"2021/2022","Winnipeg","602","Humanities",4351
"2021/2022","Winnipeg","602","Social and behavioural sciences, and legal studies",4379
"2021/2022","Winnipeg","602","Law",11411
"2021/2022","Winnipeg","602","Business management and public administration",5074
"2021/2022","Winnipeg","602","Physical and life sciences and technologies",4643
"2021/2022","Winnipeg","602","Mathematics, computer and information sciences",4587
"2021/2022","Winnipeg","602","Engineering",6455
"2021/2022","Winnipeg","602","Architecture",5033
"2021/2022","Winnipeg","602","Agriculture, natural resources and conservation",4859
"2021/2022","Winnipeg","602","Dentistry",22938
"2021/2022","Winnipeg","602","Medicine",10297
"2021/2022","Winnipeg","602","Nursing",6235
"2021/2022","Winnipeg","602","Pharmacy",19412
"2021/2022","Winnipeg","602","Other health, parks, recreation and fitness",4596
"2021/2022","Winnipeg","602","Personal, protective and transportation services",4400
"2021/2022","Brandon","610","Total, field of study",4194
"2021/2022","Brandon","610","Education",4092
"2021/2022","Brandon","610","Visual and performing arts, and communications technologies",4146
"2021/2022","Brandon","610","Humanities",4020
"2021/2022","Brandon","610","Social and behavioural sciences, and legal studies",4194
"2021/2022","Brandon","610","Business management and public administration",4020
"2021/2022","Brandon","610","Physical and life sciences and technologies",4367
"2021/2022","Brandon","610","Mathematics, computer and information sciences",4367
"2021/2022","Brandon","610","Agriculture, natural resources and conservation",4367
"2021/2022","Brandon","610","Nursing",4448
"2021/2022","Brandon","610","Other health, parks, recreation and fitness",4092
"2021/2022","Brandon","610","Personal, protective and transportation services",4194
"2021/2022","The Pas","4621045","Total, field of study",4213
"2021/2022","The Pas","4621045","Education",3630
"2021/2022","The Pas","4621045","Humanities",4170
"2021/2022","The Pas","4621045","Social and behavioural sciences, and legal studies",4901
"2021/2022","The Pas","4621045","Business management and public administration",3979
"2021/2022","Saskatchewan","47","Total, field of study",8455
"2021/2022","Saskatchewan","47","Education",7132
"2021/2022","Saskatchewan","47","Visual and performing arts, and communications technologies",7216
"2021/2022","Saskatchewan","47","Humanities",6797
"2021/2022","Saskatchewan","47","Social and behavioural sciences, and legal studies",6840
"2021/2022","Saskatchewan","47","Law",15651
"2021/2022","Saskatchewan","47","Business management and public administration",7858
"2021/2022","Saskatchewan","47","Physical and life sciences and technologies",7119
"2021/2022","Saskatchewan","47","Mathematics, computer and information sciences",7197
"2021/2022","Saskatchewan","47","Engineering",8184
"2021/2022","Saskatchewan","47","Architecture",6710
"2021/2022","Saskatchewan","47","Agriculture, natural resources and conservation",6880
"2021/2022","Saskatchewan","47","Dentistry",47298
"2021/2022","Saskatchewan","47","Medicine",18718
"2021/2022","Saskatchewan","47","Nursing",8143
"2021/2022","Saskatchewan","47","Pharmacy",13705
"2021/2022","Saskatchewan","47","Veterinary medicine",40217
"2021/2022","Saskatchewan","47","Other health, parks, recreation and fitness",7198
"2021/2022","Saskatchewan","47","Personal, protective and transportation services",6983
"2021/2022","Regina","705","Total, field of study",7422
"2021/2022","Regina","705","Education",7185
"2021/2022","Regina","705","Visual and performing arts, and communications technologies",7403
"2021/2022","Regina","705","Humanities",6983
"2021/2022","Regina","705","Social and behavioural sciences, and legal studies",6983
"2021/2022","Regina","705","Business management and public administration",7714
"2021/2022","Regina","705","Physical and life sciences and technologies",7403
"2021/2022","Regina","705","Mathematics, computer and information sciences",7403
"2021/2022","Regina","705","Engineering",7755
"2021/2022","Regina","705","Agriculture, natural resources and conservation",6983
"2021/2022","Regina","705","Nursing",7778
"2021/2022","Regina","705","Other health, parks, recreation and fitness",7403
"2021/2022","Regina","705","Personal, protective and transportation services",6983
"2021/2022","Saskatoon","725","Total, field of study",9157
"2021/2022","Saskatoon","725","Education",7083
"2021/2022","Saskatoon","725","Visual and performing arts, and communications technologies",6871
"2021/2022","Saskatoon","725","Humanities",6710
"2021/2022","Saskatoon","725","Social and behavioural sciences, and legal studies",6710
"2021/2022","Saskatoon","725","Law",15651
"2021/2022","Saskatoon","725","Business management and public administration",8032
"2021/2022","Saskatoon","725","Physical and life sciences and technologies",7026
"2021/2022","Saskatoon","725","Mathematics, computer and information sciences",7026
"2021/2022","Saskatoon","725","Engineering",8346
"2021/2022","Saskatoon","725","Architecture",6710
"2021/2022","Saskatoon","725","Agriculture, natural resources and conservation",6877
"2021/2022","Saskatoon","725","Dentistry",47298
"2021/2022","Saskatoon","725","Medicine",18718
"2021/2022","Saskatoon","725","Nursing",8628
"2021/2022","Saskatoon","725","Pharmacy",13705
"2021/2022","Saskatoon","725","Veterinary medicine",40217
"2021/2022","Saskatoon","725","Other health, parks, recreation and fitness",6939
"2021/2022","Alberta","48","Total, field of study",6582
"2021/2022","Alberta","48","Education",6059
"2021/2022","Alberta","48","Visual and performing arts, and communications technologies",5837
"2021/2022","Alberta","48","Humanities",5977
"2021/2022","Alberta","48","Social and behavioural sciences, and legal studies",6125
"2021/2022","Alberta","48","Law",12659
"2021/2022","Alberta","48","Business management and public administration",6639
"2021/2022","Alberta","48","Physical and life sciences and technologies",6072
"2021/2022","Alberta","48","Mathematics, computer and information sciences",6065
"2021/2022","Alberta","48","Engineering",7202
"2021/2022","Alberta","48","Architecture",6164
"2021/2022","Alberta","48","Agriculture, natural resources and conservation",5952
"2021/2022","Alberta","48","Dentistry",23109
"2021/2022","Alberta","48","Medicine",15422
"2021/2022","Alberta","48","Nursing",6750
"2021/2022","Alberta","48","Pharmacy",12146
"2021/2022","Alberta","48","Veterinary medicine",12438
"2021/2022","Alberta","48","Other health, parks, recreation and fitness",5956
"2021/2022","Alberta","48","Personal, protective and transportation services",5509
"2021/2022","Edmonton","835","Total, field of study",6681
"2021/2022","Edmonton","835","Education",6091
"2021/2022","Edmonton","835","Visual and performing arts, and communications technologies",6269
"2021/2022","Edmonton","835","Humanities",5933
"2021/2022","Edmonton","835","Social and behavioural sciences, and legal studies",6184
"2021/2022","Edmonton","835","Law",11701
"2021/2022","Edmonton","835","Business management and public administration",6160
"2021/2022","Edmonton","835","Physical and life sciences and technologies",6113
"2021/2022","Edmonton","835","Mathematics, computer and information sciences",6031
"2021/2022","Edmonton","835","Engineering",7261
"2021/2022","Edmonton","835","Architecture",6091
"2021/2022","Edmonton","835","Agriculture, natural resources and conservation",6091
"2021/2022","Edmonton","835","Dentistry",23109
"2021/2022","Edmonton","835","Medicine",13786
"2021/2022","Edmonton","835","Nursing",7406
"2021/2022","Edmonton","835","Pharmacy",12146
"2021/2022","Edmonton","835","Other health, parks, recreation and fitness",6091
"2021/2022","Calgary","825","Total, field of study",6679
"2021/2022","Calgary","825","Education",6094
"2021/2022","Calgary","825","Visual and performing arts, and communications technologies",5588
"2021/2022","Calgary","825","Humanities",6088
"2021/2022","Calgary","825","Social and behavioural sciences, and legal studies",6131
"2021/2022","Calgary","825","Law",14099
"2021/2022","Calgary","825","Business management and public administration",7170
"2021/2022","Calgary","825","Physical and life sciences and technologies",6118
"2021/2022","Calgary","825","Mathematics, computer and information sciences",6160
"2021/2022","Calgary","825","Engineering",7136
"2021/2022","Calgary","825","Agriculture, natural resources and conservation",6039
"2021/2022","Calgary","825","Medicine",17669
"2021/2022","Calgary","825","Nursing",6091
"2021/2022","Calgary","825","Veterinary medicine",12438
"2021/2022","Calgary","825","Other health, parks, recreation and fitness",6036
"2021/2022","Lethbridge","810","Total, field of study",5690
"2021/2022","Lethbridge","810","Education",5695
"2021/2022","Lethbridge","810","Visual and performing arts, and communications technologies",5695
"2021/2022","Lethbridge","810","Humanities",5695
"2021/2022","Lethbridge","810","Social and behavioural sciences, and legal studies",5695
"2021/2022","Lethbridge","810","Business management and public administration",5695
"2021/2022","Lethbridge","810","Physical and life sciences and technologies",5695
"2021/2022","Lethbridge","810","Mathematics, computer and information sciences",5695
"2021/2022","Lethbridge","810","Agriculture, natural resources and conservation",5777
"2021/2022","Lethbridge","810","Nursing",5695
"2021/2022","Lethbridge","810","Other health, parks, recreation and fitness",5695
"2021/2022","Lethbridge","810","Personal, protective and transportation services",5355
"2021/2022","Medicine Hat","805","Total, field of study",4854
"2021/2022","Medicine Hat","805","Visual and performing arts, and communications technologies",4890
"2021/2022","Medicine Hat","805","Other health, parks, recreation and fitness",4823
"2021/2022","Red Deer","830","Total, field of study",6785
"2021/2022","Red Deer","830","Visual and performing arts, and communications technologies",6650
"2021/2022","Red Deer","830","Physical and life sciences and technologies",7400
"2021/2022","Athabasca","4813048","Total, field of study",6465
"2021/2022","Athabasca","4813048","Humanities",6465
"2021/2022","Athabasca","4813048","Social and behavioural sciences, and legal studies",6465
"2021/2022","Athabasca","4813048","Business management and public administration",6465
"2021/2022","Athabasca","4813048","Physical and life sciences and technologies",6465
"2021/2022","Athabasca","4813048","Mathematics, computer and information sciences",6465
"2021/2022","Athabasca","4813048","Architecture",6465
"2021/2022","Athabasca","4813048","Nursing",6465
"2021/2022","Athabasca","4813048","Other health, parks, recreation and fitness",6465
"2021/2022","Athabasca","4813048","Personal, protective and transportation services",6465
"2021/2022","Olds","4806034","Total, field of study",5015
"2021/2022","Olds","4806034","Agriculture, natural resources and conservation",5015
"2021/2022","Olds","4806034","Other health, parks, recreation and fitness",5015
"2021/2022","Vermilion","4810042","Total, field of study",5363
"2021/2022","Vermilion","4810042","Agriculture, natural resources and conservation",5363
"2021/2022","Vermilion","4810042","Personal, protective and transportation services",NA
"2021/2022","British Columbia","59","Total, field of study",6134
"2021/2022","British Columbia","59","Education",5576
"2021/2022","British Columbia","59","Visual and performing arts, and communications technologies",6284
"2021/2022","British Columbia","59","Humanities",5364
"2021/2022","British Columbia","59","Social and behavioural sciences, and legal studies",5605
"2021/2022","British Columbia","59","Law",13648
"2021/2022","British Columbia","59","Business management and public administration",6070
"2021/2022","British Columbia","59","Physical and life sciences and technologies",5528
"2021/2022","British Columbia","59","Mathematics, computer and information sciences",5573
"2021/2022","British Columbia","59","Engineering",6218
"2021/2022","British Columbia","59","Architecture",7091
"2021/2022","British Columbia","59","Agriculture, natural resources and conservation",5626
"2021/2022","British Columbia","59","Dentistry",30531
"2021/2022","British Columbia","59","Medicine",19219
"2021/2022","British Columbia","59","Nursing",5041
"2021/2022","British Columbia","59","Pharmacy",13532
"2021/2022","British Columbia","59","Other health, parks, recreation and fitness",5409
"2021/2022","British Columbia","59","Personal, protective and transportation services",5246
"2021/2022","Vancouver","933","Total, field of study",6384
"2021/2022","Vancouver","933","Education",5844
"2021/2022","Vancouver","933","Visual and performing arts, and communications technologies",6489
"2021/2022","Vancouver","933","Humanities",5674
"2021/2022","Vancouver","933","Social and behavioural sciences, and legal studies",5543
"2021/2022","Vancouver","933","Law",13149
"2021/2022","Vancouver","933","Business management and public administration",6201
"2021/2022","Vancouver","933","Physical and life sciences and technologies",5658
"2021/2022","Vancouver","933","Mathematics, computer and information sciences",5676
"2021/2022","Vancouver","933","Engineering",5924
"2021/2022","Vancouver","933","Architecture",7091
"2021/2022","Vancouver","933","Agriculture, natural resources and conservation",5697
"2021/2022","Vancouver","933","Dentistry",30531
"2021/2022","Vancouver","933","Medicine",19219
"2021/2022","Vancouver","933","Nursing",5095
"2021/2022","Vancouver","933","Pharmacy",13532
"2021/2022","Vancouver","933","Other health, parks, recreation and fitness",5554
"2021/2022","Vancouver","933","Personal, protective and transportation services",6237
"2021/2022","Victoria","935","Total, field of study",6329
"2021/2022","Victoria","935","Education",5926
"2021/2022","Victoria","935","Visual and performing arts, and communications technologies",5926
"2021/2022","Victoria","935","Humanities",5926
"2021/2022","Victoria","935","Social and behavioural sciences, and legal studies",5973
"2021/2022","Victoria","935","Law",10371
"2021/2022","Victoria","935","Business management and public administration",6732
"2021/2022","Victoria","935","Physical and life sciences and technologies",5926
"2021/2022","Victoria","935","Mathematics, computer and information sciences",5926
"2021/2022","Victoria","935","Engineering",6977
"2021/2022","Victoria","935","Agriculture, natural resources and conservation",6442
"2021/2022","Victoria","935","Nursing",5926
"2021/2022","Victoria","935","Other health, parks, recreation and fitness",5156
"2021/2022","Victoria","935","Personal, protective and transportation services",8448
"2021/2022","Prince George","970","Total, field of study",5644
"2021/2022","Prince George","970","Education",5644
"2021/2022","Prince George","970","Humanities",5644
"2021/2022","Prince George","970","Social and behavioural sciences, and legal studies",5644
"2021/2022","Prince George","970","Business management and public administration",5644
"2021/2022","Prince George","970","Physical and life sciences and technologies",5644
"2021/2022","Prince George","970","Mathematics, computer and information sciences",5644
"2021/2022","Prince George","970","Engineering",5644
"2021/2022","Prince George","970","Agriculture, natural resources and conservation",5644
"2021/2022","Prince George","970","Nursing",5644
"2021/2022","Prince George","970","Other health, parks, recreation and fitness",5644
"2021/2022","Courtenay","943","Total, field of study",3143
"2021/2022","Courtenay","943","Business management and public administration",3143
"2021/2022","Cranbrook","905","Total, field of study",5503
"2021/2022","Cranbrook","905","Business management and public administration",5503
"2021/2022","Kamloops","925","Total, field of study",5395
"2021/2022","Kamloops","925","Education",4487
"2021/2022","Kamloops","925","Visual and performing arts, and communications technologies",4487
"2021/2022","Kamloops","925","Humanities",4487
"2021/2022","Kamloops","925","Social and behavioural sciences, and legal studies",4487
"2021/2022","Kamloops","925","Law",20479
"2021/2022","Kamloops","925","Business management and public administration",4487
"2021/2022","Kamloops","925","Physical and life sciences and technologies",4487
"2021/2022","Kamloops","925","Mathematics, computer and information sciences",4487
"2021/2022","Kamloops","925","Engineering",6624
"2021/2022","Kamloops","925","Agriculture, natural resources and conservation",4487
"2021/2022","Kamloops","925","Nursing",4487
"2021/2022","Kamloops","925","Other health, parks, recreation and fitness",4487
"2021/2022","Kelowna","915","Total, field of study",4278
"2021/2022","Kelowna","915","Business management and public administration",4271
"2021/2022","Kelowna","915","Mathematics, computer and information sciences",4330
"2021/2022","Kelowna","915","Nursing",NA
"2021/2022","Nanaimo","938","Total, field of study",5283
"2021/2022","Nanaimo","938","Education",4704
"2021/2022","Nanaimo","938","Visual and performing arts, and communications technologies",4704
"2021/2022","Nanaimo","938","Humanities",4704
"2021/2022","Nanaimo","938","Social and behavioural sciences, and legal studies",4704
"2021/2022","Nanaimo","938","Business management and public administration",8752
"2021/2022","Nanaimo","938","Physical and life sciences and technologies",4704
"2021/2022","Nanaimo","938","Agriculture, natural resources and conservation",4704
"2021/2022","Nanaimo","938","Nursing",4704
"2021/2022","Nanaimo","938","Other health, parks, recreation and fitness",4704
"2021/2022","Abbotsford-Mission","932","Total, field of study",4674
"2021/2022","Abbotsford-Mission","932","Education",5152
"2021/2022","Abbotsford-Mission","932","Visual and performing arts, and communications technologies",6348
"2021/2022","Abbotsford-Mission","932","Humanities",4618
"2021/2022","Abbotsford-Mission","932","Social and behavioural sciences, and legal studies",4618
"2021/2022","Abbotsford-Mission","932","Business management and public administration",4618
"2021/2022","Abbotsford-Mission","932","Physical and life sciences and technologies",4618
"2021/2022","Abbotsford-Mission","932","Mathematics, computer and information sciences",4618
"2021/2022","Abbotsford-Mission","932","Agriculture, natural resources and conservation",6289
"2021/2022","Abbotsford-Mission","932","Nursing",4618
"2021/2022","Abbotsford-Mission","932","Other health, parks, recreation and fitness",4618
"2021/2022","Abbotsford-Mission","932","Personal, protective and transportation services",4618
"2021/2022","Central Kootenay J","5903058","Total, field of study",4480
"2021/2022","Central Kootenay J","5903058","Social and behavioural sciences, and legal studies",4480
"2021/2022","Yukon","60","Total, field of study",4005
"2021/2022","Yukon","60","Business management and public administration",4005
"2021/2022","Whitehorse","990","Total, field of study",4005
"2021/2022","Whitehorse","990","Business management and public administration",4005
"2022/2023","Canada","1","Total, field of study",6871
"2022/2023","Canada","1","Education",5191
"2022/2023","Canada","1","Visual and performing arts, and communications technologies",6152
"2022/2023","Canada","1","Humanities",5914
"2022/2023","Canada","1","Social and behavioural sciences, and legal studies",5885
"2022/2023","Canada","1","Law",13200
"2022/2023","Canada","1","Business management and public administration",7297
"2022/2023","Canada","1","Physical and life sciences and technologies",6005
"2022/2023","Canada","1","Mathematics, computer and information sciences",7074
"2022/2023","Canada","1","Engineering",8618
"2022/2023","Canada","1","Architecture",6743
"2022/2023","Canada","1","Agriculture, natural resources and conservation",6033
"2022/2023","Canada","1","Dentistry",24041
"2022/2023","Canada","1","Medicine",15190
"2022/2023","Canada","1","Nursing",6022
"2022/2023","Canada","1","Pharmacy",12207
"2022/2023","Canada","1","Veterinary medicine",14977
"2022/2023","Canada","1","Optometry",10340
"2022/2023","Canada","1","Other health, parks, recreation and fitness",6221
"2022/2023","Canada","1","Personal, protective and transportation services",6007
"2022/2023","Newfoundland and Labrador","10","Total, field of study",3361
"2022/2023","Newfoundland and Labrador","10","Education",3143
"2022/2023","Newfoundland and Labrador","10","Visual and performing arts, and communications technologies",3281
"2022/2023","Newfoundland and Labrador","10","Humanities",2894
"2022/2023","Newfoundland and Labrador","10","Social and behavioural sciences, and legal studies",3021
"2022/2023","Newfoundland and Labrador","10","Business management and public administration",2969
"2022/2023","Newfoundland and Labrador","10","Physical and life sciences and technologies",3058
"2022/2023","Newfoundland and Labrador","10","Mathematics, computer and information sciences",3010
"2022/2023","Newfoundland and Labrador","10","Engineering",3145
"2022/2023","Newfoundland and Labrador","10","Agriculture, natural resources and conservation",3725
"2022/2023","Newfoundland and Labrador","10","Medicine",14250
"2022/2023","Newfoundland and Labrador","10","Nursing",2866
"2022/2023","Newfoundland and Labrador","10","Pharmacy",2650
"2022/2023","Newfoundland and Labrador","10","Other health, parks, recreation and fitness",2909
"2022/2023","Newfoundland and Labrador","10","Personal, protective and transportation services",2855
"2022/2023","St. John's","001","Total, field of study",3361
"2022/2023","St. John's","001","Education",3143
"2022/2023","St. John's","001","Visual and performing arts, and communications technologies",3281
"2022/2023","St. John's","001","Humanities",2894
"2022/2023","St. John's","001","Social and behavioural sciences, and legal studies",3021
"2022/2023","St. John's","001","Business management and public administration",2969
"2022/2023","St. John's","001","Physical and life sciences and technologies",3058
"2022/2023","St. John's","001","Mathematics, computer and information sciences",3010
"2022/2023","St. John's","001","Engineering",3145
"2022/2023","St. John's","001","Agriculture, natural resources and conservation",3725
"2022/2023","St. John's","001","Medicine",14250
"2022/2023","St. John's","001","Nursing",2866
"2022/2023","St. John's","001","Pharmacy",2650
"2022/2023","St. John's","001","Other health, parks, recreation and fitness",2909
"2022/2023","St. John's","001","Personal, protective and transportation services",2855
"2022/2023","Prince Edward Island","11","Total, field of study",7085
"2022/2023","Prince Edward Island","11","Education",8764
"2022/2023","Prince Edward Island","11","Visual and performing arts, and communications technologies",6570
"2022/2023","Prince Edward Island","11","Humanities",6570
"2022/2023","Prince Edward Island","11","Social and behavioural sciences, and legal studies",6570
"2022/2023","Prince Edward Island","11","Business management and public administration",6570
"2022/2023","Prince Edward Island","11","Physical and life sciences and technologies",6570
"2022/2023","Prince Edward Island","11","Mathematics, computer and information sciences",6570
"2022/2023","Prince Edward Island","11","Engineering",6570
"2022/2023","Prince Edward Island","11","Agriculture, natural resources and conservation",6570
"2022/2023","Prince Edward Island","11","Nursing",6570
"2022/2023","Prince Edward Island","11","Veterinary medicine",14072
"2022/2023","Prince Edward Island","11","Other health, parks, recreation and fitness",6570
"2022/2023","Charlottetown","105","Total, field of study",7085
"2022/2023","Charlottetown","105","Education",8764
"2022/2023","Charlottetown","105","Visual and performing arts, and communications technologies",6570
"2022/2023","Charlottetown","105","Humanities",6570
"2022/2023","Charlottetown","105","Social and behavioural sciences, and legal studies",6570
"2022/2023","Charlottetown","105","Business management and public administration",6570
"2022/2023","Charlottetown","105","Physical and life sciences and technologies",6570
"2022/2023","Charlottetown","105","Mathematics, computer and information sciences",6570
"2022/2023","Charlottetown","105","Engineering",6570
"2022/2023","Charlottetown","105","Agriculture, natural resources and conservation",6570
"2022/2023","Charlottetown","105","Nursing",6570
"2022/2023","Charlottetown","105","Veterinary medicine",14072
"2022/2023","Charlottetown","105","Other health, parks, recreation and fitness",6570
"2022/2023","Nova Scotia","12","Total, field of study",9270
"2022/2023","Nova Scotia","12","Education",8492
"2022/2023","Nova Scotia","12","Visual and performing arts, and communications technologies",8592
"2022/2023","Nova Scotia","12","Humanities",7997
"2022/2023","Nova Scotia","12","Social and behavioural sciences, and legal studies",8130
"2022/2023","Nova Scotia","12","Law",17022
"2022/2023","Nova Scotia","12","Business management and public administration",8891
"2022/2023","Nova Scotia","12","Physical and life sciences and technologies",8810
"2022/2023","Nova Scotia","12","Mathematics, computer and information sciences",8757
"2022/2023","Nova Scotia","12","Engineering",9724
"2022/2023","Nova Scotia","12","Architecture",8469
"2022/2023","Nova Scotia","12","Agriculture, natural resources and conservation",8592
"2022/2023","Nova Scotia","12","Dentistry",27947
"2022/2023","Nova Scotia","12","Medicine",22632
"2022/2023","Nova Scotia","12","Nursing",9238
"2022/2023","Nova Scotia","12","Pharmacy",14129
"2022/2023","Nova Scotia","12","Other health, parks, recreation and fitness",9100
"2022/2023","Nova Scotia","12","Personal, protective and transportation services",8051
"2022/2023","Cape Breton","225","Total, field of study",7972
"2022/2023","Cape Breton","225","Education",9324
"2022/2023","Cape Breton","225","Visual and performing arts, and communications technologies",8014
"2022/2023","Cape Breton","225","Humanities",7582
"2022/2023","Cape Breton","225","Social and behavioural sciences, and legal studies",7593
"2022/2023","Cape Breton","225","Business management and public administration",7640
"2022/2023","Cape Breton","225","Physical and life sciences and technologies",7538
"2022/2023","Cape Breton","225","Mathematics, computer and information sciences",7501
"2022/2023","Cape Breton","225","Engineering",7929
"2022/2023","Cape Breton","225","Agriculture, natural resources and conservation",7600
"2022/2023","Cape Breton","225","Nursing",9199
"2022/2023","Cape Breton","225","Other health, parks, recreation and fitness",7935
"2022/2023","Cape Breton","225","Personal, protective and transportation services",8051
"2022/2023","Halifax","205","Total, field of study",9492
"2022/2023","Halifax","205","Education",8017
"2022/2023","Halifax","205","Visual and performing arts, and communications technologies",8535
"2022/2023","Halifax","205","Humanities",7760
"2022/2023","Halifax","205","Social and behavioural sciences, and legal studies",7831
"2022/2023","Halifax","205","Law",17022
"2022/2023","Halifax","205","Business management and public administration",8941
"2022/2023","Halifax","205","Physical and life sciences and technologies",8866
"2022/2023","Halifax","205","Mathematics, computer and information sciences",8732
"2022/2023","Halifax","205","Engineering",9770
"2022/2023","Halifax","205","Architecture",8469
"2022/2023","Halifax","205","Agriculture, natural resources and conservation",8481
"2022/2023","Halifax","205","Dentistry",27947
"2022/2023","Halifax","205","Medicine",22632
"2022/2023","Halifax","205","Nursing",9377
"2022/2023","Halifax","205","Pharmacy",14129
"2022/2023","Halifax","205","Other health, parks, recreation and fitness",9290
"2022/2023","Halifax","205","Personal, protective and transportation services",NA
"2022/2023","Wolfville","1207024","Total, field of study",8941
"2022/2023","Wolfville","1207024","Education",9093
"2022/2023","Wolfville","1207024","Visual and performing arts, and communications technologies",8792
"2022/2023","Wolfville","1207024","Humanities",8891
"2022/2023","Wolfville","1207024","Social and behavioural sciences, and legal studies",8884
"2022/2023","Wolfville","1207024","Business management and public administration",8922
"2022/2023","Wolfville","1207024","Physical and life sciences and technologies",8974
"2022/2023","Wolfville","1207024","Mathematics, computer and information sciences",8883
"2022/2023","Wolfville","1207024","Agriculture, natural resources and conservation",9062
"2022/2023","Wolfville","1207024","Other health, parks, recreation and fitness",8986
"2022/2023","Clare","1203001","Total, field of study",7982
"2022/2023","Clare","1203001","Education",7867
"2022/2023","Clare","1203001","Humanities",7452
"2022/2023","Clare","1203001","Business management and public administration",7416
"2022/2023","Clare","1203001","Physical and life sciences and technologies",9014
"2022/2023","Antigonish","1214002","Total, field of study",9027
"2022/2023","Antigonish","1214002","Education",8643
"2022/2023","Antigonish","1214002","Visual and performing arts, and communications technologies",9028
"2022/2023","Antigonish","1214002","Humanities",9007
"2022/2023","Antigonish","1214002","Social and behavioural sciences, and legal studies",9059
"2022/2023","Antigonish","1214002","Business management and public administration",9156
"2022/2023","Antigonish","1214002","Physical and life sciences and technologies",8850
"2022/2023","Antigonish","1214002","Mathematics, computer and information sciences",8852
"2022/2023","Antigonish","1214002","Agriculture, natural resources and conservation",9403
"2022/2023","Antigonish","1214002","Nursing",9132
"2022/2023","Antigonish","1214002","Other health, parks, recreation and fitness",8998
"2022/2023","New Brunswick","13","Total, field of study",8308
"2022/2023","New Brunswick","13","Education",7623
"2022/2023","New Brunswick","13","Visual and performing arts, and communications technologies",8667
"2022/2023","New Brunswick","13","Humanities",8022
"2022/2023","New Brunswick","13","Social and behavioural sciences, and legal studies",8157
"2022/2023","New Brunswick","13","Law",11317
"2022/2023","New Brunswick","13","Business management and public administration",8355
"2022/2023","New Brunswick","13","Physical and life sciences and technologies",8258
"2022/2023","New Brunswick","13","Mathematics, computer and information sciences",7958
"2022/2023","New Brunswick","13","Engineering",9333
"2022/2023","New Brunswick","13","Agriculture, natural resources and conservation",7924
"2022/2023","New Brunswick","13","Nursing",8033
"2022/2023","New Brunswick","13","Pharmacy",NA
"2022/2023","New Brunswick","13","Other health, parks, recreation and fitness",7645
"2022/2023","New Brunswick","13","Personal, protective and transportation services",9725
"2022/2023","Moncton","305","Total, field of study",7140
"2022/2023","Moncton","305","Education",7040
"2022/2023","Moncton","305","Visual and performing arts, and communications technologies",7040
"2022/2023","Moncton","305","Humanities",7040
"2022/2023","Moncton","305","Social and behavioural sciences, and legal studies",7040
"2022/2023","Moncton","305","Law",7550
"2022/2023","Moncton","305","Business management and public administration",7040
"2022/2023","Moncton","305","Physical and life sciences and technologies",7040
"2022/2023","Moncton","305","Mathematics, computer and information sciences",7040
"2022/2023","Moncton","305","Engineering",7040
"2022/2023","Moncton","305","Agriculture, natural resources and conservation",7040
"2022/2023","Moncton","305","Nursing",7635
"2022/2023","Moncton","305","Other health, parks, recreation and fitness",7040
"2022/2023","Fredericton","320","Total, field of study",8426
"2022/2023","Fredericton","320","Education",8683
"2022/2023","Fredericton","320","Visual and performing arts, and communications technologies",7569
"2022/2023","Fredericton","320","Humanities",7808
"2022/2023","Fredericton","320","Social and behavioural sciences, and legal studies",7824
"2022/2023","Fredericton","320","Law",12940
"2022/2023","Fredericton","320","Business management and public administration",8779
"2022/2023","Fredericton","320","Physical and life sciences and technologies",7569
"2022/2023","Fredericton","320","Mathematics, computer and information sciences",7569
"2022/2023","Fredericton","320","Engineering",9859
"2022/2023","Fredericton","320","Agriculture, natural resources and conservation",7753
"2022/2023","Fredericton","320","Nursing",8378
"2022/2023","Fredericton","320","Pharmacy",NA
"2022/2023","Fredericton","320","Other health, parks, recreation and fitness",8013
"2022/2023","Sackville","1307009","Total, field of study",9725
"2022/2023","Sackville","1307009","Visual and performing arts, and communications technologies",9725
"2022/2023","Sackville","1307009","Humanities",9725
"2022/2023","Sackville","1307009","Social and behavioural sciences, and legal studies",9725
"2022/2023","Sackville","1307009","Business management and public administration",9725
"2022/2023","Sackville","1307009","Physical and life sciences and technologies",9725
"2022/2023","Sackville","1307009","Mathematics, computer and information sciences",9725
"2022/2023","Sackville","1307009","Agriculture, natural resources and conservation",9725
"2022/2023","Sackville","1307009","Personal, protective and transportation services",9725
"2022/2023","Quebec","24","Total, field of study",3360
"2022/2023","Quebec","24","Education",2944
"2022/2023","Quebec","24","Visual and performing arts, and communications technologies",3352
"2022/2023","Quebec","24","Humanities",4604
"2022/2023","Quebec","24","Social and behavioural sciences, and legal studies",3432
"2022/2023","Quebec","24","Law",3231
"2022/2023","Quebec","24","Business management and public administration",3355
"2022/2023","Quebec","24","Physical and life sciences and technologies",3581
"2022/2023","Quebec","24","Mathematics, computer and information sciences",3539
"2022/2023","Quebec","24","Engineering",3305
"2022/2023","Quebec","24","Architecture",3030
"2022/2023","Quebec","24","Agriculture, natural resources and conservation",3236
"2022/2023","Quebec","24","Dentistry",4051
"2022/2023","Quebec","24","Medicine",3733
"2022/2023","Quebec","24","Nursing",2927
"2022/2023","Quebec","24","Pharmacy",2905
"2022/2023","Quebec","24","Veterinary medicine",2927
"2022/2023","Quebec","24","Optometry",3221
"2022/2023","Quebec","24","Other health, parks, recreation and fitness",3321
"2022/2023","Quebec","24","Personal, protective and transportation services",2952
"2022/2023","Montreal","462","Total, field of study",3592
"2022/2023","Montreal","462","Education",2984
"2022/2023","Montreal","462","Visual and performing arts, and communications technologies",3626
"2022/2023","Montreal","462","Humanities",5316
"2022/2023","Montreal","462","Social and behavioural sciences, and legal studies",3587
"2022/2023","Montreal","462","Law",3528
"2022/2023","Montreal","462","Business management and public administration",3526
"2022/2023","Montreal","462","Physical and life sciences and technologies",3804
"2022/2023","Montreal","462","Mathematics, computer and information sciences",3823
"2022/2023","Montreal","462","Engineering",3453
"2022/2023","Montreal","462","Architecture",3082
"2022/2023","Montreal","462","Agriculture, natural resources and conservation",4600
"2022/2023","Montreal","462","Dentistry",4471
"2022/2023","Montreal","462","Medicine",4165
"2022/2023","Montreal","462","Nursing",3123
"2022/2023","Montreal","462","Pharmacy",2877
"2022/2023","Montreal","462","Veterinary medicine",2927
"2022/2023","Montreal","462","Optometry",3221
"2022/2023","Montreal","462","Other health, parks, recreation and fitness",3629
"2022/2023","Montreal","462","Personal, protective and transportation services",2971
"2022/2023","Sherbrooke","433","Total, field of study",3270
"2022/2023","Sherbrooke","433","Education",3110
"2022/2023","Sherbrooke","433","Visual and performing arts, and communications technologies",4222
"2022/2023","Sherbrooke","433","Humanities",3663
"2022/2023","Sherbrooke","433","Social and behavioural sciences, and legal studies",3991
"2022/2023","Sherbrooke","433","Law",2819
"2022/2023","Sherbrooke","433","Business management and public administration",3329
"2022/2023","Sherbrooke","433","Physical and life sciences and technologies",3506
"2022/2023","Sherbrooke","433","Mathematics, computer and information sciences",2956
"2022/2023","Sherbrooke","433","Engineering",2844
"2022/2023","Sherbrooke","433","Agriculture, natural resources and conservation",2830
"2022/2023","Sherbrooke","433","Medicine",3746
"2022/2023","Sherbrooke","433","Nursing",2840
"2022/2023","Sherbrooke","433","Other health, parks, recreation and fitness",2797
"2022/2023","Saguenay","408","Total, field of study",2831
"2022/2023","Saguenay","408","Education",2807
"2022/2023","Saguenay","408","Visual and performing arts, and communications technologies",2797
"2022/2023","Saguenay","408","Humanities",2845
"2022/2023","Saguenay","408","Social and behavioural sciences, and legal studies",2848
"2022/2023","Saguenay","408","Business management and public administration",2835
"2022/2023","Saguenay","408","Physical and life sciences and technologies",3017
"2022/2023","Saguenay","408","Mathematics, computer and information sciences",2982
"2022/2023","Saguenay","408","Engineering",2856
"2022/2023","Saguenay","408","Agriculture, natural resources and conservation",2901
"2022/2023","Saguenay","408","Nursing",2841
"2022/2023","Saguenay","408","Other health, parks, recreation and fitness",2797
"2022/2023","Rouyn-Noranda","485","Total, field of study",2809
"2022/2023","Rouyn-Noranda","485","Education",2852
"2022/2023","Rouyn-Noranda","485","Visual and performing arts, and communications technologies",2797
"2022/2023","Rouyn-Noranda","485","Social and behavioural sciences, and legal studies",2797
"2022/2023","Rouyn-Noranda","485","Business management and public administration",2797
"2022/2023","Rouyn-Noranda","485","Engineering",2797
"2022/2023","Rouyn-Noranda","485","Nursing",2797
"2022/2023","Trois-Rivières","442","Total, field of study",2820
"2022/2023","Trois-Rivières","442","Education",2802
"2022/2023","Trois-Rivières","442","Visual and performing arts, and communications technologies",2797
"2022/2023","Trois-Rivières","442","Humanities",2797
"2022/2023","Trois-Rivières","442","Social and behavioural sciences, and legal studies",2804
"2022/2023","Trois-Rivières","442","Business management and public administration",2818
"2022/2023","Trois-Rivières","442","Physical and life sciences and technologies",2821
"2022/2023","Trois-Rivières","442","Mathematics, computer and information sciences",2887
"2022/2023","Trois-Rivières","442","Engineering",2885
"2022/2023","Trois-Rivières","442","Nursing",2817
"2022/2023","Trois-Rivières","442","Other health, parks, recreation and fitness",2854
"2022/2023","Trois-Rivières","442","Personal, protective and transportation services",2797
"2022/2023","Ottawa-Gatineau, Quebec part, Ontario/Quebec",NA,"Total, field of study",2990
"2022/2023","Ottawa-Gatineau, Quebec part, Ontario/Quebec",NA,"Education",2866
"2022/2023","Ottawa-Gatineau, Quebec part, Ontario/Quebec",NA,"Visual and performing arts, and communications technologies",3127
"2022/2023","Ottawa-Gatineau, Quebec part, Ontario/Quebec",NA,"Humanities",3002
"2022/2023","Ottawa-Gatineau, Quebec part, Ontario/Quebec",NA,"Social and behavioural sciences, and legal studies",2943
"2022/2023","Ottawa-Gatineau, Quebec part, Ontario/Quebec",NA,"Business management and public administration",3013
"2022/2023","Ottawa-Gatineau, Quebec part, Ontario/Quebec",NA,"Physical and life sciences and technologies",2797
"2022/2023","Ottawa-Gatineau, Quebec part, Ontario/Quebec",NA,"Mathematics, computer and information sciences",3390
"2022/2023","Ottawa-Gatineau, Quebec part, Ontario/Quebec",NA,"Engineering",4214
"2022/2023","Ottawa-Gatineau, Quebec part, Ontario/Quebec",NA,"Nursing",2911
"2022/2023","Québec","421","Total, field of study",2864
"2022/2023","Québec","421","Education",2840
"2022/2023","Québec","421","Visual and performing arts, and communications technologies",2826
"2022/2023","Québec","421","Humanities",2889
"2022/2023","Québec","421","Social and behavioural sciences, and legal studies",2823
"2022/2023","Québec","421","Law",2858
"2022/2023","Québec","421","Business management and public administration",2859
"2022/2023","Québec","421","Physical and life sciences and technologies",2889
"2022/2023","Québec","421","Mathematics, computer and information sciences",2850
"2022/2023","Québec","421","Engineering",2901
"2022/2023","Québec","421","Architecture",2840
"2022/2023","Québec","421","Agriculture, natural resources and conservation",2831
"2022/2023","Québec","421","Dentistry",2856
"2022/2023","Québec","421","Medicine",2922
"2022/2023","Québec","421","Nursing",2851
"2022/2023","Québec","421","Pharmacy",2942
"2022/2023","Québec","421","Other health, parks, recreation and fitness",2919
"2022/2023","Rimouski","404","Total, field of study",2823
"2022/2023","Rimouski","404","Education",2842
"2022/2023","Rimouski","404","Humanities",2797
"2022/2023","Rimouski","404","Social and behavioural sciences, and legal studies",2797
"2022/2023","Rimouski","404","Business management and public administration",2811
"2022/2023","Rimouski","404","Physical and life sciences and technologies",2797
"2022/2023","Rimouski","404","Mathematics, computer and information sciences",2797
"2022/2023","Rimouski","404","Engineering",2985
"2022/2023","Rimouski","404","Agriculture, natural resources and conservation",NA
"2022/2023","Rimouski","404","Nursing",2797
"2022/2023","Rimouski","404","Other health, parks, recreation and fitness",NA
"2022/2023","Ontario","35","Total, field of study",7995
"2022/2023","Ontario","35","Education",6334
"2022/2023","Ontario","35","Visual and performing arts, and communications technologies",6651
"2022/2023","Ontario","35","Humanities",6194
"2022/2023","Ontario","35","Social and behavioural sciences, and legal studies",6241
"2022/2023","Ontario","35","Law",19726
"2022/2023","Ontario","35","Business management and public administration",9694
"2022/2023","Ontario","35","Physical and life sciences and technologies",6218
"2022/2023","Ontario","35","Mathematics, computer and information sciences",7957
"2022/2023","Ontario","35","Engineering",11679
"2022/2023","Ontario","35","Architecture",8212
"2022/2023","Ontario","35","Agriculture, natural resources and conservation",6272
"2022/2023","Ontario","35","Dentistry",36764
"2022/2023","Ontario","35","Medicine",24187
"2022/2023","Ontario","35","Nursing",6397
"2022/2023","Ontario","35","Pharmacy",17918
"2022/2023","Ontario","35","Veterinary medicine",9244
"2022/2023","Ontario","35","Optometry",14820
"2022/2023","Ontario","35","Other health, parks, recreation and fitness",6633
"2022/2023","Ontario","35","Personal, protective and transportation services",6381
"2022/2023","St. Catharines-Niagara","539","Total, field of study",6285
"2022/2023","St. Catharines-Niagara","539","Education",6089
"2022/2023","St. Catharines-Niagara","539","Visual and performing arts, and communications technologies",6003
"2022/2023","St. Catharines-Niagara","539","Humanities",6003
"2022/2023","St. Catharines-Niagara","539","Social and behavioural sciences, and legal studies",6003
"2022/2023","St. Catharines-Niagara","539","Business management and public administration",7229
"2022/2023","St. Catharines-Niagara","539","Physical and life sciences and technologies",6003
"2022/2023","St. Catharines-Niagara","539","Mathematics, computer and information sciences",7123
"2022/2023","St. Catharines-Niagara","539","Agriculture, natural resources and conservation",6003
"2022/2023","St. Catharines-Niagara","539","Nursing",6549
"2022/2023","St. Catharines-Niagara","539","Other health, parks, recreation and fitness",6003
"2022/2023","Ottawa-Gatineau, Ontario part, Ontario/Quebec",NA,"Total, field of study",7795
"2022/2023","Ottawa-Gatineau, Ontario part, Ontario/Quebec",NA,"Education",6240
"2022/2023","Ottawa-Gatineau, Ontario part, Ontario/Quebec",NA,"Visual and performing arts, and communications technologies",7519
"2022/2023","Ottawa-Gatineau, Ontario part, Ontario/Quebec",NA,"Humanities",6233
"2022/2023","Ottawa-Gatineau, Ontario part, Ontario/Quebec",NA,"Social and behavioural sciences, and legal studies",6614
"2022/2023","Ottawa-Gatineau, Ontario part, Ontario/Quebec",NA,"Law",14147
"2022/2023","Ottawa-Gatineau, Ontario part, Ontario/Quebec",NA,"Business management and public administration",7607
"2022/2023","Ottawa-Gatineau, Ontario part, Ontario/Quebec",NA,"Physical and life sciences and technologies",6248
"2022/2023","Ottawa-Gatineau, Ontario part, Ontario/Quebec",NA,"Mathematics, computer and information sciences",7679
"2022/2023","Ottawa-Gatineau, Ontario part, Ontario/Quebec",NA,"Engineering",10430
"2022/2023","Ottawa-Gatineau, Ontario part, Ontario/Quebec",NA,"Architecture",9566
"2022/2023","Ottawa-Gatineau, Ontario part, Ontario/Quebec",NA,"Agriculture, natural resources and conservation",6246
"2022/2023","Ottawa-Gatineau, Ontario part, Ontario/Quebec",NA,"Medicine",25487
"2022/2023","Ottawa-Gatineau, Ontario part, Ontario/Quebec",NA,"Nursing",6240
"2022/2023","Ottawa-Gatineau, Ontario part, Ontario/Quebec",NA,"Other health, parks, recreation and fitness",6241
"2022/2023","Ottawa-Gatineau, Ontario part, Ontario/Quebec",NA,"Personal, protective and transportation services",6682
"2022/2023","Guelph","550","Total, field of study",7161
"2022/2023","Guelph","550","Education",NA
"2022/2023","Guelph","550","Visual and performing arts, and communications technologies",6243
"2022/2023","Guelph","550","Humanities",6243
"2022/2023","Guelph","550","Social and behavioural sciences, and legal studies",6243
"2022/2023","Guelph","550","Business management and public administration",8724
"2022/2023","Guelph","550","Physical and life sciences and technologies",6243
"2022/2023","Guelph","550","Mathematics, computer and information sciences",8724
"2022/2023","Guelph","550","Engineering",10547
"2022/2023","Guelph","550","Architecture",9475
"2022/2023","Guelph","550","Agriculture, natural resources and conservation",6243
"2022/2023","Guelph","550","Pharmacy",NA
"2022/2023","Guelph","550","Veterinary medicine",9244
"2022/2023","Guelph","550","Other health, parks, recreation and fitness",6243
"2022/2023","Guelph","550","Personal, protective and transportation services",6243
"2022/2023","Thunder Bay","595","Total, field of study",6453
"2022/2023","Thunder Bay","595","Education",5940
"2022/2023","Thunder Bay","595","Visual and performing arts, and communications technologies",5692
"2022/2023","Thunder Bay","595","Humanities",5692
"2022/2023","Thunder Bay","595","Social and behavioural sciences, and legal studies",5692
"2022/2023","Thunder Bay","595","Law",16265
"2022/2023","Thunder Bay","595","Business management and public administration",6285
"2022/2023","Thunder Bay","595","Physical and life sciences and technologies",5692
"2022/2023","Thunder Bay","595","Mathematics, computer and information sciences",5692
"2022/2023","Thunder Bay","595","Engineering",7298
"2022/2023","Thunder Bay","595","Agriculture, natural resources and conservation",5692
"2022/2023","Thunder Bay","595","Nursing",5692
"2022/2023","Thunder Bay","595","Pharmacy",NA
"2022/2023","Thunder Bay","595","Other health, parks, recreation and fitness",5692
"2022/2023","Greater Sudbury","580","Total, field of study",7473
"2022/2023","Greater Sudbury","580","Education",6137
"2022/2023","Greater Sudbury","580","Visual and performing arts, and communications technologies",NA
"2022/2023","Greater Sudbury","580","Humanities",6137
"2022/2023","Greater Sudbury","580","Social and behavioural sciences, and legal studies",6137
"2022/2023","Greater Sudbury","580","Business management and public administration",7662
"2022/2023","Greater Sudbury","580","Physical and life sciences and technologies",6137
"2022/2023","Greater Sudbury","580","Mathematics, computer and information sciences",7662
"2022/2023","Greater Sudbury","580","Engineering",8315
"2022/2023","Greater Sudbury","580","Architecture",10005
"2022/2023","Greater Sudbury","580","Agriculture, natural resources and conservation",NA
"2022/2023","Greater Sudbury","580","Medicine",23247
"2022/2023","Greater Sudbury","580","Nursing",6209
"2022/2023","Greater Sudbury","580","Pharmacy",6137
"2022/2023","Greater Sudbury","580","Other health, parks, recreation and fitness",6137
"2022/2023","Greater Sudbury","580","Personal, protective and transportation services",6137
"2022/2023","Hamilton","537","Total, field of study",8200
"2022/2023","Hamilton","537","Visual and performing arts, and communications technologies",5999
"2022/2023","Hamilton","537","Humanities",5999
"2022/2023","Hamilton","537","Social and behavioural sciences, and legal studies",5999
"2022/2023","Hamilton","537","Business management and public administration",9665
"2022/2023","Hamilton","537","Physical and life sciences and technologies",5999
"2022/2023","Hamilton","537","Mathematics, computer and information sciences",5999
"2022/2023","Hamilton","537","Engineering",10172
"2022/2023","Hamilton","537","Agriculture, natural resources and conservation",5999
"2022/2023","Hamilton","537","Medicine",25130
"2022/2023","Hamilton","537","Nursing",7147
"2022/2023","Hamilton","537","Other health, parks, recreation and fitness",8971
"2022/2023","North Bay","575","Total, field of study",6480
"2022/2023","North Bay","575","Education",6787
"2022/2023","North Bay","575","Visual and performing arts, and communications technologies",5926
"2022/2023","North Bay","575","Humanities",5926
"2022/2023","North Bay","575","Social and behavioural sciences, and legal studies",5926
"2022/2023","North Bay","575","Business management and public administration",7458
"2022/2023","North Bay","575","Physical and life sciences and technologies",5926
"2022/2023","North Bay","575","Mathematics, computer and information sciences",7458
"2022/2023","North Bay","575","Agriculture, natural resources and conservation",5926
"2022/2023","North Bay","575","Nursing",6271
"2022/2023","North Bay","575","Other health, parks, recreation and fitness",5926
"2022/2023","North Bay","575","Personal, protective and transportation services",5926
"2022/2023","Kingston","521","Total, field of study",8803
"2022/2023","Kingston","521","Education",5997
"2022/2023","Kingston","521","Visual and performing arts, and communications technologies",6395
"2022/2023","Kingston","521","Humanities",6395
"2022/2023","Kingston","521","Social and behavioural sciences, and legal studies",6381
"2022/2023","Kingston","521","Law",18188
"2022/2023","Kingston","521","Business management and public administration",16382
"2022/2023","Kingston","521","Physical and life sciences and technologies",6395
"2022/2023","Kingston","521","Mathematics, computer and information sciences",6395
"2022/2023","Kingston","521","Engineering",11213
"2022/2023","Kingston","521","Agriculture, natural resources and conservation",6395
"2022/2023","Kingston","521","Medicine",23513
"2022/2023","Kingston","521","Nursing",6526
"2022/2023","Kingston","521","Other health, parks, recreation and fitness",6395
"2022/2023","Peterborough","529","Total, field of study",6118
"2022/2023","Peterborough","529","Education",6118
"2022/2023","Peterborough","529","Humanities",6118
"2022/2023","Peterborough","529","Social and behavioural sciences, and legal studies",6118
"2022/2023","Peterborough","529","Business management and public administration",6118
"2022/2023","Peterborough","529","Physical and life sciences and technologies",6118
"2022/2023","Peterborough","529","Mathematics, computer and information sciences",6118
"2022/2023","Peterborough","529","Agriculture, natural resources and conservation",6118
"2022/2023","Peterborough","529","Nursing",6118
"2022/2023","Peterborough","529","Other health, parks, recreation and fitness",6118
"2022/2023","Peterborough","529","Personal, protective and transportation services",6118
"2022/2023","Belleville-Quinte West","522","Total, field of study",6354
"2022/2023","Belleville-Quinte West","522","Nursing",6354
"2022/2023","Windsor","559","Total, field of study",7956
"2022/2023","Windsor","559","Education",6992
"2022/2023","Windsor","559","Visual and performing arts, and communications technologies",5945
"2022/2023","Windsor","559","Humanities",6035
"2022/2023","Windsor","559","Social and behavioural sciences, and legal studies",6035
"2022/2023","Windsor","559","Law",17829
"2022/2023","Windsor","559","Business management and public administration",8900
"2022/2023","Windsor","559","Physical and life sciences and technologies",6121
"2022/2023","Windsor","559","Mathematics, computer and information sciences",9165
"2022/2023","Windsor","559","Engineering",9657
"2022/2023","Windsor","559","Agriculture, natural resources and conservation",6121
"2022/2023","Windsor","559","Nursing",5945
"2022/2023","Windsor","559","Other health, parks, recreation and fitness",6121
"2022/2023","Windsor","559","Personal, protective and transportation services",6121
"2022/2023","Toronto","535","Total, field of study",7828
"2022/2023","Toronto","535","Education",6118
"2022/2023","Toronto","535","Visual and performing arts, and communications technologies",6676
"2022/2023","Toronto","535","Humanities",6186
"2022/2023","Toronto","535","Social and behavioural sciences, and legal studies",6206
"2022/2023","Toronto","535","Law",27570
"2022/2023","Toronto","535","Business management and public administration",8490
"2022/2023","Toronto","535","Physical and life sciences and technologies",6189
"2022/2023","Toronto","535","Mathematics, computer and information sciences",7599
"2022/2023","Toronto","535","Engineering",12303
"2022/2023","Toronto","535","Architecture",7262
"2022/2023","Toronto","535","Agriculture, natural resources and conservation",6163
"2022/2023","Toronto","535","Dentistry",37635
"2022/2023","Toronto","535","Medicine",23435
"2022/2023","Toronto","535","Nursing",6495
"2022/2023","Toronto","535","Pharmacy",18330
"2022/2023","Toronto","535","Other health, parks, recreation and fitness",6860
"2022/2023","Toronto","535","Personal, protective and transportation services",6956
"2022/2023","Oshawa","532","Total, field of study",7206
"2022/2023","Oshawa","532","Education",5949
"2022/2023","Oshawa","532","Humanities",5949
"2022/2023","Oshawa","532","Social and behavioural sciences, and legal studies",5953
"2022/2023","Oshawa","532","Business management and public administration",8028
"2022/2023","Oshawa","532","Physical and life sciences and technologies",5949
"2022/2023","Oshawa","532","Mathematics, computer and information sciences",7453
"2022/2023","Oshawa","532","Engineering",9213
"2022/2023","Oshawa","532","Nursing",6092
"2022/2023","Oshawa","532","Other health, parks, recreation and fitness",6008
"2022/2023","Oshawa","532","Personal, protective and transportation services",5949
"2022/2023","Sault Ste. Marie","590","Total, field of study",5968
"2022/2023","Sault Ste. Marie","590","Visual and performing arts, and communications technologies",5865
"2022/2023","Sault Ste. Marie","590","Humanities",5865
"2022/2023","Sault Ste. Marie","590","Social and behavioural sciences, and legal studies",5865
"2022/2023","Sault Ste. Marie","590","Business management and public administration",5865
"2022/2023","Sault Ste. Marie","590","Physical and life sciences and technologies",5865
"2022/2023","Sault Ste. Marie","590","Mathematics, computer and information sciences",5865
"2022/2023","Sault Ste. Marie","590","Engineering",NA
"2022/2023","Sault Ste. Marie","590","Agriculture, natural resources and conservation",5865
"2022/2023","Sault Ste. Marie","590","Nursing",6354
"2022/2023","Kitchener-Cambridge-Waterloo","541","Total, field of study",8765
"2022/2023","Kitchener-Cambridge-Waterloo","541","Education",8051
"2022/2023","Kitchener-Cambridge-Waterloo","541","Visual and performing arts, and communications technologies",6601
"2022/2023","Kitchener-Cambridge-Waterloo","541","Humanities",6325
"2022/2023","Kitchener-Cambridge-Waterloo","541","Social and behavioural sciences, and legal studies",6242
"2022/2023","Kitchener-Cambridge-Waterloo","541","Business management and public administration",8734
"2022/2023","Kitchener-Cambridge-Waterloo","541","Physical and life sciences and technologies",6662
"2022/2023","Kitchener-Cambridge-Waterloo","541","Mathematics, computer and information sciences",9508
"2022/2023","Kitchener-Cambridge-Waterloo","541","Engineering",15217
"2022/2023","Kitchener-Cambridge-Waterloo","541","Architecture",8244
"2022/2023","Kitchener-Cambridge-Waterloo","541","Agriculture, natural resources and conservation",6698
"2022/2023","Kitchener-Cambridge-Waterloo","541","Pharmacy",17775
"2022/2023","Kitchener-Cambridge-Waterloo","541","Optometry",14820
"2022/2023","Kitchener-Cambridge-Waterloo","541","Other health, parks, recreation and fitness",6534
"2022/2023","Kitchener-Cambridge-Waterloo","541","Personal, protective and transportation services",6615
"2022/2023","London","555","Total, field of study",10264
"2022/2023","London","555","Education",7271
"2022/2023","London","555","Visual and performing arts, and communications technologies",6051
"2022/2023","London","555","Humanities",6050
"2022/2023","London","555","Social and behavioural sciences, and legal studies",6050
"2022/2023","London","555","Law",20151
"2022/2023","London","555","Business management and public administration",23592
"2022/2023","London","555","Physical and life sciences and technologies",6052
"2022/2023","London","555","Mathematics, computer and information sciences",6050
"2022/2023","London","555","Engineering",12294
"2022/2023","London","555","Architecture",6185
"2022/2023","London","555","Agriculture, natural resources and conservation",6050
"2022/2023","London","555","Dentistry",35341
"2022/2023","London","555","Medicine",23986
"2022/2023","London","555","Nursing",6050
"2022/2023","London","555","Other health, parks, recreation and fitness",6050
"2022/2023","London","555","Personal, protective and transportation services",6050
"2022/2023","Barrie","568","Total, field of study",6367
"2022/2023","Barrie","568","Visual and performing arts, and communications technologies",6980
"2022/2023","Barrie","568","Social and behavioural sciences, and legal studies",6506
"2022/2023","Barrie","568","Business management and public administration",6751
"2022/2023","Barrie","568","Nursing",6118
"2022/2023","Barrie","568","Personal, protective and transportation services",6118
"2022/2023","Hearst","3556076","Total, field of study",5430
"2022/2023","Hearst","3556076","Humanities",5430
"2022/2023","Hearst","3556076","Social and behavioural sciences, and legal studies",5430
"2022/2023","Hearst","3556076","Business management and public administration",5430
"2022/2023","Manitoba","46","Total, field of study",5245
"2022/2023","Manitoba","46","Education",4533
"2022/2023","Manitoba","46","Visual and performing arts, and communications technologies",4823
"2022/2023","Manitoba","46","Humanities",4494
"2022/2023","Manitoba","46","Social and behavioural sciences, and legal studies",4523
"2022/2023","Manitoba","46","Law",11839
"2022/2023","Manitoba","46","Business management and public administration",5212
"2022/2023","Manitoba","46","Physical and life sciences and technologies",4792
"2022/2023","Manitoba","46","Mathematics, computer and information sciences",4733
"2022/2023","Manitoba","46","Engineering",6569
"2022/2023","Manitoba","46","Architecture",5224
"2022/2023","Manitoba","46","Agriculture, natural resources and conservation",5019
"2022/2023","Manitoba","46","Dentistry",23798
"2022/2023","Manitoba","46","Medicine",10812
"2022/2023","Manitoba","46","Nursing",6011
"2022/2023","Manitoba","46","Pharmacy",19412
"2022/2023","Manitoba","46","Other health, parks, recreation and fitness",4717
"2022/2023","Manitoba","46","Personal, protective and transportation services",4553
"2022/2023","Winnipeg","602","Total, field of study",5334
"2022/2023","Winnipeg","602","Education",4608
"2022/2023","Winnipeg","602","Visual and performing arts, and communications technologies",4918
"2022/2023","Winnipeg","602","Humanities",4517
"2022/2023","Winnipeg","602","Social and behavioural sciences, and legal studies",4540
"2022/2023","Winnipeg","602","Law",11839
"2022/2023","Winnipeg","602","Business management and public administration",5285
"2022/2023","Winnipeg","602","Physical and life sciences and technologies",4814
"2022/2023","Winnipeg","602","Mathematics, computer and information sciences",4749
"2022/2023","Winnipeg","602","Engineering",6569
"2022/2023","Winnipeg","602","Architecture",5224
"2022/2023","Winnipeg","602","Agriculture, natural resources and conservation",5052
"2022/2023","Winnipeg","602","Dentistry",23798
"2022/2023","Winnipeg","602","Medicine",10812
"2022/2023","Winnipeg","602","Nursing",6393
"2022/2023","Winnipeg","602","Pharmacy",19412
"2022/2023","Winnipeg","602","Other health, parks, recreation and fitness",4775
"2022/2023","Winnipeg","602","Personal, protective and transportation services",4560
"2022/2023","Brandon","610","Total, field of study",4348
"2022/2023","Brandon","610","Education",4245
"2022/2023","Brandon","610","Visual and performing arts, and communications technologies",4300
"2022/2023","Brandon","610","Humanities",4170
"2022/2023","Brandon","610","Social and behavioural sciences, and legal studies",4350
"2022/2023","Brandon","610","Business management and public administration",4170
"2022/2023","Brandon","610","Physical and life sciences and technologies",4530
"2022/2023","Brandon","610","Mathematics, computer and information sciences",4530
"2022/2023","Brandon","610","Agriculture, natural resources and conservation",4530
"2022/2023","Brandon","610","Nursing",4614
"2022/2023","Brandon","610","Other health, parks, recreation and fitness",4245
"2022/2023","Brandon","610","Personal, protective and transportation services",4350
"2022/2023","The Pas","4621045","Total, field of study",4360
"2022/2023","The Pas","4621045","Education",3750
"2022/2023","The Pas","4621045","Humanities",4324
"2022/2023","The Pas","4621045","Social and behavioural sciences, and legal studies",5105
"2022/2023","The Pas","4621045","Business management and public administration",4102
"2022/2023","Saskatchewan","47","Total, field of study",8843
"2022/2023","Saskatchewan","47","Education",7319
"2022/2023","Saskatchewan","47","Visual and performing arts, and communications technologies",7488
"2022/2023","Saskatchewan","47","Humanities",7060
"2022/2023","Saskatchewan","47","Social and behavioural sciences, and legal studies",7109
"2022/2023","Saskatchewan","47","Law",16278
"2022/2023","Saskatchewan","47","Business management and public administration",8156
"2022/2023","Saskatchewan","47","Physical and life sciences and technologies",7402
"2022/2023","Saskatchewan","47","Mathematics, computer and information sciences",7466
"2022/2023","Saskatchewan","47","Engineering",8707
"2022/2023","Saskatchewan","47","Architecture",6978
"2022/2023","Saskatchewan","47","Agriculture, natural resources and conservation",7155
"2022/2023","Saskatchewan","47","Dentistry",49190
"2022/2023","Saskatchewan","47","Medicine",19467
"2022/2023","Saskatchewan","47","Nursing",8434
"2022/2023","Saskatchewan","47","Pharmacy",19130
"2022/2023","Saskatchewan","47","Veterinary medicine",40853
"2022/2023","Saskatchewan","47","Other health, parks, recreation and fitness",7451
"2022/2023","Saskatchewan","47","Personal, protective and transportation services",7230
"2022/2023","Regina","705","Total, field of study",7672
"2022/2023","Regina","705","Education",7440
"2022/2023","Regina","705","Visual and performing arts, and communications technologies",7665
"2022/2023","Regina","705","Humanities",7230
"2022/2023","Regina","705","Social and behavioural sciences, and legal studies",7230
"2022/2023","Regina","705","Business management and public administration",7984
"2022/2023","Regina","705","Physical and life sciences and technologies",7665
"2022/2023","Regina","705","Mathematics, computer and information sciences",7665
"2022/2023","Regina","705","Engineering",8025
"2022/2023","Regina","705","Agriculture, natural resources and conservation",7230
"2022/2023","Regina","705","Nursing",8048
"2022/2023","Regina","705","Other health, parks, recreation and fitness",7665
"2022/2023","Regina","705","Personal, protective and transportation services",7230
"2022/2023","Saskatoon","725","Total, field of study",9612
"2022/2023","Saskatoon","725","Education",7209
"2022/2023","Saskatoon","725","Visual and performing arts, and communications technologies",7146
"2022/2023","Saskatoon","725","Humanities",6978
"2022/2023","Saskatoon","725","Social and behavioural sciences, and legal studies",6978
"2022/2023","Saskatoon","725","Law",16278
"2022/2023","Saskatoon","725","Business management and public administration",8352
"2022/2023","Saskatoon","725","Physical and life sciences and technologies",7322
"2022/2023","Saskatoon","725","Mathematics, computer and information sciences",7322
"2022/2023","Saskatoon","725","Engineering",8930
"2022/2023","Saskatoon","725","Architecture",6978
"2022/2023","Saskatoon","725","Agriculture, natural resources and conservation",7153
"2022/2023","Saskatoon","725","Dentistry",49190
"2022/2023","Saskatoon","725","Medicine",19467
"2022/2023","Saskatoon","725","Nursing",8895
"2022/2023","Saskatoon","725","Pharmacy",19130
"2022/2023","Saskatoon","725","Veterinary medicine",40853
"2022/2023","Saskatoon","725","Other health, parks, recreation and fitness",7217
"2022/2023","Alberta","48","Total, field of study",7203
"2022/2023","Alberta","48","Education",6529
"2022/2023","Alberta","48","Visual and performing arts, and communications technologies",6257
"2022/2023","Alberta","48","Humanities",6380
"2022/2023","Alberta","48","Social and behavioural sciences, and legal studies",6550
"2022/2023","Alberta","48","Law",15091
"2022/2023","Alberta","48","Business management and public administration",7188
"2022/2023","Alberta","48","Physical and life sciences and technologies",6512
"2022/2023","Alberta","48","Mathematics, computer and information sciences",6487
"2022/2023","Alberta","48","Engineering",8821
"2022/2023","Alberta","48","Architecture",6605
"2022/2023","Alberta","48","Agriculture, natural resources and conservation",6387
"2022/2023","Alberta","48","Dentistry",32353
"2022/2023","Alberta","48","Medicine",17099
"2022/2023","Alberta","48","Nursing",7231
"2022/2023","Alberta","48","Pharmacy",16461
"2022/2023","Alberta","48","Veterinary medicine",13309
"2022/2023","Alberta","48","Other health, parks, recreation and fitness",6364
"2022/2023","Alberta","48","Personal, protective and transportation services",6051
"2022/2023","Edmonton","835","Total, field of study",7322
"2022/2023","Edmonton","835","Education",6517
"2022/2023","Edmonton","835","Visual and performing arts, and communications technologies",6724
"2022/2023","Edmonton","835","Humanities",6333
"2022/2023","Edmonton","835","Social and behavioural sciences, and legal studies",6611
"2022/2023","Edmonton","835","Law",15095
"2022/2023","Edmonton","835","Business management and public administration",6860
"2022/2023","Edmonton","835","Physical and life sciences and technologies",6534
"2022/2023","Edmonton","835","Mathematics, computer and information sciences",6460
"2022/2023","Edmonton","835","Engineering",8289
"2022/2023","Edmonton","835","Architecture",6517
"2022/2023","Edmonton","835","Agriculture, natural resources and conservation",6517
"2022/2023","Edmonton","835","Dentistry",32353
"2022/2023","Edmonton","835","Medicine",14754
"2022/2023","Edmonton","835","Nursing",7908
"2022/2023","Edmonton","835","Pharmacy",16461
"2022/2023","Edmonton","835","Other health, parks, recreation and fitness",6517
"2022/2023","Calgary","825","Total, field of study",7334
"2022/2023","Calgary","825","Education",6643
"2022/2023","Calgary","825","Visual and performing arts, and communications technologies",5997
"2022/2023","Calgary","825","Humanities",6499
"2022/2023","Calgary","825","Social and behavioural sciences, and legal studies",6550
"2022/2023","Calgary","825","Law",15086
"2022/2023","Calgary","825","Business management and public administration",7647
"2022/2023","Calgary","825","Physical and life sciences and technologies",6577
"2022/2023","Calgary","825","Mathematics, computer and information sciences",6571
"2022/2023","Calgary","825","Engineering",9444
"2022/2023","Calgary","825","Agriculture, natural resources and conservation",6548
"2022/2023","Calgary","825","Medicine",20443
"2022/2023","Calgary","825","Nursing",6586
"2022/2023","Calgary","825","Veterinary medicine",13309
"2022/2023","Calgary","825","Other health, parks, recreation and fitness",6446
"2022/2023","Lethbridge","810","Total, field of study",6087
"2022/2023","Lethbridge","810","Education",6093
"2022/2023","Lethbridge","810","Visual and performing arts, and communications technologies",6093
"2022/2023","Lethbridge","810","Humanities",6093
"2022/2023","Lethbridge","810","Social and behavioural sciences, and legal studies",6093
"2022/2023","Lethbridge","810","Business management and public administration",6093
"2022/2023","Lethbridge","810","Physical and life sciences and technologies",6093
"2022/2023","Lethbridge","810","Mathematics, computer and information sciences",6093
"2022/2023","Lethbridge","810","Agriculture, natural resources and conservation",6161
"2022/2023","Lethbridge","810","Nursing",6093
"2022/2023","Lethbridge","810","Other health, parks, recreation and fitness",6093
"2022/2023","Lethbridge","810","Personal, protective and transportation services",5753
"2022/2023","Medicine Hat","805","Total, field of study",5186
"2022/2023","Medicine Hat","805","Visual and performing arts, and communications technologies",5232
"2022/2023","Medicine Hat","805","Other health, parks, recreation and fitness",5160
"2022/2023","Red Deer","830","Total, field of study",6815
"2022/2023","Red Deer","830","Education",6600
"2022/2023","Red Deer","830","Visual and performing arts, and communications technologies",6570
"2022/2023","Red Deer","830","Social and behavioural sciences, and legal studies",7200
"2022/2023","Red Deer","830","Business management and public administration",NA
"2022/2023","Red Deer","830","Physical and life sciences and technologies",7400
"2022/2023","Grande Prairie","850","Total, field of study",NA
"2022/2023","Grande Prairie","850","Business management and public administration",NA
"2022/2023","Grande Prairie","850","Mathematics, computer and information sciences",NA
"2022/2023","Athabasca","4813048","Total, field of study",6855
"2022/2023","Athabasca","4813048","Humanities",6855
"2022/2023","Athabasca","4813048","Social and behavioural sciences, and legal studies",6855
"2022/2023","Athabasca","4813048","Business management and public administration",6855
"2022/2023","Athabasca","4813048","Physical and life sciences and technologies",6855
"2022/2023","Athabasca","4813048","Mathematics, computer and information sciences",6855
"2022/2023","Athabasca","4813048","Architecture",6855
"2022/2023","Athabasca","4813048","Nursing",6855
"2022/2023","Athabasca","4813048","Other health, parks, recreation and fitness",6855
"2022/2023","Athabasca","4813048","Personal, protective and transportation services",6855
"2022/2023","Olds","4806034","Total, field of study",5366
"2022/2023","Olds","4806034","Agriculture, natural resources and conservation",5366
"2022/2023","Olds","4806034","Other health, parks, recreation and fitness",5366
"2022/2023","Vermilion","4810042","Total, field of study",6650
"2022/2023","Vermilion","4810042","Agriculture, natural resources and conservation",6015
"2022/2023","Vermilion","4810042","Personal, protective and transportation services",7126
"2022/2023","British Columbia","59","Total, field of study",6258
"2022/2023","British Columbia","59","Education",5673
"2022/2023","British Columbia","59","Visual and performing arts, and communications technologies",6514
"2022/2023","British Columbia","59","Humanities",5468
"2022/2023","British Columbia","59","Social and behavioural sciences, and legal studies",5704
"2022/2023","British Columbia","59","Law",13937
"2022/2023","British Columbia","59","Business management and public administration",6176
"2022/2023","British Columbia","59","Physical and life sciences and technologies",5633
"2022/2023","British Columbia","59","Mathematics, computer and information sciences",5673
"2022/2023","British Columbia","59","Engineering",6321
"2022/2023","British Columbia","59","Architecture",7284
"2022/2023","British Columbia","59","Agriculture, natural resources and conservation",5753
"2022/2023","British Columbia","59","Dentistry",31141
"2022/2023","British Columbia","59","Medicine",19603
"2022/2023","British Columbia","59","Nursing",5106
"2022/2023","British Columbia","59","Pharmacy",13802
"2022/2023","British Columbia","59","Other health, parks, recreation and fitness",5566
"2022/2023","British Columbia","59","Personal, protective and transportation services",5368
"2022/2023","Vancouver","933","Total, field of study",6522
"2022/2023","Vancouver","933","Education",5954
"2022/2023","Vancouver","933","Visual and performing arts, and communications technologies",6758
"2022/2023","Vancouver","933","Humanities",5782
"2022/2023","Vancouver","933","Social and behavioural sciences, and legal studies",5651
"2022/2023","Vancouver","933","Law",13412
"2022/2023","Vancouver","933","Business management and public administration",6349
"2022/2023","Vancouver","933","Physical and life sciences and technologies",5769
"2022/2023","Vancouver","933","Mathematics, computer and information sciences",5792
"2022/2023","Vancouver","933","Engineering",6032
"2022/2023","Vancouver","933","Architecture",7284
"2022/2023","Vancouver","933","Agriculture, natural resources and conservation",5808
"2022/2023","Vancouver","933","Dentistry",31141
"2022/2023","Vancouver","933","Medicine",19603
"2022/2023","Vancouver","933","Nursing",5165
"2022/2023","Vancouver","933","Pharmacy",13802
"2022/2023","Vancouver","933","Other health, parks, recreation and fitness",5713
"2022/2023","Vancouver","933","Personal, protective and transportation services",6313
"2022/2023","Victoria","935","Total, field of study",6458
"2022/2023","Victoria","935","Education",6045
"2022/2023","Victoria","935","Visual and performing arts, and communications technologies",6045
"2022/2023","Victoria","935","Humanities",6045
"2022/2023","Victoria","935","Social and behavioural sciences, and legal studies",6112
"2022/2023","Victoria","935","Law",10579
"2022/2023","Victoria","935","Business management and public administration",6811
"2022/2023","Victoria","935","Physical and life sciences and technologies",6045
"2022/2023","Victoria","935","Mathematics, computer and information sciences",6045
"2022/2023","Victoria","935","Engineering",7117
"2022/2023","Victoria","935","Agriculture, natural resources and conservation",6688
"2022/2023","Victoria","935","Nursing",6045
"2022/2023","Victoria","935","Other health, parks, recreation and fitness",5292
"2022/2023","Victoria","935","Personal, protective and transportation services",8617
"2022/2023","Prince George","970","Total, field of study",5756
"2022/2023","Prince George","970","Education",5756
"2022/2023","Prince George","970","Humanities",5756
"2022/2023","Prince George","970","Social and behavioural sciences, and legal studies",5756
"2022/2023","Prince George","970","Business management and public administration",5756
"2022/2023","Prince George","970","Physical and life sciences and technologies",5756
"2022/2023","Prince George","970","Mathematics, computer and information sciences",5756
"2022/2023","Prince George","970","Engineering",5756
"2022/2023","Prince George","970","Agriculture, natural resources and conservation",5756
"2022/2023","Prince George","970","Nursing",5756
"2022/2023","Prince George","970","Other health, parks, recreation and fitness",5756
"2022/2023","Courtenay","943","Total, field of study",3206
"2022/2023","Courtenay","943","Business management and public administration",3206
"2022/2023","Cranbrook","905","Total, field of study",5612
"2022/2023","Cranbrook","905","Business management and public administration",5612
"2022/2023","Kamloops","925","Total, field of study",5508
"2022/2023","Kamloops","925","Education",4576
"2022/2023","Kamloops","925","Visual and performing arts, and communications technologies",4576
"2022/2023","Kamloops","925","Humanities",4576
"2022/2023","Kamloops","925","Social and behavioural sciences, and legal studies",4576
"2022/2023","Kamloops","925","Law",20888
"2022/2023","Kamloops","925","Business management and public administration",4576
"2022/2023","Kamloops","925","Physical and life sciences and technologies",4576
"2022/2023","Kamloops","925","Mathematics, computer and information sciences",4576
"2022/2023","Kamloops","925","Engineering",6756
"2022/2023","Kamloops","925","Agriculture, natural resources and conservation",4576
"2022/2023","Kamloops","925","Nursing",4576
"2022/2023","Kamloops","925","Other health, parks, recreation and fitness",4576
"2022/2023","Kelowna","915","Total, field of study",4364
"2022/2023","Kelowna","915","Business management and public administration",4356
"2022/2023","Kelowna","915","Mathematics, computer and information sciences",4416
"2022/2023","Kelowna","915","Nursing",NA
"2022/2023","Nanaimo","938","Total, field of study",5400
"2022/2023","Nanaimo","938","Education",4798
"2022/2023","Nanaimo","938","Visual and performing arts, and communications technologies",4798
"2022/2023","Nanaimo","938","Humanities",4798
"2022/2023","Nanaimo","938","Social and behavioural sciences, and legal studies",4798
"2022/2023","Nanaimo","938","Business management and public administration",8927
"2022/2023","Nanaimo","938","Physical and life sciences and technologies",4798
"2022/2023","Nanaimo","938","Agriculture, natural resources and conservation",4798
"2022/2023","Nanaimo","938","Nursing",4798
"2022/2023","Nanaimo","938","Other health, parks, recreation and fitness",NA
"2022/2023","Abbotsford-Mission","932","Total, field of study",4774
"2022/2023","Abbotsford-Mission","932","Education",5255
"2022/2023","Abbotsford-Mission","932","Visual and performing arts, and communications technologies",6474
"2022/2023","Abbotsford-Mission","932","Humanities",4710
"2022/2023","Abbotsford-Mission","932","Social and behavioural sciences, and legal studies",4710
"2022/2023","Abbotsford-Mission","932","Business management and public administration",4710
"2022/2023","Abbotsford-Mission","932","Physical and life sciences and technologies",4710
"2022/2023","Abbotsford-Mission","932","Mathematics, computer and information sciences",4710
"2022/2023","Abbotsford-Mission","932","Agriculture, natural resources and conservation",6414
"2022/2023","Abbotsford-Mission","932","Nursing",4710
"2022/2023","Abbotsford-Mission","932","Other health, parks, recreation and fitness",4710
"2022/2023","Abbotsford-Mission","932","Personal, protective and transportation services",4710
"2022/2023","Central Kootenay J","5903058","Total, field of study",4566
"2022/2023","Central Kootenay J","5903058","Social and behavioural sciences, and legal studies",4566
"2022/2023","Yukon","60","Total, field of study",4200
"2022/2023","Yukon","60","Education",NA
"2022/2023","Yukon","60","Business management and public administration",4200
"2022/2023","Yukon","60","Physical and life sciences and technologies",NA
"2022/2023","Whitehorse","990","Total, field of study",4200
"2022/2023","Whitehorse","990","Education",NA
"2022/2023","Whitehorse","990","Business management and public administration",4200
"2022/2023","Whitehorse","990","Physical and life sciences and technologies",NA
"2023/2024","Canada","1","Total, field of study",7152
"2023/2024","Canada","1","Education",5403
"2023/2024","Canada","1","Visual and performing arts, and communications technologies",6346
"2023/2024","Canada","1","Humanities",6127
"2023/2024","Canada","1","Social and behavioural sciences, and legal studies",6078
"2023/2024","Canada","1","Law",13809
"2023/2024","Canada","1","Business management and public administration",7690
"2023/2024","Canada","1","Physical and life sciences and technologies",6205
"2023/2024","Canada","1","Mathematics, computer and information sciences",7407
"2023/2024","Canada","1","Engineering",8992
"2023/2024","Canada","1","Architecture",6990
"2023/2024","Canada","1","Agriculture, natural resources and conservation",6416
"2023/2024","Canada","1","Dentistry",24891
"2023/2024","Canada","1","Medicine",15632
"2023/2024","Canada","1","Nursing",6233
"2023/2024","Canada","1","Pharmacy",13508
"2023/2024","Canada","1","Veterinary medicine",15526
"2023/2024","Canada","1","Optometry",10674
"2023/2024","Canada","1","Other health, parks, recreation and fitness",6435
"2023/2024","Canada","1","Personal, protective and transportation services",6204
"2023/2024","Newfoundland and Labrador","10","Total, field of study",3593
"2023/2024","Newfoundland and Labrador","10","Education",3413
"2023/2024","Newfoundland and Labrador","10","Visual and performing arts, and communications technologies",3490
"2023/2024","Newfoundland and Labrador","10","Humanities",3110
"2023/2024","Newfoundland and Labrador","10","Social and behavioural sciences, and legal studies",3238
"2023/2024","Newfoundland and Labrador","10","Business management and public administration",3210
"2023/2024","Newfoundland and Labrador","10","Physical and life sciences and technologies",3426
"2023/2024","Newfoundland and Labrador","10","Mathematics, computer and information sciences",3210
"2023/2024","Newfoundland and Labrador","10","Engineering",3448
"2023/2024","Newfoundland and Labrador","10","Agriculture, natural resources and conservation",3791
"2023/2024","Newfoundland and Labrador","10","Medicine",14250
"2023/2024","Newfoundland and Labrador","10","Nursing",2918
"2023/2024","Newfoundland and Labrador","10","Pharmacy",2760
"2023/2024","Newfoundland and Labrador","10","Other health, parks, recreation and fitness",2969
"2023/2024","Newfoundland and Labrador","10","Personal, protective and transportation services",2948
"2023/2024","St. John's","001","Total, field of study",3593
"2023/2024","St. John's","001","Education",3413
"2023/2024","St. John's","001","Visual and performing arts, and communications technologies",3490
"2023/2024","St. John's","001","Humanities",3110
"2023/2024","St. John's","001","Social and behavioural sciences, and legal studies",3238
"2023/2024","St. John's","001","Business management and public administration",3210
"2023/2024","St. John's","001","Physical and life sciences and technologies",3426
"2023/2024","St. John's","001","Mathematics, computer and information sciences",3210
"2023/2024","St. John's","001","Engineering",3448
"2023/2024","St. John's","001","Agriculture, natural resources and conservation",3791
"2023/2024","St. John's","001","Medicine",14250
"2023/2024","St. John's","001","Nursing",2918
"2023/2024","St. John's","001","Pharmacy",2760
"2023/2024","St. John's","001","Other health, parks, recreation and fitness",2969
"2023/2024","St. John's","001","Personal, protective and transportation services",2948
"2023/2024","Prince Edward Island","11","Total, field of study",7359
"2023/2024","Prince Edward Island","11","Education",9109
"2023/2024","Prince Edward Island","11","Visual and performing arts, and communications technologies",6828
"2023/2024","Prince Edward Island","11","Humanities",6828
"2023/2024","Prince Edward Island","11","Social and behavioural sciences, and legal studies",6828
"2023/2024","Prince Edward Island","11","Business management and public administration",6828
"2023/2024","Prince Edward Island","11","Physical and life sciences and technologies",6828
"2023/2024","Prince Edward Island","11","Mathematics, computer and information sciences",6828
"2023/2024","Prince Edward Island","11","Engineering",6828
"2023/2024","Prince Edward Island","11","Agriculture, natural resources and conservation",6828
"2023/2024","Prince Edward Island","11","Nursing",6828
"2023/2024","Prince Edward Island","11","Veterinary medicine",14916
"2023/2024","Prince Edward Island","11","Other health, parks, recreation and fitness",6828
"2023/2024","Charlottetown","105","Total, field of study",7359
"2023/2024","Charlottetown","105","Education",9109
"2023/2024","Charlottetown","105","Visual and performing arts, and communications technologies",6828
"2023/2024","Charlottetown","105","Humanities",6828
"2023/2024","Charlottetown","105","Social and behavioural sciences, and legal studies",6828
"2023/2024","Charlottetown","105","Business management and public administration",6828
"2023/2024","Charlottetown","105","Physical and life sciences and technologies",6828
"2023/2024","Charlottetown","105","Mathematics, computer and information sciences",6828
"2023/2024","Charlottetown","105","Engineering",6828
"2023/2024","Charlottetown","105","Agriculture, natural resources and conservation",6828
"2023/2024","Charlottetown","105","Nursing",6828
"2023/2024","Charlottetown","105","Veterinary medicine",14916
"2023/2024","Charlottetown","105","Other health, parks, recreation and fitness",6828
"2023/2024","Nova Scotia","12","Total, field of study",9551
"2023/2024","Nova Scotia","12","Education",8771
"2023/2024","Nova Scotia","12","Visual and performing arts, and communications technologies",8874
"2023/2024","Nova Scotia","12","Humanities",8291
"2023/2024","Nova Scotia","12","Social and behavioural sciences, and legal studies",8410
"2023/2024","Nova Scotia","12","Law",17588
"2023/2024","Nova Scotia","12","Business management and public administration",9220
"2023/2024","Nova Scotia","12","Physical and life sciences and technologies",9113
"2023/2024","Nova Scotia","12","Mathematics, computer and information sciences",9034
"2023/2024","Nova Scotia","12","Engineering",10041
"2023/2024","Nova Scotia","12","Architecture",8714
"2023/2024","Nova Scotia","12","Agriculture, natural resources and conservation",8883
"2023/2024","Nova Scotia","12","Dentistry",28801
"2023/2024","Nova Scotia","12","Medicine",23332
"2023/2024","Nova Scotia","12","Nursing",9547
"2023/2024","Nova Scotia","12","Pharmacy",14601
"2023/2024","Nova Scotia","12","Other health, parks, recreation and fitness",9404
"2023/2024","Nova Scotia","12","Personal, protective and transportation services",7976
"2023/2024","Cape Breton","225","Total, field of study",8329
"2023/2024","Cape Breton","225","Education",9681
"2023/2024","Cape Breton","225","Visual and performing arts, and communications technologies",8532
"2023/2024","Cape Breton","225","Humanities",7908
"2023/2024","Cape Breton","225","Social and behavioural sciences, and legal studies",7862
"2023/2024","Cape Breton","225","Business management and public administration",8111
"2023/2024","Cape Breton","225","Physical and life sciences and technologies",7781
"2023/2024","Cape Breton","225","Mathematics, computer and information sciences",7976
"2023/2024","Cape Breton","225","Engineering",8190
"2023/2024","Cape Breton","225","Agriculture, natural resources and conservation",7833
"2023/2024","Cape Breton","225","Nursing",9507
"2023/2024","Cape Breton","225","Other health, parks, recreation and fitness",8139
"2023/2024","Cape Breton","225","Personal, protective and transportation services",7976
"2023/2024","Halifax","205","Total, field of study",9773
"2023/2024","Halifax","205","Education",8236
"2023/2024","Halifax","205","Visual and performing arts, and communications technologies",8816
"2023/2024","Halifax","205","Humanities",8084
"2023/2024","Halifax","205","Social and behavioural sciences, and legal studies",8091
"2023/2024","Halifax","205","Law",17588
"2023/2024","Halifax","205","Business management and public administration",9280
"2023/2024","Halifax","205","Physical and life sciences and technologies",9175
"2023/2024","Halifax","205","Mathematics, computer and information sciences",9036
"2023/2024","Halifax","205","Engineering",10087
"2023/2024","Halifax","205","Architecture",8714
"2023/2024","Halifax","205","Agriculture, natural resources and conservation",8725
"2023/2024","Halifax","205","Dentistry",28801
"2023/2024","Halifax","205","Medicine",23332
"2023/2024","Halifax","205","Nursing",9679
"2023/2024","Halifax","205","Pharmacy",14601
"2023/2024","Halifax","205","Other health, parks, recreation and fitness",9612
"2023/2024","Halifax","205","Personal, protective and transportation services",NA
"2023/2024","Wolfville","1207024","Total, field of study",9197
"2023/2024","Wolfville","1207024","Education",9354
"2023/2024","Wolfville","1207024","Visual and performing arts, and communications technologies",9111
"2023/2024","Wolfville","1207024","Humanities",9143
"2023/2024","Wolfville","1207024","Social and behavioural sciences, and legal studies",9146
"2023/2024","Wolfville","1207024","Business management and public administration",9141
"2023/2024","Wolfville","1207024","Physical and life sciences and technologies",9231
"2023/2024","Wolfville","1207024","Mathematics, computer and information sciences",9094
"2023/2024","Wolfville","1207024","Agriculture, natural resources and conservation",9367
"2023/2024","Wolfville","1207024","Other health, parks, recreation and fitness",9258
"2023/2024","Clare","1203001","Total, field of study",8301
"2023/2024","Clare","1203001","Education",8161
"2023/2024","Clare","1203001","Humanities",7624
"2023/2024","Clare","1203001","Business management and public administration",7738
"2023/2024","Clare","1203001","Physical and life sciences and technologies",9317
"2023/2024","Antigonish","1214002","Total, field of study",9318
"2023/2024","Antigonish","1214002","Education",8934
"2023/2024","Antigonish","1214002","Visual and performing arts, and communications technologies",9215
"2023/2024","Antigonish","1214002","Humanities",9299
"2023/2024","Antigonish","1214002","Social and behavioural sciences, and legal studies",9303
"2023/2024","Antigonish","1214002","Business management and public administration",9461
"2023/2024","Antigonish","1214002","Physical and life sciences and technologies",9139
"2023/2024","Antigonish","1214002","Mathematics, computer and information sciences",8931
"2023/2024","Antigonish","1214002","Agriculture, natural resources and conservation",9584
"2023/2024","Antigonish","1214002","Nursing",9442
"2023/2024","Antigonish","1214002","Other health, parks, recreation and fitness",9302
"2023/2024","New Brunswick","13","Total, field of study",8701
"2023/2024","New Brunswick","13","Education",8147
"2023/2024","New Brunswick","13","Visual and performing arts, and communications technologies",9027
"2023/2024","New Brunswick","13","Humanities",8333
"2023/2024","New Brunswick","13","Social and behavioural sciences, and legal studies",8544
"2023/2024","New Brunswick","13","Law",11872
"2023/2024","New Brunswick","13","Business management and public administration",8791
"2023/2024","New Brunswick","13","Physical and life sciences and technologies",8515
"2023/2024","New Brunswick","13","Mathematics, computer and information sciences",8628
"2023/2024","New Brunswick","13","Engineering",9752
"2023/2024","New Brunswick","13","Agriculture, natural resources and conservation",8410
"2023/2024","New Brunswick","13","Nursing",8558
"2023/2024","New Brunswick","13","Pharmacy",NA
"2023/2024","New Brunswick","13","Other health, parks, recreation and fitness",8063
"2023/2024","New Brunswick","13","Personal, protective and transportation services",10015
"2023/2024","Moncton","305","Total, field of study",7897
"2023/2024","Moncton","305","Education",7795
"2023/2024","Moncton","305","Visual and performing arts, and communications technologies",7795
"2023/2024","Moncton","305","Humanities",7795
"2023/2024","Moncton","305","Social and behavioural sciences, and legal studies",7795
"2023/2024","Moncton","305","Law",8315
"2023/2024","Moncton","305","Business management and public administration",7795
"2023/2024","Moncton","305","Physical and life sciences and technologies",7795
"2023/2024","Moncton","305","Mathematics, computer and information sciences",7795
"2023/2024","Moncton","305","Engineering",7795
"2023/2024","Moncton","305","Agriculture, natural resources and conservation",7795
"2023/2024","Moncton","305","Nursing",8402
"2023/2024","Moncton","305","Other health, parks, recreation and fitness",7795
"2023/2024","Fredericton","320","Total, field of study",8690
"2023/2024","Fredericton","320","Education",8716
"2023/2024","Fredericton","320","Visual and performing arts, and communications technologies",7818
"2023/2024","Fredericton","320","Humanities",8048
"2023/2024","Fredericton","320","Social and behavioural sciences, and legal studies",8051
"2023/2024","Fredericton","320","Law",13623
"2023/2024","Fredericton","320","Business management and public administration",9071
"2023/2024","Fredericton","320","Physical and life sciences and technologies",7818
"2023/2024","Fredericton","320","Mathematics, computer and information sciences",8360
"2023/2024","Fredericton","320","Engineering",10192
"2023/2024","Fredericton","320","Agriculture, natural resources and conservation",8011
"2023/2024","Fredericton","320","Nursing",8661
"2023/2024","Fredericton","320","Pharmacy",NA
"2023/2024","Fredericton","320","Other health, parks, recreation and fitness",8209
"2023/2024","Sackville","1307009","Total, field of study",10015
"2023/2024","Sackville","1307009","Visual and performing arts, and communications technologies",10015
"2023/2024","Sackville","1307009","Humanities",10015
"2023/2024","Sackville","1307009","Social and behavioural sciences, and legal studies",10015
"2023/2024","Sackville","1307009","Business management and public administration",10015
"2023/2024","Sackville","1307009","Physical and life sciences and technologies",10015
"2023/2024","Sackville","1307009","Mathematics, computer and information sciences",10015
"2023/2024","Sackville","1307009","Agriculture, natural resources and conservation",10015
"2023/2024","Sackville","1307009","Personal, protective and transportation services",10015
"2023/2024","Quebec","24","Total, field of study",3489
"2023/2024","Quebec","24","Education",3029
"2023/2024","Quebec","24","Visual and performing arts, and communications technologies",3470
"2023/2024","Quebec","24","Humanities",4919
"2023/2024","Quebec","24","Social and behavioural sciences, and legal studies",3552
"2023/2024","Quebec","24","Law",3361
"2023/2024","Quebec","24","Business management and public administration",3498
"2023/2024","Quebec","24","Physical and life sciences and technologies",3669
"2023/2024","Quebec","24","Mathematics, computer and information sciences",3748
"2023/2024","Quebec","24","Engineering",3460
"2023/2024","Quebec","24","Architecture",3154
"2023/2024","Quebec","24","Agriculture, natural resources and conservation",3451
"2023/2024","Quebec","24","Dentistry",4204
"2023/2024","Quebec","24","Medicine",3792
"2023/2024","Quebec","24","Nursing",2989
"2023/2024","Quebec","24","Pharmacy",3009
"2023/2024","Quebec","24","Veterinary medicine",3000
"2023/2024","Quebec","24","Optometry",3358
"2023/2024","Quebec","24","Other health, parks, recreation and fitness",3413
"2023/2024","Quebec","24","Personal, protective and transportation services",2985
"2023/2024","Montreal","462","Total, field of study",3754
"2023/2024","Montreal","462","Education",3075
"2023/2024","Montreal","462","Visual and performing arts, and communications technologies",3763
"2023/2024","Montreal","462","Humanities",5689
"2023/2024","Montreal","462","Social and behavioural sciences, and legal studies",3746
"2023/2024","Montreal","462","Law",3706
"2023/2024","Montreal","462","Business management and public administration",3691
"2023/2024","Montreal","462","Physical and life sciences and technologies",3915
"2023/2024","Montreal","462","Mathematics, computer and information sciences",4083
"2023/2024","Montreal","462","Engineering",3637
"2023/2024","Montreal","462","Architecture",3203
"2023/2024","Montreal","462","Agriculture, natural resources and conservation",4955
"2023/2024","Montreal","462","Dentistry",4624
"2023/2024","Montreal","462","Medicine",4183
"2023/2024","Montreal","462","Nursing",3194
"2023/2024","Montreal","462","Pharmacy",2982
"2023/2024","Montreal","462","Veterinary medicine",3000
"2023/2024","Montreal","462","Optometry",3358
"2023/2024","Montreal","462","Other health, parks, recreation and fitness",3730
"2023/2024","Montreal","462","Personal, protective and transportation services",3018
"2023/2024","Sherbrooke","433","Total, field of study",3328
"2023/2024","Sherbrooke","433","Education",3190
"2023/2024","Sherbrooke","433","Visual and performing arts, and communications technologies",4275
"2023/2024","Sherbrooke","433","Humanities",3613
"2023/2024","Sherbrooke","433","Social and behavioural sciences, and legal studies",4039
"2023/2024","Sherbrooke","433","Law",2904
"2023/2024","Sherbrooke","433","Business management and public administration",3400
"2023/2024","Sherbrooke","433","Physical and life sciences and technologies",3505
"2023/2024","Sherbrooke","433","Mathematics, computer and information sciences",3039
"2023/2024","Sherbrooke","433","Engineering",2911
"2023/2024","Sherbrooke","433","Agriculture, natural resources and conservation",2921
"2023/2024","Sherbrooke","433","Medicine",3811
"2023/2024","Sherbrooke","433","Nursing",2904
"2023/2024","Sherbrooke","433","Other health, parks, recreation and fitness",2881
"2023/2024","Saguenay","408","Total, field of study",2914
"2023/2024","Saguenay","408","Education",2899
"2023/2024","Saguenay","408","Visual and performing arts, and communications technologies",2918
"2023/2024","Saguenay","408","Humanities",2943
"2023/2024","Saguenay","408","Social and behavioural sciences, and legal studies",2910
"2023/2024","Saguenay","408","Business management and public administration",2895
"2023/2024","Saguenay","408","Physical and life sciences and technologies",2999
"2023/2024","Saguenay","408","Mathematics, computer and information sciences",3085
"2023/2024","Saguenay","408","Engineering",2937
"2023/2024","Saguenay","408","Agriculture, natural resources and conservation",3001
"2023/2024","Saguenay","408","Nursing",2930
"2023/2024","Saguenay","408","Other health, parks, recreation and fitness",2881
"2023/2024","Rouyn-Noranda","485","Total, field of study",2893
"2023/2024","Rouyn-Noranda","485","Education",2947
"2023/2024","Rouyn-Noranda","485","Visual and performing arts, and communications technologies",2881
"2023/2024","Rouyn-Noranda","485","Social and behavioural sciences, and legal studies",2881
"2023/2024","Rouyn-Noranda","485","Business management and public administration",2881
"2023/2024","Rouyn-Noranda","485","Engineering",2881
"2023/2024","Rouyn-Noranda","485","Nursing",2881
"2023/2024","Trois-Rivières","442","Total, field of study",2908
"2023/2024","Trois-Rivières","442","Education",2896
"2023/2024","Trois-Rivières","442","Visual and performing arts, and communications technologies",2881
"2023/2024","Trois-Rivières","442","Humanities",3043
"2023/2024","Trois-Rivières","442","Social and behavioural sciences, and legal studies",2888
"2023/2024","Trois-Rivières","442","Business management and public administration",2912
"2023/2024","Trois-Rivières","442","Physical and life sciences and technologies",2881
"2023/2024","Trois-Rivières","442","Mathematics, computer and information sciences",2956
"2023/2024","Trois-Rivières","442","Engineering",2974
"2023/2024","Trois-Rivières","442","Nursing",2881
"2023/2024","Trois-Rivières","442","Other health, parks, recreation and fitness",2938
"2023/2024","Trois-Rivières","442","Personal, protective and transportation services",2881
"2023/2024","Ottawa-Gatineau, Quebec part, Ontario/Quebec",NA,"Total, field of study",3038
"2023/2024","Ottawa-Gatineau, Quebec part, Ontario/Quebec",NA,"Education",2959
"2023/2024","Ottawa-Gatineau, Quebec part, Ontario/Quebec",NA,"Visual and performing arts, and communications technologies",3147
"2023/2024","Ottawa-Gatineau, Quebec part, Ontario/Quebec",NA,"Humanities",3125
"2023/2024","Ottawa-Gatineau, Quebec part, Ontario/Quebec",NA,"Social and behavioural sciences, and legal studies",2956
"2023/2024","Ottawa-Gatineau, Quebec part, Ontario/Quebec",NA,"Business management and public administration",3078
"2023/2024","Ottawa-Gatineau, Quebec part, Ontario/Quebec",NA,"Physical and life sciences and technologies",2881
"2023/2024","Ottawa-Gatineau, Quebec part, Ontario/Quebec",NA,"Mathematics, computer and information sciences",3370
"2023/2024","Ottawa-Gatineau, Quebec part, Ontario/Quebec",NA,"Engineering",4081
"2023/2024","Ottawa-Gatineau, Quebec part, Ontario/Quebec",NA,"Nursing",2944
"2023/2024","Ottawa-Gatineau, Quebec part, Ontario/Quebec",NA,"Other health, parks, recreation and fitness",NA
"2023/2024","Québec","421","Total, field of study",2959
"2023/2024","Québec","421","Education",2914
"2023/2024","Québec","421","Visual and performing arts, and communications technologies",2939
"2023/2024","Québec","421","Humanities",2973
"2023/2024","Québec","421","Social and behavioural sciences, and legal studies",2911
"2023/2024","Québec","421","Law",2917
"2023/2024","Québec","421","Business management and public administration",2941
"2023/2024","Québec","421","Physical and life sciences and technologies",3006
"2023/2024","Québec","421","Mathematics, computer and information sciences",2946
"2023/2024","Québec","421","Engineering",3019
"2023/2024","Québec","421","Architecture",2975
"2023/2024","Québec","421","Agriculture, natural resources and conservation",2944
"2023/2024","Québec","421","Dentistry",3003
"2023/2024","Québec","421","Medicine",3033
"2023/2024","Québec","421","Nursing",2932
"2023/2024","Québec","421","Pharmacy",3047
"2023/2024","Québec","421","Other health, parks, recreation and fitness",3033
"2023/2024","Rimouski","404","Total, field of study",2900
"2023/2024","Rimouski","404","Education",2911
"2023/2024","Rimouski","404","Humanities",2881
"2023/2024","Rimouski","404","Social and behavioural sciences, and legal studies",2881
"2023/2024","Rimouski","404","Business management and public administration",2897
"2023/2024","Rimouski","404","Physical and life sciences and technologies",2881
"2023/2024","Rimouski","404","Mathematics, computer and information sciences",2881
"2023/2024","Rimouski","404","Engineering",2964
"2023/2024","Rimouski","404","Agriculture, natural resources and conservation",NA
"2023/2024","Rimouski","404","Nursing",2881
"2023/2024","Rimouski","404","Other health, parks, recreation and fitness",NA
"2023/2024","Ontario","35","Total, field of study",8271
"2023/2024","Ontario","35","Education",6460
"2023/2024","Ontario","35","Visual and performing arts, and communications technologies",6781
"2023/2024","Ontario","35","Humanities",6340
"2023/2024","Ontario","35","Social and behavioural sciences, and legal studies",6381
"2023/2024","Ontario","35","Law",20445
"2023/2024","Ontario","35","Business management and public administration",10165
"2023/2024","Ontario","35","Physical and life sciences and technologies",6386
"2023/2024","Ontario","35","Mathematics, computer and information sciences",8362
"2023/2024","Ontario","35","Engineering",12118
"2023/2024","Ontario","35","Architecture",8456
"2023/2024","Ontario","35","Agriculture, natural resources and conservation",6788
"2023/2024","Ontario","35","Dentistry",38040
"2023/2024","Ontario","35","Medicine",25100
"2023/2024","Ontario","35","Nursing",6500
"2023/2024","Ontario","35","Pharmacy",18312
"2023/2024","Ontario","35","Veterinary medicine",9937
"2023/2024","Ontario","35","Optometry",15179
"2023/2024","Ontario","35","Other health, parks, recreation and fitness",6830
"2023/2024","Ontario","35","Personal, protective and transportation services",6513
"2023/2024","St. Catharines-Niagara","539","Total, field of study",6519
"2023/2024","St. Catharines-Niagara","539","Education",6318
"2023/2024","St. Catharines-Niagara","539","Visual and performing arts, and communications technologies",6242
"2023/2024","St. Catharines-Niagara","539","Humanities",6242
"2023/2024","St. Catharines-Niagara","539","Social and behavioural sciences, and legal studies",6242
"2023/2024","St. Catharines-Niagara","539","Business management and public administration",7448
"2023/2024","St. Catharines-Niagara","539","Physical and life sciences and technologies",6242
"2023/2024","St. Catharines-Niagara","539","Mathematics, computer and information sciences",7417
"2023/2024","St. Catharines-Niagara","539","Agriculture, natural resources and conservation",6242
"2023/2024","St. Catharines-Niagara","539","Nursing",6814
"2023/2024","St. Catharines-Niagara","539","Other health, parks, recreation and fitness",6242
"2023/2024","Ottawa-Gatineau, Ontario part, Ontario/Quebec",NA,"Total, field of study",8068
"2023/2024","Ottawa-Gatineau, Ontario part, Ontario/Quebec",NA,"Education",6400
"2023/2024","Ottawa-Gatineau, Ontario part, Ontario/Quebec",NA,"Visual and performing arts, and communications technologies",7724
"2023/2024","Ottawa-Gatineau, Ontario part, Ontario/Quebec",NA,"Humanities",6472
"2023/2024","Ottawa-Gatineau, Ontario part, Ontario/Quebec",NA,"Social and behavioural sciences, and legal studies",6778
"2023/2024","Ottawa-Gatineau, Ontario part, Ontario/Quebec",NA,"Law",14839
"2023/2024","Ottawa-Gatineau, Ontario part, Ontario/Quebec",NA,"Business management and public administration",8070
"2023/2024","Ottawa-Gatineau, Ontario part, Ontario/Quebec",NA,"Physical and life sciences and technologies",6407
"2023/2024","Ottawa-Gatineau, Ontario part, Ontario/Quebec",NA,"Mathematics, computer and information sciences",7902
"2023/2024","Ottawa-Gatineau, Ontario part, Ontario/Quebec",NA,"Engineering",10841
"2023/2024","Ottawa-Gatineau, Ontario part, Ontario/Quebec",NA,"Architecture",9694
"2023/2024","Ottawa-Gatineau, Ontario part, Ontario/Quebec",NA,"Agriculture, natural resources and conservation",6406
"2023/2024","Ottawa-Gatineau, Ontario part, Ontario/Quebec",NA,"Medicine",26793
"2023/2024","Ottawa-Gatineau, Ontario part, Ontario/Quebec",NA,"Nursing",6390
"2023/2024","Ottawa-Gatineau, Ontario part, Ontario/Quebec",NA,"Pharmacy",18330
"2023/2024","Ottawa-Gatineau, Ontario part, Ontario/Quebec",NA,"Other health, parks, recreation and fitness",6401
"2023/2024","Ottawa-Gatineau, Ontario part, Ontario/Quebec",NA,"Personal, protective and transportation services",6682
"2023/2024","Guelph","550","Total, field of study",7513
"2023/2024","Guelph","550","Education",NA
"2023/2024","Guelph","550","Visual and performing arts, and communications technologies",6403
"2023/2024","Guelph","550","Humanities",6403
"2023/2024","Guelph","550","Social and behavioural sciences, and legal studies",6403
"2023/2024","Guelph","550","Business management and public administration",9378
"2023/2024","Guelph","550","Physical and life sciences and technologies",6403
"2023/2024","Guelph","550","Mathematics, computer and information sciences",7737
"2023/2024","Guelph","550","Engineering",11190
"2023/2024","Guelph","550","Architecture",9718
"2023/2024","Guelph","550","Agriculture, natural resources and conservation",7849
"2023/2024","Guelph","550","Pharmacy",NA
"2023/2024","Guelph","550","Veterinary medicine",9937
"2023/2024","Guelph","550","Other health, parks, recreation and fitness",6403
"2023/2024","Guelph","550","Personal, protective and transportation services",6403
"2023/2024","Thunder Bay","595","Total, field of study",6510
"2023/2024","Thunder Bay","595","Education",5940
"2023/2024","Thunder Bay","595","Visual and performing arts, and communications technologies",5692
"2023/2024","Thunder Bay","595","Humanities",5692
"2023/2024","Thunder Bay","595","Social and behavioural sciences, and legal studies",5692
"2023/2024","Thunder Bay","595","Law",16893
"2023/2024","Thunder Bay","595","Business management and public administration",6554
"2023/2024","Thunder Bay","595","Physical and life sciences and technologies",5692
"2023/2024","Thunder Bay","595","Mathematics, computer and information sciences",5692
"2023/2024","Thunder Bay","595","Engineering",7587
"2023/2024","Thunder Bay","595","Agriculture, natural resources and conservation",5692
"2023/2024","Thunder Bay","595","Nursing",5701
"2023/2024","Thunder Bay","595","Pharmacy",NA
"2023/2024","Thunder Bay","595","Other health, parks, recreation and fitness",5692
"2023/2024","Greater Sudbury","580","Total, field of study",7653
"2023/2024","Greater Sudbury","580","Education",6169
"2023/2024","Greater Sudbury","580","Social and behavioural sciences, and legal studies",6169
"2023/2024","Greater Sudbury","580","Business management and public administration",7636
"2023/2024","Greater Sudbury","580","Physical and life sciences and technologies",6169
"2023/2024","Greater Sudbury","580","Mathematics, computer and information sciences",7701
"2023/2024","Greater Sudbury","580","Engineering",8358
"2023/2024","Greater Sudbury","580","Architecture",10056
"2023/2024","Greater Sudbury","580","Medicine",23247
"2023/2024","Greater Sudbury","580","Nursing",6233
"2023/2024","Greater Sudbury","580","Pharmacy",6169
"2023/2024","Greater Sudbury","580","Other health, parks, recreation and fitness",6169
"2023/2024","Greater Sudbury","580","Personal, protective and transportation services",6169
"2023/2024","Hamilton","537","Total, field of study",8803
"2023/2024","Hamilton","537","Visual and performing arts, and communications technologies",6409
"2023/2024","Hamilton","537","Humanities",6409
"2023/2024","Hamilton","537","Social and behavioural sciences, and legal studies",6409
"2023/2024","Hamilton","537","Business management and public administration",10349
"2023/2024","Hamilton","537","Physical and life sciences and technologies",6409
"2023/2024","Hamilton","537","Mathematics, computer and information sciences",6409
"2023/2024","Hamilton","537","Engineering",11016
"2023/2024","Hamilton","537","Agriculture, natural resources and conservation",6409
"2023/2024","Hamilton","537","Medicine",26834
"2023/2024","Hamilton","537","Nursing",7370
"2023/2024","Hamilton","537","Other health, parks, recreation and fitness",9760
"2023/2024","Sarnia","562","Total, field of study",5972
"2023/2024","Sarnia","562","Nursing",5972
"2023/2024","North Bay","575","Total, field of study",6591
"2023/2024","North Bay","575","Education",6961
"2023/2024","North Bay","575","Visual and performing arts, and communications technologies",6078
"2023/2024","North Bay","575","Humanities",6078
"2023/2024","North Bay","575","Social and behavioural sciences, and legal studies",6078
"2023/2024","North Bay","575","Business management and public administration",7649
"2023/2024","North Bay","575","Physical and life sciences and technologies",6078
"2023/2024","North Bay","575","Mathematics, computer and information sciences",6901
"2023/2024","North Bay","575","Agriculture, natural resources and conservation",6078
"2023/2024","North Bay","575","Nursing",6267
"2023/2024","North Bay","575","Other health, parks, recreation and fitness",6078
"2023/2024","North Bay","575","Personal, protective and transportation services",6078
"2023/2024","Kingston","521","Total, field of study",8783
"2023/2024","Kingston","521","Education",5998
"2023/2024","Kingston","521","Visual and performing arts, and communications technologies",6396
"2023/2024","Kingston","521","Humanities",6396
"2023/2024","Kingston","521","Social and behavioural sciences, and legal studies",6383
"2023/2024","Kingston","521","Law",18870
"2023/2024","Kingston","521","Business management and public administration",16383
"2023/2024","Kingston","521","Physical and life sciences and technologies",6396
"2023/2024","Kingston","521","Mathematics, computer and information sciences",6652
"2023/2024","Kingston","521","Engineering",11214
"2023/2024","Kingston","521","Agriculture, natural resources and conservation",6396
"2023/2024","Kingston","521","Medicine",23513
"2023/2024","Kingston","521","Nursing",6533
"2023/2024","Kingston","521","Other health, parks, recreation and fitness",6396
"2023/2024","Peterborough","529","Total, field of study",6164
"2023/2024","Peterborough","529","Education",6118
"2023/2024","Peterborough","529","Humanities",6118
"2023/2024","Peterborough","529","Social and behavioural sciences, and legal studies",6118
"2023/2024","Peterborough","529","Business management and public administration",6348
"2023/2024","Peterborough","529","Physical and life sciences and technologies",6118
"2023/2024","Peterborough","529","Mathematics, computer and information sciences",6348
"2023/2024","Peterborough","529","Agriculture, natural resources and conservation",6118
"2023/2024","Peterborough","529","Nursing",6118
"2023/2024","Peterborough","529","Other health, parks, recreation and fitness",6118
"2023/2024","Peterborough","529","Personal, protective and transportation services",6118
"2023/2024","Belleville-Quinte West","522","Total, field of study",6354
"2023/2024","Belleville-Quinte West","522","Nursing",6354
"2023/2024","Windsor","559","Total, field of study",7894
"2023/2024","Windsor","559","Education",7171
"2023/2024","Windsor","559","Visual and performing arts, and communications technologies",6097
"2023/2024","Windsor","559","Humanities",6192
"2023/2024","Windsor","559","Social and behavioural sciences, and legal studies",6192
"2023/2024","Windsor","559","Law",18290
"2023/2024","Windsor","559","Business management and public administration",7817
"2023/2024","Windsor","559","Physical and life sciences and technologies",6278
"2023/2024","Windsor","559","Mathematics, computer and information sciences",7961
"2023/2024","Windsor","559","Engineering",9907
"2023/2024","Windsor","559","Agriculture, natural resources and conservation",6278
"2023/2024","Windsor","559","Nursing",6097
"2023/2024","Windsor","559","Other health, parks, recreation and fitness",6278
"2023/2024","Windsor","559","Personal, protective and transportation services",6192
"2023/2024","Toronto","535","Total, field of study",8095
"2023/2024","Toronto","535","Education",6154
"2023/2024","Toronto","535","Visual and performing arts, and communications technologies",6791
"2023/2024","Toronto","535","Humanities",6300
"2023/2024","Toronto","535","Social and behavioural sciences, and legal studies",6301
"2023/2024","Toronto","535","Law",27485
"2023/2024","Toronto","535","Business management and public administration",8922
"2023/2024","Toronto","535","Physical and life sciences and technologies",6320
"2023/2024","Toronto","535","Mathematics, computer and information sciences",8505
"2023/2024","Toronto","535","Engineering",12576
"2023/2024","Toronto","535","Architecture",7545
"2023/2024","Toronto","535","Agriculture, natural resources and conservation",6267
"2023/2024","Toronto","535","Dentistry",38585
"2023/2024","Toronto","535","Medicine",24025
"2023/2024","Toronto","535","Nursing",6592
"2023/2024","Toronto","535","Pharmacy",18795
"2023/2024","Toronto","535","Other health, parks, recreation and fitness",6943
"2023/2024","Toronto","535","Personal, protective and transportation services",7075
"2023/2024","Oshawa","532","Total, field of study",7308
"2023/2024","Oshawa","532","Education",5949
"2023/2024","Oshawa","532","Humanities",5949
"2023/2024","Oshawa","532","Social and behavioural sciences, and legal studies",5956
"2023/2024","Oshawa","532","Business management and public administration",8327
"2023/2024","Oshawa","532","Physical and life sciences and technologies",5949
"2023/2024","Oshawa","532","Mathematics, computer and information sciences",7464
"2023/2024","Oshawa","532","Engineering",9554
"2023/2024","Oshawa","532","Nursing",6092
"2023/2024","Oshawa","532","Other health, parks, recreation and fitness",6018
"2023/2024","Oshawa","532","Personal, protective and transportation services",5949
"2023/2024","Sault Ste. Marie","590","Total, field of study",5960
"2023/2024","Sault Ste. Marie","590","Visual and performing arts, and communications technologies",5865
"2023/2024","Sault Ste. Marie","590","Humanities",5865
"2023/2024","Sault Ste. Marie","590","Social and behavioural sciences, and legal studies",5865
"2023/2024","Sault Ste. Marie","590","Business management and public administration",5865
"2023/2024","Sault Ste. Marie","590","Physical and life sciences and technologies",5865
"2023/2024","Sault Ste. Marie","590","Mathematics, computer and information sciences",5865
"2023/2024","Sault Ste. Marie","590","Engineering",NA
"2023/2024","Sault Ste. Marie","590","Agriculture, natural resources and conservation",5865
"2023/2024","Sault Ste. Marie","590","Nursing",6354
"2023/2024","Kitchener-Cambridge-Waterloo","541","Total, field of study",8972
"2023/2024","Kitchener-Cambridge-Waterloo","541","Education",8051
"2023/2024","Kitchener-Cambridge-Waterloo","541","Visual and performing arts, and communications technologies",6631
"2023/2024","Kitchener-Cambridge-Waterloo","541","Humanities",6389
"2023/2024","Kitchener-Cambridge-Waterloo","541","Social and behavioural sciences, and legal studies",6318
"2023/2024","Kitchener-Cambridge-Waterloo","541","Business management and public administration",9004
"2023/2024","Kitchener-Cambridge-Waterloo","541","Physical and life sciences and technologies",6804
"2023/2024","Kitchener-Cambridge-Waterloo","541","Mathematics, computer and information sciences",9727
"2023/2024","Kitchener-Cambridge-Waterloo","541","Engineering",15557
"2023/2024","Kitchener-Cambridge-Waterloo","541","Architecture",8453
"2023/2024","Kitchener-Cambridge-Waterloo","541","Agriculture, natural resources and conservation",6841
"2023/2024","Kitchener-Cambridge-Waterloo","541","Pharmacy",18225
"2023/2024","Kitchener-Cambridge-Waterloo","541","Optometry",15179
"2023/2024","Kitchener-Cambridge-Waterloo","541","Other health, parks, recreation and fitness",6616
"2023/2024","Kitchener-Cambridge-Waterloo","541","Personal, protective and transportation services",6615
"2023/2024","London","555","Total, field of study",10748
"2023/2024","London","555","Education",7643
"2023/2024","London","555","Visual and performing arts, and communications technologies",6334
"2023/2024","London","555","Humanities",6360
"2023/2024","London","555","Social and behavioural sciences, and legal studies",6353
"2023/2024","London","555","Law",21183
"2023/2024","London","555","Business management and public administration",24757
"2023/2024","London","555","Physical and life sciences and technologies",6358
"2023/2024","London","555","Mathematics, computer and information sciences",6360
"2023/2024","London","555","Engineering",12924
"2023/2024","London","555","Architecture",6288
"2023/2024","London","555","Agriculture, natural resources and conservation",6360
"2023/2024","London","555","Dentistry",37152
"2023/2024","London","555","Medicine",25215
"2023/2024","London","555","Nursing",6360
"2023/2024","London","555","Other health, parks, recreation and fitness",6360
"2023/2024","London","555","Personal, protective and transportation services",6360
"2023/2024","Barrie","568","Total, field of study",6245
"2023/2024","Barrie","568","Visual and performing arts, and communications technologies",6980
"2023/2024","Barrie","568","Social and behavioural sciences, and legal studies",6506
"2023/2024","Barrie","568","Business management and public administration",6118
"2023/2024","Barrie","568","Nursing",6118
"2023/2024","Barrie","568","Personal, protective and transportation services",6118
"2023/2024","Hearst","3556076","Total, field of study",5430
"2023/2024","Hearst","3556076","Humanities",5430
"2023/2024","Hearst","3556076","Social and behavioural sciences, and legal studies",5430
"2023/2024","Hearst","3556076","Business management and public administration",5430
"2023/2024","Manitoba","46","Total, field of study",5390
"2023/2024","Manitoba","46","Education",4474
"2023/2024","Manitoba","46","Visual and performing arts, and communications technologies",4974
"2023/2024","Manitoba","46","Humanities",4613
"2023/2024","Manitoba","46","Social and behavioural sciences, and legal studies",4634
"2023/2024","Manitoba","46","Law",12162
"2023/2024","Manitoba","46","Business management and public administration",5380
"2023/2024","Manitoba","46","Physical and life sciences and technologies",4925
"2023/2024","Manitoba","46","Mathematics, computer and information sciences",4859
"2023/2024","Manitoba","46","Engineering",6770
"2023/2024","Manitoba","46","Architecture",5367
"2023/2024","Manitoba","46","Agriculture, natural resources and conservation",5162
"2023/2024","Manitoba","46","Dentistry",24452
"2023/2024","Manitoba","46","Medicine",11109
"2023/2024","Manitoba","46","Nursing",6085
"2023/2024","Manitoba","46","Pharmacy",19412
"2023/2024","Manitoba","46","Other health, parks, recreation and fitness",4869
"2023/2024","Manitoba","46","Personal, protective and transportation services",4683
"2023/2024","Winnipeg","602","Total, field of study",5481
"2023/2024","Winnipeg","602","Education",4504
"2023/2024","Winnipeg","602","Visual and performing arts, and communications technologies",5061
"2023/2024","Winnipeg","602","Humanities",4637
"2023/2024","Winnipeg","602","Social and behavioural sciences, and legal studies",4656
"2023/2024","Winnipeg","602","Law",12162
"2023/2024","Winnipeg","602","Business management and public administration",5453
"2023/2024","Winnipeg","602","Physical and life sciences and technologies",4946
"2023/2024","Winnipeg","602","Mathematics, computer and information sciences",4879
"2023/2024","Winnipeg","602","Engineering",6770
"2023/2024","Winnipeg","602","Architecture",5367
"2023/2024","Winnipeg","602","Agriculture, natural resources and conservation",5188
"2023/2024","Winnipeg","602","Dentistry",24452
"2023/2024","Winnipeg","602","Medicine",11109
"2023/2024","Winnipeg","602","Nursing",6431
"2023/2024","Winnipeg","602","Pharmacy",19412
"2023/2024","Winnipeg","602","Other health, parks, recreation and fitness",4930
"2023/2024","Winnipeg","602","Personal, protective and transportation services",4691
"2023/2024","Brandon","610","Total, field of study",4468
"2023/2024","Brandon","610","Education",4361
"2023/2024","Brandon","610","Visual and performing arts, and communications technologies",4418
"2023/2024","Brandon","610","Humanities",4284
"2023/2024","Brandon","610","Social and behavioural sciences, and legal studies",4470
"2023/2024","Brandon","610","Business management and public administration",4284
"2023/2024","Brandon","610","Physical and life sciences and technologies",4655
"2023/2024","Brandon","610","Mathematics, computer and information sciences",4655
"2023/2024","Brandon","610","Agriculture, natural resources and conservation",4655
"2023/2024","Brandon","610","Nursing",4740
"2023/2024","Brandon","610","Other health, parks, recreation and fitness",4361
"2023/2024","Brandon","610","Personal, protective and transportation services",4470
"2023/2024","The Pas","4621045","Total, field of study",4311
"2023/2024","The Pas","4621045","Education",3854
"2023/2024","The Pas","4621045","Humanities",4443
"2023/2024","The Pas","4621045","Social and behavioural sciences, and legal studies",NA
"2023/2024","The Pas","4621045","Business management and public administration",4215
"2023/2024","Saskatchewan","47","Total, field of study",9240
"2023/2024","Saskatchewan","47","Education",7611
"2023/2024","Saskatchewan","47","Visual and performing arts, and communications technologies",7779
"2023/2024","Saskatchewan","47","Humanities",7343
"2023/2024","Saskatchewan","47","Social and behavioural sciences, and legal studies",7396
"2023/2024","Saskatchewan","47","Law",16929
"2023/2024","Saskatchewan","47","Business management and public administration",8505
"2023/2024","Saskatchewan","47","Physical and life sciences and technologies",7704
"2023/2024","Saskatchewan","47","Mathematics, computer and information sciences",7770
"2023/2024","Saskatchewan","47","Engineering",9577
"2023/2024","Saskatchewan","47","Architecture",7258
"2023/2024","Saskatchewan","47","Agriculture, natural resources and conservation",7582
"2023/2024","Saskatchewan","47","Dentistry",51158
"2023/2024","Saskatchewan","47","Medicine",20246
"2023/2024","Saskatchewan","47","Nursing",8713
"2023/2024","Saskatchewan","47","Pharmacy",19895
"2023/2024","Saskatchewan","47","Veterinary medicine",41654
"2023/2024","Saskatchewan","47","Other health, parks, recreation and fitness",7734
"2023/2024","Saskatchewan","47","Personal, protective and transportation services",7523
"2023/2024","Regina","705","Total, field of study",7987
"2023/2024","Regina","705","Education",7740
"2023/2024","Regina","705","Visual and performing arts, and communications technologies",7973
"2023/2024","Regina","705","Humanities",7523
"2023/2024","Regina","705","Social and behavioural sciences, and legal studies",7523
"2023/2024","Regina","705","Business management and public administration",8303
"2023/2024","Regina","705","Physical and life sciences and technologies",7973
"2023/2024","Regina","705","Mathematics, computer and information sciences",7973
"2023/2024","Regina","705","Engineering",8348
"2023/2024","Regina","705","Agriculture, natural resources and conservation",7523
"2023/2024","Regina","705","Nursing",8370
"2023/2024","Regina","705","Other health, parks, recreation and fitness",7973
"2023/2024","Regina","705","Personal, protective and transportation services",7523
"2023/2024","Saskatoon","725","Total, field of study",10038
"2023/2024","Saskatoon","725","Education",7497
"2023/2024","Saskatoon","725","Visual and performing arts, and communications technologies",7433
"2023/2024","Saskatoon","725","Humanities",7258
"2023/2024","Saskatoon","725","Social and behavioural sciences, and legal studies",7258
"2023/2024","Saskatoon","725","Law",16929
"2023/2024","Saskatoon","725","Business management and public administration",8740
"2023/2024","Saskatoon","725","Physical and life sciences and technologies",7632
"2023/2024","Saskatoon","725","Mathematics, computer and information sciences",7632
"2023/2024","Saskatoon","725","Engineering",9913
"2023/2024","Saskatoon","725","Architecture",7258
"2023/2024","Saskatoon","725","Agriculture, natural resources and conservation",7583
"2023/2024","Saskatoon","725","Dentistry",51158
"2023/2024","Saskatoon","725","Medicine",20246
"2023/2024","Saskatoon","725","Nursing",9169
"2023/2024","Saskatoon","725","Pharmacy",19895
"2023/2024","Saskatoon","725","Veterinary medicine",41654
"2023/2024","Saskatoon","725","Other health, parks, recreation and fitness",7505
"2023/2024","Alberta","48","Total, field of study",7561
"2023/2024","Alberta","48","Education",6872
"2023/2024","Alberta","48","Visual and performing arts, and communications technologies",6609
"2023/2024","Alberta","48","Humanities",6727
"2023/2024","Alberta","48","Social and behavioural sciences, and legal studies",6901
"2023/2024","Alberta","48","Law",15837
"2023/2024","Alberta","48","Business management and public administration",7544
"2023/2024","Alberta","48","Physical and life sciences and technologies",6868
"2023/2024","Alberta","48","Mathematics, computer and information sciences",6813
"2023/2024","Alberta","48","Engineering",9259
"2023/2024","Alberta","48","Architecture",7074
"2023/2024","Alberta","48","Agriculture, natural resources and conservation",6734
"2023/2024","Alberta","48","Dentistry",33713
"2023/2024","Alberta","48","Medicine",18026
"2023/2024","Alberta","48","Nursing",7637
"2023/2024","Alberta","48","Pharmacy",17132
"2023/2024","Alberta","48","Veterinary medicine",14041
"2023/2024","Alberta","48","Other health, parks, recreation and fitness",6718
"2023/2024","Alberta","48","Personal, protective and transportation services",7160
"2023/2024","Edmonton","835","Total, field of study",7697
"2023/2024","Edmonton","835","Education",6875
"2023/2024","Edmonton","835","Visual and performing arts, and communications technologies",7083
"2023/2024","Edmonton","835","Humanities",6677
"2023/2024","Edmonton","835","Social and behavioural sciences, and legal studies",6970
"2023/2024","Edmonton","835","Law",15783
"2023/2024","Edmonton","835","Business management and public administration",7232
"2023/2024","Edmonton","835","Physical and life sciences and technologies",6892
"2023/2024","Edmonton","835","Mathematics, computer and information sciences",6787
"2023/2024","Edmonton","835","Engineering",8705
"2023/2024","Edmonton","835","Architecture",6875
"2023/2024","Edmonton","835","Agriculture, natural resources and conservation",6875
"2023/2024","Edmonton","835","Dentistry",33713
"2023/2024","Edmonton","835","Medicine",15566
"2023/2024","Edmonton","835","Nursing",8375
"2023/2024","Edmonton","835","Pharmacy",17132
"2023/2024","Edmonton","835","Other health, parks, recreation and fitness",6875
"2023/2024","Calgary","825","Total, field of study",7739
"2023/2024","Calgary","825","Education",7005
"2023/2024","Calgary","825","Visual and performing arts, and communications technologies",6331
"2023/2024","Calgary","825","Humanities",6855
"2023/2024","Calgary","825","Social and behavioural sciences, and legal studies",6914
"2023/2024","Calgary","825","Law",15916
"2023/2024","Calgary","825","Business management and public administration",8094
"2023/2024","Calgary","825","Physical and life sciences and technologies",6938
"2023/2024","Calgary","825","Mathematics, computer and information sciences",6928
"2023/2024","Calgary","825","Engineering",9968
"2023/2024","Calgary","825","Architecture",7201
"2023/2024","Calgary","825","Agriculture, natural resources and conservation",6909
"2023/2024","Calgary","825","Medicine",21568
"2023/2024","Calgary","825","Nursing",7107
"2023/2024","Calgary","825","Veterinary medicine",14041
"2023/2024","Calgary","825","Other health, parks, recreation and fitness",6801
"2023/2024","Lethbridge","810","Total, field of study",6446
"2023/2024","Lethbridge","810","Education",6429
"2023/2024","Lethbridge","810","Visual and performing arts, and communications technologies",6429
"2023/2024","Lethbridge","810","Humanities",6429
"2023/2024","Lethbridge","810","Social and behavioural sciences, and legal studies",6429
"2023/2024","Lethbridge","810","Business management and public administration",6429
"2023/2024","Lethbridge","810","Physical and life sciences and technologies",6429
"2023/2024","Lethbridge","810","Mathematics, computer and information sciences",6429
"2023/2024","Lethbridge","810","Agriculture, natural resources and conservation",6380
"2023/2024","Lethbridge","810","Nursing",6429
"2023/2024","Lethbridge","810","Other health, parks, recreation and fitness",6429
"2023/2024","Lethbridge","810","Personal, protective and transportation services",7206
"2023/2024","Medicine Hat","805","Total, field of study",5471
"2023/2024","Medicine Hat","805","Visual and performing arts, and communications technologies",5520
"2023/2024","Medicine Hat","805","Other health, parks, recreation and fitness",5444
"2023/2024","Red Deer","830","Total, field of study",6720
"2023/2024","Red Deer","830","Education",6500
"2023/2024","Red Deer","830","Visual and performing arts, and communications technologies",6935
"2023/2024","Red Deer","830","Social and behavioural sciences, and legal studies",6800
"2023/2024","Red Deer","830","Business management and public administration",6400
"2023/2024","Red Deer","830","Physical and life sciences and technologies",7300
"2023/2024","Grande Prairie","850","Total, field of study",4485
"2023/2024","Grande Prairie","850","Business management and public administration",4485
"2023/2024","Grande Prairie","850","Mathematics, computer and information sciences",4485
"2023/2024","Athabasca","4813048","Total, field of study",6965
"2023/2024","Athabasca","4813048","Humanities",6965
"2023/2024","Athabasca","4813048","Social and behavioural sciences, and legal studies",6965
"2023/2024","Athabasca","4813048","Business management and public administration",6965
"2023/2024","Athabasca","4813048","Physical and life sciences and technologies",6965
"2023/2024","Athabasca","4813048","Mathematics, computer and information sciences",6965
"2023/2024","Athabasca","4813048","Architecture",6965
"2023/2024","Athabasca","4813048","Nursing",6965
"2023/2024","Athabasca","4813048","Other health, parks, recreation and fitness",6965
"2023/2024","Athabasca","4813048","Personal, protective and transportation services",6965
"2023/2024","Olds","4806034","Total, field of study",5845
"2023/2024","Olds","4806034","Agriculture, natural resources and conservation",5961
"2023/2024","Olds","4806034","Other health, parks, recreation and fitness",5349
"2023/2024","Vermilion","4810042","Total, field of study",6681
"2023/2024","Vermilion","4810042","Agriculture, natural resources and conservation",6450
"2023/2024","Vermilion","4810042","Personal, protective and transportation services",7458
"2023/2024","British Columbia","59","Total, field of study",6477
"2023/2024","British Columbia","59","Education",5901
"2023/2024","British Columbia","59","Visual and performing arts, and communications technologies",6777
"2023/2024","British Columbia","59","Humanities",5557
"2023/2024","British Columbia","59","Social and behavioural sciences, and legal studies",5803
"2023/2024","British Columbia","59","Law",13952
"2023/2024","British Columbia","59","Business management and public administration",6370
"2023/2024","British Columbia","59","Physical and life sciences and technologies",5753
"2023/2024","British Columbia","59","Mathematics, computer and information sciences",5795
"2023/2024","British Columbia","59","Engineering",6445
"2023/2024","British Columbia","59","Architecture",7458
"2023/2024","British Columbia","59","Agriculture, natural resources and conservation",5930
"2023/2024","British Columbia","59","Dentistry",31764
"2023/2024","British Columbia","59","Medicine",19995
"2023/2024","British Columbia","59","Nursing",5292
"2023/2024","British Columbia","59","Pharmacy",19539
"2023/2024","British Columbia","59","Other health, parks, recreation and fitness",5614
"2023/2024","British Columbia","59","Personal, protective and transportation services",5454
"2023/2024","Vancouver","933","Total, field of study",6781
"2023/2024","Vancouver","933","Education",6201
"2023/2024","Vancouver","933","Visual and performing arts, and communications technologies",7050
"2023/2024","Vancouver","933","Humanities",5891
"2023/2024","Vancouver","933","Social and behavioural sciences, and legal studies",5754
"2023/2024","Vancouver","933","Law",13680
"2023/2024","Vancouver","933","Business management and public administration",6502
"2023/2024","Vancouver","933","Physical and life sciences and technologies",5884
"2023/2024","Vancouver","933","Mathematics, computer and information sciences",5914
"2023/2024","Vancouver","933","Engineering",6143
"2023/2024","Vancouver","933","Architecture",7458
"2023/2024","Vancouver","933","Agriculture, natural resources and conservation",5985
"2023/2024","Vancouver","933","Dentistry",31764
"2023/2024","Vancouver","933","Medicine",19995
"2023/2024","Vancouver","933","Nursing",5286
"2023/2024","Vancouver","933","Pharmacy",19539
"2023/2024","Vancouver","933","Other health, parks, recreation and fitness",5786
"2023/2024","Vancouver","933","Personal, protective and transportation services",6436
"2023/2024","Victoria","935","Total, field of study",6654
"2023/2024","Victoria","935","Education",6166
"2023/2024","Victoria","935","Visual and performing arts, and communications technologies",6166
"2023/2024","Victoria","935","Humanities",6166
"2023/2024","Victoria","935","Social and behavioural sciences, and legal studies",6207
"2023/2024","Victoria","935","Law",10790
"2023/2024","Victoria","935","Business management and public administration",7225
"2023/2024","Victoria","935","Physical and life sciences and technologies",6166
"2023/2024","Victoria","935","Mathematics, computer and information sciences",6166
"2023/2024","Victoria","935","Engineering",7259
"2023/2024","Victoria","935","Agriculture, natural resources and conservation",6929
"2023/2024","Victoria","935","Nursing",6166
"2023/2024","Victoria","935","Other health, parks, recreation and fitness",5386
"2023/2024","Victoria","935","Personal, protective and transportation services",8790
"2023/2024","Prince George","970","Total, field of study",5872
"2023/2024","Prince George","970","Education",5872
"2023/2024","Prince George","970","Humanities",5872
"2023/2024","Prince George","970","Social and behavioural sciences, and legal studies",5872
"2023/2024","Prince George","970","Business management and public administration",5872
"2023/2024","Prince George","970","Physical and life sciences and technologies",5872
"2023/2024","Prince George","970","Mathematics, computer and information sciences",5872
"2023/2024","Prince George","970","Engineering",5872
"2023/2024","Prince George","970","Agriculture, natural resources and conservation",5872
"2023/2024","Prince George","970","Nursing",5872
"2023/2024","Prince George","970","Other health, parks, recreation and fitness",5872
"2023/2024","Courtenay","943","Total, field of study",3269
"2023/2024","Courtenay","943","Business management and public administration",3269
"2023/2024","Cranbrook","905","Total, field of study",5724
"2023/2024","Cranbrook","905","Business management and public administration",5724
"2023/2024","Kamloops","925","Total, field of study",5691
"2023/2024","Kamloops","925","Education",6379
"2023/2024","Kamloops","925","Visual and performing arts, and communications technologies",4668
"2023/2024","Kamloops","925","Humanities",4668
"2023/2024","Kamloops","925","Social and behavioural sciences, and legal studies",4668
"2023/2024","Kamloops","925","Law",21306
"2023/2024","Kamloops","925","Business management and public administration",4668
"2023/2024","Kamloops","925","Physical and life sciences and technologies",4668
"2023/2024","Kamloops","925","Mathematics, computer and information sciences",4668
"2023/2024","Kamloops","925","Engineering",6891
"2023/2024","Kamloops","925","Agriculture, natural resources and conservation",4668
"2023/2024","Kamloops","925","Nursing",5290
"2023/2024","Kamloops","925","Other health, parks, recreation and fitness",4668
"2023/2024","Kelowna","915","Total, field of study",4443
"2023/2024","Kelowna","915","Social and behavioural sciences, and legal studies",4114
"2023/2024","Kelowna","915","Business management and public administration",4444
"2023/2024","Kelowna","915","Mathematics, computer and information sciences",4505
"2023/2024","Nanaimo","938","Total, field of study",5451
"2023/2024","Nanaimo","938","Education",4894
"2023/2024","Nanaimo","938","Visual and performing arts, and communications technologies",4894
"2023/2024","Nanaimo","938","Humanities",4894
"2023/2024","Nanaimo","938","Social and behavioural sciences, and legal studies",4894
"2023/2024","Nanaimo","938","Business management and public administration",9105
"2023/2024","Nanaimo","938","Physical and life sciences and technologies",4894
"2023/2024","Nanaimo","938","Agriculture, natural resources and conservation",4894
"2023/2024","Nanaimo","938","Nursing",4894
"2023/2024","Nanaimo","938","Other health, parks, recreation and fitness",4894
"2023/2024","Abbotsford-Mission","932","Total, field of study",4881
"2023/2024","Abbotsford-Mission","932","Education",5360
"2023/2024","Abbotsford-Mission","932","Visual and performing arts, and communications technologies",6604
"2023/2024","Abbotsford-Mission","932","Humanities",4804
"2023/2024","Abbotsford-Mission","932","Social and behavioural sciences, and legal studies",4804
"2023/2024","Abbotsford-Mission","932","Business management and public administration",4804
"2023/2024","Abbotsford-Mission","932","Physical and life sciences and technologies",4804
"2023/2024","Abbotsford-Mission","932","Mathematics, computer and information sciences",4804
"2023/2024","Abbotsford-Mission","932","Agriculture, natural resources and conservation",6543
"2023/2024","Abbotsford-Mission","932","Nursing",4804
"2023/2024","Abbotsford-Mission","932","Other health, parks, recreation and fitness",4804
"2023/2024","Abbotsford-Mission","932","Personal, protective and transportation services",4804
"2023/2024","Central Kootenay J","5903058","Total, field of study",4656
"2023/2024","Central Kootenay J","5903058","Social and behavioural sciences, and legal studies",4656
"2023/2024","Yukon","60","Total, field of study",4275
"2023/2024","Yukon","60","Education",NA
"2023/2024","Yukon","60","Business management and public administration",4275
"2023/2024","Yukon","60","Physical and life sciences and technologies",NA
"2023/2024","Whitehorse","990","Total, field of study",4275
"2023/2024","Whitehorse","990","Education",NA
"2023/2024","Whitehorse","990","Business management and public administration",4275
"2023/2024","Whitehorse","990","Physical and life sciences and technologies",NA
"2024/2025","Canada","1","Total, field of study",7485
"2024/2025","Canada","1","Education",5553
"2024/2025","Canada","1","Visual and performing arts, and communications technologies",6417
"2024/2025","Canada","1","Humanities",6147
"2024/2025","Canada","1","Social and behavioural sciences, and legal studies",6209
"2024/2025","Canada","1","Law",14508
"2024/2025","Canada","1","Business management and public administration",8298
"2024/2025","Canada","1","Physical and life sciences and technologies",6382
"2024/2025","Canada","1","Mathematics, computer and information sciences",7611
"2024/2025","Canada","1","Engineering",9310
"2024/2025","Canada","1","Architecture",7217
"2024/2025","Canada","1","Agriculture, natural resources and conservation",6680
"2024/2025","Canada","1","Dentistry",26423
"2024/2025","Canada","1","Medicine",15945
"2024/2025","Canada","1","Nursing",6440
"2024/2025","Canada","1","Pharmacy",13897
"2024/2025","Canada","1","Veterinary medicine",10292
"2024/2025","Canada","1","Optometry",11082
"2024/2025","Canada","1","Other health, parks, recreation and fitness",6607
"2024/2025","Canada","1","Personal, protective and transportation services",6503
"2024/2025","Newfoundland and Labrador","10","Total, field of study",3623
"2024/2025","Newfoundland and Labrador","10","Education",3324
"2024/2025","Newfoundland and Labrador","10","Visual and performing arts, and communications technologies",3474
"2024/2025","Newfoundland and Labrador","10","Humanities",3229
"2024/2025","Newfoundland and Labrador","10","Social and behavioural sciences, and legal studies",3245
"2024/2025","Newfoundland and Labrador","10","Business management and public administration",3123
"2024/2025","Newfoundland and Labrador","10","Physical and life sciences and technologies",3247
"2024/2025","Newfoundland and Labrador","10","Mathematics, computer and information sciences",3219
"2024/2025","Newfoundland and Labrador","10","Engineering",3276
"2024/2025","Newfoundland and Labrador","10","Agriculture, natural resources and conservation",3717
"2024/2025","Newfoundland and Labrador","10","Medicine",14250
"2024/2025","Newfoundland and Labrador","10","Nursing",3002
"2024/2025","Newfoundland and Labrador","10","Other health, parks, recreation and fitness",3073
"2024/2025","Newfoundland and Labrador","10","Personal, protective and transportation services",3186
"2024/2025","St. John's","001","Total, field of study",3623
"2024/2025","St. John's","001","Education",3324
"2024/2025","St. John's","001","Visual and performing arts, and communications technologies",3474
"2024/2025","St. John's","001","Humanities",3229
"2024/2025","St. John's","001","Social and behavioural sciences, and legal studies",3245
"2024/2025","St. John's","001","Business management and public administration",3123
"2024/2025","St. John's","001","Physical and life sciences and technologies",3247
"2024/2025","St. John's","001","Mathematics, computer and information sciences",3219
"2024/2025","St. John's","001","Engineering",3276
"2024/2025","St. John's","001","Agriculture, natural resources and conservation",3717
"2024/2025","St. John's","001","Medicine",14250
"2024/2025","St. John's","001","Nursing",3002
"2024/2025","St. John's","001","Other health, parks, recreation and fitness",3073
"2024/2025","St. John's","001","Personal, protective and transportation services",3186
"2024/2025","Prince Edward Island","11","Total, field of study",7701
"2024/2025","Prince Edward Island","11","Education",9565
"2024/2025","Prince Edward Island","11","Visual and performing arts, and communications technologies",7170
"2024/2025","Prince Edward Island","11","Humanities",7170
"2024/2025","Prince Edward Island","11","Social and behavioural sciences, and legal studies",7170
"2024/2025","Prince Edward Island","11","Business management and public administration",7170
"2024/2025","Prince Edward Island","11","Physical and life sciences and technologies",7170
"2024/2025","Prince Edward Island","11","Mathematics, computer and information sciences",7170
"2024/2025","Prince Edward Island","11","Engineering",7170
"2024/2025","Prince Edward Island","11","Agriculture, natural resources and conservation",7170
"2024/2025","Prince Edward Island","11","Nursing",7170
"2024/2025","Prince Edward Island","11","Veterinary medicine",15662
"2024/2025","Prince Edward Island","11","Other health, parks, recreation and fitness",7170
"2024/2025","Charlottetown","105","Total, field of study",7701
"2024/2025","Charlottetown","105","Education",9565
"2024/2025","Charlottetown","105","Visual and performing arts, and communications technologies",7170
"2024/2025","Charlottetown","105","Humanities",7170
"2024/2025","Charlottetown","105","Social and behavioural sciences, and legal studies",7170
"2024/2025","Charlottetown","105","Business management and public administration",7170
"2024/2025","Charlottetown","105","Physical and life sciences and technologies",7170
"2024/2025","Charlottetown","105","Mathematics, computer and information sciences",7170
"2024/2025","Charlottetown","105","Engineering",7170
"2024/2025","Charlottetown","105","Agriculture, natural resources and conservation",7170
"2024/2025","Charlottetown","105","Nursing",7170
"2024/2025","Charlottetown","105","Veterinary medicine",15662
"2024/2025","Charlottetown","105","Other health, parks, recreation and fitness",7170
"2024/2025","Nova Scotia","12","Total, field of study",9934
"2024/2025","Nova Scotia","12","Education",8965
"2024/2025","Nova Scotia","12","Visual and performing arts, and communications technologies",9119
"2024/2025","Nova Scotia","12","Humanities",8581
"2024/2025","Nova Scotia","12","Social and behavioural sciences, and legal studies",8604
"2024/2025","Nova Scotia","12","Law",17960
"2024/2025","Nova Scotia","12","Business management and public administration",9473
"2024/2025","Nova Scotia","12","Physical and life sciences and technologies",9321
"2024/2025","Nova Scotia","12","Mathematics, computer and information sciences",9257
"2024/2025","Nova Scotia","12","Engineering",10195
"2024/2025","Nova Scotia","12","Architecture",8932
"2024/2025","Nova Scotia","12","Agriculture, natural resources and conservation",9134
"2024/2025","Nova Scotia","12","Dentistry",29342
"2024/2025","Nova Scotia","12","Medicine",23790
"2024/2025","Nova Scotia","12","Nursing",9743
"2024/2025","Nova Scotia","12","Pharmacy",14907
"2024/2025","Nova Scotia","12","Other health, parks, recreation and fitness",9585
"2024/2025","Nova Scotia","12","Personal, protective and transportation services",8370
"2024/2025","Cape Breton","225","Total, field of study",8633
"2024/2025","Cape Breton","225","Education",9741
"2024/2025","Cape Breton","225","Visual and performing arts, and communications technologies",8455
"2024/2025","Cape Breton","225","Humanities",8034
"2024/2025","Cape Breton","225","Social and behavioural sciences, and legal studies",8028
"2024/2025","Cape Breton","225","Business management and public administration",8239
"2024/2025","Cape Breton","225","Physical and life sciences and technologies",7990
"2024/2025","Cape Breton","225","Mathematics, computer and information sciences",7942
"2024/2025","Cape Breton","225","Engineering",8223
"2024/2025","Cape Breton","225","Architecture",NA
"2024/2025","Cape Breton","225","Agriculture, natural resources and conservation",8041
"2024/2025","Cape Breton","225","Nursing",9747
"2024/2025","Cape Breton","225","Other health, parks, recreation and fitness",8309
"2024/2025","Cape Breton","225","Personal, protective and transportation services",8370
"2024/2025","Halifax","205","Total, field of study",10248
"2024/2025","Halifax","205","Education",8416
"2024/2025","Halifax","205","Visual and performing arts, and communications technologies",9075
"2024/2025","Halifax","205","Humanities",8324
"2024/2025","Halifax","205","Social and behavioural sciences, and legal studies",8263
"2024/2025","Halifax","205","Law",17960
"2024/2025","Halifax","205","Business management and public administration",9556
"2024/2025","Halifax","205","Physical and life sciences and technologies",9393
"2024/2025","Halifax","205","Mathematics, computer and information sciences",9260
"2024/2025","Halifax","205","Engineering",10308
"2024/2025","Halifax","205","Architecture",8932
"2024/2025","Halifax","205","Agriculture, natural resources and conservation",8970
"2024/2025","Halifax","205","Dentistry",29342
"2024/2025","Halifax","205","Medicine",23790
"2024/2025","Halifax","205","Nursing",9874
"2024/2025","Halifax","205","Pharmacy",14907
"2024/2025","Halifax","205","Other health, parks, recreation and fitness",9816
"2024/2025","Halifax","205","Personal, protective and transportation services",NA
"2024/2025","Wolfville","1207024","Total, field of study",9411
"2024/2025","Wolfville","1207024","Education",9593
"2024/2025","Wolfville","1207024","Visual and performing arts, and communications technologies",9373
"2024/2025","Wolfville","1207024","Humanities",9370
"2024/2025","Wolfville","1207024","Social and behavioural sciences, and legal studies",9359
"2024/2025","Wolfville","1207024","Business management and public administration",9359
"2024/2025","Wolfville","1207024","Physical and life sciences and technologies",9414
"2024/2025","Wolfville","1207024","Mathematics, computer and information sciences",9335
"2024/2025","Wolfville","1207024","Agriculture, natural resources and conservation",9596
"2024/2025","Wolfville","1207024","Other health, parks, recreation and fitness",9487
"2024/2025","Clare","1203001","Total, field of study",8515
"2024/2025","Clare","1203001","Education",8368
"2024/2025","Clare","1203001","Humanities",7848
"2024/2025","Clare","1203001","Business management and public administration",8109
"2024/2025","Clare","1203001","Physical and life sciences and technologies",9457
"2024/2025","Antigonish","1214002","Total, field of study",9510
"2024/2025","Antigonish","1214002","Education",9158
"2024/2025","Antigonish","1214002","Visual and performing arts, and communications technologies",9266
"2024/2025","Antigonish","1214002","Humanities",9354
"2024/2025","Antigonish","1214002","Social and behavioural sciences, and legal studies",9486
"2024/2025","Antigonish","1214002","Business management and public administration",9647
"2024/2025","Antigonish","1214002","Physical and life sciences and technologies",9340
"2024/2025","Antigonish","1214002","Mathematics, computer and information sciences",9137
"2024/2025","Antigonish","1214002","Agriculture, natural resources and conservation",9867
"2024/2025","Antigonish","1214002","Nursing",9605
"2024/2025","Antigonish","1214002","Other health, parks, recreation and fitness",9506
"2024/2025","New Brunswick","13","Total, field of study",9533
"2024/2025","New Brunswick","13","Education",8481
"2024/2025","New Brunswick","13","Visual and performing arts, and communications technologies",9448
"2024/2025","New Brunswick","13","Humanities",9131
"2024/2025","New Brunswick","13","Social and behavioural sciences, and legal studies",8968
"2024/2025","New Brunswick","13","Law",14035
"2024/2025","New Brunswick","13","Business management and public administration",9515
"2024/2025","New Brunswick","13","Physical and life sciences and technologies",9062
"2024/2025","New Brunswick","13","Mathematics, computer and information sciences",9621
"2024/2025","New Brunswick","13","Engineering",11064
"2024/2025","New Brunswick","13","Agriculture, natural resources and conservation",9089
"2024/2025","New Brunswick","13","Nursing",9588
"2024/2025","New Brunswick","13","Pharmacy",NA
"2024/2025","New Brunswick","13","Other health, parks, recreation and fitness",8981
"2024/2025","New Brunswick","13","Personal, protective and transportation services",10320
"2024/2025","Moncton","305","Total, field of study",8160
"2024/2025","Moncton","305","Education",8029
"2024/2025","Moncton","305","Visual and performing arts, and communications technologies",8029
"2024/2025","Moncton","305","Humanities",8029
"2024/2025","Moncton","305","Social and behavioural sciences, and legal studies",8029
"2024/2025","Moncton","305","Law",9029
"2024/2025","Moncton","305","Business management and public administration",8029
"2024/2025","Moncton","305","Physical and life sciences and technologies",8029
"2024/2025","Moncton","305","Mathematics, computer and information sciences",8029
"2024/2025","Moncton","305","Engineering",8029
"2024/2025","Moncton","305","Agriculture, natural resources and conservation",8029
"2024/2025","Moncton","305","Nursing",8654
"2024/2025","Moncton","305","Other health, parks, recreation and fitness",8029
"2024/2025","Fredericton","320","Total, field of study",9989
"2024/2025","Fredericton","320","Education",9222
"2024/2025","Fredericton","320","Visual and performing arts, and communications technologies",8504
"2024/2025","Fredericton","320","Humanities",8552
"2024/2025","Fredericton","320","Social and behavioural sciences, and legal studies",8555
"2024/2025","Fredericton","320","Law",16481
"2024/2025","Fredericton","320","Business management and public administration",10284
"2024/2025","Fredericton","320","Physical and life sciences and technologies",8545
"2024/2025","Fredericton","320","Mathematics, computer and information sciences",9631
"2024/2025","Fredericton","320","Engineering",11837
"2024/2025","Fredericton","320","Agriculture, natural resources and conservation",8904
"2024/2025","Fredericton","320","Nursing",10151
"2024/2025","Fredericton","320","Pharmacy",NA
"2024/2025","Fredericton","320","Other health, parks, recreation and fitness",9469
"2024/2025","Sackville","1307009","Total, field of study",10320
"2024/2025","Sackville","1307009","Visual and performing arts, and communications technologies",10320
"2024/2025","Sackville","1307009","Humanities",10320
"2024/2025","Sackville","1307009","Social and behavioural sciences, and legal studies",10320
"2024/2025","Sackville","1307009","Business management and public administration",10320
"2024/2025","Sackville","1307009","Physical and life sciences and technologies",10320
"2024/2025","Sackville","1307009","Mathematics, computer and information sciences",10320
"2024/2025","Sackville","1307009","Agriculture, natural resources and conservation",10320
"2024/2025","Sackville","1307009","Personal, protective and transportation services",10320
"2024/2025","Quebec","24","Total, field of study",3587
"2024/2025","Quebec","24","Education",3148
"2024/2025","Quebec","24","Visual and performing arts, and communications technologies",4001
"2024/2025","Quebec","24","Humanities",4086
"2024/2025","Quebec","24","Social and behavioural sciences, and legal studies",3765
"2024/2025","Quebec","24","Law",3469
"2024/2025","Quebec","24","Business management and public administration",3501
"2024/2025","Quebec","24","Physical and life sciences and technologies",3784
"2024/2025","Quebec","24","Mathematics, computer and information sciences",3949
"2024/2025","Quebec","24","Engineering",3631
"2024/2025","Quebec","24","Architecture",3326
"2024/2025","Quebec","24","Agriculture, natural resources and conservation",3627
"2024/2025","Quebec","24","Dentistry",4296
"2024/2025","Quebec","24","Medicine",3939
"2024/2025","Quebec","24","Nursing",3076
"2024/2025","Quebec","24","Pharmacy",3111
"2024/2025","Quebec","24","Veterinary medicine",3048
"2024/2025","Quebec","24","Optometry",3385
"2024/2025","Quebec","24","Other health, parks, recreation and fitness",3543
"2024/2025","Quebec","24","Personal, protective and transportation services",2994
"2024/2025","Montreal","462","Total, field of study",3857
"2024/2025","Montreal","462","Education",3216
"2024/2025","Montreal","462","Visual and performing arts, and communications technologies",4398
"2024/2025","Montreal","462","Humanities",4513
"2024/2025","Montreal","462","Social and behavioural sciences, and legal studies",3983
"2024/2025","Montreal","462","Law",3826
"2024/2025","Montreal","462","Business management and public administration",3694
"2024/2025","Montreal","462","Physical and life sciences and technologies",4041
"2024/2025","Montreal","462","Mathematics, computer and information sciences",4330
"2024/2025","Montreal","462","Engineering",3834
"2024/2025","Montreal","462","Architecture",3389
"2024/2025","Montreal","462","Agriculture, natural resources and conservation",5197
"2024/2025","Montreal","462","Dentistry",4718
"2024/2025","Montreal","462","Medicine",4398
"2024/2025","Montreal","462","Nursing",3248
"2024/2025","Montreal","462","Pharmacy",3077
"2024/2025","Montreal","462","Veterinary medicine",3048
"2024/2025","Montreal","462","Optometry",3385
"2024/2025","Montreal","462","Other health, parks, recreation and fitness",3876
"2024/2025","Montreal","462","Personal, protective and transportation services",3005
"2024/2025","Sherbrooke","433","Total, field of study",3420
"2024/2025","Sherbrooke","433","Education",3333
"2024/2025","Sherbrooke","433","Visual and performing arts, and communications technologies",4310
"2024/2025","Sherbrooke","433","Humanities",3650
"2024/2025","Sherbrooke","433","Social and behavioural sciences, and legal studies",4103
"2024/2025","Sherbrooke","433","Law",3006
"2024/2025","Sherbrooke","433","Business management and public administration",3482
"2024/2025","Sherbrooke","433","Physical and life sciences and technologies",3607
"2024/2025","Sherbrooke","433","Mathematics, computer and information sciences",3165
"2024/2025","Sherbrooke","433","Engineering",3004
"2024/2025","Sherbrooke","433","Agriculture, natural resources and conservation",3109
"2024/2025","Sherbrooke","433","Medicine",3887
"2024/2025","Sherbrooke","433","Nursing",3007
"2024/2025","Sherbrooke","433","Pharmacy",NA
"2024/2025","Sherbrooke","433","Other health, parks, recreation and fitness",2977
"2024/2025","Saguenay","408","Total, field of study",2983
"2024/2025","Saguenay","408","Education",2976
"2024/2025","Saguenay","408","Visual and performing arts, and communications technologies",3020
"2024/2025","Saguenay","408","Humanities",3053
"2024/2025","Saguenay","408","Social and behavioural sciences, and legal studies",2967
"2024/2025","Saguenay","408","Business management and public administration",2967
"2024/2025","Saguenay","408","Physical and life sciences and technologies",2967
"2024/2025","Saguenay","408","Mathematics, computer and information sciences",3177
"2024/2025","Saguenay","408","Engineering",2967
"2024/2025","Saguenay","408","Agriculture, natural resources and conservation",2967
"2024/2025","Saguenay","408","Nursing",2967
"2024/2025","Saguenay","408","Pharmacy",NA
"2024/2025","Saguenay","408","Other health, parks, recreation and fitness",2967
"2024/2025","Rouyn-Noranda","485","Total, field of study",2993
"2024/2025","Rouyn-Noranda","485","Education",3022
"2024/2025","Rouyn-Noranda","485","Visual and performing arts, and communications technologies",2967
"2024/2025","Rouyn-Noranda","485","Social and behavioural sciences, and legal studies",2967
"2024/2025","Rouyn-Noranda","485","Business management and public administration",3007
"2024/2025","Rouyn-Noranda","485","Engineering",2967
"2024/2025","Rouyn-Noranda","485","Nursing",2967
"2024/2025","Trois-Rivières","442","Total, field of study",2999
"2024/2025","Trois-Rivières","442","Education",2981
"2024/2025","Trois-Rivières","442","Visual and performing arts, and communications technologies",2967
"2024/2025","Trois-Rivières","442","Humanities",3189
"2024/2025","Trois-Rivières","442","Social and behavioural sciences, and legal studies",2982
"2024/2025","Trois-Rivières","442","Business management and public administration",2994
"2024/2025","Trois-Rivières","442","Physical and life sciences and technologies",2967
"2024/2025","Trois-Rivières","442","Mathematics, computer and information sciences",3122
"2024/2025","Trois-Rivières","442","Engineering",3031
"2024/2025","Trois-Rivières","442","Nursing",2975
"2024/2025","Trois-Rivières","442","Other health, parks, recreation and fitness",3034
"2024/2025","Trois-Rivières","442","Personal, protective and transportation services",2967
"2024/2025","Ottawa-Gatineau, Quebec part, Ontario/Quebec",NA,"Total, field of study",3197
"2024/2025","Ottawa-Gatineau, Quebec part, Ontario/Quebec",NA,"Education",3089
"2024/2025","Ottawa-Gatineau, Quebec part, Ontario/Quebec",NA,"Visual and performing arts, and communications technologies",3387
"2024/2025","Ottawa-Gatineau, Quebec part, Ontario/Quebec",NA,"Humanities",3095
"2024/2025","Ottawa-Gatineau, Quebec part, Ontario/Quebec",NA,"Social and behavioural sciences, and legal studies",3065
"2024/2025","Ottawa-Gatineau, Quebec part, Ontario/Quebec",NA,"Law",3666
"2024/2025","Ottawa-Gatineau, Quebec part, Ontario/Quebec",NA,"Business management and public administration",3320
"2024/2025","Ottawa-Gatineau, Quebec part, Ontario/Quebec",NA,"Physical and life sciences and technologies",3253
"2024/2025","Ottawa-Gatineau, Quebec part, Ontario/Quebec",NA,"Mathematics, computer and information sciences",3351
"2024/2025","Ottawa-Gatineau, Quebec part, Ontario/Quebec",NA,"Engineering",3825
"2024/2025","Ottawa-Gatineau, Quebec part, Ontario/Quebec",NA,"Nursing",3053
"2024/2025","Ottawa-Gatineau, Quebec part, Ontario/Quebec",NA,"Other health, parks, recreation and fitness",3597
"2024/2025","Québec","421","Total, field of study",3049
"2024/2025","Québec","421","Education",3009
"2024/2025","Québec","421","Visual and performing arts, and communications technologies",3046
"2024/2025","Québec","421","Humanities",3039
"2024/2025","Québec","421","Social and behavioural sciences, and legal studies",3005
"2024/2025","Québec","421","Law",2998
"2024/2025","Québec","421","Business management and public administration",3032
"2024/2025","Québec","421","Physical and life sciences and technologies",3070
"2024/2025","Québec","421","Mathematics, computer and information sciences",3022
"2024/2025","Québec","421","Engineering",3091
"2024/2025","Québec","421","Architecture",3091
"2024/2025","Québec","421","Agriculture, natural resources and conservation",3086
"2024/2025","Québec","421","Dentistry",3122
"2024/2025","Québec","421","Medicine",3090
"2024/2025","Québec","421","Nursing",3011
"2024/2025","Québec","421","Pharmacy",3158
"2024/2025","Québec","421","Other health, parks, recreation and fitness",3135
"2024/2025","Rimouski","404","Total, field of study",2985
"2024/2025","Rimouski","404","Education",2989
"2024/2025","Rimouski","404","Humanities",2967
"2024/2025","Rimouski","404","Social and behavioural sciences, and legal studies",2967
"2024/2025","Rimouski","404","Business management and public administration",2976
"2024/2025","Rimouski","404","Physical and life sciences and technologies",2967
"2024/2025","Rimouski","404","Mathematics, computer and information sciences",2967
"2024/2025","Rimouski","404","Engineering",3043
"2024/2025","Rimouski","404","Nursing",2994
"2024/2025","Rimouski","404","Other health, parks, recreation and fitness",NA
"2024/2025","Ontario","35","Total, field of study",8704
"2024/2025","Ontario","35","Education",6669
"2024/2025","Ontario","35","Visual and performing arts, and communications technologies",6930
"2024/2025","Ontario","35","Humanities",6474
"2024/2025","Ontario","35","Social and behavioural sciences, and legal studies",6548
"2024/2025","Ontario","35","Law",21401
"2024/2025","Ontario","35","Business management and public administration",10757
"2024/2025","Ontario","35","Physical and life sciences and technologies",6558
"2024/2025","Ontario","35","Mathematics, computer and information sciences",8590
"2024/2025","Ontario","35","Engineering",12537
"2024/2025","Ontario","35","Architecture",8683
"2024/2025","Ontario","35","Agriculture, natural resources and conservation",7070
"2024/2025","Ontario","35","Dentistry",39008
"2024/2025","Ontario","35","Medicine",25621
"2024/2025","Ontario","35","Nursing",6633
"2024/2025","Ontario","35","Pharmacy",17613
"2024/2025","Ontario","35","Veterinary medicine",10683
"2024/2025","Ontario","35","Optometry",15556
"2024/2025","Ontario","35","Other health, parks, recreation and fitness",7073
"2024/2025","Ontario","35","Personal, protective and transportation services",6711
"2024/2025","St. Catharines-Niagara","539","Total, field of study",6763
"2024/2025","St. Catharines-Niagara","539","Education",6563
"2024/2025","St. Catharines-Niagara","539","Visual and performing arts, and communications technologies",6402
"2024/2025","St. Catharines-Niagara","539","Humanities",6402
"2024/2025","St. Catharines-Niagara","539","Social and behavioural sciences, and legal studies",6402
"2024/2025","St. Catharines-Niagara","539","Business management and public administration",7784
"2024/2025","St. Catharines-Niagara","539","Physical and life sciences and technologies",6402
"2024/2025","St. Catharines-Niagara","539","Mathematics, computer and information sciences",7636
"2024/2025","St. Catharines-Niagara","539","Agriculture, natural resources and conservation",6402
"2024/2025","St. Catharines-Niagara","539","Nursing",6621
"2024/2025","St. Catharines-Niagara","539","Other health, parks, recreation and fitness",6402
"2024/2025","Ottawa-Gatineau, Ontario part, Ontario/Quebec",NA,"Total, field of study",8395
"2024/2025","Ottawa-Gatineau, Ontario part, Ontario/Quebec",NA,"Education",6568
"2024/2025","Ottawa-Gatineau, Ontario part, Ontario/Quebec",NA,"Visual and performing arts, and communications technologies",7850
"2024/2025","Ottawa-Gatineau, Ontario part, Ontario/Quebec",NA,"Humanities",6620
"2024/2025","Ottawa-Gatineau, Ontario part, Ontario/Quebec",NA,"Social and behavioural sciences, and legal studies",6965
"2024/2025","Ottawa-Gatineau, Ontario part, Ontario/Quebec",NA,"Law",15583
"2024/2025","Ottawa-Gatineau, Ontario part, Ontario/Quebec",NA,"Business management and public administration",8559
"2024/2025","Ottawa-Gatineau, Ontario part, Ontario/Quebec",NA,"Physical and life sciences and technologies",6573
"2024/2025","Ottawa-Gatineau, Ontario part, Ontario/Quebec",NA,"Mathematics, computer and information sciences",8167
"2024/2025","Ottawa-Gatineau, Ontario part, Ontario/Quebec",NA,"Engineering",11256
"2024/2025","Ottawa-Gatineau, Ontario part, Ontario/Quebec",NA,"Architecture",10007
"2024/2025","Ottawa-Gatineau, Ontario part, Ontario/Quebec",NA,"Agriculture, natural resources and conservation",6575
"2024/2025","Ottawa-Gatineau, Ontario part, Ontario/Quebec",NA,"Medicine",27496
"2024/2025","Ottawa-Gatineau, Ontario part, Ontario/Quebec",NA,"Nursing",6553
"2024/2025","Ottawa-Gatineau, Ontario part, Ontario/Quebec",NA,"Pharmacy",18789
"2024/2025","Ottawa-Gatineau, Ontario part, Ontario/Quebec",NA,"Other health, parks, recreation and fitness",6569
"2024/2025","Ottawa-Gatineau, Ontario part, Ontario/Quebec",NA,"Personal, protective and transportation services",6682
"2024/2025","Guelph","550","Total, field of study",7951
"2024/2025","Guelph","550","Education",NA
"2024/2025","Guelph","550","Visual and performing arts, and communications technologies",6571
"2024/2025","Guelph","550","Humanities",6571
"2024/2025","Guelph","550","Social and behavioural sciences, and legal studies",6571
"2024/2025","Guelph","550","Business management and public administration",10041
"2024/2025","Guelph","550","Physical and life sciences and technologies",6571
"2024/2025","Guelph","550","Mathematics, computer and information sciences",7972
"2024/2025","Guelph","550","Engineering",11874
"2024/2025","Guelph","550","Architecture",9973
"2024/2025","Guelph","550","Agriculture, natural resources and conservation",8209
"2024/2025","Guelph","550","Pharmacy",6571
"2024/2025","Guelph","550","Veterinary medicine",10683
"2024/2025","Guelph","550","Other health, parks, recreation and fitness",6571
"2024/2025","Guelph","550","Personal, protective and transportation services",6571
"2024/2025","Thunder Bay","595","Total, field of study",6721
"2024/2025","Thunder Bay","595","Education",6096
"2024/2025","Thunder Bay","595","Visual and performing arts, and communications technologies",5841
"2024/2025","Thunder Bay","595","Humanities",5841
"2024/2025","Thunder Bay","595","Social and behavioural sciences, and legal studies",5841
"2024/2025","Thunder Bay","595","Law",17567
"2024/2025","Thunder Bay","595","Business management and public administration",6843
"2024/2025","Thunder Bay","595","Physical and life sciences and technologies",5841
"2024/2025","Thunder Bay","595","Mathematics, computer and information sciences",5841
"2024/2025","Thunder Bay","595","Engineering",7897
"2024/2025","Thunder Bay","595","Agriculture, natural resources and conservation",5841
"2024/2025","Thunder Bay","595","Nursing",5838
"2024/2025","Thunder Bay","595","Other health, parks, recreation and fitness",5841
"2024/2025","Greater Sudbury","580","Total, field of study",7974
"2024/2025","Greater Sudbury","580","Education",6265
"2024/2025","Greater Sudbury","580","Humanities",NA
"2024/2025","Greater Sudbury","580","Social and behavioural sciences, and legal studies",6265
"2024/2025","Greater Sudbury","580","Business management and public administration",7748
"2024/2025","Greater Sudbury","580","Physical and life sciences and technologies",6265
"2024/2025","Greater Sudbury","580","Mathematics, computer and information sciences",7932
"2024/2025","Greater Sudbury","580","Engineering",8790
"2024/2025","Greater Sudbury","580","Architecture",10212
"2024/2025","Greater Sudbury","580","Medicine",23247
"2024/2025","Greater Sudbury","580","Nursing",6296
"2024/2025","Greater Sudbury","580","Pharmacy",6265
"2024/2025","Greater Sudbury","580","Other health, parks, recreation and fitness",6265
"2024/2025","Greater Sudbury","580","Personal, protective and transportation services",6265
"2024/2025","Hamilton","537","Total, field of study",9321
"2024/2025","Hamilton","537","Visual and performing arts, and communications technologies",6580
"2024/2025","Hamilton","537","Humanities",6580
"2024/2025","Hamilton","537","Social and behavioural sciences, and legal studies",6580
"2024/2025","Hamilton","537","Business management and public administration",10636
"2024/2025","Hamilton","537","Physical and life sciences and technologies",6580
"2024/2025","Hamilton","537","Mathematics, computer and information sciences",6580
"2024/2025","Hamilton","537","Engineering",11369
"2024/2025","Hamilton","537","Agriculture, natural resources and conservation",6580
"2024/2025","Hamilton","537","Medicine",27547
"2024/2025","Hamilton","537","Nursing",7604
"2024/2025","Hamilton","537","Other health, parks, recreation and fitness",10124
"2024/2025","Sarnia","562","Total, field of study",5972
"2024/2025","Sarnia","562","Nursing",5972
"2024/2025","North Bay","575","Total, field of study",6789
"2024/2025","North Bay","575","Education",7143
"2024/2025","North Bay","575","Visual and performing arts, and communications technologies",6237
"2024/2025","North Bay","575","Humanities",6237
"2024/2025","North Bay","575","Social and behavioural sciences, and legal studies",6237
"2024/2025","North Bay","575","Business management and public administration",7850
"2024/2025","North Bay","575","Physical and life sciences and technologies",6237
"2024/2025","North Bay","575","Mathematics, computer and information sciences",7102
"2024/2025","North Bay","575","Agriculture, natural resources and conservation",6237
"2024/2025","North Bay","575","Nursing",6428
"2024/2025","North Bay","575","Other health, parks, recreation and fitness",6237
"2024/2025","North Bay","575","Personal, protective and transportation services",6237
"2024/2025","Kingston","521","Total, field of study",9258
"2024/2025","Kingston","521","Education",5998
"2024/2025","Kingston","521","Visual and performing arts, and communications technologies",6564
"2024/2025","Kingston","521","Humanities",6564
"2024/2025","Kingston","521","Social and behavioural sciences, and legal studies",6538
"2024/2025","Kingston","521","Law",21018
"2024/2025","Kingston","521","Business management and public administration",16832
"2024/2025","Kingston","521","Physical and life sciences and technologies",6564
"2024/2025","Kingston","521","Mathematics, computer and information sciences",6923
"2024/2025","Kingston","521","Engineering",11542
"2024/2025","Kingston","521","Agriculture, natural resources and conservation",6564
"2024/2025","Kingston","521","Medicine",23513
"2024/2025","Kingston","521","Nursing",6633
"2024/2025","Kingston","521","Other health, parks, recreation and fitness",6564
"2024/2025","Peterborough","529","Total, field of study",6681
"2024/2025","Peterborough","529","Education",6637
"2024/2025","Peterborough","529","Humanities",6637
"2024/2025","Peterborough","529","Social and behavioural sciences, and legal studies",6637
"2024/2025","Peterborough","529","Business management and public administration",6637
"2024/2025","Peterborough","529","Physical and life sciences and technologies",6637
"2024/2025","Peterborough","529","Mathematics, computer and information sciences",7784
"2024/2025","Peterborough","529","Agriculture, natural resources and conservation",6637
"2024/2025","Peterborough","529","Nursing",6637
"2024/2025","Peterborough","529","Other health, parks, recreation and fitness",6637
"2024/2025","Peterborough","529","Personal, protective and transportation services",6637
"2024/2025","Belleville-Quinte West","522","Total, field of study",6354
"2024/2025","Belleville-Quinte West","522","Nursing",6354
"2024/2025","Windsor","559","Total, field of study",8140
"2024/2025","Windsor","559","Education",7359
"2024/2025","Windsor","559","Visual and performing arts, and communications technologies",6257
"2024/2025","Windsor","559","Humanities",6257
"2024/2025","Windsor","559","Social and behavioural sciences, and legal studies",6322
"2024/2025","Windsor","559","Law",18774
"2024/2025","Windsor","559","Business management and public administration",7811
"2024/2025","Windsor","559","Physical and life sciences and technologies",6443
"2024/2025","Windsor","559","Mathematics, computer and information sciences",8210
"2024/2025","Windsor","559","Engineering",10169
"2024/2025","Windsor","559","Agriculture, natural resources and conservation",6443
"2024/2025","Windsor","559","Nursing",6257
"2024/2025","Windsor","559","Other health, parks, recreation and fitness",6443
"2024/2025","Windsor","559","Personal, protective and transportation services",NA
"2024/2025","Toronto","535","Total, field of study",8492
"2024/2025","Toronto","535","Education",6307
"2024/2025","Toronto","535","Visual and performing arts, and communications technologies",6959
"2024/2025","Toronto","535","Humanities",6450
"2024/2025","Toronto","535","Social and behavioural sciences, and legal studies",6455
"2024/2025","Toronto","535","Law",27865
"2024/2025","Toronto","535","Business management and public administration",9395
"2024/2025","Toronto","535","Physical and life sciences and technologies",6477
"2024/2025","Toronto","535","Mathematics, computer and information sciences",8739
"2024/2025","Toronto","535","Engineering",12958
"2024/2025","Toronto","535","Architecture",7723
"2024/2025","Toronto","535","Agriculture, natural resources and conservation",6424
"2024/2025","Toronto","535","Dentistry",39585
"2024/2025","Toronto","535","Medicine",24645
"2024/2025","Toronto","535","Nursing",6714
"2024/2025","Toronto","535","Pharmacy",19280
"2024/2025","Toronto","535","Other health, parks, recreation and fitness",7163
"2024/2025","Toronto","535","Personal, protective and transportation services",7907
"2024/2025","Oshawa","532","Total, field of study",7646
"2024/2025","Oshawa","532","Education",6256
"2024/2025","Oshawa","532","Humanities",6256
"2024/2025","Oshawa","532","Social and behavioural sciences, and legal studies",6241
"2024/2025","Oshawa","532","Business management and public administration",8649
"2024/2025","Oshawa","532","Physical and life sciences and technologies",6256
"2024/2025","Oshawa","532","Mathematics, computer and information sciences",7912
"2024/2025","Oshawa","532","Engineering",9969
"2024/2025","Oshawa","532","Nursing",6405
"2024/2025","Oshawa","532","Other health, parks, recreation and fitness",6321
"2024/2025","Oshawa","532","Personal, protective and transportation services",6256
"2024/2025","Sault Ste. Marie","590","Total, field of study",5943
"2024/2025","Sault Ste. Marie","590","Visual and performing arts, and communications technologies",5865
"2024/2025","Sault Ste. Marie","590","Humanities",5865
"2024/2025","Sault Ste. Marie","590","Social and behavioural sciences, and legal studies",5865
"2024/2025","Sault Ste. Marie","590","Business management and public administration",5865
"2024/2025","Sault Ste. Marie","590","Physical and life sciences and technologies",5865
"2024/2025","Sault Ste. Marie","590","Mathematics, computer and information sciences",5865
"2024/2025","Sault Ste. Marie","590","Engineering",NA
"2024/2025","Sault Ste. Marie","590","Agriculture, natural resources and conservation",5865
"2024/2025","Sault Ste. Marie","590","Nursing",6354
"2024/2025","Sault Ste. Marie","590","Personal, protective and transportation services",NA
"2024/2025","Kitchener-Cambridge-Waterloo","541","Total, field of study",9362
"2024/2025","Kitchener-Cambridge-Waterloo","541","Education",8051
"2024/2025","Kitchener-Cambridge-Waterloo","541","Visual and performing arts, and communications technologies",6695
"2024/2025","Kitchener-Cambridge-Waterloo","541","Humanities",6234
"2024/2025","Kitchener-Cambridge-Waterloo","541","Social and behavioural sciences, and legal studies",6395
"2024/2025","Kitchener-Cambridge-Waterloo","541","Business management and public administration",9576
"2024/2025","Kitchener-Cambridge-Waterloo","541","Physical and life sciences and technologies",6942
"2024/2025","Kitchener-Cambridge-Waterloo","541","Mathematics, computer and information sciences",9891
"2024/2025","Kitchener-Cambridge-Waterloo","541","Engineering",15983
"2024/2025","Kitchener-Cambridge-Waterloo","541","Architecture",8702
"2024/2025","Kitchener-Cambridge-Waterloo","541","Agriculture, natural resources and conservation",7010
"2024/2025","Kitchener-Cambridge-Waterloo","541","Pharmacy",18702
"2024/2025","Kitchener-Cambridge-Waterloo","541","Optometry",15556
"2024/2025","Kitchener-Cambridge-Waterloo","541","Other health, parks, recreation and fitness",6691
"2024/2025","Kitchener-Cambridge-Waterloo","541","Personal, protective and transportation services",NA
"2024/2025","London","555","Total, field of study",11750
"2024/2025","London","555","Education",7843
"2024/2025","London","555","Visual and performing arts, and communications technologies",6472
"2024/2025","London","555","Humanities",6526
"2024/2025","London","555","Social and behavioural sciences, and legal studies",6515
"2024/2025","London","555","Law",21738
"2024/2025","London","555","Business management and public administration",25694
"2024/2025","London","555","Physical and life sciences and technologies",6524
"2024/2025","London","555","Mathematics, computer and information sciences",6996
"2024/2025","London","555","Engineering",13262
"2024/2025","London","555","Architecture",6370
"2024/2025","London","555","Agriculture, natural resources and conservation",6526
"2024/2025","London","555","Dentistry",38126
"2024/2025","London","555","Medicine",25876
"2024/2025","London","555","Nursing",6526
"2024/2025","London","555","Other health, parks, recreation and fitness",6526
"2024/2025","London","555","Personal, protective and transportation services",6526
"2024/2025","Barrie","568","Total, field of study",6295
"2024/2025","Barrie","568","Visual and performing arts, and communications technologies",6980
"2024/2025","Barrie","568","Social and behavioural sciences, and legal studies",6506
"2024/2025","Barrie","568","Business management and public administration",6118
"2024/2025","Barrie","568","Nursing",6118
"2024/2025","Barrie","568","Personal, protective and transportation services",6118
"2024/2025","Hearst","3556076","Total, field of study",NA
"2024/2025","Hearst","3556076","Humanities",5634
"2024/2025","Hearst","3556076","Social and behavioural sciences, and legal studies",NA
"2024/2025","Hearst","3556076","Business management and public administration",NA
"2024/2025","Manitoba","46","Total, field of study",5767
"2024/2025","Manitoba","46","Education",4650
"2024/2025","Manitoba","46","Visual and performing arts, and communications technologies",5147
"2024/2025","Manitoba","46","Humanities",4797
"2024/2025","Manitoba","46","Social and behavioural sciences, and legal studies",4806
"2024/2025","Manitoba","46","Law",12492
"2024/2025","Manitoba","46","Business management and public administration",5490
"2024/2025","Manitoba","46","Physical and life sciences and technologies",5090
"2024/2025","Manitoba","46","Mathematics, computer and information sciences",5032
"2024/2025","Manitoba","46","Engineering",6978
"2024/2025","Manitoba","46","Architecture",5515
"2024/2025","Manitoba","46","Agriculture, natural resources and conservation",5324
"2024/2025","Manitoba","46","Dentistry",25125
"2024/2025","Manitoba","46","Medicine",11415
"2024/2025","Manitoba","46","Nursing",6323
"2024/2025","Manitoba","46","Pharmacy",19412
"2024/2025","Manitoba","46","Other health, parks, recreation and fitness",5040
"2024/2025","Manitoba","46","Personal, protective and transportation services",4918
"2024/2025","Winnipeg","602","Total, field of study",5846
"2024/2025","Winnipeg","602","Education",4623
"2024/2025","Winnipeg","602","Visual and performing arts, and communications technologies",5186
"2024/2025","Winnipeg","602","Humanities",4803
"2024/2025","Winnipeg","602","Social and behavioural sciences, and legal studies",4792
"2024/2025","Winnipeg","602","Law",12492
"2024/2025","Winnipeg","602","Business management and public administration",5536
"2024/2025","Winnipeg","602","Physical and life sciences and technologies",5089
"2024/2025","Winnipeg","602","Mathematics, computer and information sciences",5025
"2024/2025","Winnipeg","602","Engineering",6978
"2024/2025","Winnipeg","602","Architecture",5515
"2024/2025","Winnipeg","602","Agriculture, natural resources and conservation",5333
"2024/2025","Winnipeg","602","Dentistry",25125
"2024/2025","Winnipeg","602","Medicine",11415
"2024/2025","Winnipeg","602","Nursing",6591
"2024/2025","Winnipeg","602","Pharmacy",19412
"2024/2025","Winnipeg","602","Other health, parks, recreation and fitness",5064
"2024/2025","Winnipeg","602","Personal, protective and transportation services",4820
"2024/2025","Brandon","610","Total, field of study",4949
"2024/2025","Brandon","610","Education",4807
"2024/2025","Brandon","610","Visual and performing arts, and communications technologies",4865
"2024/2025","Brandon","610","Humanities",4728
"2024/2025","Brandon","610","Social and behavioural sciences, and legal studies",4918
"2024/2025","Brandon","610","Business management and public administration",4728
"2024/2025","Brandon","610","Physical and life sciences and technologies",5109
"2024/2025","Brandon","610","Mathematics, computer and information sciences",5109
"2024/2025","Brandon","610","Agriculture, natural resources and conservation",5109
"2024/2025","Brandon","610","Nursing",5197
"2024/2025","Brandon","610","Other health, parks, recreation and fitness",4807
"2024/2025","Brandon","610","Personal, protective and transportation services",4918
"2024/2025","The Pas","4621045","Total, field of study",4210
"2024/2025","The Pas","4621045","Education",3961
"2024/2025","The Pas","4621045","Humanities",4565
"2024/2025","The Pas","4621045","Social and behavioural sciences, and legal studies",NA
"2024/2025","The Pas","4621045","Business management and public administration",4331
"2024/2025","Saskatchewan","47","Total, field of study",9558
"2024/2025","Saskatchewan","47","Education",7779
"2024/2025","Saskatchewan","47","Visual and performing arts, and communications technologies",8187
"2024/2025","Saskatchewan","47","Humanities",7649
"2024/2025","Saskatchewan","47","Social and behavioural sciences, and legal studies",7688
"2024/2025","Saskatchewan","47","Law",17607
"2024/2025","Saskatchewan","47","Business management and public administration",9031
"2024/2025","Saskatchewan","47","Physical and life sciences and technologies",7965
"2024/2025","Saskatchewan","47","Mathematics, computer and information sciences",8122
"2024/2025","Saskatchewan","47","Engineering",11410
"2024/2025","Saskatchewan","47","Architecture",7501
"2024/2025","Saskatchewan","47","Agriculture, natural resources and conservation",8092
"2024/2025","Saskatchewan","47","Dentistry",53204
"2024/2025","Saskatchewan","47","Medicine",21055
"2024/2025","Saskatchewan","47","Nursing",9098
"2024/2025","Saskatchewan","47","Pharmacy",23218
"2024/2025","Saskatchewan","47","Veterinary medicine",15088
"2024/2025","Saskatchewan","47","Other health, parks, recreation and fitness",8033
"2024/2025","Saskatchewan","47","Personal, protective and transportation services",7823
"2024/2025","Regina","705","Total, field of study",8342
"2024/2025","Regina","705","Education",8048
"2024/2025","Regina","705","Visual and performing arts, and communications technologies",8295
"2024/2025","Regina","705","Humanities",7823
"2024/2025","Regina","705","Social and behavioural sciences, and legal studies",7823
"2024/2025","Regina","705","Business management and public administration",8633
"2024/2025","Regina","705","Physical and life sciences and technologies",8295
"2024/2025","Regina","705","Mathematics, computer and information sciences",8295
"2024/2025","Regina","705","Engineering",8685
"2024/2025","Regina","705","Agriculture, natural resources and conservation",7823
"2024/2025","Regina","705","Nursing",8708
"2024/2025","Regina","705","Other health, parks, recreation and fitness",8295
"2024/2025","Regina","705","Personal, protective and transportation services",7823
"2024/2025","Saskatoon","725","Total, field of study",10316
"2024/2025","Saskatoon","725","Education",7559
"2024/2025","Saskatoon","725","Visual and performing arts, and communications technologies",8015
"2024/2025","Saskatoon","725","Humanities",7501
"2024/2025","Saskatoon","725","Social and behavioural sciences, and legal studies",7501
"2024/2025","Saskatoon","725","Law",17607
"2024/2025","Saskatoon","725","Business management and public administration",9484
"2024/2025","Saskatoon","725","Physical and life sciences and technologies",7890
"2024/2025","Saskatoon","725","Mathematics, computer and information sciences",7986
"2024/2025","Saskatoon","725","Engineering",12052
"2024/2025","Saskatoon","725","Architecture",7501
"2024/2025","Saskatoon","725","Agriculture, natural resources and conservation",8096
"2024/2025","Saskatoon","725","Dentistry",53204
"2024/2025","Saskatoon","725","Medicine",21055
"2024/2025","Saskatoon","725","Nursing",9653
"2024/2025","Saskatoon","725","Pharmacy",23218
"2024/2025","Saskatoon","725","Veterinary medicine",15088
"2024/2025","Saskatoon","725","Other health, parks, recreation and fitness",7889
"2024/2025","Alberta","48","Total, field of study",7909
"2024/2025","Alberta","48","Education",6993
"2024/2025","Alberta","48","Visual and performing arts, and communications technologies",6784
"2024/2025","Alberta","48","Humanities",6932
"2024/2025","Alberta","48","Social and behavioural sciences, and legal studies",7075
"2024/2025","Alberta","48","Law",16152
"2024/2025","Alberta","48","Business management and public administration",7919
"2024/2025","Alberta","48","Physical and life sciences and technologies",7016
"2024/2025","Alberta","48","Mathematics, computer and information sciences",6961
"2024/2025","Alberta","48","Engineering",9619
"2024/2025","Alberta","48","Architecture",7194
"2024/2025","Alberta","48","Agriculture, natural resources and conservation",6881
"2024/2025","Alberta","48","Dentistry",34387
"2024/2025","Alberta","48","Medicine",19022
"2024/2025","Alberta","48","Nursing",7840
"2024/2025","Alberta","48","Pharmacy",17473
"2024/2025","Alberta","48","Veterinary medicine",14322
"2024/2025","Alberta","48","Other health, parks, recreation and fitness",6858
"2024/2025","Alberta","48","Personal, protective and transportation services",7166
"2024/2025","Edmonton","835","Total, field of study",8196
"2024/2025","Edmonton","835","Education",7012
"2024/2025","Edmonton","835","Visual and performing arts, and communications technologies",7257
"2024/2025","Edmonton","835","Humanities",6937
"2024/2025","Edmonton","835","Social and behavioural sciences, and legal studies",7112
"2024/2025","Edmonton","835","Law",16097
"2024/2025","Edmonton","835","Business management and public administration",7881
"2024/2025","Edmonton","835","Physical and life sciences and technologies",7030
"2024/2025","Edmonton","835","Mathematics, computer and information sciences",6952
"2024/2025","Edmonton","835","Engineering",9166
"2024/2025","Edmonton","835","Architecture",7012
"2024/2025","Edmonton","835","Agriculture, natural resources and conservation",7012
"2024/2025","Edmonton","835","Dentistry",34387
"2024/2025","Edmonton","835","Medicine",15877
"2024/2025","Edmonton","835","Nursing",8528
"2024/2025","Edmonton","835","Pharmacy",17473
"2024/2025","Edmonton","835","Other health, parks, recreation and fitness",7012
"2024/2025","Calgary","825","Total, field of study",7979
"2024/2025","Calgary","825","Education",7145
"2024/2025","Calgary","825","Visual and performing arts, and communications technologies",6480
"2024/2025","Calgary","825","Humanities",7002
"2024/2025","Calgary","825","Social and behavioural sciences, and legal studies",7136
"2024/2025","Calgary","825","Law",16234
"2024/2025","Calgary","825","Business management and public administration",8233
"2024/2025","Calgary","825","Physical and life sciences and technologies",7076
"2024/2025","Calgary","825","Mathematics, computer and information sciences",7067
"2024/2025","Calgary","825","Engineering",10167
"2024/2025","Calgary","825","Architecture",7345
"2024/2025","Calgary","825","Agriculture, natural resources and conservation",7036
"2024/2025","Calgary","825","Medicine",23374
"2024/2025","Calgary","825","Nursing",7248
"2024/2025","Calgary","825","Veterinary medicine",14322
"2024/2025","Calgary","825","Other health, parks, recreation and fitness",6955
"2024/2025","Lethbridge","810","Total, field of study",6553
"2024/2025","Lethbridge","810","Education",6557
"2024/2025","Lethbridge","810","Visual and performing arts, and communications technologies",6557
"2024/2025","Lethbridge","810","Humanities",6557
"2024/2025","Lethbridge","810","Social and behavioural sciences, and legal studies",6557
"2024/2025","Lethbridge","810","Business management and public administration",6557
"2024/2025","Lethbridge","810","Physical and life sciences and technologies",6557
"2024/2025","Lethbridge","810","Mathematics, computer and information sciences",6557
"2024/2025","Lethbridge","810","Agriculture, natural resources and conservation",6447
"2024/2025","Lethbridge","810","Nursing",6557
"2024/2025","Lethbridge","810","Other health, parks, recreation and fitness",6557
"2024/2025","Lethbridge","810","Personal, protective and transportation services",7200
"2024/2025","Medicine Hat","805","Total, field of study",5585
"2024/2025","Medicine Hat","805","Visual and performing arts, and communications technologies",5630
"2024/2025","Medicine Hat","805","Other health, parks, recreation and fitness",5553
"2024/2025","Red Deer","830","Total, field of study",6754
"2024/2025","Red Deer","830","Education",6400
"2024/2025","Red Deer","830","Visual and performing arts, and communications technologies",7074
"2024/2025","Red Deer","830","Social and behavioural sciences, and legal studies",6800
"2024/2025","Red Deer","830","Business management and public administration",6100
"2024/2025","Red Deer","830","Physical and life sciences and technologies",7300
"2024/2025","Grande Prairie","850","Total, field of study",4607
"2024/2025","Grande Prairie","850","Education",NA
"2024/2025","Grande Prairie","850","Business management and public administration",4607
"2024/2025","Grande Prairie","850","Mathematics, computer and information sciences",4607
"2024/2025","Athabasca","4813048","Total, field of study",7285
"2024/2025","Athabasca","4813048","Humanities",7025
"2024/2025","Athabasca","4813048","Social and behavioural sciences, and legal studies",7025
"2024/2025","Athabasca","4813048","Business management and public administration",7505
"2024/2025","Athabasca","4813048","Physical and life sciences and technologies",7025
"2024/2025","Athabasca","4813048","Mathematics, computer and information sciences",7025
"2024/2025","Athabasca","4813048","Architecture",7025
"2024/2025","Athabasca","4813048","Nursing",7505
"2024/2025","Athabasca","4813048","Other health, parks, recreation and fitness",7505
"2024/2025","Athabasca","4813048","Personal, protective and transportation services",7025
"2024/2025","Olds","4806034","Total, field of study",6080
"2024/2025","Olds","4806034","Agriculture, natural resources and conservation",6080
"2024/2025","Olds","4806034","Other health, parks, recreation and fitness",5456
"2024/2025","Vermilion","4810042","Total, field of study",6812
"2024/2025","Vermilion","4810042","Agriculture, natural resources and conservation",6585
"2024/2025","Vermilion","4810042","Personal, protective and transportation services",7548
"2024/2025","British Columbia","59","Total, field of study",6724
"2024/2025","British Columbia","59","Education",6001
"2024/2025","British Columbia","59","Visual and performing arts, and communications technologies",6789
"2024/2025","British Columbia","59","Humanities",5990
"2024/2025","British Columbia","59","Social and behavioural sciences, and legal studies",5907
"2024/2025","British Columbia","59","Law",14315
"2024/2025","British Columbia","59","Business management and public administration",6504
"2024/2025","British Columbia","59","Physical and life sciences and technologies",5882
"2024/2025","British Columbia","59","Mathematics, computer and information sciences",5909
"2024/2025","British Columbia","59","Engineering",6574
"2024/2025","British Columbia","59","Architecture",7654
"2024/2025","British Columbia","59","Agriculture, natural resources and conservation",5984
"2024/2025","British Columbia","59","Dentistry",32400
"2024/2025","British Columbia","59","Medicine",20395
"2024/2025","British Columbia","59","Nursing",5415
"2024/2025","British Columbia","59","Pharmacy",19930
"2024/2025","British Columbia","59","Other health, parks, recreation and fitness",5728
"2024/2025","British Columbia","59","Personal, protective and transportation services",6372
"2024/2025","Vancouver","933","Total, field of study",6973
"2024/2025","Vancouver","933","Education",6325
"2024/2025","Vancouver","933","Visual and performing arts, and communications technologies",7029
"2024/2025","Vancouver","933","Humanities",5928
"2024/2025","Vancouver","933","Social and behavioural sciences, and legal studies",5870
"2024/2025","Vancouver","933","Law",13954
"2024/2025","Vancouver","933","Business management and public administration",6643
"2024/2025","Vancouver","933","Physical and life sciences and technologies",5996
"2024/2025","Vancouver","933","Mathematics, computer and information sciences",6049
"2024/2025","Vancouver","933","Engineering",6281
"2024/2025","Vancouver","933","Architecture",7654
"2024/2025","Vancouver","933","Agriculture, natural resources and conservation",6077
"2024/2025","Vancouver","933","Dentistry",32400
"2024/2025","Vancouver","933","Medicine",20395
"2024/2025","Vancouver","933","Nursing",5417
"2024/2025","Vancouver","933","Pharmacy",19930
"2024/2025","Vancouver","933","Other health, parks, recreation and fitness",5910
"2024/2025","Vancouver","933","Personal, protective and transportation services",6636
"2024/2025","Victoria","935","Total, field of study",6827
"2024/2025","Victoria","935","Education",6289
"2024/2025","Victoria","935","Visual and performing arts, and communications technologies",6289
"2024/2025","Victoria","935","Humanities",6289
"2024/2025","Victoria","935","Social and behavioural sciences, and legal studies",6340
"2024/2025","Victoria","935","Law",11006
"2024/2025","Victoria","935","Business management and public administration",7438
"2024/2025","Victoria","935","Physical and life sciences and technologies",6289
"2024/2025","Victoria","935","Mathematics, computer and information sciences",6289
"2024/2025","Victoria","935","Engineering",7404
"2024/2025","Victoria","935","Agriculture, natural resources and conservation",6727
"2024/2025","Victoria","935","Nursing",6289
"2024/2025","Victoria","935","Other health, parks, recreation and fitness",5456
"2024/2025","Victoria","935","Personal, protective and transportation services",8965
"2024/2025","Prince George","970","Total, field of study",5989
"2024/2025","Prince George","970","Education",5989
"2024/2025","Prince George","970","Humanities",5989
"2024/2025","Prince George","970","Social and behavioural sciences, and legal studies",5989
"2024/2025","Prince George","970","Business management and public administration",5989
"2024/2025","Prince George","970","Physical and life sciences and technologies",5989
"2024/2025","Prince George","970","Mathematics, computer and information sciences",5989
"2024/2025","Prince George","970","Engineering",5989
"2024/2025","Prince George","970","Agriculture, natural resources and conservation",5989
"2024/2025","Prince George","970","Nursing",5989
"2024/2025","Prince George","970","Other health, parks, recreation and fitness",5989
"2024/2025","Courtenay","943","Total, field of study",3334
"2024/2025","Courtenay","943","Business management and public administration",3334
"2024/2025","Cranbrook","905","Total, field of study",5839
"2024/2025","Cranbrook","905","Business management and public administration",5839
"2024/2025","Kamloops","925","Total, field of study",5874
"2024/2025","Kamloops","925","Education",6507
"2024/2025","Kamloops","925","Visual and performing arts, and communications technologies",4761
"2024/2025","Kamloops","925","Humanities",4761
"2024/2025","Kamloops","925","Social and behavioural sciences, and legal studies",4761
"2024/2025","Kamloops","925","Law",21731
"2024/2025","Kamloops","925","Business management and public administration",4761
"2024/2025","Kamloops","925","Physical and life sciences and technologies",4761
"2024/2025","Kamloops","925","Mathematics, computer and information sciences",4761
"2024/2025","Kamloops","925","Engineering",7029
"2024/2025","Kamloops","925","Agriculture, natural resources and conservation",4761
"2024/2025","Kamloops","925","Nursing",5396
"2024/2025","Kamloops","925","Other health, parks, recreation and fitness",4761
"2024/2025","Kelowna","915","Total, field of study",4539
"2024/2025","Kelowna","915","Social and behavioural sciences, and legal studies",4196
"2024/2025","Kelowna","915","Business management and public administration",4532
"2024/2025","Kelowna","915","Mathematics, computer and information sciences",4595
"2024/2025","Nanaimo","938","Total, field of study",5770
"2024/2025","Nanaimo","938","Education",4992
"2024/2025","Nanaimo","938","Visual and performing arts, and communications technologies",4992
"2024/2025","Nanaimo","938","Humanities",4992
"2024/2025","Nanaimo","938","Social and behavioural sciences, and legal studies",4992
"2024/2025","Nanaimo","938","Business management and public administration",9288
"2024/2025","Nanaimo","938","Physical and life sciences and technologies",4992
"2024/2025","Nanaimo","938","Mathematics, computer and information sciences",4992
"2024/2025","Nanaimo","938","Agriculture, natural resources and conservation",4992
"2024/2025","Nanaimo","938","Nursing",4992
"2024/2025","Nanaimo","938","Other health, parks, recreation and fitness",4992
"2024/2025","Abbotsford-Mission","932","Total, field of study",5033
"2024/2025","Abbotsford-Mission","932","Education",5467
"2024/2025","Abbotsford-Mission","932","Visual and performing arts, and communications technologies",6736
"2024/2025","Abbotsford-Mission","932","Humanities",4900
"2024/2025","Abbotsford-Mission","932","Social and behavioural sciences, and legal studies",4900
"2024/2025","Abbotsford-Mission","932","Business management and public administration",4900
"2024/2025","Abbotsford-Mission","932","Physical and life sciences and technologies",4900
"2024/2025","Abbotsford-Mission","932","Mathematics, computer and information sciences",4900
"2024/2025","Abbotsford-Mission","932","Agriculture, natural resources and conservation",6673
"2024/2025","Abbotsford-Mission","932","Nursing",4900
"2024/2025","Abbotsford-Mission","932","Other health, parks, recreation and fitness",4900
"2024/2025","Abbotsford-Mission","932","Personal, protective and transportation services",4900
"2024/2025","Central Kootenay J","5903058","Total, field of study",4749
"2024/2025","Central Kootenay J","5903058","Social and behavioural sciences, and legal studies",4749
"2024/2025","Yukon","60","Total, field of study",4350
"2024/2025","Yukon","60","Education",NA
"2024/2025","Yukon","60","Business management and public administration",4350
"2024/2025","Yukon","60","Physical and life sciences and technologies",NA
"2024/2025","Whitehorse","990","Total, field of study",4350
"2024/2025","Whitehorse","990","Education",NA
"2024/2025","Whitehorse","990","Business management and public administration",4350
"2024/2025","Whitehorse","990","Physical and life sciences and technologies",NA
"2025/2026","Canada","1","Total, field of study",7734
"2025/2026","Canada","1","Education",5712
"2025/2026","Canada","1","Visual and performing arts, and communications technologies",6649
"2025/2026","Canada","1","Humanities",6363
"2025/2026","Canada","1","Social and behavioural sciences, and legal studies",6406
"2025/2026","Canada","1","Law",15196
"2025/2026","Canada","1","Business management and public administration",8618
"2025/2026","Canada","1","Physical and life sciences and technologies",6560
"2025/2026","Canada","1","Mathematics, computer and information sciences",7878
"2025/2026","Canada","1","Engineering",9636
"2025/2026","Canada","1","Architecture",7439
"2025/2026","Canada","1","Agriculture, natural resources and conservation",6879
"2025/2026","Canada","1","Dentistry",27491
"2025/2026","Canada","1","Medicine",16515
"2025/2026","Canada","1","Nursing",6587
"2025/2026","Canada","1","Pharmacy",13934
"2025/2026","Canada","1","Veterinary medicine",10747
"2025/2026","Canada","1","Optometry",11434
"2025/2026","Canada","1","Other health, parks, recreation and fitness",6807
"2025/2026","Canada","1","Personal, protective and transportation services",6664
"2025/2026","Newfoundland and Labrador","10","Total, field of study",3746
"2025/2026","Newfoundland and Labrador","10","Education",3457
"2025/2026","Newfoundland and Labrador","10","Visual and performing arts, and communications technologies",3613
"2025/2026","Newfoundland and Labrador","10","Humanities",3358
"2025/2026","Newfoundland and Labrador","10","Social and behavioural sciences, and legal studies",3375
"2025/2026","Newfoundland and Labrador","10","Business management and public administration",3247
"2025/2026","Newfoundland and Labrador","10","Physical and life sciences and technologies",3376
"2025/2026","Newfoundland and Labrador","10","Mathematics, computer and information sciences",3347
"2025/2026","Newfoundland and Labrador","10","Engineering",3407
"2025/2026","Newfoundland and Labrador","10","Agriculture, natural resources and conservation",3866
"2025/2026","Newfoundland and Labrador","10","Medicine",14250
"2025/2026","Newfoundland and Labrador","10","Nursing",3122
"2025/2026","Newfoundland and Labrador","10","Other health, parks, recreation and fitness",3196
"2025/2026","Newfoundland and Labrador","10","Personal, protective and transportation services",3314
"2025/2026","St. John's","001","Total, field of study",3746
"2025/2026","St. John's","001","Education",3457
"2025/2026","St. John's","001","Visual and performing arts, and communications technologies",3613
"2025/2026","St. John's","001","Humanities",3358
"2025/2026","St. John's","001","Social and behavioural sciences, and legal studies",3375
"2025/2026","St. John's","001","Business management and public administration",3247
"2025/2026","St. John's","001","Physical and life sciences and technologies",3376
"2025/2026","St. John's","001","Mathematics, computer and information sciences",3347
"2025/2026","St. John's","001","Engineering",3407
"2025/2026","St. John's","001","Agriculture, natural resources and conservation",3866
"2025/2026","St. John's","001","Medicine",14250
"2025/2026","St. John's","001","Nursing",3122
"2025/2026","St. John's","001","Other health, parks, recreation and fitness",3196
"2025/2026","St. John's","001","Personal, protective and transportation services",3314
"2025/2026","Prince Edward Island","11","Total, field of study",8191
"2025/2026","Prince Edward Island","11","Education",10178
"2025/2026","Prince Edward Island","11","Visual and performing arts, and communications technologies",7630
"2025/2026","Prince Edward Island","11","Humanities",7630
"2025/2026","Prince Edward Island","11","Social and behavioural sciences, and legal studies",7630
"2025/2026","Prince Edward Island","11","Business management and public administration",7630
"2025/2026","Prince Edward Island","11","Physical and life sciences and technologies",7630
"2025/2026","Prince Edward Island","11","Mathematics, computer and information sciences",7630
"2025/2026","Prince Edward Island","11","Engineering",7630
"2025/2026","Prince Edward Island","11","Agriculture, natural resources and conservation",7630
"2025/2026","Prince Edward Island","11","Nursing",7630
"2025/2026","Prince Edward Island","11","Veterinary medicine",16602
"2025/2026","Prince Edward Island","11","Other health, parks, recreation and fitness",7630
"2025/2026","Charlottetown","105","Total, field of study",8191
"2025/2026","Charlottetown","105","Education",10178
"2025/2026","Charlottetown","105","Visual and performing arts, and communications technologies",7630
"2025/2026","Charlottetown","105","Humanities",7630
"2025/2026","Charlottetown","105","Social and behavioural sciences, and legal studies",7630
"2025/2026","Charlottetown","105","Business management and public administration",7630
"2025/2026","Charlottetown","105","Physical and life sciences and technologies",7630
"2025/2026","Charlottetown","105","Mathematics, computer and information sciences",7630
"2025/2026","Charlottetown","105","Engineering",7630
"2025/2026","Charlottetown","105","Agriculture, natural resources and conservation",7630
"2025/2026","Charlottetown","105","Nursing",7630
"2025/2026","Charlottetown","105","Veterinary medicine",16602
"2025/2026","Charlottetown","105","Other health, parks, recreation and fitness",7630
"2025/2026","Nova Scotia","12","Total, field of study",9988
"2025/2026","Nova Scotia","12","Education",8991
"2025/2026","Nova Scotia","12","Visual and performing arts, and communications technologies",9235
"2025/2026","Nova Scotia","12","Humanities",8605
"2025/2026","Nova Scotia","12","Social and behavioural sciences, and legal studies",8632
"2025/2026","Nova Scotia","12","Law",18327
"2025/2026","Nova Scotia","12","Business management and public administration",9510
"2025/2026","Nova Scotia","12","Physical and life sciences and technologies",9341
"2025/2026","Nova Scotia","12","Mathematics, computer and information sciences",9272
"2025/2026","Nova Scotia","12","Engineering",10198
"2025/2026","Nova Scotia","12","Architecture",8932
"2025/2026","Nova Scotia","12","Agriculture, natural resources and conservation",9171
"2025/2026","Nova Scotia","12","Dentistry",29945
"2025/2026","Nova Scotia","12","Medicine",24282
"2025/2026","Nova Scotia","12","Nursing",9768
"2025/2026","Nova Scotia","12","Pharmacy",14907
"2025/2026","Nova Scotia","12","Other health, parks, recreation and fitness",9652
"2025/2026","Nova Scotia","12","Personal, protective and transportation services",8462
"2025/2026","Cape Breton","225","Total, field of study",8655
"2025/2026","Cape Breton","225","Education",9747
"2025/2026","Cape Breton","225","Visual and performing arts, and communications technologies",8566
"2025/2026","Cape Breton","225","Humanities",8053
"2025/2026","Cape Breton","225","Social and behavioural sciences, and legal studies",8046
"2025/2026","Cape Breton","225","Business management and public administration",8271
"2025/2026","Cape Breton","225","Physical and life sciences and technologies",8000
"2025/2026","Cape Breton","225","Mathematics, computer and information sciences",7942
"2025/2026","Cape Breton","225","Engineering",8283
"2025/2026","Cape Breton","225","Architecture",NA
"2025/2026","Cape Breton","225","Agriculture, natural resources and conservation",8062
"2025/2026","Cape Breton","225","Nursing",9759
"2025/2026","Cape Breton","225","Other health, parks, recreation and fitness",8387
"2025/2026","Cape Breton","225","Personal, protective and transportation services",8462
"2025/2026","Halifax","205","Total, field of study",10287
"2025/2026","Halifax","205","Education",8416
"2025/2026","Halifax","205","Visual and performing arts, and communications technologies",9197
"2025/2026","Halifax","205","Humanities",8324
"2025/2026","Halifax","205","Social and behavioural sciences, and legal studies",8263
"2025/2026","Halifax","205","Law",18327
"2025/2026","Halifax","205","Business management and public administration",9556
"2025/2026","Halifax","205","Physical and life sciences and technologies",9393
"2025/2026","Halifax","205","Mathematics, computer and information sciences",9260
"2025/2026","Halifax","205","Engineering",10308
"2025/2026","Halifax","205","Architecture",8932
"2025/2026","Halifax","205","Agriculture, natural resources and conservation",8970
"2025/2026","Halifax","205","Dentistry",29945
"2025/2026","Halifax","205","Medicine",24282
"2025/2026","Halifax","205","Nursing",9874
"2025/2026","Halifax","205","Pharmacy",14907
"2025/2026","Halifax","205","Other health, parks, recreation and fitness",9816
"2025/2026","Halifax","205","Personal, protective and transportation services",NA
"2025/2026","Wolfville","1207024","Total, field of study",9505
"2025/2026","Wolfville","1207024","Education",9644
"2025/2026","Wolfville","1207024","Visual and performing arts, and communications technologies",9463
"2025/2026","Wolfville","1207024","Humanities",9460
"2025/2026","Wolfville","1207024","Social and behavioural sciences, and legal studies",9447
"2025/2026","Wolfville","1207024","Business management and public administration",9446
"2025/2026","Wolfville","1207024","Physical and life sciences and technologies",9513
"2025/2026","Wolfville","1207024","Mathematics, computer and information sciences",9416
"2025/2026","Wolfville","1207024","Agriculture, natural resources and conservation",9736
"2025/2026","Wolfville","1207024","Other health, parks, recreation and fitness",9603
"2025/2026","Clare","1203001","Total, field of study",8515
"2025/2026","Clare","1203001","Education",8368
"2025/2026","Clare","1203001","Humanities",7848
"2025/2026","Clare","1203001","Business management and public administration",8109
"2025/2026","Clare","1203001","Physical and life sciences and technologies",9457
"2025/2026","Antigonish","1214002","Total, field of study",9607
"2025/2026","Antigonish","1214002","Education",9207
"2025/2026","Antigonish","1214002","Visual and performing arts, and communications technologies",9332
"2025/2026","Antigonish","1214002","Humanities",9434
"2025/2026","Antigonish","1214002","Social and behavioural sciences, and legal studies",9587
"2025/2026","Antigonish","1214002","Business management and public administration",9774
"2025/2026","Antigonish","1214002","Physical and life sciences and technologies",9418
"2025/2026","Antigonish","1214002","Mathematics, computer and information sciences",9183
"2025/2026","Antigonish","1214002","Agriculture, natural resources and conservation",10029
"2025/2026","Antigonish","1214002","Nursing",9665
"2025/2026","Antigonish","1214002","Other health, parks, recreation and fitness",9611
"2025/2026","New Brunswick","13","Total, field of study",9938
"2025/2026","New Brunswick","13","Education",8762
"2025/2026","New Brunswick","13","Visual and performing arts, and communications technologies",9850
"2025/2026","New Brunswick","13","Humanities",9508
"2025/2026","New Brunswick","13","Social and behavioural sciences, and legal studies",9326
"2025/2026","New Brunswick","13","Law",15000
"2025/2026","New Brunswick","13","Business management and public administration",9846
"2025/2026","New Brunswick","13","Physical and life sciences and technologies",9447
"2025/2026","New Brunswick","13","Mathematics, computer and information sciences",10063
"2025/2026","New Brunswick","13","Engineering",11561
"2025/2026","New Brunswick","13","Agriculture, natural resources and conservation",9501
"2025/2026","New Brunswick","13","Nursing",10026
"2025/2026","New Brunswick","13","Pharmacy",NA
"2025/2026","New Brunswick","13","Other health, parks, recreation and fitness",9360
"2025/2026","New Brunswick","13","Personal, protective and transportation services",10800
"2025/2026","Moncton","305","Total, field of study",8418
"2025/2026","Moncton","305","Education",8270
"2025/2026","Moncton","305","Visual and performing arts, and communications technologies",8270
"2025/2026","Moncton","305","Humanities",8270
"2025/2026","Moncton","305","Social and behavioural sciences, and legal studies",8270
"2025/2026","Moncton","305","Law",9270
"2025/2026","Moncton","305","Business management and public administration",8270
"2025/2026","Moncton","305","Physical and life sciences and technologies",8270
"2025/2026","Moncton","305","Mathematics, computer and information sciences",8270
"2025/2026","Moncton","305","Engineering",8270
"2025/2026","Moncton","305","Agriculture, natural resources and conservation",8270
"2025/2026","Moncton","305","Nursing",9020
"2025/2026","Moncton","305","Other health, parks, recreation and fitness",8270
"2025/2026","Fredericton","320","Total, field of study",10446
"2025/2026","Fredericton","320","Education",9570
"2025/2026","Fredericton","320","Visual and performing arts, and communications technologies",8908
"2025/2026","Fredericton","320","Humanities",8890
"2025/2026","Fredericton","320","Social and behavioural sciences, and legal studies",8889
"2025/2026","Fredericton","320","Law",17799
"2025/2026","Fredericton","320","Business management and public administration",10632
"2025/2026","Fredericton","320","Physical and life sciences and technologies",8908
"2025/2026","Fredericton","320","Mathematics, computer and information sciences",10088
"2025/2026","Fredericton","320","Engineering",12399
"2025/2026","Fredericton","320","Agriculture, natural resources and conservation",9327
"2025/2026","Fredericton","320","Nursing",10633
"2025/2026","Fredericton","320","Pharmacy",NA
"2025/2026","Fredericton","320","Other health, parks, recreation and fitness",9919
"2025/2026","Sackville","1307009","Total, field of study",10800
"2025/2026","Sackville","1307009","Visual and performing arts, and communications technologies",10800
"2025/2026","Sackville","1307009","Humanities",10800
"2025/2026","Sackville","1307009","Social and behavioural sciences, and legal studies",10800
"2025/2026","Sackville","1307009","Business management and public administration",10800
"2025/2026","Sackville","1307009","Physical and life sciences and technologies",10800
"2025/2026","Sackville","1307009","Mathematics, computer and information sciences",10800
"2025/2026","Sackville","1307009","Agriculture, natural resources and conservation",10800
"2025/2026","Sackville","1307009","Personal, protective and transportation services",10800
"2025/2026","Quebec","24","Total, field of study",3963
"2025/2026","Quebec","24","Education",3261
"2025/2026","Quebec","24","Visual and performing arts, and communications technologies",4566
"2025/2026","Quebec","24","Humanities",4684
"2025/2026","Quebec","24","Social and behavioural sciences, and legal studies",4178
"2025/2026","Quebec","24","Law",4161
"2025/2026","Quebec","24","Business management and public administration",3848
"2025/2026","Quebec","24","Physical and life sciences and technologies",4225
"2025/2026","Quebec","24","Mathematics, computer and information sciences",4501
"2025/2026","Quebec","24","Engineering",4019
"2025/2026","Quebec","24","Architecture",3557
"2025/2026","Quebec","24","Agriculture, natural resources and conservation",3988
"2025/2026","Quebec","24","Dentistry",5575
"2025/2026","Quebec","24","Medicine",4538
"2025/2026","Quebec","24","Nursing",3181
"2025/2026","Quebec","24","Pharmacy",3206
"2025/2026","Quebec","24","Veterinary medicine",3151
"2025/2026","Quebec","24","Optometry",3663
"2025/2026","Quebec","24","Other health, parks, recreation and fitness",3886
"2025/2026","Quebec","24","Personal, protective and transportation services",3067
"2025/2026","Montreal","462","Total, field of study",4425
"2025/2026","Montreal","462","Education",3398
"2025/2026","Montreal","462","Visual and performing arts, and communications technologies",5200
"2025/2026","Montreal","462","Humanities",5378
"2025/2026","Montreal","462","Social and behavioural sciences, and legal studies",4567
"2025/2026","Montreal","462","Law",5024
"2025/2026","Montreal","462","Business management and public administration",4199
"2025/2026","Montreal","462","Physical and life sciences and technologies",4659
"2025/2026","Montreal","462","Mathematics, computer and information sciences",5099
"2025/2026","Montreal","462","Engineering",4335
"2025/2026","Montreal","462","Architecture",3666
"2025/2026","Montreal","462","Agriculture, natural resources and conservation",6421
"2025/2026","Montreal","462","Dentistry",6435
"2025/2026","Montreal","462","Medicine",5497
"2025/2026","Montreal","462","Nursing",3454
"2025/2026","Montreal","462","Pharmacy",3194
"2025/2026","Montreal","462","Veterinary medicine",3151
"2025/2026","Montreal","462","Optometry",3663
"2025/2026","Montreal","462","Other health, parks, recreation and fitness",4409
"2025/2026","Montreal","462","Personal, protective and transportation services",3085
"2025/2026","Sherbrooke","433","Total, field of study",3489
"2025/2026","Sherbrooke","433","Education",3401
"2025/2026","Sherbrooke","433","Visual and performing arts, and communications technologies",4397
"2025/2026","Sherbrooke","433","Humanities",3724
"2025/2026","Sherbrooke","433","Social and behavioural sciences, and legal studies",4185
"2025/2026","Sherbrooke","433","Law",3066
"2025/2026","Sherbrooke","433","Business management and public administration",3553
"2025/2026","Sherbrooke","433","Physical and life sciences and technologies",3679
"2025/2026","Sherbrooke","433","Mathematics, computer and information sciences",3229
"2025/2026","Sherbrooke","433","Engineering",3065
"2025/2026","Sherbrooke","433","Agriculture, natural resources and conservation",3172
"2025/2026","Sherbrooke","433","Medicine",3966
"2025/2026","Sherbrooke","433","Nursing",3067
"2025/2026","Sherbrooke","433","Pharmacy",NA
"2025/2026","Sherbrooke","433","Other health, parks, recreation and fitness",3038
"2025/2026","Saguenay","408","Total, field of study",3043
"2025/2026","Saguenay","408","Education",3036
"2025/2026","Saguenay","408","Visual and performing arts, and communications technologies",3081
"2025/2026","Saguenay","408","Humanities",3115
"2025/2026","Saguenay","408","Social and behavioural sciences, and legal studies",3027
"2025/2026","Saguenay","408","Business management and public administration",3027
"2025/2026","Saguenay","408","Physical and life sciences and technologies",3027
"2025/2026","Saguenay","408","Mathematics, computer and information sciences",3241
"2025/2026","Saguenay","408","Engineering",3027
"2025/2026","Saguenay","408","Agriculture, natural resources and conservation",3027
"2025/2026","Saguenay","408","Nursing",3027
"2025/2026","Saguenay","408","Pharmacy",NA
"2025/2026","Saguenay","408","Other health, parks, recreation and fitness",3027
"2025/2026","Rouyn-Noranda","485","Total, field of study",3053
"2025/2026","Rouyn-Noranda","485","Education",3083
"2025/2026","Rouyn-Noranda","485","Visual and performing arts, and communications technologies",3027
"2025/2026","Rouyn-Noranda","485","Social and behavioural sciences, and legal studies",3027
"2025/2026","Rouyn-Noranda","485","Business management and public administration",3068
"2025/2026","Rouyn-Noranda","485","Engineering",3027
"2025/2026","Rouyn-Noranda","485","Nursing",3027
"2025/2026","Trois-Rivières","442","Total, field of study",3060
"2025/2026","Trois-Rivières","442","Education",3042
"2025/2026","Trois-Rivières","442","Visual and performing arts, and communications technologies",3027
"2025/2026","Trois-Rivières","442","Humanities",3253
"2025/2026","Trois-Rivières","442","Social and behavioural sciences, and legal studies",3042
"2025/2026","Trois-Rivières","442","Business management and public administration",3055
"2025/2026","Trois-Rivières","442","Physical and life sciences and technologies",3027
"2025/2026","Trois-Rivières","442","Mathematics, computer and information sciences",3186
"2025/2026","Trois-Rivières","442","Engineering",3092
"2025/2026","Trois-Rivières","442","Nursing",3035
"2025/2026","Trois-Rivières","442","Other health, parks, recreation and fitness",3095
"2025/2026","Trois-Rivières","442","Personal, protective and transportation services",3027
"2025/2026","Ottawa-Gatineau, Quebec part, Ontario/Quebec",NA,"Total, field of study",3261
"2025/2026","Ottawa-Gatineau, Quebec part, Ontario/Quebec",NA,"Education",3151
"2025/2026","Ottawa-Gatineau, Quebec part, Ontario/Quebec",NA,"Visual and performing arts, and communications technologies",3455
"2025/2026","Ottawa-Gatineau, Quebec part, Ontario/Quebec",NA,"Humanities",3158
"2025/2026","Ottawa-Gatineau, Quebec part, Ontario/Quebec",NA,"Social and behavioural sciences, and legal studies",3127
"2025/2026","Ottawa-Gatineau, Quebec part, Ontario/Quebec",NA,"Law",3740
"2025/2026","Ottawa-Gatineau, Quebec part, Ontario/Quebec",NA,"Business management and public administration",3387
"2025/2026","Ottawa-Gatineau, Quebec part, Ontario/Quebec",NA,"Physical and life sciences and technologies",3319
"2025/2026","Ottawa-Gatineau, Quebec part, Ontario/Quebec",NA,"Mathematics, computer and information sciences",3418
"2025/2026","Ottawa-Gatineau, Quebec part, Ontario/Quebec",NA,"Engineering",3902
"2025/2026","Ottawa-Gatineau, Quebec part, Ontario/Quebec",NA,"Nursing",3115
"2025/2026","Ottawa-Gatineau, Quebec part, Ontario/Quebec",NA,"Other health, parks, recreation and fitness",3669
"2025/2026","Québec","421","Total, field of study",3110
"2025/2026","Québec","421","Education",3070
"2025/2026","Québec","421","Visual and performing arts, and communications technologies",3108
"2025/2026","Québec","421","Humanities",3100
"2025/2026","Québec","421","Social and behavioural sciences, and legal studies",3066
"2025/2026","Québec","421","Law",3058
"2025/2026","Québec","421","Business management and public administration",3094
"2025/2026","Québec","421","Physical and life sciences and technologies",3132
"2025/2026","Québec","421","Mathematics, computer and information sciences",3083
"2025/2026","Québec","421","Engineering",3153
"2025/2026","Québec","421","Architecture",3153
"2025/2026","Québec","421","Agriculture, natural resources and conservation",3148
"2025/2026","Québec","421","Dentistry",3185
"2025/2026","Québec","421","Medicine",3152
"2025/2026","Québec","421","Nursing",3072
"2025/2026","Québec","421","Pharmacy",3222
"2025/2026","Québec","421","Other health, parks, recreation and fitness",3198
"2025/2026","Rimouski","404","Total, field of study",3045
"2025/2026","Rimouski","404","Education",3050
"2025/2026","Rimouski","404","Humanities",3027
"2025/2026","Rimouski","404","Social and behavioural sciences, and legal studies",3027
"2025/2026","Rimouski","404","Business management and public administration",3037
"2025/2026","Rimouski","404","Physical and life sciences and technologies",3027
"2025/2026","Rimouski","404","Mathematics, computer and information sciences",3027
"2025/2026","Rimouski","404","Engineering",3104
"2025/2026","Rimouski","404","Nursing",3054
"2025/2026","Rimouski","404","Other health, parks, recreation and fitness",NA
"2025/2026","Ontario","35","Total, field of study",8958
"2025/2026","Ontario","35","Education",6833
"2025/2026","Ontario","35","Visual and performing arts, and communications technologies",7093
"2025/2026","Ontario","35","Humanities",6628
"2025/2026","Ontario","35","Social and behavioural sciences, and legal studies",6707
"2025/2026","Ontario","35","Law",22250
"2025/2026","Ontario","35","Business management and public administration",11182
"2025/2026","Ontario","35","Physical and life sciences and technologies",6716
"2025/2026","Ontario","35","Mathematics, computer and information sciences",8856
"2025/2026","Ontario","35","Engineering",12893
"2025/2026","Ontario","35","Architecture",8928
"2025/2026","Ontario","35","Agriculture, natural resources and conservation",7260
"2025/2026","Ontario","35","Dentistry",40048
"2025/2026","Ontario","35","Medicine",26076
"2025/2026","Ontario","35","Nursing",6768
"2025/2026","Ontario","35","Pharmacy",17947
"2025/2026","Ontario","35","Veterinary medicine",11484
"2025/2026","Ontario","35","Optometry",15952
"2025/2026","Ontario","35","Other health, parks, recreation and fitness",7251
"2025/2026","Ontario","35","Personal, protective and transportation services",6871
"2025/2026","St. Catharines-Niagara","539","Total, field of study",6987
"2025/2026","St. Catharines-Niagara","539","Education",6827
"2025/2026","St. Catharines-Niagara","539","Visual and performing arts, and communications technologies",6569
"2025/2026","St. Catharines-Niagara","539","Humanities",6569
"2025/2026","St. Catharines-Niagara","539","Social and behavioural sciences, and legal studies",6569
"2025/2026","St. Catharines-Niagara","539","Business management and public administration",8132
"2025/2026","St. Catharines-Niagara","539","Physical and life sciences and technologies",6569
"2025/2026","St. Catharines-Niagara","539","Mathematics, computer and information sciences",7865
"2025/2026","St. Catharines-Niagara","539","Agriculture, natural resources and conservation",6569
"2025/2026","St. Catharines-Niagara","539","Nursing",6799
"2025/2026","St. Catharines-Niagara","539","Other health, parks, recreation and fitness",6569
"2025/2026","Ottawa-Gatineau, Ontario part, Ontario/Quebec",NA,"Total, field of study",8558
"2025/2026","Ottawa-Gatineau, Ontario part, Ontario/Quebec",NA,"Education",6568
"2025/2026","Ottawa-Gatineau, Ontario part, Ontario/Quebec",NA,"Visual and performing arts, and communications technologies",8005
"2025/2026","Ottawa-Gatineau, Ontario part, Ontario/Quebec",NA,"Humanities",6687
"2025/2026","Ottawa-Gatineau, Ontario part, Ontario/Quebec",NA,"Social and behavioural sciences, and legal studies",7078
"2025/2026","Ottawa-Gatineau, Ontario part, Ontario/Quebec",NA,"Law",15815
"2025/2026","Ottawa-Gatineau, Ontario part, Ontario/Quebec",NA,"Business management and public administration",9073
"2025/2026","Ottawa-Gatineau, Ontario part, Ontario/Quebec",NA,"Physical and life sciences and technologies",6641
"2025/2026","Ottawa-Gatineau, Ontario part, Ontario/Quebec",NA,"Mathematics, computer and information sciences",8333
"2025/2026","Ottawa-Gatineau, Ontario part, Ontario/Quebec",NA,"Engineering",11515
"2025/2026","Ottawa-Gatineau, Ontario part, Ontario/Quebec",NA,"Architecture",10257
"2025/2026","Ottawa-Gatineau, Ontario part, Ontario/Quebec",NA,"Agriculture, natural resources and conservation",6662
"2025/2026","Ottawa-Gatineau, Ontario part, Ontario/Quebec",NA,"Medicine",27496
"2025/2026","Ottawa-Gatineau, Ontario part, Ontario/Quebec",NA,"Nursing",6566
"2025/2026","Ottawa-Gatineau, Ontario part, Ontario/Quebec",NA,"Pharmacy",18789
"2025/2026","Ottawa-Gatineau, Ontario part, Ontario/Quebec",NA,"Other health, parks, recreation and fitness",6578
"2025/2026","Ottawa-Gatineau, Ontario part, Ontario/Quebec",NA,"Personal, protective and transportation services",6682
"2025/2026","Guelph","550","Total, field of study",8260
"2025/2026","Guelph","550","Education",NA
"2025/2026","Guelph","550","Visual and performing arts, and communications technologies",6748
"2025/2026","Guelph","550","Humanities",6748
"2025/2026","Guelph","550","Social and behavioural sciences, and legal studies",6748
"2025/2026","Guelph","550","Business management and public administration",10601
"2025/2026","Guelph","550","Physical and life sciences and technologies",6748
"2025/2026","Guelph","550","Mathematics, computer and information sciences",8218
"2025/2026","Guelph","550","Engineering",12493
"2025/2026","Guelph","550","Architecture",10240
"2025/2026","Guelph","550","Agriculture, natural resources and conservation",8467
"2025/2026","Guelph","550","Pharmacy",6748
"2025/2026","Guelph","550","Veterinary medicine",11484
"2025/2026","Guelph","550","Other health, parks, recreation and fitness",6748
"2025/2026","Guelph","550","Personal, protective and transportation services",6748
"2025/2026","Thunder Bay","595","Total, field of study",6938
"2025/2026","Thunder Bay","595","Education",6260
"2025/2026","Thunder Bay","595","Visual and performing arts, and communications technologies",5998
"2025/2026","Thunder Bay","595","Humanities",5998
"2025/2026","Thunder Bay","595","Social and behavioural sciences, and legal studies",5998
"2025/2026","Thunder Bay","595","Law",18293
"2025/2026","Thunder Bay","595","Business management and public administration",7154
"2025/2026","Thunder Bay","595","Physical and life sciences and technologies",5998
"2025/2026","Thunder Bay","595","Mathematics, computer and information sciences",5998
"2025/2026","Thunder Bay","595","Engineering",8231
"2025/2026","Thunder Bay","595","Agriculture, natural resources and conservation",5998
"2025/2026","Thunder Bay","595","Nursing",5982
"2025/2026","Thunder Bay","595","Other health, parks, recreation and fitness",5998
"2025/2026","Greater Sudbury","580","Total, field of study",7927
"2025/2026","Greater Sudbury","580","Education",6345
"2025/2026","Greater Sudbury","580","Humanities",6088
"2025/2026","Greater Sudbury","580","Social and behavioural sciences, and legal studies",6331
"2025/2026","Greater Sudbury","580","Business management and public administration",7707
"2025/2026","Greater Sudbury","580","Physical and life sciences and technologies",6310
"2025/2026","Greater Sudbury","580","Mathematics, computer and information sciences",8011
"2025/2026","Greater Sudbury","580","Engineering",9337
"2025/2026","Greater Sudbury","580","Architecture",10266
"2025/2026","Greater Sudbury","580","Medicine",23247
"2025/2026","Greater Sudbury","580","Nursing",6345
"2025/2026","Greater Sudbury","580","Pharmacy",6345
"2025/2026","Greater Sudbury","580","Other health, parks, recreation and fitness",6313
"2025/2026","Greater Sudbury","580","Personal, protective and transportation services",6345
"2025/2026","Hamilton","537","Total, field of study",9604
"2025/2026","Hamilton","537","Visual and performing arts, and communications technologies",6760
"2025/2026","Hamilton","537","Humanities",6760
"2025/2026","Hamilton","537","Social and behavioural sciences, and legal studies",6760
"2025/2026","Hamilton","537","Business management and public administration",10936
"2025/2026","Hamilton","537","Physical and life sciences and technologies",6760
"2025/2026","Hamilton","537","Mathematics, computer and information sciences",6760
"2025/2026","Hamilton","537","Engineering",11740
"2025/2026","Hamilton","537","Agriculture, natural resources and conservation",6760
"2025/2026","Hamilton","537","Medicine",28296
"2025/2026","Hamilton","537","Nursing",7851
"2025/2026","Hamilton","537","Other health, parks, recreation and fitness",10481
"2025/2026","Sarnia","562","Total, field of study",5972
"2025/2026","Sarnia","562","Nursing",5972
"2025/2026","North Bay","575","Total, field of study",6985
"2025/2026","North Bay","575","Education",7335
"2025/2026","North Bay","575","Visual and performing arts, and communications technologies",6404
"2025/2026","North Bay","575","Humanities",6406
"2025/2026","North Bay","575","Social and behavioural sciences, and legal studies",6406
"2025/2026","North Bay","575","Business management and public administration",8127
"2025/2026","North Bay","575","Physical and life sciences and technologies",6404
"2025/2026","North Bay","575","Mathematics, computer and information sciences",7249
"2025/2026","North Bay","575","Agriculture, natural resources and conservation",6406
"2025/2026","North Bay","575","Nursing",6596
"2025/2026","North Bay","575","Other health, parks, recreation and fitness",6404
"2025/2026","North Bay","575","Personal, protective and transportation services",6404
"2025/2026","Kingston","521","Total, field of study",9434
"2025/2026","Kingston","521","Education",5998
"2025/2026","Kingston","521","Visual and performing arts, and communications technologies",6616
"2025/2026","Kingston","521","Humanities",6616
"2025/2026","Kingston","521","Social and behavioural sciences, and legal studies",6587
"2025/2026","Kingston","521","Law",21782
"2025/2026","Kingston","521","Business management and public administration",17302
"2025/2026","Kingston","521","Physical and life sciences and technologies",6616
"2025/2026","Kingston","521","Mathematics, computer and information sciences",7213
"2025/2026","Kingston","521","Engineering",11887
"2025/2026","Kingston","521","Agriculture, natural resources and conservation",6616
"2025/2026","Kingston","521","Medicine",23513
"2025/2026","Kingston","521","Nursing",6729
"2025/2026","Kingston","521","Other health, parks, recreation and fitness",6616
"2025/2026","Peterborough","529","Total, field of study",7034
"2025/2026","Peterborough","529","Education",6816
"2025/2026","Peterborough","529","Humanities",6816
"2025/2026","Peterborough","529","Social and behavioural sciences, and legal studies",6816
"2025/2026","Peterborough","529","Business management and public administration",7891
"2025/2026","Peterborough","529","Physical and life sciences and technologies",6816
"2025/2026","Peterborough","529","Mathematics, computer and information sciences",8021
"2025/2026","Peterborough","529","Agriculture, natural resources and conservation",6816
"2025/2026","Peterborough","529","Nursing",6816
"2025/2026","Peterborough","529","Other health, parks, recreation and fitness",6816
"2025/2026","Peterborough","529","Personal, protective and transportation services",6816
"2025/2026","Belleville-Quinte West","522","Total, field of study",6354
"2025/2026","Belleville-Quinte West","522","Nursing",6354
"2025/2026","Windsor","559","Total, field of study",8564
"2025/2026","Windsor","559","Education",7556
"2025/2026","Windsor","559","Visual and performing arts, and communications technologies",6425
"2025/2026","Windsor","559","Humanities",6425
"2025/2026","Windsor","559","Social and behavioural sciences, and legal studies",6485
"2025/2026","Windsor","559","Law",21782
"2025/2026","Windsor","559","Business management and public administration",8037
"2025/2026","Windsor","559","Physical and life sciences and technologies",6616
"2025/2026","Windsor","559","Mathematics, computer and information sciences",8471
"2025/2026","Windsor","559","Engineering",10444
"2025/2026","Windsor","559","Agriculture, natural resources and conservation",6616
"2025/2026","Windsor","559","Nursing",6425
"2025/2026","Windsor","559","Other health, parks, recreation and fitness",6616
"2025/2026","Windsor","559","Personal, protective and transportation services",NA
"2025/2026","Toronto","535","Total, field of study",8745
"2025/2026","Toronto","535","Education",6468
"2025/2026","Toronto","535","Visual and performing arts, and communications technologies",7129
"2025/2026","Toronto","535","Humanities",6612
"2025/2026","Toronto","535","Social and behavioural sciences, and legal studies",6610
"2025/2026","Toronto","535","Law",28597
"2025/2026","Toronto","535","Business management and public administration",9756
"2025/2026","Toronto","535","Physical and life sciences and technologies",6646
"2025/2026","Toronto","535","Mathematics, computer and information sciences",8982
"2025/2026","Toronto","535","Engineering",13300
"2025/2026","Toronto","535","Architecture",7992
"2025/2026","Toronto","535","Agriculture, natural resources and conservation",6590
"2025/2026","Toronto","535","Dentistry",40635
"2025/2026","Toronto","535","Medicine",25420
"2025/2026","Toronto","535","Nursing",6850
"2025/2026","Toronto","535","Pharmacy",19580
"2025/2026","Toronto","535","Other health, parks, recreation and fitness",7348
"2025/2026","Toronto","535","Personal, protective and transportation services",8054
"2025/2026","Oshawa","532","Total, field of study",7847
"2025/2026","Oshawa","532","Education",6421
"2025/2026","Oshawa","532","Social and behavioural sciences, and legal studies",6393
"2025/2026","Oshawa","532","Business management and public administration",8995
"2025/2026","Oshawa","532","Physical and life sciences and technologies",6421
"2025/2026","Oshawa","532","Mathematics, computer and information sciences",8157
"2025/2026","Oshawa","532","Engineering",10151
"2025/2026","Oshawa","532","Nursing",6573
"2025/2026","Oshawa","532","Other health, parks, recreation and fitness",6485
"2025/2026","Oshawa","532","Personal, protective and transportation services",6421
"2025/2026","Sault Ste. Marie","590","Total, field of study",5943
"2025/2026","Sault Ste. Marie","590","Visual and performing arts, and communications technologies",5865
"2025/2026","Sault Ste. Marie","590","Humanities",5865
"2025/2026","Sault Ste. Marie","590","Social and behavioural sciences, and legal studies",5865
"2025/2026","Sault Ste. Marie","590","Business management and public administration",5865
"2025/2026","Sault Ste. Marie","590","Physical and life sciences and technologies",5865
"2025/2026","Sault Ste. Marie","590","Mathematics, computer and information sciences",5865
"2025/2026","Sault Ste. Marie","590","Engineering",NA
"2025/2026","Sault Ste. Marie","590","Agriculture, natural resources and conservation",5865
"2025/2026","Sault Ste. Marie","590","Nursing",6354
"2025/2026","Sault Ste. Marie","590","Personal, protective and transportation services",NA
"2025/2026","Kitchener-Cambridge-Waterloo","541","Total, field of study",9693
"2025/2026","Kitchener-Cambridge-Waterloo","541","Education",8251
"2025/2026","Kitchener-Cambridge-Waterloo","541","Visual and performing arts, and communications technologies",6864
"2025/2026","Kitchener-Cambridge-Waterloo","541","Humanities",6543
"2025/2026","Kitchener-Cambridge-Waterloo","541","Social and behavioural sciences, and legal studies",6681
"2025/2026","Kitchener-Cambridge-Waterloo","541","Business management and public administration",9993
"2025/2026","Kitchener-Cambridge-Waterloo","541","Physical and life sciences and technologies",7173
"2025/2026","Kitchener-Cambridge-Waterloo","541","Mathematics, computer and information sciences",10240
"2025/2026","Kitchener-Cambridge-Waterloo","541","Engineering",16415
"2025/2026","Kitchener-Cambridge-Waterloo","541","Architecture",8960
"2025/2026","Kitchener-Cambridge-Waterloo","541","Agriculture, natural resources and conservation",7234
"2025/2026","Kitchener-Cambridge-Waterloo","541","Pharmacy",19202
"2025/2026","Kitchener-Cambridge-Waterloo","541","Optometry",15952
"2025/2026","Kitchener-Cambridge-Waterloo","541","Other health, parks, recreation and fitness",6941
"2025/2026","Kitchener-Cambridge-Waterloo","541","Personal, protective and transportation services",NA
"2025/2026","London","555","Total, field of study",12070
"2025/2026","London","555","Education",8053
"2025/2026","London","555","Visual and performing arts, and communications technologies",6626
"2025/2026","London","555","Humanities",6701
"2025/2026","London","555","Social and behavioural sciences, and legal studies",6686
"2025/2026","London","555","Law",22321
"2025/2026","London","555","Business management and public administration",26371
"2025/2026","London","555","Physical and life sciences and technologies",6697
"2025/2026","London","555","Mathematics, computer and information sciences",7514
"2025/2026","London","555","Engineering",13618
"2025/2026","London","555","Architecture",6449
"2025/2026","London","555","Agriculture, natural resources and conservation",6701
"2025/2026","London","555","Dentistry",39149
"2025/2026","London","555","Medicine",26570
"2025/2026","London","555","Nursing",6701
"2025/2026","London","555","Other health, parks, recreation and fitness",6701
"2025/2026","London","555","Personal, protective and transportation services",6701
"2025/2026","Barrie","568","Total, field of study",6295
"2025/2026","Barrie","568","Visual and performing arts, and communications technologies",6980
"2025/2026","Barrie","568","Social and behavioural sciences, and legal studies",6506
"2025/2026","Barrie","568","Business management and public administration",6118
"2025/2026","Barrie","568","Nursing",6118
"2025/2026","Barrie","568","Personal, protective and transportation services",6118
"2025/2026","Hearst","3556076","Total, field of study",NA
"2025/2026","Hearst","3556076","Social and behavioural sciences, and legal studies",NA
"2025/2026","Hearst","3556076","Business management and public administration",NA
"2025/2026","Manitoba","46","Total, field of study",5993
"2025/2026","Manitoba","46","Education",5001
"2025/2026","Manitoba","46","Visual and performing arts, and communications technologies",5328
"2025/2026","Manitoba","46","Humanities",4965
"2025/2026","Manitoba","46","Social and behavioural sciences, and legal studies",4975
"2025/2026","Manitoba","46","Law",12930
"2025/2026","Manitoba","46","Business management and public administration",5699
"2025/2026","Manitoba","46","Physical and life sciences and technologies",5292
"2025/2026","Manitoba","46","Mathematics, computer and information sciences",5259
"2025/2026","Manitoba","46","Engineering",7223
"2025/2026","Manitoba","46","Architecture",5708
"2025/2026","Manitoba","46","Agriculture, natural resources and conservation",5527
"2025/2026","Manitoba","46","Dentistry",26004
"2025/2026","Manitoba","46","Medicine",11814
"2025/2026","Manitoba","46","Nursing",6510
"2025/2026","Manitoba","46","Pharmacy",19412
"2025/2026","Manitoba","46","Other health, parks, recreation and fitness",5276
"2025/2026","Manitoba","46","Personal, protective and transportation services",5090
"2025/2026","Winnipeg","602","Total, field of study",6078
"2025/2026","Winnipeg","602","Education",5012
"2025/2026","Winnipeg","602","Visual and performing arts, and communications technologies",5368
"2025/2026","Winnipeg","602","Humanities",4971
"2025/2026","Winnipeg","602","Social and behavioural sciences, and legal studies",4960
"2025/2026","Winnipeg","602","Law",12930
"2025/2026","Winnipeg","602","Business management and public administration",5748
"2025/2026","Winnipeg","602","Physical and life sciences and technologies",5292
"2025/2026","Winnipeg","602","Mathematics, computer and information sciences",5256
"2025/2026","Winnipeg","602","Engineering",7223
"2025/2026","Winnipeg","602","Architecture",5708
"2025/2026","Winnipeg","602","Agriculture, natural resources and conservation",5538
"2025/2026","Winnipeg","602","Dentistry",26004
"2025/2026","Winnipeg","602","Medicine",11814
"2025/2026","Winnipeg","602","Nursing",6779
"2025/2026","Winnipeg","602","Pharmacy",19412
"2025/2026","Winnipeg","602","Other health, parks, recreation and fitness",5307
"2025/2026","Brandon","610","Total, field of study",5122
"2025/2026","Brandon","610","Education",4975
"2025/2026","Brandon","610","Visual and performing arts, and communications technologies",5035
"2025/2026","Brandon","610","Humanities",4894
"2025/2026","Brandon","610","Social and behavioural sciences, and legal studies",5091
"2025/2026","Brandon","610","Business management and public administration",4894
"2025/2026","Brandon","610","Physical and life sciences and technologies",5288
"2025/2026","Brandon","610","Mathematics, computer and information sciences",5288
"2025/2026","Brandon","610","Agriculture, natural resources and conservation",5288
"2025/2026","Brandon","610","Nursing",5378
"2025/2026","Brandon","610","Other health, parks, recreation and fitness",4975
"2025/2026","Brandon","610","Personal, protective and transportation services",5090
"2025/2026","The Pas","4621045","Total, field of study",4357
"2025/2026","The Pas","4621045","Education",4099
"2025/2026","The Pas","4621045","Humanities",4725
"2025/2026","The Pas","4621045","Social and behavioural sciences, and legal studies",NA
"2025/2026","The Pas","4621045","Business management and public administration",4482
"2025/2026","Saskatchewan","47","Total, field of study",9863
"2025/2026","Saskatchewan","47","Education",8091
"2025/2026","Saskatchewan","47","Visual and performing arts, and communications technologies",8513
"2025/2026","Saskatchewan","47","Humanities",7957
"2025/2026","Saskatchewan","47","Social and behavioural sciences, and legal studies",7997
"2025/2026","Saskatchewan","47","Law",18309
"2025/2026","Saskatchewan","47","Business management and public administration",9392
"2025/2026","Saskatchewan","47","Physical and life sciences and technologies",8282
"2025/2026","Saskatchewan","47","Mathematics, computer and information sciences",8446
"2025/2026","Saskatchewan","47","Engineering",11893
"2025/2026","Saskatchewan","47","Architecture",7802
"2025/2026","Saskatchewan","47","Agriculture, natural resources and conservation",8415
"2025/2026","Saskatchewan","47","Dentistry",55332
"2025/2026","Saskatchewan","47","Medicine",21897
"2025/2026","Saskatchewan","47","Nursing",9353
"2025/2026","Saskatchewan","47","Pharmacy",19862
"2025/2026","Saskatchewan","47","Veterinary medicine",15456
"2025/2026","Saskatchewan","47","Other health, parks, recreation and fitness",8363
"2025/2026","Saskatchewan","47","Personal, protective and transportation services",8138
"2025/2026","Regina","705","Total, field of study",8674
"2025/2026","Regina","705","Education",8370
"2025/2026","Regina","705","Visual and performing arts, and communications technologies",8625
"2025/2026","Regina","705","Humanities",8138
"2025/2026","Regina","705","Social and behavioural sciences, and legal studies",8138
"2025/2026","Regina","705","Business management and public administration",8978
"2025/2026","Regina","705","Physical and life sciences and technologies",8625
"2025/2026","Regina","705","Mathematics, computer and information sciences",8625
"2025/2026","Regina","705","Engineering",9030
"2025/2026","Regina","705","Agriculture, natural resources and conservation",8138
"2025/2026","Regina","705","Nursing",9053
"2025/2026","Regina","705","Other health, parks, recreation and fitness",8625
"2025/2026","Regina","705","Personal, protective and transportation services",8138
"2025/2026","Saskatoon","725","Total, field of study",10602
"2025/2026","Saskatoon","725","Education",7862
"2025/2026","Saskatoon","725","Visual and performing arts, and communications technologies",8335
"2025/2026","Saskatoon","725","Humanities",7802
"2025/2026","Saskatoon","725","Social and behavioural sciences, and legal studies",7802
"2025/2026","Saskatoon","725","Law",18309
"2025/2026","Saskatoon","725","Business management and public administration",9863
"2025/2026","Saskatoon","725","Physical and life sciences and technologies",8205
"2025/2026","Saskatoon","725","Mathematics, computer and information sciences",8306
"2025/2026","Saskatoon","725","Engineering",12567
"2025/2026","Saskatoon","725","Architecture",7802
"2025/2026","Saskatoon","725","Agriculture, natural resources and conservation",8419
"2025/2026","Saskatoon","725","Dentistry",55332
"2025/2026","Saskatoon","725","Medicine",21897
"2025/2026","Saskatoon","725","Nursing",9780
"2025/2026","Saskatoon","725","Pharmacy",19862
"2025/2026","Saskatoon","725","Veterinary medicine",15456
"2025/2026","Saskatoon","725","Other health, parks, recreation and fitness",8220
"2025/2026","Alberta","48","Total, field of study",8067
"2025/2026","Alberta","48","Education",7093
"2025/2026","Alberta","48","Visual and performing arts, and communications technologies",6940
"2025/2026","Alberta","48","Humanities",7070
"2025/2026","Alberta","48","Social and behavioural sciences, and legal studies",7245
"2025/2026","Alberta","48","Law",16474
"2025/2026","Alberta","48","Business management and public administration",8046
"2025/2026","Alberta","48","Physical and life sciences and technologies",7154
"2025/2026","Alberta","48","Mathematics, computer and information sciences",7186
"2025/2026","Alberta","48","Engineering",9812
"2025/2026","Alberta","48","Architecture",7332
"2025/2026","Alberta","48","Agriculture, natural resources and conservation",7019
"2025/2026","Alberta","48","Dentistry",35205
"2025/2026","Alberta","48","Medicine",19371
"2025/2026","Alberta","48","Nursing",7993
"2025/2026","Alberta","48","Pharmacy",17820
"2025/2026","Alberta","48","Veterinary medicine",14608
"2025/2026","Alberta","48","Other health, parks, recreation and fitness",6995
"2025/2026","Alberta","48","Personal, protective and transportation services",7278
"2025/2026","Edmonton","835","Total, field of study",8367
"2025/2026","Edmonton","835","Education",7151
"2025/2026","Edmonton","835","Visual and performing arts, and communications technologies",7404
"2025/2026","Edmonton","835","Humanities",7075
"2025/2026","Edmonton","835","Social and behavioural sciences, and legal studies",7249
"2025/2026","Edmonton","835","Law",16418
"2025/2026","Edmonton","835","Business management and public administration",8038
"2025/2026","Edmonton","835","Physical and life sciences and technologies",7170
"2025/2026","Edmonton","835","Mathematics, computer and information sciences",7219
"2025/2026","Edmonton","835","Engineering",9349
"2025/2026","Edmonton","835","Architecture",7151
"2025/2026","Edmonton","835","Agriculture, natural resources and conservation",7151
"2025/2026","Edmonton","835","Dentistry",35205
"2025/2026","Edmonton","835","Medicine",16141
"2025/2026","Edmonton","835","Nursing",8700
"2025/2026","Edmonton","835","Pharmacy",17820
"2025/2026","Edmonton","835","Other health, parks, recreation and fitness",7151
"2025/2026","Calgary","825","Total, field of study",8146
"2025/2026","Calgary","825","Education",7289
"2025/2026","Calgary","825","Visual and performing arts, and communications technologies",6652
"2025/2026","Calgary","825","Humanities",7143
"2025/2026","Calgary","825","Social and behavioural sciences, and legal studies",7355
"2025/2026","Calgary","825","Law",16559
"2025/2026","Calgary","825","Business management and public administration",8335
"2025/2026","Calgary","825","Physical and life sciences and technologies",7219
"2025/2026","Calgary","825","Mathematics, computer and information sciences",7283
"2025/2026","Calgary","825","Engineering",10371
"2025/2026","Calgary","825","Architecture",7491
"2025/2026","Calgary","825","Agriculture, natural resources and conservation",7179
"2025/2026","Calgary","825","Medicine",23842
"2025/2026","Calgary","825","Nursing",7395
"2025/2026","Calgary","825","Veterinary medicine",14608
"2025/2026","Calgary","825","Other health, parks, recreation and fitness",7096
"2025/2026","Lethbridge","810","Total, field of study",6684
"2025/2026","Lethbridge","810","Education",6688
"2025/2026","Lethbridge","810","Visual and performing arts, and communications technologies",6688
"2025/2026","Lethbridge","810","Humanities",6688
"2025/2026","Lethbridge","810","Social and behavioural sciences, and legal studies",6688
"2025/2026","Lethbridge","810","Business management and public administration",6688
"2025/2026","Lethbridge","810","Physical and life sciences and technologies",6688
"2025/2026","Lethbridge","810","Mathematics, computer and information sciences",6688
"2025/2026","Lethbridge","810","Agriculture, natural resources and conservation",6586
"2025/2026","Lethbridge","810","Nursing",6688
"2025/2026","Lethbridge","810","Other health, parks, recreation and fitness",6688
"2025/2026","Medicine Hat","805","Total, field of study",5696
"2025/2026","Medicine Hat","805","Visual and performing arts, and communications technologies",5742
"2025/2026","Medicine Hat","805","Other health, parks, recreation and fitness",5664
"2025/2026","Red Deer","830","Total, field of study",6781
"2025/2026","Red Deer","830","Education",6400
"2025/2026","Red Deer","830","Visual and performing arts, and communications technologies",7227
"2025/2026","Red Deer","830","Social and behavioural sciences, and legal studies",6800
"2025/2026","Red Deer","830","Business management and public administration",6100
"2025/2026","Red Deer","830","Physical and life sciences and technologies",7300
"2025/2026","Grande Prairie","850","Total, field of study",4771
"2025/2026","Grande Prairie","850","Education",4771
"2025/2026","Grande Prairie","850","Business management and public administration",4771
"2025/2026","Grande Prairie","850","Mathematics, computer and information sciences",4771
"2025/2026","Athabasca","4813048","Total, field of study",7405
"2025/2026","Athabasca","4813048","Humanities",7145
"2025/2026","Athabasca","4813048","Social and behavioural sciences, and legal studies",7145
"2025/2026","Athabasca","4813048","Business management and public administration",7625
"2025/2026","Athabasca","4813048","Physical and life sciences and technologies",7145
"2025/2026","Athabasca","4813048","Mathematics, computer and information sciences",7145
"2025/2026","Athabasca","4813048","Architecture",7145
"2025/2026","Athabasca","4813048","Nursing",7625
"2025/2026","Athabasca","4813048","Other health, parks, recreation and fitness",7625
"2025/2026","Athabasca","4813048","Personal, protective and transportation services",7145
"2025/2026","Olds","4806034","Total, field of study",6201
"2025/2026","Olds","4806034","Agriculture, natural resources and conservation",6201
"2025/2026","Vermilion","4810042","Total, field of study",6924
"2025/2026","Vermilion","4810042","Agriculture, natural resources and conservation",6705
"2025/2026","Vermilion","4810042","Personal, protective and transportation services",7637
"2025/2026","British Columbia","59","Total, field of study",6862
"2025/2026","British Columbia","59","Education",6121
"2025/2026","British Columbia","59","Visual and performing arts, and communications technologies",6924
"2025/2026","British Columbia","59","Humanities",6109
"2025/2026","British Columbia","59","Social and behavioural sciences, and legal studies",6025
"2025/2026","British Columbia","59","Law",14602
"2025/2026","British Columbia","59","Business management and public administration",6634
"2025/2026","British Columbia","59","Physical and life sciences and technologies",6000
"2025/2026","British Columbia","59","Mathematics, computer and information sciences",6027
"2025/2026","British Columbia","59","Engineering",6705
"2025/2026","British Columbia","59","Architecture",7807
"2025/2026","British Columbia","59","Agriculture, natural resources and conservation",6104
"2025/2026","British Columbia","59","Dentistry",33048
"2025/2026","British Columbia","59","Medicine",20803
"2025/2026","British Columbia","59","Nursing",5523
"2025/2026","British Columbia","59","Pharmacy",20328
"2025/2026","British Columbia","59","Other health, parks, recreation and fitness",5896
"2025/2026","British Columbia","59","Personal, protective and transportation services",6499
"2025/2026","Vancouver","933","Total, field of study",7117
"2025/2026","Vancouver","933","Education",6452
"2025/2026","Vancouver","933","Visual and performing arts, and communications technologies",7169
"2025/2026","Vancouver","933","Humanities",6046
"2025/2026","Vancouver","933","Social and behavioural sciences, and legal studies",5987
"2025/2026","Vancouver","933","Law",14233
"2025/2026","Vancouver","933","Business management and public administration",6776
"2025/2026","Vancouver","933","Physical and life sciences and technologies",6116
"2025/2026","Vancouver","933","Mathematics, computer and information sciences",6170
"2025/2026","Vancouver","933","Engineering",6407
"2025/2026","Vancouver","933","Architecture",7807
"2025/2026","Vancouver","933","Agriculture, natural resources and conservation",6198
"2025/2026","Vancouver","933","Dentistry",33048
"2025/2026","Vancouver","933","Medicine",20803
"2025/2026","Vancouver","933","Nursing",5525
"2025/2026","Vancouver","933","Pharmacy",20328
"2025/2026","Vancouver","933","Other health, parks, recreation and fitness",6096
"2025/2026","Vancouver","933","Personal, protective and transportation services",6769
"2025/2026","Victoria","935","Total, field of study",6964
"2025/2026","Victoria","935","Education",6415
"2025/2026","Victoria","935","Visual and performing arts, and communications technologies",6415
"2025/2026","Victoria","935","Humanities",6415
"2025/2026","Victoria","935","Social and behavioural sciences, and legal studies",6467
"2025/2026","Victoria","935","Law",11226
"2025/2026","Victoria","935","Business management and public administration",7586
"2025/2026","Victoria","935","Physical and life sciences and technologies",6415
"2025/2026","Victoria","935","Mathematics, computer and information sciences",6415
"2025/2026","Victoria","935","Engineering",7552
"2025/2026","Victoria","935","Agriculture, natural resources and conservation",6861
"2025/2026","Victoria","935","Nursing",6415
"2025/2026","Victoria","935","Other health, parks, recreation and fitness",5565
"2025/2026","Prince George","970","Total, field of study",6109
"2025/2026","Prince George","970","Education",6109
"2025/2026","Prince George","970","Humanities",6109
"2025/2026","Prince George","970","Social and behavioural sciences, and legal studies",6109
"2025/2026","Prince George","970","Business management and public administration",6109
"2025/2026","Prince George","970","Physical and life sciences and technologies",6109
"2025/2026","Prince George","970","Mathematics, computer and information sciences",6109
"2025/2026","Prince George","970","Engineering",6109
"2025/2026","Prince George","970","Agriculture, natural resources and conservation",6109
"2025/2026","Prince George","970","Nursing",6109
"2025/2026","Prince George","970","Other health, parks, recreation and fitness",6109
"2025/2026","Courtenay","943","Total, field of study",3401
"2025/2026","Courtenay","943","Business management and public administration",3401
"2025/2026","Cranbrook","905","Total, field of study",5956
"2025/2026","Cranbrook","905","Business management and public administration",5956
"2025/2026","Kamloops","925","Total, field of study",5992
"2025/2026","Kamloops","925","Education",6637
"2025/2026","Kamloops","925","Visual and performing arts, and communications technologies",4856
"2025/2026","Kamloops","925","Humanities",4856
"2025/2026","Kamloops","925","Social and behavioural sciences, and legal studies",4856
"2025/2026","Kamloops","925","Law",22166
"2025/2026","Kamloops","925","Business management and public administration",4856
"2025/2026","Kamloops","925","Physical and life sciences and technologies",4856
"2025/2026","Kamloops","925","Mathematics, computer and information sciences",4856
"2025/2026","Kamloops","925","Engineering",7170
"2025/2026","Kamloops","925","Agriculture, natural resources and conservation",4856
"2025/2026","Kamloops","925","Nursing",5504
"2025/2026","Kamloops","925","Other health, parks, recreation and fitness",4856
"2025/2026","Kelowna","915","Total, field of study",4629
"2025/2026","Kelowna","915","Business management and public administration",4623
"2025/2026","Kelowna","915","Mathematics, computer and information sciences",4687
"2025/2026","Nanaimo","938","Total, field of study",5885
"2025/2026","Nanaimo","938","Education",5092
"2025/2026","Nanaimo","938","Visual and performing arts, and communications technologies",5092
"2025/2026","Nanaimo","938","Social and behavioural sciences, and legal studies",5092
"2025/2026","Nanaimo","938","Business management and public administration",9474
"2025/2026","Nanaimo","938","Physical and life sciences and technologies",5092
"2025/2026","Nanaimo","938","Mathematics, computer and information sciences",5092
"2025/2026","Nanaimo","938","Agriculture, natural resources and conservation",5092
"2025/2026","Nanaimo","938","Nursing",5092
"2025/2026","Nanaimo","938","Other health, parks, recreation and fitness",5092
"2025/2026","Abbotsford-Mission","932","Total, field of study",5134
"2025/2026","Abbotsford-Mission","932","Education",5577
"2025/2026","Abbotsford-Mission","932","Visual and performing arts, and communications technologies",6870
"2025/2026","Abbotsford-Mission","932","Social and behavioural sciences, and legal studies",4998
"2025/2026","Abbotsford-Mission","932","Business management and public administration",4998
"2025/2026","Abbotsford-Mission","932","Physical and life sciences and technologies",4998
"2025/2026","Abbotsford-Mission","932","Mathematics, computer and information sciences",4998
"2025/2026","Abbotsford-Mission","932","Agriculture, natural resources and conservation",6807
"2025/2026","Abbotsford-Mission","932","Nursing",4998
"2025/2026","Abbotsford-Mission","932","Other health, parks, recreation and fitness",4998
"2025/2026","Abbotsford-Mission","932","Personal, protective and transportation services",4998
"2025/2026","Central Kootenay J","5903058","Total, field of study",4840
"2025/2026","Central Kootenay J","5903058","Social and behavioural sciences, and legal studies",4840
"2025/2026","Yukon","60","Total, field of study",4470
"2025/2026","Yukon","60","Education",NA
"2025/2026","Yukon","60","Business management and public administration",4470
"2025/2026","Yukon","60","Physical and life sciences and technologies",NA
"2025/2026","Whitehorse","990","Total, field of study",4470
"2025/2026","Whitehorse","990","Education",NA
"2025/2026","Whitehorse","990","Business management and public administration",4470
"2025/2026","Whitehorse","990","Physical and life sciences and technologies",NA
